#            1 - s            2 - Rx            3 - Ry            4 - Rz            5 - Px            6 - Py            7 - Pz           8 - Efx           9 - Efy          10 - Efz          11 - Bfx          12 - Bfy          13 - Bfz         14 - Ekin            15 - t
     5.2915313e-05    -5.6167023e-12    -3.8150814e-12     5.2915313e-05    -8.3271288e-10    -5.6561079e-10       0.010778547                 0                 0          -1000000                 0                 0                 0     2.9682322e-05            0.0225	E1, 
      0.0001409418    -9.3606004e-12    -6.3580817e-12      0.0001409418    -8.3271288e-10    -5.6561079e-10       0.019578735                 0                 0          -1000000                 0                 0                 0     9.7930433e-05            0.0375	E1, 
     0.00026850725    -1.3103709e-11    -8.9005459e-12     0.00026850725    -8.3271288e-10    -5.6561079e-10       0.028378924                 0                 0          -1000000                 0                 0                 0     0.00020572849            0.0525	E1, 
     0.00043558208    -1.6845739e-11    -1.1442277e-11     0.00043558208    -8.3271288e-10    -5.6561079e-10       0.037179112                 0                 0          -1000000                 0                 0                 0     0.00035305147            0.0675	E1, 
     0.00064212757    -2.0586403e-11    -1.3983081e-11     0.00064212757    -8.3271288e-10    -5.6561079e-10         0.0459793                 0                 0          -1000000                 0                 0                 0     0.00053986524            0.0825	E1, 
     0.00088809596    -2.4325413e-11    -1.6522761e-11     0.00088809596    -8.3271288e-10    -5.6561079e-10       0.054779488                 0                 0          -1000000                 0                 0                 0     0.00076612654            0.0975	E1, 
      0.0011734304    -2.8062483e-11    -1.9061123e-11      0.0011734304    -8.3271288e-10    -5.6561079e-10       0.063579676                 0                 0          -1000000                 0                 0                 0      0.0010317831            0.1125	E1, 
      0.0014980653    -3.1797328e-11    -2.1597975e-11      0.0014980653    -8.3271288e-10    -5.6561079e-10       0.072379864                 0                 0          -1000000                 0                 0                 0      0.0013367736            0.1275	E1, 
      0.0018619258    -3.5529665e-11    -2.4133123e-11      0.0018619258    -8.3271288e-10    -5.6561079e-10       0.081180052                 0                 0          -1000000                 0                 0                 0      0.0016810278            0.1425	E1, 
      0.0022649286    -3.9259213e-11    -2.6666376e-11      0.0022649286    -8.3271288e-10    -5.6561079e-10        0.08998024                 0                 0          -1000000                 0                 0                 0      0.0020644668            0.1575	E1, 
      0.0027069815    -4.2985692e-11    -2.9197544e-11      0.0027069815    -8.3271288e-10    -5.6561079e-10       0.098780428                 0                 0          -1000000                 0                 0                 0      0.0024870027            0.1725	E1, 
      0.0031879839    -4.6708825e-11     -3.172644e-11      0.0031879839    -8.3271288e-10    -5.6561079e-10        0.10758062                 0                 0          -1000000                 0                 0                 0      0.0029485392            0.1875	E1, 
      0.0037078266    -5.0428336e-11    -3.4252876e-11      0.0037078266    -8.3271288e-10    -5.6561079e-10         0.1163808                 0                 0          -1000000                 0                 0                 0      0.0034489711            0.2025	E1, 
      0.0042663919    -5.4143952e-11    -3.6776666e-11      0.0042663919    -8.3271288e-10    -5.6561079e-10        0.12518099                 0                 0          -1000000                 0                 0                 0      0.0039881853            0.2175	E1, 
      0.0048635542    -5.7855404e-11    -3.9297628e-11      0.0048635542    -8.3271288e-10    -5.6561079e-10        0.13398118                 0                 0          -1000000                 0                 0                 0      0.0045660599            0.2325	E1, 
      0.0054991794    -6.1562424e-11    -4.1815579e-11      0.0054991794    -8.3271288e-10    -5.6561079e-10        0.14278137                 0                 0          -1000000                 0                 0                 0      0.0051824651            0.2475	E1, 
      0.0061731259    -6.5264747e-11     -4.433034e-11      0.0061731259    -8.3271288e-10    -5.6561079e-10        0.15158156                 0                 0          -1000000                 0                 0                 0      0.0058372631            0.2625	E1, 
      0.0068852439    -6.8962112e-11    -4.6841733e-11      0.0068852439    -8.3271288e-10    -5.6561079e-10        0.16038174                 0                 0          -1000000                 0                 0                 0      0.0065303082            0.2775	E1, 
      0.0076353763    -7.2654261e-11    -4.9349583e-11      0.0076353763    -8.3271288e-10    -5.6561079e-10        0.16918193                 0                 0          -1000000                 0                 0                 0      0.0072614468            0.2925	E1, 
      0.0084233584    -7.6340939e-11    -5.1853718e-11      0.0084233584    -8.3271288e-10    -5.6561079e-10        0.17798212                 0                 0          -1000000                 0                 0                 0      0.0080305181            0.3075	E1, 
      0.0092490181    -8.0021896e-11    -5.4353966e-11      0.0092490181    -8.3271288e-10    -5.6561079e-10        0.18678231                 0                 0          -1000000                 0                 0                 0      0.0088373536            0.3225	E1, 
       0.010112176    -8.3696882e-11    -5.6850159e-11       0.010112176    -8.3271288e-10    -5.6561079e-10         0.1955825                 0                 0          -1000000                 0                 0                 0      0.0096817778            0.3375	E1, 
       0.011012647    -8.7365655e-11    -5.9342131e-11       0.011012647    -8.3271288e-10    -5.6561079e-10        0.20438269                 0                 0          -1000000                 0                 0                 0       0.010563608            0.3525	E1, 
       0.011950238    -9.1027975e-11     -6.182972e-11       0.011950238    -8.3271288e-10    -5.6561079e-10        0.21318287                 0                 0          -1000000                 0                 0                 0       0.011482655            0.3675	E1, 
       0.012924749    -9.4683605e-11    -6.4312766e-11       0.012924749    -8.3271288e-10    -5.6561079e-10        0.22198306                 0                 0          -1000000                 0                 0                 0       0.012438723            0.3825	E1, 
       0.013935975    -9.8332314e-11     -6.679111e-11       0.013935975    -8.3271288e-10    -5.6561079e-10        0.23078325                 0                 0          -1000000                 0                 0                 0       0.013431609            0.3975	E1, 
       0.014983704    -1.0197388e-10    -6.9264599e-11       0.014983704    -8.3271288e-10    -5.6561079e-10        0.23958344                 0                 0          -1000000                 0                 0                 0       0.014461105            0.4125	E1, 
       0.016067719    -1.0560806e-10     -7.173308e-11       0.016067719    -8.3271288e-10    -5.6561079e-10        0.24838363                 0                 0          -1000000                 0                 0                 0       0.015526995            0.4275	E1, 
       0.017187796    -1.0923466e-10    -7.4196406e-11       0.017187796    -8.3271288e-10    -5.6561079e-10        0.25718381                 0                 0          -1000000                 0                 0                 0        0.01662906            0.4425	E1, 
       0.018343706    -1.1285345e-10     -7.665443e-11       0.018343706    -8.3271288e-10    -5.6561079e-10          0.265984                 0                 0          -1000000                 0                 0                 0       0.017767072            0.4575	E1, 
       0.019535214    -1.1646423e-10     -7.910701e-11       0.019535214    -8.3271288e-10    -5.6561079e-10        0.27478419                 0                 0          -1000000                 0                 0                 0       0.018940801            0.4725	E1, 
       0.020762083    -1.2006679e-10    -8.1554006e-11       0.020762083    -8.3271288e-10    -5.6561079e-10        0.28358438                 0                 0          -1000000                 0                 0                 0        0.02015001            0.4875	E1, 
       0.022024066    -1.2366093e-10    -8.3995283e-11       0.022024066    -8.3271288e-10    -5.6561079e-10        0.29238457                 0                 0          -1000000                 0                 0                 0       0.021394456            0.5025	E1, 
       0.023320917    -1.2724645e-10    -8.6430706e-11       0.023320917    -8.3271288e-10    -5.6561079e-10        0.30118475                 0                 0          -1000000                 0                 0                 0       0.022673894            0.5175	E1, 
        0.02465238    -1.3082316e-10    -8.8860148e-11        0.02465238    -8.3271288e-10    -5.6561079e-10        0.30998494                 0                 0          -1000000                 0                 0                 0       0.023988072            0.5325	E1, 
         0.0260182    -1.3439088e-10     -9.128348e-11         0.0260182    -8.3271288e-10    -5.6561079e-10        0.31878513                 0                 0          -1000000                 0                 0                 0       0.025336736            0.5475	E1, 
       0.027418114    -1.3794942e-10     -9.370058e-11       0.027418114    -8.3271288e-10    -5.6561079e-10        0.32758532                 0                 0          -1000000                 0                 0                 0       0.026719624            0.5625	E1, 
       0.028851857    -1.4149861e-10    -9.6111328e-11       0.028851857    -8.3271288e-10    -5.6561079e-10        0.33638551                 0                 0          -1000000                 0                 0                 0       0.028136475            0.5775	E1, 
       0.030319161    -1.4503828e-10    -9.8515607e-11       0.030319161    -8.3271288e-10    -5.6561079e-10        0.34518569                 0                 0          -1000000                 0                 0                 0       0.029587021            0.5925	E1, 
       0.031819753    -1.4856826e-10     -1.009133e-10       0.031819753    -8.3271288e-10    -5.6561079e-10        0.35398588                 0                 0          -1000000                 0                 0                 0       0.031070992            0.6075	E1, 
       0.033353357    -1.5208838e-10    -1.0330431e-10       0.033353357    -8.3271288e-10    -5.6561079e-10        0.36278607                 0                 0          -1000000                 0                 0                 0       0.032588113            0.6225	E1, 
       0.034919697     -1.555985e-10    -1.0568852e-10       0.034919697    -8.3271288e-10    -5.6561079e-10        0.37158626                 0                 0          -1000000                 0                 0                 0       0.034138109            0.6375	E1, 
        0.03651849    -1.5909845e-10    -1.0806582e-10        0.03651849    -8.3271288e-10    -5.6561079e-10        0.38038645                 0                 0          -1000000                 0                 0                 0       0.035720699            0.6525	E1, 
       0.038149454     -1.625881e-10    -1.1043613e-10       0.038149454    -8.3271288e-10    -5.6561079e-10        0.38918663                 0                 0          -1000000                 0                 0                 0       0.037335601            0.6675	E1, 
       0.039812302     -1.660673e-10    -1.1279933e-10       0.039812302    -8.3271288e-10    -5.6561079e-10        0.39798682                 0                 0          -1000000                 0                 0                 0       0.038982531            0.6825	E1, 
       0.041506747    -1.6953591e-10    -1.1515535e-10       0.041506747    -8.3271288e-10    -5.6561079e-10        0.40678701                 0                 0          -1000000                 0                 0                 0       0.040661201            0.6975	E1, 
       0.043232498     -1.729938e-10    -1.1750408e-10       0.043232498    -8.3271288e-10    -5.6561079e-10         0.4155872                 0                 0          -1000000                 0                 0                 0       0.042371324            0.7125	E1, 
       0.044989266    -1.7644085e-10    -1.1984545e-10       0.044989266    -8.3271288e-10    -5.6561079e-10        0.42438739                 0                 0          -1000000                 0                 0                 0       0.044112607            0.7275	E1, 
       0.046776755    -1.7987692e-10    -1.2217936e-10       0.046776755    -8.3271288e-10    -5.6561079e-10        0.43318758                 0                 0          -1000000                 0                 0                 0        0.04588476            0.7425	E1, 
       0.048594672    -1.8330191e-10    -1.2450575e-10       0.048594672    -8.3271288e-10    -5.6561079e-10        0.44198776                 0                 0          -1000000                 0                 0                 0       0.047687488            0.7575	E1, 
       0.050442721     -1.867157e-10    -1.2682452e-10       0.050442721    -8.3271288e-10    -5.6561079e-10        0.45078795                 0                 0          -1000000                 0                 0                 0       0.049520496            0.7725	E1, 
       0.052320607    -1.9011818e-10    -1.2913562e-10       0.052320607    -8.3271288e-10    -5.6561079e-10        0.45958814                 0                 0          -1000000                 0                 0                 0       0.051383488            0.7875	E1, 
        0.05422803    -1.9350925e-10    -1.3143896e-10        0.05422803    -8.3271288e-10    -5.6561079e-10        0.46838833                 0                 0          -1000000                 0                 0                 0       0.053276167            0.8025	E1, 
       0.056164694     -1.968888e-10    -1.3373449e-10       0.056164694    -8.3271288e-10    -5.6561079e-10        0.47718852                 0                 0          -1000000                 0                 0                 0       0.055198236            0.8175	E1, 
         0.0581303    -2.0025675e-10    -1.3602213e-10         0.0581303    -8.3271288e-10    -5.6561079e-10         0.4859887                 0                 0          -1000000                 0                 0                 0       0.057149395            0.8325	E1, 
       0.060124548      -2.03613e-10    -1.3830183e-10       0.060124548    -8.3271288e-10    -5.6561079e-10        0.49478889                 0                 0          -1000000                 0                 0                 0       0.059129347            0.8475	E1, 
       0.062147141    -2.0695748e-10    -1.4057352e-10       0.062147141    -8.3271288e-10    -5.6561079e-10        0.50358908                 0                 0          -1000000                 0                 0                 0       0.061137793            0.8625	E1, 
       0.064197779    -2.1029008e-10    -1.4283716e-10       0.064197779    -8.3271288e-10    -5.6561079e-10        0.51238927                 0                 0          -1000000                 0                 0                 0       0.063174433            0.8775	E1, 
       0.066276163    -2.1361075e-10    -1.4509268e-10       0.066276163    -8.3271288e-10    -5.6561079e-10        0.52118946                 0                 0          -1000000                 0                 0                 0       0.065238969            0.8925	E1, 
       0.068381994    -2.1691941e-10    -1.4734005e-10       0.068381994    -8.3271288e-10    -5.6561079e-10        0.52998964                 0                 0          -1000000                 0                 0                 0       0.067331101            0.9075	E1, 
       0.070514975    -2.2021598e-10    -1.4957921e-10       0.070514975    -8.3271288e-10    -5.6561079e-10        0.53878983                 0                 0          -1000000                 0                 0                 0       0.069450532            0.9225	E1, 
       0.072674807    -2.2350041e-10    -1.5181012e-10       0.072674807    -8.3271288e-10    -5.6561079e-10        0.54759002                 0                 0          -1000000                 0                 0                 0       0.071596963            0.9375	E1, 
       0.074861194    -2.2677263e-10    -1.5403274e-10       0.074861194    -8.3271288e-10    -5.6561079e-10        0.55639021                 0                 0          -1000000                 0                 0                 0       0.073770098            0.9525	E1, 
        0.07707384    -2.3003259e-10    -1.5624703e-10        0.07707384    -8.3271288e-10    -5.6561079e-10         0.5651904                 0                 0          -1000000                 0                 0                 0       0.075969639            0.9675	E1, 
       0.079312449    -2.3328024e-10    -1.5845296e-10       0.079312449    -8.3271288e-10    -5.6561079e-10        0.57399058                 0                 0          -1000000                 0                 0                 0       0.078195291            0.9825	E1, 
       0.081576727    -2.3651552e-10    -1.6065049e-10       0.081576727    -8.3271288e-10    -5.6561079e-10        0.58279077                 0                 0          -1000000                 0                 0                 0       0.080446759            0.9975	E1, 
       0.083866381     -2.397384e-10    -1.6283959e-10       0.083866381    -8.3271288e-10    -5.6561079e-10        0.59159096                 0                 0          -1000000                 0                 0                 0       0.082723749            1.0125	E1, 
       0.086181119    -2.4294883e-10    -1.6502024e-10       0.086181119    -8.3271288e-10    -5.6561079e-10        0.60039115                 0                 0          -1000000                 0                 0                 0        0.08502597            1.0275	E1, 
        0.08852065    -2.4614677e-10     -1.671924e-10        0.08852065    -8.3271288e-10    -5.6561079e-10        0.60919134                 0                 0          -1000000                 0                 0                 0       0.087353128            1.0425	E1, 
       0.090884686    -2.4933219e-10    -1.6935606e-10       0.090884686    -8.3271288e-10    -5.6561079e-10        0.61799153                 0                 0          -1000000                 0                 0                 0       0.089704936            1.0575	E1, 
       0.093272939    -2.5250506e-10     -1.715112e-10       0.093272939    -8.3271288e-10    -5.6561079e-10        0.62679171                 0                 0          -1000000                 0                 0                 0       0.092081104            1.0725	E1, 
       0.095685122    -2.5566535e-10    -1.7365779e-10       0.095685122    -8.3271288e-10    -5.6561079e-10         0.6355919                 0                 0          -1000000                 0                 0                 0       0.094481346            1.0875	E1, 
       0.098120952    -2.5881304e-10    -1.7579582e-10       0.098120952    -8.3271288e-10    -5.6561079e-10        0.64439209                 0                 0          -1000000                 0                 0                 0       0.096905376            1.1025	E1, 
        0.10058015    -2.6194811e-10    -1.7792528e-10        0.10058015    -8.3271288e-10    -5.6561079e-10        0.65319228                 0                 0          -1000000                 0                 0                 0       0.099352911            1.1175	E1, 
        0.10306242    -2.6507054e-10    -1.8004616e-10        0.10306242    -8.3271288e-10    -5.6561079e-10        0.66199247                 0                 0          -1000000                 0                 0                 0        0.10182367            1.1325	E1, 
         0.1055675    -2.6818031e-10    -1.8215844e-10         0.1055675    -8.3271288e-10    -5.6561079e-10        0.67079265                 0                 0          -1000000                 0                 0                 0        0.10431737            1.1475	E1, 
        0.10809511    -2.7127742e-10    -1.8426211e-10        0.10809511    -8.3271288e-10    -5.6561079e-10        0.67959284                 0                 0          -1000000                 0                 0                 0        0.10683374            1.1625	E1, 
        0.11064497    -2.7436185e-10    -1.8635718e-10        0.11064497    -8.3271288e-10    -5.6561079e-10        0.68839303                 0                 0          -1000000                 0                 0                 0         0.1093725            1.1775	E1, 
        0.11321682    -2.7743361e-10    -1.8844363e-10        0.11321682    -8.3271288e-10    -5.6561079e-10        0.69719322                 0                 0          -1000000                 0                 0                 0        0.11193337            1.1925	E1, 
        0.11581037    -2.8049268e-10    -1.9052147e-10        0.11581037    -8.3271288e-10    -5.6561079e-10        0.70599341                 0                 0          -1000000                 0                 0                 0        0.11451609            1.2075	E1, 
        0.11842536    -2.8353906e-10     -1.925907e-10        0.11842536    -8.3271288e-10    -5.6561079e-10        0.71479359                 0                 0          -1000000                 0                 0                 0        0.11712039            1.2225	E1, 
        0.12106153    -2.8657277e-10    -1.9465131e-10        0.12106153    -8.3271288e-10    -5.6561079e-10        0.72359378                 0                 0          -1000000                 0                 0                 0        0.11974599            1.2375	E1, 
        0.12371861     -2.895938e-10    -1.9670331e-10        0.12371861    -8.3271288e-10    -5.6561079e-10        0.73239397                 0                 0          -1000000                 0                 0                 0        0.12239263            1.2525	E1, 
        0.12639634    -2.9260216e-10     -1.987467e-10        0.12639634    -8.3271288e-10    -5.6561079e-10        0.74119416                 0                 0          -1000000                 0                 0                 0        0.12506006            1.2675	E1, 
        0.12909445    -2.9559786e-10     -2.007815e-10        0.12909445    -8.3271288e-10    -5.6561079e-10        0.74999435                 0                 0          -1000000                 0                 0                 0          0.127748            1.2825	E1, 
        0.13181271    -2.9858091e-10     -2.028077e-10        0.13181271    -8.3271288e-10    -5.6561079e-10        0.75879453                 0                 0          -1000000                 0                 0                 0        0.13045621            1.2975	E1, 
        0.13455084    -3.0155133e-10    -2.0482532e-10        0.13455084    -8.3271288e-10    -5.6561079e-10        0.76759472                 0                 0          -1000000                 0                 0                 0        0.13318443            1.3125	E1, 
         0.1373086    -3.0450913e-10    -2.0683438e-10         0.1373086    -8.3271288e-10    -5.6561079e-10        0.77639491                 0                 0          -1000000                 0                 0                 0        0.13593239            1.3275	E1, 
        0.14008574    -3.0745434e-10    -2.0883487e-10        0.14008574    -8.3271288e-10    -5.6561079e-10         0.7851951                 0                 0          -1000000                 0                 0                 0        0.13869986            1.3425	E1, 
        0.14288201    -3.1038696e-10    -2.1082683e-10        0.14288201    -8.3271288e-10    -5.6561079e-10        0.79399529                 0                 0          -1000000                 0                 0                 0        0.14148659            1.3575	E1, 
        0.14569716    -3.1330703e-10    -2.1281025e-10        0.14569716    -8.3271288e-10    -5.6561079e-10        0.80279547                 0                 0          -1000000                 0                 0                 0        0.14429232            1.3725	E1, 
        0.14853096    -3.1621456e-10    -2.1478516e-10        0.14853096    -8.3271288e-10    -5.6561079e-10        0.81159566                 0                 0          -1000000                 0                 0                 0        0.14711682            1.3875	E1, 
        0.15138317    -3.1910959e-10    -2.1675157e-10        0.15138317    -8.3271288e-10    -5.6561079e-10        0.82039585                 0                 0          -1000000                 0                 0                 0        0.14995984            1.4025	E1, 
        0.15425355    -3.2199214e-10    -2.1870951e-10        0.15425355    -8.3271288e-10    -5.6561079e-10        0.82919604                 0                 0          -1000000                 0                 0                 0        0.15282115            1.4175	E1, 
        0.15714186    -3.2486224e-10      -2.20659e-10        0.15714186    -8.3271288e-10    -5.6561079e-10        0.83799623                 0                 0          -1000000                 0                 0                 0        0.15570052            1.4325	E1, 
        0.16004787    -3.2771993e-10    -2.2260004e-10        0.16004787    -8.3271288e-10    -5.6561079e-10        0.84679642                 0                 0          -1000000                 0                 0                 0         0.1585977            1.4475	E1, 
        0.16297136    -3.3056522e-10    -2.2453268e-10        0.16297136    -8.3271288e-10    -5.6561079e-10         0.8555966                 0                 0          -1000000                 0                 0                 0        0.16151247            1.4625	E1, 
         0.1659121    -3.3339817e-10    -2.2645693e-10         0.1659121    -8.3271288e-10    -5.6561079e-10        0.86439679                 0                 0          -1000000                 0                 0                 0         0.1644446            1.4775	E1, 
        0.16886986     -3.362188e-10    -2.2837281e-10        0.16886986    -8.3271288e-10    -5.6561079e-10        0.87319698                 0                 0          -1000000                 0                 0                 0        0.16739387            1.4925	E1, 
        0.17184442    -3.3902715e-10    -2.3028035e-10        0.17184442    -8.3271288e-10    -5.6561079e-10        0.88199717                 0                 0          -1000000                 0                 0                 0        0.17036005            1.5075	E1, 
        0.17483557    -3.4182326e-10    -2.3217957e-10        0.17483557    -8.3271288e-10    -5.6561079e-10        0.89079736                 0                 0          -1000000                 0                 0                 0        0.17334292            1.5225	E1, 
        0.17784308    -3.4460716e-10    -2.3407051e-10        0.17784308    -8.3271288e-10    -5.6561079e-10        0.89959754                 0                 0          -1000000                 0                 0                 0        0.17634227            1.5375	E1, 
        0.18086675    -3.4737891e-10    -2.3595319e-10        0.18086675    -8.3271288e-10    -5.6561079e-10        0.90839773                 0                 0          -1000000                 0                 0                 0        0.17935788            1.5525	E1, 
        0.18390637    -3.5013854e-10    -2.3782763e-10        0.18390637    -8.3271288e-10    -5.6561079e-10        0.91719792                 0                 0          -1000000                 0                 0                 0        0.18238954            1.5675	E1, 
        0.18696172    -3.5288609e-10    -2.3969388e-10        0.18696172    -8.3271288e-10    -5.6561079e-10        0.92599811                 0                 0          -1000000                 0                 0                 0        0.18543704            1.5825	E1, 
        0.19003259    -3.5562161e-10    -2.4155195e-10        0.19003259    -8.3271288e-10    -5.6561079e-10         0.9347983                 0                 0          -1000000                 0                 0                 0        0.18850017            1.5975	E1, 
         0.1931188    -3.5834515e-10    -2.4340188e-10         0.1931188    -8.3271288e-10    -5.6561079e-10        0.94359848                 0                 0          -1000000                 0                 0                 0        0.19157873            1.6125	E1, 
        0.19622013    -3.6105674e-10     -2.452437e-10        0.19622013    -8.3271288e-10    -5.6561079e-10        0.95239867                 0                 0          -1000000                 0                 0                 0        0.19467251            1.6275	E1, 
        0.19933639    -3.6375644e-10    -2.4707744e-10        0.19933639    -8.3271288e-10    -5.6561079e-10        0.96119886                 0                 0          -1000000                 0                 0                 0        0.19778132            1.6425	E1, 
        0.20246738     -3.664443e-10    -2.4890314e-10        0.20246738    -8.3271288e-10    -5.6561079e-10        0.96999905                 0                 0          -1000000                 0                 0                 0        0.20090496            1.6575	E1, 
        0.20561291    -3.6912036e-10    -2.5072082e-10        0.20561291    -8.3271288e-10    -5.6561079e-10        0.97879924                 0                 0          -1000000                 0                 0                 0        0.20404324            1.6725	E1, 
        0.20877279    -3.7178467e-10    -2.5253052e-10        0.20877279    -8.3271288e-10    -5.6561079e-10        0.98759942                 0                 0          -1000000                 0                 0                 0        0.20719596            1.6875	E1, 
        0.21194683    -3.7443728e-10    -2.5433228e-10        0.21194683    -8.3271288e-10    -5.6561079e-10        0.99639961                 0                 0          -1000000                 0                 0                 0        0.21036294            1.7025	E1, 
        0.21513485    -3.7707825e-10    -2.5612613e-10        0.21513485    -8.3271288e-10    -5.6561079e-10         1.0051998                 0                 0          -1000000                 0                 0                 0        0.21354398            1.7175	E1, 
        0.21833665    -3.7970762e-10     -2.579121e-10        0.21833665    -8.3271288e-10    -5.6561079e-10             1.014                 0                 0          -1000000                 0                 0                 0         0.2167389            1.7325	E1, 
        0.22155207    -3.8232546e-10    -2.5969023e-10        0.22155207    -8.3271288e-10    -5.6561079e-10         1.0228002                 0                 0          -1000000                 0                 0                 0        0.21994753            1.7475	E1, 
        0.22478092     -3.849318e-10    -2.6146056e-10        0.22478092    -8.3271288e-10    -5.6561079e-10         1.0316004                 0                 0          -1000000                 0                 0                 0        0.22316968            1.7625	E1, 
        0.22802302     -3.875267e-10    -2.6322312e-10        0.22802302    -8.3271288e-10    -5.6561079e-10         1.0404006                 0                 0          -1000000                 0                 0                 0        0.22640517            1.7775	E1, 
        0.23127821    -3.9011023e-10    -2.6497795e-10        0.23127821    -8.3271288e-10    -5.6561079e-10         1.0492007                 0                 0          -1000000                 0                 0                 0        0.22965383            1.7925	E1, 
         0.2345463    -3.9268243e-10    -2.6672509e-10         0.2345463    -8.3271288e-10    -5.6561079e-10         1.0580009                 0                 0          -1000000                 0                 0                 0        0.23291548            1.8075	E1, 
        0.23782714    -3.9524335e-10    -2.6846457e-10        0.23782714    -8.3271288e-10    -5.6561079e-10         1.0668011                 0                 0          -1000000                 0                 0                 0        0.23618997            1.8225	E1, 
        0.24112056    -3.9779306e-10    -2.7019643e-10        0.24112056    -8.3271288e-10    -5.6561079e-10         1.0756013                 0                 0          -1000000                 0                 0                 0        0.23947711            1.8375	E1, 
        0.24442638     -4.003316e-10    -2.7192071e-10        0.24442638    -8.3271288e-10    -5.6561079e-10         1.0844015                 0                 0          -1000000                 0                 0                 0        0.24277674            1.8525	E1, 
        0.24774446    -4.0285905e-10    -2.7363744e-10        0.24774446    -8.3271288e-10    -5.6561079e-10         1.0932017                 0                 0          -1000000                 0                 0                 0        0.24608871            1.8675	E1, 
        0.25107462    -4.0537544e-10    -2.7534667e-10        0.25107462    -8.3271288e-10    -5.6561079e-10         1.1020019                 0                 0          -1000000                 0                 0                 0        0.24941284            1.8825	E1, 
        0.25441672    -4.0788084e-10    -2.7704844e-10        0.25441672    -8.3271288e-10    -5.6561079e-10         1.1108021                 0                 0          -1000000                 0                 0                 0        0.25274898            1.8975	E1, 
        0.25777058    -4.1037531e-10    -2.7874277e-10        0.25777058    -8.3271288e-10    -5.6561079e-10         1.1196022                 0                 0          -1000000                 0                 0                 0        0.25609697            1.9125	E1, 
        0.26113607    -4.1285889e-10    -2.8042972e-10        0.26113607    -8.3271288e-10    -5.6561079e-10         1.1284024                 0                 0          -1000000                 0                 0                 0        0.25945666            1.9275	E1, 
        0.26451304    -4.1533166e-10    -2.8210932e-10        0.26451304    -8.3271288e-10    -5.6561079e-10         1.1372026                 0                 0          -1000000                 0                 0                 0         0.2628279            1.9425	E1, 
        0.26790132    -4.1779367e-10    -2.8378161e-10        0.26790132    -8.3271288e-10    -5.6561079e-10         1.1460028                 0                 0          -1000000                 0                 0                 0        0.26621054            1.9575	E1, 
        0.27130077    -4.2024497e-10    -2.8544663e-10        0.27130077    -8.3271288e-10    -5.6561079e-10          1.154803                 0                 0          -1000000                 0                 0                 0        0.26960442            1.9725	E1, 
        0.27471126    -4.2268563e-10    -2.8710442e-10        0.27471126    -8.3271288e-10    -5.6561079e-10         1.1636032                 0                 0          -1000000                 0                 0                 0         0.2730094            1.9875	E1, 
        0.27813263    -4.2511569e-10    -2.8875502e-10        0.27813263    -8.3271288e-10    -5.6561079e-10         1.1724034                 0                 0          -1000000                 0                 0                 0        0.27642534            2.0025	E1, 
        0.28156475    -4.2753523e-10    -2.9039846e-10        0.28156475    -8.3271288e-10    -5.6561079e-10         1.1812036                 0                 0          -1000000                 0                 0                 0         0.2798521            2.0175	E1, 
        0.28500747     -4.299443e-10    -2.9203479e-10        0.28500747    -8.3271288e-10    -5.6561079e-10         1.1900038                 0                 0          -1000000                 0                 0                 0        0.28328953            2.0325	E1, 
        0.28846066    -4.3234296e-10    -2.9366405e-10        0.28846066    -8.3271288e-10    -5.6561079e-10         1.1988039                 0                 0          -1000000                 0                 0                 0         0.2867375            2.0475	E1, 
        0.29192419    -4.3473126e-10    -2.9528628e-10        0.29192419    -8.3271288e-10    -5.6561079e-10         1.2076041                 0                 0          -1000000                 0                 0                 0        0.29019587            2.0625	E1, 
        0.29539791    -4.3710926e-10    -2.9690151e-10        0.29539791    -8.3271288e-10    -5.6561079e-10         1.2164043                 0                 0          -1000000                 0                 0                 0         0.2936645            2.0775	E1, 
        0.29888171    -4.3947703e-10    -2.9850979e-10        0.29888171    -8.3271288e-10    -5.6561079e-10         1.2252045                 0                 0          -1000000                 0                 0                 0        0.29714328            2.0925	E1, 
        0.30237545    -4.4183463e-10    -3.0011116e-10        0.30237545    -8.3271288e-10    -5.6561079e-10         1.2340047                 0                 0          -1000000                 0                 0                 0        0.30063205            2.1075	E1, 
          0.305879     -4.441821e-10    -3.0170566e-10          0.305879    -8.3271288e-10    -5.6561079e-10         1.2428049                 0                 0          -1000000                 0                 0                 0        0.30413071            2.1225	E1, 
        0.30939223    -4.4651951e-10    -3.0329332e-10        0.30939223    -8.3271288e-10    -5.6561079e-10         1.2516051                 0                 0          -1000000                 0                 0                 0        0.30763911            2.1375	E1, 
        0.31291503    -4.4884692e-10    -3.0487418e-10        0.31291503    -8.3271288e-10    -5.6561079e-10         1.2604053                 0                 0          -1000000                 0                 0                 0        0.31115714            2.1525	E1, 
        0.31644727    -4.5116439e-10     -3.064483e-10        0.31644727    -8.3271288e-10    -5.6561079e-10         1.2692054                 0                 0          -1000000                 0                 0                 0        0.31468467            2.1675	E1, 
        0.31998883    -4.5347197e-10     -3.080157e-10        0.31998883    -8.3271288e-10    -5.6561079e-10         1.2780056                 0                 0          -1000000                 0                 0                 0        0.31822158            2.1825	E1, 
        0.32353959    -4.5576973e-10    -3.0957642e-10        0.32353959    -8.3271288e-10    -5.6561079e-10         1.2868058                 0                 0          -1000000                 0                 0                 0        0.32176775            2.1975	E1, 
        0.32709944    -4.5805771e-10    -3.1113051e-10        0.32709944    -8.3271288e-10    -5.6561079e-10          1.295606                 0                 0          -1000000                 0                 0                 0        0.32532306            2.2125	E1, 
        0.33066826    -4.6033599e-10    -3.1267801e-10        0.33066826    -8.3271288e-10    -5.6561079e-10         1.3044062                 0                 0          -1000000                 0                 0                 0        0.32888741            2.2275	E1, 
        0.33424593    -4.6260462e-10    -3.1421894e-10        0.33424593    -8.3271288e-10    -5.6561079e-10         1.3132064                 0                 0          -1000000                 0                 0                 0        0.33246066            2.2425	E1, 
        0.33783235    -4.6486365e-10    -3.1575337e-10        0.33783235    -8.3271288e-10    -5.6561079e-10         1.3220066                 0                 0          -1000000                 0                 0                 0        0.33604272            2.2575	E1, 
         0.3414274    -4.6711315e-10    -3.1728131e-10         0.3414274    -8.3271288e-10    -5.6561079e-10         1.3308068                 0                 0          -1000000                 0                 0                 0        0.33963346            2.2725	E1, 
        0.34503098    -4.6935317e-10    -3.1880282e-10        0.34503098    -8.3271288e-10    -5.6561079e-10         1.3396069                 0                 0          -1000000                 0                 0                 0        0.34323278            2.2875	E1, 
        0.34864297    -4.7158376e-10    -3.2031793e-10        0.34864297    -8.3271288e-10    -5.6561079e-10         1.3484071                 0                 0          -1000000                 0                 0                 0        0.34684057            2.3025	E1, 
        0.35226328      -4.73805e-10    -3.2182667e-10        0.35226328    -8.3271288e-10    -5.6561079e-10         1.3572073                 0                 0          -1000000                 0                 0                 0        0.35045673            2.3175	E1, 
        0.35589179    -4.7601692e-10     -3.233291e-10        0.35589179    -8.3271288e-10    -5.6561079e-10         1.3660075                 0                 0          -1000000                 0                 0                 0        0.35408115            2.3325	E1, 
        0.35952841     -4.782196e-10    -3.2482525e-10        0.35952841    -8.3271288e-10    -5.6561079e-10         1.3748077                 0                 0          -1000000                 0                 0                 0        0.35771373            2.3475	E1, 
        0.36317303    -4.8041309e-10    -3.2631515e-10        0.36317303    -8.3271288e-10    -5.6561079e-10         1.3836079                 0                 0          -1000000                 0                 0                 0        0.36135435            2.3625	E1, 
        0.36682556    -4.8259744e-10    -3.2779884e-10        0.36682556    -8.3271288e-10    -5.6561079e-10         1.3924081                 0                 0          -1000000                 0                 0                 0        0.36500294            2.3775	E1, 
        0.37048589    -4.8477271e-10    -3.2927637e-10        0.37048589    -8.3271288e-10    -5.6561079e-10         1.4012083                 0                 0          -1000000                 0                 0                 0        0.36865938            2.3925	E1, 
        0.37415393    -4.8693896e-10    -3.3074777e-10        0.37415393    -8.3271288e-10    -5.6561079e-10         1.4100085                 0                 0          -1000000                 0                 0                 0        0.37232357            2.4075	E1, 
        0.37782959    -4.8909624e-10    -3.3221307e-10        0.37782959    -8.3271288e-10    -5.6561079e-10         1.4188086                 0                 0          -1000000                 0                 0                 0        0.37599543            2.4225	E1, 
        0.38151277     -4.912446e-10    -3.3367233e-10        0.38151277    -8.3271288e-10    -5.6561079e-10         1.4276088                 0                 0          -1000000                 0                 0                 0        0.37967485            2.4375	E1, 
        0.38520337    -4.9338411e-10    -3.3512557e-10        0.38520337    -8.3271288e-10    -5.6561079e-10          1.436409                 0                 0          -1000000                 0                 0                 0        0.38336175            2.4525	E1, 
        0.38890131    -4.9551482e-10    -3.3657283e-10        0.38890131    -8.3271288e-10    -5.6561079e-10         1.4452092                 0                 0          -1000000                 0                 0                 0        0.38705603            2.4675	E1, 
        0.39260649    -4.9763679e-10    -3.3801415e-10        0.39260649    -8.3271288e-10    -5.6561079e-10         1.4540094                 0                 0          -1000000                 0                 0                 0         0.3907576            2.4825	E1, 
        0.39631884    -4.9975006e-10    -3.3944956e-10        0.39631884    -8.3271288e-10    -5.6561079e-10         1.4628096                 0                 0          -1000000                 0                 0                 0        0.39446637            2.4975	E1, 
        0.40003825     -5.018547e-10    -3.4087911e-10        0.40003825    -8.3271288e-10    -5.6561079e-10         1.4716098                 0                 0          -1000000                 0                 0                 0        0.39818225            2.5125	E1, 
        0.40376464    -5.0395075e-10    -3.4230283e-10        0.40376464    -8.3271288e-10    -5.6561079e-10           1.48041                 0                 0          -1000000                 0                 0                 0        0.40190516            2.5275	E1, 
        0.40749793    -5.0603827e-10    -3.4372076e-10        0.40749793    -8.3271288e-10    -5.6561079e-10         1.4892101                 0                 0          -1000000                 0                 0                 0        0.40563501            2.5425	E1, 
        0.41123804    -5.0811732e-10    -3.4513293e-10        0.41123804    -8.3271288e-10    -5.6561079e-10         1.4980103                 0                 0          -1000000                 0                 0                 0        0.40937172            2.5575	E1, 
        0.41498488    -5.1018794e-10    -3.4653938e-10        0.41498488    -8.3271288e-10    -5.6561079e-10         1.5068105                 0                 0          -1000000                 0                 0                 0         0.4131152            2.5725	E1, 
        0.41873837     -5.122502e-10    -3.4794014e-10        0.41873837    -8.3271288e-10    -5.6561079e-10         1.5156107                 0                 0          -1000000                 0                 0                 0        0.41686537            2.5875	E1, 
        0.42249843    -5.1430414e-10    -3.4933526e-10        0.42249843    -8.3271288e-10    -5.6561079e-10         1.5244109                 0                 0          -1000000                 0                 0                 0        0.42062215            2.6025	E1, 
        0.42626498    -5.1634982e-10    -3.5072476e-10        0.42626498    -8.3271288e-10    -5.6561079e-10         1.5332111                 0                 0          -1000000                 0                 0                 0        0.42438546            2.6175	E1, 
        0.43003794    -5.1838729e-10    -3.5210869e-10        0.43003794    -8.3271288e-10    -5.6561079e-10         1.5420113                 0                 0          -1000000                 0                 0                 0        0.42815523            2.6325	E1, 
        0.43381724    -5.2041659e-10    -3.5348707e-10        0.43381724    -8.3271288e-10    -5.6561079e-10         1.5508115                 0                 0          -1000000                 0                 0                 0        0.43193136            2.6475	E1, 
         0.4376028    -5.2243779e-10    -3.5485995e-10         0.4376028    -8.3271288e-10    -5.6561079e-10         1.5596116                 0                 0          -1000000                 0                 0                 0         0.4357138            2.6625	E1, 
        0.44139455    -5.2445093e-10    -3.5622735e-10        0.44139455    -8.3271288e-10    -5.6561079e-10         1.5684118                 0                 0          -1000000                 0                 0                 0        0.43950246            2.6775	E1, 
        0.44519241    -5.2645607e-10    -3.5758932e-10        0.44519241    -8.3271288e-10    -5.6561079e-10          1.577212                 0                 0          -1000000                 0                 0                 0        0.44329727            2.6925	E1, 
        0.44899631    -5.2845325e-10    -3.5894588e-10        0.44899631    -8.3271288e-10    -5.6561079e-10         1.5860122                 0                 0          -1000000                 0                 0                 0        0.44709816            2.7075	E1, 
        0.45280617    -5.3044253e-10    -3.6029708e-10        0.45280617    -8.3271288e-10    -5.6561079e-10         1.5948124                 0                 0          -1000000                 0                 0                 0        0.45090504            2.7225	E1, 
        0.45662194    -5.3242395e-10    -3.6164294e-10        0.45662194    -8.3271288e-10    -5.6561079e-10         1.6036126                 0                 0          -1000000                 0                 0                 0        0.45471787            2.7375	E1, 
        0.46044353    -5.3439757e-10     -3.629835e-10        0.46044353    -8.3271288e-10    -5.6561079e-10         1.6124128                 0                 0          -1000000                 0                 0                 0        0.45853655            2.7525	E1, 
        0.46427089    -5.3636344e-10    -3.6431879e-10        0.46427089    -8.3271288e-10    -5.6561079e-10          1.621213                 0                 0          -1000000                 0                 0                 0        0.46236103            2.7675	E1, 
        0.46810393     -5.383216e-10    -3.6564885e-10        0.46810393    -8.3271288e-10    -5.6561079e-10         1.6300132                 0                 0          -1000000                 0                 0                 0        0.46619124            2.7825	E1, 
         0.4719426     -5.402721e-10     -3.669737e-10         0.4719426    -8.3271288e-10    -5.6561079e-10         1.6388133                 0                 0          -1000000                 0                 0                 0         0.4700271            2.7975	E1, 
        0.47578683      -5.42215e-10    -3.6829339e-10        0.47578683    -8.3271288e-10    -5.6561079e-10         1.6476135                 0                 0          -1000000                 0                 0                 0        0.47386856            2.8125	E1, 
        0.47963656    -5.4415033e-10    -3.6960795e-10        0.47963656    -8.3271288e-10    -5.6561079e-10         1.6564137                 0                 0          -1000000                 0                 0                 0        0.47771554            2.8275	E1, 
        0.48349172    -5.4607816e-10     -3.709174e-10        0.48349172    -8.3271288e-10    -5.6561079e-10         1.6652139                 0                 0          -1000000                 0                 0                 0        0.48156799            2.8425	E1, 
        0.48735225    -5.4799852e-10    -3.7222178e-10        0.48735225    -8.3271288e-10    -5.6561079e-10         1.6740141                 0                 0          -1000000                 0                 0                 0        0.48542584            2.8575	E1, 
        0.49121808    -5.4991146e-10    -3.7352113e-10        0.49121808    -8.3271288e-10    -5.6561079e-10         1.6828143                 0                 0          -1000000                 0                 0                 0        0.48928902            2.8725	E1, 
        0.49508916    -5.5181704e-10    -3.7481547e-10        0.49508916    -8.3271288e-10    -5.6561079e-10         1.6916145                 0                 0          -1000000                 0                 0                 0        0.49315748            2.8875	E1, 
        0.49896542    -5.5371529e-10    -3.7610483e-10        0.49896542    -8.3271288e-10    -5.6561079e-10         1.7004147                 0                 0          -1000000                 0                 0                 0        0.49703116            2.9025	E1, 
        0.50284681    -5.5560626e-10    -3.7738926e-10        0.50284681    -8.3271288e-10    -5.6561079e-10         1.7092148                 0                 0          -1000000                 0                 0                 0        0.50090999            2.9175	E1, 
        0.50673327    -5.5749001e-10    -3.7866877e-10        0.50673327    -8.3271288e-10    -5.6561079e-10          1.718015                 0                 0          -1000000                 0                 0                 0        0.50479392            2.9325	E1, 
        0.51062473    -5.5936657e-10     -3.799434e-10        0.51062473    -8.3271288e-10    -5.6561079e-10         1.7268152                 0                 0          -1000000                 0                 0                 0        0.50868288            2.9475	E1, 
        0.51452115    -5.6123599e-10    -3.8121319e-10        0.51452115    -8.3271288e-10    -5.6561079e-10         1.7356154                 0                 0          -1000000                 0                 0                 0        0.51257683            2.9625	E1, 
        0.51842246    -5.6309832e-10    -3.8247815e-10        0.51842246    -8.3271288e-10    -5.6561079e-10         1.7444156                 0                 0          -1000000                 0                 0                 0         0.5164757            2.9775	E1, 
        0.52232862     -5.649536e-10    -3.8373833e-10        0.52232862    -8.3271288e-10    -5.6561079e-10         1.7532158                 0                 0          -1000000                 0                 0                 0        0.52037944            2.9925	E1, 
        0.52623956    -5.6680187e-10    -3.8499375e-10        0.52623956    -8.3271288e-10    -5.6561079e-10          1.762016                 0                 0          -1000000                 0                 0                 0        0.52428799            3.0075	E1, 
        0.53015523    -5.6864319e-10    -3.8624444e-10        0.53015523    -8.3271288e-10    -5.6561079e-10         1.7708162                 0                 0          -1000000                 0                 0                 0         0.5282013            3.0225	E1, 
        0.53407558    -5.7047759e-10    -3.8749043e-10        0.53407558    -8.3271288e-10    -5.6561079e-10         1.7796164                 0                 0          -1000000                 0                 0                 0        0.53211931            3.0375	E1, 
        0.53800055    -5.7230511e-10    -3.8873176e-10        0.53800055    -8.3271288e-10    -5.6561079e-10         1.7884165                 0                 0          -1000000                 0                 0                 0        0.53604198            3.0525	E1, 
         0.5419301    -5.7412581e-10    -3.8996845e-10         0.5419301    -8.3271288e-10    -5.6561079e-10         1.7972167                 0                 0          -1000000                 0                 0                 0        0.53996925            3.0675	E1, 
        0.54586418    -5.7593972e-10    -3.9120053e-10        0.54586418    -8.3271288e-10    -5.6561079e-10         1.8060169                 0                 0          -1000000                 0                 0                 0        0.54390106            3.0825	E1, 
        0.54980272    -5.7774689e-10    -3.9242802e-10        0.54980272    -8.3271288e-10    -5.6561079e-10         1.8148171                 0                 0          -1000000                 0                 0                 0        0.54783738            3.0975	E1, 
        0.55374569    -5.7954735e-10    -3.9365097e-10        0.55374569    -8.3271288e-10    -5.6561079e-10         1.8236173                 0                 0          -1000000                 0                 0                 0        0.55177814            3.1125	E1, 
        0.55769304    -5.8134116e-10     -3.948694e-10        0.55769304    -8.3271288e-10    -5.6561079e-10         1.8324175                 0                 0          -1000000                 0                 0                 0         0.5557233            3.1275	E1, 
        0.56164471    -5.8312835e-10    -3.9608332e-10        0.56164471    -8.3271288e-10    -5.6561079e-10         1.8412177                 0                 0          -1000000                 0                 0                 0        0.55967281            3.1425	E1, 
        0.56560066    -5.8490897e-10    -3.9729279e-10        0.56560066    -8.3271288e-10    -5.6561079e-10         1.8500179                 0                 0          -1000000                 0                 0                 0        0.56362663            3.1575	E1, 
        0.56956084    -5.8668305e-10    -3.9849781e-10        0.56956084    -8.3271288e-10    -5.6561079e-10          1.858818                 0                 0          -1000000                 0                 0                 0         0.5675847            3.1725	E1, 
         0.5735252    -5.8845064e-10    -3.9969842e-10         0.5735252    -8.3271288e-10    -5.6561079e-10         1.8676182                 0                 0          -1000000                 0                 0                 0        0.57154697            3.1875	E1, 
        0.57749371    -5.9021177e-10    -4.0089466e-10        0.57749371    -8.3271288e-10    -5.6561079e-10         1.8764184                 0                 0          -1000000                 0                 0                 0        0.57551341            3.2025	E1, 
        0.58146631    -5.9196649e-10    -4.0208653e-10        0.58146631    -8.3271288e-10    -5.6561079e-10         1.8852186                 0                 0          -1000000                 0                 0                 0        0.57948397            3.2175	E1, 
        0.58544296    -5.9371484e-10    -4.0327408e-10        0.58544296    -8.3271288e-10    -5.6561079e-10         1.8940188                 0                 0          -1000000                 0                 0                 0         0.5834586            3.2325	E1, 
        0.58942362    -5.9545686e-10    -4.0445732e-10        0.58942362    -8.3271288e-10    -5.6561079e-10          1.902819                 0                 0          -1000000                 0                 0                 0        0.58743725            3.2475	E1, 
        0.59340823    -5.9719258e-10    -4.0563629e-10        0.59340823    -8.3271288e-10    -5.6561079e-10         1.9116192                 0                 0          -1000000                 0                 0                 0        0.59141989            3.2625	E1, 
        0.59739677    -5.9892205e-10    -4.0681102e-10        0.59739677    -8.3271288e-10    -5.6561079e-10         1.9204194                 0                 0          -1000000                 0                 0                 0        0.59540648            3.2775	E1, 
        0.60138919    -6.0064531e-10    -4.0798152e-10        0.60138919    -8.3271288e-10    -5.6561079e-10         1.9292195                 0                 0          -1000000                 0                 0                 0        0.59939696            3.2925	E1, 
        0.60538544    -6.0236239e-10    -4.0914782e-10        0.60538544    -8.3271288e-10    -5.6561079e-10         1.9380197                 0                 0          -1000000                 0                 0                 0        0.60339129            3.3075	E1, 
        0.60938549    -6.0407332e-10    -4.1030996e-10        0.60938549    -8.3271288e-10    -5.6561079e-10         1.9468199                 0                 0          -1000000                 0                 0                 0        0.60738945            3.3225	E1, 
        0.61338929    -6.0577816e-10    -4.1146795e-10        0.61338929    -8.3271288e-10    -5.6561079e-10         1.9556201                 0                 0          -1000000                 0                 0                 0        0.61139137            3.3375	E1, 
         0.6173968    -6.0747694e-10    -4.1262183e-10         0.6173968    -8.3271288e-10    -5.6561079e-10         1.9644203                 0                 0          -1000000                 0                 0                 0        0.61539704            3.3525	E1, 
          0.621408    -6.0916969e-10    -4.1377161e-10          0.621408    -8.3271288e-10    -5.6561079e-10         1.9732205                 0                 0          -1000000                 0                 0                 0        0.61940639            3.3675	E1, 
        0.62542282    -6.1085645e-10    -4.1491732e-10        0.62542282    -8.3271288e-10    -5.6561079e-10         1.9820207                 0                 0          -1000000                 0                 0                 0        0.62341941            3.3825	E1, 
        0.62944125    -6.1253727e-10    -4.1605899e-10        0.62944125    -8.3271288e-10    -5.6561079e-10         1.9908209                 0                 0          -1000000                 0                 0                 0        0.62743604            3.3975	E1, 
        0.63346323    -6.1421216e-10    -4.1719665e-10        0.63346323    -8.3271288e-10    -5.6561079e-10         1.9996211                 0                 0          -1000000                 0                 0                 0        0.63145624            3.4125	E1, 
        0.63748874    -6.1588118e-10    -4.1833031e-10        0.63748874    -8.3271288e-10    -5.6561079e-10         2.0084212                 0                 0          -1000000                 0                 0                 0        0.63547999            3.4275	E1, 
        0.64151774    -6.1754436e-10    -4.1946001e-10        0.64151774    -8.3271288e-10    -5.6561079e-10         2.0172214                 0                 0          -1000000                 0                 0                 0        0.63950725            3.4425	E1, 
        0.64555018    -6.1920173e-10    -4.2058575e-10        0.64555018    -8.3271288e-10    -5.6561079e-10         2.0260216                 0                 0          -1000000                 0                 0                 0        0.64353797            3.4575	E1, 
        0.64958603    -6.2085333e-10    -4.2170758e-10        0.64958603    -8.3271288e-10    -5.6561079e-10         2.0348218                 0                 0          -1000000                 0                 0                 0        0.64757212            3.4725	E1, 
        0.65362527    -6.2249919e-10    -4.2282552e-10        0.65362527    -8.3271288e-10    -5.6561079e-10          2.043622                 0                 0          -1000000                 0                 0                 0        0.65160967            3.4875	E1, 
        0.65766785    -6.2413935e-10    -4.2393958e-10        0.65766785    -8.3271288e-10    -5.6561079e-10         2.0524222                 0                 0          -1000000                 0                 0                 0        0.65565058            3.5025	E1, 
        0.66171373    -6.2577385e-10    -4.2504979e-10        0.66171373    -8.3271288e-10    -5.6561079e-10         2.0612224                 0                 0          -1000000                 0                 0                 0        0.65969481            3.5175	E1, 
        0.66576289    -6.2740271e-10    -4.2615618e-10        0.66576289    -8.3271288e-10    -5.6561079e-10         2.0700226                 0                 0          -1000000                 0                 0                 0        0.66374234            3.5325	E1, 
        0.66981529    -6.2902598e-10    -4.2725877e-10        0.66981529    -8.3271288e-10    -5.6561079e-10         2.0788227                 0                 0          -1000000                 0                 0                 0        0.66779312            3.5475	E1, 
        0.67387089    -6.3064368e-10    -4.2835757e-10        0.67387089    -8.3271288e-10    -5.6561079e-10         2.0876229                 0                 0          -1000000                 0                 0                 0        0.67184712            3.5625	E1, 
        0.67792968    -6.3225586e-10    -4.2945263e-10        0.67792968    -8.3271288e-10    -5.6561079e-10         2.0964231                 0                 0          -1000000                 0                 0                 0        0.67590432            3.5775	E1, 
         0.6819916    -6.3386254e-10    -4.3054394e-10         0.6819916    -8.3271288e-10    -5.6561079e-10         2.1052233                 0                 0          -1000000                 0                 0                 0        0.67996467            3.5925	E1, 
        0.68605663    -6.3546375e-10    -4.3163155e-10        0.68605663    -8.3271288e-10    -5.6561079e-10         2.1140235                 0                 0          -1000000                 0                 0                 0        0.68402815            3.6075	E1, 
        0.69012474    -6.3705953e-10    -4.3271547e-10        0.69012474    -8.3271288e-10    -5.6561079e-10         2.1228237                 0                 0          -1000000                 0                 0                 0        0.68809473            3.6225	E1, 
         0.6941959    -6.3864992e-10    -4.3379572e-10         0.6941959    -8.3271288e-10    -5.6561079e-10         2.1316239                 0                 0          -1000000                 0                 0                 0        0.69216437            3.6375	E1, 
        0.69827007    -6.4023494e-10    -4.3487233e-10        0.69827007    -8.3271288e-10    -5.6561079e-10         2.1404241                 0                 0          -1000000                 0                 0                 0        0.69623703            3.6525	E1, 
        0.70234723    -6.4181463e-10    -4.3594531e-10        0.70234723    -8.3271288e-10    -5.6561079e-10         2.1492243                 0                 0          -1000000                 0                 0                 0         0.7003127            3.6675	E1, 
        0.70642735    -6.4338902e-10     -4.370147e-10        0.70642735    -8.3271288e-10    -5.6561079e-10         2.1580244                 0                 0          -1000000                 0                 0                 0        0.70439135            3.6825	E1, 
        0.71051039    -6.4495813e-10     -4.380805e-10        0.71051039    -8.3271288e-10    -5.6561079e-10         2.1668246                 0                 0          -1000000                 0                 0                 0        0.70847293            3.6975	E1, 
        0.71459633    -6.4652201e-10    -4.3914275e-10        0.71459633    -8.3271288e-10    -5.6561079e-10         2.1756248                 0                 0          -1000000                 0                 0                 0        0.71255742            3.7125	E1, 
        0.71868514    -6.4808069e-10    -4.4020146e-10        0.71868514    -8.3271288e-10    -5.6561079e-10          2.184425                 0                 0          -1000000                 0                 0                 0         0.7166448            3.7275	E1, 
        0.72277679    -6.4963418e-10    -4.4125666e-10        0.72277679    -8.3271288e-10    -5.6561079e-10         2.1932252                 0                 0          -1000000                 0                 0                 0        0.72073503            3.7425	E1, 
        0.72687125    -6.5118253e-10    -4.4230836e-10        0.72687125    -8.3271288e-10    -5.6561079e-10         2.2020254                 0                 0          -1000000                 0                 0                 0        0.72482808            3.7575	E1, 
        0.73096849    -6.5272577e-10    -4.4335658e-10        0.73096849    -8.3271288e-10    -5.6561079e-10         2.2108256                 0                 0          -1000000                 0                 0                 0        0.72892394            3.7725	E1, 
        0.73506849    -6.5426392e-10    -4.4440135e-10        0.73506849    -8.3271288e-10    -5.6561079e-10         2.2196258                 0                 0          -1000000                 0                 0                 0        0.73302256            3.7875	E1, 
        0.73917122    -6.5579702e-10    -4.4544269e-10        0.73917122    -8.3271288e-10    -5.6561079e-10         2.2284259                 0                 0          -1000000                 0                 0                 0        0.73712393            3.8025	E1, 
        0.74327665    -6.5732509e-10    -4.4648062e-10        0.74327665    -8.3271288e-10    -5.6561079e-10         2.2372261                 0                 0          -1000000                 0                 0                 0        0.74122801            3.8175	E1, 
        0.74738476    -6.5884817e-10    -4.4751515e-10        0.74738476    -8.3271288e-10    -5.6561079e-10         2.2460263                 0                 0          -1000000                 0                 0                 0        0.74533478            3.8325	E1, 
        0.75149552    -6.6036629e-10    -4.4854631e-10        0.75149552    -8.3271288e-10    -5.6561079e-10         2.2548265                 0                 0          -1000000                 0                 0                 0        0.74944422            3.8475	E1, 
         0.7556089    -6.6187946e-10    -4.4957412e-10         0.7556089    -8.3271288e-10    -5.6561079e-10         2.2636267                 0                 0          -1000000                 0                 0                 0        0.75355629            3.8625	E1, 
        0.75972488    -6.6338773e-10     -4.505986e-10        0.75972488    -8.3271288e-10    -5.6561079e-10         2.2724269                 0                 0          -1000000                 0                 0                 0        0.75767097            3.8775	E1, 
        0.76384343    -6.6489112e-10    -4.5161976e-10        0.76384343    -8.3271288e-10    -5.6561079e-10         2.2812271                 0                 0          -1000000                 0                 0                 0        0.76178824            3.8925	E1, 
        0.76796453    -6.6638966e-10    -4.5263762e-10        0.76796453    -8.3271288e-10    -5.6561079e-10         2.2900273                 0                 0          -1000000                 0                 0                 0        0.76590807            3.9075	E1, 
        0.77208816    -6.6788337e-10    -4.5365221e-10        0.77208816    -8.3271288e-10    -5.6561079e-10         2.2988274                 0                 0          -1000000                 0                 0                 0        0.77003044            3.9225	E1, 
        0.77621429     -6.693723e-10    -4.5466355e-10        0.77621429    -8.3271288e-10    -5.6561079e-10         2.3076276                 0                 0          -1000000                 0                 0                 0        0.77415531            3.9375	E1, 
        0.78034289    -6.7085645e-10    -4.5567164e-10        0.78034289    -8.3271288e-10    -5.6561079e-10         2.3164278                 0                 0          -1000000                 0                 0                 0        0.77828268            3.9525	E1, 
        0.78447394    -6.7233587e-10    -4.5667652e-10        0.78447394    -8.3271288e-10    -5.6561079e-10          2.325228                 0                 0          -1000000                 0                 0                 0        0.78241251            3.9675	E1, 
        0.78860742    -6.7381057e-10     -4.576782e-10        0.78860742    -8.3271288e-10    -5.6561079e-10         2.3340282                 0                 0          -1000000                 0                 0                 0        0.78654478            3.9825	E1, 
        0.79274331     -6.752806e-10    -4.5867669e-10        0.79274331    -8.3271288e-10    -5.6561079e-10         2.3428284                 0                 0          -1000000                 0                 0                 0        0.79067946            3.9975	E1, 
        0.79688158    -6.7674596e-10    -4.5967202e-10        0.79688158    -8.3271288e-10    -5.6561079e-10         2.3516286                 0                 0          -1000000                 0                 0                 0        0.79481655            4.0125	E1, 
        0.80102221    -6.7820669e-10    -4.6066421e-10        0.80102221    -8.3271288e-10    -5.6561079e-10         2.3604288                 0                 0          -1000000                 0                 0                 0          0.798956            4.0275	E1, 
        0.80516518    -6.7966282e-10    -4.6165327e-10        0.80516518    -8.3271288e-10    -5.6561079e-10          2.369229                 0                 0          -1000000                 0                 0                 0         0.8030978            4.0425	E1, 
        0.80931047    -6.8111437e-10    -4.6263922e-10        0.80931047    -8.3271288e-10    -5.6561079e-10         2.3780291                 0                 0          -1000000                 0                 0                 0        0.80724193            4.0575	E1, 
        0.81345804    -6.8256137e-10    -4.6362208e-10        0.81345804    -8.3271288e-10    -5.6561079e-10         2.3868293                 0                 0          -1000000                 0                 0                 0        0.81138836            4.0725	E1, 
         0.8176079    -6.8400385e-10    -4.6460186e-10         0.8176079    -8.3271288e-10    -5.6561079e-10         2.3956295                 0                 0          -1000000                 0                 0                 0        0.81553708            4.0875	E1, 
           0.82176    -6.8544182e-10    -4.6557859e-10           0.82176    -8.3271288e-10    -5.6561079e-10         2.4044297                 0                 0          -1000000                 0                 0                 0        0.81968806            4.1025	E1, 
        0.82591433    -6.8687532e-10    -4.6655228e-10        0.82591433    -8.3271288e-10    -5.6561079e-10         2.4132299                 0                 0          -1000000                 0                 0                 0        0.82384128            4.1175	E1, 
        0.83007088    -6.8830438e-10    -4.6752295e-10        0.83007088    -8.3271288e-10    -5.6561079e-10         2.4220301                 0                 0          -1000000                 0                 0                 0        0.82799672            4.1325	E1, 
        0.83422961      -6.89729e-10    -4.6849061e-10        0.83422961    -8.3271288e-10    -5.6561079e-10         2.4308303                 0                 0          -1000000                 0                 0                 0        0.83215436            4.1475	E1, 
        0.83839051    -6.9114923e-10    -4.6945528e-10        0.83839051    -8.3271288e-10    -5.6561079e-10         2.4396305                 0                 0          -1000000                 0                 0                 0        0.83631418            4.1625	E1, 
        0.84255356    -6.9256509e-10    -4.7041699e-10        0.84255356    -8.3271288e-10    -5.6561079e-10         2.4484306                 0                 0          -1000000                 0                 0                 0        0.84047616            4.1775	E1, 
        0.84671874     -6.939766e-10    -4.7137574e-10        0.84671874    -8.3271288e-10    -5.6561079e-10         2.4572308                 0                 0          -1000000                 0                 0                 0        0.84464027            4.1925	E1, 
        0.85088603    -6.9538378e-10    -4.7233155e-10        0.85088603    -8.3271288e-10    -5.6561079e-10          2.466031                 0                 0          -1000000                 0                 0                 0        0.84880651            4.2075	E1, 
        0.85505541    -6.9678666e-10    -4.7328444e-10        0.85505541    -8.3271288e-10    -5.6561079e-10         2.4748312                 0                 0          -1000000                 0                 0                 0        0.85297485            4.2225	E1, 
        0.85922686    -6.9818527e-10    -4.7423443e-10        0.85922686    -8.3271288e-10    -5.6561079e-10         2.4836314                 0                 0          -1000000                 0                 0                 0        0.85714526            4.2375	E1, 
        0.86340037    -6.9957962e-10    -4.7518153e-10        0.86340037    -8.3271288e-10    -5.6561079e-10         2.4924316                 0                 0          -1000000                 0                 0                 0        0.86131774            4.2525	E1, 
        0.86757591    -7.0096975e-10    -4.7612576e-10        0.86757591    -8.3271288e-10    -5.6561079e-10         2.5012318                 0                 0          -1000000                 0                 0                 0        0.86549227            4.2675	E1, 
        0.87175346    -7.0235567e-10    -4.7706713e-10        0.87175346    -8.3271288e-10    -5.6561079e-10          2.510032                 0                 0          -1000000                 0                 0                 0        0.86966881            4.2825	E1, 
        0.87593301    -7.0373741e-10    -4.7800566e-10        0.87593301    -8.3271288e-10    -5.6561079e-10         2.5188322                 0                 0          -1000000                 0                 0                 0        0.87384737            4.2975	E1, 
        0.88011454    -7.0511498e-10    -4.7894136e-10        0.88011454    -8.3271288e-10    -5.6561079e-10         2.5276323                 0                 0          -1000000                 0                 0                 0        0.87802791            4.3125	E1, 
        0.88429803    -7.0648843e-10    -4.7987426e-10        0.88429803    -8.3271288e-10    -5.6561079e-10         2.5364325                 0                 0          -1000000                 0                 0                 0        0.88221042            4.3275	E1, 
        0.88848347    -7.0785776e-10    -4.8080436e-10        0.88848347    -8.3271288e-10    -5.6561079e-10         2.5452327                 0                 0          -1000000                 0                 0                 0        0.88639489            4.3425	E1, 
        0.89267083      -7.09223e-10    -4.8173168e-10        0.89267083    -8.3271288e-10    -5.6561079e-10         2.5540329                 0                 0          -1000000                 0                 0                 0        0.89058129            4.3575	E1, 
         0.8968601    -7.1058417e-10    -4.8265625e-10         0.8968601    -8.3271288e-10    -5.6561079e-10         2.5628331                 0                 0          -1000000                 0                 0                 0        0.89476961            4.3725	E1, 
        0.90105127     -7.119413e-10    -4.8357806e-10        0.90105127    -8.3271288e-10    -5.6561079e-10         2.5716333                 0                 0          -1000000                 0                 0                 0        0.89895982            4.3875	E1, 
         0.9052443    -7.1329441e-10    -4.8449714e-10         0.9052443    -8.3271288e-10    -5.6561079e-10         2.5804335                 0                 0          -1000000                 0                 0                 0        0.90315193            4.4025	E1, 
         0.9094392    -7.1464351e-10     -4.854135e-10         0.9094392    -8.3271288e-10    -5.6561079e-10         2.5892337                 0                 0          -1000000                 0                 0                 0         0.9073459            4.4175	E1, 
        0.91363594    -7.1598864e-10    -4.8632717e-10        0.91363594    -8.3271288e-10    -5.6561079e-10         2.5980338                 0                 0          -1000000                 0                 0                 0        0.91154172            4.4325	E1, 
        0.91783451     -7.173298e-10    -4.8723814e-10        0.91783451    -8.3271288e-10    -5.6561079e-10          2.606834                 0                 0          -1000000                 0                 0                 0        0.91573937            4.4475	E1, 
        0.92203488    -7.1866703e-10    -4.8814644e-10        0.92203488    -8.3271288e-10    -5.6561079e-10         2.6156342                 0                 0          -1000000                 0                 0                 0        0.91993884            4.4625	E1, 
        0.92623706    -7.2000035e-10    -4.8905208e-10        0.92623706    -8.3271288e-10    -5.6561079e-10         2.6244344                 0                 0          -1000000                 0                 0                 0        0.92414012            4.4775	E1, 
        0.93044101    -7.2132977e-10    -4.8995507e-10        0.93044101    -8.3271288e-10    -5.6561079e-10         2.6332346                 0                 0          -1000000                 0                 0                 0        0.92834318            4.4925	E1, 
        0.93464672    -7.2265532e-10    -4.9085544e-10        0.93464672    -8.3271288e-10    -5.6561079e-10         2.6420348                 0                 0          -1000000                 0                 0                 0        0.93254801            4.5075	E1, 
        0.93885418    -7.2397702e-10    -4.9175319e-10        0.93885418    -8.3271288e-10    -5.6561079e-10          2.650835                 0                 0          -1000000                 0                 0                 0         0.9367546            4.5225	E1, 
        0.94306337    -7.2529489e-10    -4.9264833e-10        0.94306337    -8.3271288e-10    -5.6561079e-10         2.6596352                 0                 0          -1000000                 0                 0                 0        0.94096293            4.5375	E1, 
        0.94727428    -7.2660895e-10    -4.9354089e-10        0.94727428    -8.3271288e-10    -5.6561079e-10         2.6684353                 0                 0          -1000000                 0                 0                 0        0.94517298            4.5525	E1, 
        0.95148689    -7.2791922e-10    -4.9443088e-10        0.95148689    -8.3271288e-10    -5.6561079e-10         2.6772355                 0                 0          -1000000                 0                 0                 0        0.94938474            4.5675	E1, 
         0.9557012    -7.2922572e-10     -4.953183e-10         0.9557012    -8.3271288e-10    -5.6561079e-10         2.6860357                 0                 0          -1000000                 0                 0                 0         0.9535982            4.5825	E1, 
        0.95991717    -7.3052847e-10    -4.9620318e-10        0.95991717    -8.3271288e-10    -5.6561079e-10         2.6948359                 0                 0          -1000000                 0                 0                 0        0.95781334            4.5975	E1, 
         0.9641348    -7.3182749e-10    -4.9708553e-10         0.9641348    -8.3271288e-10    -5.6561079e-10         2.7036361                 0                 0          -1000000                 0                 0                 0        0.96203015            4.6125	E1, 
        0.96835408     -7.331228e-10    -4.9796535e-10        0.96835408    -8.3271288e-10    -5.6561079e-10         2.7124363                 0                 0          -1000000                 0                 0                 0         0.9662486            4.6275	E1, 
        0.97257499    -7.3441442e-10    -4.9884267e-10        0.97257499    -8.3271288e-10    -5.6561079e-10         2.7212365                 0                 0          -1000000                 0                 0                 0         0.9704687            4.6425	E1, 
        0.97679752    -7.3570237e-10     -4.997175e-10        0.97679752    -8.3271288e-10    -5.6561079e-10         2.7300367                 0                 0          -1000000                 0                 0                 0        0.97469042            4.6575	E1, 
        0.98102165    -7.3698667e-10    -5.0058984e-10        0.98102165    -8.3271288e-10    -5.6561079e-10         2.7388369                 0                 0          -1000000                 0                 0                 0        0.97891375            4.6725	E1, 
        0.98524737    -7.3826734e-10    -5.0145972e-10        0.98524737    -8.3271288e-10    -5.6561079e-10          2.747637                 0                 0          -1000000                 0                 0                 0        0.98313868            4.6875	E1, 
        0.98947467    -7.3954439e-10    -5.0232715e-10        0.98947467    -8.3271288e-10    -5.6561079e-10         2.7564372                 0                 0          -1000000                 0                 0                 0        0.98736519            4.7025	E1, 
        0.99370353    -7.4081786e-10    -5.0319213e-10        0.99370353    -8.3271288e-10    -5.6561079e-10         2.7652374                 0                 0          -1000000                 0                 0                 0        0.99159326            4.7175	E1, 
        0.99793394    -7.4208774e-10    -5.0405469e-10        0.99793394    -8.3271288e-10    -5.6561079e-10         2.7740376                 0                 0          -1000000                 0                 0                 0         0.9958229            4.7325	E1, 
         1.0021659    -7.4335408e-10    -5.0491483e-10         1.0021659    -8.3271288e-10    -5.6561079e-10         2.7828378                 0                 0          -1000000                 0                 0                 0         1.0000541            4.7475	E1, 
         1.0063994    -7.4461687e-10    -5.0577257e-10         1.0063994    -8.3271288e-10    -5.6561079e-10          2.791638                 0                 0          -1000000                 0                 0                 0         1.0042868            4.7625	E1, 
         1.0106343    -7.4587615e-10    -5.0662792e-10         1.0106343    -8.3271288e-10    -5.6561079e-10         2.8004382                 0                 0          -1000000                 0                 0                 0          1.008521            4.7775	E1, 
         1.0148708    -7.4713192e-10    -5.0748089e-10         1.0148708    -8.3271288e-10    -5.6561079e-10         2.8092384                 0                 0          -1000000                 0                 0                 0         1.0127567            4.7925	E1, 
         1.0191088    -7.4838421e-10     -5.083315e-10         1.0191088    -8.3271288e-10    -5.6561079e-10         2.8180385                 0                 0          -1000000                 0                 0                 0          1.016994            4.8075	E1, 
         1.0233482    -7.4963304e-10    -5.0917975e-10         1.0233482    -8.3271288e-10    -5.6561079e-10         2.8268387                 0                 0          -1000000                 0                 0                 0         1.0212327            4.8225	E1, 
         1.0275891    -7.5087842e-10    -5.1002566e-10         1.0275891    -8.3271288e-10    -5.6561079e-10         2.8356389                 0                 0          -1000000                 0                 0                 0         1.0254729            4.8375	E1, 
         1.0318315    -7.5212038e-10    -5.1086924e-10         1.0318315    -8.3271288e-10    -5.6561079e-10         2.8444391                 0                 0          -1000000                 0                 0                 0         1.0297145            4.8525	E1, 
         1.0360753    -7.5335892e-10    -5.1171051e-10         1.0360753    -8.3271288e-10    -5.6561079e-10         2.8532393                 0                 0          -1000000                 0                 0                 0         1.0339576            4.8675	E1, 
         1.0403205    -7.5459407e-10    -5.1254947e-10         1.0403205    -8.3271288e-10    -5.6561079e-10         2.8620395                 0                 0          -1000000                 0                 0                 0         1.0382021            4.8825	E1, 
         1.0445671    -7.5582584e-10    -5.1338614e-10         1.0445671    -8.3271288e-10    -5.6561079e-10         2.8708397                 0                 0          -1000000                 0                 0                 0          1.042448            4.8975	E1, 
         1.0488151    -7.5705426e-10    -5.1422052e-10         1.0488151    -8.3271288e-10    -5.6561079e-10         2.8796399                 0                 0          -1000000                 0                 0                 0         1.0466953            4.9125	E1, 
         1.0530646    -7.5827933e-10    -5.1505264e-10         1.0530646    -8.3271288e-10    -5.6561079e-10         2.8884401                 0                 0          -1000000                 0                 0                 0          1.050944            4.9275	E1, 
         1.0573154    -7.5950108e-10     -5.158825e-10         1.0573154    -8.3271288e-10    -5.6561079e-10         2.8972402                 0                 0          -1000000                 0                 0                 0         1.0551942            4.9425	E1, 
         1.0615676    -7.6071952e-10    -5.1671011e-10         1.0615676    -8.3271288e-10    -5.6561079e-10         2.9060404                 0                 0          -1000000                 0                 0                 0         1.0594456            4.9575	E1, 
         1.0658211    -7.6193467e-10    -5.1753549e-10         1.0658211    -8.3271288e-10    -5.6561079e-10         2.9148406                 0                 0          -1000000                 0                 0                 0         1.0636985            4.9725	E1, 
          1.070076    -7.6314655e-10    -5.1835864e-10          1.070076    -8.3271288e-10    -5.6561079e-10         2.9236408                 0                 0          -1000000                 0                 0                 0         1.0679527            4.9875	E1, 
         1.0743322    -7.6435517e-10    -5.1917959e-10         1.0743322    -8.3271288e-10    -5.6561079e-10          2.932441                 0                 0          -1000000                 0                 0                 0         1.0722083            5.0025	E1, 
         1.0785897    -7.6556055e-10    -5.1999832e-10         1.0785897    -8.3271288e-10    -5.6561079e-10         2.9412412                 0                 0          -1000000                 0                 0                 0         1.0764651            5.0175	E1, 
         1.0828486     -7.667627e-10    -5.2081487e-10         1.0828486    -8.3271288e-10    -5.6561079e-10         2.9500414                 0                 0          -1000000                 0                 0                 0         1.0807233            5.0325	E1, 
         1.0871087    -7.6796165e-10    -5.2162924e-10         1.0871087    -8.3271288e-10    -5.6561079e-10         2.9588416                 0                 0          -1000000                 0                 0                 0         1.0849828            5.0475	E1, 
         1.0913702     -7.691574e-10    -5.2244145e-10         1.0913702    -8.3271288e-10    -5.6561079e-10         2.9676417                 0                 0          -1000000                 0                 0                 0         1.0892436            5.0625	E1, 
         1.0956329    -7.7034998e-10    -5.2325149e-10         1.0956329    -8.3271288e-10    -5.6561079e-10         2.9764419                 0                 0          -1000000                 0                 0                 0         1.0935057            5.0775	E1, 
         1.0998969    -7.7153939e-10    -5.2405939e-10         1.0998969    -8.3271288e-10    -5.6561079e-10         2.9852421                 0                 0          -1000000                 0                 0                 0         1.0977691            5.0925	E1, 
         1.1041622    -7.7272566e-10    -5.2486515e-10         1.1041622    -8.3271288e-10    -5.6561079e-10         2.9940423                 0                 0          -1000000                 0                 0                 0         1.1020338            5.1075	E1, 
         1.1084287    -7.7390881e-10    -5.2566878e-10         1.1084287    -8.3271288e-10    -5.6561079e-10         3.0028425                 0                 0          -1000000                 0                 0                 0         1.1062997            5.1225	E1, 
         1.1126965    -7.7508883e-10    -5.2647031e-10         1.1126965    -8.3271288e-10    -5.6561079e-10         3.0116427                 0                 0          -1000000                 0                 0                 0         1.1105668            5.1375	E1, 
         1.1169655    -7.7626577e-10    -5.2726972e-10         1.1169655    -8.3271288e-10    -5.6561079e-10         3.0204429                 0                 0          -1000000                 0                 0                 0         1.1148352            5.1525	E1, 
         1.1212357    -7.7743961e-10    -5.2806705e-10         1.1212357    -8.3271288e-10    -5.6561079e-10         3.0292431                 0                 0          -1000000                 0                 0                 0         1.1191048            5.1675	E1, 
         1.1255072    -7.7861039e-10    -5.2886229e-10         1.1255072    -8.3271288e-10    -5.6561079e-10         3.0380432                 0                 0          -1000000                 0                 0                 0         1.1233756            5.1825	E1, 
         1.1297798    -7.7977812e-10    -5.2965545e-10         1.1297798    -8.3271288e-10    -5.6561079e-10         3.0468434                 0                 0          -1000000                 0                 0                 0         1.1276477            5.1975	E1, 
         1.1340536    -7.8094281e-10    -5.3044656e-10         1.1340536    -8.3271288e-10    -5.6561079e-10         3.0556436                 0                 0          -1000000                 0                 0                 0         1.1319209            5.2125	E1, 
         1.1383287    -7.8210448e-10    -5.3123561e-10         1.1383287    -8.3271288e-10    -5.6561079e-10         3.0644438                 0                 0          -1000000                 0                 0                 0         1.1361954            5.2275	E1, 
         1.1426049    -7.8326315e-10    -5.3202261e-10         1.1426049    -8.3271288e-10    -5.6561079e-10          3.073244                 0                 0          -1000000                 0                 0                 0          1.140471            5.2425	E1, 
         1.1468822    -7.8441881e-10    -5.3280759e-10         1.1468822    -8.3271288e-10    -5.6561079e-10         3.0820442                 0                 0          -1000000                 0                 0                 0         1.1447478            5.2575	E1, 
         1.1511608     -7.855715e-10    -5.3359054e-10         1.1511608    -8.3271288e-10    -5.6561079e-10         3.0908444                 0                 0          -1000000                 0                 0                 0         1.1490257            5.2725	E1, 
         1.1554405    -7.8672123e-10    -5.3437148e-10         1.1554405    -8.3271288e-10    -5.6561079e-10         3.0996446                 0                 0          -1000000                 0                 0                 0         1.1533048            5.2875	E1, 
         1.1597213    -7.8786801e-10    -5.3515042e-10         1.1597213    -8.3271288e-10    -5.6561079e-10         3.1084448                 0                 0          -1000000                 0                 0                 0         1.1575851            5.3025	E1, 
         1.1640032    -7.8901185e-10    -5.3592736e-10         1.1640032    -8.3271288e-10    -5.6561079e-10         3.1172449                 0                 0          -1000000                 0                 0                 0         1.1618665            5.3175	E1, 
         1.1682863    -7.9015277e-10    -5.3670232e-10         1.1682863    -8.3271288e-10    -5.6561079e-10         3.1260451                 0                 0          -1000000                 0                 0                 0          1.166149            5.3325	E1, 
         1.1725705    -7.9129079e-10     -5.374753e-10         1.1725705    -8.3271288e-10    -5.6561079e-10         3.1348453                 0                 0          -1000000                 0                 0                 0         1.1704326            5.3475	E1, 
         1.1768558    -7.9242591e-10    -5.3824632e-10         1.1768558    -8.3271288e-10    -5.6561079e-10         3.1436455                 0                 0          -1000000                 0                 0                 0         1.1747174            5.3625	E1, 
         1.1811422    -7.9355815e-10    -5.3901538e-10         1.1811422    -8.3271288e-10    -5.6561079e-10         3.1524457                 0                 0          -1000000                 0                 0                 0         1.1790032            5.3775	E1, 
         1.1854297    -7.9468753e-10     -5.397825e-10         1.1854297    -8.3271288e-10    -5.6561079e-10         3.1612459                 0                 0          -1000000                 0                 0                 0         1.1832901            5.3925	E1, 
         1.1897182    -7.9581406e-10    -5.4054768e-10         1.1897182    -8.3271288e-10    -5.6561079e-10         3.1700461                 0                 0          -1000000                 0                 0                 0         1.1875782            5.4075	E1, 
         1.1940079    -7.9693775e-10    -5.4131094e-10         1.1940079    -8.3271288e-10    -5.6561079e-10         3.1788463                 0                 0          -1000000                 0                 0                 0         1.1918673            5.4225	E1, 
         1.1982986    -7.9805862e-10    -5.4207227e-10         1.1982986    -8.3271288e-10    -5.6561079e-10         3.1876464                 0                 0          -1000000                 0                 0                 0         1.1961574            5.4375	E1, 
         1.2025904    -7.9917668e-10     -5.428317e-10         1.2025904    -8.3271288e-10    -5.6561079e-10         3.1964466                 0                 0          -1000000                 0                 0                 0         1.2004487            5.4525	E1, 
         1.2068832    -8.0029193e-10    -5.4358923e-10         1.2068832    -8.3271288e-10    -5.6561079e-10         3.2052468                 0                 0          -1000000                 0                 0                 0          1.204741            5.4675	E1, 
          1.211177    -8.0140441e-10    -5.4434486e-10          1.211177    -8.3271288e-10    -5.6561079e-10          3.214047                 0                 0          -1000000                 0                 0                 0         1.2090343            5.4825	E1, 
         1.2154719    -8.0251411e-10    -5.4509862e-10         1.2154719    -8.3271288e-10    -5.6561079e-10         3.2228472                 0                 0          -1000000                 0                 0                 0         1.2133287            5.4975	E1, 
         1.2197678    -8.0362106e-10     -5.458505e-10         1.2197678    -8.3271288e-10    -5.6561079e-10         3.2316474                 0                 0          -1000000                 0                 0                 0         1.2176241            5.5125	E1, 
         1.2240648    -8.0472526e-10    -5.4660052e-10         1.2240648    -8.3271288e-10    -5.6561079e-10         3.2404476                 0                 0          -1000000                 0                 0                 0         1.2219205            5.5275	E1, 
         1.2283627    -8.0582674e-10    -5.4734868e-10         1.2283627    -8.3271288e-10    -5.6561079e-10         3.2492478                 0                 0          -1000000                 0                 0                 0         1.2262179            5.5425	E1, 
         1.2326617    -8.0692549e-10    -5.4809499e-10         1.2326617    -8.3271288e-10    -5.6561079e-10         3.2580479                 0                 0          -1000000                 0                 0                 0         1.2305164            5.5575	E1, 
         1.2369616    -8.0802154e-10    -5.4883947e-10         1.2369616    -8.3271288e-10    -5.6561079e-10         3.2668481                 0                 0          -1000000                 0                 0                 0         1.2348158            5.5725	E1, 
         1.2412625    -8.0911489e-10    -5.4958212e-10         1.2412625    -8.3271288e-10    -5.6561079e-10         3.2756483                 0                 0          -1000000                 0                 0                 0         1.2391163            5.5875	E1, 
         1.2455644    -8.1020556e-10    -5.5032295e-10         1.2455644    -8.3271288e-10    -5.6561079e-10         3.2844485                 0                 0          -1000000                 0                 0                 0         1.2434177            5.6025	E1, 
         1.2498673    -8.1129357e-10    -5.5106196e-10         1.2498673    -8.3271288e-10    -5.6561079e-10         3.2932487                 0                 0          -1000000                 0                 0                 0         1.2477201            5.6175	E1, 
         1.2541712    -8.1237892e-10    -5.5179917e-10         1.2541712    -8.3271288e-10    -5.6561079e-10         3.3020489                 0                 0          -1000000                 0                 0                 0         1.2520235            5.6325	E1, 
          1.258476    -8.1346162e-10    -5.5253459e-10          1.258476    -8.3271288e-10    -5.6561079e-10         3.3108491                 0                 0          -1000000                 0                 0                 0         1.2563278            5.6475	E1, 
         1.2627818     -8.145417e-10    -5.5326821e-10         1.2627818    -8.3271288e-10    -5.6561079e-10         3.3196493                 0                 0          -1000000                 0                 0                 0         1.2606331            5.6625	E1, 
         1.2670885    -8.1561915e-10    -5.5400006e-10         1.2670885    -8.3271288e-10    -5.6561079e-10         3.3284495                 0                 0          -1000000                 0                 0                 0         1.2649393            5.6775	E1, 
         1.2713961      -8.16694e-10    -5.5473014e-10         1.2713961    -8.3271288e-10    -5.6561079e-10         3.3372496                 0                 0          -1000000                 0                 0                 0         1.2692465            5.6925	E1, 
         1.2757047    -8.1776625e-10    -5.5545846e-10         1.2757047    -8.3271288e-10    -5.6561079e-10         3.3460498                 0                 0          -1000000                 0                 0                 0         1.2735546            5.7075	E1, 
         1.2800142    -8.1883593e-10    -5.5618502e-10         1.2800142    -8.3271288e-10    -5.6561079e-10           3.35485                 0                 0          -1000000                 0                 0                 0         1.2778637            5.7225	E1, 
         1.2843247    -8.1990303e-10    -5.5690984e-10         1.2843247    -8.3271288e-10    -5.6561079e-10         3.3636502                 0                 0          -1000000                 0                 0                 0         1.2821737            5.7375	E1, 
          1.288636    -8.2096757e-10    -5.5763291e-10          1.288636    -8.3271288e-10    -5.6561079e-10         3.3724504                 0                 0          -1000000                 0                 0                 0         1.2864846            5.7525	E1, 
         1.2929483    -8.2202956e-10    -5.5835426e-10         1.2929483    -8.3271288e-10    -5.6561079e-10         3.3812506                 0                 0          -1000000                 0                 0                 0         1.2907964            5.7675	E1, 
         1.2972614    -8.2308902e-10    -5.5907389e-10         1.2972614    -8.3271288e-10    -5.6561079e-10         3.3900508                 0                 0          -1000000                 0                 0                 0         1.2951091            5.7825	E1, 
         1.3015754    -8.2414595e-10     -5.597918e-10         1.3015754    -8.3271288e-10    -5.6561079e-10          3.398851                 0                 0          -1000000                 0                 0                 0         1.2994227            5.7975	E1, 
         1.3058904    -8.2520037e-10      -5.60508e-10         1.3058904    -8.3271288e-10    -5.6561079e-10         3.4076511                 0                 0          -1000000                 0                 0                 0         1.3037371            5.8125	E1, 
         1.3102062    -8.2625229e-10     -5.612225e-10         1.3102062    -8.3271288e-10    -5.6561079e-10         3.4164513                 0                 0          -1000000                 0                 0                 0         1.3080525            5.8275	E1, 
         1.3145229    -8.2730172e-10    -5.6193532e-10         1.3145229    -8.3271288e-10    -5.6561079e-10         3.4252515                 0                 0          -1000000                 0                 0                 0         1.3123688            5.8425	E1, 
         1.3188404    -8.2834867e-10    -5.6264644e-10         1.3188404    -8.3271288e-10    -5.6561079e-10         3.4340517                 0                 0          -1000000                 0                 0                 0         1.3166859            5.8575	E1, 
         1.3231588    -8.2939315e-10     -5.633559e-10         1.3231588    -8.3271288e-10    -5.6561079e-10         3.4428519                 0                 0          -1000000                 0                 0                 0         1.3210039            5.8725	E1, 
         1.3274781    -8.3043518e-10    -5.6406368e-10         1.3274781    -8.3271288e-10    -5.6561079e-10         3.4516521                 0                 0          -1000000                 0                 0                 0         1.3253227            5.8875	E1, 
         1.3317982    -8.3147476e-10     -5.647698e-10         1.3317982    -8.3271288e-10    -5.6561079e-10         3.4604523                 0                 0          -1000000                 0                 0                 0         1.3296424            5.9025	E1, 
         1.3361192     -8.325119e-10    -5.6547427e-10         1.3361192    -8.3271288e-10    -5.6561079e-10         3.4692525                 0                 0          -1000000                 0                 0                 0         1.3339629            5.9175	E1, 
          1.340441    -8.3354663e-10     -5.661771e-10          1.340441    -8.3271288e-10    -5.6561079e-10         3.4780527                 0                 0          -1000000                 0                 0                 0         1.3382843            5.9325	E1, 
         1.3447636    -8.3457893e-10    -5.6687828e-10         1.3447636    -8.3271288e-10    -5.6561079e-10         3.4868528                 0                 0          -1000000                 0                 0                 0         1.3426065            5.9475	E1, 
         1.3490871    -8.3560884e-10    -5.6757784e-10         1.3490871    -8.3271288e-10    -5.6561079e-10          3.495653                 0                 0          -1000000                 0                 0                 0         1.3469296            5.9625	E1, 
         1.3534114    -8.3663636e-10    -5.6827576e-10         1.3534114    -8.3271288e-10    -5.6561079e-10         3.5044532                 0                 0          -1000000                 0                 0                 0         1.3512534            5.9775	E1, 
         1.3577364    -8.3766149e-10    -5.6897208e-10         1.3577364    -8.3271288e-10    -5.6561079e-10         3.5132534                 0                 0          -1000000                 0                 0                 0         1.3555781            5.9925	E1, 
         1.3620623    -8.3868426e-10    -5.6966678e-10         1.3620623    -8.3271288e-10    -5.6561079e-10         3.5220536                 0                 0          -1000000                 0                 0                 0         1.3599036            6.0075	E1, 
         1.3663891    -8.3970467e-10    -5.7035988e-10         1.3663891    -8.3271288e-10    -5.6561079e-10         3.5308538                 0                 0          -1000000                 0                 0                 0         1.3642299            6.0225	E1, 
         1.3707166    -8.4072272e-10    -5.7105138e-10         1.3707166    -8.3271288e-10    -5.6561079e-10          3.539654                 0                 0          -1000000                 0                 0                 0          1.368557            6.0375	E1, 
         1.3750449    -8.4173844e-10     -5.717413e-10         1.3750449    -8.3271288e-10    -5.6561079e-10         3.5484542                 0                 0          -1000000                 0                 0                 0         1.3728849            6.0525	E1, 
         1.3793739    -8.4275183e-10    -5.7242963e-10         1.3793739    -8.3271288e-10    -5.6561079e-10         3.5572543                 0                 0          -1000000                 0                 0                 0         1.3772136            6.0675	E1, 
         1.3837038     -8.437629e-10    -5.7311639e-10         1.3837038    -8.3271288e-10    -5.6561079e-10         3.5660545                 0                 0          -1000000                 0                 0                 0         1.3815431            6.0825	E1, 
         1.3880344    -8.4477166e-10    -5.7380158e-10         1.3880344    -8.3271288e-10    -5.6561079e-10         3.5748547                 0                 0          -1000000                 0                 0                 0         1.3858734            6.0975	E1, 
         1.3923659    -8.4577813e-10    -5.7448521e-10         1.3923659    -8.3271288e-10    -5.6561079e-10         3.5836549                 0                 0          -1000000                 0                 0                 0         1.3902044            6.1125	E1, 
          1.396698    -8.4678231e-10    -5.7516728e-10          1.396698    -8.3271288e-10    -5.6561079e-10         3.5924551                 0                 0          -1000000                 0                 0                 0         1.3945362            6.1275	E1, 
          1.401031    -8.4778421e-10    -5.7584781e-10          1.401031    -8.3271288e-10    -5.6561079e-10         3.6012553                 0                 0          -1000000                 0                 0                 0         1.3988687            6.1425	E1, 
         1.4053647    -8.4878384e-10     -5.765268e-10         1.4053647    -8.3271288e-10    -5.6561079e-10         3.6100555                 0                 0          -1000000                 0                 0                 0         1.4032021            6.1575	E1, 
         1.4096991    -8.4978121e-10    -5.7720425e-10         1.4096991    -8.3271288e-10    -5.6561079e-10         3.6188557                 0                 0          -1000000                 0                 0                 0         1.4075361            6.1725	E1, 
         1.4140343    -8.5077633e-10    -5.7788018e-10         1.4140343    -8.3271288e-10    -5.6561079e-10         3.6276558                 0                 0          -1000000                 0                 0                 0         1.4118709            6.1875	E1, 
         1.4183702    -8.5176922e-10    -5.7855459e-10         1.4183702    -8.3271288e-10    -5.6561079e-10          3.636456                 0                 0          -1000000                 0                 0                 0         1.4162065            6.2025	E1, 
         1.4227069    -8.5275988e-10    -5.7922748e-10         1.4227069    -8.3271288e-10    -5.6561079e-10         3.6452562                 0                 0          -1000000                 0                 0                 0         1.4205428            6.2175	E1, 
         1.4270443    -8.5374831e-10    -5.7989887e-10         1.4270443    -8.3271288e-10    -5.6561079e-10         3.6540564                 0                 0          -1000000                 0                 0                 0         1.4248798            6.2325	E1, 
         1.4313824    -8.5473454e-10    -5.8056875e-10         1.4313824    -8.3271288e-10    -5.6561079e-10         3.6628566                 0                 0          -1000000                 0                 0                 0         1.4292176            6.2475	E1, 
         1.4357213    -8.5571857e-10    -5.8123714e-10         1.4357213    -8.3271288e-10    -5.6561079e-10         3.6716568                 0                 0          -1000000                 0                 0                 0         1.4335561            6.2625	E1, 
         1.4400608     -8.567004e-10    -5.8190404e-10         1.4400608    -8.3271288e-10    -5.6561079e-10          3.680457                 0                 0          -1000000                 0                 0                 0         1.4378953            6.2775	E1, 
         1.4444011    -8.5768006e-10    -5.8256946e-10         1.4444011    -8.3271288e-10    -5.6561079e-10         3.6892572                 0                 0          -1000000                 0                 0                 0         1.4422352            6.2925	E1, 
         1.4487421    -8.5865754e-10     -5.832334e-10         1.4487421    -8.3271288e-10    -5.6561079e-10         3.6980574                 0                 0          -1000000                 0                 0                 0         1.4465758            6.3075	E1, 
         1.4530837    -8.5963286e-10    -5.8389588e-10         1.4530837    -8.3271288e-10    -5.6561079e-10         3.7068575                 0                 0          -1000000                 0                 0                 0         1.4509171            6.3225	E1, 
         1.4574261    -8.6060602e-10    -5.8455689e-10         1.4574261    -8.3271288e-10    -5.6561079e-10         3.7156577                 0                 0          -1000000                 0                 0                 0         1.4552592            6.3375	E1, 
         1.4617692    -8.6157705e-10    -5.8521644e-10         1.4617692    -8.3271288e-10    -5.6561079e-10         3.7244579                 0                 0          -1000000                 0                 0                 0         1.4596019            6.3525	E1, 
         1.4661129    -8.6254593e-10    -5.8587455e-10         1.4661129    -8.3271288e-10    -5.6561079e-10         3.7332581                 0                 0          -1000000                 0                 0                 0         1.4639453            6.3675	E1, 
         1.4704574    -8.6351269e-10    -5.8653121e-10         1.4704574    -8.3271288e-10    -5.6561079e-10         3.7420583                 0                 0          -1000000                 0                 0                 0         1.4682894            6.3825	E1, 
         1.4748025    -8.6447733e-10    -5.8718643e-10         1.4748025    -8.3271288e-10    -5.6561079e-10         3.7508585                 0                 0          -1000000                 0                 0                 0         1.4726342            6.3975	E1, 
         1.4791483    -8.6543986e-10    -5.8784022e-10         1.4791483    -8.3271288e-10    -5.6561079e-10         3.7596587                 0                 0          -1000000                 0                 0                 0         1.4769796            6.4125	E1, 
         1.4834947     -8.664003e-10    -5.8849258e-10         1.4834947    -8.3271288e-10    -5.6561079e-10         3.7684589                 0                 0          -1000000                 0                 0                 0         1.4813257            6.4275	E1, 
         1.4878419    -8.6735864e-10    -5.8914353e-10         1.4878419    -8.3271288e-10    -5.6561079e-10          3.777259                 0                 0          -1000000                 0                 0                 0         1.4856725            6.4425	E1, 
         1.4921896     -8.683149e-10    -5.8979305e-10         1.4921896    -8.3271288e-10    -5.6561079e-10         3.7860592                 0                 0          -1000000                 0                 0                 0           1.49002            6.4575	E1, 
         1.4965381    -8.6926909e-10    -5.9044117e-10         1.4965381    -8.3271288e-10    -5.6561079e-10         3.7948594                 0                 0          -1000000                 0                 0                 0         1.4943681            6.4725	E1, 
         1.5008872    -8.7022121e-10    -5.9108789e-10         1.5008872    -8.3271288e-10    -5.6561079e-10         3.8036596                 0                 0          -1000000                 0                 0                 0         1.4987169            6.4875	E1, 
         1.5052369    -8.7117127e-10    -5.9173321e-10         1.5052369    -8.3271288e-10    -5.6561079e-10         3.8124598                 0                 0          -1000000                 0                 0                 0         1.5030663            6.5025	E1, 
         1.5095873    -8.7211929e-10    -5.9237714e-10         1.5095873    -8.3271288e-10    -5.6561079e-10           3.82126                 0                 0          -1000000                 0                 0                 0         1.5074164            6.5175	E1, 
         1.5139383    -8.7306527e-10    -5.9301969e-10         1.5139383    -8.3271288e-10    -5.6561079e-10         3.8300602                 0                 0          -1000000                 0                 0                 0         1.5117671            6.5325	E1, 
           1.51829    -8.7400922e-10    -5.9366086e-10           1.51829    -8.3271288e-10    -5.6561079e-10         3.8388604                 0                 0          -1000000                 0                 0                 0         1.5161184            6.5475	E1, 
         1.5226423    -8.7495115e-10    -5.9430065e-10         1.5226423    -8.3271288e-10    -5.6561079e-10         3.8476606                 0                 0          -1000000                 0                 0                 0         1.5204704            6.5625	E1, 
         1.5269952    -8.7589106e-10    -5.9493907e-10         1.5269952    -8.3271288e-10    -5.6561079e-10         3.8564607                 0                 0          -1000000                 0                 0                 0          1.524823            6.5775	E1, 
         1.5313488    -8.7682897e-10    -5.9557614e-10         1.5313488    -8.3271288e-10    -5.6561079e-10         3.8652609                 0                 0          -1000000                 0                 0                 0         1.5291762            6.5925	E1, 
         1.5357029    -8.7776488e-10    -5.9621184e-10         1.5357029    -8.3271288e-10    -5.6561079e-10         3.8740611                 0                 0          -1000000                 0                 0                 0         1.5335301            6.6075	E1, 
         1.5400577     -8.786988e-10     -5.968462e-10         1.5400577    -8.3271288e-10    -5.6561079e-10         3.8828613                 0                 0          -1000000                 0                 0                 0         1.5378846            6.6225	E1, 
         1.5444131    -8.7963074e-10    -5.9747921e-10         1.5444131    -8.3271288e-10    -5.6561079e-10         3.8916615                 0                 0          -1000000                 0                 0                 0         1.5422397            6.6375	E1, 
         1.5487691     -8.805607e-10    -5.9811088e-10         1.5487691    -8.3271288e-10    -5.6561079e-10         3.9004617                 0                 0          -1000000                 0                 0                 0         1.5465954            6.6525	E1, 
         1.5531257    -8.8148871e-10    -5.9874121e-10         1.5531257    -8.3271288e-10    -5.6561079e-10         3.9092619                 0                 0          -1000000                 0                 0                 0         1.5509517            6.6675	E1, 
         1.5574829    -8.8241475e-10    -5.9937022e-10         1.5574829    -8.3271288e-10    -5.6561079e-10         3.9180621                 0                 0          -1000000                 0                 0                 0         1.5553086            6.6825	E1, 
         1.5618407    -8.8333885e-10     -5.999979e-10         1.5618407    -8.3271288e-10    -5.6561079e-10         3.9268622                 0                 0          -1000000                 0                 0                 0         1.5596661            6.6975	E1, 
         1.5661991      -8.84261e-10    -6.0062426e-10         1.5661991    -8.3271288e-10    -5.6561079e-10         3.9356624                 0                 0          -1000000                 0                 0                 0         1.5640242            6.7125	E1, 
         1.5705581    -8.8518123e-10    -6.0124932e-10         1.5705581    -8.3271288e-10    -5.6561079e-10         3.9444626                 0                 0          -1000000                 0                 0                 0         1.5683829            6.7275	E1, 
         1.5749177    -8.8609952e-10    -6.0187306e-10         1.5749177    -8.3271288e-10    -5.6561079e-10         3.9532628                 0                 0          -1000000                 0                 0                 0         1.5727422            6.7425	E1, 
         1.5792779     -8.870159e-10     -6.024955e-10         1.5792779    -8.3271288e-10    -5.6561079e-10          3.962063                 0                 0          -1000000                 0                 0                 0          1.577102            6.7575	E1, 
         1.5836386    -8.8793038e-10    -6.0311664e-10         1.5836386    -8.3271288e-10    -5.6561079e-10         3.9708632                 0                 0          -1000000                 0                 0                 0         1.5814625            6.7725	E1, 
         1.5879999    -8.8884294e-10     -6.037365e-10         1.5879999    -8.3271288e-10    -5.6561079e-10         3.9796634                 0                 0          -1000000                 0                 0                 0         1.5858235            6.7875	E1, 
         1.5923618    -8.8975362e-10    -6.0435506e-10         1.5923618    -8.3271288e-10    -5.6561079e-10         3.9884636                 0                 0          -1000000                 0                 0                 0         1.5901851            6.8025	E1, 
         1.5967242    -8.9066241e-10    -6.0497234e-10         1.5967242    -8.3271288e-10    -5.6561079e-10         3.9972637                 0                 0          -1000000                 0                 0                 0         1.5945472            6.8175	E1, 
         1.6010872    -8.9156932e-10    -6.0558835e-10         1.6010872    -8.3271288e-10    -5.6561079e-10         4.0060639                 0                 0          -1000000                 0                 0                 0           1.59891            6.8325	E1, 
         1.6054508    -8.9247435e-10    -6.0620309e-10         1.6054508    -8.3271288e-10    -5.6561079e-10         4.0148641                 0                 0          -1000000                 0                 0                 0         1.6032733            6.8475	E1, 
         1.6098149    -8.9337753e-10    -6.0681656e-10         1.6098149    -8.3271288e-10    -5.6561079e-10         4.0236643                 0                 0          -1000000                 0                 0                 0         1.6076371            6.8625	E1, 
         1.6141796    -8.9427884e-10    -6.0742877e-10         1.6141796    -8.3271288e-10    -5.6561079e-10         4.0324645                 0                 0          -1000000                 0                 0                 0         1.6120015            6.8775	E1, 
         1.6185448    -8.9517831e-10    -6.0803972e-10         1.6185448    -8.3271288e-10    -5.6561079e-10         4.0412647                 0                 0          -1000000                 0                 0                 0         1.6163665            6.8925	E1, 
         1.6229106    -8.9607593e-10    -6.0864942e-10         1.6229106    -8.3271288e-10    -5.6561079e-10         4.0500649                 0                 0          -1000000                 0                 0                 0          1.620732            6.9075	E1, 
         1.6272769    -8.9697172e-10    -6.0925788e-10         1.6272769    -8.3271288e-10    -5.6561079e-10         4.0588651                 0                 0          -1000000                 0                 0                 0          1.625098            6.9225	E1, 
         1.6316438    -8.9786569e-10    -6.0986509e-10         1.6316438    -8.3271288e-10    -5.6561079e-10         4.0676653                 0                 0          -1000000                 0                 0                 0         1.6294646            6.9375	E1, 
         1.6360112    -8.9875783e-10    -6.1047107e-10         1.6360112    -8.3271288e-10    -5.6561079e-10         4.0764654                 0                 0          -1000000                 0                 0                 0         1.6338317            6.9525	E1, 
         1.6403791    -8.9964816e-10    -6.1107581e-10         1.6403791    -8.3271288e-10    -5.6561079e-10         4.0852656                 0                 0          -1000000                 0                 0                 0         1.6381994            6.9675	E1, 
         1.6447476    -9.0053668e-10    -6.1167933e-10         1.6447476    -8.3271288e-10    -5.6561079e-10         4.0940658                 0                 0          -1000000                 0                 0                 0         1.6425676            6.9825	E1, 
         1.6491166    -9.0142341e-10    -6.1228163e-10         1.6491166    -8.3271288e-10    -5.6561079e-10          4.102866                 0                 0          -1000000                 0                 0                 0         1.6469363            6.9975	E1, 
         1.6534861    -9.0230834e-10    -6.1288271e-10         1.6534861    -8.3271288e-10    -5.6561079e-10         4.1116662                 0                 0          -1000000                 0                 0                 0         1.6513056            7.0125	E1, 
         1.6578561    -9.0319149e-10    -6.1348258e-10         1.6578561    -8.3271288e-10    -5.6561079e-10         4.1204664                 0                 0          -1000000                 0                 0                 0         1.6556754            7.0275	E1, 
         1.6622267    -9.0407286e-10    -6.1408124e-10         1.6622267    -8.3271288e-10    -5.6561079e-10         4.1292666                 0                 0          -1000000                 0                 0                 0         1.6600456            7.0425	E1, 
         1.6665977    -9.0495246e-10     -6.146787e-10         1.6665977    -8.3271288e-10    -5.6561079e-10         4.1380668                 0                 0          -1000000                 0                 0                 0         1.6644165            7.0575	E1, 
         1.6709693    -9.0583029e-10    -6.1527496e-10         1.6709693    -8.3271288e-10    -5.6561079e-10         4.1468669                 0                 0          -1000000                 0                 0                 0         1.6687878            7.0725	E1, 
         1.6753414    -9.0670637e-10    -6.1587003e-10         1.6753414    -8.3271288e-10    -5.6561079e-10         4.1556671                 0                 0          -1000000                 0                 0                 0         1.6731596            7.0875	E1, 
          1.679714     -9.075807e-10     -6.164639e-10          1.679714    -8.3271288e-10    -5.6561079e-10         4.1644673                 0                 0          -1000000                 0                 0                 0         1.6775319            7.1025	E1, 
         1.6840871    -9.0845329e-10     -6.170566e-10         1.6840871    -8.3271288e-10    -5.6561079e-10         4.1732675                 0                 0          -1000000                 0                 0                 0         1.6819048            7.1175	E1, 
         1.6884607    -9.0932413e-10    -6.1764811e-10         1.6884607    -8.3271288e-10    -5.6561079e-10         4.1820677                 0                 0          -1000000                 0                 0                 0         1.6862781            7.1325	E1, 
         1.6928348    -9.1019325e-10    -6.1823845e-10         1.6928348    -8.3271288e-10    -5.6561079e-10         4.1908679                 0                 0          -1000000                 0                 0                 0          1.690652            7.1475	E1, 
         1.6972093    -9.1106065e-10    -6.1882762e-10         1.6972093    -8.3271288e-10    -5.6561079e-10         4.1996681                 0                 0          -1000000                 0                 0                 0         1.6950263            7.1625	E1, 
         1.7015844    -9.1192632e-10    -6.1941562e-10         1.7015844    -8.3271288e-10    -5.6561079e-10         4.2084683                 0                 0          -1000000                 0                 0                 0         1.6994011            7.1775	E1, 
           1.70596    -9.1279029e-10    -6.2000246e-10           1.70596    -8.3271288e-10    -5.6561079e-10         4.2172685                 0                 0          -1000000                 0                 0                 0         1.7037764            7.1925	E1, 
          1.710336    -9.1365256e-10    -6.2058814e-10          1.710336    -8.3271288e-10    -5.6561079e-10         4.2260686                 0                 0          -1000000                 0                 0                 0         1.7081522            7.2075	E1, 
         1.7147125    -9.1451312e-10    -6.2117267e-10         1.7147125    -8.3271288e-10    -5.6561079e-10         4.2348688                 0                 0          -1000000                 0                 0                 0         1.7125285            7.2225	E1, 
         1.7190895      -9.15372e-10    -6.2175606e-10         1.7190895    -8.3271288e-10    -5.6561079e-10          4.243669                 0                 0          -1000000                 0                 0                 0         1.7169053            7.2375	E1, 
          1.723467    -9.1622919e-10    -6.2233829e-10          1.723467    -8.3271288e-10    -5.6561079e-10         4.2524692                 0                 0          -1000000                 0                 0                 0         1.7212825            7.2525	E1, 
          1.727845    -9.1708471e-10    -6.2291939e-10          1.727845    -8.3271288e-10    -5.6561079e-10         4.2612694                 0                 0          -1000000                 0                 0                 0         1.7256603            7.2675	E1, 
         1.7322234    -9.1793855e-10    -6.2349936e-10         1.7322234    -8.3271288e-10    -5.6561079e-10         4.2700696                 0                 0          -1000000                 0                 0                 0         1.7300384            7.2825	E1, 
         1.7366023    -9.1879073e-10    -6.2407819e-10         1.7366023    -8.3271288e-10    -5.6561079e-10         4.2788698                 0                 0          -1000000                 0                 0                 0         1.7344171            7.2975	E1, 
         1.7409816    -9.1964125e-10    -6.2465589e-10         1.7409816    -8.3271288e-10    -5.6561079e-10           4.28767                 0                 0          -1000000                 0                 0                 0         1.7387962            7.3125	E1, 
         1.7453615    -9.2049011e-10    -6.2523248e-10         1.7453615    -8.3271288e-10    -5.6561079e-10         4.2964701                 0                 0          -1000000                 0                 0                 0         1.7431758            7.3275	E1, 
         1.7497417    -9.2133734e-10    -6.2580794e-10         1.7497417    -8.3271288e-10    -5.6561079e-10         4.3052703                 0                 0          -1000000                 0                 0                 0         1.7475559            7.3425	E1, 
         1.7541225    -9.2218292e-10    -6.2638229e-10         1.7541225    -8.3271288e-10    -5.6561079e-10         4.3140705                 0                 0          -1000000                 0                 0                 0         1.7519364            7.3575	E1, 
         1.7585037    -9.2302686e-10    -6.2695554e-10         1.7585037    -8.3271288e-10    -5.6561079e-10         4.3228707                 0                 0          -1000000                 0                 0                 0         1.7563173            7.3725	E1, 
         1.7628853    -9.2386918e-10    -6.2752767e-10         1.7628853    -8.3271288e-10    -5.6561079e-10         4.3316709                 0                 0          -1000000                 0                 0                 0         1.7606988            7.3875	E1, 
         1.7672674    -9.2470988e-10    -6.2809871e-10         1.7672674    -8.3271288e-10    -5.6561079e-10         4.3404711                 0                 0          -1000000                 0                 0                 0         1.7650806            7.4025	E1, 
         1.7716499    -9.2554896e-10    -6.2866864e-10         1.7716499    -8.3271288e-10    -5.6561079e-10         4.3492713                 0                 0          -1000000                 0                 0                 0         1.7694629            7.4175	E1, 
         1.7760329    -9.2638643e-10    -6.2923749e-10         1.7760329    -8.3271288e-10    -5.6561079e-10         4.3580715                 0                 0          -1000000                 0                 0                 0         1.7738457            7.4325	E1, 
         1.7804163     -9.272223e-10    -6.2980524e-10         1.7804163    -8.3271288e-10    -5.6561079e-10         4.3668716                 0                 0          -1000000                 0                 0                 0         1.7782289            7.4475	E1, 
         1.7848002    -9.2805658e-10    -6.3037191e-10         1.7848002    -8.3271288e-10    -5.6561079e-10         4.3756718                 0                 0          -1000000                 0                 0                 0         1.7826125            7.4625	E1, 
         1.7891845    -9.2888926e-10     -6.309375e-10         1.7891845    -8.3271288e-10    -5.6561079e-10          4.384472                 0                 0          -1000000                 0                 0                 0         1.7869966            7.4775	E1, 
         1.7935692    -9.2972035e-10    -6.3150201e-10         1.7935692    -8.3271288e-10    -5.6561079e-10         4.3932722                 0                 0          -1000000                 0                 0                 0         1.7913811            7.4925	E1, 
         1.7979544    -9.3054986e-10    -6.3206545e-10         1.7979544    -8.3271288e-10    -5.6561079e-10         4.4020724                 0                 0          -1000000                 0                 0                 0         1.7957661            7.5075	E1, 
           1.80234     -9.313778e-10    -6.3262782e-10           1.80234    -8.3271288e-10    -5.6561079e-10         4.4108726                 0                 0          -1000000                 0                 0                 0         1.8001515            7.5225	E1, 
          1.806726    -9.3220418e-10    -6.3318912e-10          1.806726    -8.3271288e-10    -5.6561079e-10         4.4196728                 0                 0          -1000000                 0                 0                 0         1.8045373            7.5375	E1, 
         1.8111125    -9.3302899e-10    -6.3374936e-10         1.8111125    -8.3271288e-10    -5.6561079e-10          4.428473                 0                 0          -1000000                 0                 0                 0         1.8089235            7.5525	E1, 
         1.8154993    -9.3385224e-10    -6.3430855e-10         1.8154993    -8.3271288e-10    -5.6561079e-10         4.4372732                 0                 0          -1000000                 0                 0                 0         1.8133102            7.5675	E1, 
         1.8198866    -9.3467394e-10    -6.3486668e-10         1.8198866    -8.3271288e-10    -5.6561079e-10         4.4460733                 0                 0          -1000000                 0                 0                 0         1.8176972            7.5825	E1, 
         1.8242743     -9.354941e-10    -6.3542376e-10         1.8242743    -8.3271288e-10    -5.6561079e-10         4.4548735                 0                 0          -1000000                 0                 0                 0         1.8220847            7.5975	E1, 
         1.8286624    -9.3631272e-10     -6.359798e-10         1.8286624    -8.3271288e-10    -5.6561079e-10         4.4636737                 0                 0          -1000000                 0                 0                 0         1.8264726            7.6125	E1, 
         1.8330509     -9.371298e-10    -6.3653479e-10         1.8330509    -8.3271288e-10    -5.6561079e-10         4.4724739                 0                 0          -1000000                 0                 0                 0         1.8308609            7.6275	E1, 
         1.8374399    -9.3794535e-10    -6.3708875e-10         1.8374399    -8.3271288e-10    -5.6561079e-10         4.4812741                 0                 0          -1000000                 0                 0                 0         1.8352497            7.6425	E1, 
         1.8418292    -9.3875939e-10    -6.3764167e-10         1.8418292    -8.3271288e-10    -5.6561079e-10         4.4900743                 0                 0          -1000000                 0                 0                 0         1.8396388            7.6575	E1, 
          1.846219     -9.395719e-10    -6.3819356e-10          1.846219    -8.3271288e-10    -5.6561079e-10         4.4988745                 0                 0          -1000000                 0                 0                 0         1.8440284            7.6725	E1, 
         1.8506091     -9.403829e-10    -6.3874443e-10         1.8506091    -8.3271288e-10    -5.6561079e-10         4.5076747                 0                 0          -1000000                 0                 0                 0         1.8484183            7.6875	E1, 
         1.8549997     -9.411924e-10    -6.3929427e-10         1.8549997    -8.3271288e-10    -5.6561079e-10         4.5164748                 0                 0          -1000000                 0                 0                 0         1.8528087            7.7025	E1, 
         1.8593906     -9.420004e-10    -6.3984309e-10         1.8593906    -8.3271288e-10    -5.6561079e-10          4.525275                 0                 0          -1000000                 0                 0                 0         1.8571994            7.7175	E1, 
          1.863782     -9.428069e-10     -6.403909e-10          1.863782    -8.3271288e-10    -5.6561079e-10         4.5340752                 0                 0          -1000000                 0                 0                 0         1.8615906            7.7325	E1, 
         1.8681737    -9.4361191e-10    -6.4093769e-10         1.8681737    -8.3271288e-10    -5.6561079e-10         4.5428754                 0                 0          -1000000                 0                 0                 0         1.8659821            7.7475	E1, 
         1.8725659    -9.4441543e-10    -6.4148348e-10         1.8725659    -8.3271288e-10    -5.6561079e-10         4.5516756                 0                 0          -1000000                 0                 0                 0         1.8703741            7.7625	E1, 
         1.8769584    -9.4521748e-10    -6.4202826e-10         1.8769584    -8.3271288e-10    -5.6561079e-10         4.5604758                 0                 0          -1000000                 0                 0                 0         1.8747664            7.7775	E1, 
         1.8813513    -9.4601805e-10    -6.4257204e-10         1.8813513    -8.3271288e-10    -5.6561079e-10          4.569276                 0                 0          -1000000                 0                 0                 0         1.8791591            7.7925	E1, 
         1.8857446    -9.4681716e-10    -6.4311482e-10         1.8857446    -8.3271288e-10    -5.6561079e-10         4.5780762                 0                 0          -1000000                 0                 0                 0         1.8835522            7.8075	E1, 
         1.8901383     -9.476148e-10    -6.4365661e-10         1.8901383    -8.3271288e-10    -5.6561079e-10         4.5868764                 0                 0          -1000000                 0                 0                 0         1.8879457            7.8225	E1, 
         1.8945324    -9.4841098e-10    -6.4419741e-10         1.8945324    -8.3271288e-10    -5.6561079e-10         4.5956765                 0                 0          -1000000                 0                 0                 0         1.8923396            7.8375	E1, 
         1.8989268    -9.4920571e-10    -6.4473722e-10         1.8989268    -8.3271288e-10    -5.6561079e-10         4.6044767                 0                 0          -1000000                 0                 0                 0         1.8967339            7.8525	E1, 
         1.9033216    -9.4999899e-10    -6.4527604e-10         1.9033216    -8.3271288e-10    -5.6561079e-10         4.6132769                 0                 0          -1000000                 0                 0                 0         1.9011285            7.8675	E1, 
         1.9077168    -9.5079083e-10    -6.4581389e-10         1.9077168    -8.3271288e-10    -5.6561079e-10         4.6220771                 0                 0          -1000000                 0                 0                 0         1.9055235            7.8825	E1, 
         1.9121124    -9.5158123e-10    -6.4635076e-10         1.9121124    -8.3271288e-10    -5.6561079e-10         4.6308773                 0                 0          -1000000                 0                 0                 0         1.9099189            7.8975	E1, 
         1.9165083    -9.5237019e-10    -6.4688666e-10         1.9165083    -8.3271288e-10    -5.6561079e-10         4.6396775                 0                 0          -1000000                 0                 0                 0         1.9143146            7.9125	E1, 
         1.9209047    -9.5315773e-10    -6.4742159e-10         1.9209047    -8.3271288e-10    -5.6561079e-10         4.6484777                 0                 0          -1000000                 0                 0                 0         1.9187108            7.9275	E1, 
         1.9253013    -9.5394385e-10    -6.4795555e-10         1.9253013    -8.3271288e-10    -5.6561079e-10         4.6572779                 0                 0          -1000000                 0                 0                 0         1.9231073            7.9425	E1, 
         1.9296984    -9.5472855e-10    -6.4848855e-10         1.9296984    -8.3271288e-10    -5.6561079e-10          4.666078                 0                 0          -1000000                 0                 0                 0         1.9275041            7.9575	E1, 
         1.9340958    -9.5551184e-10    -6.4902059e-10         1.9340958    -8.3271288e-10    -5.6561079e-10         4.6748782                 0                 0          -1000000                 0                 0                 0         1.9319013            7.9725	E1, 
         1.9384935    -9.5629372e-10    -6.4955167e-10         1.9384935    -8.3271288e-10    -5.6561079e-10         4.6836784                 0                 0          -1000000                 0                 0                 0         1.9362989            7.9875	E1, 
         1.9428917     -9.570742e-10     -6.500818e-10         1.9428917    -8.3271288e-10    -5.6561079e-10         4.6924786                 0                 0          -1000000                 0                 0                 0         1.9406969            8.0025	E1, 
         1.9472902    -9.5785328e-10    -6.5061098e-10         1.9472902    -8.3271288e-10    -5.6561079e-10         4.7012788                 0                 0          -1000000                 0                 0                 0         1.9450952            8.0175	E1, 
          1.951689    -9.5863097e-10    -6.5113922e-10          1.951689    -8.3271288e-10    -5.6561079e-10          4.710079                 0                 0          -1000000                 0                 0                 0         1.9494938            8.0325	E1, 
         1.9560882    -9.5940727e-10    -6.5166651e-10         1.9560882    -8.3271288e-10    -5.6561079e-10         4.7188792                 0                 0          -1000000                 0                 0                 0         1.9538929            8.0475	E1, 
         1.9604877    -9.6018218e-10    -6.5219287e-10         1.9604877    -8.3271288e-10    -5.6561079e-10         4.7276794                 0                 0          -1000000                 0                 0                 0         1.9582922            8.0625	E1, 
         1.9648876    -9.6095572e-10    -6.5271828e-10         1.9648876    -8.3271288e-10    -5.6561079e-10         4.7364795                 0                 0          -1000000                 0                 0                 0         1.9626919            8.0775	E1, 
         1.9692879    -9.6172789e-10    -6.5324277e-10         1.9692879    -8.3271288e-10    -5.6561079e-10         4.7452797                 0                 0          -1000000                 0                 0                 0          1.967092            8.0925	E1, 
         1.9736885    -9.6249868e-10    -6.5376632e-10         1.9736885    -8.3271288e-10    -5.6561079e-10         4.7540799                 0                 0          -1000000                 0                 0                 0         1.9714924            8.1075	E1, 
         1.9780894    -9.6326812e-10    -6.5428895e-10         1.9780894    -8.3271288e-10    -5.6561079e-10         4.7628801                 0                 0          -1000000                 0                 0                 0         1.9758932            8.1225	E1, 
         1.9824907    -9.6403619e-10    -6.5481065e-10         1.9824907    -8.3271288e-10    -5.6561079e-10         4.7716803                 0                 0          -1000000                 0                 0                 0         1.9802943            8.1375	E1, 
         1.9868923    -9.6480291e-10    -6.5533144e-10         1.9868923    -8.3271288e-10    -5.6561079e-10         4.7804805                 0                 0          -1000000                 0                 0                 0         1.9846957            8.1525	E1, 
         1.9912942    -9.6556827e-10    -6.5585131e-10         1.9912942    -8.3271288e-10    -5.6561079e-10         4.7892807                 0                 0          -1000000                 0                 0                 0         1.9890975            8.1675	E1, 
         1.9956965     -9.663323e-10    -6.5637026e-10         1.9956965    -8.3271288e-10    -5.6561079e-10         4.7980809                 0                 0          -1000000                 0                 0                 0         1.9934996            8.1825	E1, 
         2.0000991    -9.6709498e-10     -6.568883e-10         2.0000991    -8.3271288e-10    -5.6561079e-10         4.8068811                 0                 0          -1000000                 0                 0                 0         1.9979021            8.1975	E1, 
         2.0045021    -9.6785633e-10    -6.5740544e-10         2.0045021    -8.3271288e-10    -5.6561079e-10         4.8156812                 0                 0          -1000000                 0                 0                 0         2.0023049            8.2125	E1, 
         2.0089054    -9.6861634e-10    -6.5792167e-10         2.0089054    -8.3271288e-10    -5.6561079e-10         4.8244814                 0                 0          -1000000                 0                 0                 0          2.006708            8.2275	E1, 
          2.013309    -9.6937503e-10      -6.58437e-10          2.013309    -8.3271288e-10    -5.6561079e-10         4.8332816                 0                 0          -1000000                 0                 0                 0         2.0111115            8.2425	E1, 
          2.017713    -9.7013239e-10    -6.5895143e-10          2.017713    -8.3271288e-10    -5.6561079e-10         4.8420818                 0                 0          -1000000                 0                 0                 0         2.0155153            8.2575	E1, 
         2.0221172    -9.7088844e-10    -6.5946497e-10         2.0221172    -8.3271288e-10    -5.6561079e-10          4.850882                 0                 0          -1000000                 0                 0                 0         2.0199194            8.2725	E1, 
         2.0265218    -9.7164318e-10    -6.5997761e-10         2.0265218    -8.3271288e-10    -5.6561079e-10         4.8596822                 0                 0          -1000000                 0                 0                 0         2.0243238            8.2875	E1, 
         2.0309268     -9.723966e-10    -6.6048937e-10         2.0309268    -8.3271288e-10    -5.6561079e-10         4.8684824                 0                 0          -1000000                 0                 0                 0         2.0287286            8.3025	E1, 
          2.035332    -9.7314872e-10    -6.6100024e-10          2.035332    -8.3271288e-10    -5.6561079e-10         4.8772826                 0                 0          -1000000                 0                 0                 0         2.0331337            8.3175	E1, 
         2.0397376    -9.7389954e-10    -6.6151023e-10         2.0397376    -8.3271288e-10    -5.6561079e-10         4.8860827                 0                 0          -1000000                 0                 0                 0         2.0375391            8.3325	E1, 
         2.0441435    -9.7464907e-10    -6.6201933e-10         2.0441435    -8.3271288e-10    -5.6561079e-10         4.8948829                 0                 0          -1000000                 0                 0                 0         2.0419448            8.3475	E1, 
         2.0485497     -9.753973e-10    -6.6252756e-10         2.0485497    -8.3271288e-10    -5.6561079e-10         4.9036831                 0                 0          -1000000                 0                 0                 0         2.0463508            8.3625	E1, 
         2.0529562    -9.7614425e-10    -6.6303492e-10         2.0529562    -8.3271288e-10    -5.6561079e-10         4.9124833                 0                 0          -1000000                 0                 0                 0         2.0507572            8.3775	E1, 
          2.057363    -9.7688991e-10     -6.635414e-10          2.057363    -8.3271288e-10    -5.6561079e-10         4.9212835                 0                 0          -1000000                 0                 0                 0         2.0551639            8.3925	E1, 
         2.0617701     -9.776343e-10    -6.6404702e-10         2.0617701    -8.3271288e-10    -5.6561079e-10         4.9300837                 0                 0          -1000000                 0                 0                 0         2.0595709            8.4075	E1, 
         2.0661776    -9.7837741e-10    -6.6455177e-10         2.0661776    -8.3271288e-10    -5.6561079e-10         4.9388839                 0                 0          -1000000                 0                 0                 0         2.0639781            8.4225	E1, 
         2.0705854    -9.7911925e-10    -6.6505565e-10         2.0705854    -8.3271288e-10    -5.6561079e-10         4.9476841                 0                 0          -1000000                 0                 0                 0         2.0683858            8.4375	E1, 
         2.0749934    -9.7985983e-10    -6.6555868e-10         2.0749934    -8.3271288e-10    -5.6561079e-10         4.9564842                 0                 0          -1000000                 0                 0                 0         2.0727937            8.4525	E1, 
         2.0794018    -9.8059914e-10    -6.6606085e-10         2.0794018    -8.3271288e-10    -5.6561079e-10         4.9652844                 0                 0          -1000000                 0                 0                 0         2.0772019            8.4675	E1, 
         2.0838105     -9.813372e-10    -6.6656217e-10         2.0838105    -8.3271288e-10    -5.6561079e-10         4.9740846                 0                 0          -1000000                 0                 0                 0         2.0816104            8.4825	E1, 
         2.0882194      -9.82074e-10    -6.6706263e-10         2.0882194    -8.3271288e-10    -5.6561079e-10         4.9828848                 0                 0          -1000000                 0                 0                 0         2.0860192            8.4975	E1, 
         2.0926287    -9.8280956e-10    -6.6756225e-10         2.0926287    -8.3271288e-10    -5.6561079e-10          4.991685                 0                 0          -1000000                 0                 0                 0         2.0904284            8.5125	E1, 
         2.0970383    -9.8354387e-10    -6.6806102e-10         2.0970383    -8.3271288e-10    -5.6561079e-10         5.0004852                 0                 0          -1000000                 0                 0                 0         2.0948378            8.5275	E1, 
         2.1014482    -9.8427694e-10    -6.6855895e-10         2.1014482    -8.3271288e-10    -5.6561079e-10         5.0092854                 0                 0          -1000000                 0                 0                 0         2.0992475            8.5425	E1, 
         2.1058583    -9.8500877e-10    -6.6905604e-10         2.1058583    -8.3271288e-10    -5.6561079e-10         5.0180856                 0                 0          -1000000                 0                 0                 0         2.1036575            8.5575	E1, 
         2.1102688    -9.8573937e-10     -6.695523e-10         2.1102688    -8.3271288e-10    -5.6561079e-10         5.0268858                 0                 0          -1000000                 0                 0                 0         2.1080679            8.5725	E1, 
         2.1146796    -9.8646875e-10    -6.7004772e-10         2.1146796    -8.3271288e-10    -5.6561079e-10         5.0356859                 0                 0          -1000000                 0                 0                 0         2.1124785            8.5875	E1, 
         2.1190906     -9.871969e-10     -6.705423e-10         2.1190906    -8.3271288e-10    -5.6561079e-10         5.0444861                 0                 0          -1000000                 0                 0                 0         2.1168894            8.6025	E1, 
          2.123502    -9.8792383e-10    -6.7103606e-10          2.123502    -8.3271288e-10    -5.6561079e-10         5.0532863                 0                 0          -1000000                 0                 0                 0         2.1213006            8.6175	E1, 
         2.1279136    -9.8864954e-10    -6.7152899e-10         2.1279136    -8.3271288e-10    -5.6561079e-10         5.0620865                 0                 0          -1000000                 0                 0                 0          2.125712            8.6325	E1, 
         2.1323255    -9.8937404e-10     -6.720211e-10         2.1323255    -8.3271288e-10    -5.6561079e-10         5.0708867                 0                 0          -1000000                 0                 0                 0         2.1301238            8.6475	E1, 
         2.1367377    -9.9009733e-10    -6.7251239e-10         2.1367377    -8.3271288e-10    -5.6561079e-10         5.0796869                 0                 0          -1000000                 0                 0                 0         2.1345359            8.6625	E1, 
         2.1411502    -9.9081942e-10    -6.7300286e-10         2.1411502    -8.3271288e-10    -5.6561079e-10         5.0884871                 0                 0          -1000000                 0                 0                 0         2.1389482            8.6775	E1, 
          2.145563    -9.9154031e-10    -6.7349252e-10          2.145563    -8.3271288e-10    -5.6561079e-10         5.0972873                 0                 0          -1000000                 0                 0                 0         2.1433609            8.6925	E1, 
          2.149976       -9.9226e-10    -6.7398136e-10          2.149976    -8.3271288e-10    -5.6561079e-10         5.1060874                 0                 0          -1000000                 0                 0                 0         2.1477738            8.7075	E1, 
         2.1543893     -9.929785e-10    -6.7446939e-10         2.1543893    -8.3271288e-10    -5.6561079e-10         5.1148876                 0                 0          -1000000                 0                 0                 0          2.152187            8.7225	E1, 
          2.158803    -9.9369581e-10    -6.7495661e-10          2.158803    -8.3271288e-10    -5.6561079e-10         5.1236878                 0                 0          -1000000                 0                 0                 0         2.1566004            8.7375	E1, 
         2.1632168    -9.9441193e-10    -6.7544303e-10         2.1632168    -8.3271288e-10    -5.6561079e-10          5.132488                 0                 0          -1000000                 0                 0                 0         2.1610142            8.7525	E1, 
          2.167631    -9.9512687e-10    -6.7592865e-10          2.167631    -8.3271288e-10    -5.6561079e-10         5.1412882                 0                 0          -1000000                 0                 0                 0         2.1654282            8.7675	E1, 
         2.1720455    -9.9584064e-10    -6.7641347e-10         2.1720455    -8.3271288e-10    -5.6561079e-10         5.1500884                 0                 0          -1000000                 0                 0                 0         2.1698425            8.7825	E1, 
         2.1764602    -9.9655323e-10    -6.7689749e-10         2.1764602    -8.3271288e-10    -5.6561079e-10         5.1588886                 0                 0          -1000000                 0                 0                 0         2.1742571            8.7975	E1, 
         2.1808751    -9.9726466e-10    -6.7738071e-10         2.1808751    -8.3271288e-10    -5.6561079e-10         5.1676888                 0                 0          -1000000                 0                 0                 0         2.1786719            8.8125	E1, 
         2.1852904    -9.9797491e-10    -6.7786315e-10         2.1852904    -8.3271288e-10    -5.6561079e-10          5.176489                 0                 0          -1000000                 0                 0                 0         2.1830871            8.8275	E1, 
         2.1897059    -9.9868401e-10    -6.7834479e-10         2.1897059    -8.3271288e-10    -5.6561079e-10         5.1852891                 0                 0          -1000000                 0                 0                 0         2.1875024            8.8425	E1, 
         2.1941217    -9.9939195e-10    -6.7882565e-10         2.1941217    -8.3271288e-10    -5.6561079e-10         5.1940893                 0                 0          -1000000                 0                 0                 0         2.1919181            8.8575	E1, 
         2.1985378    -1.0000987e-09    -6.7930573e-10         2.1985378    -8.3271288e-10    -5.6561079e-10         5.2028895                 0                 0          -1000000                 0                 0                 0          2.196334            8.8725	E1, 
         2.2029541    -1.0008044e-09    -6.7978502e-10         2.2029541    -8.3271288e-10    -5.6561079e-10         5.2116897                 0                 0          -1000000                 0                 0                 0         2.2007502            8.8875	E1, 
         2.2073707    -1.0015088e-09    -6.8026353e-10         2.2073707    -8.3271288e-10    -5.6561079e-10         5.2204899                 0                 0          -1000000                 0                 0                 0         2.2051667            8.9025	E1, 
         2.2117875    -1.0022122e-09    -6.8074127e-10         2.2117875    -8.3271288e-10    -5.6561079e-10         5.2292901                 0                 0          -1000000                 0                 0                 0         2.2095834            8.9175	E1, 
         2.2162047    -1.0029144e-09    -6.8121823e-10         2.2162047    -8.3271288e-10    -5.6561079e-10         5.2380903                 0                 0          -1000000                 0                 0                 0         2.2140004            8.9325	E1, 
          2.220622    -1.0036154e-09    -6.8169442e-10          2.220622    -8.3271288e-10    -5.6561079e-10         5.2468905                 0                 0          -1000000                 0                 0                 0         2.2184176            8.9475	E1, 
         2.2250397    -1.0043154e-09    -6.8216984e-10         2.2250397    -8.3271288e-10    -5.6561079e-10         5.2556906                 0                 0          -1000000                 0                 0                 0         2.2228351            8.9625	E1, 
         2.2294576    -1.0050142e-09    -6.8264449e-10         2.2294576    -8.3271288e-10    -5.6561079e-10         5.2644908                 0                 0          -1000000                 0                 0                 0         2.2272529            8.9775	E1, 
         2.2338757    -1.0057119e-09    -6.8311838e-10         2.2338757    -8.3271288e-10    -5.6561079e-10          5.273291                 0                 0          -1000000                 0                 0                 0         2.2316709            8.9925	E1, 
         2.2382941    -1.0064084e-09    -6.8359151e-10         2.2382941    -8.3271288e-10    -5.6561079e-10         5.2820912                 0                 0          -1000000                 0                 0                 0         2.2360892            9.0075	E1, 
         2.2427128    -1.0071038e-09    -6.8406387e-10         2.2427128    -8.3271288e-10    -5.6561079e-10         5.2908914                 0                 0          -1000000                 0                 0                 0         2.2405077            9.0225	E1, 
         2.2471317    -1.0077982e-09    -6.8453548e-10         2.2471317    -8.3271288e-10    -5.6561079e-10         5.2996916                 0                 0          -1000000                 0                 0                 0         2.2449265            9.0375	E1, 
         2.2515508    -1.0084914e-09    -6.8500633e-10         2.2515508    -8.3271288e-10    -5.6561079e-10         5.3084918                 0                 0          -1000000                 0                 0                 0         2.2493455            9.0525	E1, 
         2.2559702    -1.0091835e-09    -6.8547644e-10         2.2559702    -8.3271288e-10    -5.6561079e-10          5.317292                 0                 0          -1000000                 0                 0                 0         2.2537648            9.0675	E1, 
         2.2603899    -1.0098745e-09    -6.8594579e-10         2.2603899    -8.3271288e-10    -5.6561079e-10         5.3260921                 0                 0          -1000000                 0                 0                 0         2.2581844            9.0825	E1, 
         2.2648098    -1.0105644e-09    -6.8641439e-10         2.2648098    -8.3271288e-10    -5.6561079e-10         5.3348923                 0                 0          -1000000                 0                 0                 0         2.2626041            9.0975	E1, 
           2.26923    -1.0112532e-09    -6.8688225e-10           2.26923    -8.3271288e-10    -5.6561079e-10         5.3436925                 0                 0          -1000000                 0                 0                 0         2.2670242            9.1125	E1, 
         2.2736504    -1.0119409e-09    -6.8734936e-10         2.2736504    -8.3271288e-10    -5.6561079e-10         5.3524927                 0                 0          -1000000                 0                 0                 0         2.2714444            9.1275	E1, 
          2.278071    -1.0126275e-09    -6.8781574e-10          2.278071    -8.3271288e-10    -5.6561079e-10         5.3612929                 0                 0          -1000000                 0                 0                 0          2.275865            9.1425	E1, 
         2.2824919     -1.013313e-09    -6.8828137e-10         2.2824919    -8.3271288e-10    -5.6561079e-10         5.3700931                 0                 0          -1000000                 0                 0                 0         2.2802857            9.1575	E1, 
          2.286913    -1.0139974e-09    -6.8874627e-10          2.286913    -8.3271288e-10    -5.6561079e-10         5.3788933                 0                 0          -1000000                 0                 0                 0         2.2847067            9.1725	E1, 
         2.2913344    -1.0146808e-09    -6.8921043e-10         2.2913344    -8.3271288e-10    -5.6561079e-10         5.3876935                 0                 0          -1000000                 0                 0                 0          2.289128            9.1875	E1, 
          2.295756    -1.0153631e-09    -6.8967387e-10          2.295756    -8.3271288e-10    -5.6561079e-10         5.3964937                 0                 0          -1000000                 0                 0                 0         2.2935495            9.2025	E1, 
         2.3001779    -1.0160443e-09    -6.9013657e-10         2.3001779    -8.3271288e-10    -5.6561079e-10         5.4052938                 0                 0          -1000000                 0                 0                 0         2.2979712            9.2175	E1, 
            2.3046    -1.0167244e-09    -6.9059855e-10            2.3046    -8.3271288e-10    -5.6561079e-10          5.414094                 0                 0          -1000000                 0                 0                 0         2.3023932            9.2325	E1, 
         2.3090223    -1.0174035e-09     -6.910598e-10         2.3090223    -8.3271288e-10    -5.6561079e-10         5.4228942                 0                 0          -1000000                 0                 0                 0         2.3068154            9.2475	E1, 
         2.3134449    -1.0180815e-09    -6.9152033e-10         2.3134449    -8.3271288e-10    -5.6561079e-10         5.4316944                 0                 0          -1000000                 0                 0                 0         2.3112378            9.2625	E1, 
         2.3178676    -1.0187585e-09    -6.9198013e-10         2.3178676    -8.3271288e-10    -5.6561079e-10         5.4404946                 0                 0          -1000000                 0                 0                 0         2.3156605            9.2775	E1, 
         2.3222907    -1.0194343e-09    -6.9243922e-10         2.3222907    -8.3271288e-10    -5.6561079e-10         5.4492948                 0                 0          -1000000                 0                 0                 0         2.3200834            9.2925	E1, 
         2.3267139    -1.0201092e-09     -6.928976e-10         2.3267139    -8.3271288e-10    -5.6561079e-10          5.458095                 0                 0          -1000000                 0                 0                 0         2.3245066            9.3075	E1, 
         2.3311374     -1.020783e-09    -6.9335525e-10         2.3311374    -8.3271288e-10    -5.6561079e-10         5.4668952                 0                 0          -1000000                 0                 0                 0           2.32893            9.3225	E1, 
         2.3355611    -1.0214557e-09     -6.938122e-10         2.3355611    -8.3271288e-10    -5.6561079e-10         5.4756953                 0                 0          -1000000                 0                 0                 0         2.3333536            9.3375	E1, 
         2.3399851    -1.0221274e-09    -6.9426844e-10         2.3399851    -8.3271288e-10    -5.6561079e-10         5.4844955                 0                 0          -1000000                 0                 0                 0         2.3377774            9.3525	E1, 
         2.3444093     -1.022798e-09    -6.9472397e-10         2.3444093    -8.3271288e-10    -5.6561079e-10         5.4932957                 0                 0          -1000000                 0                 0                 0         2.3422015            9.3675	E1, 
         2.3488337    -1.0234676e-09     -6.951788e-10         2.3488337    -8.3271288e-10    -5.6561079e-10         5.5020959                 0                 0          -1000000                 0                 0                 0         2.3466258            9.3825	E1, 
         2.3532583    -1.0241362e-09    -6.9563292e-10         2.3532583    -8.3271288e-10    -5.6561079e-10         5.5108961                 0                 0          -1000000                 0                 0                 0         2.3510503            9.3975	E1, 
         2.3576832    -1.0248038e-09    -6.9608634e-10         2.3576832    -8.3271288e-10    -5.6561079e-10         5.5196963                 0                 0          -1000000                 0                 0                 0          2.355475            9.4125	E1, 
         2.3621083    -1.0254703e-09    -6.9653906e-10         2.3621083    -8.3271288e-10    -5.6561079e-10         5.5284965                 0                 0          -1000000                 0                 0                 0            2.3599            9.4275	E1, 
         2.3665336    -1.0261358e-09    -6.9699109e-10         2.3665336    -8.3271288e-10    -5.6561079e-10         5.5372967                 0                 0          -1000000                 0                 0                 0         2.3643252            9.4425	E1, 
         2.3709591    -1.0268002e-09    -6.9744242e-10         2.3709591    -8.3271288e-10    -5.6561079e-10         5.5460969                 0                 0          -1000000                 0                 0                 0         2.3687506            9.4575	E1, 
         2.3753848    -1.0274637e-09    -6.9789306e-10         2.3753848    -8.3271288e-10    -5.6561079e-10          5.554897                 0                 0          -1000000                 0                 0                 0         2.3731762            9.4725	E1, 
         2.3798108    -1.0281261e-09      -6.98343e-10         2.3798108    -8.3271288e-10    -5.6561079e-10         5.5636972                 0                 0          -1000000                 0                 0                 0         2.3776021            9.4875	E1, 
          2.384237    -1.0287875e-09    -6.9879226e-10          2.384237    -8.3271288e-10    -5.6561079e-10         5.5724974                 0                 0          -1000000                 0                 0                 0         2.3820282            9.5025	E1, 
         2.3886634    -1.0294479e-09    -6.9924084e-10         2.3886634    -8.3271288e-10    -5.6561079e-10         5.5812976                 0                 0          -1000000                 0                 0                 0         2.3864544            9.5175	E1, 
           2.39309    -1.0301073e-09    -6.9968872e-10           2.39309    -8.3271288e-10    -5.6561079e-10         5.5900978                 0                 0          -1000000                 0                 0                 0          2.390881            9.5325	E1, 
         2.3975168    -1.0307657e-09    -7.0013593e-10         2.3975168    -8.3271288e-10    -5.6561079e-10          5.598898                 0                 0          -1000000                 0                 0                 0         2.3953077            9.5475	E1, 
         2.4019439    -1.0314231e-09    -7.0058246e-10         2.4019439    -8.3271288e-10    -5.6561079e-10         5.6076982                 0                 0          -1000000                 0                 0                 0         2.3997346            9.5625	E1, 
         2.4063711    -1.0320795e-09    -7.0102831e-10         2.4063711    -8.3271288e-10    -5.6561079e-10         5.6164984                 0                 0          -1000000                 0                 0                 0         2.4041618            9.5775	E1, 
         2.4107986    -1.0327349e-09    -7.0147348e-10         2.4107986    -8.3271288e-10    -5.6561079e-10         5.6252985                 0                 0          -1000000                 0                 0                 0         2.4085891            9.5925	E1, 
         2.4152263    -1.0333893e-09    -7.0191798e-10         2.4152263    -8.3271288e-10    -5.6561079e-10         5.6340987                 0                 0          -1000000                 0                 0                 0         2.4130167            9.6075	E1, 
         2.4196542    -1.0340427e-09     -7.023618e-10         2.4196542    -8.3271288e-10    -5.6561079e-10         5.6428989                 0                 0          -1000000                 0                 0                 0         2.4174445            9.6225	E1, 
         2.4240823    -1.0346952e-09    -7.0280496e-10         2.4240823    -8.3271288e-10    -5.6561079e-10         5.6516991                 0                 0          -1000000                 0                 0                 0         2.4218725            9.6375	E1, 
         2.4285106    -1.0353466e-09    -7.0324745e-10         2.4285106    -8.3271288e-10    -5.6561079e-10         5.6604993                 0                 0          -1000000                 0                 0                 0         2.4263007            9.6525	E1, 
         2.4329391    -1.0359971e-09    -7.0368927e-10         2.4329391    -8.3271288e-10    -5.6561079e-10         5.6692995                 0                 0          -1000000                 0                 0                 0         2.4307291            9.6675	E1, 
         2.4373679    -1.0366466e-09    -7.0413043e-10         2.4373679    -8.3271288e-10    -5.6561079e-10         5.6780997                 0                 0          -1000000                 0                 0                 0         2.4351578            9.6825	E1, 
         2.4417968    -1.0372951e-09    -7.0457092e-10         2.4417968    -8.3271288e-10    -5.6561079e-10         5.6868999                 0                 0          -1000000                 0                 0                 0         2.4395866            9.6975	E1, 
         2.4462259    -1.0379426e-09    -7.0501076e-10         2.4462259    -8.3271288e-10    -5.6561079e-10            5.6957                 0                 0          -1000000                 0                 0                 0         2.4440156            9.7125	E1, 
         2.4506553    -1.0385892e-09    -7.0544993e-10         2.4506553    -8.3271288e-10    -5.6561079e-10         5.7045002                 0                 0          -1000000                 0                 0                 0         2.4484449            9.7275	E1, 
         2.4550848    -1.0392348e-09    -7.0588845e-10         2.4550848    -8.3271288e-10    -5.6561079e-10         5.7133004                 0                 0          -1000000                 0                 0                 0         2.4528743            9.7425	E1, 
         2.4595146    -1.0398794e-09    -7.0632632e-10         2.4595146    -8.3271288e-10    -5.6561079e-10         5.7221006                 0                 0          -1000000                 0                 0                 0          2.457304            9.7575	E1, 
         2.4639445    -1.0405231e-09    -7.0676353e-10         2.4639445    -8.3271288e-10    -5.6561079e-10         5.7309008                 0                 0          -1000000                 0                 0                 0         2.4617338            9.7725	E1, 
         2.4683747    -1.0411658e-09     -7.072001e-10         2.4683747    -8.3271288e-10    -5.6561079e-10          5.739701                 0                 0          -1000000                 0                 0                 0         2.4661639            9.7875	E1, 
          2.472805    -1.0418076e-09    -7.0763601e-10          2.472805    -8.3271288e-10    -5.6561079e-10         5.7485012                 0                 0          -1000000                 0                 0                 0         2.4705941            9.8025	E1, 
         2.4772356    -1.0424484e-09    -7.0807128e-10         2.4772356    -8.3271288e-10    -5.6561079e-10         5.7573014                 0                 0          -1000000                 0                 0                 0         2.4750246            9.8175	E1, 
         2.4816663    -1.0430883e-09     -7.085059e-10         2.4816663    -8.3271288e-10    -5.6561079e-10         5.7661016                 0                 0          -1000000                 0                 0                 0         2.4794552            9.8325	E1, 
         2.4860973    -1.0437272e-09    -7.0893988e-10         2.4860973    -8.3271288e-10    -5.6561079e-10         5.7749017                 0                 0          -1000000                 0                 0                 0         2.4838861            9.8475	E1, 
         2.4905284    -1.0443652e-09    -7.0937322e-10         2.4905284    -8.3271288e-10    -5.6561079e-10         5.7837019                 0                 0          -1000000                 0                 0                 0         2.4883171            9.8625	E1, 
         2.4949598    -1.0450022e-09    -7.0980592e-10         2.4949598    -8.3271288e-10    -5.6561079e-10         5.7925021                 0                 0          -1000000                 0                 0                 0         2.4927484            9.8775	E1, 
         2.4993913    -1.0456383e-09    -7.1023798e-10         2.4993913    -8.3271288e-10    -5.6561079e-10         5.8013023                 0                 0          -1000000                 0                 0                 0         2.4971798            9.8925	E1, 
          2.503823    -1.0462735e-09    -7.1066941e-10          2.503823    -8.3271288e-10    -5.6561079e-10         5.8101025                 0                 0          -1000000                 0                 0                 0         2.5016114            9.9075	E1, 
         2.5082549    -1.0469077e-09     -7.111002e-10         2.5082549    -8.3271288e-10    -5.6561079e-10         5.8189027                 0                 0          -1000000                 0                 0                 0         2.5060432            9.9225	E1, 
          2.512687     -1.047541e-09    -7.1153036e-10          2.512687    -8.3271288e-10    -5.6561079e-10         5.8277029                 0                 0          -1000000                 0                 0                 0         2.5104753            9.9375	E1, 
         2.5171193    -1.0481734e-09    -7.1195989e-10         2.5171193    -8.3271288e-10    -5.6561079e-10         5.8365031                 0                 0          -1000000                 0                 0                 0         2.5149075            9.9525	E1, 
         2.5215518    -1.0488048e-09    -7.1238879e-10         2.5215518    -8.3271288e-10    -5.6561079e-10         5.8453032                 0                 0          -1000000                 0                 0                 0         2.5193399            9.9675	E1, 
         2.5259845    -1.0494354e-09    -7.1281707e-10         2.5259845    -8.3271288e-10    -5.6561079e-10         5.8541034                 0                 0          -1000000                 0                 0                 0         2.5237724            9.9825	E1, 
         2.5304174     -1.050065e-09    -7.1324472e-10         2.5304174    -8.3271288e-10    -5.6561079e-10         5.8629036                 0                 0          -1000000                 0                 0                 0         2.5282052            9.9975	E1, 
         2.5348504    -1.0506936e-09    -7.1367175e-10         2.5348504    -8.3271288e-10    -5.6561079e-10         5.8717038                 0                 0          -1000000                 0                 0                 0         2.5326382           10.0125	E1, 
         2.5392837    -1.0513214e-09    -7.1409816e-10         2.5392837    -8.3271288e-10    -5.6561079e-10          5.880504                 0                 0          -1000000                 0                 0                 0         2.5370713           10.0275	E1, 
         2.5437171    -1.0519483e-09    -7.1452395e-10         2.5437171    -8.3271288e-10    -5.6561079e-10         5.8893042                 0                 0          -1000000                 0                 0                 0         2.5415047           10.0425	E1, 
         2.5481507    -1.0525742e-09    -7.1494912e-10         2.5481507    -8.3271288e-10    -5.6561079e-10         5.8981044                 0                 0          -1000000                 0                 0                 0         2.5459382           10.0575	E1, 
         2.5525845    -1.0531993e-09    -7.1537367e-10         2.5525845    -8.3271288e-10    -5.6561079e-10         5.9069046                 0                 0          -1000000                 0                 0                 0         2.5503719           10.0725	E1, 
         2.5570185    -1.0538234e-09    -7.1579761e-10         2.5570185    -8.3271288e-10    -5.6561079e-10         5.9157048                 0                 0          -1000000                 0                 0                 0         2.5548058           10.0875	E1, 
         2.5614527    -1.0544467e-09    -7.1622094e-10         2.5614527    -8.3271288e-10    -5.6561079e-10         5.9245049                 0                 0          -1000000                 0                 0                 0         2.5592399           10.1025	E1, 
          2.565887     -1.055069e-09    -7.1664366e-10          2.565887    -8.3271288e-10    -5.6561079e-10         5.9333051                 0                 0          -1000000                 0                 0                 0         2.5636741           10.1175	E1, 
         2.5703215    -1.0556904e-09    -7.1706577e-10         2.5703215    -8.3271288e-10    -5.6561079e-10         5.9421053                 0                 0          -1000000                 0                 0                 0         2.5681086           10.1325	E1, 
         2.5747562     -1.056311e-09    -7.1748727e-10         2.5747562    -8.3271288e-10    -5.6561079e-10         5.9509055                 0                 0          -1000000                 0                 0                 0         2.5725432           10.1475	E1, 
         2.5791911    -1.0569307e-09    -7.1790817e-10         2.5791911    -8.3271288e-10    -5.6561079e-10         5.9597057                 0                 0          -1000000                 0                 0                 0          2.576978           10.1625	E1, 
         2.5836262    -1.0575494e-09    -7.1832846e-10         2.5836262    -8.3271288e-10    -5.6561079e-10         5.9685059                 0                 0          -1000000                 0                 0                 0          2.581413           10.1775	E1, 
         2.5880615    -1.0581673e-09    -7.1874815e-10         2.5880615    -8.3271288e-10    -5.6561079e-10         5.9773061                 0                 0          -1000000                 0                 0                 0         2.5858481           10.1925	E1, 
         2.5924969    -1.0587843e-09    -7.1916724e-10         2.5924969    -8.3271288e-10    -5.6561079e-10         5.9861063                 0                 0          -1000000                 0                 0                 0         2.5902834           10.2075	E1, 
         2.5969325    -1.0594004e-09    -7.1958573e-10         2.5969325    -8.3271288e-10    -5.6561079e-10         5.9949064                 0                 0          -1000000                 0                 0                 0          2.594719           10.2225	E1, 
         2.6013683    -1.0600157e-09    -7.2000363e-10         2.6013683    -8.3271288e-10    -5.6561079e-10         6.0037066                 0                 0          -1000000                 0                 0                 0         2.5991546           10.2375	E1, 
         2.6058042      -1.06063e-09    -7.2042093e-10         2.6058042    -8.3271288e-10    -5.6561079e-10         6.0125068                 0                 0          -1000000                 0                 0                 0         2.6035905           10.2525	E1, 
         2.6102403    -1.0612435e-09    -7.2083764e-10         2.6102403    -8.3271288e-10    -5.6561079e-10          6.021307                 0                 0          -1000000                 0                 0                 0         2.6080265           10.2675	E1, 
         2.6146766    -1.0618561e-09    -7.2125375e-10         2.6146766    -8.3271288e-10    -5.6561079e-10         6.0301072                 0                 0          -1000000                 0                 0                 0         2.6124628           10.2825	E1, 
         2.6191131    -1.0624679e-09    -7.2166928e-10         2.6191131    -8.3271288e-10    -5.6561079e-10         6.0389074                 0                 0          -1000000                 0                 0                 0         2.6168991           10.2975	E1, 
         2.6235497    -1.0630788e-09    -7.2208421e-10         2.6235497    -8.3271288e-10    -5.6561079e-10         6.0477076                 0                 0          -1000000                 0                 0                 0         2.6213357           10.3125	E1, 
         2.6279866    -1.0636888e-09    -7.2249856e-10         2.6279866    -8.3271288e-10    -5.6561079e-10         6.0565078                 0                 0          -1000000                 0                 0                 0         2.6257724           10.3275	E1, 
         2.6324235     -1.064298e-09    -7.2291233e-10         2.6324235    -8.3271288e-10    -5.6561079e-10         6.0653079                 0                 0          -1000000                 0                 0                 0         2.6302093           10.3425	E1, 
         2.6368607    -1.0649063e-09    -7.2332551e-10         2.6368607    -8.3271288e-10    -5.6561079e-10         6.0741081                 0                 0          -1000000                 0                 0                 0         2.6346464           10.3575	E1, 
          2.641298    -1.0655137e-09    -7.2373811e-10          2.641298    -8.3271288e-10    -5.6561079e-10         6.0829083                 0                 0          -1000000                 0                 0                 0         2.6390836           10.3725	E1, 
         2.6457355    -1.0661203e-09    -7.2415012e-10         2.6457355    -8.3271288e-10    -5.6561079e-10         6.0917085                 0                 0          -1000000                 0                 0                 0         2.6435211           10.3875	E1, 
         2.6501732     -1.066726e-09    -7.2456156e-10         2.6501732    -8.3271288e-10    -5.6561079e-10         6.1005087                 0                 0          -1000000                 0                 0                 0         2.6479586           10.4025	E1, 
          2.654611    -1.0673309e-09    -7.2497243e-10          2.654611    -8.3271288e-10    -5.6561079e-10         6.1093089                 0                 0          -1000000                 0                 0                 0         2.6523964           10.4175	E1, 
          2.659049     -1.067935e-09    -7.2538271e-10          2.659049    -8.3271288e-10    -5.6561079e-10         6.1181091                 0                 0          -1000000                 0                 0                 0         2.6568343           10.4325	E1, 
         2.6634872    -1.0685381e-09    -7.2579242e-10         2.6634872    -8.3271288e-10    -5.6561079e-10         6.1269093                 0                 0          -1000000                 0                 0                 0         2.6612724           10.4475	E1, 
         2.6679255    -1.0691405e-09    -7.2620157e-10         2.6679255    -8.3271288e-10    -5.6561079e-10         6.1357095                 0                 0          -1000000                 0                 0                 0         2.6657106           10.4625	E1, 
          2.672364     -1.069742e-09    -7.2661013e-10          2.672364    -8.3271288e-10    -5.6561079e-10         6.1445096                 0                 0          -1000000                 0                 0                 0          2.670149           10.4775	E1, 
         2.6768026    -1.0703427e-09    -7.2701813e-10         2.6768026    -8.3271288e-10    -5.6561079e-10         6.1533098                 0                 0          -1000000                 0                 0                 0         2.6745876           10.4925	E1, 
         2.6812415    -1.0709425e-09    -7.2742557e-10         2.6812415    -8.3271288e-10    -5.6561079e-10           6.16211                 0                 0          -1000000                 0                 0                 0         2.6790263           10.5075	E1, 
         2.6856804    -1.0715415e-09    -7.2783243e-10         2.6856804    -8.3271288e-10    -5.6561079e-10         6.1709102                 0                 0          -1000000                 0                 0                 0         2.6834652           10.5225	E1, 
         2.6901196    -1.0721397e-09    -7.2823873e-10         2.6901196    -8.3271288e-10    -5.6561079e-10         6.1797104                 0                 0          -1000000                 0                 0                 0         2.6879043           10.5375	E1, 
         2.6945589     -1.072737e-09    -7.2864447e-10         2.6945589    -8.3271288e-10    -5.6561079e-10         6.1885106                 0                 0          -1000000                 0                 0                 0         2.6923435           10.5525	E1, 
         2.6989983    -1.0733336e-09    -7.2904965e-10         2.6989983    -8.3271288e-10    -5.6561079e-10         6.1973108                 0                 0          -1000000                 0                 0                 0         2.6967829           10.5675	E1, 
          2.703438    -1.0739292e-09    -7.2945427e-10          2.703438    -8.3271288e-10    -5.6561079e-10          6.206111                 0                 0          -1000000                 0                 0                 0         2.7012224           10.5825	E1, 
         2.7078777    -1.0745241e-09    -7.2985833e-10         2.7078777    -8.3271288e-10    -5.6561079e-10         6.2149111                 0                 0          -1000000                 0                 0                 0         2.7056621           10.5975	E1, 
         2.7123177    -1.0751182e-09    -7.3026183e-10         2.7123177    -8.3271288e-10    -5.6561079e-10         6.2237113                 0                 0          -1000000                 0                 0                 0          2.710102           10.6125	E1, 
         2.7167578    -1.0757114e-09    -7.3066477e-10         2.7167578    -8.3271288e-10    -5.6561079e-10         6.2325115                 0                 0          -1000000                 0                 0                 0          2.714542           10.6275	E1, 
          2.721198    -1.0763038e-09    -7.3106717e-10          2.721198    -8.3271288e-10    -5.6561079e-10         6.2413117                 0                 0          -1000000                 0                 0                 0         2.7189822           10.6425	E1, 
         2.7256385    -1.0768954e-09    -7.3146901e-10         2.7256385    -8.3271288e-10    -5.6561079e-10         6.2501119                 0                 0          -1000000                 0                 0                 0         2.7234225           10.6575	E1, 
          2.730079    -1.0774862e-09    -7.3187029e-10          2.730079    -8.3271288e-10    -5.6561079e-10         6.2589121                 0                 0          -1000000                 0                 0                 0          2.727863           10.6725	E1, 
         2.7345197    -1.0780762e-09    -7.3227103e-10         2.7345197    -8.3271288e-10    -5.6561079e-10         6.2677123                 0                 0          -1000000                 0                 0                 0         2.7323037           10.6875	E1, 
         2.7389606    -1.0786654e-09    -7.3267123e-10         2.7389606    -8.3271288e-10    -5.6561079e-10         6.2765125                 0                 0          -1000000                 0                 0                 0         2.7367445           10.7025	E1, 
         2.7434016    -1.0792537e-09    -7.3307087e-10         2.7434016    -8.3271288e-10    -5.6561079e-10         6.2853127                 0                 0          -1000000                 0                 0                 0         2.7411854           10.7175	E1, 
         2.7478428    -1.0798413e-09    -7.3346997e-10         2.7478428    -8.3271288e-10    -5.6561079e-10         6.2941128                 0                 0          -1000000                 0                 0                 0         2.7456265           10.7325	E1, 
         2.7522842    -1.0804281e-09    -7.3386853e-10         2.7522842    -8.3271288e-10    -5.6561079e-10          6.302913                 0                 0          -1000000                 0                 0                 0         2.7500678           10.7475	E1, 
         2.7567257    -1.0810141e-09    -7.3426654e-10         2.7567257    -8.3271288e-10    -5.6561079e-10         6.3117132                 0                 0          -1000000                 0                 0                 0         2.7545092           10.7625	E1, 
         2.7611673    -1.0815992e-09    -7.3466402e-10         2.7611673    -8.3271288e-10    -5.6561079e-10         6.3205134                 0                 0          -1000000                 0                 0                 0         2.7589508           10.7775	E1, 
         2.7656091    -1.0821836e-09    -7.3506095e-10         2.7656091    -8.3271288e-10    -5.6561079e-10         6.3293136                 0                 0          -1000000                 0                 0                 0         2.7633925           10.7925	E1, 
          2.770051    -1.0827672e-09    -7.3545735e-10          2.770051    -8.3271288e-10    -5.6561079e-10         6.3381138                 0                 0          -1000000                 0                 0                 0         2.7678343           10.8075	E1, 
         2.7744931      -1.08335e-09    -7.3585321e-10         2.7744931    -8.3271288e-10    -5.6561079e-10          6.346914                 0                 0          -1000000                 0                 0                 0         2.7722763           10.8225	E1, 
         2.7789353     -1.083932e-09    -7.3624853e-10         2.7789353    -8.3271288e-10    -5.6561079e-10         6.3557142                 0                 0          -1000000                 0                 0                 0         2.7767185           10.8375	E1, 
         2.7833777    -1.0845132e-09    -7.3664333e-10         2.7833777    -8.3271288e-10    -5.6561079e-10         6.3645143                 0                 0          -1000000                 0                 0                 0         2.7811608           10.8525	E1, 
         2.7878203    -1.0850937e-09    -7.3703759e-10         2.7878203    -8.3271288e-10    -5.6561079e-10         6.3733145                 0                 0          -1000000                 0                 0                 0         2.7856033           10.8675	E1, 
         2.7922629    -1.0856733e-09    -7.3743132e-10         2.7922629    -8.3271288e-10    -5.6561079e-10         6.3821147                 0                 0          -1000000                 0                 0                 0         2.7900459           10.8825	E1, 
         2.7967058    -1.0862522e-09    -7.3782452e-10         2.7967058    -8.3271288e-10    -5.6561079e-10         6.3909149                 0                 0          -1000000                 0                 0                 0         2.7944886           10.8975	E1, 
         2.8011488    -1.0868303e-09    -7.3821719e-10         2.8011488    -8.3271288e-10    -5.6561079e-10         6.3997151                 0                 0          -1000000                 0                 0                 0         2.7989315           10.9125	E1, 
         2.8055919    -1.0874077e-09    -7.3860934e-10         2.8055919    -8.3271288e-10    -5.6561079e-10         6.4085153                 0                 0          -1000000                 0                 0                 0         2.8033746           10.9275	E1, 
         2.8100351    -1.0879842e-09    -7.3900096e-10         2.8100351    -8.3271288e-10    -5.6561079e-10         6.4173155                 0                 0          -1000000                 0                 0                 0         2.8078178           10.9425	E1, 
         2.8144785      -1.08856e-09    -7.3939206e-10         2.8144785    -8.3271288e-10    -5.6561079e-10         6.4261157                 0                 0          -1000000                 0                 0                 0         2.8122611           10.9575	E1, 
         2.8189221     -1.089135e-09    -7.3978263e-10         2.8189221    -8.3271288e-10    -5.6561079e-10         6.4349158                 0                 0          -1000000                 0                 0                 0         2.8167046           10.9725	E1, 
         2.8233658    -1.0897093e-09    -7.4017269e-10         2.8233658    -8.3271288e-10    -5.6561079e-10          6.443716                 0                 0          -1000000                 0                 0                 0         2.8211482           10.9875	E1, 
         2.8278096    -1.0902828e-09    -7.4056222e-10         2.8278096    -8.3271288e-10    -5.6561079e-10         6.4525162                 0                 0          -1000000                 0                 0                 0          2.825592           11.0025	E1, 
         2.8322536    -1.0908555e-09    -7.4095124e-10         2.8322536    -8.3271288e-10    -5.6561079e-10         6.4613164                 0                 0          -1000000                 0                 0                 0         2.8300359           11.0175	E1, 
         2.8366977    -1.0914275e-09    -7.4133974e-10         2.8366977    -8.3271288e-10    -5.6561079e-10         6.4701166                 0                 0          -1000000                 0                 0                 0         2.8344799           11.0325	E1, 
          2.841142    -1.0919987e-09    -7.4172772e-10          2.841142    -8.3271288e-10    -5.6561079e-10         6.4789168                 0                 0          -1000000                 0                 0                 0         2.8389241           11.0475	E1, 
         2.8455864    -1.0925691e-09    -7.4211519e-10         2.8455864    -8.3271288e-10    -5.6561079e-10          6.487717                 0                 0          -1000000                 0                 0                 0         2.8433685           11.0625	E1, 
         2.8500309    -1.0931388e-09    -7.4250215e-10         2.8500309    -8.3271288e-10    -5.6561079e-10         6.4965172                 0                 0          -1000000                 0                 0                 0         2.8478129           11.0775	E1, 
         2.8544756    -1.0937078e-09     -7.428886e-10         2.8544756    -8.3271288e-10    -5.6561079e-10         6.5053174                 0                 0          -1000000                 0                 0                 0         2.8522576           11.0925	E1, 
         2.8589204    -1.0942759e-09    -7.4327454e-10         2.8589204    -8.3271288e-10    -5.6561079e-10         6.5141175                 0                 0          -1000000                 0                 0                 0         2.8567023           11.1075	E1, 
         2.8633654    -1.0948434e-09    -7.4365996e-10         2.8633654    -8.3271288e-10    -5.6561079e-10         6.5229177                 0                 0          -1000000                 0                 0                 0         2.8611472           11.1225	E1, 
         2.8678105    -1.0954101e-09    -7.4404488e-10         2.8678105    -8.3271288e-10    -5.6561079e-10         6.5317179                 0                 0          -1000000                 0                 0                 0         2.8655922           11.1375	E1, 
         2.8722557     -1.095976e-09     -7.444293e-10         2.8722557    -8.3271288e-10    -5.6561079e-10         6.5405181                 0                 0          -1000000                 0                 0                 0         2.8700374           11.1525	E1, 
         2.8767011    -1.0965412e-09    -7.4481321e-10         2.8767011    -8.3271288e-10    -5.6561079e-10         6.5493183                 0                 0          -1000000                 0                 0                 0         2.8744827           11.1675	E1, 
         2.8811466    -1.0971057e-09    -7.4519661e-10         2.8811466    -8.3271288e-10    -5.6561079e-10         6.5581185                 0                 0          -1000000                 0                 0                 0         2.8789281           11.1825	E1, 
         2.8855922    -1.0976694e-09    -7.4557952e-10         2.8855922    -8.3271288e-10    -5.6561079e-10         6.5669187                 0                 0          -1000000                 0                 0                 0         2.8833737           11.1975	E1, 
          2.890038    -1.0982324e-09    -7.4596192e-10          2.890038    -8.3271288e-10    -5.6561079e-10         6.5757189                 0                 0          -1000000                 0                 0                 0         2.8878194           11.2125	E1, 
         2.8944839    -1.0987947e-09    -7.4634383e-10         2.8944839    -8.3271288e-10    -5.6561079e-10          6.584519                 0                 0          -1000000                 0                 0                 0         2.8922652           11.2275	E1, 
         2.8989299    -1.0993562e-09    -7.4672523e-10         2.8989299    -8.3271288e-10    -5.6561079e-10         6.5933192                 0                 0          -1000000                 0                 0                 0         2.8967112           11.2425	E1, 
         2.9033761     -1.099917e-09    -7.4710614e-10         2.9033761    -8.3271288e-10    -5.6561079e-10         6.6021194                 0                 0          -1000000                 0                 0                 0         2.9011573           11.2575	E1, 
         2.9078224     -1.100477e-09    -7.4748655e-10         2.9078224    -8.3271288e-10    -5.6561079e-10         6.6109196                 0                 0          -1000000                 0                 0                 0         2.9056035           11.2725	E1, 
         2.9122688    -1.1010364e-09    -7.4786647e-10         2.9122688    -8.3271288e-10    -5.6561079e-10         6.6197198                 0                 0          -1000000                 0                 0                 0         2.9100499           11.2875	E1, 
         2.9167154     -1.101595e-09     -7.482459e-10         2.9167154    -8.3271288e-10    -5.6561079e-10           6.62852                 0                 0          -1000000                 0                 0                 0         2.9144964           11.3025	E1, 
         2.9211621    -1.1021528e-09    -7.4862483e-10         2.9211621    -8.3271288e-10    -5.6561079e-10         6.6373202                 0                 0          -1000000                 0                 0                 0         2.9189431           11.3175	E1, 
          2.925609      -1.10271e-09    -7.4900327e-10          2.925609    -8.3271288e-10    -5.6561079e-10         6.6461204                 0                 0          -1000000                 0                 0                 0         2.9233898           11.3325	E1, 
         2.9300559    -1.1032664e-09    -7.4938123e-10         2.9300559    -8.3271288e-10    -5.6561079e-10         6.6549205                 0                 0          -1000000                 0                 0                 0         2.9278367           11.3475	E1, 
          2.934503    -1.1038222e-09    -7.4975869e-10          2.934503    -8.3271288e-10    -5.6561079e-10         6.6637207                 0                 0          -1000000                 0                 0                 0         2.9322837           11.3625	E1, 
         2.9389502    -1.1043772e-09    -7.5013567e-10         2.9389502    -8.3271288e-10    -5.6561079e-10         6.6725209                 0                 0          -1000000                 0                 0                 0         2.9367309           11.3775	E1, 
         2.9433976    -1.1049314e-09    -7.5051216e-10         2.9433976    -8.3271288e-10    -5.6561079e-10         6.6813211                 0                 0          -1000000                 0                 0                 0         2.9411782           11.3925	E1, 
         2.9478451     -1.105485e-09    -7.5088817e-10         2.9478451    -8.3271288e-10    -5.6561079e-10         6.6901213                 0                 0          -1000000                 0                 0                 0         2.9456256           11.4075	E1, 
         2.9522927    -1.1060379e-09     -7.512637e-10         2.9522927    -8.3271288e-10    -5.6561079e-10         6.6989215                 0                 0          -1000000                 0                 0                 0         2.9500731           11.4225	E1, 
         2.9567404      -1.10659e-09    -7.5163874e-10         2.9567404    -8.3271288e-10    -5.6561079e-10         6.7077217                 0                 0          -1000000                 0                 0                 0         2.9545208           11.4375	E1, 
         2.9611882    -1.1071415e-09     -7.520133e-10         2.9611882    -8.3271288e-10    -5.6561079e-10         6.7165219                 0                 0          -1000000                 0                 0                 0         2.9589686           11.4525	E1, 
         2.9656362    -1.1076922e-09    -7.5238738e-10         2.9656362    -8.3271288e-10    -5.6561079e-10         6.7253221                 0                 0          -1000000                 0                 0                 0         2.9634165           11.4675	E1, 
         2.9700843    -1.1082423e-09    -7.5276099e-10         2.9700843    -8.3271288e-10    -5.6561079e-10         6.7341222                 0                 0          -1000000                 0                 0                 0         2.9678646           11.4825	E1, 
         2.9745326    -1.1087916e-09    -7.5313412e-10         2.9745326    -8.3271288e-10    -5.6561079e-10         6.7429224                 0                 0          -1000000                 0                 0                 0         2.9723128           11.4975	E1, 
         2.9789809    -1.1093402e-09    -7.5350677e-10         2.9789809    -8.3271288e-10    -5.6561079e-10         6.7517226                 0                 0          -1000000                 0                 0                 0          2.976761           11.5125	E1, 
         2.9834294    -1.1098881e-09    -7.5387895e-10         2.9834294    -8.3271288e-10    -5.6561079e-10         6.7605228                 0                 0          -1000000                 0                 0                 0         2.9812095           11.5275	E1, 
          2.987878    -1.1104354e-09    -7.5425065e-10          2.987878    -8.3271288e-10    -5.6561079e-10          6.769323                 0                 0          -1000000                 0                 0                 0          2.985658           11.5425	E1, 
         2.9923268    -1.1109819e-09    -7.5462188e-10         2.9923268    -8.3271288e-10    -5.6561079e-10         6.7781232                 0                 0          -1000000                 0                 0                 0         2.9901067           11.5575	E1, 
         2.9967756    -1.1115278e-09    -7.5499264e-10         2.9967756    -8.3271288e-10    -5.6561079e-10         6.7869234                 0                 0          -1000000                 0                 0                 0         2.9945555           11.5725	E1, 
         3.0012246    -1.1120729e-09    -7.5536293e-10         3.0012246    -8.3271288e-10    -5.6561079e-10         6.7957236                 0                 0          -1000000                 0                 0                 0         2.9990044           11.5875	E1, 
         3.0056737    -1.1126174e-09    -7.5573275e-10         3.0056737    -8.3271288e-10    -5.6561079e-10         6.8045237                 0                 0          -1000000                 0                 0                 0         3.0034534           11.6025	E1, 
         3.0101229    -1.1131612e-09    -7.5610211e-10         3.0101229    -8.3271288e-10    -5.6561079e-10         6.8133239                 0                 0          -1000000                 0                 0                 0         3.0079026           11.6175	E1, 
         3.0145723    -1.1137043e-09    -7.5647099e-10         3.0145723    -8.3271288e-10    -5.6561079e-10         6.8221241                 0                 0          -1000000                 0                 0                 0         3.0123519           11.6325	E1, 
         3.0190217    -1.1142467e-09    -7.5683942e-10         3.0190217    -8.3271288e-10    -5.6561079e-10         6.8309243                 0                 0          -1000000                 0                 0                 0         3.0168013           11.6475	E1, 
         3.0234713    -1.1147884e-09    -7.5720737e-10         3.0234713    -8.3271288e-10    -5.6561079e-10         6.8397245                 0                 0          -1000000                 0                 0                 0         3.0212508           11.6625	E1, 
          3.027921    -1.1153294e-09    -7.5757487e-10          3.027921    -8.3271288e-10    -5.6561079e-10         6.8485247                 0                 0          -1000000                 0                 0                 0         3.0257004           11.6775	E1, 
         3.0323708    -1.1158698e-09     -7.579419e-10         3.0323708    -8.3271288e-10    -5.6561079e-10         6.8573249                 0                 0          -1000000                 0                 0                 0         3.0301502           11.6925	E1, 
         3.0368208    -1.1164095e-09    -7.5830847e-10         3.0368208    -8.3271288e-10    -5.6561079e-10         6.8661251                 0                 0          -1000000                 0                 0                 0         3.0346001           11.7075	E1, 
         3.0412708    -1.1169485e-09    -7.5867459e-10         3.0412708    -8.3271288e-10    -5.6561079e-10         6.8749253                 0                 0          -1000000                 0                 0                 0         3.0390501           11.7225	E1, 
          3.045721    -1.1174868e-09    -7.5904024e-10          3.045721    -8.3271288e-10    -5.6561079e-10         6.8837254                 0                 0          -1000000                 0                 0                 0         3.0435002           11.7375	E1, 
         3.0501713    -1.1180245e-09    -7.5940544e-10         3.0501713    -8.3271288e-10    -5.6561079e-10         6.8925256                 0                 0          -1000000                 0                 0                 0         3.0479504           11.7525	E1, 
         3.0546217    -1.1185614e-09    -7.5977018e-10         3.0546217    -8.3271288e-10    -5.6561079e-10         6.9013258                 0                 0          -1000000                 0                 0                 0         3.0524008           11.7675	E1, 
         3.0590722    -1.1190978e-09    -7.6013447e-10         3.0590722    -8.3271288e-10    -5.6561079e-10          6.910126                 0                 0          -1000000                 0                 0                 0         3.0568512           11.7825	E1, 
         3.0635229    -1.1196334e-09     -7.604983e-10         3.0635229    -8.3271288e-10    -5.6561079e-10         6.9189262                 0                 0          -1000000                 0                 0                 0         3.0613018           11.7975	E1, 
         3.0679736    -1.1201684e-09    -7.6086168e-10         3.0679736    -8.3271288e-10    -5.6561079e-10         6.9277264                 0                 0          -1000000                 0                 0                 0         3.0657525           11.8125	E1, 
         3.0724245    -1.1207027e-09    -7.6122461e-10         3.0724245    -8.3271288e-10    -5.6561079e-10         6.9365266                 0                 0          -1000000                 0                 0                 0         3.0702033           11.8275	E1, 
         3.0768755    -1.1212364e-09    -7.6158709e-10         3.0768755    -8.3271288e-10    -5.6561079e-10         6.9453268                 0                 0          -1000000                 0                 0                 0         3.0746543           11.8425	E1, 
         3.0813266    -1.1217693e-09    -7.6194911e-10         3.0813266    -8.3271288e-10    -5.6561079e-10         6.9541269                 0                 0          -1000000                 0                 0                 0         3.0791053           11.8575	E1, 
         3.0857778    -1.1223017e-09    -7.6231069e-10         3.0857778    -8.3271288e-10    -5.6561079e-10         6.9629271                 0                 0          -1000000                 0                 0                 0         3.0835565           11.8725	E1, 
         3.0902291    -1.1228334e-09    -7.6267183e-10         3.0902291    -8.3271288e-10    -5.6561079e-10         6.9717273                 0                 0          -1000000                 0                 0                 0         3.0880078           11.8875	E1, 
         3.0946806    -1.1233644e-09    -7.6303251e-10         3.0946806    -8.3271288e-10    -5.6561079e-10         6.9805275                 0                 0          -1000000                 0                 0                 0         3.0924591           11.9025	E1, 
         3.0991321    -1.1238947e-09    -7.6339276e-10         3.0991321    -8.3271288e-10    -5.6561079e-10         6.9893277                 0                 0          -1000000                 0                 0                 0         3.0969106           11.9175	E1, 
         3.1035838    -1.1244244e-09    -7.6375255e-10         3.1035838    -8.3271288e-10    -5.6561079e-10         6.9981279                 0                 0          -1000000                 0                 0                 0         3.1013622           11.9325	E1, 
         3.1080356    -1.1249535e-09    -7.6411191e-10         3.1080356    -8.3271288e-10    -5.6561079e-10         7.0069281                 0                 0          -1000000                 0                 0                 0          3.105814           11.9475	E1, 
         3.1124875    -1.1254819e-09    -7.6447082e-10         3.1124875    -8.3271288e-10    -5.6561079e-10         7.0157283                 0                 0          -1000000                 0                 0                 0         3.1102658           11.9625	E1, 
         3.1169395    -1.1260097e-09    -7.6482929e-10         3.1169395    -8.3271288e-10    -5.6561079e-10         7.0245284                 0                 0          -1000000                 0                 0                 0         3.1147177           11.9775	E1, 
         3.1213916    -1.1265368e-09    -7.6518733e-10         3.1213916    -8.3271288e-10    -5.6561079e-10         7.0333286                 0                 0          -1000000                 0                 0                 0         3.1191698           11.9925	E1, 
         3.1258438    -1.1270632e-09    -7.6554492e-10         3.1258438    -8.3271288e-10    -5.6561079e-10         7.0421288                 0                 0          -1000000                 0                 0                 0          3.123622           12.0075	E1, 
         3.1302961     -1.127589e-09    -7.6590208e-10         3.1302961    -8.3271288e-10    -5.6561079e-10          7.050929                 0                 0          -1000000                 0                 0                 0         3.1280742           12.0225	E1, 
         3.1347486    -1.1281142e-09     -7.662588e-10         3.1347486    -8.3271288e-10    -5.6561079e-10         7.0597292                 0                 0          -1000000                 0                 0                 0         3.1325266           12.0375	E1, 
         3.1392011    -1.1286388e-09    -7.6661508e-10         3.1392011    -8.3271288e-10    -5.6561079e-10         7.0685294                 0                 0          -1000000                 0                 0                 0         3.1369791           12.0525	E1, 
         3.1436538    -1.1291627e-09    -7.6697093e-10         3.1436538    -8.3271288e-10    -5.6561079e-10         7.0773296                 0                 0          -1000000                 0                 0                 0         3.1414317           12.0675	E1, 
         3.1481065    -1.1296859e-09    -7.6732635e-10         3.1481065    -8.3271288e-10    -5.6561079e-10         7.0861298                 0                 0          -1000000                 0                 0                 0         3.1458844           12.0825	E1, 
         3.1525594    -1.1302085e-09    -7.6768134e-10         3.1525594    -8.3271288e-10    -5.6561079e-10           7.09493                 0                 0          -1000000                 0                 0                 0         3.1503373           12.0975	E1, 
         3.1570124    -1.1307305e-09    -7.6803589e-10         3.1570124    -8.3271288e-10    -5.6561079e-10         7.1037301                 0                 0          -1000000                 0                 0                 0         3.1547902           12.1125	E1, 
         3.1614655    -1.1312519e-09    -7.6839001e-10         3.1614655    -8.3271288e-10    -5.6561079e-10         7.1125303                 0                 0          -1000000                 0                 0                 0         3.1592432           12.1275	E1, 
         3.1659187    -1.1317726e-09    -7.6874371e-10         3.1659187    -8.3271288e-10    -5.6561079e-10         7.1213305                 0                 0          -1000000                 0                 0                 0         3.1636964           12.1425	E1, 
          3.170372    -1.1322927e-09    -7.6909697e-10          3.170372    -8.3271288e-10    -5.6561079e-10         7.1301307                 0                 0          -1000000                 0                 0                 0         3.1681496           12.1575	E1, 
         3.1748254    -1.1328122e-09    -7.6944981e-10         3.1748254    -8.3271288e-10    -5.6561079e-10         7.1389309                 0                 0          -1000000                 0                 0                 0          3.172603           12.1725	E1, 
         3.1792789     -1.133331e-09    -7.6980223e-10         3.1792789    -8.3271288e-10    -5.6561079e-10         7.1477311                 0                 0          -1000000                 0                 0                 0         3.1770564           12.1875	E1, 
         3.1837325    -1.1338492e-09    -7.7015422e-10         3.1837325    -8.3271288e-10    -5.6561079e-10         7.1565313                 0                 0          -1000000                 0                 0                 0           3.18151           12.2025	E1, 
         3.1881862    -1.1343668e-09    -7.7050578e-10         3.1881862    -8.3271288e-10    -5.6561079e-10         7.1653315                 0                 0          -1000000                 0                 0                 0         3.1859637           12.2175	E1, 
         3.1926401    -1.1348837e-09    -7.7085692e-10         3.1926401    -8.3271288e-10    -5.6561079e-10         7.1741316                 0                 0          -1000000                 0                 0                 0         3.1904175           12.2325	E1, 
          3.197094    -1.1354001e-09    -7.7120764e-10          3.197094    -8.3271288e-10    -5.6561079e-10         7.1829318                 0                 0          -1000000                 0                 0                 0         3.1948713           12.2475	E1, 
          3.201548    -1.1359158e-09    -7.7155794e-10          3.201548    -8.3271288e-10    -5.6561079e-10          7.191732                 0                 0          -1000000                 0                 0                 0         3.1993253           12.2625	E1, 
         3.2060022    -1.1364309e-09    -7.7190782e-10         3.2060022    -8.3271288e-10    -5.6561079e-10         7.2005322                 0                 0          -1000000                 0                 0                 0         3.2037794           12.2775	E1, 
         3.2104564    -1.1369454e-09    -7.7225727e-10         3.2104564    -8.3271288e-10    -5.6561079e-10         7.2093324                 0                 0          -1000000                 0                 0                 0         3.2082336           12.2925	E1, 
         3.2149108    -1.1374593e-09    -7.7260632e-10         3.2149108    -8.3271288e-10    -5.6561079e-10         7.2181326                 0                 0          -1000000                 0                 0                 0         3.2126879           12.3075	E1, 
         3.2193652    -1.1379725e-09    -7.7295494e-10         3.2193652    -8.3271288e-10    -5.6561079e-10         7.2269328                 0                 0          -1000000                 0                 0                 0         3.2171423           12.3225	E1, 
         3.2238198    -1.1384852e-09    -7.7330315e-10         3.2238198    -8.3271288e-10    -5.6561079e-10          7.235733                 0                 0          -1000000                 0                 0                 0         3.2215968           12.3375	E1, 
         3.2282744    -1.1389972e-09    -7.7365094e-10         3.2282744    -8.3271288e-10    -5.6561079e-10         7.2445332                 0                 0          -1000000                 0                 0                 0         3.2260514           12.3525	E1, 
         3.2327292    -1.1395086e-09    -7.7399832e-10         3.2327292    -8.3271288e-10    -5.6561079e-10         7.2533333                 0                 0          -1000000                 0                 0                 0         3.2305061           12.3675	E1, 
          3.237184    -1.1400194e-09    -7.7434529e-10          3.237184    -8.3271288e-10    -5.6561079e-10         7.2621335                 0                 0          -1000000                 0                 0                 0         3.2349609           12.3825	E1, 
          3.241639    -1.1405297e-09    -7.7469184e-10          3.241639    -8.3271288e-10    -5.6561079e-10         7.2709337                 0                 0          -1000000                 0                 0                 0         3.2394158           12.3975	E1, 
          3.246094    -1.1410393e-09    -7.7503798e-10          3.246094    -8.3271288e-10    -5.6561079e-10         7.2797339                 0                 0          -1000000                 0                 0                 0         3.2438708           12.4125	E1, 
         3.2505492    -1.1415483e-09    -7.7538371e-10         3.2505492    -8.3271288e-10    -5.6561079e-10         7.2885341                 0                 0          -1000000                 0                 0                 0         3.2483259           12.4275	E1, 
         3.2550044    -1.1420567e-09    -7.7572904e-10         3.2550044    -8.3271288e-10    -5.6561079e-10         7.2973343                 0                 0          -1000000                 0                 0                 0         3.2527811           12.4425	E1, 
         3.2594598    -1.1425644e-09    -7.7607395e-10         3.2594598    -8.3271288e-10    -5.6561079e-10         7.3061345                 0                 0          -1000000                 0                 0                 0         3.2572364           12.4575	E1, 
         3.2639152    -1.1430716e-09    -7.7641846e-10         3.2639152    -8.3271288e-10    -5.6561079e-10         7.3149347                 0                 0          -1000000                 0                 0                 0         3.2616918           12.4725	E1, 
         3.2683707    -1.1435782e-09    -7.7676256e-10         3.2683707    -8.3271288e-10    -5.6561079e-10         7.3237348                 0                 0          -1000000                 0                 0                 0         3.2661473           12.4875	E1, 
         3.2728264    -1.1440842e-09    -7.7710625e-10         3.2728264    -8.3271288e-10    -5.6561079e-10          7.332535                 0                 0          -1000000                 0                 0                 0         3.2706029           12.5025	E1, 
         3.2772821    -1.1445896e-09    -7.7744955e-10         3.2772821    -8.3271288e-10    -5.6561079e-10         7.3413352                 0                 0          -1000000                 0                 0                 0         3.2750585           12.5175	E1, 
          3.281738    -1.1450945e-09    -7.7779243e-10          3.281738    -8.3271288e-10    -5.6561079e-10         7.3501354                 0                 0          -1000000                 0                 0                 0         3.2795143           12.5325	E1, 
         3.2861939    -1.1455987e-09    -7.7813492e-10         3.2861939    -8.3271288e-10    -5.6561079e-10         7.3589356                 0                 0          -1000000                 0                 0                 0         3.2839702           12.5475	E1, 
         3.2906499    -1.1461023e-09      -7.78477e-10         3.2906499    -8.3271288e-10    -5.6561079e-10         7.3677358                 0                 0          -1000000                 0                 0                 0         3.2884262           12.5625	E1, 
         3.2951061    -1.1466053e-09    -7.7881868e-10         3.2951061    -8.3271288e-10    -5.6561079e-10          7.376536                 0                 0          -1000000                 0                 0                 0         3.2928823           12.5775	E1, 
         3.2995623    -1.1471078e-09    -7.7915997e-10         3.2995623    -8.3271288e-10    -5.6561079e-10         7.3853362                 0                 0          -1000000                 0                 0                 0         3.2973385           12.5925	E1, 
         3.3040186    -1.1476097e-09    -7.7950085e-10         3.3040186    -8.3271288e-10    -5.6561079e-10         7.3941363                 0                 0          -1000000                 0                 0                 0         3.3017947           12.6075	E1, 
          3.308475    -1.1481109e-09    -7.7984134e-10          3.308475    -8.3271288e-10    -5.6561079e-10         7.4029365                 0                 0          -1000000                 0                 0                 0         3.3062511           12.6225	E1, 
         3.3129315    -1.1486116e-09    -7.8018142e-10         3.3129315    -8.3271288e-10    -5.6561079e-10         7.4117367                 0                 0          -1000000                 0                 0                 0         3.3107075           12.6375	E1, 
         3.3173881    -1.1491117e-09    -7.8052112e-10         3.3173881    -8.3271288e-10    -5.6561079e-10         7.4205369                 0                 0          -1000000                 0                 0                 0         3.3151641           12.6525	E1, 
         3.3218448    -1.1496113e-09    -7.8086041e-10         3.3218448    -8.3271288e-10    -5.6561079e-10         7.4293371                 0                 0          -1000000                 0                 0                 0         3.3196207           12.6675	E1, 
         3.3263016    -1.1501102e-09    -7.8119932e-10         3.3263016    -8.3271288e-10    -5.6561079e-10         7.4381373                 0                 0          -1000000                 0                 0                 0         3.3240775           12.6825	E1, 
         3.3307585    -1.1506086e-09    -7.8153783e-10         3.3307585    -8.3271288e-10    -5.6561079e-10         7.4469375                 0                 0          -1000000                 0                 0                 0         3.3285343           12.6975	E1, 
         3.3352155    -1.1511064e-09    -7.8187595e-10         3.3352155    -8.3271288e-10    -5.6561079e-10         7.4557377                 0                 0          -1000000                 0                 0                 0         3.3329913           12.7125	E1, 
         3.3396725    -1.1516036e-09    -7.8221367e-10         3.3396725    -8.3271288e-10    -5.6561079e-10         7.4645379                 0                 0          -1000000                 0                 0                 0         3.3374483           12.7275	E1, 
         3.3441297    -1.1521002e-09    -7.8255101e-10         3.3441297    -8.3271288e-10    -5.6561079e-10          7.473338                 0                 0          -1000000                 0                 0                 0         3.3419054           12.7425	E1, 
         3.3485869    -1.1525963e-09    -7.8288795e-10         3.3485869    -8.3271288e-10    -5.6561079e-10         7.4821382                 0                 0          -1000000                 0                 0                 0         3.3463626           12.7575	E1, 
         3.3530443    -1.1530918e-09    -7.8322451e-10         3.3530443    -8.3271288e-10    -5.6561079e-10         7.4909384                 0                 0          -1000000                 0                 0                 0         3.3508199           12.7725	E1, 
         3.3575017    -1.1535867e-09    -7.8356068e-10         3.3575017    -8.3271288e-10    -5.6561079e-10         7.4997386                 0                 0          -1000000                 0                 0                 0         3.3552773           12.7875	E1, 
         3.3619593     -1.154081e-09    -7.8389646e-10         3.3619593    -8.3271288e-10    -5.6561079e-10         7.5085388                 0                 0          -1000000                 0                 0                 0         3.3597348           12.8025	E1, 
         3.3664169    -1.1545748e-09    -7.8423185e-10         3.3664169    -8.3271288e-10    -5.6561079e-10          7.517339                 0                 0          -1000000                 0                 0                 0         3.3641924           12.8175	E1, 
         3.3708746     -1.155068e-09    -7.8456686e-10         3.3708746    -8.3271288e-10    -5.6561079e-10         7.5261392                 0                 0          -1000000                 0                 0                 0           3.36865           12.8325	E1, 
         3.3753324    -1.1555607e-09    -7.8490149e-10         3.3753324    -8.3271288e-10    -5.6561079e-10         7.5349394                 0                 0          -1000000                 0                 0                 0         3.3731078           12.8475	E1, 
         3.3797903    -1.1560528e-09    -7.8523573e-10         3.3797903    -8.3271288e-10    -5.6561079e-10         7.5437395                 0                 0          -1000000                 0                 0                 0         3.3775656           12.8625	E1, 
         3.3842483    -1.1565443e-09    -7.8556959e-10         3.3842483    -8.3271288e-10    -5.6561079e-10         7.5525397                 0                 0          -1000000                 0                 0                 0         3.3820236           12.8775	E1, 
         3.3887063    -1.1570352e-09    -7.8590306e-10         3.3887063    -8.3271288e-10    -5.6561079e-10         7.5613399                 0                 0          -1000000                 0                 0                 0         3.3864816           12.8925	E1, 
         3.3931645    -1.1575256e-09    -7.8623616e-10         3.3931645    -8.3271288e-10    -5.6561079e-10         7.5701401                 0                 0          -1000000                 0                 0                 0         3.3909397           12.9075	E1, 
         3.3976227    -1.1580155e-09    -7.8656888e-10         3.3976227    -8.3271288e-10    -5.6561079e-10         7.5789403                 0                 0          -1000000                 0                 0                 0         3.3953979           12.9225	E1, 
         3.4020811    -1.1585047e-09    -7.8690121e-10         3.4020811    -8.3271288e-10    -5.6561079e-10         7.5877405                 0                 0          -1000000                 0                 0                 0         3.3998562           12.9375	E1, 
         3.4065395    -1.1589935e-09    -7.8723317e-10         3.4065395    -8.3271288e-10    -5.6561079e-10         7.5965407                 0                 0          -1000000                 0                 0                 0         3.4043146           12.9525	E1, 
          3.410998    -1.1594816e-09    -7.8756475e-10          3.410998    -8.3271288e-10    -5.6561079e-10         7.6053409                 0                 0          -1000000                 0                 0                 0          3.408773           12.9675	E1, 
         3.4154566    -1.1599692e-09    -7.8789595e-10         3.4154566    -8.3271288e-10    -5.6561079e-10         7.6141411                 0                 0          -1000000                 0                 0                 0         3.4132316           12.9825	E1, 
         3.4199153    -1.1604563e-09    -7.8822678e-10         3.4199153    -8.3271288e-10    -5.6561079e-10         7.6229412                 0                 0          -1000000                 0                 0                 0         3.4176902           12.9975	E1, 
         3.4243741    -1.1609428e-09    -7.8855723e-10         3.4243741    -8.3271288e-10    -5.6561079e-10         7.6317414                 0                 0          -1000000                 0                 0                 0          3.422149           13.0125	E1, 
         3.4288329    -1.1614287e-09    -7.8888731e-10         3.4288329    -8.3271288e-10    -5.6561079e-10         7.6405416                 0                 0          -1000000                 0                 0                 0         3.4266078           13.0275	E1, 
         3.4332919    -1.1619142e-09    -7.8921702e-10         3.4332919    -8.3271288e-10    -5.6561079e-10         7.6493418                 0                 0          -1000000                 0                 0                 0         3.4310667           13.0425	E1, 
         3.4377509     -1.162399e-09    -7.8954635e-10         3.4377509    -8.3271288e-10    -5.6561079e-10          7.658142                 0                 0          -1000000                 0                 0                 0         3.4355257           13.0575	E1, 
           3.44221    -1.1628833e-09    -7.8987531e-10           3.44221    -8.3271288e-10    -5.6561079e-10         7.6669422                 0                 0          -1000000                 0                 0                 0         3.4399847           13.0725	E1, 
         3.4466692    -1.1633671e-09     -7.902039e-10         3.4466692    -8.3271288e-10    -5.6561079e-10         7.6757424                 0                 0          -1000000                 0                 0                 0         3.4444439           13.0875	E1, 
         3.4511285    -1.1638503e-09    -7.9053212e-10         3.4511285    -8.3271288e-10    -5.6561079e-10         7.6845426                 0                 0          -1000000                 0                 0                 0         3.4489031           13.1025	E1, 
         3.4555879     -1.164333e-09    -7.9085997e-10         3.4555879    -8.3271288e-10    -5.6561079e-10         7.6933427                 0                 0          -1000000                 0                 0                 0         3.4533625           13.1175	E1, 
         3.4600473    -1.1648151e-09    -7.9118746e-10         3.4600473    -8.3271288e-10    -5.6561079e-10         7.7021429                 0                 0          -1000000                 0                 0                 0         3.4578219           13.1325	E1, 
         3.4645069    -1.1652967e-09    -7.9151457e-10         3.4645069    -8.3271288e-10    -5.6561079e-10         7.7109431                 0                 0          -1000000                 0                 0                 0         3.4622814           13.1475	E1, 
         3.4689665    -1.1657777e-09    -7.9184132e-10         3.4689665    -8.3271288e-10    -5.6561079e-10         7.7197433                 0                 0          -1000000                 0                 0                 0          3.466741           13.1625	E1, 
         3.4734262    -1.1662583e-09     -7.921677e-10         3.4734262    -8.3271288e-10    -5.6561079e-10         7.7285435                 0                 0          -1000000                 0                 0                 0         3.4712006           13.1775	E1, 
          3.477886    -1.1667382e-09    -7.9249372e-10          3.477886    -8.3271288e-10    -5.6561079e-10         7.7373437                 0                 0          -1000000                 0                 0                 0         3.4756604           13.1925	E1, 
         3.4823459    -1.1672177e-09    -7.9281937e-10         3.4823459    -8.3271288e-10    -5.6561079e-10         7.7461439                 0                 0          -1000000                 0                 0                 0         3.4801202           13.2075	E1, 
         3.4868058    -1.1676966e-09    -7.9314466e-10         3.4868058    -8.3271288e-10    -5.6561079e-10         7.7549441                 0                 0          -1000000                 0                 0                 0         3.4845801           13.2225	E1, 
         3.4912659    -1.1681749e-09    -7.9346959e-10         3.4912659    -8.3271288e-10    -5.6561079e-10         7.7637442                 0                 0          -1000000                 0                 0                 0         3.4890401           13.2375	E1, 
          3.495726    -1.1686528e-09    -7.9379415e-10          3.495726    -8.3271288e-10    -5.6561079e-10         7.7725444                 0                 0          -1000000                 0                 0                 0         3.4935002           13.2525	E1, 
         3.5001862    -1.1691301e-09    -7.9411836e-10         3.5001862    -8.3271288e-10    -5.6561079e-10         7.7813446                 0                 0          -1000000                 0                 0                 0         3.4979604           13.2675	E1, 
         3.5046465    -1.1696069e-09     -7.944422e-10         3.5046465    -8.3271288e-10    -5.6561079e-10         7.7901448                 0                 0          -1000000                 0                 0                 0         3.5024206           13.2825	E1, 
         3.5091069    -1.1700831e-09    -7.9476568e-10         3.5091069    -8.3271288e-10    -5.6561079e-10          7.798945                 0                 0          -1000000                 0                 0                 0          3.506881           13.2975	E1, 
         3.5135673    -1.1705588e-09    -7.9508881e-10         3.5135673    -8.3271288e-10    -5.6561079e-10         7.8077452                 0                 0          -1000000                 0                 0                 0         3.5113414           13.3125	E1, 
         3.5180278     -1.171034e-09    -7.9541158e-10         3.5180278    -8.3271288e-10    -5.6561079e-10         7.8165454                 0                 0          -1000000                 0                 0                 0         3.5158019           13.3275	E1, 
         3.5224885    -1.1715087e-09    -7.9573399e-10         3.5224885    -8.3271288e-10    -5.6561079e-10         7.8253456                 0                 0          -1000000                 0                 0                 0         3.5202624           13.3425	E1, 
         3.5269492    -1.1719828e-09    -7.9605604e-10         3.5269492    -8.3271288e-10    -5.6561079e-10         7.8341458                 0                 0          -1000000                 0                 0                 0         3.5247231           13.3575	E1, 
         3.5314099    -1.1724564e-09    -7.9637774e-10         3.5314099    -8.3271288e-10    -5.6561079e-10         7.8429459                 0                 0          -1000000                 0                 0                 0         3.5291838           13.3725	E1, 
         3.5358708    -1.1729295e-09    -7.9669908e-10         3.5358708    -8.3271288e-10    -5.6561079e-10         7.8517461                 0                 0          -1000000                 0                 0                 0         3.5336446           13.3875	E1, 
         3.5403317    -1.1734021e-09    -7.9702007e-10         3.5403317    -8.3271288e-10    -5.6561079e-10         7.8605463                 0                 0          -1000000                 0                 0                 0         3.5381055           13.4025	E1, 
         3.5447927    -1.1738741e-09    -7.9734071e-10         3.5447927    -8.3271288e-10    -5.6561079e-10         7.8693465                 0                 0          -1000000                 0                 0                 0         3.5425665           13.4175	E1, 
         3.5492538    -1.1743457e-09    -7.9766099e-10         3.5492538    -8.3271288e-10    -5.6561079e-10         7.8781467                 0                 0          -1000000                 0                 0                 0         3.5470276           13.4325	E1, 
          3.553715    -1.1748167e-09    -7.9798092e-10          3.553715    -8.3271288e-10    -5.6561079e-10         7.8869469                 0                 0          -1000000                 0                 0                 0         3.5514887           13.4475	E1, 
         3.5581762    -1.1752872e-09     -7.983005e-10         3.5581762    -8.3271288e-10    -5.6561079e-10         7.8957471                 0                 0          -1000000                 0                 0                 0         3.5559499           13.4625	E1, 
         3.5626376    -1.1757572e-09    -7.9861973e-10         3.5626376    -8.3271288e-10    -5.6561079e-10         7.9045473                 0                 0          -1000000                 0                 0                 0         3.5604112           13.4775	E1, 
          3.567099    -1.1762266e-09    -7.9893862e-10          3.567099    -8.3271288e-10    -5.6561079e-10         7.9133474                 0                 0          -1000000                 0                 0                 0         3.5648726           13.4925	E1, 
         3.5715605    -1.1766956e-09    -7.9925715e-10         3.5715605    -8.3271288e-10    -5.6561079e-10         7.9221476                 0                 0          -1000000                 0                 0                 0          3.569334           13.5075	E1, 
          3.576022     -1.177164e-09    -7.9957533e-10          3.576022    -8.3271288e-10    -5.6561079e-10         7.9309478                 0                 0          -1000000                 0                 0                 0         3.5737955           13.5225	E1, 
         3.5804837     -1.177632e-09    -7.9989317e-10         3.5804837    -8.3271288e-10    -5.6561079e-10          7.939748                 0                 0          -1000000                 0                 0                 0         3.5782571           13.5375	E1, 
         3.5849454    -1.1780994e-09    -8.0021066e-10         3.5849454    -8.3271288e-10    -5.6561079e-10         7.9485482                 0                 0          -1000000                 0                 0                 0         3.5827188           13.5525	E1, 
         3.5894072    -1.1785663e-09    -8.0052781e-10         3.5894072    -8.3271288e-10    -5.6561079e-10         7.9573484                 0                 0          -1000000                 0                 0                 0         3.5871806           13.5675	E1, 
          3.593869    -1.1790327e-09    -8.0084461e-10          3.593869    -8.3271288e-10    -5.6561079e-10         7.9661486                 0                 0          -1000000                 0                 0                 0         3.5916424           13.5825	E1, 
          3.598331    -1.1794986e-09    -8.0116106e-10          3.598331    -8.3271288e-10    -5.6561079e-10         7.9749488                 0                 0          -1000000                 0                 0                 0         3.5961043           13.5975	E1, 
          3.602793     -1.179964e-09    -8.0147718e-10          3.602793    -8.3271288e-10    -5.6561079e-10          7.983749                 0                 0          -1000000                 0                 0                 0         3.6005663           13.6125	E1, 
         3.6072551    -1.1804289e-09    -8.0179295e-10         3.6072551    -8.3271288e-10    -5.6561079e-10         7.9925491                 0                 0          -1000000                 0                 0                 0         3.6050283           13.6275	E1, 
         3.6117173    -1.1808933e-09    -8.0210838e-10         3.6117173    -8.3271288e-10    -5.6561079e-10         8.0013493                 0                 0          -1000000                 0                 0                 0         3.6094905           13.6425	E1, 
         3.6161795    -1.1813572e-09    -8.0242346e-10         3.6161795    -8.3271288e-10    -5.6561079e-10         8.0101495                 0                 0          -1000000                 0                 0                 0         3.6139527           13.6575	E1, 
         3.6206418    -1.1818205e-09    -8.0273821e-10         3.6206418    -8.3271288e-10    -5.6561079e-10         8.0189497                 0                 0          -1000000                 0                 0                 0          3.618415           13.6725	E1, 
         3.6251042    -1.1822834e-09    -8.0305262e-10         3.6251042    -8.3271288e-10    -5.6561079e-10         8.0277499                 0                 0          -1000000                 0                 0                 0         3.6228773           13.6875	E1, 
         3.6295667    -1.1827458e-09    -8.0336669e-10         3.6295667    -8.3271288e-10    -5.6561079e-10         8.0365501                 0                 0          -1000000                 0                 0                 0         3.6273398           13.7025	E1, 
         3.6340293    -1.1832077e-09    -8.0368042e-10         3.6340293    -8.3271288e-10    -5.6561079e-10         8.0453503                 0                 0          -1000000                 0                 0                 0         3.6318023           13.7175	E1, 
         3.6384919    -1.1836691e-09    -8.0399381e-10         3.6384919    -8.3271288e-10    -5.6561079e-10         8.0541505                 0                 0          -1000000                 0                 0                 0         3.6362649           13.7325	E1, 
         3.6429546      -1.18413e-09    -8.0430686e-10         3.6429546    -8.3271288e-10    -5.6561079e-10         8.0629506                 0                 0          -1000000                 0                 0                 0         3.6407275           13.7475	E1, 
         3.6474173    -1.1845904e-09    -8.0461958e-10         3.6474173    -8.3271288e-10    -5.6561079e-10         8.0717508                 0                 0          -1000000                 0                 0                 0         3.6451903           13.7625	E1, 
         3.6518802    -1.1850503e-09    -8.0493196e-10         3.6518802    -8.3271288e-10    -5.6561079e-10          8.080551                 0                 0          -1000000                 0                 0                 0         3.6496531           13.7775	E1, 
         3.6563431    -1.1855097e-09    -8.0524401e-10         3.6563431    -8.3271288e-10    -5.6561079e-10         8.0893512                 0                 0          -1000000                 0                 0                 0         3.6541159           13.7925	E1, 
         3.6608061    -1.1859686e-09    -8.0555573e-10         3.6608061    -8.3271288e-10    -5.6561079e-10         8.0981514                 0                 0          -1000000                 0                 0                 0         3.6585789           13.8075	E1, 
         3.6652692     -1.186427e-09    -8.0586711e-10         3.6652692    -8.3271288e-10    -5.6561079e-10         8.1069516                 0                 0          -1000000                 0                 0                 0         3.6630419           13.8225	E1, 
         3.6697323     -1.186885e-09    -8.0617816e-10         3.6697323    -8.3271288e-10    -5.6561079e-10         8.1157518                 0                 0          -1000000                 0                 0                 0          3.667505           13.8375	E1, 
         3.6741955    -1.1873424e-09    -8.0648888e-10         3.6741955    -8.3271288e-10    -5.6561079e-10          8.124552                 0                 0          -1000000                 0                 0                 0         3.6719682           13.8525	E1, 
         3.6786588    -1.1877994e-09    -8.0679926e-10         3.6786588    -8.3271288e-10    -5.6561079e-10         8.1333521                 0                 0          -1000000                 0                 0                 0         3.6764314           13.8675	E1, 
         3.6831221    -1.1882558e-09    -8.0710932e-10         3.6831221    -8.3271288e-10    -5.6561079e-10         8.1421523                 0                 0          -1000000                 0                 0                 0         3.6808947           13.8825	E1, 
         3.6875855    -1.1887118e-09    -8.0741904e-10         3.6875855    -8.3271288e-10    -5.6561079e-10         8.1509525                 0                 0          -1000000                 0                 0                 0         3.6853581           13.8975	E1, 
          3.692049    -1.1891673e-09    -8.0772844e-10          3.692049    -8.3271288e-10    -5.6561079e-10         8.1597527                 0                 0          -1000000                 0                 0                 0         3.6898216           13.9125	E1, 
         3.6965126    -1.1896224e-09    -8.0803751e-10         3.6965126    -8.3271288e-10    -5.6561079e-10         8.1685529                 0                 0          -1000000                 0                 0                 0         3.6942851           13.9275	E1, 
         3.7009762    -1.1900769e-09    -8.0834625e-10         3.7009762    -8.3271288e-10    -5.6561079e-10         8.1773531                 0                 0          -1000000                 0                 0                 0         3.6987487           13.9425	E1, 
         3.7054399     -1.190531e-09    -8.0865466e-10         3.7054399    -8.3271288e-10    -5.6561079e-10         8.1861533                 0                 0          -1000000                 0                 0                 0         3.7032124           13.9575	E1, 
         3.7099037    -1.1909845e-09    -8.0896275e-10         3.7099037    -8.3271288e-10    -5.6561079e-10         8.1949535                 0                 0          -1000000                 0                 0                 0         3.7076761           13.9725	E1, 
         3.7143676    -1.1914376e-09    -8.0927051e-10         3.7143676    -8.3271288e-10    -5.6561079e-10         8.2037537                 0                 0          -1000000                 0                 0                 0         3.7121399           13.9875	E1, 
         3.7188315    -1.1918903e-09    -8.0957795e-10         3.7188315    -8.3271288e-10    -5.6561079e-10         8.2125538                 0                 0          -1000000                 0                 0                 0         3.7166038           14.0025	E1, 
         3.7232955    -1.1923424e-09    -8.0988506e-10         3.7232955    -8.3271288e-10    -5.6561079e-10          8.221354                 0                 0          -1000000                 0                 0                 0         3.7210678           14.0175	E1, 
         3.7277595    -1.1927941e-09    -8.1019185e-10         3.7277595    -8.3271288e-10    -5.6561079e-10         8.2301542                 0                 0          -1000000                 0                 0                 0         3.7255318           14.0325	E1, 
         3.7322236    -1.1932453e-09    -8.1049831e-10         3.7322236    -8.3271288e-10    -5.6561079e-10         8.2389544                 0                 0          -1000000                 0                 0                 0         3.7299959           14.0475	E1, 
         3.7366878     -1.193696e-09    -8.1080446e-10         3.7366878    -8.3271288e-10    -5.6561079e-10         8.2477546                 0                 0          -1000000                 0                 0                 0           3.73446           14.0625	E1, 
         3.7411521    -1.1941462e-09    -8.1111028e-10         3.7411521    -8.3271288e-10    -5.6561079e-10         8.2565548                 0                 0          -1000000                 0                 0                 0         3.7389243           14.0775	E1, 
         3.7456164     -1.194596e-09    -8.1141578e-10         3.7456164    -8.3271288e-10    -5.6561079e-10          8.265355                 0                 0          -1000000                 0                 0                 0         3.7433886           14.0925	E1, 
         3.7500808    -1.1950453e-09    -8.1172096e-10         3.7500808    -8.3271288e-10    -5.6561079e-10         8.2741552                 0                 0          -1000000                 0                 0                 0         3.7478529           14.1075	E1, 
         3.7545453    -1.1954941e-09    -8.1202582e-10         3.7545453    -8.3271288e-10    -5.6561079e-10         8.2829553                 0                 0          -1000000                 0                 0                 0         3.7523174           14.1225	E1, 
         3.7590098    -1.1959425e-09    -8.1233036e-10         3.7590098    -8.3271288e-10    -5.6561079e-10         8.2917555                 0                 0          -1000000                 0                 0                 0         3.7567819           14.1375	E1, 
         3.7634744    -1.1963904e-09    -8.1263459e-10         3.7634744    -8.3271288e-10    -5.6561079e-10         8.3005557                 0                 0          -1000000                 0                 0                 0         3.7612464           14.1525	E1, 
         3.7679391    -1.1968378e-09     -8.129385e-10         3.7679391    -8.3271288e-10    -5.6561079e-10         8.3093559                 0                 0          -1000000                 0                 0                 0         3.7657111           14.1675	E1, 
         3.7724039    -1.1972847e-09    -8.1324208e-10         3.7724039    -8.3271288e-10    -5.6561079e-10         8.3181561                 0                 0          -1000000                 0                 0                 0         3.7701758           14.1825	E1, 
         3.7768687    -1.1977312e-09    -8.1354536e-10         3.7768687    -8.3271288e-10    -5.6561079e-10         8.3269563                 0                 0          -1000000                 0                 0                 0         3.7746405           14.1975	E1, 
         3.7813335    -1.1981772e-09    -8.1384832e-10         3.7813335    -8.3271288e-10    -5.6561079e-10         8.3357565                 0                 0          -1000000                 0                 0                 0         3.7791054           14.2125	E1, 
         3.7857985    -1.1986228e-09    -8.1415096e-10         3.7857985    -8.3271288e-10    -5.6561079e-10         8.3445567                 0                 0          -1000000                 0                 0                 0         3.7835703           14.2275	E1, 
         3.7902635    -1.1990679e-09    -8.1445329e-10         3.7902635    -8.3271288e-10    -5.6561079e-10         8.3533568                 0                 0          -1000000                 0                 0                 0         3.7880353           14.2425	E1, 
         3.7947286    -1.1995125e-09     -8.147553e-10         3.7947286    -8.3271288e-10    -5.6561079e-10          8.362157                 0                 0          -1000000                 0                 0                 0         3.7925003           14.2575	E1, 
         3.7991937    -1.1999567e-09      -8.15057e-10         3.7991937    -8.3271288e-10    -5.6561079e-10         8.3709572                 0                 0          -1000000                 0                 0                 0         3.7969654           14.2725	E1, 
         3.8036589    -1.2004004e-09    -8.1535839e-10         3.8036589    -8.3271288e-10    -5.6561079e-10         8.3797574                 0                 0          -1000000                 0                 0                 0         3.8014306           14.2875	E1, 
         3.8081242    -1.2008437e-09    -8.1565947e-10         3.8081242    -8.3271288e-10    -5.6561079e-10         8.3885576                 0                 0          -1000000                 0                 0                 0         3.8058958           14.3025	E1, 
         3.8125895    -1.2012865e-09    -8.1596024e-10         3.8125895    -8.3271288e-10    -5.6561079e-10         8.3973578                 0                 0          -1000000                 0                 0                 0         3.8103611           14.3175	E1, 
         3.8170549    -1.2017288e-09    -8.1626069e-10         3.8170549    -8.3271288e-10    -5.6561079e-10          8.406158                 0                 0          -1000000                 0                 0                 0         3.8148265           14.3325	E1, 
         3.8215204    -1.2021707e-09    -8.1656084e-10         3.8215204    -8.3271288e-10    -5.6561079e-10         8.4149582                 0                 0          -1000000                 0                 0                 0         3.8192919           14.3475	E1, 
         3.8259859    -1.2026122e-09    -8.1686067e-10         3.8259859    -8.3271288e-10    -5.6561079e-10         8.4237584                 0                 0          -1000000                 0                 0                 0         3.8237574           14.3625	E1, 
         3.8304515    -1.2030531e-09     -8.171602e-10         3.8304515    -8.3271288e-10    -5.6561079e-10         8.4325585                 0                 0          -1000000                 0                 0                 0          3.828223           14.3775	E1, 
         3.8349172    -1.2034937e-09    -8.1745942e-10         3.8349172    -8.3271288e-10    -5.6561079e-10         8.4413587                 0                 0          -1000000                 0                 0                 0         3.8326886           14.3925	E1, 
         3.8393829    -1.2039337e-09    -8.1775834e-10         3.8393829    -8.3271288e-10    -5.6561079e-10         8.4501589                 0                 0          -1000000                 0                 0                 0         3.8371543           14.4075	E1, 
         3.8438487    -1.2043733e-09    -8.1805694e-10         3.8438487    -8.3271288e-10    -5.6561079e-10         8.4589591                 0                 0          -1000000                 0                 0                 0         3.8416201           14.4225	E1, 
         3.8483145    -1.2048125e-09    -8.1835524e-10         3.8483145    -8.3271288e-10    -5.6561079e-10         8.4677593                 0                 0          -1000000                 0                 0                 0         3.8460859           14.4375	E1, 
         3.8527804    -1.2052512e-09    -8.1865324e-10         3.8527804    -8.3271288e-10    -5.6561079e-10         8.4765595                 0                 0          -1000000                 0                 0                 0         3.8505518           14.4525	E1, 
         3.8572464    -1.2056895e-09    -8.1895093e-10         3.8572464    -8.3271288e-10    -5.6561079e-10         8.4853597                 0                 0          -1000000                 0                 0                 0         3.8550177           14.4675	E1, 
         3.8617125    -1.2061273e-09    -8.1924831e-10         3.8617125    -8.3271288e-10    -5.6561079e-10         8.4941599                 0                 0          -1000000                 0                 0                 0         3.8594837           14.4825	E1, 
         3.8661786    -1.2065647e-09    -8.1954539e-10         3.8661786    -8.3271288e-10    -5.6561079e-10           8.50296                 0                 0          -1000000                 0                 0                 0         3.8639498           14.4975	E1, 
         3.8706447    -1.2070016e-09    -8.1984217e-10         3.8706447    -8.3271288e-10    -5.6561079e-10         8.5117602                 0                 0          -1000000                 0                 0                 0          3.868416           14.5125	E1, 
          3.875111    -1.2074381e-09    -8.2013865e-10          3.875111    -8.3271288e-10    -5.6561079e-10         8.5205604                 0                 0          -1000000                 0                 0                 0         3.8728822           14.5275	E1, 
         3.8795773    -1.2078742e-09    -8.2043483e-10         3.8795773    -8.3271288e-10    -5.6561079e-10         8.5293606                 0                 0          -1000000                 0                 0                 0         3.8773484           14.5425	E1, 
         3.8840436    -1.2083097e-09     -8.207307e-10         3.8840436    -8.3271288e-10    -5.6561079e-10         8.5381608                 0                 0          -1000000                 0                 0                 0         3.8818147           14.5575	E1, 
         3.8885101    -1.2087449e-09    -8.2102627e-10         3.8885101    -8.3271288e-10    -5.6561079e-10          8.546961                 0                 0          -1000000                 0                 0                 0         3.8862811           14.5725	E1, 
         3.8929765    -1.2091796e-09    -8.2132155e-10         3.8929765    -8.3271288e-10    -5.6561079e-10         8.5557612                 0                 0          -1000000                 0                 0                 0         3.8907476           14.5875	E1, 
         3.8974431    -1.2096139e-09    -8.2161652e-10         3.8974431    -8.3271288e-10    -5.6561079e-10         8.5645614                 0                 0          -1000000                 0                 0                 0         3.8952141           14.6025	E1, 
         3.9019097    -1.2100477e-09     -8.219112e-10         3.9019097    -8.3271288e-10    -5.6561079e-10         8.5733616                 0                 0          -1000000                 0                 0                 0         3.8996807           14.6175	E1, 
         3.9063764    -1.2104811e-09    -8.2220557e-10         3.9063764    -8.3271288e-10    -5.6561079e-10         8.5821617                 0                 0          -1000000                 0                 0                 0         3.9041473           14.6325	E1, 
         3.9108431    -1.2109141e-09    -8.2249965e-10         3.9108431    -8.3271288e-10    -5.6561079e-10         8.5909619                 0                 0          -1000000                 0                 0                 0          3.908614           14.6475	E1, 
         3.9153099    -1.2113466e-09    -8.2279344e-10         3.9153099    -8.3271288e-10    -5.6561079e-10         8.5997621                 0                 0          -1000000                 0                 0                 0         3.9130808           14.6625	E1, 
         3.9197767    -1.2117787e-09    -8.2308692e-10         3.9197767    -8.3271288e-10    -5.6561079e-10         8.6085623                 0                 0          -1000000                 0                 0                 0         3.9175476           14.6775	E1, 
         3.9242436    -1.2122103e-09    -8.2338012e-10         3.9242436    -8.3271288e-10    -5.6561079e-10         8.6173625                 0                 0          -1000000                 0                 0                 0         3.9220145           14.6925	E1, 
         3.9287106    -1.2126415e-09    -8.2367301e-10         3.9287106    -8.3271288e-10    -5.6561079e-10         8.6261627                 0                 0          -1000000                 0                 0                 0         3.9264814           14.7075	E1, 
         3.9331776    -1.2130723e-09    -8.2396561e-10         3.9331776    -8.3271288e-10    -5.6561079e-10         8.6349629                 0                 0          -1000000                 0                 0                 0         3.9309484           14.7225	E1, 
         3.9376447    -1.2135026e-09    -8.2425792e-10         3.9376447    -8.3271288e-10    -5.6561079e-10         8.6437631                 0                 0          -1000000                 0                 0                 0         3.9354155           14.7375	E1, 
         3.9421119    -1.2139326e-09    -8.2454993e-10         3.9421119    -8.3271288e-10    -5.6561079e-10         8.6525632                 0                 0          -1000000                 0                 0                 0         3.9398826           14.7525	E1, 
         3.9465791     -1.214362e-09    -8.2484166e-10         3.9465791    -8.3271288e-10    -5.6561079e-10         8.6613634                 0                 0          -1000000                 0                 0                 0         3.9443498           14.7675	E1, 
         3.9510464    -1.2147911e-09    -8.2513308e-10         3.9510464    -8.3271288e-10    -5.6561079e-10         8.6701636                 0                 0          -1000000                 0                 0                 0          3.948817           14.7825	E1, 
         3.9555137    -1.2152197e-09    -8.2542422e-10         3.9555137    -8.3271288e-10    -5.6561079e-10         8.6789638                 0                 0          -1000000                 0                 0                 0         3.9532843           14.7975	E1, 
         3.9599811    -1.2156479e-09    -8.2571507e-10         3.9599811    -8.3271288e-10    -5.6561079e-10          8.687764                 0                 0          -1000000                 0                 0                 0         3.9577517           14.8125	E1, 
         3.9644485    -1.2160757e-09    -8.2600562e-10         3.9644485    -8.3271288e-10    -5.6561079e-10         8.6965642                 0                 0          -1000000                 0                 0                 0         3.9622191           14.8275	E1, 
          3.968916     -1.216503e-09    -8.2629589e-10          3.968916    -8.3271288e-10    -5.6561079e-10         8.7053644                 0                 0          -1000000                 0                 0                 0         3.9666866           14.8425	E1, 
         3.9733836    -1.2169299e-09    -8.2658587e-10         3.9733836    -8.3271288e-10    -5.6561079e-10         8.7141646                 0                 0          -1000000                 0                 0                 0         3.9711541           14.8575	E1, 
         3.9778512    -1.2173564e-09    -8.2687555e-10         3.9778512    -8.3271288e-10    -5.6561079e-10         8.7229647                 0                 0          -1000000                 0                 0                 0         3.9756217           14.8725	E1, 
         3.9823189    -1.2177825e-09    -8.2716495e-10         3.9823189    -8.3271288e-10    -5.6561079e-10         8.7317649                 0                 0          -1000000                 0                 0                 0         3.9800894           14.8875	E1, 
         3.9867867    -1.2182081e-09    -8.2745407e-10         3.9867867    -8.3271288e-10    -5.6561079e-10         8.7405651                 0                 0          -1000000                 0                 0                 0         3.9845571           14.9025	E1, 
         3.9912545    -1.2186333e-09    -8.2774289e-10         3.9912545    -8.3271288e-10    -5.6561079e-10         8.7493653                 0                 0          -1000000                 0                 0                 0         3.9890248           14.9175	E1, 
         3.9957223    -1.2190581e-09    -8.2803143e-10         3.9957223    -8.3271288e-10    -5.6561079e-10         8.7581655                 0                 0          -1000000                 0                 0                 0         3.9934927           14.9325	E1, 
         4.0001902    -1.2194825e-09    -8.2831968e-10         4.0001902    -8.3271288e-10    -5.6561079e-10         8.7669657                 0                 0          -1000000                 0                 0                 0         3.9979606           14.9475	E1, 
         4.0046582    -1.2199065e-09    -8.2860765e-10         4.0046582    -8.3271288e-10    -5.6561079e-10         8.7757659                 0                 0          -1000000                 0                 0                 0         4.0024285           14.9625	E1, 
         4.0091262      -1.22033e-09    -8.2889533e-10         4.0091262    -8.3271288e-10    -5.6561079e-10         8.7845661                 0                 0          -1000000                 0                 0                 0         4.0068965           14.9775	E1, 
         4.0135943    -1.2207531e-09    -8.2918273e-10         4.0135943    -8.3271288e-10    -5.6561079e-10         8.7933663                 0                 0          -1000000                 0                 0                 0         4.0113646           14.9925	E1, 
         4.0180625    -1.2211758e-09    -8.2946984e-10         4.0180625    -8.3271288e-10    -5.6561079e-10         8.8021664                 0                 0          -1000000                 0                 0                 0         4.0158327           15.0075	E1, 
         4.0225307    -1.2215981e-09    -8.2975668e-10         4.0225307    -8.3271288e-10    -5.6561079e-10         8.8109666                 0                 0          -1000000                 0                 0                 0         4.0203009           15.0225	E1, 
         4.0269989      -1.22202e-09    -8.3004323e-10         4.0269989    -8.3271288e-10    -5.6561079e-10         8.8197668                 0                 0          -1000000                 0                 0                 0         4.0247691           15.0375	E1, 
         4.0314672    -1.2224414e-09    -8.3032949e-10         4.0314672    -8.3271288e-10    -5.6561079e-10          8.828567                 0                 0          -1000000                 0                 0                 0         4.0292374           15.0525	E1, 
         4.0359356    -1.2228625e-09    -8.3061548e-10         4.0359356    -8.3271288e-10    -5.6561079e-10         8.8373672                 0                 0          -1000000                 0                 0                 0         4.0337057           15.0675	E1, 
          4.040404    -1.2232831e-09    -8.3090118e-10          4.040404    -8.3271288e-10    -5.6561079e-10         8.8461674                 0                 0          -1000000                 0                 0                 0         4.0381741           15.0825	E1, 
         4.0448725    -1.2237033e-09    -8.3118661e-10         4.0448725    -8.3271288e-10    -5.6561079e-10         8.8549676                 0                 0          -1000000                 0                 0                 0         4.0426426           15.0975	E1, 
         4.0493411    -1.2241231e-09    -8.3147175e-10         4.0493411    -8.3271288e-10    -5.6561079e-10         8.8637678                 0                 0          -1000000                 0                 0                 0         4.0471111           15.1125	E1, 
         4.0538096    -1.2245425e-09    -8.3175662e-10         4.0538096    -8.3271288e-10    -5.6561079e-10         8.8725679                 0                 0          -1000000                 0                 0                 0         4.0515796           15.1275	E1, 
         4.0582783    -1.2249615e-09     -8.320412e-10         4.0582783    -8.3271288e-10    -5.6561079e-10         8.8813681                 0                 0          -1000000                 0                 0                 0         4.0560483           15.1425	E1, 
          4.062747    -1.2253801e-09    -8.3232551e-10          4.062747    -8.3271288e-10    -5.6561079e-10         8.8901683                 0                 0          -1000000                 0                 0                 0         4.0605169           15.1575	E1, 
         4.0672158    -1.2257982e-09    -8.3260954e-10         4.0672158    -8.3271288e-10    -5.6561079e-10         8.8989685                 0                 0          -1000000                 0                 0                 0         4.0649857           15.1725	E1, 
         4.0716846     -1.226216e-09    -8.3289329e-10         4.0716846    -8.3271288e-10    -5.6561079e-10         8.9077687                 0                 0          -1000000                 0                 0                 0         4.0694545           15.1875	E1, 
         4.0761535    -1.2266333e-09    -8.3317677e-10         4.0761535    -8.3271288e-10    -5.6561079e-10         8.9165689                 0                 0          -1000000                 0                 0                 0         4.0739233           15.2025	E1, 
         4.0806224    -1.2270502e-09    -8.3345997e-10         4.0806224    -8.3271288e-10    -5.6561079e-10         8.9253691                 0                 0          -1000000                 0                 0                 0         4.0783922           15.2175	E1, 
         4.0850914    -1.2274668e-09     -8.337429e-10         4.0850914    -8.3271288e-10    -5.6561079e-10         8.9341693                 0                 0          -1000000                 0                 0                 0         4.0828612           15.2325	E1, 
         4.0895604    -1.2278829e-09    -8.3402555e-10         4.0895604    -8.3271288e-10    -5.6561079e-10         8.9429695                 0                 0          -1000000                 0                 0                 0         4.0873302           15.2475	E1, 
         4.0940295    -1.2282986e-09    -8.3430792e-10         4.0940295    -8.3271288e-10    -5.6561079e-10         8.9517696                 0                 0          -1000000                 0                 0                 0         4.0917992           15.2625	E1, 
         4.0984986     -1.228714e-09    -8.3459003e-10         4.0984986    -8.3271288e-10    -5.6561079e-10         8.9605698                 0                 0          -1000000                 0                 0                 0         4.0962683           15.2775	E1, 
         4.1029678    -1.2291289e-09    -8.3487185e-10         4.1029678    -8.3271288e-10    -5.6561079e-10           8.96937                 0                 0          -1000000                 0                 0                 0         4.1007375           15.2925	E1, 
         4.1074371    -1.2295434e-09    -8.3515341e-10         4.1074371    -8.3271288e-10    -5.6561079e-10         8.9781702                 0                 0          -1000000                 0                 0                 0         4.1052067           15.3075	E1, 
         4.1119064    -1.2299575e-09    -8.3543469e-10         4.1119064    -8.3271288e-10    -5.6561079e-10         8.9869704                 0                 0          -1000000                 0                 0                 0          4.109676           15.3225	E1, 
         4.1163757    -1.2303712e-09    -8.3571571e-10         4.1163757    -8.3271288e-10    -5.6561079e-10         8.9957706                 0                 0          -1000000                 0                 0                 0         4.1141453           15.3375	E1, 
         4.1208451    -1.2307845e-09    -8.3599645e-10         4.1208451    -8.3271288e-10    -5.6561079e-10         9.0045708                 0                 0          -1000000                 0                 0                 0         4.1186147           15.3525	E1, 
         4.1253146    -1.2311975e-09    -8.3627692e-10         4.1253146    -8.3271288e-10    -5.6561079e-10          9.013371                 0                 0          -1000000                 0                 0                 0         4.1230842           15.3675	E1, 
         4.1297841      -1.23161e-09    -8.3655712e-10         4.1297841    -8.3271288e-10    -5.6561079e-10         9.0221711                 0                 0          -1000000                 0                 0                 0         4.1275537           15.3825	E1, 
         4.1342537    -1.2320221e-09    -8.3683704e-10         4.1342537    -8.3271288e-10    -5.6561079e-10         9.0309713                 0                 0          -1000000                 0                 0                 0         4.1320232           15.3975	E1, 
         4.1387233    -1.2324338e-09    -8.3711671e-10         4.1387233    -8.3271288e-10    -5.6561079e-10         9.0397715                 0                 0          -1000000                 0                 0                 0         4.1364928           15.4125	E1, 
          4.143193    -1.2328452e-09     -8.373961e-10          4.143193    -8.3271288e-10    -5.6561079e-10         9.0485717                 0                 0          -1000000                 0                 0                 0         4.1409624           15.4275	E1, 
         4.1476627    -1.2332561e-09    -8.3767522e-10         4.1476627    -8.3271288e-10    -5.6561079e-10         9.0573719                 0                 0          -1000000                 0                 0                 0         4.1454321           15.4425	E1, 
         4.1521325    -1.2336666e-09    -8.3795408e-10         4.1521325    -8.3271288e-10    -5.6561079e-10         9.0661721                 0                 0          -1000000                 0                 0                 0         4.1499019           15.4575	E1, 
         4.1566023    -1.2340768e-09    -8.3823267e-10         4.1566023    -8.3271288e-10    -5.6561079e-10         9.0749723                 0                 0          -1000000                 0                 0                 0         4.1543717           15.4725	E1, 
         4.1610722    -1.2344865e-09    -8.3851099e-10         4.1610722    -8.3271288e-10    -5.6561079e-10         9.0837725                 0                 0          -1000000                 0                 0                 0         4.1588416           15.4875	E1, 
         4.1655421    -1.2348959e-09    -8.3878904e-10         4.1655421    -8.3271288e-10    -5.6561079e-10         9.0925726                 0                 0          -1000000                 0                 0                 0         4.1633115           15.5025	E1, 
         4.1700121    -1.2353049e-09    -8.3906683e-10         4.1700121    -8.3271288e-10    -5.6561079e-10         9.1013728                 0                 0          -1000000                 0                 0                 0         4.1677814           15.5175	E1, 
         4.1744822    -1.2357135e-09    -8.3934436e-10         4.1744822    -8.3271288e-10    -5.6561079e-10          9.110173                 0                 0          -1000000                 0                 0                 0         4.1722514           15.5325	E1, 
         4.1789523    -1.2361216e-09    -8.3962162e-10         4.1789523    -8.3271288e-10    -5.6561079e-10         9.1189732                 0                 0          -1000000                 0                 0                 0         4.1767215           15.5475	E1, 
         4.1834224    -1.2365295e-09    -8.3989862e-10         4.1834224    -8.3271288e-10    -5.6561079e-10         9.1277734                 0                 0          -1000000                 0                 0                 0         4.1811916           15.5625	E1, 
         4.1878926    -1.2369369e-09    -8.4017535e-10         4.1878926    -8.3271288e-10    -5.6561079e-10         9.1365736                 0                 0          -1000000                 0                 0                 0         4.1856618           15.5775	E1, 
         4.1923628    -1.2373439e-09    -8.4045182e-10         4.1923628    -8.3271288e-10    -5.6561079e-10         9.1453738                 0                 0          -1000000                 0                 0                 0          4.190132           15.5925	E1, 
         4.1968331    -1.2377505e-09    -8.4072802e-10         4.1968331    -8.3271288e-10    -5.6561079e-10          9.154174                 0                 0          -1000000                 0                 0                 0         4.1946023           15.6075	E1, 
         4.2013035    -1.2381568e-09    -8.4100397e-10         4.2013035    -8.3271288e-10    -5.6561079e-10         9.1629742                 0                 0          -1000000                 0                 0                 0         4.1990726           15.6225	E1, 
         4.2057739    -1.2385627e-09    -8.4127965e-10         4.2057739    -8.3271288e-10    -5.6561079e-10         9.1717743                 0                 0          -1000000                 0                 0                 0          4.203543           15.6375	E1, 
         4.2102443    -1.2389682e-09    -8.4155507e-10         4.2102443    -8.3271288e-10    -5.6561079e-10         9.1805745                 0                 0          -1000000                 0                 0                 0         4.2080134           15.6525	E1, 
         4.2147148    -1.2393733e-09    -8.4183024e-10         4.2147148    -8.3271288e-10    -5.6561079e-10         9.1893747                 0                 0          -1000000                 0                 0                 0         4.2124838           15.6675	E1, 
         4.2191853     -1.239778e-09    -8.4210514e-10         4.2191853    -8.3271288e-10    -5.6561079e-10         9.1981749                 0                 0          -1000000                 0                 0                 0         4.2169544           15.6825	E1, 
         4.2236559    -1.2401823e-09    -8.4237978e-10         4.2236559    -8.3271288e-10    -5.6561079e-10         9.2069751                 0                 0          -1000000                 0                 0                 0         4.2214249           15.6975	E1, 
         4.2281266    -1.2405863e-09    -8.4265416e-10         4.2281266    -8.3271288e-10    -5.6561079e-10         9.2157753                 0                 0          -1000000                 0                 0                 0         4.2258956           15.7125	E1, 
         4.2325973    -1.2409898e-09    -8.4292828e-10         4.2325973    -8.3271288e-10    -5.6561079e-10         9.2245755                 0                 0          -1000000                 0                 0                 0         4.2303662           15.7275	E1, 
          4.237068     -1.241393e-09    -8.4320215e-10          4.237068    -8.3271288e-10    -5.6561079e-10         9.2333757                 0                 0          -1000000                 0                 0                 0         4.2348369           15.7425	E1, 
         4.2415388    -1.2417958e-09    -8.4347576e-10         4.2415388    -8.3271288e-10    -5.6561079e-10         9.2421758                 0                 0          -1000000                 0                 0                 0         4.2393077           15.7575	E1, 
         4.2460097    -1.2421983e-09    -8.4374911e-10         4.2460097    -8.3271288e-10    -5.6561079e-10          9.250976                 0                 0          -1000000                 0                 0                 0         4.2437785           15.7725	E1, 
         4.2504805    -1.2426003e-09     -8.440222e-10         4.2504805    -8.3271288e-10    -5.6561079e-10         9.2597762                 0                 0          -1000000                 0                 0                 0         4.2482494           15.7875	E1, 
         4.2549515     -1.243002e-09    -8.4429504e-10         4.2549515    -8.3271288e-10    -5.6561079e-10         9.2685764                 0                 0          -1000000                 0                 0                 0         4.2527203           15.8025	E1, 
         4.2594225    -1.2434033e-09    -8.4456762e-10         4.2594225    -8.3271288e-10    -5.6561079e-10         9.2773766                 0                 0          -1000000                 0                 0                 0         4.2571913           15.8175	E1, 
         4.2638935    -1.2438043e-09    -8.4483994e-10         4.2638935    -8.3271288e-10    -5.6561079e-10         9.2861768                 0                 0          -1000000                 0                 0                 0         4.2616623           15.8325	E1, 
         4.2683646    -1.2442048e-09    -8.4511202e-10         4.2683646    -8.3271288e-10    -5.6561079e-10          9.294977                 0                 0          -1000000                 0                 0                 0         4.2661333           15.8475	E1, 
         4.2728357     -1.244605e-09    -8.4538383e-10         4.2728357    -8.3271288e-10    -5.6561079e-10         9.3037772                 0                 0          -1000000                 0                 0                 0         4.2706045           15.8625	E1, 
         4.2773069    -1.2450048e-09    -8.4565539e-10         4.2773069    -8.3271288e-10    -5.6561079e-10         9.3125774                 0                 0          -1000000                 0                 0                 0         4.2750756           15.8775	E1, 
         4.2817781    -1.2454042e-09     -8.459267e-10         4.2817781    -8.3271288e-10    -5.6561079e-10         9.3213775                 0                 0          -1000000                 0                 0                 0         4.2795468           15.8925	E1, 
         4.2862494    -1.2458033e-09    -8.4619776e-10         4.2862494    -8.3271288e-10    -5.6561079e-10         9.3301777                 0                 0          -1000000                 0                 0                 0         4.2840181           15.9075	E1, 
         4.2907208     -1.246202e-09    -8.4646856e-10         4.2907208    -8.3271288e-10    -5.6561079e-10         9.3389779                 0                 0          -1000000                 0                 0                 0         4.2884894           15.9225	E1, 
         4.2951921    -1.2466003e-09    -8.4673912e-10         4.2951921    -8.3271288e-10    -5.6561079e-10         9.3477781                 0                 0          -1000000                 0                 0                 0         4.2929607           15.9375	E1, 
         4.2996635    -1.2469982e-09    -8.4700942e-10         4.2996635    -8.3271288e-10    -5.6561079e-10         9.3565783                 0                 0          -1000000                 0                 0                 0         4.2974321           15.9525	E1, 
          4.304135    -1.2473958e-09    -8.4727947e-10          4.304135    -8.3271288e-10    -5.6561079e-10         9.3653785                 0                 0          -1000000                 0                 0                 0         4.3019036           15.9675	E1, 
         4.3086065     -1.247793e-09    -8.4754926e-10         4.3086065    -8.3271288e-10    -5.6561079e-10         9.3741787                 0                 0          -1000000                 0                 0                 0         4.3063751           15.9825	E1, 
         4.3130781    -1.2481899e-09    -8.4781881e-10         4.3130781    -8.3271288e-10    -5.6561079e-10         9.3829789                 0                 0          -1000000                 0                 0                 0         4.3108466           15.9975	E1, 
         4.3175497    -1.2485863e-09    -8.4808811e-10         4.3175497    -8.3271288e-10    -5.6561079e-10          9.391779                 0                 0          -1000000                 0                 0                 0         4.3153182           16.0125	E1, 
         4.3220214    -1.2489824e-09    -8.4835716e-10         4.3220214    -8.3271288e-10    -5.6561079e-10         9.4005792                 0                 0          -1000000                 0                 0                 0         4.3197898           16.0275	E1, 
         4.3264931    -1.2493782e-09    -8.4862596e-10         4.3264931    -8.3271288e-10    -5.6561079e-10         9.4093794                 0                 0          -1000000                 0                 0                 0         4.3242615           16.0425	E1, 
         4.3309648    -1.2497735e-09    -8.4889451e-10         4.3309648    -8.3271288e-10    -5.6561079e-10         9.4181796                 0                 0          -1000000                 0                 0                 0         4.3287332           16.0575	E1, 
         4.3354366    -1.2501685e-09    -8.4916282e-10         4.3354366    -8.3271288e-10    -5.6561079e-10         9.4269798                 0                 0          -1000000                 0                 0                 0          4.333205           16.0725	E1, 
         4.3399085    -1.2505632e-09    -8.4943087e-10         4.3399085    -8.3271288e-10    -5.6561079e-10           9.43578                 0                 0          -1000000                 0                 0                 0         4.3376768           16.0875	E1, 
         4.3443804    -1.2509575e-09    -8.4969868e-10         4.3443804    -8.3271288e-10    -5.6561079e-10         9.4445802                 0                 0          -1000000                 0                 0                 0         4.3421487           16.1025	E1, 
         4.3488523    -1.2513514e-09    -8.4996624e-10         4.3488523    -8.3271288e-10    -5.6561079e-10         9.4533804                 0                 0          -1000000                 0                 0                 0         4.3466206           16.1175	E1, 
         4.3533243    -1.2517449e-09    -8.5023356e-10         4.3533243    -8.3271288e-10    -5.6561079e-10         9.4621805                 0                 0          -1000000                 0                 0                 0         4.3510926           16.1325	E1, 
         4.3577963    -1.2521381e-09    -8.5050063e-10         4.3577963    -8.3271288e-10    -5.6561079e-10         9.4709807                 0                 0          -1000000                 0                 0                 0         4.3555646           16.1475	E1, 
         4.3622684     -1.252531e-09    -8.5076746e-10         4.3622684    -8.3271288e-10    -5.6561079e-10         9.4797809                 0                 0          -1000000                 0                 0                 0         4.3600366           16.1625	E1, 
         4.3667405    -1.2529234e-09    -8.5103404e-10         4.3667405    -8.3271288e-10    -5.6561079e-10         9.4885811                 0                 0          -1000000                 0                 0                 0         4.3645087           16.1775	E1, 
         4.3712127    -1.2533155e-09    -8.5130038e-10         4.3712127    -8.3271288e-10    -5.6561079e-10         9.4973813                 0                 0          -1000000                 0                 0                 0         4.3689809           16.1925	E1, 
         4.3756849    -1.2537073e-09    -8.5156647e-10         4.3756849    -8.3271288e-10    -5.6561079e-10         9.5061815                 0                 0          -1000000                 0                 0                 0         4.3734531           16.2075	E1, 
         4.3801571    -1.2540987e-09    -8.5183232e-10         4.3801571    -8.3271288e-10    -5.6561079e-10         9.5149817                 0                 0          -1000000                 0                 0                 0         4.3779253           16.2225	E1, 
         4.3846294    -1.2544897e-09    -8.5209793e-10         4.3846294    -8.3271288e-10    -5.6561079e-10         9.5237819                 0                 0          -1000000                 0                 0                 0         4.3823976           16.2375	E1, 
         4.3891018    -1.2548804e-09    -8.5236329e-10         4.3891018    -8.3271288e-10    -5.6561079e-10         9.5325821                 0                 0          -1000000                 0                 0                 0         4.3868699           16.2525	E1, 
         4.3935742    -1.2552707e-09    -8.5262841e-10         4.3935742    -8.3271288e-10    -5.6561079e-10         9.5413822                 0                 0          -1000000                 0                 0                 0         4.3913423           16.2675	E1, 
         4.3980466    -1.2556607e-09    -8.5289329e-10         4.3980466    -8.3271288e-10    -5.6561079e-10         9.5501824                 0                 0          -1000000                 0                 0                 0         4.3958147           16.2825	E1, 
         4.4025191    -1.2560503e-09    -8.5315793e-10         4.4025191    -8.3271288e-10    -5.6561079e-10         9.5589826                 0                 0          -1000000                 0                 0                 0         4.4002871           16.2975	E1, 
         4.4069916    -1.2564396e-09    -8.5342233e-10         4.4069916    -8.3271288e-10    -5.6561079e-10         9.5677828                 0                 0          -1000000                 0                 0                 0         4.4047596           16.3125	E1, 
         4.4114642    -1.2568285e-09    -8.5368649e-10         4.4114642    -8.3271288e-10    -5.6561079e-10          9.576583                 0                 0          -1000000                 0                 0                 0         4.4092322           16.3275	E1, 
         4.4159368     -1.257217e-09    -8.5395041e-10         4.4159368    -8.3271288e-10    -5.6561079e-10         9.5853832                 0                 0          -1000000                 0                 0                 0         4.4137048           16.3425	E1, 
         4.4204094    -1.2576052e-09    -8.5421409e-10         4.4204094    -8.3271288e-10    -5.6561079e-10         9.5941834                 0                 0          -1000000                 0                 0                 0         4.4181774           16.3575	E1, 
         4.4248821    -1.2579931e-09    -8.5447753e-10         4.4248821    -8.3271288e-10    -5.6561079e-10         9.6029836                 0                 0          -1000000                 0                 0                 0         4.4226501           16.3725	E1, 
         4.4293549    -1.2583806e-09    -8.5474073e-10         4.4293549    -8.3271288e-10    -5.6561079e-10         9.6117837                 0                 0          -1000000                 0                 0                 0         4.4271228           16.3875	E1, 
         4.4338277    -1.2587677e-09    -8.5500369e-10         4.4338277    -8.3271288e-10    -5.6561079e-10         9.6205839                 0                 0          -1000000                 0                 0                 0         4.4315956           16.4025	E1, 
         4.4383005    -1.2591545e-09    -8.5526642e-10         4.4383005    -8.3271288e-10    -5.6561079e-10         9.6293841                 0                 0          -1000000                 0                 0                 0         4.4360684           16.4175	E1, 
         4.4427734    -1.2595409e-09    -8.5552891e-10         4.4427734    -8.3271288e-10    -5.6561079e-10         9.6381843                 0                 0          -1000000                 0                 0                 0         4.4405412           16.4325	E1, 
         4.4472463     -1.259927e-09    -8.5579116e-10         4.4472463    -8.3271288e-10    -5.6561079e-10         9.6469845                 0                 0          -1000000                 0                 0                 0         4.4450141           16.4475	E1, 
         4.4517193    -1.2603128e-09    -8.5605317e-10         4.4517193    -8.3271288e-10    -5.6561079e-10         9.6557847                 0                 0          -1000000                 0                 0                 0         4.4494871           16.4625	E1, 
         4.4561923    -1.2606982e-09    -8.5631495e-10         4.4561923    -8.3271288e-10    -5.6561079e-10         9.6645849                 0                 0          -1000000                 0                 0                 0         4.4539601           16.4775	E1, 
         4.4606653    -1.2610832e-09    -8.5657649e-10         4.4606653    -8.3271288e-10    -5.6561079e-10         9.6733851                 0                 0          -1000000                 0                 0                 0         4.4584331           16.4925	E1, 
         4.4651384    -1.2614679e-09     -8.568378e-10         4.4651384    -8.3271288e-10    -5.6561079e-10         9.6821853                 0                 0          -1000000                 0                 0                 0         4.4629062           16.5075	E1, 
         4.4696115    -1.2618523e-09    -8.5709887e-10         4.4696115    -8.3271288e-10    -5.6561079e-10         9.6909854                 0                 0          -1000000                 0                 0                 0         4.4673793           16.5225	E1, 
         4.4740847    -1.2622363e-09    -8.5735971e-10         4.4740847    -8.3271288e-10    -5.6561079e-10         9.6997856                 0                 0          -1000000                 0                 0                 0         4.4718524           16.5375	E1, 
         4.4785579      -1.26262e-09    -8.5762032e-10         4.4785579    -8.3271288e-10    -5.6561079e-10         9.7085858                 0                 0          -1000000                 0                 0                 0         4.4763256           16.5525	E1, 
         4.4830312    -1.2630033e-09    -8.5788069e-10         4.4830312    -8.3271288e-10    -5.6561079e-10          9.717386                 0                 0          -1000000                 0                 0                 0         4.4807989           16.5675	E1, 
         4.4875045    -1.2633863e-09    -8.5814082e-10         4.4875045    -8.3271288e-10    -5.6561079e-10         9.7261862                 0                 0          -1000000                 0                 0                 0         4.4852722           16.5825	E1, 
         4.4919779    -1.2637689e-09    -8.5840073e-10         4.4919779    -8.3271288e-10    -5.6561079e-10         9.7349864                 0                 0          -1000000                 0                 0                 0         4.4897455           16.5975	E1, 
         4.4964513    -1.2641512e-09     -8.586604e-10         4.4964513    -8.3271288e-10    -5.6561079e-10         9.7437866                 0                 0          -1000000                 0                 0                 0         4.4942189           16.6125	E1, 
         4.5009247    -1.2645332e-09    -8.5891984e-10         4.5009247    -8.3271288e-10    -5.6561079e-10         9.7525868                 0                 0          -1000000                 0                 0                 0         4.4986923           16.6275	E1, 
         4.5053982    -1.2649148e-09    -8.5917905e-10         4.5053982    -8.3271288e-10    -5.6561079e-10         9.7613869                 0                 0          -1000000                 0                 0                 0         4.5031657           16.6425	E1, 
         4.5098717    -1.2652961e-09    -8.5943803e-10         4.5098717    -8.3271288e-10    -5.6561079e-10         9.7701871                 0                 0          -1000000                 0                 0                 0         4.5076392           16.6575	E1, 
         4.5143452     -1.265677e-09    -8.5969678e-10         4.5143452    -8.3271288e-10    -5.6561079e-10         9.7789873                 0                 0          -1000000                 0                 0                 0         4.5121127           16.6725	E1, 
         4.5188188    -1.2660576e-09     -8.599553e-10         4.5188188    -8.3271288e-10    -5.6561079e-10         9.7877875                 0                 0          -1000000                 0                 0                 0         4.5165863           16.6875	E1, 
         4.5232925    -1.2664379e-09    -8.6021359e-10         4.5232925    -8.3271288e-10    -5.6561079e-10         9.7965877                 0                 0          -1000000                 0                 0                 0         4.5210599           16.7025	E1, 
         4.5277662    -1.2668178e-09    -8.6047164e-10         4.5277662    -8.3271288e-10    -5.6561079e-10         9.8053879                 0                 0          -1000000                 0                 0                 0         4.5255336           16.7175	E1, 
         4.5322399    -1.2671974e-09    -8.6072947e-10         4.5322399    -8.3271288e-10    -5.6561079e-10         9.8141881                 0                 0          -1000000                 0                 0                 0         4.5300073           16.7325	E1, 
         4.5367136    -1.2675767e-09    -8.6098707e-10         4.5367136    -8.3271288e-10    -5.6561079e-10         9.8229883                 0                 0          -1000000                 0                 0                 0         4.5344811           16.7475	E1, 
         4.5411874    -1.2679556e-09    -8.6124445e-10         4.5411874    -8.3271288e-10    -5.6561079e-10         9.8317884                 0                 0          -1000000                 0                 0                 0         4.5389548           16.7625	E1, 
         4.5456613    -1.2683341e-09    -8.6150159e-10         4.5456613    -8.3271288e-10    -5.6561079e-10         9.8405886                 0                 0          -1000000                 0                 0                 0         4.5434287           16.7775	E1, 
         4.5501352    -1.2687124e-09    -8.6175851e-10         4.5501352    -8.3271288e-10    -5.6561079e-10         9.8493888                 0                 0          -1000000                 0                 0                 0         4.5479025           16.7925	E1, 
         4.5546091    -1.2690903e-09     -8.620152e-10         4.5546091    -8.3271288e-10    -5.6561079e-10          9.858189                 0                 0          -1000000                 0                 0                 0         4.5523764           16.8075	E1, 
         4.5590831    -1.2694679e-09    -8.6227166e-10         4.5590831    -8.3271288e-10    -5.6561079e-10         9.8669892                 0                 0          -1000000                 0                 0                 0         4.5568504           16.8225	E1, 
         4.5635571    -1.2698451e-09     -8.625279e-10         4.5635571    -8.3271288e-10    -5.6561079e-10         9.8757894                 0                 0          -1000000                 0                 0                 0         4.5613244           16.8375	E1, 
         4.5680311     -1.270222e-09    -8.6278391e-10         4.5680311    -8.3271288e-10    -5.6561079e-10         9.8845896                 0                 0          -1000000                 0                 0                 0         4.5657984           16.8525	E1, 
         4.5725052    -1.2705986e-09     -8.630397e-10         4.5725052    -8.3271288e-10    -5.6561079e-10         9.8933898                 0                 0          -1000000                 0                 0                 0         4.5702725           16.8675	E1, 
         4.5769794    -1.2709748e-09    -8.6329526e-10         4.5769794    -8.3271288e-10    -5.6561079e-10           9.90219                 0                 0          -1000000                 0                 0                 0         4.5747466           16.8825	E1, 
         4.5814535    -1.2713508e-09     -8.635506e-10         4.5814535    -8.3271288e-10    -5.6561079e-10         9.9109901                 0                 0          -1000000                 0                 0                 0         4.5792207           16.8975	E1, 
         4.5859277    -1.2717263e-09    -8.6380571e-10         4.5859277    -8.3271288e-10    -5.6561079e-10         9.9197903                 0                 0          -1000000                 0                 0                 0         4.5836949           16.9125	E1, 
          4.590402    -1.2721016e-09     -8.640606e-10          4.590402    -8.3271288e-10    -5.6561079e-10         9.9285905                 0                 0          -1000000                 0                 0                 0         4.5881692           16.9275	E1, 
         4.5948763    -1.2724765e-09    -8.6431526e-10         4.5948763    -8.3271288e-10    -5.6561079e-10         9.9373907                 0                 0          -1000000                 0                 0                 0         4.5926434           16.9425	E1, 
         4.5993506    -1.2728511e-09     -8.645697e-10         4.5993506    -8.3271288e-10    -5.6561079e-10         9.9461909                 0                 0          -1000000                 0                 0                 0         4.5971177           16.9575	E1, 
          4.603825    -1.2732254e-09    -8.6482392e-10          4.603825    -8.3271288e-10    -5.6561079e-10         9.9549911                 0                 0          -1000000                 0                 0                 0         4.6015921           16.9725	E1, 
         4.6082994    -1.2735993e-09    -8.6507792e-10         4.6082994    -8.3271288e-10    -5.6561079e-10         9.9637913                 0                 0          -1000000                 0                 0                 0         4.6060665           16.9875	E1, 
         4.6127738     -1.273973e-09     -8.653317e-10         4.6127738    -8.3271288e-10    -5.6561079e-10         9.9725915                 0                 0          -1000000                 0                 0                 0         4.6105409           17.0025	E1, 
         4.6172483    -1.2743463e-09    -8.6558525e-10         4.6172483    -8.3271288e-10    -5.6561079e-10         9.9813916                 0                 0          -1000000                 0                 0                 0         4.6150154           17.0175	E1, 
         4.6217228    -1.2747192e-09    -8.6583858e-10         4.6217228    -8.3271288e-10    -5.6561079e-10         9.9901918                 0                 0          -1000000                 0                 0                 0         4.6194899           17.0325	E1, 
         4.6261974    -1.2750919e-09    -8.6609169e-10         4.6261974    -8.3271288e-10    -5.6561079e-10          9.998992                 0                 0          -1000000                 0                 0                 0         4.6239644           17.0475	E1, 
          4.630672    -1.2754642e-09    -8.6634459e-10          4.630672    -8.3271288e-10    -5.6561079e-10         10.007792                 0                 0          -1000000                 0                 0                 0          4.628439           17.0625	E1, 
         4.6351467    -1.2758362e-09    -8.6659726e-10         4.6351467    -8.3271288e-10    -5.6561079e-10         10.016592                 0                 0          -1000000                 0                 0                 0         4.6329136           17.0775	E1, 
         4.6396213    -1.2762078e-09    -8.6684971e-10         4.6396213    -8.3271288e-10    -5.6561079e-10         10.025393                 0                 0          -1000000                 0                 0                 0         4.6373883           17.0925	E1, 
         4.6440961    -1.2765792e-09    -8.6710194e-10         4.6440961    -8.3271288e-10    -5.6561079e-10         10.034193                 0                 0          -1000000                 0                 0                 0          4.641863           17.1075	E1, 
         4.6485708    -1.2769502e-09    -8.6735395e-10         4.6485708    -8.3271288e-10    -5.6561079e-10         10.042993                 0                 0          -1000000                 0                 0                 0         4.6463377           17.1225	E1, 
         4.6530456    -1.2773209e-09    -8.6760575e-10         4.6530456    -8.3271288e-10    -5.6561079e-10         10.051793                 0                 0          -1000000                 0                 0                 0         4.6508125           17.1375	E1, 
         4.6575204    -1.2776913e-09    -8.6785733e-10         4.6575204    -8.3271288e-10    -5.6561079e-10         10.060593                 0                 0          -1000000                 0                 0                 0         4.6552873           17.1525	E1, 
         4.6619953    -1.2780614e-09    -8.6810869e-10         4.6619953    -8.3271288e-10    -5.6561079e-10         10.069394                 0                 0          -1000000                 0                 0                 0         4.6597622           17.1675	E1, 
         4.6664702    -1.2784311e-09    -8.6835983e-10         4.6664702    -8.3271288e-10    -5.6561079e-10         10.078194                 0                 0          -1000000                 0                 0                 0         4.6642371           17.1825	E1, 
         4.6709452    -1.2788005e-09    -8.6861075e-10         4.6709452    -8.3271288e-10    -5.6561079e-10         10.086994                 0                 0          -1000000                 0                 0                 0          4.668712           17.1975	E1, 
         4.6754202    -1.2791696e-09    -8.6886146e-10         4.6754202    -8.3271288e-10    -5.6561079e-10         10.095794                 0                 0          -1000000                 0                 0                 0          4.673187           17.2125	E1, 
         4.6798952    -1.2795384e-09    -8.6911195e-10         4.6798952    -8.3271288e-10    -5.6561079e-10         10.104594                 0                 0          -1000000                 0                 0                 0          4.677662           17.2275	E1, 
         4.6843703    -1.2799069e-09    -8.6936223e-10         4.6843703    -8.3271288e-10    -5.6561079e-10         10.113394                 0                 0          -1000000                 0                 0                 0          4.682137           17.2425	E1, 
         4.6888454     -1.280275e-09    -8.6961229e-10         4.6888454    -8.3271288e-10    -5.6561079e-10         10.122195                 0                 0          -1000000                 0                 0                 0         4.6866121           17.2575	E1, 
         4.6933205    -1.2806428e-09    -8.6986214e-10         4.6933205    -8.3271288e-10    -5.6561079e-10         10.130995                 0                 0          -1000000                 0                 0                 0         4.6910872           17.2725	E1, 
         4.6977957    -1.2810104e-09    -8.7011177e-10         4.6977957    -8.3271288e-10    -5.6561079e-10         10.139795                 0                 0          -1000000                 0                 0                 0         4.6955624           17.2875	E1, 
         4.7022709    -1.2813776e-09    -8.7036119e-10         4.7022709    -8.3271288e-10    -5.6561079e-10         10.148595                 0                 0          -1000000                 0                 0                 0         4.7000376           17.3025	E1, 
         4.7067461    -1.2817444e-09    -8.7061039e-10         4.7067461    -8.3271288e-10    -5.6561079e-10         10.157395                 0                 0          -1000000                 0                 0                 0         4.7045128           17.3175	E1, 
         4.7112214     -1.282111e-09    -8.7085938e-10         4.7112214    -8.3271288e-10    -5.6561079e-10         10.166196                 0                 0          -1000000                 0                 0                 0         4.7089881           17.3325	E1, 
         4.7156968    -1.2824773e-09    -8.7110815e-10         4.7156968    -8.3271288e-10    -5.6561079e-10         10.174996                 0                 0          -1000000                 0                 0                 0         4.7134634           17.3475	E1, 
         4.7201721    -1.2828432e-09    -8.7135672e-10         4.7201721    -8.3271288e-10    -5.6561079e-10         10.183796                 0                 0          -1000000                 0                 0                 0         4.7179387           17.3625	E1, 
         4.7246475    -1.2832088e-09    -8.7160507e-10         4.7246475    -8.3271288e-10    -5.6561079e-10         10.192596                 0                 0          -1000000                 0                 0                 0         4.7224141           17.3775	E1, 
          4.729123    -1.2835742e-09     -8.718532e-10          4.729123    -8.3271288e-10    -5.6561079e-10         10.201396                 0                 0          -1000000                 0                 0                 0         4.7268895           17.3925	E1, 
         4.7335984    -1.2839392e-09    -8.7210113e-10         4.7335984    -8.3271288e-10    -5.6561079e-10         10.210197                 0                 0          -1000000                 0                 0                 0          4.731365           17.4075	E1, 
         4.7380739    -1.2843039e-09    -8.7234884e-10         4.7380739    -8.3271288e-10    -5.6561079e-10         10.218997                 0                 0          -1000000                 0                 0                 0         4.7358405           17.4225	E1, 
         4.7425495    -1.2846683e-09    -8.7259635e-10         4.7425495    -8.3271288e-10    -5.6561079e-10         10.227797                 0                 0          -1000000                 0                 0                 0          4.740316           17.4375	E1, 
         4.7470251    -1.2850323e-09    -8.7284364e-10         4.7470251    -8.3271288e-10    -5.6561079e-10         10.236597                 0                 0          -1000000                 0                 0                 0         4.7447916           17.4525	E1, 
         4.7515007    -1.2853961e-09    -8.7309072e-10         4.7515007    -8.3271288e-10    -5.6561079e-10         10.245397                 0                 0          -1000000                 0                 0                 0         4.7492672           17.4675	E1, 
         4.7559763    -1.2857595e-09     -8.733376e-10         4.7559763    -8.3271288e-10    -5.6561079e-10         10.254197                 0                 0          -1000000                 0                 0                 0         4.7537428           17.4825	E1, 
          4.760452    -1.2861227e-09    -8.7358426e-10          4.760452    -8.3271288e-10    -5.6561079e-10         10.262998                 0                 0          -1000000                 0                 0                 0         4.7582185           17.4975	E1, 
         4.7649278    -1.2864855e-09    -8.7383071e-10         4.7649278    -8.3271288e-10    -5.6561079e-10         10.271798                 0                 0          -1000000                 0                 0                 0         4.7626942           17.5125	E1, 
         4.7694035    -1.2868481e-09    -8.7407696e-10         4.7694035    -8.3271288e-10    -5.6561079e-10         10.280598                 0                 0          -1000000                 0                 0                 0         4.7671699           17.5275	E1, 
         4.7738793    -1.2872103e-09    -8.7432299e-10         4.7738793    -8.3271288e-10    -5.6561079e-10         10.289398                 0                 0          -1000000                 0                 0                 0         4.7716457           17.5425	E1, 
         4.7783552    -1.2875722e-09    -8.7456882e-10         4.7783552    -8.3271288e-10    -5.6561079e-10         10.298198                 0                 0          -1000000                 0                 0                 0         4.7761215           17.5575	E1, 
          4.782831    -1.2879338e-09    -8.7481444e-10          4.782831    -8.3271288e-10    -5.6561079e-10         10.306999                 0                 0          -1000000                 0                 0                 0         4.7805974           17.5725	E1, 
         4.7873069    -1.2882951e-09    -8.7505985e-10         4.7873069    -8.3271288e-10    -5.6561079e-10         10.315799                 0                 0          -1000000                 0                 0                 0         4.7850733           17.5875	E1, 
         4.7917829    -1.2886561e-09    -8.7530506e-10         4.7917829    -8.3271288e-10    -5.6561079e-10         10.324599                 0                 0          -1000000                 0                 0                 0         4.7895492           17.6025	E1, 
         4.7962588    -1.2890168e-09    -8.7555005e-10         4.7962588    -8.3271288e-10    -5.6561079e-10         10.333399                 0                 0          -1000000                 0                 0                 0         4.7940252           17.6175	E1, 
         4.8007349    -1.2893772e-09    -8.7579485e-10         4.8007349    -8.3271288e-10    -5.6561079e-10         10.342199                 0                 0          -1000000                 0                 0                 0         4.7985011           17.6325	E1, 
         4.8052109    -1.2897373e-09    -8.7603943e-10         4.8052109    -8.3271288e-10    -5.6561079e-10            10.351                 0                 0          -1000000                 0                 0                 0         4.8029772           17.6475	E1, 
          4.809687    -1.2900971e-09    -8.7628381e-10          4.809687    -8.3271288e-10    -5.6561079e-10           10.3598                 0                 0          -1000000                 0                 0                 0         4.8074532           17.6625	E1, 
         4.8141631    -1.2904565e-09    -8.7652798e-10         4.8141631    -8.3271288e-10    -5.6561079e-10           10.3686                 0                 0          -1000000                 0                 0                 0         4.8119293           17.6775	E1, 
         4.8186393    -1.2908157e-09    -8.7677195e-10         4.8186393    -8.3271288e-10    -5.6561079e-10           10.3774                 0                 0          -1000000                 0                 0                 0         4.8164055           17.6925	E1, 
         4.8231154    -1.2911746e-09    -8.7701572e-10         4.8231154    -8.3271288e-10    -5.6561079e-10           10.3862                 0                 0          -1000000                 0                 0                 0         4.8208816           17.7075	E1, 
         4.8275917    -1.2915332e-09    -8.7725928e-10         4.8275917    -8.3271288e-10    -5.6561079e-10            10.395                 0                 0          -1000000                 0                 0                 0         4.8253579           17.7225	E1, 
         4.8320679    -1.2918915e-09    -8.7750263e-10         4.8320679    -8.3271288e-10    -5.6561079e-10         10.403801                 0                 0          -1000000                 0                 0                 0         4.8298341           17.7375	E1, 
         4.8365442    -1.2922494e-09    -8.7774578e-10         4.8365442    -8.3271288e-10    -5.6561079e-10         10.412601                 0                 0          -1000000                 0                 0                 0         4.8343104           17.7525	E1, 
         4.8410205    -1.2926071e-09    -8.7798873e-10         4.8410205    -8.3271288e-10    -5.6561079e-10         10.421401                 0                 0          -1000000                 0                 0                 0         4.8387867           17.7675	E1, 
         4.8454969    -1.2929645e-09    -8.7823148e-10         4.8454969    -8.3271288e-10    -5.6561079e-10         10.430201                 0                 0          -1000000                 0                 0                 0          4.843263           17.7825	E1, 
         4.8499733    -1.2933216e-09    -8.7847402e-10         4.8499733    -8.3271288e-10    -5.6561079e-10         10.439001                 0                 0          -1000000                 0                 0                 0         4.8477394           17.7975	E1, 
         4.8544497    -1.2936784e-09    -8.7871636e-10         4.8544497    -8.3271288e-10    -5.6561079e-10         10.447802                 0                 0          -1000000                 0                 0                 0         4.8522158           17.8125	E1, 
         4.8589262    -1.2940348e-09    -8.7895849e-10         4.8589262    -8.3271288e-10    -5.6561079e-10         10.456602                 0                 0          -1000000                 0                 0                 0         4.8566923           17.8275	E1, 
         4.8634027     -1.294391e-09    -8.7920043e-10         4.8634027    -8.3271288e-10    -5.6561079e-10         10.465402                 0                 0          -1000000                 0                 0                 0         4.8611687           17.8425	E1, 
         4.8678792    -1.2947469e-09    -8.7944216e-10         4.8678792    -8.3271288e-10    -5.6561079e-10         10.474202                 0                 0          -1000000                 0                 0                 0         4.8656452           17.8575	E1, 
         4.8723558    -1.2951025e-09     -8.796837e-10         4.8723558    -8.3271288e-10    -5.6561079e-10         10.483002                 0                 0          -1000000                 0                 0                 0         4.8701218           17.8725	E1, 
         4.8768324    -1.2954578e-09    -8.7992503e-10         4.8768324    -8.3271288e-10    -5.6561079e-10         10.491803                 0                 0          -1000000                 0                 0                 0         4.8745984           17.8875	E1, 
          4.881309    -1.2958128e-09    -8.8016616e-10          4.881309    -8.3271288e-10    -5.6561079e-10         10.500603                 0                 0          -1000000                 0                 0                 0          4.879075           17.9025	E1, 
         4.8857857    -1.2961675e-09    -8.8040709e-10         4.8857857    -8.3271288e-10    -5.6561079e-10         10.509403                 0                 0          -1000000                 0                 0                 0         4.8835516           17.9175	E1, 
         4.8902624    -1.2965219e-09    -8.8064783e-10         4.8902624    -8.3271288e-10    -5.6561079e-10         10.518203                 0                 0          -1000000                 0                 0                 0         4.8880283           17.9325	E1, 
         4.8947391    -1.2968761e-09    -8.8088836e-10         4.8947391    -8.3271288e-10    -5.6561079e-10         10.527003                 0                 0          -1000000                 0                 0                 0          4.892505           17.9475	E1, 
         4.8992159    -1.2972299e-09    -8.8112869e-10         4.8992159    -8.3271288e-10    -5.6561079e-10         10.535803                 0                 0          -1000000                 0                 0                 0         4.8969818           17.9625	E1, 
         4.9036927    -1.2975834e-09    -8.8136883e-10         4.9036927    -8.3271288e-10    -5.6561079e-10         10.544604                 0                 0          -1000000                 0                 0                 0         4.9014586           17.9775	E1, 
         4.9081695    -1.2979367e-09    -8.8160876e-10         4.9081695    -8.3271288e-10    -5.6561079e-10         10.553404                 0                 0          -1000000                 0                 0                 0         4.9059354           17.9925	E1, 
         4.9126464    -1.2982896e-09     -8.818485e-10         4.9126464    -8.3271288e-10    -5.6561079e-10         10.562204                 0                 0          -1000000                 0                 0                 0         4.9104122           18.0075	E1, 
         4.9171233    -1.2986423e-09    -8.8208804e-10         4.9171233    -8.3271288e-10    -5.6561079e-10         10.571004                 0                 0          -1000000                 0                 0                 0         4.9148891           18.0225	E1, 
         4.9216002    -1.2989946e-09    -8.8232739e-10         4.9216002    -8.3271288e-10    -5.6561079e-10         10.579804                 0                 0          -1000000                 0                 0                 0          4.919366           18.0375	E1, 
         4.9260772    -1.2993467e-09    -8.8256653e-10         4.9260772    -8.3271288e-10    -5.6561079e-10         10.588605                 0                 0          -1000000                 0                 0                 0          4.923843           18.0525	E1, 
         4.9305542    -1.2996985e-09    -8.8280548e-10         4.9305542    -8.3271288e-10    -5.6561079e-10         10.597405                 0                 0          -1000000                 0                 0                 0           4.92832           18.0675	E1, 
         4.9350312      -1.30005e-09    -8.8304423e-10         4.9350312    -8.3271288e-10    -5.6561079e-10         10.606205                 0                 0          -1000000                 0                 0                 0          4.932797           18.0825	E1, 
         4.9395083    -1.3004012e-09    -8.8328279e-10         4.9395083    -8.3271288e-10    -5.6561079e-10         10.615005                 0                 0          -1000000                 0                 0                 0          4.937274           18.0975	E1, 
         4.9439854    -1.3007521e-09    -8.8352115e-10         4.9439854    -8.3271288e-10    -5.6561079e-10         10.623805                 0                 0          -1000000                 0                 0                 0         4.9417511           18.1125	E1, 
         4.9484625    -1.3011028e-09    -8.8375931e-10         4.9484625    -8.3271288e-10    -5.6561079e-10         10.632606                 0                 0          -1000000                 0                 0                 0         4.9462282           18.1275	E1, 
         4.9529397    -1.3014531e-09    -8.8399728e-10         4.9529397    -8.3271288e-10    -5.6561079e-10         10.641406                 0                 0          -1000000                 0                 0                 0         4.9507054           18.1425	E1, 
         4.9574169    -1.3018032e-09    -8.8423506e-10         4.9574169    -8.3271288e-10    -5.6561079e-10         10.650206                 0                 0          -1000000                 0                 0                 0         4.9551826           18.1575	E1, 
         4.9618941     -1.302153e-09    -8.8447264e-10         4.9618941    -8.3271288e-10    -5.6561079e-10         10.659006                 0                 0          -1000000                 0                 0                 0         4.9596598           18.1725	E1, 
         4.9663713    -1.3025024e-09    -8.8471002e-10         4.9663713    -8.3271288e-10    -5.6561079e-10         10.667806                 0                 0          -1000000                 0                 0                 0          4.964137           18.1875	E1, 
         4.9708486    -1.3028516e-09    -8.8494722e-10         4.9708486    -8.3271288e-10    -5.6561079e-10         10.676607                 0                 0          -1000000                 0                 0                 0         4.9686143           18.2025	E1, 
          4.975326    -1.3032006e-09    -8.8518421e-10          4.975326    -8.3271288e-10    -5.6561079e-10         10.685407                 0                 0          -1000000                 0                 0                 0         4.9730916           18.2175	E1, 
         4.9798033    -1.3035492e-09    -8.8542102e-10         4.9798033    -8.3271288e-10    -5.6561079e-10         10.694207                 0                 0          -1000000                 0                 0                 0         4.9775689           18.2325	E1, 
         4.9842807    -1.3038975e-09    -8.8565763e-10         4.9842807    -8.3271288e-10    -5.6561079e-10         10.703007                 0                 0          -1000000                 0                 0                 0         4.9820463           18.2475	E1, 
         4.9887581    -1.3042456e-09    -8.8589405e-10         4.9887581    -8.3271288e-10    -5.6561079e-10         10.711807                 0                 0          -1000000                 0                 0                 0         4.9865237           18.2625	E1, 
         4.9932356    -1.3045934e-09    -8.8613028e-10         4.9932356    -8.3271288e-10    -5.6561079e-10         10.720607                 0                 0          -1000000                 0                 0                 0         4.9910011           18.2775	E1, 
          4.997713    -1.3049409e-09    -8.8636631e-10          4.997713    -8.3271288e-10    -5.6561079e-10         10.729408                 0                 0          -1000000                 0                 0                 0         4.9954786           18.2925	E1, 
