time_s,mean_x_m,mean_y_m,mean_z_m,rms_x_m,rms_y_m,rms_z_m,mean_px_beta_gamma,mean_py_beta_gamma,mean_pz_beta_gamma,rms_px_beta_gamma,rms_py_beta_gamma,rms_pz_beta_gamma,mean_kinetic_energy_MeV
0.0,-1.7470054537119944e-20,8.682087709356578e-21,-5.476068003999052e-17,0.0009870300716609884,0.0009869372587020893,0.0009864953389764767,8.271806125530277e-23,-6.824240053562478e-23,0.0019783574385068598,2.8934831846939918e-06,2.893846107567631e-06,2.8936219211658596e-06,1.000006418044501e-06
3.75e-12,-6.606856988583543e-20,-1.0587911840678754e-20,3.460757497002338e-06,0.0009870277695554642,0.0009869349507355186,0.0009864925680888093,-1.4244374405345538e-10,1.3643983014663293e-10,0.004178392991928546,2.350851308232811e-06,2.345045554537847e-06,2.1826908207226093e-06,4.460750887055108e-06
7.5e-12,-1.717651799034231e-13,1.6819172016428285e-13,9.394764223704088e-06,0.0009870274771685242,0.000986934648879732,0.000986491804918297,-3.010836387092707e-10,2.8834953981914746e-10,0.006378421641124054,2.2095341468205777e-06,2.171789363523075e-06,1.5967228110952376e-06,1.0394726481913266e-05
1.125e-11,-5.286196996898574e-13,5.098861244112523e-13,1.7801934024229716e-05,0.0009870291944240313,0.0009869363530578708,0.0009864930493457332,-4.690330143909282e-10,4.4388047602602766e-10,0.008578450292789645,3.3115286428865914e-06,3.249228051219813e-06,2.6467680866670235e-06,1.880185769730242e-05
1.5e-11,-1.0780072623475215e-12,1.0277851849504533e-12,2.868214484147346e-05,0.0009870329211835727,0.0009869400631312844,0.0009864963011211479,-6.407108120466302e-10,6.008741650073592e-10,0.010778478945967009,4.876296321409293e-06,4.798015412351309e-06,4.2581259973457005e-06,2.9682022475394966e-05
1.875e-11,-1.820858531774684e-12,1.7224729576805555e-12,4.203523872232033e-05,0.000987038657258597,0.0009869457789115955,0.0009865015598902818,-8.127780622862327e-10,7.580969442768356e-10,0.012978507599554361,6.581570174716744e-06,6.4889155468938325e-06,5.993979822343216e-06,4.303506285949246e-05
2.25e-11,-2.757104142643349e-12,2.5938703748287897e-12,5.786102183226024e-05,0.0009870464024101225,0.0009869535001601822,0.0009865088251984195,-9.847833952237986e-10,9.152460060648747e-10,0.015178536253765251,8.341532433936302e-06,8.234763318445543e-06,7.77129034828731e-06,5.8860785016030955e-05
2.625e-11,-3.88665446531517e-12,3.641876101184995e-12,7.615926446925464e-05,0.000987056156346638,0.000986963226585942,0.0009865180964879433,-1.1567134029803397e-09,1.0723044817822884e-09,0.017378564908724813,1.0127622300062026e-05,1.000675465417741e-05,9.566919481033599e-06,7.715895924357595e-05
3e-11,-5.209403690446079e-12,4.866367037874463e-12,9.692970108040482e-05,0.0009870679187240312,0.0009869749578452114,0.000986529373098333,-1.3285567856337803e-09,1.2292550997076666e-09,0.01957859356456097,1.1928017130477143e-05,1.179302342419458e-05,1.1372130962248022e-05,9.792931998994714e-05
3.375e-11,-6.725229419339978e-12,6.267197367751807e-12,0.00012017203028121841,0.0009870816891455994,0.000986988693541781,0.0009865426542662375,-1.5003001768500785e-09,1.3860807133505036e-09,0.021778622221406228,1.3737001091240751e-05,1.3587851821104205e-05,1.3182925816703901e-05,0.00012117156587148129
3.75e-11,-8.43399013936704e-12,7.844200223738232e-12,0.00014588591487746714,0.0009870974671620893,0.000987004433226935,0.0009865579391255762,-1.6719299486127408e-09,1.5427658757069164e-09,0.02397865087939085,1.5551483936661202e-05,1.5388156120054803e-05,1.4997218041717664e-05,0.00014688535969484566
4.125e-11,-1.0335527353510417e-11,9.597188982876118e-12,0.0001740709818896288,0.0009871152522717384,0.0009870221763994972,0.0009865752267076624,-1.8434342835285897e-09,1.699295864940255e-09,0.02617867953864569,1.736964871887244e-05,1.7192126726490007e-05,1.681381136073123e-05,0.00017507032848150197
4.5e-11,-1.2429665876086616e-11,1.1525957765443183e-11,0.0002047268225799209,0.000987135043920326,0.0009870419225058737,0.0009865945159413321,-2.0148007930265448e-09,1.8556551959437374e-09,0.028378708199304103,1.919035480122051e-05,1.899862947953513e-05,1.863196820225802e-05,0.00020572606349477944
4.875e-11,-1.4716213266609856e-11,1.3630279106564795e-11,0.0002378529924819157,0.0009871568415012208,0.0009870636709401058,0.0009866158056530976,-2.1860175245934187e-09,2.011826849719147e-09,0.030578736861499745,2.101284715394959e-05,2.0806914737738725e-05,2.0451206766010707e-05,0.00023885212026946389
5.25e-11,-1.7194962512345412e-11,1.5909904310803133e-11,0.0002734490114327273,0.0009871806443554378,0.0009870874210439226,0.0009866390945673003,-2.3570749235108763e-09,2.1677947389397075e-09,0.03277876552536566,2.2836603434314896e-05,2.261646460521212e-05,2.2271196946091956e-05,0.00027444801864397064
5.625e-11,-1.98656922935368e-11,1.8364563251516265e-11,0.0003115143636077681,0.000987206451771703,0.0009871131721068066,0.0009866643813062912,-2.5279629196042646e-09,2.3235423762178753e-09,0.03497879419103258,2.4661248371790013e-05,2.4426907515017947e-05,2.409170320460251e-05,0.00031251324279506275
6e-11,-2.272816675661272e-11,2.0993964518030115e-11,0.0003520484975580727,0.000987234262986515,0.0009871409233660584,0.0009866916643906127,-2.6986701343417256e-09,2.479053401632865e-09,0.03717882285863449,2.6486503315298964e-05,2.623796794944999e-05,2.5912551433497062e-05,0.00035304724127529705
6.375e-11,-2.5782132912419458e-11,2.3797797126221505e-11,0.0003950508262501878,0.0009872640771842176,0.000987170674006868,0.0009867209422392018,-2.869183848479924e-09,2.6343145746174517e-09,0.03937885152830871,2.8312155194767223e-05,2.8049435534679402e-05,2.7733608834432434e-05,0.0003960494270528844
6.75e-11,-2.902732112718238e-11,2.6775732534138932e-11,0.0004405207271086018,0.0009872958934970784,0.0009872024231623912,0.000986752213169607,-3.0394918476683106e-09,2.7893110181463285e-09,0.04157888020019253,3.0138036716074627e-05,2.986114533738769e-05,2.955477122010891e-05,0.0004415191775541024
7.125e-11,-3.246344306368646e-11,2.992742101161935e-11,0.0004884575420607289,0.0009873297110053608,0.0009872361699138287,0.0009867854753982134,-3.2095786896948698e-09,2.944026812818846e-09,0.043778908874424406,3.196401332356245e-05,3.167296490418653e-05,3.137595472319948e-05,0.0004894558347083103
7.5e-11,-3.609019104864855e-11,3.325249374272984e-11,0.0005388605775844245,0.0009873655287374172,0.0009872719132905093,0.0009868207270404823,-3.379431967207412e-09,3.098447327696218e-09,0.04597893755114515,3.3789974379945955e-05,3.348478549785859e-05,3.3197090234862836e-05,0.000539858704995461
7.875e-11,-3.990724136026401e-11,3.675056191234843e-11,0.0005917291047580345,0.0009874033456697756,0.0009873096522699809,0.0009868579661112013,-3.5490399676933457e-09,3.2525572055721026e-09,0.048178966230496195,3.5615827050810694e-05,3.5296516025075076e-05,3.501811958223429e-05,0.0005927270594961514
8.25e-11,-4.391425448697528e-11,4.04212167229989e-11,0.0006470623593129559,0.0009874431607272258,0.000987349385778103,0.0009868971905247562,-3.7183914574992803e-09,3.406340982813543e-09,0.050378994912616604,3.744149198190297e-05,3.7108078744286195e-05,3.683899283371071e-05,0.000648060133944106
8.625e-11,-4.811087543187433e-11,4.4264029219514945e-11,0.0007048595416887141,0.0009874849727829255,0.0009873911126891473,0.0009869383980954005,-3.8874751166533125e-09,3.5597826679745813e-09,0.05257902359764806,3.926690017802342e-05,3.891940617122824e-05,3.865966636788487e-05,0.0007058571287813817
9e-11,-5.249673325403432e-11,4.827854973381009e-11,0.0007651198170905533,0.0009875287806585015,0.0009874348318258998,0.0009869815865375577,-4.056279790233599e-09,3.712866945709141e-09,0.05477905228573839,4.1091990717796744e-05,4.073043880538996e-05,4.048010146425667e-05,0.0007661172092160338
9.375e-11,-5.707144191766015e-11,5.2464309668623187e-11,0.0008278423155495066,0.0009875745831241555,0.0009874805419597694,0.000987026753466121,-4.22479415925376e-09,3.865579478912785e-09,0.056979080977038896,4.2916709049034744e-05,4.254112344454039e-05,4.230026325852504e-05,0.0008288395052822076
9.75e-11,-6.183459989917103e-11,5.6820821658031166e-11,0.0008930261319849661,0.000987622378898786,0.0009875282418108993,0.000987073896396775,-4.3930077116207254e-09,4.01790646176728e-09,0.05917910967170285,4.474100570402469e-05,4.435141190928292e-05,4.4120119954095794e-05,0.0008940231119025917
1.0125e-10,-6.678579084989788e-11,6.134758116749427e-11,0.0009606703262697007,0.0009876721666500939,0.0009875779300482874,0.0009871230127463234,-4.560909514467172e-09,4.169834800478607e-09,0.061379138369887475,4.656483531410237e-05,4.616126006692898e-05,4.593964222738335e-05,0.0009616670889535863
1.05e-10,-7.192458303217118e-11,6.604406620120617e-11,0.0010307739232973613,0.0009877239449947123,0.0009876296052899014,0.0009871740998330396,-4.728487741014192e-09,4.3213519862379836e-09,0.06357916707175464,4.838815584988712e-05,4.797062707769002e-05,4.775880276590134e-05,0.001031770461332814
1.0875e-10,-7.725052835063288e-11,7.090973830805148e-11,0.001103335913052424,0.0009877777124983327,0.0009876832661028104,0.0009872271548770197,-4.895729690919892e-09,4.472444490718113e-09,0.06577919577746462,5.021092802800058e-05,4.977947480937012e-05,4.957757590260905e-05,0.001104332219028867
1.125e-10,-8.276315965856574e-11,7.59440396591303e-11,0.0011783552506825603,0.000987833467675829,0.0009877389110033114,0.0009872821750005465,-5.0626203745552446e-09,4.6230969166314495e-09,0.06797922448718256,5.2033114842748356e-05,5.1587767373146945e-05,5.1395937336887576e-05,0.0011793513171939208
1.1625e-10,-8.846199180112033e-11,8.114639407510334e-11,0.0012558308565734548,0.0009878912089913976,0.0009877965384570684,0.0009873391572284705,-5.229148465216626e-09,4.7732968496597925e-09,0.07017925320107793,5.385468119330093e-05,5.339547075493327e-05,5.321386390929616e-05,0.0012568266762185557
1.2e-10,-9.434652635202911e-11,8.651621003675877e-11,0.0013357616164260352,0.0009879509348586896,0.0009878561468792514,0.0009873980984886049,-5.395304735917703e-09,4.9230325343056145e-09,0.0723792819193272,5.5675593586280096e-05,5.520255251904368e-05,5.503133342174253e-05,0.0013367571818090652
1.2375e-10,-1.0041625031690488e-10,9.205287966105521e-11,0.0014181463813360915,0.0009880126436409618,0.0009879177346346832,0.0009874589956121239,-5.561077294748256e-09,5.0722925586092566e-09,0.07457931064211148,5.749581989393753e-05,5.7008981565560386e-05,5.68483244955442e-05,0.0014191416850670808
1.275e-10,-1.0667063427696809e-10,9.775578088900792e-11,0.0015029839678763002,0.0009880763336512252,0.0009879813000379808,0.0009875218453339887,-5.726455933757703e-09,5.221065470950294e-09,0.07677933936961684,5.931532915855814e-05,5.881472793604897e-05,5.8664816454723226e-05,0.001503979002571572
1.3124999999999999e-10,-1.1310913728119146e-10,1.0362427632218309e-10,0.0015902731581805994,0.000988142003152392,0.0009880468413537105,0.00098758664429337,-5.891433254876762e-09,5.369340330090347e-09,0.0789793681020327,6.113409142798634e-05,6.06197626582027e-05,6.048078922358575e-05,0.0015912679164632334
1.35e-10,-1.1973120734679065e-10,1.096577133123775e-10,0.0016800127000309618,0.0009882096503574377,0.0009881143567965454,0.0009876533890340923,-6.056001554640024e-09,5.517104952694205e-09,0.08117939683955451,6.295207762425746e-05,6.242405761527957e-05,6.229622325083045e-05,0.0016810071745313293
1.3875e-10,-1.2653628004510268e-10,1.1585542367648604e-10,0.0017722013069464662,0.0009882792734295562,0.000988183844531433,0.0009877220760050813,-6.220150069195045e-09,5.664349317774011e-09,0.08337942558238663,6.476925943453205e-05,6.422758543066767e-05,6.411109944893758e-05,0.0017731954903029714
1.425e-10,-1.3352377501763356e-10,1.2221672695059053e-10,0.0018668376582747527,0.0009883508704823312,0.0009882553026737476,0.0009877927015608376,-6.383867141924629e-09,5.811063614372e-09,0.08557945433073763,6.658560922096381e-05,6.603031937811681e-05,6.592539913622429e-05,0.0018678315431343822
1.4624999999999999e-10,-1.4069309570807828e-10,1.287409278787188e-10,0.0019639203992857577,0.000988424439579899,0.0009883287292894683,0.000987865261961912,-6.54713996290721e-09,5.957235962765713e-09,0.08777948308482261,6.840109994188415e-05,6.783223330941341e-05,6.77391039923542e-05,0.0019649139783047354
1.5e-10,-1.480436293930257e-10,1.354273160568791e-10,0.00206344814126776,0.0009884999787371312,0.0009884041223953495,0.000987939753375391,-6.7099582418609854e-09,6.102855966057043e-09,0.08997951184486566,7.021570508811461e-05,6.96333015912684e-05,6.955219601762562e-05,0.002064441407112409
1.5375e-10,-1.5557475094776119e-10,1.4227516820617885e-10,0.002165419461625728,0.0009885774859198007,0.0009884814799591022,0.000988016171875397,-6.872313261303795e-09,6.247914747087483e-09,0.09217954061109593,7.202939862850345e-05,7.143349904879699e-05,7.13646574996628e-05,0.0021664124069731023
1.575e-10,-1.6328582297543913e-10,1.4928374956704093e-10,0.002269832903981902,0.000988656959044772,0.0009885607998995735,0.0009880945134435925,-7.034196751678797e-09,6.392403379105095e-09,0.09437956938374922,7.384215496244594e-05,7.323280091919412e-05,7.317647098880135e-05,0.0022708255215205895
1.6124999999999999e-10,-1.711761967290783e-10,1.5645231189120616e-10,0.00237668697827868,0.0009887383959801832,0.000988642080086934,0.0009881747739697063,-7.195600419689061e-09,6.536311250653076e-09,0.0965795981630683,7.565394888170571e-05,7.503118281332753e-05,7.49876192757084e-05,0.0023776792607096463
1.65e-10,-1.7924521102619504e-10,1.6378009321324618e-10,0.002485980160883693,0.0009888217945456326,0.000988725318342864,0.0009882569492520592,-7.356515025461571e-09,6.6796282583830444e-09,0.09877962694930488,7.746475553803833e-05,7.682862068434754e-05,7.679808536742563e-05,0.0024869721009212037
1.6875e-10,-1.8749219187674395e-10,1.7126631864465683e-10,0.0025977108946971077,0.0009889071525123793,0.0009888105124407523,0.0009883410349981081,-7.51693107767959e-09,6.822344964677843e-09,0.10097965574271733,7.927455041557773e-05,7.862509079884697e-05,7.860785247756643e-05,0.0025987024850696442
1.725e-10,-1.9591645291457542e-10,1.7891020003917426e-10,0.002711877589261178,0.0009889944676035403,0.000988897660105893,0.0009884270268249997,-7.676840945114596e-09,6.964450984686333e-09,0.10317968454357368,8.108330930555843e-05,8.04205697110936e-05,8.041690400713622e-05,0.00271286882271248
1.7624999999999999e-10,-2.0451729751671198e-10,1.8671093673858744e-10,0.0028284786208719183,0.0009890837374942928,0.0009889867590156859,0.0009885149202601374,-7.836237841013264e-09,7.1059383172407165e-09,0.10537971335215081,8.289100828441469e-05,8.221503424211974e-05,8.222522353271493e-05,0.0028294694901620605
1.8e-10,-2.132940200350401e-10,1.9466771804618025e-10,0.002947512332692974,0.0009891749598120825,0.000989077806799844,0.0009886047107417486,-7.995116366562895e-09,7.246799615705044e-09,0.1075797421687384,8.469762369328286e-05,8.400846146348196e-05,8.40327947971123e-05,0.0029485028305997266
1.8375e-10,-2.2224590704049574e-10,2.027797232924824e-10,0.0030689770348716573,0.0009892681321368264,0.0009891708010406042,0.000988696393619481,-8.153470907312104e-09,7.387028184268624e-09,0.10977977099363603,8.650313212513243e-05,8.58008286786748e-05,8.583960170382982e-05,0.0030699671541916658
1.875e-10,-2.3137223532343127e-10,2.1104612202341664e-10,0.0031928710046570667,0.0009893632520011372,0.000989265739272939,0.0009887899641549945,-8.311294418092483e-09,7.526616225635623e-09,0.11197979982715103,8.830751041254977e-05,8.759211341201262e-05,8.7645628301878e-05,0.0031938607382070304
1.9124999999999999e-10,-2.4067227144659386e-10,2.1946607323701617e-10,0.003319192486520366,0.0009894603168905313,0.0009893626189847742,0.0009888854175225592,-8.46857940817523e-09,7.66555640425482e-09,0.11417982866959975,9.011073561083502e-05,8.938229339640031e-05,8.945085878161406e-05,0.003320181827138298
1.95e-10,-2.501452723404838e-10,2.2803872587089212e-10,0.0034479396922771125,0.0009895593242436557,0.0009894614376172177,0.0009889827488096755,-8.625320790080856e-09,7.803840482029824e-09,0.11637985752131402,9.191278499403224e-05,9.117134656439796e-05,9.12552774694278e-05,0.0034489286328240006
1.9875e-10,-2.597904870045142e-10,2.3676321733496075e-10,0.0035791108012116833,0.0009896602714525148,0.0009895621925647754,0.0009890819530176986,-8.781511412603597e-09,7.941459473833131e-09,0.11857988638263987,9.371363604400688e-05,9.29592510367065e-05,9.305886882019357e-05,0.0035800993345731767
2.025e-10,-2.696071529202501e-10,2.4563867411855425e-10,0.00371270396020375,0.0009897631558626974,0.0009896648811755877,0.000989183025062466,-8.93714317687004e-09,8.07840780444979e-09,0.12077991525393583,9.551326644071425e-05,9.474598511661375e-05,9.486161741587224e-05,0.0037136920792918077
2.0624999999999999e-10,-2.795944980978399e-10,2.5466421676493944e-10,0.003848717283856784,0.0009898679747736084,0.0009897695007516584,0.0009892859597749536,-9.092210962012826e-09,8.214680932405585e-09,0.12297994413557227,9.731165405377726e-05,9.653152728203932e-05,9.666350796070585e-05,0.0038497049816112795
2.1e-10,-2.8975174348942425e-10,2.6383895731952506e-10,0.003987148854628578,0.0009899747254387074,0.000989876048549095,0.0009893907519019176,-9.24671025281441e-09,8.350271595849075e-09,0.1251799730279293,9.910877693970531e-05,9.831585617926138e-05,9.846452527795541e-05,0.003988136124018921
2.1375e-10,-3.0007810271607347e-10,2.731619989686023e-10,0.0041279967229637185,0.0009900834050657454,0.0009899845217783423,0.000989497396106564,-9.400634947546835e-09,8.485175020041388e-09,0.12738000193140217,0.00010090461333716889,0.00010009895061743946,0.00010026465430699116,0.004128983556990781
2.175e-10,-3.1057277901921037e-10,2.826324382199251e-10,0.004271258907428071,0.0009901940108170114,0.0009900949176044308,0.0009896058869692144,-9.553977543412508e-09,8.619385347483083e-09,0.12958003084639966,0.00010269914166195163,0.00010188078956462486,0.00010206388009761054,0.0042722452991261275
2.2124999999999999e-10,-3.212349664064339e-10,2.922493633643927e-10,0.004416933394845239,0.000990306539809579,0.0009902072331472193,0.0009897162189879854,-9.706731713738455e-09,8.752898173322072e-09,0.13178005977334165,0.0001044923404998746,0.00010366135214545208,0.00010386218781084565,0.004417919337283796
2.25e-10,-3.3206384983405493e-10,3.0201185750440383e-10,0.00456501814043486,0.0009904209891155556,0.0009903214654816501,0.0009898283865794803,-9.858890871692684e-09,8.885709667738864e-09,0.13398008871266565,0.00010628418860589327,0.00010544061763589866,0.00010565956271678343,0.00456600362672093
2.2875e-10,-3.430586043709686e-10,3.1191899751497117e-10,0.004715511067952874,0.0009905373557623361,0.0009904376116379996,0.0009899423840794793,-1.0010447157169718e-08,9.017816393029405e-09,0.13618011766482388,0.00010807466490118299,0.0001072185654592148,0.00010745599019166414,0.004716496091233259
2.325e-10,-3.542183950541295e-10,3.2196985605224793e-10,0.004868410069833712,0.000990655636732861,0.0009905556686021358,0.0009900582057436548,-1.016139413023174e-08,9.149215279109728e-09,0.13838014663028406,0.00010986374847122416,0.00010899517518813324,0.0001092514557193939,0.004869394623297196
2.3625e-10,-3.655423786188282e-10,3.321634997002199e-10,0.005023713007334216,0.0009907758289658807,0.0009906756333157812,0.0009901758457482783,-1.0311725793000141e-08,9.279900909392395e-09,0.1405801756095299,0.00011165141856319782,0.00011077042654252883,0.00011104594488625677,0.0050246970842140835
2.4e-10,-3.7702970289856846e-10,3.42498986717492e-10,0.005181417710679541,0.0009908979293562143,0.0009907975026767814,0.0009902952981909407,-1.0461436161225433e-08,9.409867458477305e-09,0.14278020460306157,0.00011343765458274468,0.00011254429938580715,0.00011283944338251413,0.0051824013042560445
2.4375e-10,-3.8867950879272456e-10,3.5297536888900794e-10,0.005341521979210789,0.0009910219347550213,0.0009909212735393755,0.0009904165570912905,-1.0610521107554726e-08,9.53911104845699e-09,0.14498023361139528,0.00011522243609229876,0.00011431677372130051,0.00011463193700421656,0.005342505082813713
2.475e-10,-4.0049093069831656e-10,3.635916937843462e-10,0.005504023581534437,0.00099114784197007,0.0009910469427144553,0.0009905396163917678,-1.075897532494848e-08,9.667629902671327e-09,0.14718026263506387,0.0001170057428096008,0.00011608782968768145,0.00011642341164688374,0.0055050061885458
2.5125e-10,-4.1246309501669113e-10,3.7434700528626844e-10,0.005668920255673599,0.000991275647766009,0.000991174506969845,0.0009906644699583507,-1.0906794009319103e-08,9.795420366487688e-09,0.14938029167461608,0.00011878755460641265,0.00011785744755927684,0.00011821385330105585,0.0056699023595303275
2.55e-10,-4.245951227858882e-10,3.8524034083394495e-10,0.005836209709220972,0.0009914053488646452,0.0009913039630305694,0.000990791111581297,-1.1053974465385517e-08,9.922478184617582e-09,0.15158032073062008,0.00012056785150731237,0.00011962560774923884,0.00012000324805603379,0.005837191303417914
2.5875e-10,-4.3688613078030145e-10,3.9627073268641014e-10,0.006005889619493482,0.0009915369419452238,0.000991435307579141,0.000990919534975911,-1.120051455042916e-08,1.0048799336497164e-08,0.1537803498036597,0.00012234661369100655,0.00012139229080496157,0.00012179158209956525,0.0060068706975863004
2.6249999999999997e-10,-4.493352327934039e-10,4.07437208377631e-10,0.006177957633688767,0.000991670423644713,0.000991568537255836,0.0009910497337833064,-1.1346412930179482e-08,1.0174382028369196e-08,0.15598037889433772,0.00012412382149066539,0.0001231574774098822,0.00012357884171971975,0.006178938189297045
2.6625e-10,-4.619415385893328e-10,4.1873879255838023e-10,0.006352411369043182,0.0009918057905580952,0.000991703648658986,0.0009911817015711842,-1.1491666830824953e-08,1.0299224451226816e-08,0.15818040800327496,0.0001258994553895295,0.00012492114838436467,0.00012536501330474994,0.0063533913958535625
2.7e-10,-4.747041541143303e-10,4.3017450807249754e-10,0.006529248412991491,0.0009919430392386496,0.0009918406383452674,0.0009913154318346108,-1.1636273812932443e-08,1.0423327476330469e-08,0.16038043713111244,0.0001276734960178533,0.0001266832846819813,0.0001271500833405623,0.006530227904761114
2.7375e-10,-4.876221798532877e-10,4.417433781345054e-10,0.006708466323328309,0.0009920821661982444,0.0009919795028299895,0.000991450917996811,-1.1780230051510023e-08,1.0546691198961143e-08,0.16258046627851327,0.0001294459241565683,0.00012844386738883825,0.00012893403841245405,0.006709445273888488
2.775e-10,-5.006947113639058e-10,4.5344442458154484e-10,0.006890062628370984,0.0009922231679076318,0.0009921202385873894,0.0009915881534099575,-1.1923533021609314e-08,1.0669316025775255e-08,0.16478049544615964,0.0001312167207335991,0.00013020287772437698,0.0001307168652007575,0.00689104103163069
2.8125e-10,-5.139208418463807e-10,4.6527666964483896e-10,0.0070740348271241486,0.0009923660407967435,0.0009922628420509306,0.0009917271313559695,-1.2066182844376647e-08,1.0791202912210808e-08,0.16698052463475202,0.0001329858668258525,0.00013196029704285744,0.00013249855047972275,0.007075012677073528
2.85e-10,-5.272996633389912e-10,4.772391356803365e-10,0.007260380389445811,0.0009925107812549937,0.0009924073096136043,0.0009918678450473143,-1.2208178891096809e-08,1.0912352812765162e-08,0.16918055384501118,0.00013475334366021548,0.00013371610683064948,0.00013427908112100095,0.007261357680159909
2.8875e-10,-5.40830265057173e-10,4.893308448781794e-10,0.007449096756214981,0.0009926573856315788,0.0009925536376282293,0.0009920102876278258,-1.2349520123470312e-08,1.103276663958255e-08,0.17138058307767962,0.0001365191326111924,0.00013547028870657487,0.0001360584440947538,0.007450073481857769
2.9249999999999997e-10,-5.545117349360713e-10,5.015508202303323e-10,0.0076401813395007585,0.0009928058502357874,0.0009927018224077583,0.0009921544521735194,-1.2490206039671338e-08,1.1152444415864036e-08,0.17358061233352376,0.0001382832151997737,0.0001372228244214213,0.00013783662646924447,0.007641157494329376
2.9625e-10,-5.683431585223044e-10,5.138980821904137e-10,0.007833631522732986,0.0009929561713373034,0.0009928518602255838,0.0009923003316934151,-1.2630236295944918e-08,1.1271384998833532e-08,0.17578064161333073,0.0001400455730961786,0.00013897369585989805,0.00013961361540673799,0.007834607101101801
3e-10,-5.823236206989462e-10,5.263716518618225e-10,0.008029444660874284,0.0009931083451665214,0.000993003747315852,0.0009924479191303647,-1.2769609951240022e-08,1.1389591133061183e-08,0.1779806709179121,0.0001418061881164417,0.0001407228850397645,0.0001413893981670015,0.00803041965723937
3.0375e-10,-5.964522029711031e-10,5.38970552231335e-10,0.008227618080593562,0.0009932623679148541,0.0009931574798737741,0.0009925972073618864,-1.2908326352146646e-08,1.1507064481815811e-08,0.1801807002480989,0.0001435650422228395,0.00014247037410975263,0.00014316396210148867,0.008228592489516903
3.075e-10,-6.10727986897774e-10,5.516938072291108e-10,0.008428149080440886,0.00099341823573505,0.0009933130540559396,0.0009927481892009985,-1.304638603370274e-08,1.1623806241398484e-08,0.1823807296047443,0.0001453221175267961,0.00014421614535170985,0.0001449372946561565,0.008429122896594799
3.1125e-10,-6.251500525992725e-10,5.645404416359421e-10,0.008631034931023709,0.0009935759447415125,0.0009934704659806345,0.0009929008573970597,-1.3183788627287963e-08,1.1739818345090639e-08,0.18458075898872428,0.00014707739628966847,0.00014596018118036457,0.00014670938337080967,0.008632008149195493
3.15e-10,-6.397174787499207e-10,5.775094819741209e-10,0.008836272875184636,0.0009937354910106266,0.0009936297117281614,0.0009930552046366183,-1.3320533233409786e-08,1.1855102915538605e-08,0.18678078840093784,0.00014883086092099427,0.00014770246414438904,0.00014848021588059537,0.008837245490281302
3.1875e-10,-6.544293425070051e-10,5.905999572779213e-10,0.009043860128180264,0.0009938968705810742,0.000993790787341165,0.0009932112235442622,-1.3456619987860718e-08,1.1969663641267994e-08,0.1889808178423086,0.00015058249397547762,0.00014944297692648086,0.0001502497799167089,0.009044832135233457
3.2249999999999997e-10,-6.692847201926375e-10,6.038109013376016e-10,0.009253793877861427,0.000994060079454162,0.0009939536888249534,0.0009933689066834758,-1.3592048043092254e-08,1.208350609028671e-08,0.19118084731377988,0.0001523322781537062,0.0001511817023424463,0.00015201806330360996,0.009254765272032183
3.2625e-10,-6.842826859410436e-10,6.171413536395048e-10,0.009466071284854844,0.0009942251135941454,0.0009941184121478298,0.0009935282465574986,-1.3726816099440644e-08,1.2196634547048496e-08,0.1933808768163156,0.00015408019630128096,0.00015291862333907292,0.00015378505395846108,0.00946704206143829
3.3e-10,-6.994223114818285e-10,6.305903567060576e-10,0.009680689482745735,0.0009943919689285562,0.0009942849532414096,0.000993689235610187,-1.3860923920917784e-08,1.230905206582862e-08,0.19558090635090822,0.00015582623141214972,0.00015465372299563622,0.00015555073989433307,0.009681659637176728
3.3375e-10,-7.147026681786791e-10,6.441569565999668e-10,0.009897645578262006,0.0009945606413485368,0.000994453308000958,0.0009938518662268813,-1.3994369642879757e-08,1.2420763552462618e-08,0.19778093591857243,0.00015757036662697975,0.00015638698452538147,0.0001573151092168571,0.009898615106120244
3.375e-10,-7.301228227535417e-10,6.578402052570541e-10,0.01011693665145931,0.0009947311267091733,0.0009946234722857225,0.0009940161307352773,-1.4127151379950535e-08,1.2531773445266943e-08,0.19998096552034877,0.0001593125852329667,0.0001581183912771146,0.00015907815012890665,0.010117905548475036
3.4125e-10,-7.456818411021877e-10,6.716391568083327e-10,0.01033855975590755,0.000994903420829825,0.0009947954419192648,0.0009941820214063037,-1.4259269279149546e-08,1.2642082801753294e-08,0.20218099515730084,0.00016105287066140573,0.00015984792673316714,0.00016083985092637393,0.010339528017966858
3.45e-10,-7.613787888871372e-10,6.855528672954045e-10,0.010562511918878269,0.000995077519494463,0.0009949692126898016,0.000994349530454994,-1.439072375991103e-08,1.2751695775764309e-08,0.2043810248305214,0.000162791206491582,0.00016157557451078927,0.00016260019999970963,0.010563479542029245
3.4875e-10,-7.772127309604051e-10,6.99580397730261e-10,0.010788790141533444,0.000995253418452011,0.0009951447803505386,0.0009945186500413706,-1.4521514195623318e-08,1.2860616476986628e-08,0.20658105454113077,0.00016452757644948,0.0001633013183627332,0.00016435918583633643,0.010789757121992257
3.5249999999999997e-10,-7.931827306658646e-10,7.137208129801638e-10,0.01101739139911508,0.0009954311134166803,0.0009953221406200179,0.000994689372271332,-1.465163980787229e-08,1.2968848622201412e-08,0.20878108429027478,0.00016626196440906865,0.0001650251421769504,0.00016611679702191064,0.01101835773327205
3.5625e-10,-8.092878505856943e-10,7.27973182477353e-10,0.011248312641136175,0.0009956106000683198,0.0009955012891824525,0.0009948616891975411,-1.4781101677121276e-08,1.3076398400469467e-08,0.21098111407912476,0.00016799435439197307,0.00016674702997601198,0.00016787302223630568,0.011249278325561607
3.6e-10,-8.255271552175319e-10,7.423365838097253e-10,0.011481550791572436,0.000995791874052754,0.0009956822216880769,0.0009950355928203122,-1.4909901640854968e-08,1.3183272941209512e-08,0.21318114390887888,0.00016972473056500362,0.00016846696591700915,0.00016962785025249457,0.011482515823023193
3.6375e-10,-8.418997086770035e-10,7.568101013762751e-10,0.011717102749055143,0.0009959749309821349,0.000995864933753488,0.0009952110750885007,-1.503803848992883e-08,1.3289478628480508e-08,0.21538117378076369,0.00017145307724490412,0.00017018493429425254,0.00017138126993988364,0.011718067124481108
3.675e-10,-8.584045738188205e-10,7.713928264498812e-10,0.01195496538706511,0.0009961597664352817,0.000996049420961993,0.0009953881279004004,-1.516551258954717e-08,1.3395021231149235e-08,0.21758120369603032,0.00017317937889571692,0.00017190091953671406,0.00017313327026375792,0.01195592910361552
3.7125e-10,-8.750408142837409e-10,7.860838552479769e-10,0.012195135554127457,0.0009963463759580448,0.0009962356788639595,0.0009955667431046343,-1.5292325921692354e-08,1.3499905167414151e-08,0.2197812336559567,0.00017490362012911295,0.00017361490620810164,0.00017488384028116415,0.012196098609157501
3.75e-10,-8.918074959393725e-10,8.008822897895362e-10,0.012437610074007233,0.00099653475506364,0.0009964237029771621,0.0009957469125010583,-1.5418481351936152e-08,1.3604135272239507e-08,0.2219812636618479,0.00017662578570163485,0.00017532687900885966,0.000176632969147642,0.012438572465084822
3.7875e-10,-9.087036883806915e-10,8.157872362759699e-10,0.012682385745906239,0.0009967248992330095,0.000996613488787135,0.0009959286278416583,-1.5543983094054288e-08,1.3707715989996284e-08,0.22418129371503542,0.00017834586051585608,0.00017703682277477674,0.00017838064611173338,0.012683347470818923
3.8249999999999997e-10,-9.257284651932579e-10,8.307978052767317e-10,0.012929459344660502,0.0009969168039151682,0.0009968050317475231,0.0009961118808314469,-1.5668833645772475e-08,1.3810650619725136e-08,0.22638132381688175,0.00018006382961961476,0.00017874472247566902,0.00018012686051199647,0.012930420401422619
3.8625e-10,-9.428809011498545e-10,8.45913112043462e-10,0.013178827620938631,0.0009971104645275608,0.0009969983272804356,0.0009962966631293655,-1.579303429117736e-08,1.3912944575843142e-08,0.2285813539687739,0.0001817796782084254,0.00018045056321881438,0.00018187160178387724,0.01317978800779832
3.9e-10,-9.60160071904496e-10,8.611322776099656e-10,0.01343048730144116,0.0009973058764564159,0.0009971933707767983,0.0009964829663491905,-1.591658561541802e-08,1.4014603571149101e-08,0.23078138417212818,0.00018349339162561566,0.00018215433024818252,0.0001836148594586116,0.013431447016887777
3.9375e-10,-9.775650531682656e-10,8.76454430366634e-10,0.013684435089100402,0.0009975030350571057,0.000997390157596713,0.0009966707820604336,-1.6039488146900063e-08,1.4115634251267296e-08,0.23298141442839163,0.0001852049553612775,0.00018385600894401023,0.00018535662316313182,0.013685394131872124
3.975e-10,-9.950949223215371e-10,8.918787064477521e-10,0.013940667663281453,0.0009977019356544998,0.0009975886830698158,0.000996860101789254,-1.6161744263303018e-08,1.4216044951719298e-08,0.23518144473903713,0.00018691435505104875,0.0001855555848264212,0.00018709688261701958,0.013941626032372652
4.0125e-10,-1.012748757985164e-09,9.074042516547915e-10,0.014199181679983618,0.0009979025735433328,0.0009977889424956352,0.0009970509170193547,-1.6283354561653745e-08,1.4315843338022745e-08,0.2373814751055652,0.00018862157647907458,0.00018725304355322474,0.000188835627629318,0.01420013937465239
4.05e-10,-1.030525639044803e-09,9.23030218980004e-10,0.01445997377204274,0.000998104943988555,0.0009979909311439552,0.000997243219192889,-1.640431808878825e-08,1.4415036887808741e-08,0.23958150552950505,0.0001903266055739601,0.00018894837091777488,0.0001905728481040688,0.014460930791818663
4.0875e-10,-1.0484246420441713e-09,9.387557714562644e-10,0.014723040549334206,0.0009983090422256956,0.0009981946442551707,0.0009974369997113642,-1.6524633897807017e-08,1.4513635909083715e-08,0.24178153601241112,0.00019202942840925601,0.00019064155285014147,0.00019230853404164655,0.014723996894025863
4.1249999999999997e-10,-1.0664448444356402e-09,9.545800848684225e-10,0.014988378598976585,0.0009985148634612242,0.000998400077040653,0.0009976322499365541,-1.664430427664884e-08,1.4611652042847473e-08,0.24398156655586406,0.00019373003120298407,0.00019233257541804646,0.00019404267553508307,0.014989334268679265
4.1625e-10,-1.0845853267899329e-09,9.705023461298587e-10,0.015255984485535888,0.0009987224028729098,0.0009986072246831088,0.000997828961191401,-1.676333198878317e-08,1.470909360228595e-08,0.24618159716147006,0.00019542840031937667,0.00019402142482556354,0.00019577526277133442,0.015256939480639366
4.2e-10,-1.1028451722159068e-09,9.865217508268296e-10,0.015525854751230568,0.000998931655610191,0.000998816082336942,0.000998027124760922,-1.688171939911289e-08,1.4805968478749782e-08,0.24838162783086945,0.00019712452227252475,0.00019570808741504916,0.00019750628603252667,0.015526809072427858
4.2375e-10,-1.1212234673384533e-09,1.0026375023843525e-09,0.015797985916137038,0.000999142616794536,0.0009990266451286194,0.0009982267318931184,-1.6999469572697398e-08,1.4902282729747935e-08,0.2505816585657329,0.0001988183837222228,0.0001973925496672507,0.00019923573569583135,0.015798939564432915
4.275e-10,-1.139719300750121e-09,1.0188488110830114e-09,0.016072374478395688,0.000999355281519817,0.0009992389081570393,0.00099842777379988,-1.7116584325291363e-08,1.4998043526972135e-08,0.25278168936775663,0.00020050997147409442,0.00019907479820100305,0.0002009636022291133,0.016073327455114788
4.3125e-10,-1.158331763900289e-09,1.0351548956322155e-09,0.016349016914417612,0.0009995696448526674,0.0009994528664938886,0.0009986302416578816,-1.7233065482882356e-08,1.50932589919928e-08,0.2549817202386645,0.00020219927248007279,0.00020075481977129486,0.00020268987619304386,0.016349969221212818
4.35e-10,-1.1770599483468626e-09,1.051554984173721e-09,0.016627909679091713,0.0009997857018328548,0.0009996685151840183,0.0009988341266094969,-1.734891293598536e-08,1.5187936133884724e-08,0.25718175118021286,0.00020388627383748407,0.00020243260127331003,0.00020441454824495384,0.016628861317953172
4.3875e-10,-1.195902947270027e-09,1.0680483117182977e-09,0.01690904920599237,0.001000003447473643,0.0009998858492458037,0.0009990394197636966,-1.7464129509734364e-08,1.528208298638601e-08,0.25938178219418573,0.0002055709627877175,0.00020410812974048435,0.00020613760913731354,0.01691000017925618
4.4249999999999997e-10,-1.214859857900055e-09,1.0846341248379742e-09,0.017192431907587558,0.001000222876762163,0.0010001048636715173,0.0009992461121969545,-1.7578719219012453e-08,1.537571118753254e-08,0.26158181328239716,0.00020725332671670164,0.0002057813923429177,0.00020785904971291306,0.017193382217944725
4.4625e-10,-1.2339297818130285e-09,1.1013116834054197e-09,0.017478054175447365,0.0010004439846597764,0.0010003255534276909,0.0009994541949541417,-1.7692685385754256e-08,1.5468832225749544e-08,0.26378184444668656,0.0002089333531554771,0.00020745237638938687,0.00020957886090651982,0.01747900382595237
4.5e-10,-1.2531118247588895e-09,1.1180802591029543e-09,0.01776591238045298,0.00100066676610245,0.001000547913455486,0.0009996636590494281,-1.780603195582905e-08,1.556145601440066e-08,0.2659818756889222,0.00021061102978190953,0.00020912106932608672,0.0002112970337457135,0.017766861374532733
4.5375e-10,-1.2724050960024493e-09,1.134939133343507e-09,0.018056002873006165,0.001000891216001119,0.0010007719386710598,0.0009998744954671716,-1.7918760966101142e-08,1.565359090481904e-08,0.2681819070110025,0.0002122863444171959,0.00021078745873685787,0.0002130135593474663,0.01805695121446926
4.575e-10,-1.2918087071942937e-09,1.1518875973714118e-09,0.018348321983238824,0.0010011173292420604,0.001000997623965936,0.0010000866951628202,-1.803087598233797e-08,1.5745246126741836e-08,0.27038193841485764,0.00021395928502800107,0.0002124515323453675,0.0002147284289231383,0.018349269676285425
4.6125e-10,-1.3113217758934863e-09,1.1689249529660816e-09,0.018642866021223108,0.0010013451006872644,0.001001224964207375,0.0010003002490638058,-1.8142383215623596e-08,1.583643002470829e-08,0.2725819699024486,0.00021562983972651345,0.0002141132780145175,0.00021644163377986152,0.01864381307045435
4.65e-10,-1.330943427433583e-09,1.1860505092209523e-09,0.01893963127718197,0.0010015745251747993,0.0010014539542387414,0.0010005151480704357,-1.8253289286160513e-08,1.5927148490448265e-08,0.27478200147576126,0.00021729799676429955,0.00021577268374383578,0.00021815316531853963,0.018940577687609
4.6875e-10,-1.3506727927596268e-09,1.2032635821415665e-09,0.019238614021699643,0.0010018055975191825,0.0010016845888798733,0.0010007313830567865,-1.836359738959651e-08,1.601740990231309e-08,0.27698203313681,0.0002189637445379373,0.00021742973767259764,0.00021986301503270072,0.0192395597987531
4.725e-10,-1.370509007443155e-09,1.2205634994206159e-09,0.019539810505932693,0.00100203831251175,0.001001916862927458,0.0010009489448715902,-1.847331408512669e-08,1.610722457538836e-08,0.27918206488763786,0.00022062707159030266,0.00021908442807892005,0.0002215711745076205,0.01954075565547228
4.7625e-10,-1.3904512151005058e-09,1.237949599388255e-09,0.01984321696182121,0.0010022726649210314,0.0010021507711553948,0.001001167824339116,-1.8582444484673096e-08,1.6196600657700173e-08,0.2813820967303172,0.00022228796660883857,0.00022073674337799395,0.0002232776354174878,0.01984416149014532
4.8e-10,-1.410498563928772e-09,1.2554212278539396e-09,0.020148829602300196,0.0010025086494931167,0.0010023863083151708,0.0010013880122600504,-1.8690993596872744e-08,1.628554646465072e-08,0.28358212866694266,0.00022394641842346698,0.00022238667212162437,0.00022498238952736399,0.020149773516155392
4.8375e-10,-1.4306502090985623e-09,1.272977743243575e-09,0.020456644621511217,0.0010027462609520327,0.0010026234691362225,0.0010016094994123776,-1.8798967348701224e-08,1.637407436886546e-08,0.2857821606996427,0.00022560241600745547,0.00022403420299820108,0.00022668542869733492,0.02045758792810225
4.875e-10,-1.450905311397479e-09,1.2906185170968312e-09,0.020766658195014127,0.001002985494000105,0.0010028622483263061,0.0010018322765522553,-1.890637079743843e-08,1.6462196056596374e-08,0.2879821928305686,0.00022725594847425258,0.00022567932483369955,0.00022838674487827984,0.02076760090201335
4.9125e-10,-1.4712630386778023e-09,1.3083429336651187e-09,0.021078866479998966,0.0010032263433183302,0.001003102640571871,0.0010020563344148908,-1.9013210334763998e-08,1.6549922171274794e-08,0.29018222506189745,0.00022890700507724248,0.0002273220265917855,0.0002300863301098318,0.021079808595556096
4.95e-10,-1.4917225655655352e-09,1.3261503878462052e-09,0.02139326561549814,0.00100346880356674,0.0010033446405384222,0.0010022816637154089,-1.911949035246689e-08,1.663726086654706e-08,0.2923822573958402,0.000230555575211798,0.0002289622973743275,0.00023178417652819778,0.02139420714825096
4.9875e-10,-1.5122830698839121e-09,1.3440402824267e-09,0.021709851722598445,0.0010037128693847744,0.0010035882428708954,0.0010025082551497234,-1.922521404041861e-08,1.6724219397639232e-08,0.29458228983463514,0.00023220164841410574,0.0002306001264217808,0.00023348027636016736,0.021710792681683022
5.025e-10,-1.5329437358776304e-09,1.3620120284891588e-09,0.022028620904653382,0.0010039585353916476,0.0010038334421940223,0.0010027360993953957,-1.9330388985070763e-08,1.681080594799161e-08,0.2967823223805475,0.0002338452143656471,0.00023223550311088776,0.0002351746219213711,0.02202956129971402
5.0625e-10,-1.5537037567916418e-09,1.3800650476094992e-09,0.022349569247495375,0.0010042057961867268,0.0010040802331127004,0.0010029651871125006,-1.9435021234892465e-08,1.6897030714587354e-08,0.29898235503586407,0.00023548626289031504,0.00023386841695451844,0.00023686720561942078,0.02235050908869416
5.1e-10,-1.574562331683979e-09,1.398198772797948e-09,0.02267269281964818,0.001004454646349896,0.001004328610212362,0.001003195508944477,-1.953911641000386e-08,1.698290317203044e-08,0.30118238780289974,0.0002371247839511234,0.00023549885760335568,0.0002385580199530892,0.02267363211767531
5.1375e-10,-1.595518666836384e-09,1.4164126463385786e-09,0.02299798767253897,0.0010047050804419231,0.0010045785680593382,0.0010034270555189827,-1.9642682111692713e-08,1.7068431228223028e-08,0.30338242068399524,0.00023876076765042256,0.00023712681484498963,0.0002402470575108614,0.02299892643862298
5.175e-10,-1.6165719790889698e-09,1.4347061189775349e-09,0.023325449840710995,0.001004957093004825,0.0010048301012012283,0.001003659817448747,-1.974572926909503e-08,1.715362266255788e-08,0.3055824536815173,0.00024039420423476715,0.000238752278605545,0.00024193431097416004,0.023326388086629093
5.2125e-10,-1.6377214970748777e-09,1.4530786513772815e-09,0.023655075342035526,0.0010052106785622492,0.0010050832041672713,0.0010038937853324146,-1.984826540513999e-08,1.7238486457815817e-08,0.3077824867978648,0.00024202508409037183,0.00024037523894819378,0.00024361977311266144,0.023656013080124563
5.249999999999999e-10,-1.6589664559933423e-09,1.4715297127086231e-09,0.023986860177924268,0.0010054658316198208,0.001005337871468708,0.001004128949755383,-1.9950297146421446e-08,1.732303063499121e-08,0.30998252003545895,0.0002436533977397677,0.00024199568607193044,0.0002453034367856663,0.023987797421091007
5.2875e-10,-1.6803060996920166e-09,1.4900587819027252e-09,0.02432080033354144,0.0010057225466655244,0.0010055940975991471,0.001004365301290642,-2.0051831059212668e-08,1.740726328955057e-08,0.3121825533967464,0.00024527913584494244,0.0002436136103113692,0.00024698529494346274,0.02432173709527264
5.325e-10,-1.701739678088074e-09,1.5086653459588477e-09,0.024656891778015607,0.0010059808181700548,0.0010058518770349313,0.0010046028304996086,-2.0152872276285082e-08,1.749119151669469e-08,0.31438258688420034,0.0002469022892050875,0.00024522900214014285,0.00024866534062927264,0.02465782807238908
5.3625e-10,-1.7232664481250377e-09,1.5273488996104027e-09,0.024995130464651984,0.0010062406405871903,0.0010061112042355062,0.0010048415279329578,-2.025342759630724e-08,1.757482215347664e-08,0.3165826205003213,0.0002485228487585767,0.00024684185216655404,0.00025034356697894175,0.024996066306347167
5.4e-10,-1.744885673746735e-09,1.546108945298696e-09,0.025335512331143856,0.0010065020083541547,0.0010063720736437768,0.0010050813841314447,-2.0353501674741537e-08,1.7658162232514015e-08,0.31878265424763635,0.00025014080558213235,0.0002484521511345565,0.000252019967218143,0.02533644773545251
5.4375e-10,-1.7665966242947105e-09,1.5649449945396155e-09,0.025678033299784134,0.0010067649158919784,0.0010066344796864763,0.0010053223896267255,-2.045310102802369e-08,1.7741222498925777e-08,0.32098268812869607,0.0002517561508902042,0.00025005988992308326,0.0002536945346591826,0.025678968282621464
5.475e-10,-1.7883985780116605e-09,1.5838565716576689e-09,0.02602268927767714,0.001007029357605866,0.001006898416774524,0.0010055645349421696,-2.0552232146694227e-08,1.7824013044131537e-08,0.32318272214607946,0.0002533688760336333,0.00025166505954474054,0.00025536726270284255,0.026023623855591992
5.5125e-10,-1.8102908197737139e-09,1.6028432110403275e-09,0.026369476156949324,0.0010072953278855512,0.001007163879303386,0.0010058078105936708,-2.065090078513117e-08,1.790654404078575e-08,0.325382756302385,0.00025497897250228454,0.0002532676511483798,0.0002570381448391524,0.026370410347134915
5.55e-10,-1.8322726402408581e-09,1.6219044590988012e-09,0.02671838981496049,0.0010075628211056696,0.0010074308616534386,0.0010060522070904473,-2.074911131183346e-08,1.7988826173061438e-08,0.3275827906002335,0.0002565864319213998,0.0002548676560167209,0.00025870717464673355,0.026719323635264722
5.5875e-10,-1.854343335679486e-09,1.6410398735328135e-09,0.027069426114514385,0.001007831831626102,0.0010076993581903267,0.0010062977149358433,-2.0846868554438557e-08,1.8070868938167394e-08,0.32978282504227185,0.0002581912460522636,0.00025646506556588605,0.00026037434579199704,0.027070359583450707
5.625e-10,-1.876502207650793e-09,1.6602490210938e-09,0.027422580904069332,0.0010081023537923497,0.0010079693632653165,0.0010065443246281257,-2.094417752038238e-08,1.8152680165257764e-08,0.3319828596311733,0.0002597934067932528,0.000258059871344778,0.0002620396520300759,0.02742351404082797
5.6625e-10,-1.8987485651759e-09,1.6795314771180869e-09,0.02777785001794798,0.0010083743819358842,0.0010082408712156579,0.0010067920266612696,-2.1041045346225155e-08,1.823426767013421e-08,0.3341828943696353,0.0002613929061775995,0.00025965206503560236,0.0002637030872067652,0.027778782842407042
5.7e-10,-1.9210817251757803e-09,1.6988868265476714e-09,0.02813522927654756,0.001008647910374504,0.0010085138763649378,0.0010070408115257477,-2.1137477677541306e-08,1.8315641666723017e-08,0.33638292926037794,0.0002629897363730271,0.0002612416384561566,0.00026536464525777595,0.028136161809283564
5.7375e-10,-1.9435010100144412e-09,1.7183146660564867e-09,0.028494714486549118,0.0010089229334126952,0.0010087883730234397,0.00100729066970931,-2.1233479366583703e-08,1.839681373962373e-08,0.3385829643061439,0.0002645838896804709,0.0002628285835556386,0.00026702432020534535,0.028495646748847792
5.775e-10,-1.9660057489686317e-09,1.7378146051604383e-09,0.028856301441126702,0.001009199445341977,0.0010090643554884892,0.001007541591697751,-2.132905653114221e-08,1.847779352042082e-08,0.34078299950969615,0.00026617535853477756,0.0002644128924151096,0.0002686821061600391,0.02885723345499366
5.8125e-10,-1.9885952778258195e-09,1.7573862621388345e-09,0.029219985920156323,0.0010094774404412615,0.0010093418180448159,0.0010077935679756852,-2.142421446177244e-08,1.8558589261219924e-08,0.34298303487381665,0.0002677641355048944,0.00026599455724795294,0.0002703379973203906,0.029220917708327156
5.849999999999999e-10,-2.0112689394197275e-09,1.7770292642200985e-09,0.029585763690424004,0.0010097569129772048,0.0010096207549649004,0.0010080465890273025,-2.1518961195404333e-08,1.863920881740544e-08,0.3451830704013113,0.00026935021329251187,0.0002675735704045188,0.00027199198797274834,0.02958669527637534
5.8875e-10,-2.034026086351851e-09,1.7967432468826486e-09,0.029953630505833957,0.0010100378572045574,0.0010099011605093316,0.0010083006453371307,-2.1613305416219395e-08,1.8719659524971716e-08,0.34738310609500594,0.0002709335847341675,0.0002691499243637775,0.00027364407249109686,0.029954561913794156
5.925e-10,-2.056866082876106e-09,1.816527853141061e-09,0.0303235821076163,0.001010320267366518,0.00101018302892715,0.0010085557273907802,-2.1707258117174058e-08,1.879994796554485e-08,0.3495831419577486,0.00027251424279833836,0.00027072361173422735,0.0002752942453374757,0.030324513362576536
5.9625e-10,-2.079788304484523e-09,1.8363827331793049e-09,0.03069561422453384,0.0010106041376950787,0.001010466354456196,0.001008811825675697,-2.1800827964470815e-08,1.8880081420727297e-08,0.3517831779924109,0.000274092180583381,0.00027229462525764093,0.0002769425010614787,0.030696545352259064
6e-10,-2.1027921347687807e-09,1.856307546381609e-09,0.031069722573088956,0.001010889462411373,0.0010107511313234602,0.0010090689306818945,-2.1894020248438804e-08,1.8960069647100354e-08,0.353983214201881,0.00027566739131870953,0.00027386295780686343,0.00027858883429840176,0.031070653600128024
6.0375e-10,-2.1258769630034066e-09,1.8763019639551946e-09,0.03144590285772953,0.0010111762357260193,0.0010110373537454273,0.00100932703290269,-2.1986841211424177e-08,1.9039924462080156e-08,0.3561832505890702,0.00027723986836473307,0.00027542860238494014,0.00028023323977267937,0.031446833811426544
6.075e-10,-2.149042186976033e-09,1.8963656700440164e-09,0.03182415077105503,0.00101146445183947,0.0010113250159284215,0.0010095861228354333,-2.207929879302977e-08,1.9119656533751272e-08,0.35838328715690687,0.0002788096052113521,0.0002769915521264372,0.0002818757122946046,0.03182508167955972
6.1125e-10,-2.1722872137828673e-09,1.9164983579940898e-09,0.03220446199402117,0.0010117541049423462,0.0010116141120689486,0.0010098461909822279,-2.217140081064423e-08,1.919927400034911e-08,0.36058332390833897,0.0002803765954785286,0.0002785518002914346,0.0002835162467634891,0.03220539288629956
6.15e-10,-2.1956114590559846e-09,1.936699730415641e-09,0.03258683219614491,0.0010120451892157902,0.0010119046363540312,0.0010101072278506436,-2.2263154937143947e-08,1.927878467372898e-08,0.3627833608463348,0.0002819408329164996,0.00028010934026817736,0.00028515483816181515,0.032587763101990005
6.1875e-10,-2.2190143469905402e-09,1.956969496618503e-09,0.03297125703570821,0.0010123376988317972,0.0010121965829615535,0.0010103692239544256,-2.2354568686459917e-08,1.9358193889568274e-08,0.36498339797387985,0.0002835023114036476,0.00028166416557546425,0.00028679148155970715,0.0329721879857507
6.225e-10,-2.2424953109372685e-09,1.9773073717012385e-09,0.03335773215996197,0.001012631627953557,0.001012489946060601,0.0010106321698141957,-2.2445650517676827e-08,1.9437507259691146e-08,0.3671834352939782,0.0002850610249436679,0.0002832162698630473,0.0002884261721148045,0.033358663185680565
6.2625e-10,-2.266053793488139e-09,1.9977130771496735e-09,0.03374625320532845,0.0010129269707357873,0.001012784719811791,0.001010896055958149,-2.2536407971370268e-08,1.9516732337840927e-08,0.36938347280965017,0.0002866169676687417,0.00028476564690578044,0.00029005890506799136,0.03374718433906046
6.3e-10,-2.2896892452599113e-09,2.0181863440234357e-09,0.03413681579760402,0.001013223721325072,0.0010130808983676192,0.0010111608729227446,-2.262684775040868e-08,1.959587818404797e-08,0.3715835105239308,0.00028817013383709687,0.0002863122906058225,0.00029168967574300873,0.03413774707255529
6.3375e-10,-2.313401123923436e-09,2.038726913609652e-09,0.034529415552160485,0.0010135218738601933,0.00101337847587278,0.001011426611253378,-2.2716975098634015e-08,1.967495590387573e-08,0.3737835484398716,0.0002897205178330252,0.00028785619499195495,0.0002933184795442429,0.03453034700241575
6.375e-10,-2.337188893179802e-09,2.059334540012011e-09,0.03492404807414643,0.0010138214224724607,0.0010136774464645064,0.0010116932615050567,-2.2806795860693813e-08,1.9753976232971778e-08,0.37598358656053915,0.0002912681141688395,0.00028939735422033714,0.00029494531195979444,0.03492497973467931
6.4125e-10,-2.3610520241932003e-09,2.0800089867286438e-09,0.035320708958687705,0.0010141223612860483,0.0010139778042728973,0.0010119608142430722,-2.289631826117219e-08,1.983294648376911e-08,0.3781836248890126,0.0002928129174813671,0.00029093576257150836,0.0002965701685628798,0.03532164086537055
6.449999999999999e-10,-2.3849899979428163e-09,2.1007500231384187e-09,0.035719393791086795,0.0010144246844183173,0.0010142795434212443,0.0010122292600436593,-2.2985549173449263e-08,1.991187277067994e-08,0.38038366342838914,0.0002943549225293878,0.0002924714144506001,0.000298193045011758,0.03572032598070169
6.4875e-10,-2.4090023030528368e-09,2.1215574279196736e-09,0.03612009814702252,0.001014728385980141,0.0010145826580263586,0.0010124985894946561,-2.3074497687998582e-08,1.9990764218991542e-08,0.38258370218178717,0.00029589412419866003,0.0002940043043889147,0.0002998139370503826,0.036121030657271715
6.525e-10,-2.4330884398767373e-09,2.142430986955185e-09,0.0365228175927478,0.0010150334600762397,0.0010148871421988995,0.0010127687931961518,-2.316317395586101e-08,2.006962654157312e-08,0.3847837411523335,0.00029743051749890284,0.00029553442703877616,0.00030143284050510375,0.03652375046226383
6.5625e-10,-2.4572479190218567e-09,2.1633704926637532e-09,0.036927547685287936,0.001015339900805496,0.0010151929900436877,0.001013039861761126,-2.3251586093314135e-08,2.014846618313404e-08,0.3869837803431725,0.0002989640975644245,0.00029706177717769757,0.00030304975128685706,0.03692848095364342
6.6e-10,-2.481480258859332e-09,2.1843757442164075e-09,0.03733428397263701,0.0010156477022612816,0.0010155001956600404,0.0010133117858160926,-2.333974027813672e-08,2.0227290185858464e-08,0.38918381975745914,0.00030049485964994086,0.00029858634970783717,0.0003046646653878397,0.03733521768035446
6.6375e-10,-2.5057849846213727e-09,2.2054465487912854e-09,0.037743021993954615,0.0010159568585317708,0.001015808753142076,0.0010135845560017174,-2.3427642800886475e-08,2.0306105776331723e-08,0.39138385939836007,0.00030202279913085105,0.00030010813965267483,0.0003062775788835414,0.03774395618251593
6.675e-10,-2.530161629671811e-09,2.2265827207158004e-09,0.03815375727976113,0.0010162673637002639,0.0010161186565790402,0.0010138581629734436,-2.3515301985006557e-08,2.0384920775443888e-08,0.3935838992690519,0.00030354791150462686,0.0003016271421576922,0.0003078884879294582,0.03815469199161722
6.7125e-10,-2.5546097369667033e-09,2.2477840844203513e-09,0.03856648535213254,0.0010165792118454965,0.0010164299000556185,0.0010141325974021064,-2.360272629461041e-08,2.046374582993206e-08,0.39578393937272227,0.0003050701923888846,0.00030314335248924083,0.0003094973887625617,0.03856742063071229
6.75e-10,-2.57912885803175e-09,2.269050474665433e-09,0.038981201724894075,0.0010168923970419598,0.0010167424776522504,0.0010144078499745364,-2.3689923140388016e-08,2.0542589470771177e-08,0.3979839797125675,0.00030658963752189954,0.00030465676603460065,0.00031110427770186994,0.03898213761461393
6.7875e-10,-2.6037185545332245e-09,2.2903817348410065e-09,0.039397901903813884,0.0010172069133602074,0.0010170563834454379,0.0010146839113941658,-2.3776903405538127e-08,2.0621459096666557e-08,0.4001840202917967,0.00030810624275887853,0.000306167378302064,0.0003127091511456355,0.03939883845008728
6.825e-10,-2.6283783998853233e-09,2.3117777138627577e-09,0.03981658138679509,0.0010175227548671658,0.001017371611508062,0.0010149607723816117,-2.386367751912042e-08,2.0700359247235694e-08,0.4023840611136287,0.00030962000407554533,0.0003076751849195457,0.00031431200557221757,0.039817518636041785
6.8625e-10,-2.653107979182192e-09,2.333238265778122e-09,0.040237235664067436,0.0010178399156264436,0.0010176881559096854,0.0010152384236752666,-2.3950255005656855e-08,2.0779295904435948e-08,0.4045841021812952,0.0003111309175644277,0.00030918018163293216,0.00031591283754427277,0.040238173663723384
6.9e-10,-2.677906886208852e-09,2.3547632516592962e-09,0.040659860218377884,0.0010181583896986355,0.0010180060107168594,0.0010155168560318864,-2.4036643413148017e-08,2.0858275373534574e-08,0.40678414349803993,0.00031263897943562403,0.00031068236430804766,0.0003175116437079018,0.04066079901690513
6.9375e-10,-2.7027747228646887e-09,2.3763525378794217e-09,0.04108445052518071,0.0010184781711416258,0.0010183251699934237,0.0010157960602271527,-2.4122849276420036e-08,2.0937302317371355e-08,0.4089841850671165,0.0003141441860169797,0.00031218172892990295,0.00031910842078756866,0.04108539017207632
6.975e-10,-2.7277110977599174e-09,2.3980059957084427e-09,0.041511002052826436,0.0010187992540108975,0.0010186456278008177,0.0010160760270562447,-2.4208879509439482e-08,2.101638126816424e-08,0.41118422689178274,0.000315646533753623,0.00031367827160065127,0.00032070316558812875,0.041511942598631016
7.0125e-10,-2.7527156285599594e-09,2.4197235010908666e-09,0.04193951026274999,0.0010191216323598218,0.0010189673781983717,0.0010163567473343922,-2.4294742252934848e-08,2.1095518452200997e-08,0.4133842689753069,0.00031714601920424326,0.00031517198854090267,0.00032229587499391305,0.04194045175905666
7.049999999999999e-10,-2.7777879413935773e-09,2.441504937911182e-09,0.04236997060965814,0.0010194453002399654,0.0010192904152436094,0.0010166382118974283,-2.4380444968215708e-08,2.1174722447406376e-08,0.41558431132096024,0.00031864263904182266,0.00031666287608530033,0.0003238865459675877,0.04237091310912057
7.0875e-10,-2.802927669906422e-09,2.463350199157999e-09,0.042802378541715716,0.0010197702517013754,0.0010196147329925374,0.0010169204116023294,-2.4465994358564432e-08,2.1254000494125153e-08,0.4177843539320183,0.00032013639005518276,0.00031815093068233524,0.0003254751755490464,0.04280332209805673
7.125e-10,-2.8281344560184913e-09,2.485259183410663e-09,0.04323672950073121,0.0010200964807928821,0.001019940325499942,0.0010172033373277514,-2.455139832577105e-08,2.133335820494224e-08,0.41998439681176747,0.0003216272691463573,0.0003196361488972276,0.0003270617608575035,0.04323767416875117
7.1625e-10,-2.85340795012583e-09,2.507231795833354e-09,0.04367301892234167,0.0010204239815623849,0.0010202671868196763,0.0010174869799745594,-2.463666513652105e-08,2.141280322615918e-08,0.4221844399634973,0.00032311527332993926,0.0003211185274102372,0.00032864629909144983,0.043673964757927564
7.2e-10,-2.8787478116754537e-09,2.5292679499963117e-09,0.044111242236195974,0.0010207527480571455,0.001020595311004959,0.001017771330466349,-2.4721802384118243e-08,2.1492342682072872e-08,0.4243844833905099,0.0003246003997333777,0.00032259806301698465,0.00033022878752980684,0.044112189296329846
7.2375e-10,-2.9041537088670867e-09,2.551367565714527e-09,0.04455139486613788,0.0010210827743240684,0.0010209246921086504,0.001018056379749963,-2.480681900900565e-08,2.1571983424593073e-08,0.4265845270961075,0.0003260826455933852,0.00032407475262559183,0.0003318092235270134,0.044552343208904915
7.275e-10,-2.929625319212628e-09,2.5735305702532812e-09,0.0449934722303877,0.0010214140544099887,0.0010212553241835455,0.0010183421187959956,-2.4891722767710303e-08,2.1651732549220472e-08,0.42878457108359924,0.0003275620082590133,0.0003255485932541227,0.0003333876045144957,0.044994421914984636
7.3125e-10,-2.955162328492924e-09,2.5957568975059934e-09,0.04543746974172344,0.0010217465823619584,0.0010215872012826488,0.0010186285385992927,-2.4976522013225373e-08,2.1731596868360114e-08,0.4309846153562981,0.0003290384851925372,0.0003270195820336664,0.00033496392800232773,0.045438420828466254
7.35e-10,-2.980764431928791e-09,2.6180464886363786e-09,0.045883382807660696,0.0010220803522275233,0.0010219203174594556,0.001018915630179445,-2.5061225159772474e-08,2.1811582989002978e-08,0.43318465991752164,0.00033051207396246027,0.0003284877162035343,0.00033653819157798497,0.04588433535799254
7.3875e-10,-3.00643133337337e-09,2.6403992906313978e-09,0.0463312068306313,0.0010224153580550006,0.00102225466676823,0.0010192033845812729,-2.514584081239558e-08,2.1891695782431598e-08,0.4353847047705878,0.00033198277224469547,0.0003299529931150279,0.0003381103929032558,0.04633216090713003
7.425e-10,-3.032162747419969e-09,2.6628152544612897e-09,0.046780937208161684,0.0010227515938937553,0.0010225902432642808,0.0010194917928753049,-2.5230380227706726e-08,2.1971940094688887e-08,0.4375847499188202,0.000333450577826879,0.00033141541023003977,0.00033968052971646625,0.046781892874547794
7.4625e-10,-3.0579584006085534e-09,2.6852943364717763e-09,0.04723256933304976,0.001023089053794473,0.001022927041004236,0.0010197808461582425,-2.5314854094258817e-08,2.2052320917641522e-08,0.43978479536554355,0.00033491548860427214,0.0003328749651200436,0.00034124859983101363,0.047233526654193725
7.5e-10,-3.0838180305207986e-09,2.707836497965628e-09,0.04768609859354118,0.0010234277318094363,0.0010232650540463117,0.0010200705355534318,-2.539927154537265e-08,2.2132843847711914e-08,0.44198484111408354,0.0003363775025757762,0.0003343316554647497,0.00034281460113426724,0.04768705763547032
7.5375e-10,-3.1097413827062074e-09,2.7304417056889666e-09,0.0481415203735039,0.0010237676219927863,0.001023604276450583,0.0010203608522113075,-2.5483640255824077e-08,2.221351357027165e-08,0.4441848871677681,0.0003378366178486863,0.00033578547905241553,0.00034437853158865314,0.048142481203409915
7.575e-10,-3.1357282120374682e-09,2.7531099298722896e-09,0.04859883005260246,0.0010241087184007973,0.001023944702279252,0.001020651787309854,-2.5567969537910604e-08,2.229433371282483e-08,0.4463849335299211,0.0003392928326357114,0.00033723643377852675,0.0003459403892299222,0.04859979273884794
7.6125e-10,-3.161778283107608e-09,2.7758411449035444e-09,0.04905802300647135,0.0010244510150921359,0.0010242863255969096,0.001020943332055034,-2.5652268516128002e-08,2.2375308863128048e-08,0.4485849802038697,0.00034074614525090414,0.0003386845176429872,0.0003475001721710016,0.049058987618596395
7.649999999999999e-10,-3.187891370000234e-09,2.798635329881875e-09,0.04951909460688629,0.0010247945061281187,0.0010246291404707956,0.0010212354776812306,-2.5736545522534577e-08,2.2456444830805724e-08,0.4507850271929374,0.0003421965541103748,0.000340129728750995,0.00034905787859799167,0.049520061215615335
7.6875e-10,-3.214067255360022e-09,2.821492470574905e-09,0.04998204022193573,0.0010251391855729739,0.0010249731409710588,0.0010215282154516765,-2.5820809392241978e-08,2.25377492026691e-08,0.45298507450044845,0.00034364405773551704,0.0003415720653140114,0.0003506135067717042,0.04998300889918383
7.725e-10,-3.2403057314952338e-09,2.844412560366036e-09,0.05044685521619054,0.0010254850474940996,0.0010253183211710178,0.0010218215366588708,-2.590506998414657e-08,2.2619228315902558e-08,0.45518512212972684,0.00034508865475003713,0.0003430115256484682,0.0003521670550281038,0.050447826035070364
7.7625e-10,-3.2666066018737915e-09,2.8673955968648354e-09,0.05091353495087285,0.001025832085962321,0.0010256646751474108,0.0010221154326249908,-2.5989338299747825e-08,2.270088522820925e-08,0.45738517008409413,0.0003465303438804067,0.0003444481081775416,0.0003537185217741524,0.0509145079857012
7.8e-10,-3.292969681037196e-09,2.890441580898431e-09,0.05138207478402409,0.001026180295052141,0.0010260121969806577,0.0010224098947023033,-2.6073622826759456e-08,2.2782726470668374e-08,0.459585218366872,0.0003479691239534635,0.0003458818114270239,0.00035526790548834607,0.051383050110327344
7.8375e-10,-3.3193947908066666e-09,2.913550522563455e-09,0.05185247007067157,0.0010265296688419883,0.0010263608807551043,0.0010227049142735505,-2.6157931529638455e-08,2.2864761720775427e-08,0.46178526698137856,0.00034940499389686476,0.00034731263402363964,0.00035681520472051985,0.051853447765192615
7.875e-10,-3.345881762425077e-09,2.9367224403889654e-09,0.052324716162994195,0.0010268802014144747,0.0010267107205592695,0.0010230004827523516,-2.6242274243324474e-08,2.294699891519355e-08,0.4639853159309349,0.0003508379527389588,0.0003487405746936315,0.0003583604180973636,0.05232569630369904
7.9125e-10,-3.3724304375989093e-09,2.959957360151445e-09,0.052798808410487084,0.0010272318868566293,0.0010270617104860928,0.0010232965915835837,-2.6326660957479246e-08,2.302944493175621e-08,0.46618536521884996,0.00035226799960533185,0.00035016563226517315,0.000359903544314649,0.05279979107656938
7.95e-10,-3.399040668485657e-09,2.9832553137106622e-09,0.053274742160125184,0.0010275847192601514,0.0010274138446331742,0.001023593232243758,-2.6411101140993008e-08,2.3112105610867733e-08,0.46838541484843393,0.0003536951337190541,0.00035158780566766783,0.0003614445821390471,0.05327572743201164
7.9875e-10,-3.4257123151192664e-09,3.0066163384822852e-09,0.05375251275652578,0.0010279386927216413,0.0010277671171030182,0.0010238903962413919,-2.6495601774448904e-08,2.3194986874084472e-08,0.4705854648229883,0.0003551193544002864,0.0003530070939295897,0.0003629835304093578,0.053753500715881905
8.025e-10,-3.4524452454646652e-09,3.0300404771560336e-09,0.0542321155421098,0.0010282938013428456,0.0010281215220032706,0.0010241880751173668,-2.6580171011156326e-08,2.327809418839511e-08,0.47278551514581235,0.00035654066106546373,0.0003544234961763949,0.00036452038803243866,0.054233106271845175
8.0625e-10,-3.479239335492513e-09,3.053527777721512e-09,0.05471354585726214,0.0010286500392308882,0.0010284770534469499,0.0010244862604452862,-2.6664816626718753e-08,2.336143345393912e-08,0.4749855658201988,0.0003579590532262671,0.00035583701163004097,0.0003660551539819783,0.054714539441535
8.1e-10,-3.5060944693881007e-09,3.0770782934989148e-09,0.055196799040490616,0.0010290074004985063,0.0010288337055526845,0.0010247849438318201,-2.6749546643707895e-08,2.344500979379374e-08,0.4771856168494307,0.0003593745304885088,0.0003572476396103961,0.0003675878273008065,0.05519779556471269
8.1375e-10,-3.533010539284747e-09,3.100692082276006e-09,0.055681870428584544,0.0010293658792642788,0.001029191472444943,0.0010250841169170432,-2.6834369493715893e-08,2.3528828403525738e-08,0.4793856682367882,0.0003607870925539888,0.00035865537953367786,0.00036911840710310403,0.05568286997942565
8.175e-10,-3.5599874470080516e-09,3.124369207818909e-09,0.05616875535677142,0.0010297254696528598,0.0010295503482542615,0.0010253837713747776,-2.6919293712658114e-08,2.361289734843117e-08,0.4815857199855395,0.00036219673921821335,0.0003600602309128257,0.0003706468925699343,0.05616975802216342
8.2125e-10,-3.587025100901955e-09,3.1481097419054063e-09,0.056657449158872546,0.0010300861657951998,0.0010299103271174694,0.0010256838989129093,-2.7004325600198265e-08,2.369722313068566e-08,0.4837857720989508,0.0003636034703677636,0.0003614621933557466,0.0003721732829518163,0.056658455028014997
8.249999999999999e-10,-3.6141234169592124e-09,3.171913760489684e-09,0.0571479471674584,0.0010304479618287686,0.00103027140317792,0.001025984491273716,-2.7089474058987703e-08,2.3781808612416692e-08,0.4859858245802814,0.00036500728598151796,0.0003628612665613549,0.0003736975775667253,0.05714895633082255
8.2875e-10,-3.641282319609979e-09,3.195781340882663e-09,0.05764024471400176,0.0010308108518977828,0.0010306335705856972,0.0010262855402341754,-2.7174745479065984e-08,2.386665751583966e-08,0.4881858774327788,0.0003664081861313596,0.0003642574503246895,0.00037521977579770823,0.05764125726333429
8.325e-10,-3.668501738710398e-09,3.2197125660229503e-09,0.05813433712903029,0.0010311748301534214,0.0010309968234978484,0.0010265870376062738,-2.726014540208293e-08,2.3951777260264915e-08,0.49038593065968133,0.0003678061709773726,0.0003656507445360376,0.0003767398770955779,0.05813535315735689
8.3625e-10,-3.695781610621613e-09,3.2437075263561947e-09,0.058630219742278285,0.0010315398907540382,0.001031361156078601,0.0010268889752373049,-2.7345682046315917e-08,2.4037174846343265e-08,0.4925859842642196,0.00036920124076820197,0.0003670411491758999,0.00037825788097705455,0.05863123934390764
8.4e-10,-3.7231218810212843e-09,3.2677663169362218e-09,0.0591278878828363,0.0010319060278653775,0.001031726562499566,0.0010271913450101572,-2.7431365014208107e-08,2.4122852871429617e-08,0.49478603824961526,0.00037059339584053934,0.0003684286643162166,0.0003797737870262115,0.05912891115336376
8.4375e-10,-3.750522504276358e-09,3.2918890338536255e-09,0.05962733687930097,0.0010322732356607858,0.0010320930369399626,0.0010274941388436114,-2.751720250742378e-08,2.42088144416746e-08,0.4969860926190775,0.0003719826366204471,0.0003698132901197547,0.0003812875948938321,0.05962836391561154
8.475e-10,-3.7779834433144265e-09,3.316075776986084e-09,0.06012856205992233,0.001032641508321424,0.001032460573586818,0.0010277973486926125,-2.7603203395662517e-08,2.429506485367378e-08,0.49918614737580574,0.00037336896362259226,0.0003711950268389545,0.0003827993042963096,0.06012959296019418
8.5125e-10,-3.805504670318821e-09,3.3403266517770234e-09,0.060631558752751176,0.0010330108400364707,0.0010328291666351812,0.00102810096654854,-2.7689377457375817e-08,2.4381609446043497e-08,0.5013862025229905,0.0003747523774483601,0.0003725738748160636,0.0003843089150107017,0.06063259361645838
8.55e-10,-3.833086167332232e-09,3.3646417678241422e-09,0.06113632228578445,0.0010333812250033273,0.0010331988102883238,0.0010284049844394778,-2.7775735288989498e-08,2.4468453175485593e-08,0.503586258063805,0.0003761328787851444,0.00037394983448048725,0.00038581642687918286,0.06113736121369937
8.5875e-10,-3.860727926778161e-09,3.3890212385266235e-09,0.06164284798710984,0.001033752657427824,0.0010335694987579425,0.0010287093944304662,-2.7862285765493866e-08,2.45555995681672e-08,0.5057863140014148,0.0003775104684055602,0.00037532290634918796,0.0003873218398099111,0.061643891081306273
8.625e-10,-3.8884299482460086e-09,3.413465180566326e-09,0.062151131185049446,0.0010341251315244139,0.0010339412262643565,0.0010290141886237618,-2.794903593544204e-08,2.4643054314643122e-08,0.5079863703389755,0.00037888514716612084,0.0003766930910240343,0.0003888251537772474,0.06215217854890576
8.6625e-10,-3.916192238229659e-09,3.4379737176172602e-09,0.06266116720830156,0.0010344986415163754,0.001034313987036708,0.0010293193591590847,-2.8035992120147624e-08,2.4730825135191764e-08,0.5101864270796278,0.0003802569160066788,0.00037806038919170203,0.0003903263688165365,0.06266221894650256
8.7e-10,-3.944014808609385e-09,3.462546978808434e-09,0.0631729513860822,0.0010348731816360011,0.001034687775313146,0.0010296248982138527,-2.8123161906617898e-08,2.481891589581642e-08,0.512386484226498,0.0003816257759508859,0.00037942480162490383,0.00039182548502599777,0.06317400760462068
8.7375e-10,-3.971897680594892e-09,3.487185095571832e-09,0.06368647904826474,0.0010352487461247944,0.0010350625853410313,0.001029930798003413,-2.8210554606817617e-08,2.4907330127018525e-08,0.5145865417826972,0.0003829917281042097,0.000380786329180356,0.00039332250256497524,0.0636875398544435
8.775e-10,-3.999840883689395e-09,3.511888202950235e-09,0.06420174552551892,0.0010356253292336604,0.001035438411377121,0.0010302370507812742,-2.8298178739574447e-08,2.4996072478271348e-08,0.5167865997513246,0.0003843547736523921,0.0003821449727981873,0.0003948174216561063,0.0642028110279526
8.8125e-10,-4.0278444556364705e-09,3.5366564399165502e-09,0.06471874614944852,0.0010360029252230844,0.0010358152476877536,0.0010305436488393198,-2.838604296056307e-08,2.508514867936955e-08,0.5189866581354634,0.00038571491386241223,0.00038350073350108496,0.0003963102425811255,0.06471981645806539
8.849999999999999e-10,-4.055908442851725e-09,3.5614899519799208e-09,0.06523747625272765,0.001036381528363327,0.0010361930885490365,0.0010308505845080232,-2.8474156782862132e-08,2.517456514956714e-08,0.5211867169381907,0.00038707215007860034,0.0003848536123919808,0.0003978009656818131,0.06523855147877211
8.8875e-10,-4.084032900964259e-09,3.5863888885260418e-09,0.06575793116923614,0.0010367611329345978,0.0010365719282470238,0.0010311578501566567,-2.8562529309548906e-08,2.5264325751922974e-08,0.5233867761625675,0.0003884264837257539,0.0003862036106547514,0.0003992895913609018,0.06575901142527052
8.925e-10,-4.112217893822144e-09,3.611353402284483e-09,0.06628010623419354,0.0010371417332272403,0.0010369517610779029,0.0010314654381934844,-2.8651168822235724e-08,2.535443557517912e-08,0.525586835811638,0.0003897779163075967,0.00038755072955428186,0.0004007761200791239,0.066281191634099
8.9625e-10,-4.140463492713263e-09,3.6363836515639017e-09,0.06680399678429261,0.0010375233235419103,0.0010373325813481716,0.0010317733410659662,-2.8740083021910083e-08,2.544490157370702e-08,0.5277868958884292,0.00039112644940305903,0.00038889497043604395,0.000402260552358303,0.06680508744326902
9e-10,-4.168769776277848e-09,3.6614798004703676e-09,0.06732959815783068,0.0010379058981897441,0.0010377143833748058,0.0010320815512609388,-2.8829280283226175e-08,2.5535728679671404e-08,0.529986956395951,0.00039247208466637785,0.0003902363347261473,0.0004037428887812242,0.06733069419239793
9.0375e-10,-4.197136831951934e-09,3.6866420153216583e-09,0.06785690569484049,0.0010382894514925378,0.0010380971614854457,0.001032390061304806,-2.8918770821290936e-08,2.5626918088196103e-08,0.5321870173371984,0.00039381482382926634,0.0003915748239273958,0.0004052231299886464,0.06785800722283883
9.075e-10,-4.225564757243095e-09,3.7118704620650807e-09,0.06838591473721982,0.001038673977782914,0.0010384809100185547,0.001032698863763707,-2.9008565112443202e-08,2.5718471468370713e-08,0.5343870787151491,0.0003951546686994615,0.0003929104396186353,0.0004067012766772458,0.06838702187781043
9.1125e-10,-4.254053658553704e-09,3.737165309103067e-09,0.0689166206288593,0.0010390594714044933,0.001038865623323595,0.001033007951243691,-2.909867002353482e-08,2.581039242042243e-08,0.536587140532761,0.00039649162115633254,0.00039424318345434494,0.0004081773296032784,0.06891773350252459
9.15e-10,-4.282603646984202e-09,3.762526727102273e-09,0.06944901871577074,0.0010394459267120547,0.0010392512957611844,0.0010333173163908787,-2.918909207743546e-08,2.5902682759742948e-08,0.5387872027929775,0.00039782568315462747,0.0003955730571638077,0.0004096512895817618,0.06945013744431358
9.1875e-10,-4.3112148409728766e-09,3.787954886741639e-09,0.06998310434621173,0.0010398333380717063,0.0010396379217032649,0.0010336269518916267,-2.9279839086123034e-08,2.599534366982491e-08,0.5409872654987268,0.00039915685672166774,0.00039690006255302824,0.0004111231574835025,0.06998422905275732
9.225e-10,-4.3398873653140455e-09,3.813449960821815e-09,0.0705188728708116,0.0010402216998610418,0.0010400254955332635,0.0010339368504726713,-2.9370918628880167e-08,2.6088379432834696e-08,0.5431873286529153,0.00040048514395593513,0.00039822420150310394,0.00041259293423377545,0.07052000367980618
9.2625e-10,-4.368621353407351e-09,3.83901212545175e-09,0.07105631964269468,0.0010406110064692963,0.0010404140116462533,0.0010342470049012763,-2.9462340421922376e-08,2.618179449047817e-08,0.5453873922584324,0.00040181054702707403,0.00039954547596830547,0.0004140606208143497,0.07105745667990473
9.3e-10,-4.397416947109635e-09,3.864641560932359e-09,0.07159544001760301,0.0010410012522975103,0.0010408034644491058,0.0010345574079853748,-2.9554112987417075e-08,2.6275593380643182e-08,0.5475874563181466,0.0004031330681758783,0.0004008638879753456,0.0004155262182611852,0.07159658341011507
9.3375e-10,-4.42627429536529e-09,3.890338450259182e-09,0.07213622935401731,0.0010413924317586763,0.0010411938483606488,0.0010348680525737075,-2.9646243551156776e-08,2.63697794722735e-08,0.5497875208349124,0.0004044527097132298,0.0004021794396227364,0.00041698972766633364,0.07213737923023804
9.375e-10,-4.4551935526805355e-09,3.916102979720387e-09,0.07267868301327757,0.001041784539277897,0.0010415851578118177,0.0010351789315559442,-2.9738738590837352e-08,2.646435737437087e-08,0.5519875858115629,0.0004057694740193601,0.00040349213308111533,0.0004184511501773977,0.07267983950293241
9.4125e-10,-4.48417488093798e-09,3.941935339299004e-09,0.07322279635970273,0.0010421775692925324,0.001041977387245804,0.0010354900378628112,-2.983160651135286e-08,2.6559331388401137e-08,0.5541876512509107,0.0004070833635420825,0.0004048019705890763,0.0004199104869954862,0.07322395959383421
9.45e-10,-4.513218448945361e-09,3.967835721567975e-09,0.07376856476070681,0.0010425715162523423,0.001042370531118201,0.0010358013644662131,-2.9924856018448515e-08,2.6654704190040267e-08,0.556387717155752,0.0004083943807966715,0.00040610895445577496,0.00042136773937445805,0.07376973487167515
9.4875e-10,-4.542324433853795e-09,3.99380432052675e-09,0.07431598358691785,0.00104296637461964,0.0010427645838971497,0.001036112904379339,-3.0018494261104434e-08,2.6750478215889546e-08,0.5585877835288624,0.00040970252836548983,0.0004074130870596051,0.00042282290862412884,0.07431716070839858
9.525e-10,-4.571493017554503e-09,4.01984133211173e-09,0.07486504821229156,0.0010433621388694241,0.0010431595400634836,0.0010364246506567737,-3.0112527017505555e-08,2.6846656432824173e-08,0.5607878503729974,0.0004110078088958422,0.00040871437084617285,0.0004242759961082933,0.07486623247927465
9.5625e-10,-4.6007243877113394e-09,4.04594695437796e-09,0.07541575401422751,0.0010437588034895291,0.0010435553941108618,0.0010367365963946007,-3.0206962872149745e-08,2.6943242402905524e-08,0.5629879176908926,0.00041231022510070835,0.0004100128083286528,0.00042572700324212796,0.07541694556301543
9.6e-10,-4.63001874163703e-09,4.0721213875577815e-09,0.07596809637368072,0.0010441563629807512,0.001043952140545917,0.0010370487347304957,-3.030181304829272e-08,2.7040237658574438e-08,0.5651879854852622,0.0004136097797555207,0.0004113084020845965,0.00042717593149479397,0.0759692953418871
9.6375e-10,-4.6593762859525555e-09,4.098364832054531e-09,0.07652207067527544,0.0010445548118569964,0.001044349773888379,0.0010373610588438173,-3.039708619387292e-08,2.71376439738181e-08,0.5673880537587995,0.00041490647570231824,0.0004126011547568065,0.00042862278238208715,0.076523277201822
9.675e-10,-4.688797234191429e-09,4.124677489585505e-09,0.07707767230741491,0.001044954144645404,0.001044748288671217,0.0010376735619556912,-3.049279051565784e-08,2.7235463897658787e-08,0.5695881225141697,0.0004162003158452085,0.00041389106905477166,0.0004300675574689341,0.07707888653252933
9.7125e-10,-4.718281807570175e-09,4.151059564112532e-09,0.0776348966623919,0.0010453543558864857,0.0010451476794407638,0.0010379862373290885,-3.058893506115939e-08,2.7333701783774646e-08,0.5717881917540227,0.000417491303150614,0.00041517814775310835,0.0004315102583703279,0.07763611872760527
9.75e-10,-4.747830234906803e-09,4.1775112636779145e-09,0.07819373913649706,0.001045755440134251,0.0010455479407568563,0.0010382990782688993,-3.068552817341189e-08,2.7432362870417773e-08,0.5739882614809805,0.00041877944064543316,0.00041646239369152083,0.0004329508867537991,0.07819496918464147
9.7875e-10,-4.777442752328899e-09,4.204032800120887e-09,0.07875419513012677,0.0010461573919563311,0.001045949067192952,0.001038612078122007,-3.078257836047472e-08,2.753145042548572e-08,0.5761883316976457,0.0004200647314179244,0.0004177438097706048,0.00043438944433503283,0.07875543330533238
9.825e-10,-4.8071196040251565e-09,4.2306243869192695e-09,0.07931626004788955,0.0010465602059341074,0.0010463510533362606,0.00103892523027735,-3.0880095281525664e-08,2.763096836794948e-08,0.5783884024066006,0.00042134717861697996,0.00041902239895241355,0.0004358259328803171,0.07931750649558279
9.8625e-10,-4.836861042627281e-09,4.257286241069244e-09,0.07987992929871109,0.0010469638766628345,0.0010467538937878604,0.001039238528165986,-3.0978088233827604e-08,2.77309195917892e-08,0.580588473610408,0.00042262678545060674,0.0004202981642609576,0.00043726035420496074,0.07988118416561252
9.9e-10,-4.866667328170259e-09,4.284018579980029e-09,0.08044519829593882,0.0010473683987517574,0.0010471575831628225,0.0010395519652611385,-3.107656517045055e-08,2.7831305483984674e-08,0.5827885453116068,0.00042390355518393414,0.0004215711087806314,0.0004386927101708382,0.08044646173005968
9.9375e-10,-4.896538727206147e-09,4.310821621936778e-09,0.08101206245744447,0.0010477737668242297,0.0010475621160903276,0.0010398655350782563,-3.11755334160896e-08,2.793212828944662e-08,0.5849886175127104,0.0004251774911408039,0.0004228412356541712,0.0004401230026860096,0.08101333460808294
9.975e-10,-4.92647551177821e-09,4.337695586131077e-09,0.08158051720572695,0.0010481799755178304,0.0010479674872137796,0.0010401792311750492,-3.127499926858845e-08,2.803338879123476e-08,0.5871886902162092,0.0004264485967004929,0.00042410854808321605,0.0004415512337068045,0.08158179822346433
1.00125e-09,-4.9564779586478995e-09,4.364640691105793e-09,0.08215055796801131,0.0010485870194844767,0.0010483736911909205,0.001040493047151533,-3.1374968375430404e-08,2.8135088049964073e-08,0.5893887634245711,0.00042771687529946374,0.00042537304932521,0.0004429774052373381,0.08215184800471009
1.005e-09,-4.986546349542715e-09,4.391657156187929e-09,0.08272218017635073,0.0010489948933905331,0.0010487807226939388,0.0010408069766500653,-3.14754481417607e-08,2.8237228282097173e-08,0.5915888371402419,0.0004289823304309559,0.00042663474269682815,0.00044440151932585156,0.08272347938514933
1.00875e-09,-5.016680972537821e-09,4.4187452020973326e-09,0.08329537926772328,0.0010494035919169286,0.0010491885764095847,0.0010411210133553727,-3.1576445080330345e-08,2.833981164814493e-08,0.5937889113656372,0.0004302449656412887,0.00042789363157174194,0.00044582357806395286,0.08329668780303288
1.0125e-09,-5.046882120998419e-09,4.445905050447362e-09,0.08387015068412991,0.0010498131097592537,0.001049597247039268,0.0010414351509945776,-3.167796742020943e-08,2.8442840707388065e-08,0.5959889861031543,0.0004315047845309029,0.00042914971937823654,0.00044724358358887015,0.08387146870163018
1.01625e-09,-5.0771500954066954e-09,4.473136925667019e-09,0.08444648987269121,0.0010502234416278728,0.001050006729299173,0.0010417493833372179,-3.178002201585988e-08,2.8546319382506912e-08,0.5981890613551617,0.000432761790755653,0.00043040300960137004,0.0004486615380832667,0.08444781752932588
1.02e-09,-5.107485201051853e-09,4.500441053640511e-09,0.08502439228574223,0.001050634582248026,0.0010504170179203567,0.0010420637041952713,-3.188261575096361e-08,2.8650249387807853e-08,0.6003891371240055,0.0004340159880223665,0.00043165350578213,0.0004500774437729969,0.0850257297397149
1.02375e-09,-5.13788774959024e-09,4.527817661462875e-09,0.08560385338092635,0.0010510465263599284,0.0010508281076488518,0.001042378107423155,-3.1985756912624155e-08,2.875463313527173e-08,0.6025892134120078,0.00043526738008752106,0.000432901211514932,0.00045149130292683487,0.08560520079169709
1.0275e-09,-5.1683580597282755e-09,4.555266976735253e-09,0.08618486862128885,0.0010514592687188651,0.0010512399932457697,0.0010426925869177462,-3.2089453612377894e-08,2.8859471895624973e-08,0.6047892902214683,0.000436515970761357,0.00043414613044553523,0.00045290311785883613,0.08618622614956943
1.03125e-09,-5.198896455972115e-09,4.5827892277197895e-09,0.08676743347536861,0.0010518728040952942,0.0010516526694873878,0.001043007136618379,-3.219371297673716e-08,2.8964767815067376e-08,0.6069893675546604,0.0004377617639043898,0.0004353882662716874,0.0004543128909274093,0.08676880128311817
1.035e-09,-5.229503268946776e-09,4.610384644374494e-09,0.08735154341728862,0.0010522871272749426,0.00105206613116525,0.0010433217505068514,-3.229854236259164e-08,2.9070524180021927e-08,0.6091894454138352,0.0004390047634264411,0.000436627622742965,0.0004557206245322492,0.0873529216677093
1.03875e-09,-5.260178834296794e-09,4.638053459031187e-09,0.08793719392684649,0.0010527022330588894,0.0010524803730862587,0.0010436364226074097,-3.240394814578975e-08,2.917674451388456e-08,0.6113895238012158,0.0004402449732871485,0.0004378642036613019,0.00045712632111388356,0.0879385827843775
1.0425e-09,-5.290923493242614e-09,4.665795905720096e-09,0.08852438048960218,0.0010531181162636689,0.0010528953900727667,0.0010439511469867496,-3.25099375824688e-08,2.928342987457354e-08,0.6135896027189991,0.00044148239749514865,0.0004390980128795841,0.0004585299831542362,0.08852578011991522
1.04625e-09,-5.321737592901515e-09,4.693612217707317e-09,0.08911309859696617,0.0010535347717213512,0.0010533111769626662,0.0010442659177539977,-3.2616519195432295e-08,2.93905811277e-08,0.6157896821693585,0.0004427170401056204,0.00044032905430003804,0.0004599316131763053,0.08911450916696032
1.0499999999999999e-09,-5.352621487998614e-09,4.7215026281343295e-09,0.08970334374628573,0.0010539521942796316,0.0010537277286094787,0.0010445807290606949,-3.272370208207262e-08,2.9498198774233768e-08,0.6179897621544412,0.00044394890522137035,0.0004415573318734647,0.00046133121374515893,0.08970476542408282
1.05375e-09,-5.383575540441865e-09,4.7494673696900825e-09,0.09029511144093089,0.0010543703788019189,0.001054145039882431,0.0010448955751007774,-3.283149550508893e-08,2.9606283592800562e-08,0.6201898426763711,0.0004451779969924008,0.00044278284959802254,0.00046272878746588447,0.09029654439586904
1.0575e-09,-5.414600119672948e-09,4.777506674900155e-09,0.0908883971903777,0.001054789320167411,0.0010545631056665472,0.0010452104501105543,-3.293990703546398e-08,2.9714837418725645e-08,0.6223899237372443,0.00044640431961518487,0.0004440056115193497,0.0004641243369826245,0.0908898415930067
1.06125e-09,-5.445695600012239e-09,4.805620778130941e-09,0.09148319651029281,0.0010552090132711837,0.0010549819208627248,0.001045525348368669,-3.304894396575181e-08,2.982386324809624e-08,0.6245900053391295,0.0004476278773313833,0.000445225621730094,0.0004655178649779909,0.09148465253236779
1.065e-09,-5.476862362038841e-09,4.83380991514972e-09,0.09207950492261435,0.0010556294530242672,0.0010554014803878158,0.001045840264196075,-3.315861407977104e-08,2.9933364063630866e-08,0.6267900874840724,0.00044884867442621573,0.0004464428843682576,0.000466909374170604,0.09208097273709073
1.06875e-09,-5.508100792115716e-09,4.862074324518768e-09,0.0926773179556346,0.0010560506343537225,0.0010558217791747004,0.0010461551919559954,-3.326892483352856e-08,3.004334348538789e-08,0.628990170174093,0.0004500667152273836,0.0004476574036175098,0.0004682988673192747,0.09267879773666228
1.0725e-09,-5.5394112819262504e-09,4.890414246251859e-09,0.09327663114407869,0.0010564725522027132,0.0010562428121723662,0.0010464701260538831,-3.3379882025505e-08,3.015380323742841e-08,0.631190253411187,0.0004512820041062349,0.0004488691837067988,0.0004696863472217792,0.09327812306699702
1.07625e-09,-5.570794226120036e-09,4.918829919942322e-09,0.09387744002918513,0.001056895201530585,0.0010566645743459795,0.0010467850609373792,-3.3491490111213066e-08,3.0264743435552846e-08,0.6333903371973244,0.00045249454547750557,0.0004500782289089535,0.0004710718167140545,0.09387894427051593
1.08e-09,-5.6022500225427295e-09,4.9473215845467255e-09,0.09447974015878231,0.0010573185773129364,0.001057087060676962,0.0010470999910962644,-3.36037546008083e-08,3.0376165246781855e-08,0.6355904215344449,0.00045370434379796056,0.00045128454354018225,0.00047245527867031793,0.09448125689622426
1.08375e-09,-5.6337790734011505e-09,4.975889479792441e-09,0.09508352708736668,0.0010577426745416838,0.0010575102661630484,0.0010474149110624108,-3.371668144534519e-08,3.0488070993512966e-08,0.6377905064244693,0.00045491140356438564,0.00045248813195738287,0.0004738367360007582,0.09508505649978924
1.0875e-09,-5.6653817844785025e-09,5.0045338466327085e-09,0.09568879637617875,0.0010581674882251342,0.0010579341858183654,0.0010477298154097233,-3.38302759426551e-08,3.060046268142708e-08,0.6399905918692858,0.0004561157293149634,0.00045368899855900604,0.00047521619165126803,0.09569033864361534
1.09125e-09,-5.697058565473822e-09,5.033254926475093e-09,0.09629554359327691,0.0010585930133880505,0.0010583588146734933,0.0010480446987540858,-3.394454410137202e-08,3.0713341926162485e-08,0.6421906778707583,0.0004573173256279588,0.000454887147787654,0.0004765936486022519,0.09629709889691854
1.095e-09,-5.728809830339734e-09,5.062052961198853e-09,0.0969037643136128,0.0010590192450717134,0.0010587841477755276,0.0010483595557532932,-3.405949151275365e-08,3.082671010499219e-08,0.6443907644307205,0.0004585161971182062,0.0004560825841261621,0.0004779691098668601,0.09690533283580063
1.09875e-09,-5.760635996520545e-09,5.090928193524456e-09,0.09751345411910323,0.001059446178333985,0.0010592101801881497,0.001048674381106992,-3.4175124010660254e-08,3.094056948332855e-08,0.6465908515509812,0.00045971234843898836,0.0004572753120982296,0.00047934257849013,0.09751503604332215
1.1025e-09,-5.7925374863227414e-09,5.119880866355963e-09,0.09812460859870241,0.001059873808249367,0.0010596369069916817,0.001048989169556602,-3.42914485217456e-08,3.1054920597361843e-08,0.6487909392333231,0.0004609057842839527,0.000458465336265322,0.0004807140575522255,0.09812620410957462
1.10625e-09,-5.824514726767078e-09,5.1489112221662965e-09,0.09873722334847301,0.0010603021299090667,0.0010600643232831484,0.0010493039158852545,-3.440847141361478e-08,3.1169764687976384e-08,0.6509910274795013,0.0004620965093835409,0.0004596526612273581,0.00048208355016726907,0.09873883263175078
1.11e-09,-5.856568149197355e-09,5.17801950333637e-09,0.09935129397165647,0.0010607311384210468,0.0010604924241763287,0.0010496186149177137,-3.452619858768991e-08,3.128510206682466e-08,0.6531911162912436,0.0004632845285039121,0.00046083729162320407,0.0004834510594817964,0.09935291721421416
1.11375e-09,-5.888698188528779e-09,5.2072059517438525e-09,0.09996681607874,0.0010611608289100827,0.0010609212048018192,0.0010499332615202964,-3.4644636070452316e-08,3.140093410389529e-08,0.6553912056702501,0.00046446984644698587,0.00046201923212822857,0.0004848165886756129,0.09996845346856906
1.1175e-09,-5.9209052844925755e-09,5.236470809746152e-09,0.10058378528752743,0.0010615911965178202,0.0010613506603070785,0.0010502478506007964,-3.4763790332231215e-08,3.151726208681217e-08,0.6575912956181977,0.00046565246804974175,0.00046319848745460804,0.00048618014096196265,0.10058543701372769
1.12125e-09,-5.953189881196166e-09,5.265814319742182e-09,0.10120219722320391,0.0010620222364028209,0.001061780785856488,0.0010505623771084002,-3.488366931157067e-08,3.1634087445125795e-08,0.6597913861367353,0.00046683239818388894,0.00046437506235109455,0.00048754171958639034,0.10120386347597672
1.125e-09,-5.9855524298040266e-09,5.295236724679837e-09,0.10182204751840279,0.0010624539437406166,0.0010622115766313952,0.0010508768360335966,-3.5004281102714286e-08,3.1751412442034324e-08,0.661991477227483,0.00046800964175521643,0.00046554896160271335,0.0004889013278233713,0.10182372848904407
1.12875e-09,-6.017993386070916e-09,5.324738269095094e-09,0.10244333181327027,0.0010628863137237567,0.0010626430278301686,0.0010511912224080904,-3.512563193312681e-08,3.186923973548281e-08,0.6641915688920396,0.0004691842037021045,0.00046672019002940725,0.0004902589689789793,0.10244502769416308
1.1325e-09,-6.050513210074851e-09,5.354319198819784e-09,0.10306604575552968,0.001063319341561854,0.001063075134668243,0.0010515055313047058,-3.524772855010329e-08,3.1987572041957186e-08,0.6663916611319711,0.00047035608899534913,0.0004678887524858602,0.0004916146463892809,0.10306775674013632
1.13625e-09,-6.083112366588949e-09,5.383979761208386e-09,0.10369018500054471,0.001063753022481632,0.001063507892378164,0.0010518197578372954,-3.5370577188159006e-08,3.210641200570288e-08,0.668591753948816,0.00047152530263984855,0.0004690546538596581,0.0004929683634201134,0.10369191128339886
1.14e-09,-6.115791323854295e-09,5.413720204690476e-09,0.1043157452113807,0.0010641873517269692,0.001063941296209631,0.0010521338971606364,-3.5494182590457177e-08,3.22257610890082e-08,0.6707918473440903,0.0004726918496726898,0.00047021789907087004,0.0004943201234685204,0.10431748698808005
1.14375e-09,-6.148550551991327e-09,5.443540777257289e-09,0.10494272205886696,0.0010646223245589412,0.0010643753414295392,0.0010524479444703365,-3.5618548364751496e-08,3.2345619825041045e-08,0.6729919413192771,0.0004738557351636112,0.0004713784930735229,0.0004956699299597515,0.10494447952606484
1.1475e-09,-6.181390522992638e-09,5.473441726807841e-09,0.1055711112216562,0.001065057936255865,0.0010648100233220262,0.0010527618950027238,-3.5743679074712944e-08,3.2465989928812265e-08,0.6751920358758393,0.00047501696421136866,0.00047253644085330744,0.0004970177863457309,0.1055728845770541
1.15125e-09,-6.214311712659715e-09,5.5034233016099224e-09,0.10620090838628385,0.0010654941821133315,0.0010652453371885042,0.001053075744034743,-3.586958123190426e-08,3.258687252254448e-08,0.6773921310152071,0.0004761755419440667,0.00047369174742746794,0.0004983636961067353,0.1062026978286239
1.155e-09,-6.2473146004690054e-09,5.533485749915974e-09,0.10683210924722722,0.0010659310574442462,0.0010656812783476997,0.0010533894868838465,-3.59962605617321e-08,3.2708268744876536e-08,0.6795922267387865,0.00047733147351800313,0.00047484441784431057,0.0004997076627510176,0.10683391497628261
1.15875e-09,-6.280399670399571e-09,5.563629319683456e-09,0.10746470950696109,0.0010663685575788649,0.0010661178421356927,0.0010537031189078799,-3.6123723610938594e-08,3.283017910607245e-08,0.6817923230479511,0.00047848476411799283,0.00047599445718044366,0.0005010496898141288,0.1074665317235288
1.1625e-09,-6.313567409629716e-09,5.593854258487605e-09,0.1080987048760166,0.001066806677864825,0.0010665550239059448,0.0010540166355049753,-3.625197511213352e-08,3.2952604348664473e-08,0.683992419944052,0.0004796354189574135,0.0004771418705407373,0.0005023897808571088,0.10810054378190843
1.16625e-09,-6.346818308108286e-09,5.624160812848149e-09,0.10873409107303461,0.001067245413667179,0.0010669928190293345,0.0010543300321134241,-3.638102042939756e-08,3.3075544836772346e-08,0.6861925174284125,0.00048078344327693353,0.00047828666306028113,0.0005037279394698995,0.10873594687107016
1.1699999999999999e-09,-6.380152858645402e-09,5.654549229311815e-09,0.10937086382482236,0.0010676847603684285,0.001067431222894189,0.0010546433042115714,-3.6510863481662143e-08,3.3199001556689093e-08,0.6883926155023299,0.0004819288423448543,0.0004794288399015748,0.0005050641692672806,0.10937273671882024
1.17375e-09,-6.413571555696017e-09,5.685019753863112e-09,0.11000901886640538,0.0010681247133685523,0.001067870230906311,0.0010549564473176835,-3.664150896718659e-08,3.3322975141347275e-08,0.6905927141670762,0.00048307162145649234,0.00048056840625693804,0.0005063984738895372,0.1100109090611754
1.1775e-09,-6.447074896772451e-09,5.715572632220686e-09,0.1106485519410816,0.0010685652680850377,0.0010683098384890156,0.0010552694569898318,-3.67729616967463e-08,3.3447465613034154e-08,0.6927928134238962,0.0004842117859340784,0.0004817053673454362,0.0005077308570027094,0.11065045964241613
1.18125e-09,-6.4806633817952425e-09,5.7462081080497635e-09,0.11128945880047313,0.0010690064199529046,0.0010687500410831476,0.0010555823288257659,-3.690522653266662e-08,3.3572472098743524e-08,0.6949929132740064,0.00048534934112469695,0.00048283972841215095,0.0005090613222977932,0.11129138421513853
1.185e-09,-6.514337513437577e-09,5.776926423485195e-09,0.11193173520457678,0.0010694481644247325,0.0010691908341471123,0.0010558950584627828,-3.703830812097025e-08,3.369799431025445e-08,0.6971930137185973,0.0004864842924004257,0.00048397149472832377,0.0005103898734912384,0.11193367854030492
1.18875e-09,-6.548097796467457e-09,5.8077278197012955e-09,0.11257537692181513,0.0010698904969706868,0.0010696322131568995,0.0010562076415776057,-3.717221107183769e-08,3.382403255745447e-08,0.6993931147588341,0.00048761664515747927,0.0004851006715916233,0.0005117165143227481,0.11257733838729453
1.1925e-09,-6.581944738509294e-09,5.838612537017405e-09,0.11322037972908486,0.0010703334130785385,0.0010700741736061066,0.0010565200738862413,-3.7306940298511085e-08,3.395058696057069e-08,0.7015932163958525,0.0004887464048153535,0.00048622726432473424,0.0005130412485551051,0.11322235953395221
1.19625e-09,-6.6158788495285895e-09,5.86958081463277e-09,0.11386673941180644,0.0010707769082536837,0.0010705167110059578,0.0010568323511438542,-3.744249987358617e-08,3.407765704762061e-08,0.7037933186307646,0.0004898735768173206,0.0004873512782730731,0.0005143640799742032,0.1138687377666377
1.2e-09,-6.649900640985967e-09,5.900632890246222e-09,0.11451445176397025,0.0010712209780191714,0.001070959820885324,0.001057144469144626,-3.757889409959536e-08,3.420524306627844e-08,0.7059934214646545,0.000490998166630499,0.0004884727188075419,0.0005156850123905125,0.11451646888027284
1.20375e-09,-6.684010626777056e-09,5.931769001142395e-09,0.11516351258818473,0.0010716656179157156,0.001071403498790745,0.0010574564237216205,-3.771612675463634e-08,3.4333345330849323e-08,0.708193524898582,0.0004921201797447505,0.0004895915913229035,0.0005170040496364846,0.11516554867838819
1.2075e-09,-6.718209321536524e-09,5.9629893838998146e-09,0.11581391769572175,0.0010721108235017146,0.001071847740286442,0.0010577682107466456,-3.785420073218362e-08,3.4461965137081734e-08,0.7103936289335803,0.0004932396216707526,0.0004907079012355523,0.0005183211955654504,0.11581597297316844
1.21125e-09,-6.75249724153741e-09,5.994294275523805e-09,0.11646566290656106,0.0010725565903532686,0.001072292540954337,0.0010580798261301053,-3.799312057783338e-08,3.4591103446146916e-08,0.7125937335706521,0.0004943564979394176,0.0004918216539845115,0.0005196364540516835,0.11646773758549772
1.215e-09,-6.786874904850052e-09,6.025683912067838e-09,0.11711874404943556,0.0010730029140641922,0.0010727378963940693,0.0010583912658208604,-3.8132889737062325e-08,3.472076011153771e-08,0.7147938388107773,0.0004954708141026536,0.0004929328550304876,0.0005209498289901089,0.11712083834500359
1.21875e-09,-6.821342830574464e-09,6.057158528827713e-09,0.11777315696187403,0.0010734497902460292,0.0010731838022230008,0.0010587025258060841,-3.827351153998839e-08,3.485093599864486e-08,0.7169939446549088,0.0004965825757312753,0.000494041509855265,0.000522261324297194,0.11777527109010093
1.2225e-09,-6.8559015391381685e-09,6.088718361136393e-09,0.11842889749024359,0.0010738972145280593,0.0010736302540762372,0.0010590136021111111,-3.841498980606247e-08,3.498163224157105e-08,0.719194051103972,0.000497691788415902,0.0004951476239625135,0.0005235709439102059,0.1184310316680345
1.22625e-09,-6.890551552828882e-09,6.12036364393022e-09,0.11908596148979216,0.0010743451825573154,0.001074077247606633,0.001059324490799297,-3.8557328670141066e-08,3.511284957227969e-08,0.7213941581588711,0.0004987984577667194,0.0004962512028759618,0.0005248786917857041,0.11908811593491986
1.23e-09,-6.925293395939776e-09,6.152094612101065e-09,0.11974434482468861,0.0010747936899985896,0.0010745247784848056,0.0010596351879718544,-3.870053313730356e-08,3.5244588735960944e-08,0.723594265820477,0.0004999025894140707,0.0004973522521392095,0.0005261845718986066,0.11974651975578487
1.23375e-09,-6.960127595964641e-09,6.183911499619968e-09,0.12040404336806314,0.001075242732534445,0.0010749728423991405,0.0010599456897677165,-3.884460898326603e-08,3.5376849891305475e-08,0.725794374089642,0.0005010041890062013,0.0004984507773152611,0.0005274885882453087,0.12040623900460981
1.2375e-09,-6.995054683350237e-09,6.2158145400390055e-09,0.12106505300204709,0.0010756923058652201,0.0010754214350558,0.001060255992363374,-3.898956105609383e-08,3.5509634436000734e-08,0.7279944829671897,0.0005021032622077171,0.000499546783985214,0.0005287907448397208,0.12106726956436645
1.24125e-09,-7.0300751905225234e-09,6.247803967183953e-09,0.1217273696178106,0.0010761424057090362,0.0010758705521787294,0.0010605660919727228,-3.9135393257404084e-08,3.564294323589643e-08,0.7301945924539178,0.0005031998147004772,0.000500640277748996,0.0005300910457149118,0.1217296073270567
1.245e-09,-7.065189650890863e-09,6.2798800142602385e-09,0.12239098911560065,0.0010765930278017987,0.0010763201895096582,0.0010608759848469076,-3.9282108613701246e-08,3.577677640903528e-08,0.7323947025505992,0.0005042938521824989,0.000501731264223538,0.0005313894949219622,0.12239324819374964
1.24875e-09,-7.10039859895115e-09,6.3120429132212704e-09,0.12305590740477881,0.001077044167897205,0.0010767703428081073,0.0010611856672741655,-3.942971095600756e-08,3.591113332186544e-08,0.7345948132579784,0.0005053853803690763,0.0005028197490432085,0.0005326860965284374,0.12305818807461877
1.2525e-09,-7.13570257066486e-09,6.344292894111668e-09,0.12372212040385604,0.0010774958217667442,0.0010772210078513905,0.0010614951355796653,-3.957820355455682e-08,3.604601369966856e-08,0.7367949245767751,0.0005064744049909549,0.0005039057378606629,0.0005339808546181847,0.1237244228889785
1.25625e-09,-7.171102102662092e-09,6.376630186328282e-09,0.1243896240405294,0.0010779479851996986,0.0010776721804346147,0.0010618043861253452,-3.972758959963587e-08,3.618141769774241e-08,0.7389950365076856,0.0005075609317943972,0.0005049892363433352,0.0005352737732930609,0.12439194856531915
1.26e-09,-7.2065977329640925e-09,6.4090550179175814e-09,0.12505841425171577,0.001078400654003145,0.0010781238563706823,0.001062113415309755,-3.987787328279529e-08,3.6317344988050325e-08,0.7411951490513776,0.0005086449665414623,0.0005060702501747515,0.0005365648566731093,0.1250607610413425
1.26375e-09,-7.242190001263833e-09,6.441567616098166e-09,0.12572848698358616,0.0010788538240019542,0.0010785760314902856,0.00106242221956789,-4.002905833238107e-08,3.64537960614458e-08,0.7433952622085008,0.0005097265150091457,0.0005071487850533089,0.0005378541088927366,0.12573085626399516
1.2675e-09,-7.277879448280572e-09,6.474168206967269e-09,0.1263998381915987,0.0010793074910387902,0.0010790287016419111,0.0010627307953710282,-4.018114787249305e-08,3.6590769996264875e-08,0.7455953759796745,0.0005108055829880702,0.0005082248466932687,0.0005391415341014552,0.12640223018950125
1.27125e-09,-7.313666615063698e-09,6.5068570148493916e-09,0.1270724638405311,0.0010797616509741054,0.0010794818626918285,0.0010630391392265632,-4.033414343944666e-08,3.672826649884435e-08,0.7477954903654951,0.0005118821762831668,0.0005092984408242487,0.0005404271364637793,0.12707487878339485
1.275e-09,-7.349552041895612e-09,6.539634262664017e-09,0.12774635990451258,0.0010802162996861352,0.001079935510524095,0.0010633472476778367,-4.048804719045443e-08,3.6866284918209184e-08,0.7499956053665335,0.0005129563007123923,0.0005103695731895136,0.0005417109201603363,0.12774879802055206
1.27875e-09,-7.385536269286142e-09,6.57250017201127e-09,0.12842152236705423,0.001080671433070897,0.0010803896410405479,0.0010636551173039762,-4.064286237569191e-08,3.700482536855974e-08,0.7521957209833361,0.0005140279621066005,0.0005114382495453812,0.0005429928893856345,0.12842398388522097
1.2825e-09,-7.42161983962119e-09,6.6054549635738325e-09,0.1290979472210794,0.0010811270470421825,0.0010808442501607884,0.0010639627447197157,-4.0798593620561086e-08,3.714388761096343e-08,0.7543958372164218,0.0005150971663077544,0.0005125044756597764,0.0005442730483496365,0.1291004323710529
1.28625e-09,-7.457803296966111e-09,6.638498856688345e-09,0.12977563046895366,0.0010815831375315453,0.0010812993338221877,0.0010642701265752366,-4.0955244480926325e-08,3.728347149957878e-08,0.7565959540662897,0.0005161639191692314,0.0005135682573145477,0.0005455514012774707,0.12977813948113168
1.2899999999999999e-09,-7.494087186019525e-09,6.671632069815192e-09,0.13045456812251255,0.0010820397004882994,0.0010817548879798716,0.0010645772595559934,-4.1112817272058436e-08,3.7423577465947986e-08,0.7587960715334127,0.0005172282265572654,0.0005146296003045596,0.000546827952405115,0.1304571012280018
1.29375e-09,-7.530472050950971e-09,6.704854821454358e-09,0.13113475620309087,0.001082496731879505,0.00108221090860671,0.0010648841403825353,-4.127131379788772e-08,3.7564207309601436e-08,0.760996189618239,0.0005182900943493533,0.0005156885104375498,0.0005481027059808547,0.13113731363369682
1.2975e-09,-7.566958436189924e-09,6.738167330367454e-09,0.1318161907415485,0.001082954227689961,0.0010826673916933128,0.001065190765810342,-4.143073726719135e-08,3.77053610700525e-08,0.7631963083211927,0.0005193495284322726,0.0005167449935333492,0.0005493756662684185,0.13181877272976686
1.30125e-09,-7.60354688699415e-09,6.7715698134215956e-09,0.13249886777829953,0.001083412183922192,0.0010831243332480149,0.0010654971326296435,-4.159109025293608e-08,3.784703818182334e-08,0.7653964276426724,0.000520406534702226,0.000517799055421186,0.0005506468375428379,0.1325014745573046
1.305e-09,-7.640237948214732e-09,6.805062486510023e-09,0.13318278336333456,0.001083870596596435,0.0010835817292968641,0.0010658032376652487,-4.175237468535992e-08,3.798923853143183e-08,0.7675965475830558,0.0005214611190657957,0.0005188507019401159,0.0005519162240912348,0.13318541516697174
1.30875e-09,-7.677032164611278e-09,6.838645564335154e-09,0.13386793355624954,0.001084329461750628,0.0010840395758836064,0.001066109077776371,-4.1914592659384356e-08,3.813196166141201e-08,0.7697966681426927,0.0005225132874392054,0.0005198999389398972,0.0005531838302125268,0.13387059061902437
1.3125e-09,-7.713930080576838e-09,6.872319259890093e-09,0.13455431442626845,0.0010847887754403933,0.0010844978690696693,0.0010664146498564457,-4.2077746293144755e-08,3.827520726389293e-08,0.7719967893219134,0.000523563045747567,0.0005209467722801404,0.0005544496602177403,0.13455699698333717
1.31625e-09,-7.750932240718127e-09,6.906083785911294e-09,0.13524192205226748,0.001085248533739029,0.0010849566049341546,0.0010667199508329628,-4.224183815713068e-08,3.8418976594640145e-08,0.7741969111210204,0.0005246103999247831,0.0005219912078296557,0.000555713718428424,0.1352446303394276
1.32e-09,-7.78803918976267e-09,6.93993935469306e-09,0.1359307525227984,0.0010857087327374813,0.0010854157795738147,0.0010670249776672785,-4.240687118367809e-08,3.856326949311804e-08,0.7763970335402951,0.000525655355913569,0.0005230332514667127,0.0005569760091767136,0.13593348677647932
1.32375e-09,-7.825251473216095e-09,6.973886177361106e-09,0.13662080193611156,0.0010861693685443425,0.0010858753891030387,0.0010673297273544428,-4.257284830167994e-08,3.870808615562637e-08,0.7785971565799973,0.0005266979196643304,0.0005240729090777381,0.0005582365368051959,0.1366235623933642
1.3275e-09,-7.862569636854765e-09,7.007924464200149e-09,0.13731206640017724,0.0010866304372858216,0.0010863354296538354,0.001067634196923021,-4.273977230334695e-08,3.885342636184323e-08,0.7807972802403607,0.0005277380971348404,0.0005251101865578408,0.0005594953056670196,0.13731485329866505
1.33125e-09,-7.899994227042142e-09,7.042054424075173e-09,0.13800454203270734,0.0010870919351057301,0.001086795897375812,0.0010679383834349089,-4.290764554771505e-08,3.8999289362833875e-08,0.7829974045215969,0.0005287758942895694,0.0005261450898101477,0.0005607523201257248,0.138007355610696
1.335e-09,-7.937525789248173e-09,7.07627626427854e-09,0.13869822496117584,0.0010875538581654645,0.0010872567884361575,0.0010682422839851562,-4.307646896895364e-08,3.914567468877967e-08,0.7851975294238935,0.0005298113171004246,0.0005271776247456482,0.0005620075845534448,0.1387010654575238
1.33875e-09,-7.975164867835418e-09,7.110590190689971e-09,0.13939311132283871,0.001088016202643981,0.0010877180990196244,0.001068545895701783,-4.3246243966999544e-08,3.929258197100786e-08,0.7873976549474173,0.0005308443715466098,0.0005282077972816022,0.0005632611033302864,0.13939597897698774
1.3425e-09,-8.012912006310718e-09,7.144996408299276e-09,0.14008919726475375,0.00108847896473778,0.0010881798253284986,0.0010688492157456015,-4.341697224412186e-08,3.9440011428199694e-08,0.7895977810923103,0.0005318750636124619,0.0005292356133423413,0.0005645128808478002,0.14009209231671926
1.34625e-09,-8.05076774828881e-09,7.179495120987814e-09,0.14078647894379917,0.001088942140660882,0.001088641963582586,0.0010691522413100304,-4.3588656604056865e-08,3.958796255830924e-08,0.7917979078586982,0.0005329033992883293,0.000530261078858888,0.0005657629215062751,0.14078940163416076
1.35e-09,-8.088732637536892e-09,7.214086531263163e-09,0.14148495252669122,0.0010894057266448041,0.0010891045100191855,0.0010694549696209138,-4.3761299207664225e-08,3.973643513434538e-08,0.7939980352466762,0.0005339293845694095,0.0005312841997691261,0.000567011229713014,0.14148790309658338
1.35375e-09,-8.12680721732252e-09,7.2487708407178935e-09,0.1421846141900024,0.001089869718938535,0.0010895674608930699,0.0010697573979363392,-4.393490141056586e-08,3.9885429351670964e-08,0.7961981632563254,0.0005349530254551492,0.0005323049820160427,0.0005682578098824918,0.14218759288110436
1.3575e-09,-8.16499202946218e-09,7.283548250098286e-09,0.1428854601201784,0.001090334113808516,0.001090030812476456,0.0010700595235464522,-4.41094631204952e-08,4.003494508035234e-08,0.7983982918876977,0.0005359743279492303,0.0005333234315470855,0.0005695026664377865,0.1428884671747045
1.36125e-09,-8.203287613482293e-09,7.318418958923267e-09,0.14358748651355385,0.001090798907538607,0.001090494561058985,0.001070361343773273,-4.428498493225944e-08,4.018498214160308e-08,0.8005984211408281,0.0005369932980592277,0.0005343395543144845,0.0005707458038099138,0.14359052217424423
1.365e-09,-8.241694507900785e-09,7.353383165875004e-09,0.1442906895763685,0.0010912640964300692,0.001090958702947688,0.0010706628559705128,-4.4461468378170823e-08,4.033554065671798e-08,0.8027985510157274,0.0005380099417965935,0.0005353533562759368,0.0005719872264370805,0.14429375408647943
1.36875e-09,-8.280213250499933e-09,7.388441068524143e-09,0.1449950655247827,0.0010917296768015302,0.0010914232344669693,0.0010709640575233869,-4.463891446263281e-08,4.048661996317067e-08,0.8049986815123881,0.0005390242651767914,0.0005363648433940606,0.0005732269387654342,0.1449981591280774
1.3725e-09,-8.31884437768622e-09,7.4235928627813575e-09,0.1457006105848908,0.0010921956449889652,0.001091888151958573,0.0010712649458484353,-4.4817324317988114e-08,4.0638219636799605e-08,0.80719881263078,0.0005400362742191265,0.000537374021635197,0.0005744649452463514,0.1457037335256303
1.37625e-09,-8.357588424936513e-09,7.458838743485613e-09,0.14640732099273668,0.001092661997345664,0.0010923534517815576,0.0010715655183933322,-4.4996699006653374e-08,4.079033926441806e-08,0.8093989443708531,0.0005410459749463433,0.000538380896968072,0.0005757012503363982,0.14641047351566938
1.38e-09,-8.396445926290896e-09,7.494178904134811e-09,0.147115192994326,0.0010931287302422057,0.0010928191303122648,0.001071865772636702,-4.517703940782735e-08,4.0942978471557824e-08,0.8115990767325314,0.000542053373382875,0.0005393854753656009,0.000576935858499092,0.14711837534467823
1.38375e-09,-8.435417414762533e-09,7.52961353671225e-09,0.1478242228456391,0.0010935958400664233,0.0010932851839442928,0.0010721657060879335,-4.535834692469905e-08,4.109613605971252e-08,0.8137992097157232,0.0005430584755558942,0.0005403877628038778,0.0005781687742037839,0.1478274352691062
1.3875e-09,-8.474503422773571e-09,7.565142831072214e-09,0.14853440681264443,0.001094063323223382,0.0010937516090884646,0.0010724653162869937,-4.554062343664967e-08,4.1249810742299495e-08,0.8159993433203144,0.0005440612874943311,0.0005413877652609672,0.000579400001925271,0.1485376495553803
1.39125e-09,-8.513704482272454e-09,7.600766975035045e-09,0.14924574117130898,0.0010945311761353404,0.0010942184021727956,0.0010727646008042416,-4.57238704553166e-08,4.140400142255527e-08,0.8181994775461661,0.0005450618152287264,0.0005423854887176365,0.0005806295461444246,0.14924901447991729
1.395e-09,-8.553021124223371e-09,7.636486155060438e-09,0.14995822220761024,0.001094999395241726,0.0010946855596424652,0.0010730635572402428,-4.5908089351023233e-08,4.155870796534289e-08,0.8203996123931243,0.0005460600647915779,0.0005433809391569804,0.0005818574113458016,0.1499615263291344
1.39875e-09,-8.59245387875407e-09,7.672300556530763e-09,0.15067184621754656,0.001095467976999099,0.0010951530779597842,0.0010733621832255823,-4.609328135622606e-08,4.171392952567461e-08,0.8225997478610115,0.0005470560422163157,0.0005443741225638828,0.0005830836020186133,0.15067518139946057
1.4025e-09,-8.632003275003069e-09,7.708210362731668e-09,0.1513866095071476,0.0010959369178811197,0.0010956209536041605,0.0010736604764206787,-4.6279447576742266e-08,4.186966482178098e-08,0.8247998839496331,0.0005480497535368343,0.0005453650449250416,0.0005843081226566335,0.15138997599734672
1.40625e-09,-8.671669840528426e-09,7.74421575521302e-09,0.15210250839248338,0.0010964062143785167,0.001096089183072069,0.0010739584345155948,-4.646658828970658e-08,4.202591319741565e-08,0.8270000206587713,0.0005490412047884964,0.0005463537122274893,0.0005855309777568092,0.15210590643927457
1.4099999999999999e-09,-8.711454101141938e-09,7.780316914206699e-09,0.15281953919967325,0.0010968758629990557,0.0010965577628770117,0.0010742560552298543,-4.665470405448209e-08,4.218267409790619e-08,0.8292001579881927,0.0005500304020073915,0.0005473401304587583,0.0005867521718201486,0.15282296905176687
1.41375e-09,-8.751356581148e-09,7.81651401845074e-09,0.1535376982648956,0.0010973458602675007,0.0010970266895494907,0.0010745533363122517,-4.68437947606275e-08,4.23399462808773e-08,0.8314002959376414,0.0005510173512292654,0.0005483243056074054,0.0005879717093503215,0.15354116017139494
1.4175e-09,-8.79137780215257e-09,7.852807244325461e-09,0.15425698193439522,0.001097816202725581,0.0010974959596369647,0.0010748502755406665,-4.703386033038032e-08,4.249772846628664e-08,0.8336004345068407,0.0005520020584894692,0.0005493062436620361,0.0005891895948548228,0.154260476144787
1.42125e-09,-8.831518284121434e-09,7.88919676703158e-09,0.15497738656448945,0.0010982868869319588,0.001097965569703821,0.0010751468707218762,-4.722490091646594e-08,4.265602070793767e-08,0.835800573695499,0.0005529845298225386,0.0005502859506112815,0.000590405832843566,0.15498091332863567
1.425e-09,-8.87177854495129e-09,7.925682761082448e-09,0.1556989085215777,0.0010987579094621843,0.0010984355163313334,0.0010754431196913711,-4.741691694121075e-08,4.281482341345065e-08,0.8380007135033009,0.0005539647712615362,0.0005512634324433885,0.0005916204278294743,0.155702468089705
1.42875e-09,-8.912159101250495e-09,7.962265400354236e-09,0.15642154418214574,0.0010992292669086664,0.00109890579611763,0.0010757390203131626,-4.760990891612884e-08,4.297413605578727e-08,0.8402008539299122,0.0005549427888379848,0.0005522386951455101,0.0005928333843276514,0.15642513680483727
1.4325e-09,-8.952660467315434e-09,7.998944856696587e-09,0.1571452899327744,0.0010997009558806317,0.001099376405677652,0.0010760345704796032,-4.7803875541678594e-08,4.313395685766196e-08,0.8424009949749857,0.0005559185885822155,0.0005532117447040049,0.000594044706855689,0.15714891586095944
1.43625e-09,-8.993283154168494e-09,8.035721299748496e-09,0.15787014217014128,0.00110017297300409,0.0010998473416431148,0.0010763297681111927,-4.799881646045394e-08,4.329428436298373e-08,0.8446011366381485,0.0005568921765231841,0.000554182587104186,0.0005952543999341565,0.1578738016550881
1.44e-09,-9.034027671206714e-09,8.07259489701634e-09,0.15859609730102936,0.0011006453149217908,0.0011003186006624728,0.0010766246111564015,-4.819473208082322e-08,4.345511749249544e-08,0.8468012789190148,0.0005578635586885736,0.0005551512283299797,0.0005964624680875883,0.15859979059433452
1.44375e-09,-9.074894525849733e-09,8.109565814447214e-09,0.15932315174232964,0.0011011179782931893,0.0011007901794008832,0.0010769190975914759,-4.8391622363494004e-08,4.361645523178855e-08,0.8490014218171782,0.0005588327411027156,0.0005561176743633317,0.0005976689158403095,0.15932687909590953
1.4475e-09,-9.115884223624285e-09,8.146634216373662e-09,0.1600513019210462,0.0011015909597944038,0.0011012620745401585,0.001077213225420254,-4.8589487490128024e-08,4.37782965591297e-08,0.8512015653322135,0.0005597997297869898,0.0005570819311848111,0.0005988737477173696,0.16005506358712743
1.45125e-09,-9.156997268121102e-09,8.183800264829488e-09,0.16078054427429905,0.0011020642561181775,0.0011017342827787313,0.0010775069926739803,-4.878832760151835e-08,4.3940639501173775e-08,0.8534017094636778,0.0005607645307606723,0.0005580440047730973,0.0006000769682453449,0.16078434050540946
1.455e-09,-9.198234161234524e-09,8.221064119911647e-09,0.16151087524932786,0.0011025378639738378,0.0011022068008316162,0.0010778003974111206,-4.8988142624195944e-08,4.410348330156256e-08,0.8556018542111085,0.0005617271500402018,0.0005590039011037693,0.0006012785819501288,0.1615147062982873
1.45875e-09,-9.239595402356752e-09,8.258425940307527e-09,0.16224229130349452,0.0011030117800872531,0.001102679625430363,0.0010780934377171722,-4.9188932187747575e-08,4.426682723825371e-08,0.8578019995740251,0.0005626875936391237,0.0005599616261496057,0.0006024785933588585,0.16224615742340553
1.4625e-09,-9.281081488913285e-09,8.295885883353604e-09,0.16297478890428574,0.001103486001200796,0.0011031527533230214,0.001078386111704482,-4.939069603953058e-08,4.44306705675156e-08,0.8600021455519318,0.000563645867567329,0.0005609171858800112,0.000603677006999488,0.16297869034852475
1.46625e-09,-9.322692915602492e-09,8.333444105051536e-09,0.1637083645293141,0.0011039605240733001,0.001103626181274094,0.0010786784175120584,-4.959343352399419e-08,4.459501309915016e-08,0.8622022921443139,0.0005646019778302086,0.000561870586260718,0.0006048738273983621,0.163712301551523
1.47e-09,-9.36443017503142e-09,8.371100760532018e-09,0.16444301466632047,0.0011044353454800137,0.001104099906064492,0.0010789703533053885,-4.9797144511155954e-08,4.47598543850218e-08,0.8644024393506397,0.0005655559304291477,0.0005628218332536315,0.0006060690590828211,0.1644469875203976
1.47375e-09,-9.40629375742822e-09,8.408856003658375e-09,0.16517873581317408,0.001104910462212562,0.0011045739244914998,0.001079261917276253,-5.000182821490042e-08,4.492519358684518e-08,0.8666025871703603,0.0005665077313621009,0.000563770932819285,0.0006072627065801326,0.16518274475326508
1.4775e-09,-9.448284150441724e-09,8.446709986327965e-09,0.16591552447787344,0.0011053858710789015,0.0011050482333687306,0.0010795531076425394,-5.0207483907176045e-08,4.509102954645766e-08,0.8688027356029113,0.0005674573866228241,0.000564717890914467,0.0006084547744167868,0.16591956975836242
1.48125e-09,-9.49040183923176e-09,8.484662859349499e-09,0.16665337717854667,0.0011058615689032783,0.0011055228295260783,0.00107984392264806,-5.041411122743546e-08,4.5257362518277076e-08,0.8710028846477093,0.0005684049021998798,0.0005656627134919728,0.0006096452671194445,0.16665745905404758
1.485e-09,-9.532647306674658e-09,8.522714773175298e-09,0.1673922904434513,0.0011063375525261815,0.0011059977098096792,0.001080134360562366,-5.062170935634519e-08,4.542419253958003e-08,0.873203034304155,0.000569350284077724,0.000566605406499801,0.0006108341892134802,0.16739640916879847
1.48875e-09,-9.575021032654498e-09,8.560865877115779e-09,0.16813226081097213,0.0011068138188043027,0.001106472871081866,0.0010804244196805678,-5.083027700238655e-08,4.55915193574955e-08,0.8754031845716342,0.000570293538236684,0.0005675459758811333,0.0006120215452215657,0.16813641664121287
1.4925e-09,-9.617523494217696e-09,8.599116319655603e-09,0.16887328482962222,0.0011072903646104904,0.001106948310221119,0.0010807140983231447,-5.1039813007716386e-08,4.5759342394526324e-08,0.8776033354495097,0.0005712346706509611,0.0005684844275738056,0.0006132073396657252,0.16887747802000663
1.49625e-09,-9.660155165363253e-09,8.637466247548207e-09,0.1696153590580402,0.001107767186833703,0.001107424024122024,0.0010810033948357699,-5.1250315983045227e-08,4.592766054535872e-08,0.8798034869371378,0.0005721736872889204,0.0005694207675102395,0.0006143915770666671,0.16961958986401326
1.5e-09,-9.702916516694734e-09,8.67591580612888e-09,0.1703584800649879,0.001108244282378965,0.001107900009695228,0.001081292307589122,-5.14617841071201e-08,4.609647324811383e-08,0.8820036390338534,0.0005731105941129415,0.0005703550016186662,0.000615574261943259,0.17036274874218146
1.50375e-09,-9.745808015814878e-09,8.714465139681107e-09,0.17110264442934917,0.0011087216481673208,0.0011083762638673912,0.0010815808349787033,-5.167421663332985e-08,4.6265780133885675e-08,0.8842037917389761,0.0005740453970800362,0.0005712871358216426,0.000616755398812016,0.17110695123357264
1.5075e-09,-9.788830128110267e-09,8.753114391456689e-09,0.17184784874012665,0.0011091992811357858,0.0011088527835811418,0.0010818689754246637,-5.188761297749364e-08,4.643558084088271e-08,0.8864039450518122,0.0005749781021410878,0.0005722171760369132,0.0006179349921871883,0.17185219392735857
1.51125e-09,-9.831983316169629e-09,8.791863703429042e-09,0.17259408959643802,0.0011096771782373063,0.0011093295657950294,0.001082156727371612,-5.2101971652937676e-08,4.6605874580338384e-08,0.8886040989716476,0.0005759087152409423,0.0005731451281756944,0.0006191130465811025,0.1725984734228176
1.515e-09,-9.875268039477843e-09,8.830713216327079e-09,0.17334136360751376,0.0011101553364407065,0.0011098066074834779,0.0010824440892884396,-5.231729173730772e-08,4.677666111068858e-08,0.8908042534977552,0.0005768372423187087,0.000574070998142672,0.000620289566503358,0.17334578632933184
1.51875e-09,-9.918684755062338e-09,8.869663069963645e-09,0.17408966739269247,0.0011106337527306469,0.001110283905636738,0.0010827310596681354,-5.253357229413928e-08,4.6947939840735146e-08,0.8930044086293938,0.0005777636893064309,0.0005749947918363406,0.0006214645564604401,0.1740941292663833
1.5225e-09,-9.962233916951406e-09,8.908713402729208e-09,0.1748389975814161,0.001111112424107571,0.0011107614572608408,0.0010830176370276153,-5.2750811089710923e-08,4.711970998606326e-08,0.8952045643658035,0.0005786880621288203,0.000575916515148617,0.0006226380209569337,0.17484349886354975
1.52625e-09,-1.000591597503961e-08,8.947864351610277e-09,0.17558935081322738,0.0011115913475876627,0.0011112392593775468,0.0010833038199075295,-5.296900571146e-08,4.7291970438853376e-08,0.8974047207062126,0.0005796103667034563,0.0005768361739645737,0.0006238099644935176,0.1755938917605001
1.5299999999999999e-09,-1.0049731375782664e-08,8.987116051935293e-09,0.17634072373776277,0.001112070520202795,0.0011117173090243,0.0010835896068720958,-5.318815471567925e-08,4.746472035478046e-08,0.8996048776498319,0.000580530608940717,0.0005777537741627429,0.0006249803915670666,0.1763453046069893
1.53375e-09,-1.00936805627227e-08,9.026468637608625e-09,0.1770931130147478,0.001112549939000482,0.0011121956032541802,0.0010838749965089102,-5.3408256801307964e-08,4.763795877524926e-08,0.9018050351958611,0.0005814487947430098,0.0005786693216149428,0.0006261493066711424,0.1770977340628534
1.5375e-09,-1.0137763976665723e-08,9.065922241081556e-09,0.17784651531399248,0.0011130296010438295,0.0011126741391358512,0.0010841599874287784,-5.362931077402e-08,4.781168469746326e-08,0.9040051933434823,0.0005823649300057622,0.0005795828221854899,0.0006273167142968019,0.17785117679800422
1.54125e-09,-1.0181982055393406e-08,9.105476993150479e-09,0.17860092731538343,0.0011135095034114897,0.0011131529137535182,0.0010844445782655318,-5.3851314946488086e-08,4.798589683854622e-08,0.906205352091868,0.0005832790206168459,0.0005804942817320589,0.000628482618930755,0.1786056294924229
1.545e-09,-1.0226335233295055e-08,9.145133022892415e-09,0.17935634570887904,0.0011139896431976053,0.0011136319242068687,0.001084728767675854,-5.4074267611306776e-08,4.816059432528367e-08,0.9084055114401702,0.0005841910724562906,0.0005814037061050128,0.0006296470250549654,0.1793610888361534
1.54875e-09,-1.0270823941721139e-08,9.184890458127918e-09,0.18011276719450178,0.0011144700175117694,0.0011141111676110358,0.0010850125543391002,-5.429816682874362e-08,4.8335776409987476e-08,0.9106056713875323,0.0005851010913959449,0.0005823111011458955,0.0006308099371481036,0.18011755152929607
1.5525e-09,-1.0315448608315088e-08,9.224749425415463e-09,0.18087018848233186,0.0011149506234789666,0.0011145906410965337,0.001085295936957126,-5.452301023650245e-08,4.8511442627368735e-08,0.9128058319330778,0.0005860090832992156,0.0005832164726883645,0.0006319713596842807,0.18087501428200067
1.55625e-09,-1.036020965697433e-08,9.264710050335308e-09,0.18162860629250022,0.0011154314582395293,0.0011150703418092193,0.0010855789142541119,-5.474879552624935e-08,4.8687592552654794e-08,0.9150059930759226,0.0005869150540209321,0.0005841198265582539,0.0006331312971333352,0.18163347381445927
1.56e-09,-1.0405107507906615e-08,9.30477245759749e-09,0.1823880173551799,0.0011159125189490833,0.0011155502669102373,0.0010858614849763837,-5.49755201609643e-08,4.8864226028077745e-08,0.9172061548151648,0.0005878190094076941,0.000585021168573391,0.000634289753960806,0.18239292685689867
1.56375e-09,-1.0450142577733674e-08,9.344936770842666e-09,0.18314841841057744,0.0011163938027785021,0.0011160304135759663,0.0010861436478922424,-5.52031824096746e-08,4.9041342309143645e-08,0.9194063171498944,0.0005887209552974994,0.0005859205045424874,0.0006354467346269766,0.18315337014957225
1.5675e-09,-1.0495315279802293e-08,9.385203112493145e-09,0.18390980620892705,0.0011168753069138487,0.0011165107789979768,0.0010864254017917915,-5.543178007354931e-08,4.9218940664347005e-08,0.9216064800791801,0.0005896208975190314,0.0005868178402662466,0.000636602243588377,0.18391480044275166
1.57125e-09,-1.0540626023992137e-08,9.425571603456633e-09,0.18467217751047973,0.0011173570285563335,0.0011169913603829686,0.0010867067454867576,-5.5661311349605544e-08,4.939702009276011e-08,0.9238066436020849,0.0005905188418920048,0.0005877131815372719,0.0006377562852956919,0.1846772144967182
1.575e-09,-1.058607521699337e-08,9.466042363392944e-09,0.18543552908549535,0.0011178389649222577,0.0011174721549527325,0.0010869876778103276,-5.589177394655432e-08,4.957557992750296e-08,0.9260068077176559,0.0005914147942268186,0.0005886065341388486,0.0006389088641940027,0.18544060908175436
1.57875e-09,-1.0631663261637288e-08,9.506615510697803e-09,0.18619985771423334,0.001118321113242961,0.0011179531599440902,0.001087268197616972,-5.6123165526390685e-08,4.9754619349941e-08,0.9282069724249284,0.0005923087603244957,0.0005894979038447961,0.000640059984723043,0.18620498097813423
1.5825e-09,-1.0677390557363557e-08,9.54729116237706e-09,0.18696516018694204,0.0011188034707647748,0.00111843437260884,0.0010875483037822687,-5.635548371667885e-08,4.993413738399521e-08,0.9304071377229248,0.0005932007459770334,0.0005903872964198239,0.000641209651317498,0.18697032697611404
1.58625e-09,-1.0723257499601038e-08,9.588069434023287e-09,0.18773143330385178,0.0011192860347489675,0.0011189157902137196,0.0010878279952027427,-5.658872544382646e-08,5.011413314633487e-08,0.9326073036106539,0.0005940907569668271,0.0005912747176196058,0.0006423578684058576,0.1877366438759222
1.59e-09,-1.0769264479766304e-08,9.628950439910337e-09,0.18849867387516034,0.0011197688024716915,0.0011193974100403344,0.0010881072707956882,-5.6822888081448355e-08,5.029460578906311e-08,0.9348074700871094,0.0005949787990665906,0.0005921601731909005,0.0006435046404097018,0.18850392848774933
1.59375e-09,-1.0815411885521664e-08,9.669934292980099e-09,0.18926687872102693,0.001120251771223936,0.0011198792293851214,0.0010883861294990018,-5.7057969044426455e-08,5.0475554084331346e-08,0.9370076371512776,0.0005958648780396353,0.0005930436688703588,0.0006446499717440375,0.18927217763173804
1.5975e-09,-1.0861700100827684e-08,9.711021104181926e-09,0.19003604467155918,0.0011207349383114695,0.0011203612455592885,0.0010886645702710134,-5.7293966162429625e-08,5.0656976483531664e-08,0.939207804802127,0.0005967489996394489,0.0005939252103851907,0.0006457938668174428,0.19004138813797222
1.60125e-09,-1.0908129506355157e-08,9.752210982645848e-09,0.19080616856680188,0.001121218301054792,0.0011208434558887652,0.0010889425920903215,-5.753087729999479e-08,5.0838871565353284e-08,0.9414079730386193,0.0005976311696085722,0.0005948048034526224,0.0006469363300322487,0.19081155684646592
1.605e-09,-1.0954700479565363e-08,9.793504036110327e-09,0.19157724725672706,0.0011217018567890797,0.001121325857714149,0.0010892201939556145,-5.7768700408448356e-08,5.102123855368181e-08,0.9436081418597022,0.000598511393679215,0.0005956824537797134,0.0006480773657831106,0.19158268060715306
1.60875e-09,-1.100141339423372e-08,9.83490037084454e-09,0.19234927760122214,0.0011221856028641292,0.001121808448390652,0.0010894973748855233,-5.80074326839371e-08,5.120407645298284e-08,0.9458083112643131,0.0005993896775733383,0.0005965581670640543,0.0006492169784589459,0.19235475627987528
1.6125e-09,-1.104826862035629e-08,9.876400092009533e-09,0.19312225647007708,0.0011226695366443112,0.0011222912252880505,0.0010897741339184373,-5.824707179022022e-08,5.138738457238201e-08,0.9480084812513778,0.0006002660270024429,0.0005974319489933745,0.0006503551724425672,0.19312778073437004
1.61625e-09,-1.1095266524628457e-08,9.91800330335742e-09,0.19389618074297363,0.0011231536555085116,0.0011227741857906268,0.001090050470112346,-5.848761516782266e-08,5.157116170698347e-08,0.9502086518198065,0.0006011404476677975,0.000598303805244499,0.000651491952110715,0.19390175085025885
1.62e-09,-1.1142407469658781e-08,9.959710107104535e-09,0.19467104730947252,0.0011236379568500862,0.0011232573272971264,0.0010903263825446814,-5.872905981533811e-08,5.17554067938794e-08,0.9524088229685029,0.0006020129452593835,0.0005991737414839621,0.0006526273218336062,0.1946766635170349
1.62375e-09,-1.118969181432972e-08,1.0001520604053941e-08,0.19544685306900111,0.001124122438076798,0.0011237406472206929,0.0010906018703121443,-5.89714030796894e-08,5.194011887197037e-08,0.9546089946963588,0.0006028835254570859,0.0006000417633672136,0.0006537612859736982,0.19545251563405105
1.6275e-09,-1.1237119913653324e-08,1.0043434893636295e-08,0.19622359493084043,0.001124607096610767,0.0011242241429888175,0.0010908769325305495,-5.921464188877702e-08,5.212529682653069e-08,0.9568091670022553,0.0006037521939287887,0.0006009078765390523,0.0006548938488861909,0.1962293041105066
1.63125e-09,-1.1284692118758101e-08,1.0085453073851826e-08,0.19700126981411104,0.0011250919298884212,0.0011247078120432902,0.0010911515683346524,-5.945877371576775e-08,5.2310939727705846e-08,0.9590093398850582,0.0006046189563315785,0.000601772086633568,0.0006560250149185971,0.1970070258654339
1.635e-09,-1.1332408777426145e-08,1.0127575241243232e-08,0.1977798746477622,0.001125576935360438,0.0011251916518401433,0.0010914257768780019,-5.970379633303852e-08,5.2497046282956867e-08,0.9612095133436271,0.0006054838183116758,0.0006026343992741267,0.0006571547884114354,0.1977856778276859
1.63875e-09,-1.1380270234075027e-08,1.016980149105778e-08,0.1985594063705565,0.0011260621104916926,0.0011256756598495962,0.0010916995573327702,-5.994970715882138e-08,5.268361618927349e-08,0.9634096873768099,0.0006063467855040029,0.0006034948200730615,0.0006582831736976569,0.1985652569359222
1.6425e-09,-1.142827682929659e-08,1.0212131917713914e-08,0.1993398619310564,0.001126547452761202,0.001126159833556003,0.0010919729088895928,-6.019650336580874e-08,5.287064861242408e-08,0.9656098619834436,0.0006072078635314654,0.0006043533546315947,0.0006594101751027473,0.1993457601385956
1.64625e-09,-1.1476428900165902e-08,1.025456661434873e-08,0.20012123828761064,0.0011270329596620734,0.0011266441704577967,0.0010922458307574124,-6.044418257112468e-08,5.305814285507167e-08,0.9678100371623563,0.0006080670580055266,0.0006052100085392826,0.0006605357969437281,0.20012718439393812
1.6499999999999999e-09,-1.1524726780309122e-08,1.0297105672990665e-08,0.2009035324083388,0.0011275186287014502,0.0011271286680674397,0.0010925183221633188,-6.069274215634708e-08,5.324609805614564e-08,0.970010212912363,0.0006089243745262902,0.0006060647873746902,0.0006616600435299033,0.20090952666994683
1.65375e-09,-1.157317079955834e-08,1.0339749184309513e-08,0.20168674127111935,0.0011280044574004547,0.001127613323911364,0.0010927903823523928,-6.094217862201661e-08,5.343451306576701e-08,0.972210389232272,0.0006097798186819361,0.0006069176967050706,0.000662782919163552,0.20169278394436962
1.6575e-09,-1.1621761283214019e-08,1.038249723770632e-08,0.202470861863572,0.0011284904432941384,0.0011280981355299214,0.0010930620105875455,-6.119248817939497e-08,5.362338718862749e-08,0.9744105661208813,0.0006106333960490454,0.0006077687420860631,0.0006639044281379904,0.2024769532046899
1.66125e-09,-1.1670498552336055e-08,1.042534992130544e-08,0.2032558911830453,0.0011289765839314259,0.0011285831004773255,0.0010933332061493644,-6.14436674740716e-08,5.381271933854943e-08,0.9766107435769779,0.0006114851121921543,0.0006086179290617568,0.0006650245747384341,0.2032620314481122
1.665e-09,-1.1719382923676019e-08,1.0468307321854904e-08,0.20404182623659886,0.0011294628768750564,0.0011290682163215997,0.0010936039683359581,-6.169571293364846e-08,5.400250828663354e-08,0.9788109215993398,0.000612334972664614,0.0006094652631641886,0.0006661433632422246,0.20404801568154693
1.66875e-09,-1.176841471002465e-08,1.0511369524419905e-08,0.2048286640409919,0.0011299493197015403,0.0011295534806445248,0.0010938742964628032,-6.194862151190984e-08,5.4192752519961724e-08,0.9810111001867337,0.0006131829830076401,0.0006103107499135451,0.0006672607979175519,0.20483490292159512
1.6725e-09,-1.1817594220323345e-08,1.0554536612442079e-08,0.20561640162266326,0.0011304359100010911,0.0011300388910415794,0.0010941441898625834,-6.220239000494387e-08,5.4383451029519164e-08,0.9832112793379179,0.0006140291487501167,0.0006111543948183852,0.0006683768830241188,0.20562269019453336
1.67625e-09,-1.1866921759440437e-08,1.0597808668422119e-08,0.20640503601771912,0.0011309226453775825,0.001130524445121887,0.0010944136478850464,-6.245701476043925e-08,5.45746033233748e-08,0.9854114590516466,0.0006148734754083761,0.0006119962033752585,0.0006694916228143928,0.20641137453629832
1.68e-09,-1.1916397627878548e-08,1.0641185773884828e-08,0.2071945642719155,0.0011314095234484887,0.0011310101405081648,0.001094682669896842,-6.271249216159038e-08,5.476620893066974e-08,0.9876116393266552,0.000615715968486076,0.0006128361810680871,0.0006706050215325908,0.20720095299246943
1.68375e-09,-1.1966022121969611e-08,1.0684668009380817e-08,0.2079849834406417,0.0011318965418448256,0.0011314959748366653,0.0010949512552813768,-6.296881848119152e-08,5.495826641438479e-08,0.9898118201616777,0.0006165566334744506,0.0006136743333682624,0.0006717170834133342,0.2079914226182541
1.6875e-09,-1.2015795533764658e-08,1.072825545315507e-08,0.2087762905889065,0.001132383698211105,0.0011319819457571221,0.0010952194034386648,-6.322599033000936e-08,5.515077343951207e-08,0.9920120015554381,0.0006173954758522827,0.0006145106657353153,0.0006728278126816725,0.20878278047847154
1.69125e-09,-1.2065718151463156e-08,1.0771948181359239e-08,0.2095684827913169,0.001132870990205273,0.0011324680509326966,0.0010954871137851673,-6.348400424402225e-08,5.534372798720206e-08,0.9942121835066483,0.0006182325010858201,0.0006153451836165365,0.0006739372135541465,0.2095750236475356
1.695e-09,-1.2115790259034382e-08,1.0815746268003462e-08,0.21036155713206767,0.0011333584154986586,0.001132954288039918,0.0010957543857536536,-6.3742856802061e-08,5.553712841380407e-08,0.996412366014019,0.000619067714629118,0.0006161778924464836,0.00067504529023867,0.21036814920943853
1.69875e-09,-1.2166012136640412e-08,1.0859649785660146e-08,0.21115551070491825,0.0011338459717759176,0.0011334406547686391,0.0010960212187930494,-6.40025448249832e-08,5.573097343188232e-08,0.9986125490762425,0.0006199011219237389,0.0006170087976469665,0.0006761520469335058,0.21116215425773355
1.7025e-09,-1.221638406074719e-08,1.0903658805489482e-08,0.2119503406131803,0.0011343336567349797,0.0011339271488219713,0.0010962876123682883,-6.426306547249819e-08,5.592526191113647e-08,1.0008127326920122,0.0006207327283975846,0.000617837904627503,0.0006772574878271831,0.21195703589551845
1.70625e-09,-1.2266906304170792e-08,1.0947773397176763e-08,0.2127460439696986,0.0011348214680869924,0.0011344137679162333,0.001096553565960166,-6.452441500378806e-08,5.6119992544210436e-08,1.0030129168600035,0.00062156253946571,0.0006186652187848898,0.0006783616170981593,0.21275279123541763
1.71e-09,-1.231757913536857e-08,1.0991993628955578e-08,0.2135426178968333,0.0011353094035562654,0.0011349005097808992,0.0010968190790651912,-6.478658985408286e-08,5.631516399350458e-08,1.0052131015788919,0.0006223905605302358,0.0006194907455033405,0.000679464438915599,0.2135494173995655
1.71375e-09,-1.2368402818711154e-08,1.1036319567489747e-08,0.21434005952644264,0.0011357974608802157,0.001135387372158538,0.001097084151195445,-6.504958599132617e-08,5.6510775008961635e-08,1.0074132868473389,0.0006232167969805604,0.0006203144901540436,0.0006805659574398257,0.21434691151958896
1.7175e-09,-1.2419377614079582e-08,1.1080751278183449e-08,0.21513836599986494,0.0011362856378093161,0.0011358743528047637,0.0010973487818784287,-6.53133993069687e-08,5.670682441224967e-08,1.0096134726640036,0.0006240412541927581,0.0006211364580960036,0.0006816661768208259,0.21514527073658926
1.72125e-09,-1.2470503776857039e-08,1.1125288824901275e-08,0.2159375344679026,0.0011367739321070363,0.001136361449488181,0.0010976129706569333,-6.557802578604755e-08,5.690331061935682e-08,1.0118136590275317,0.0006248639375296764,0.0006219566546746864,0.0006827651011990193,0.2159444922011241
1.725e-09,-1.252178155825285e-08,1.1169932269737726e-08,0.21673756209080147,0.0011372623415497895,0.0011368486599903239,0.0010978767170888822,-6.584346166769052e-08,5.71002321263699e-08,1.0140138459365633,0.0006256848523410682,0.0006227750852222994,0.0006838627347051897,0.21674457307318973
1.72875e-09,-1.2573211205393751e-08,1.1214681673442007e-08,0.21753844603823277,0.0011377508639268793,0.0011373359821056051,0.0010981400207471987,-6.610970342787868e-08,5.7297588101739194e-08,1.0162140333897345,0.000626504003963221,0.0006235917550583871,0.0006849590814600597,0.21754551052220322
1.7325e-09,-1.2624792961712773e-08,1.1259537095964569e-08,0.21834018348927717,0.001138239497040442,0.0011378234136412663,0.0010984028812196602,-6.637674766378515e-08,5.749537801100655e-08,1.0184142213856713,0.0006273213977191142,0.0006244066694895749,0.0006860541455751438,0.21834730172698397
1.73625e-09,-1.2676527066520442e-08,1.1304498596163083e-08,0.21914277163240306,0.0011387282387053937,0.0011383109524173128,0.0010986652981087612,-6.664459043713385e-08,5.769360084902646e-08,1.0206144099229904,0.00062813703891869,0.0006252198338092552,0.0006871479311525875,0.21914994387573425
1.74e-09,-1.2728413754905352e-08,1.134956623171647e-08,0.2199462076654503,0.0011392170867493767,0.0011387985962664675,0.0010989272710315713,-6.691322777693082e-08,5.7892255548224895e-08,1.022814599000306,0.0006289509328587626,0.0006260312532971586,0.0006882404422839066,0.2199534341660213
1.74375e-09,-1.2780453257628394e-08,1.1394740059071112e-08,0.22075048879561046,0.0011397060390127012,0.0011392863430341115,0.001099188799619597,-6.718265548516157e-08,5.809134110710674e-08,1.0250147886162195,0.0006297630848223686,0.0006268409332195322,0.0006893316830502646,0.22075776980475847
1.7475e-09,-1.2832645801148593e-08,1.1440020133503849e-08,0.2215556122394066,0.0011401950933482975,0.0011397741905782295,0.0010994498835186447,-6.745286977304914e-08,5.829085661780149e-08,1.027214978769331,0.0006305735000790373,0.0006276488788293067,0.0006904216575223481,0.22156294800818602
1.75125e-09,-1.2884991608128568e-08,1.148540650917365e-08,0.22236157522267644,0.0011406842476216514,0.0011402621367693586,0.0010997105223886814,-6.772386701273707e-08,5.849080080653263e-08,1.0294151694582268,0.0006313821838846467,0.0006284550953661894,0.000691510369760686,0.2223689660018522
1.755e-09,-1.2937490896944955e-08,1.1530899238839022e-08,0.22316837498055186,0.001141173499710758,0.0011407501794905301,0.0010999707159037011,-6.799564269844388e-08,5.869117279953014e-08,1.0316153606814933,0.0006321891414811126,0.0006292595880573236,0.000692597823816772,0.2231758210205943
1.75875e-09,-1.2990143881338472e-08,1.1576498374222442e-08,0.22397600875743884,0.0011416628475060626,0.001141238316637215,0.001100230463751587,-6.82681924005636e-08,5.889197131878569e-08,1.0338155524377088,0.0006329943780970286,0.0006300623621158353,0.0006936840237317327,0.22398351030851935
1.7625e-09,-1.3042950770881903e-08,1.1622203965466356e-08,0.22478447380699865,0.001142152288910409,0.0011417265461172734,0.001100489765633979,-6.854151246135114e-08,5.909319483928998e-08,1.036015744725445,0.0006337978989477946,0.0006308634227406354,0.0006947689735361365,0.22479203111898394
1.76625e-09,-1.3095911771342422e-08,1.1668016061228254e-08,0.2255937673921284,0.0011426418218389832,0.0011422148658508959,0.0011007486212661404,-6.881559939982488e-08,5.9294842068151674e-08,1.0382159375432642,0.0006345997092344961,0.0006316627751171853,0.0006958526772494403,0.22560138071457497
1.7699999999999999e-09,-1.3149027084805468e-08,1.171393470878062e-08,0.22640388678494133,0.001143131444219258,0.0011427032737705482,0.0011010070303768213,-6.90904494777047e-08,5.949691164230285e-08,1.0404161308897282,0.0006353998141438741,0.0006324604244176496,0.0006969351388811085,0.22641155636708998
1.77375e-09,-1.320229690930406e-08,1.175995995413958e-08,0.2272148292667457,0.0011436211539909427,0.0011431917678209214,0.0011012649927081293,-6.936605865207713e-08,5.969940256363498e-08,1.0426163247633904,0.0006361982188487899,0.0006332563758001007,0.0006980163624297516,0.22722255535751684
1.7775e-09,-1.3255721438668772e-08,1.1806091842140914e-08,0.2280265921280259,0.0011441109491059217,0.0011436803459588724,0.0011015225080153973,-6.964242284339084e-08,5.9902313512615e-08,1.044816519162793,0.0006369949285084604,0.0006340506344087641,0.0006990963518836922,0.2280343749760137
1.78125e-09,-1.3309300862709204e-08,1.1852330416038892e-08,0.22883917266842205,0.001144600827528208,0.0011441690061533732,0.001101779576067054,-6.991953802313776e-08,6.010564300905372e-08,1.0470167140864777,0.0006377899482683038,0.0006348432053744756,0.000700175111220731,0.22884701252188944
1.785e-09,-1.3363035367063746e-08,1.1898675717951696e-08,0.22965256819670843,0.001145090787233881,0.0011446577463854561,0.0011020361966444913,-7.019739997941718e-08,6.030939019230385e-08,1.0492169095329782,0.0006385832832594732,0.0006356340938138509,0.000701252644407439,0.2296604653035827
1.78875e-09,-1.3416925133129584e-08,1.1945127788817276e-08,0.23046677603077495,0.0011455808262110423,0.0011451465646481569,0.0011022923695419397,-7.047600444217427e-08,6.051355383826258e-08,1.0514171055008241,0.0006393749385990941,0.0006364233048295267,0.0007023289553993829,0.23047473063864238
1.7925e-09,-1.3470970338234972e-08,1.1991686668344536e-08,0.23128179349760572,0.0011460709424597514,0.0011456354589464634,0.0011025480945663366,-7.07553475036561e-08,6.071813283597772e-08,1.0536173019885375,0.0006401649193903087,0.0006372108435100652,0.0007034040481413668,0.23128980585370662
1.79625e-09,-1.3525171155812976e-08,1.2038352395058335e-08,0.2320976179332592,0.001146561133991976,0.001146124427297259,0.0011028033715372,-7.10354251203789e-08,6.092312584995939e-08,1.0558174989946387,0.000640953230721808,0.0006379967149303892,0.0007044779265675295,0.2321056882844821
1.8e-09,-1.3579527755175425e-08,1.208512500595792e-08,0.23291424668284463,0.0011470513988315406,0.0011466134677292719,0.0011030582002865027,-7.131623326717343e-08,6.112853144108207e-08,1.0580176965176356,0.0006417398776681606,0.0006387809241512641,0.0007055505946009707,0.2329223752757233
1.80375e-09,-1.3634040301801744e-08,1.2132004536770927e-08,0.23373167710050508,0.0011475417350140667,0.0011471025782830181,0.0011033125806585483,-7.159776797820905e-08,6.133434846124806e-08,1.0602178945560363,0.0006425248652898985,0.0006395634762192693,0.0007066220561539938,0.2337398641812117
1.8075e-09,-1.368870895712625e-08,1.2178991022042537e-08,0.2345499065493945,0.0011480321405869258,0.001147591757010746,0.0011035665125098423,-7.188002498338303e-08,6.154057587495139e-08,1.0624180931083387,0.0006433081986333425,0.0006403443761669432,0.0007076923151283361,0.23455815236373562
1.81125e-09,-1.3743533878384198e-08,1.2226084495410122e-08,0.2353689324016553,0.001148522613609177,0.0011480810019763902,0.00110381999570897,-7.216299954215625e-08,6.174721308047626e-08,1.064618292173045,0.0006440898827307894,0.0006411236290130961,0.0007087613754141533,0.2353772371950682
1.815e-09,-1.3798515218071588e-08,1.2273284989653646e-08,0.23618875203840126,0.0011490131521515235,0.0011485703112555094,0.0011040730301364757,-7.244668682001655e-08,6.19542589558512e-08,1.0668184917486427,0.0006448699226003854,0.0006419012397624078,0.0007098292408905955,0.23619711605594743
1.81875e-09,-1.3853653124465031e-08,1.2320592536295758e-08,0.23700936284969087,0.0011495037542962514,0.0011490596829352353,0.0011043256156847378,-7.273108242429924e-08,6.216171234838744e-08,1.06901869183362,0.0006456483232462027,0.000642677213405235,0.000710895915425891,0.2370177863360537
1.8225e-09,-1.390894774151566e-08,1.2368007165705235e-08,0.23783076223451124,0.0011499944181371778,0.001149549115114224,0.0011045777522578463,-7.301618167495494e-08,6.236957213230038e-08,1.0712188924264578,0.0006464250896576304,0.0006434515549176733,0.000711961402876431,0.23783924543398915
1.82625e-09,-1.3964399208969933e-08,1.2415528907099738e-08,0.23865294760075248,0.0011504851417796016,0.0011500386059025947,0.0011048294397714828,-7.330198025811019e-08,6.257783720114757e-08,1.073419093525632,0.0006472002268094518,0.0006442242692621645,0.0007130257070872258,0.23866149075725612
1.83e-09,-1.4020007662458474e-08,1.2463157788444377e-08,0.23947591636518922,0.001150975923340244,0.0011505281534218814,0.0011050806781528085,-7.358847362401857e-08,6.278650593291793e-08,1.0756192951296197,0.0006479737396621286,0.0006449953613866895,0.0007140888318923613,0.23948451972223564
1.83375e-09,-1.4075773233373138e-08,1.251089383617124e-08,0.24029966595345645,0.0011514667609471983,0.0011510177558049799,0.0011053314673403296,-7.387565743058898e-08,6.299557690440637e-08,1.0778194972368853,0.0006487456331619057,0.0006457648362253151,0.0007151507811142013,0.24030832975416555
1.8375e-09,-1.4131696049245006e-08,1.2558737075315442e-08,0.24112419380003033,0.0011519576527398768,0.0011515074111960912,0.0011055818072837897,-7.416352748822387e-08,6.320504846612475e-08,1.08001969984589,0.0006495159122408269,0.0006465326986973853,0.0007162115585641728,0.2411329182871193
1.84125e-09,-1.4187776233478096e-08,1.2606687529375268e-08,0.24194949734820423,0.001152448596868958,0.0011519971177506724,0.0011058316979440492,-7.445207904182506e-08,6.341491914208439e-08,1.0822199029550938,0.0006502845818169492,0.0006472989537082539,0.0007172711680427204,0.24195828276398423
1.845e-09,-1.4244013905074715e-08,1.2654745220603648e-08,0.24277557405006753,0.0011529395914963336,0.0011524868736353775,0.0011060811392929752,-7.47413073755495e-08,6.362518748303706e-08,1.0844201065629488,0.0006510516467936421,0.0006480636061487208,0.000718329613338788,0.24278442063643946
1.84875e-09,-1.4300409178860447e-08,1.2702910169729172e-08,0.24360242136648566,0.0011534306347950548,0.0011529766770280142,0.001106330131313311,-7.503120802734402e-08,6.383585166416616e-08,1.086620310667909,0.0006518171120601018,0.0006488266608951146,0.0007193868982299849,0.24361132936493402
1.8525e-09,-1.4356962165685966e-08,1.2751182395851059e-08,0.2444300367670739,0.0011539217249492803,0.0011534665261174824,0.0011065786739985776,-7.532177655860356e-08,6.40469101967115e-08,1.088820515268416,0.0006525809824907446,0.0006495881228095537,0.0007204430264826296,0.24443900641866464
1.85625e-09,-1.441367297227033e-08,1.2799561916863195e-08,0.2452584177301793,0.001154412860154224,0.0011539564191037262,0.0011068267673529485,-7.561300845489474e-08,6.42583617496771e-08,1.0910207203629105,0.0006533432629454892,0.0006503479967397663,0.000721498001850786,0.24526744927555438
1.86e-09,-1.4470541701353763e-08,1.284804874935631e-08,0.2460875617428561,0.0011549040386161016,0.0011544463541976757,0.00110707441139114,-7.590489923181759e-08,6.447020494740873e-08,1.093220925949832,0.0006541039582698929,0.0006511062875190194,0.000722551828076698,0.24609665542222983
1.86375e-09,-1.4527568451514596e-08,1.2896642908659158e-08,0.24691746630084555,0.0011553952585520789,0.001154936329621204,0.0011073216061382976,-7.619744428348943e-08,6.468243836575483e-08,1.0954211320276135,0.0006548630732950159,0.0006518629999665863,0.0007236045088914574,0.24692662235399954
1.8675e-09,-1.4584753317314317e-08,1.294534440884551e-08,0.24774812890854994,0.00115588651819022,0.0011554263436070668,0.0011075683516298855,-7.649063896487117e-08,6.489506071805263e-08,1.0976213385946836,0.0006556206128372843,0.0006526181388872529,0.000724656048014402,0.2477573475748313
1.87125e-09,-1.464209638905066e-08,1.2994153262656754e-08,0.2485795470790151,0.0011563778157694332,0.0011559163943988546,0.0011078146479115733,-7.678447836507355e-08,6.510807030934434e-08,1.09982154564947,0.000656376581698906,0.0006533717090714832,0.0007257064491534891,0.24858882859732995
1.875e-09,-1.4699597752778469e-08,1.304306948136912e-08,0.24941171833390502,0.00115686914953942,0.0011564064802509386,0.0011080604950391277,-7.707895783472972e-08,6.532146556936001e-08,1.102021753190392,0.0006571309846672527,0.0006541237152953563,0.0007267557160049168,0.24942106294271482
1.87875e-09,-1.4757257490596729e-08,1.3092093074911953e-08,0.2502446402034783,0.0011573605177606255,0.0011568965994284174,0.0011083058930783025,-7.737407285002955e-08,6.553524506673164e-08,1.1042219612158697,0.0006578838265152197,0.0006548741623206233,0.0007278038522534664,0.2502540481407977
1.8825e-09,-1.4815075680628029e-08,1.3141224051918107e-08,0.2510783102265686,0.00115785191870418,0.001157386750207071,0.0011085508421047306,-7.766981883291858e-08,6.574940740287855e-08,1.1064221697243213,0.0006586351120010205,0.0006556230548942116,0.0007288508615724147,0.2510877817299599
1.88625e-09,-1.4873052396896697e-08,1.319046241985026e-08,0.25191272595056025,0.001158343350651855,0.0011578769308733003,0.0011087953422038116,-7.796619103225046e-08,6.596395117176306e-08,1.1086223787141525,0.0006593848458681987,0.0006563703977483661,0.0007298967476231526,0.2519222612571296
1.89e-09,-1.4931187709451827e-08,1.3239808184788837e-08,0.25274788493136474,0.0011588348118960073,0.0011583671397240834,0.0011090393934706125,-7.826318496866955e-08,6.617887475644713e-08,1.1108225881837772,0.000660133032846003,0.0006571161956010789,0.0007309415140553101,0.25275748427775946
1.89375e-09,-1.4989481684468188e-08,1.3289261351412107e-08,0.25358378473340104,0.0011593263007395277,0.001158857375066922,0.0011092829960097567,-7.856079636998215e-08,6.639417658727495e-08,1.1130227981315992,0.0006608796776495163,0.0006578604531557602,0.0007319851645073251,0.2535934483558047
1.8975e-09,-1.5047934384561206e-08,1.3338821923118261e-08,0.25442042292956957,0.0011598178154957927,0.0011593476352197833,0.0011095261499353144,-7.885902070624437e-08,6.660985515573425e-08,1.1152230085560206,0.0006616247849788855,0.0006586031751015685,0.0007330277026061634,0.25443015106369915
1.90125e-09,-1.5106545868055982e-08,1.3388489901891897e-08,0.2552577971012307,0.0011603093544886073,0.001159837918511058,0.0011097688553707104,-7.915785274460042e-08,6.682590873261712e-08,1.1174232194554439,0.0006623683595195796,0.000659344366113204,0.0007340691319664392,0.25526758998233257
1.905e-09,-1.5165316188899516e-08,1.3438265288232765e-08,0.2560959048381819,0.0011608009160521608,0.0011603282232795064,0.0011100111124486068,-7.945728733608298e-08,6.704233564707118e-08,1.1196234308282615,0.0006631104059422763,0.0006600840308507092,0.0007351094561907275,0.2561057627010286
1.90875e-09,-1.5224245396819735e-08,1.3488148081316383e-08,0.25693474373863534,0.0011612924985309715,0.0011608185478742046,0.0011102529213108028,-7.975731941438994e-08,6.725913430434488e-08,1.1218236426728694,0.000663850928903289,0.0006608221739597104,0.0007361486788702678,0.25694466681752093
1.9125e-09,-1.5283333537262287e-08,1.353813827879287e-08,0.2577743114091941,0.0011617841002798364,0.001161308890654496,0.0011104942821081418,-8.005794399453356e-08,6.747630281459037e-08,1.124023854987658,0.0006645899330443468,0.0006615588000714454,0.0007371868035843907,0.257784299937931
1.91625e-09,-1.5342580651674187e-08,1.3588235876862014e-08,0.2586146054648279,0.0011622757196637832,0.0011617992499899415,0.0011107351950003937,-8.035915639622414e-08,6.769383962842491e-08,1.1262240677710151,0.0006653274229924754,0.0006622939138025294,0.0007382238339005999,0.25862465967674453
1.92e-09,-1.540198677770552e-08,1.3638440870479098e-08,0.2594556235288541,0.001162767355058014,0.0011622896242602663,0.0011109756601561695,-8.066095194875598e-08,6.791174316486988e-08,1.128424281021325,0.000666063403360324,0.0006630275197555389,0.0007392597733745617,0.2594657436567893
1.92375e-09,-1.5461551949014095e-08,1.368875325333002e-08,0.2602973632329097,0.001163259004847863,0.0011627800118553112,0.0011112156777528096,-8.096332576381169e-08,6.813001198620247e-08,1.1306244947369748,0.0006667978787459268,0.0006637596225182537,0.0007402946255504818,0.26030754950921126
1.9275e-09,-1.5521276195190265e-08,1.3739173017814142e-08,0.2611398222169318,0.0011637506674287376,0.0011632704111749833,0.0011114552479762892,-8.126627298585944e-08,6.834864451635891e-08,1.1328247089163366,0.0006675308537329289,0.0006644902266637968,0.0007413283939607135,0.26115007487345177
1.93125e-09,-1.5581159541973032e-08,1.3789700154957045e-08,0.26198299812913317,0.0011642423412060777,0.0011637608206292035,0.0011116943710211236,-8.156978876429936e-08,6.856763892293551e-08,1.135024923557797,0.0006682623328903934,0.0006652193367509252,0.0007423610821252562,0.2619933173972246
1.935e-09,-1.5641202011016688e-08,1.3840334654261871e-08,0.26282688862597736,0.001164734024595296,0.0011642512386378573,0.0011119330470902623,-8.187386825856213e-08,6.87869933755632e-08,1.1372251386597263,0.0006689923207725539,0.0006659469573238361,0.000743392693552303,0.26283727473649204
1.93875e-09,-1.5701403620205805e-08,1.3891076503750518e-08,0.2636714913721588,0.0011652257160217354,0.0011647416636307451,0.0011121712763949945,-8.217850668812945e-08,6.900670606816198e-08,1.1394253542204964,0.0006697208219193126,0.0006666730929117553,0.0007444232317385246,0.2636819445554426
1.9425e-09,-1.5761764383418063e-08,1.394192569010699e-08,0.26451680404057665,0.0011657174139206167,0.0011652320940475343,0.0011124090591548561,-8.248369919490816e-08,6.92267753864628e-08,1.1416255702384808,0.0006704478408558808,0.0006673977480301969,0.0007454527001687356,0.26452732452646693
1.94625e-09,-1.582228431083988e-08,1.399288219873416e-08,0.265362824312314,0.0011662091167369867,0.0011657225283377064,0.001112646395597533,-8.278944105356287e-08,6.944719994178283e-08,1.1438257867120447,0.0006711733820928446,0.0006681209271803031,0.0007464811023154735,0.2653734123301354
1.95e-09,-1.5882963408639037e-08,1.4043946013945292e-08,0.2662095498766116,0.0011667008229256743,0.0011662129649605087,0.0011128832859587609,-8.309572730980151e-08,6.966797832818809e-08,1.146026003639555,0.0006718974501261616,0.0006688426348486451,0.0007475084416392812,0.266220205655174
1.9537499999999998e-09,-1.5943801679147834e-08,1.4095117118890467e-08,0.2670569784308462,0.0011671925309512368,0.0011667034023849067,0.0011131197304822345,-8.34025531264308e-08,6.988910893205864e-08,1.1482262210193768,0.0006726200494373213,0.0006695628755074806,0.0007485347215890262,0.26706770219844167
1.9575e-09,-1.6004799120887353e-08,1.4146395495251115e-08,0.2679051076805079,0.00116768423928791,0.0011671938390895352,0.0011133557294195156,-8.370991356140095e-08,7.01105897517536e-08,1.1504264388498675,0.0006733411844933175,0.0006702816536146252,0.0007495599456013838,0.2679158996649067
1.96125e-09,-1.606595572837454e-08,1.4197781123117409e-08,0.26875393533917546,0.0011681759464195658,0.0011676842735626474,0.001113591283029945,-8.401780354709366e-08,7.033241882779371e-08,1.152626657129393,0.0006740608597465976,0.0006709989736133095,0.0007505841171008903,0.2687647957676233
1.965e-09,-1.6127271492076564e-08,1.424927398112252e-08,0.26960345912849204,0.0011686676508396547,0.0011681747043020654,0.0011138263915805317,-8.432621774589637e-08,7.055459428359949e-08,1.1548268758563087,0.000674779079635078,0.000671714839932172,0.0007516072395006303,0.26961438822770833
1.96875e-09,-1.6188746398389233e-08,1.4300874046478719e-08,0.2704536767781448,0.0011691593510511635,0.0011686651298151362,0.0011140610553458856,-8.463515102692208e-08,7.077711450595042e-08,1.157027095028972,0.0006754958485823468,0.0006724292569855215,0.0007526293162018565,0.2704646747743174
1.9725e-09,-1.625038042980268e-08,1.435258129519994e-08,0.2713045860258381,0.0011696510455665634,0.0011691555486186736,0.0011142952746081103,-8.494459847425874e-08,7.099997794100242e-08,1.1592273146457375,0.0006762111709973495,0.0006731422291732266,0.0007536503505937047,0.27131565314462197
1.97625e-09,-1.6312173565031287e-08,1.4404395702112682e-08,0.27215618461727176,0.0011701427329077647,0.001169645959238924,0.0011145290496567162,-8.525455520546473e-08,7.122318283683777e-08,1.1614275347049572,0.0006769250512744833,0.0006738537608809006,0.0007546703460533025,0.2721673210837855
1.98e-09,-1.637412577902765e-08,1.4456317240542712e-08,0.2730084703061172,0.0011706344116060661,0.0011701363602115043,0.0011147623807885405,-8.556501626477209e-08,7.144672731107804e-08,1.1636277552049856,0.0006776374937939605,0.0006745638564799637,0.000755689305946244,0.2730196763449404
1.98375e-09,-1.643623704292955e-08,1.4508345882410358e-08,0.27386144085399367,0.0011711260802021038,0.0011706267500813646,0.0011149952683076473,-8.587597661678879e-08,7.167060965186718e-08,1.165827976144169,0.0006783485029218132,0.0006752725203272861,0.0007567072336260391,0.27387271668916413
1.9875e-09,-1.6498507323965174e-08,1.4560481598434009e-08,0.2747150940304447,0.0011716177372458165,0.0011711171274027313,0.0011152277125252505,-8.618743103423448e-08,7.189482820042e-08,1.1680281975208608,0.000679058083009237,0.0006759797567652623,0.0007577241324335016,0.27472643988545586
1.99125e-09,-1.6560936585485946e-08,1.461272435801333e-08,0.2755694276129148,0.001172109381296379,0.0011716074907390669,0.0011154597137596099,-8.649937478543676e-08,7.21193812921231e-08,1.1702284193334047,0.0006797662383928385,0.0006766855701218589,0.0007587400056979834,0.27558084371071273
1.995e-09,-1.6623524787473373e-08,1.4665074129477122e-08,0.2764244393867263,0.001172601010922168,0.0011720978386630188,0.0011156912723359633,-8.68118031395221e-08,7.234426760375544e-08,1.1724286415801481,0.0006804729733949468,0.0006773899647107443,0.0007597548567376405,0.27643592594970634
1.99875e-09,-1.6686271886112452e-08,1.4717530880040023e-08,0.2772801271450553,0.0011730926247007112,0.0011725881697563702,0.0011159223885864305,-8.712471095934045e-08,7.256948558430382e-08,1.1746288642594374,0.0006811782923238106,0.0006780929448316416,0.0007607686888587271,0.27729168439505986
2.0025e-09,-1.6749177833689287e-08,1.477009457568318e-08,0.27813648868890656,0.0011735842212186405,0.001173078482609997,0.0011161530628499344,-8.743809308537019e-08,7.279503349095146e-08,1.1768290873696128,0.0006818821994733386,0.0006787945147699366,0.0007617815053556149,0.2781481168472232
2.00625e-09,-1.681224257880126e-08,1.4822765181175948e-08,0.2789935218270929,0.001174075799071641,0.0011735687758238189,0.0011163832954721121,-8.775194457953988e-08,7.302090968133146e-08,1.179029310909019,0.0006825846991228744,0.0006794946787965611,0.0007627933095101836,0.2790052211144505
2.01e-09,-1.6875466066317115e-08,1.4875542659999033e-08,0.2798512243762089,0.001174567356864409,0.0011740590480067534,0.0011166130868052301,-8.806626040111823e-08,7.324711250836451e-08,1.181229534875995,0.0006832857955374826,0.0006801934411679254,0.0007638041045918287,0.2798629950127759
2.01375e-09,-1.6938848237416766e-08,1.4928426974414894e-08,0.2807095941606079,0.001175058893210607,0.0011745492977766627,0.0011168424372081066,-8.838103537641487e-08,7.347364027788864e-08,1.1834297592688865,0.0006839854929678494,0.0006808908061260857,0.0007648138938588887,0.2807214363659907
2.0175e-09,-1.7002389029397328e-08,1.4981418085500248e-08,0.28156862901238155,0.0011755504067328074,0.001175039523760319,0.0011170713470460237,-8.869626429791138e-08,7.370049129252866e-08,1.1856299840860272,0.0006846837956503367,0.0006815867778989145,0.0007658226805577466,0.28158054300561863
2.02125e-09,-1.706608837580748e-08,1.503451595304602e-08,0.2824283267713303,0.0011760418960624554,0.001175529724593346,0.0011172998166906545,-8.901194209805786e-08,7.392766385222179e-08,1.1878302093257578,0.0006853807078071233,0.000682281360700115,0.0007668304679231264,0.2824403127708933
2.025e-09,-1.7129946206605005e-08,1.508772053558825e-08,0.2832886852849442,0.0011765333598398198,0.0011760198989201817,0.0011175278465199712,-8.932806377763271e-08,7.415515616592214e-08,1.1900304349864144,0.000686076233646065,0.0006829745587293987,0.000767837259178092,0.2833007435087344
2.02875e-09,-1.7193962448051666e-08,1.5141031790341505e-08,0.28414970240837834,0.0011770247967139462,0.0011765100453940253,0.001117755436918173,-8.964462424203743e-08,7.438296621737922e-08,1.1922306610663367,0.0006867703773609978,0.0006836663761722624,0.0007688430575338161,0.28416183307372345
2.0325e-09,-1.7258137022768883e-08,1.5194449673012633e-08,0.28501137600442883,0.0011775162053426114,0.001177000162676796,0.0011179825882756044,-8.996161840252704e-08,7.461109204564438e-08,1.1944308875638587,0.0006874631431314683,0.0006843568172000861,0.0007698478661893787,0.28502357932808065
2.03625e-09,-1.7322469849711062e-08,1.524797413793216e-08,0.2858737039435074,0.001178007584392279,0.0011774902494390868,0.001118209300988673,-9.027904108348627e-08,7.483953165879718e-08,1.196631114477319,0.0006881545351227925,0.0006850458859703548,0.0007708516883321076,0.28588598014164135
2.04e-09,-1.7386960844171732e-08,1.5301605138001132e-08,0.2867366841036214,0.001178498932538052,0.0011779803043601186,0.001118435575459775,-9.059688726705976e-08,7.506828311035544e-08,1.1988313418050478,0.0006888445574861864,0.0006857335866262308,0.0007718545271374039,0.2867490333918322
2.04375e-09,-1.7451609917901707e-08,1.5355342624802727e-08,0.2876003143703486,0.0011789902484636281,0.0011784703261276904,0.001118661412097221,-9.091515192091885e-08,7.529734458084479e-08,1.201031569545381,0.0006895332143587818,0.0006864199232965765,0.0007728563857687394,0.287612736963648
2.0475e-09,-1.7516416979109825e-08,1.5409186548688212e-08,0.2884645926368114,0.0011794815308612543,0.0011789603134381415,0.0011188868113151493,-9.123382999830204e-08,7.552671440138539e-08,1.203231797696651,0.0006902205098634771,0.0006871049000962348,0.0007738572673777733,0.2884770887496274
2.05125e-09,-1.758138193247534e-08,1.546313685883847e-08,0.2893295168036568,0.001179972778431682,0.0011794502649962993,0.0011191117735334587,-9.155291663039838e-08,7.575639073026609e-08,1.2054320262571947,0.0006909064481088582,0.0006877885211262168,0.0007748571751043502,0.2893420866498302
2.055e-09,-1.7646504679336067e-08,1.551719350306367e-08,0.2901950847790297,0.0011804639898841203,0.0011799401795154429,0.0011193362991777274,-9.18724069779091e-08,7.59863716490525e-08,1.2076322552253413,0.0006915910331896381,0.0006884707904733706,0.0007758561120766801,0.29020772857181276
2.05875e-09,-1.771178511762083e-08,1.5571356427899203e-08,0.2910612944785511,0.0011809551639361975,0.0011804300557172488,0.0011195603886791417,-9.21922961780747e-08,7.621665534179984e-08,1.2098324845994246,0.0006922742691864128,0.000689151712210792,0.0007768540814114863,0.29107401243060516
2.0625e-09,-1.7777223142001397e-08,1.562562557868158e-08,0.29192814382529453,0.0011814462993139075,0.0011809198923317503,0.0011197840424744198,-9.25125794984608e-08,7.644724010281913e-08,1.2120327143777767,0.0006929561601657129,0.000689831290397235,0.0007778510862134066,0.2919409361486873
2.06625e-09,-1.784281864383182e-08,1.5680000899512348e-08,0.29279563074976134,0.0011819373947515707,0.0011814096880972955,0.0011200072610057375,-9.283325210419967e-08,7.667812410729276e-08,1.2142329445587259,0.0006936367101801162,0.0006905095290773202,0.0007788471295751818,0.29280849765596545
2.07e-09,-1.7908571511114223e-08,1.5734482333336954e-08,0.29366375318985816,0.00118242844899179,0.0011818994417605014,0.001120230044720656,-9.315430912423419e-08,7.690930566351139e-08,1.2164331751406088,0.0006943159232683184,0.0006911864322817475,0.0007798422145779391,0.2936766948897486
2.0737499999999998e-09,-1.7974481628647787e-08,1.5789069821837604e-08,0.29453250909087186,0.001182919460785406,0.0011823891520762065,0.0011204523940720537,-9.34757458277488e-08,7.714078291619959e-08,1.2186334061217523,0.0006949938034547383,0.0006918620040276364,0.0007808363442909046,0.29454552579472504
2.0775e-09,-1.8040548877889826e-08,1.5843763305568254e-08,0.2954018964054489,0.0011834104288914499,0.001182878817807431,0.0011206743095180422,-9.379755725463424e-08,7.737255423059578e-08,1.2208336375004938,0.0006956703547498826,0.0006925362483182128,0.0007818295217712685,0.2954149883229389
2.08125e-09,-1.810677313689883e-08,1.5898562723974732e-08,0.2962719130935684,0.0011839013520771034,0.0011833684377253342,0.0011208957915219086,-9.411973826378687e-08,7.760461801437211e-08,1.2230338692751537,0.0006963455811506927,0.0006932091691428848,0.0007828217500643488,0.29628508043376606
2.085e-09,-1.8173154280306723e-08,1.5953468015480177e-08,0.29714255712251986,0.0011843922291176572,0.0011838580106091647,0.0011211168405520385,-9.444228376819929e-08,7.783697267030946e-08,1.22523410144407,0.0006970194866402512,0.0006938807704774114,0.0007838130322037271,0.2971558000938916
2.08875e-09,-1.8239692179272172e-08,1.6008479117465454e-08,0.2980138264668817,0.0011848830587964608,0.0011843475352462248,0.0011213374570818472,-9.476518878894518e-08,7.806961663212866e-08,1.2274343340055704,0.0006976920751877231,0.0006945510562836566,0.0007848033712118371,0.29802714527728563
2.0925e-09,-1.8306386701772173e-08,1.606359596616095e-08,0.2988857191084935,0.0011853738399048852,0.0011848370104318195,0.0011215576415897074,-9.508844843485541e-08,7.830254812490929e-08,1.2296345669579887,0.0006983633507482016,0.0006952200305095235,0.0007857927700999172,0.2988991139651802
2.09625e-09,-1.8373237712452873e-08,1.611881849673391e-08,0.2997582330364371,0.0011858645712422768,0.0011853264349692206,0.0011217773945588832,-9.541205768007368e-08,7.853576544523059e-08,1.231834800299655,0.0006990333172628811,0.0006958876970894125,0.0007867812318673711,0.29977170414604537
2.0999999999999998e-09,-1.8440245072659744e-08,1.6174146643146264e-08,0.30063136624701015,0.001186355251615918,0.00118581580766962,0.0011219967164774673,-9.573601148589374e-08,7.876926676920332e-08,1.234035034028898,0.0006997019786593948,0.000696554059944029,0.0007877687595017642,0.300644913815566
2.10375e-09,-1.8507408640401794e-08,1.622958033816011e-08,0.30150511674370367,0.0011868458798409756,0.001186305127352086,0.0011222156078383012,-9.606030479983232e-08,7.900305023981028e-08,1.2362352681440532,0.0007003693388518948,0.0006972191229803257,0.000788755355979439,0.3015187409766192
2.1075e-09,-1.8574728270343732e-08,1.6285119513365042e-08,0.30237948253717817,0.0011873364547404736,0.0011867943928435256,0.0011224340691389203,-9.638493246870443e-08,7.923711397711939e-08,1.2384355026434493,0.0007010354017405265,0.0006978828900913907,0.0007897410242648979,0.3023931836392492
2.11125e-09,-1.8642203813813596e-08,1.6340764099031616e-08,0.3032544616452401,0.0011878269751452342,0.0011872836029786353,0.0011226521008814792,-9.670988949846538e-08,7.947145611049439e-08,1.2406357375254193,0.0007017001712119909,0.0006985453651566548,0.0007907257673110037,0.3032682398206454
2.115e-09,-1.8709835118988247e-08,1.6396514024340784e-08,0.3041300520928206,0.0011883174398938485,0.0011877727565998651,0.0011228697035726917,-9.703517108903241e-08,7.970607489894915e-08,1.2428359727882925,0.0007023636511392181,0.0006992065520417583,0.0007917095880592372,0.304143907545118
2.11875e-09,-1.8777622031014075e-08,1.645236921738993e-08,0.3050062519119484,0.0011888078478326264,0.001188261852557372,0.00112308687772376,-9.736077267908772e-08,7.994096862321093e-08,1.2450362084304056,0.0007030258453815614,0.0006998664545989189,0.000792692489439566,0.3050201848440758
2.1225e-09,-1.8845564392162956e-08,1.650832960508731e-08,0.3058830591417309,0.0011892981978155592,0.0011887508897089796,0.0011233036238503164,-9.768668942977682e-08,8.017613545054887e-08,1.247236444450087,0.0007036867577849397,0.0007005250766672104,0.0007936744743702659,0.305897069756002
2.12625e-09,-1.891366204146422e-08,1.656439511326471e-08,0.30676047182832544,0.001189788488704275,0.0011892398669201404,0.0011235199424723527,-9.801291629098383e-08,8.041157358334477e-08,1.249436680845676,0.000704346392181666,0.000701182422071966,0.0007946555457581561,0.30677456032643113
2.13e-09,-1.898191481472826e-08,1.6620565666510676e-08,0.3076384880249218,0.0011902787193680002,0.001189728783063888,0.0011237358341141634,-9.833944821487333e-08,8.064728099827344e-08,1.2516369176154982,0.0007050047523904083,0.0007018384946249102,0.0007956357064985884,0.3076526546079259
2.13375e-09,-1.905032254463388e-08,1.6676841188103932e-08,0.30851710579171454,0.0011907688886835166,0.001190217637020797,0.0011239512993042754,-9.866628031665498e-08,8.088325574059518e-08,1.2538371547578955,0.0007056618422163014,0.0007024932981243885,0.0007966149594754376,0.308531350660054
2.1375e-09,-1.9118885060778168e-08,1.673322160016562e-08,0.30939632319588206,0.0011912589955351196,0.001190706427678948,0.0011241663385753928,-9.899340764814234e-08,8.111949585242526e-08,1.2560373922711996,0.000706317665451063,0.0007031468363551693,0.000797593307561196,0.3094106465493649
2.14125e-09,-1.9187602189636686e-08,1.6789706823566984e-08,0.3102761383115625,0.0011917490388145765,0.0011911951539338786,0.001124380952464332,-9.932082525837802e-08,8.135599942921788e-08,1.2582376301537443,0.0007069722258730956,0.0007037991130885464,0.0007985707536170825,0.3102905403493662
2.145e-09,-1.925647375464404e-08,1.6846296778095694e-08,0.31115654921983177,0.0011922390174210907,0.0011916838146885473,0.0011245951415119564,-9.964852817797806e-08,8.159276479960985e-08,1.26043786840387,0.000707625527247464,0.0007044501320826268,0.0007995473004929097,0.3111710301405014
2.14875e-09,-1.932549957607021e-08,1.6902991382430343e-08,0.3120375540086772,0.0011927289302612542,0.00119217240885329,0.001124808906263127,-9.9976511371003e-08,8.182979008524515e-08,1.2626381070199104,0.0007082775733254457,0.000705099897082503,0.0008005229510269442,0.31205211401012534
2.1525e-09,-1.9394679471104634e-08,1.6959790554099143e-08,0.3129191507729786,0.0011932187762490121,0.0011926609353457847,0.0011250222472666284,-1.0030476972380274e-07,8.206707319936171e-08,1.2648383460002066,0.000708928367844791,0.0007057484118198024,0.0008014977080463774,0.31293379005248273
2.15625e-09,-1.9464013253711768e-08,1.7016694209247315e-08,0.31380133761448215,0.0011937085543056191,0.0011931493930910045,0.0011252351650751214,-1.0063329808641305e-07,8.230461210123001e-08,1.2670385853430937,0.0007095779145301181,0.0007063956800128343,0.0008024715743669623,0.3138160563686839
2.16e-09,-1.953350073473465e-08,1.7073702262824175e-08,0.3146841126417792,0.0011941982633596028,0.001193637781021182,0.0011254476602450731,-1.0096209151269283e-07,8.254240471769343e-08,1.2692388250469127,0.0007102262170927317,0.0007070417053666303,0.000803444552793023,0.3146989110666825
2.16375e-09,-1.960314172208675e-08,1.7130814628477043e-08,0.3155674739702816,0.0011946879023467182,0.0011941260980757689,0.0011256597333367088,-1.0129114503028884e-07,8.278044891510654e-08,1.2714390651100038,0.0007108732792308287,0.0007076864915728033,0.0008044166461179623,0.31558235226125175
2.1675e-09,-1.967293602061538e-08,1.718803121856215e-08,0.3164514197221995,0.0011951774702099152,0.0011946143432013938,0.0011258713849139465,-1.016204536610291e-07,8.301874271004956e-08,1.273639305530706,0.0007115191046294142,0.00070833004230963,0.0008053878571237211,0.31646637807396194
2.17125e-09,-1.9742883432210862e-08,1.724535194429255e-08,0.31733594802651827,0.0011956669658992924,0.0011951025153518256,0.0011260826155443417,-1.019500124981238e-07,8.325728427273912e-08,1.2758395463073628,0.0007121636969603679,0.0007089723612423395,0.000806358188580911,0.3173509866331574
2.175e-09,-1.981298375578059e-08,1.730277671587576e-08,0.31822105701897707,0.001196156388372064,0.0011955906134879315,0.001126293425799035,-1.0227981653587101e-07,8.349607176160657e-08,1.2780397874383163,0.0007128070598824235,0.0007096134520232975,0.0008073276432492094,0.31823617607393384
2.17875e-09,-1.9883236787251032e-08,1.736030544235622e-08,0.3191067448420422,0.0011966457365925128,0.00119607863657764,0.0011265038162526864,-1.0260986085649485e-07,8.373510334516238e-08,1.2802400289219096,0.0007134491970412174,0.0007102533182917355,0.000808296223877083,0.3191219445381147
2.1825e-09,-1.995364231966917e-08,1.7417938031718304e-08,0.31999300964488925,0.0011971350095319603,0.001196566583595899,0.00112671378748343,-1.0294014060547871e-07,8.397437711868676e-08,1.2824402707564877,0.0007140901120691461,0.0007108919636737664,0.0008092639332017368,0.32000829017422905
2.18625e-09,-2.0024200143249185e-08,1.7475674390832965e-08,0.3208798495833739,0.0011976242061687197,0.0011970544535246394,0.0011269233400728101,-1.0327065089861691e-07,8.42138912143209e-08,1.2846405129403986,0.0007147298085857603,0.0007115293917825381,0.0008102307739491853,0.32089521113748853
2.19e-09,-2.0094910045296344e-08,1.7533514425463022e-08,0.3217672628200165,0.00119811332548806,0.001197542245352739,0.001127132474605731,-1.0360138681416447e-07,8.445364366840442e-08,1.286840755471989,0.0007153682901974797,0.0007121656062181031,0.0008111967488345575,0.32178270558976485
2.1937499999999998e-09,-2.0165771810219903e-08,1.7591458040205142e-08,0.3226552475239735,0.001198602366482171,0.001198029958075975,0.001127341191670401,-1.0393234340666082e-07,8.46936324506481e-08,1.2890409983496005,0.0007160055604975743,0.000712800610567735,0.000812161860561764,0.3226707716995665
2.1975e-09,-2.0236785219616968e-08,1.7649505138416572e-08,0.3235438018710173,0.001199091328150119,0.001198517590696996,0.0011275494918582807,-1.0426351592565645e-07,8.493385545931861e-08,1.2912412415715915,0.0007166416230664785,0.0007134344084057583,0.0008131261118234982,0.3235594076420164
2.20125e-09,-2.030795005238166e-08,1.7707655622268078e-08,0.3244329240435123,0.0011995802094978123,0.0011990051422252764,0.001127757375764026,-1.045948996709222e-07,8.517431078122678e-08,1.2934414851363056,0.0007172764814717273,0.0007140670032935964,0.0008140895053013712,0.3244486115988291
2.205e-09,-2.0379266084687637e-08,1.7765909392934947e-08,0.32532261223039416,0.0012000690095379624,0.001199492611677081,0.00112796484398544,-1.049264897316462e-07,8.541499659498086e-08,1.2956417290420998,0.0007179101392681185,0.0007146983987798712,0.0008150520436659405,0.3253383817582879
2.20875e-09,-2.045073308983024e-08,1.782426635044019e-08,0.32621286462714544,0.0012005577272900466,0.001199979998075429,0.001128171897123417,-1.0525828121432717e-07,8.565591085968754e-08,1.2978419732873214,0.0007185425999975343,0.0007153285984003852,0.0008160137295769511,0.32622871631522243
2.2125e-09,-2.0522350838385723e-08,1.788272639369042e-08,0.32710367943577356,0.0012010463617802677,0.0012004673004500533,0.001128378535781891,-1.0559026931519473e-07,8.589705169044794e-08,1.3000422178703257,0.0007191738671891469,0.00071595760567809,0.0008169745656831671,0.32711961347098667
2.21625e-09,-2.059411909821486e-08,1.7941289420528066e-08,0.3279950548647874,0.00120153491204152,0.0012009545178373643,0.001128584760567789,-1.0592244923059204e-07,8.61384170677794e-08,1.302242462789467,0.0007198039443592892,0.0007165854241232703,0.000817934554622547,0.3280110714334358
2.22e-09,-2.0666037634453522e-08,1.799995532758811e-08,0.3288869891291781,0.0012020233771133514,0.0012014416492804117,0.0011287905720909718,-1.062548160770928e-07,8.638000484694615e-08,1.3044427080431047,0.0007204328350115151,0.0007172120572335744,0.0008188936990216962,0.32890308841690374
2.22375e-09,-2.0738106209494565e-08,1.8058724010266643e-08,0.3297794804503918,0.0012025117560419219,0.0012019286938288526,0.0011289959709641908,-1.065873650167941e-07,8.662181298295471e-08,1.3066429536295936,0.0007210605426367021,0.0007178375084939279,0.000819852001496458,0.32979566264218096
2.2275e-09,-2.0810324582986887e-08,1.8117595362903078e-08,0.3306725270563098,0.001203000047879973,0.001202415650538901,0.0011292009578030382,-1.0692009114013553e-07,8.686383955448982e-08,1.3088431995472953,0.0007216870707130686,0.000718461781376773,0.0008208094646522644,0.33068879233649207
2.23125e-09,-2.08826925118747e-08,1.817656927878217e-08,0.33156612718122724,0.0012034882516867866,0.0012029025184733101,0.0011294055332258916,-1.0725298956242633e-07,8.710608265711214e-08,1.3110434457945692,0.0007223124227063107,0.0007190848793420323,0.0008217660910837965,0.33158247573347327
2.235e-09,-2.0955209750460215e-08,1.8235645650057356e-08,0.3324602790658296,0.0012039763665281484,0.001203389296701318,0.0011296096978538708,-1.0758605551803138e-07,8.734854028774963e-08,1.313243692369778,0.0007229366020695328,0.000719706805837042,0.0008227218833747313,0.33247671107315013
2.23875e-09,-2.102787605036468e-08,1.829482436783736e-08,0.333354980957168,0.001204464391476315,0.0012038759842986238,0.0011298134523107849,-1.0791928419800727e-07,8.759121039564708e-08,1.3154439392712856,0.000723559612243241,0.0007203275642965159,0.0008236768440979273,0.33337149660191556
2.2425e-09,-2.1100691160701594e-08,1.8354105322041044e-08,0.33425023110864177,0.0012049523256099737,0.0012043625803473436,0.0011300167972230926,-1.0825267114044794e-07,8.78340910263391e-08,1.3176441864974562,0.0007241814566556118,0.0007209471581425897,0.0008246309758156126,0.3342668305725072
2.24625e-09,-2.117365482823659e-08,1.841348840161762e-08,0.3351460277799719,0.0012054401680142075,0.0012048490839359782,0.001130219733219843,-1.0858621174726879e-07,8.807718031646323e-08,1.3198444340466562,0.0007248021387222363,0.0007215655907849474,0.0008255842810791243,0.33516271124398506
2.25e-09,-2.124676679715216e-08,1.8472973494492876e-08,0.33604236923718206,0.0012059279177804596,0.0012053354941593745,0.0011304222609326397,-1.0891990123506118e-07,8.832047626355204e-08,1.3220446819172564,0.0007254216618461627,0.0007221828656208183,0.0008265367624287605,0.3360591368817096
2.25375e-09,-2.1320026809070436e-08,1.8532560487447096e-08,0.33693925375257466,0.001206415574006496,0.0012058218101186925,0.001130624380995586,-1.0925373475951686e-07,8.856397682156432e-08,1.324244930107621,0.000726040029418164,0.0007227989860350888,0.0008274884223944057,0.3369561057573202
2.2575e-09,-2.1393434602994203e-08,1.8592249266179642e-08,0.337836679604709,0.0012069031357963746,0.0012063080309213674,0.0011308260940452383,-1.0958770756837987e-07,8.88076799501616e-08,1.3264451786161262,0.0007266572448166994,0.0007234139554002573,0.0008284392634956102,0.33785361614871245
2.26125e-09,-2.1466989915463286e-08,1.865203971523177e-08,0.3387346450783796,0.0012073906022604046,0.0012067941556810743,0.0011310274007205752,-1.0992181510974666e-07,8.905158351371187e-08,1.3286454274411432,0.0007272733114079031,0.0007240277770765722,0.0008293892882414102,0.3387516663400162
2.265e-09,-2.1540692480717074e-08,1.8711931718049844e-08,0.33963314846459336,0.0012078779725151103,0.0012072801835176948,0.0011312283016629303,-1.1025605280134935e-07,8.929568547377274e-08,1.3308456765810448,0.0007278882325455556,0.0007246404544120425,0.0008303384991298063,0.33965025462157383
2.26875e-09,-2.1614542030489644e-08,1.8771925156935985e-08,0.34053218806055,0.0012083652456832022,0.0012077661135572802,0.0011314287975159642,-1.1059041611397708e-07,8.953998370741363e-08,1.333045926034211,0.0007285020115709244,0.0007252519907426381,0.0008312868986486311,0.34054937928991824
2.2725e-09,-2.168853829432253e-08,1.8832019913121034e-08,0.34143176216961635,0.0012088524208935358,0.0012082519449320176,0.00113162888892561,-1.109249006632857e-07,8.978447617174063e-08,1.3352461757990186,0.0007291146518130493,0.000725862389392147,0.0008322344892751398,0.34144903864775095
2.27625e-09,-2.176268099945196e-08,1.889221586672463e-08,0.3423318691013076,0.0012093394972810803,0.0012087376767801927,0.0011318285765400378,-1.1125950187436844e-07,9.002916095356194e-08,1.3374464258738452,0.00072972615658903,0.0007264716536720805,0.0008331812734754268,0.34234923100392
2.28e-09,-2.1836969870739287e-08,1.8952512896964958e-08,0.34323250717126547,0.0012098264739868827,0.0012092233082461577,0.001132027861009605,-1.1159421501562125e-07,9.027403607538588e-08,1.3396466762570751,0.0007303365292038827,0.0007270797868818388,0.0008341272537056156,0.3432499546733988
2.28375e-09,-2.1911404630491224e-08,1.9012910881866308e-08,0.3441336747012352,0.0012103133501580345,0.0012097088384802985,0.001132226742986815,-1.1192903524265272e-07,9.051909924704431e-08,1.3418469269470914,0.0007309457729504495,0.0007276867923088002,0.000835072432411461,0.3441512079772637
2.2875e-09,-2.1985984998544633e-08,1.9073409698298888e-08,0.3450353700190428,0.0012108001249476325,0.0012101942666389958,0.0011324252231262768,-1.1226395778556311e-07,9.076434829569459e-08,1.3440471779422754,0.0007315538911095949,0.0007282926732282618,0.0008360168120278671,0.3450529892426724
2.29125e-09,-2.2060710692359287e-08,1.9134009221939438e-08,0.3459375914585753,0.001211286797514754,0.0012106795918845916,0.0011326233020846582,-1.1259897805661758e-07,9.100978105438975e-08,1.3462474292410198,0.0007321608869501554,0.0007288974329035426,0.0008369603949798036,0.3459552968028431
2.295e-09,-2.2135581427133486e-08,1.9194709327354554e-08,0.3468403373597591,0.0012117733670244139,0.0012111648133853593,0.0011328209805206498,-1.1293409158258647e-07,9.125539529959472e-08,1.3484476808417094,0.0007327667637290082,0.0007295010745857721,0.0008379031836818802,0.34685812899703206
2.29875e-09,-2.2210596915854774e-08,1.92555098879396e-08,0.3477436060685379,0.0012122598326475354,0.0012116499303154661,0.0011330182590949187,-1.1326929391785299e-07,9.150118888471243e-08,1.3506479327427365,0.0007333715246910938,0.0007301036015142687,0.0008388451805382664,0.3477614841705123
2.3025e-09,-2.2285756869285436e-08,1.931641077598985e-08,0.34864739593685057,0.001212746193560914,0.0012121349418549423,0.0011332151384700687,-1.1360458050699242e-07,9.174715965959999e-08,1.3528481849424905,0.0007339751730694031,0.0007307050169165003,0.0008397863879428394,0.3486653606745519
2.30625e-09,-2.236106099590394e-08,1.9377411862720617e-08,0.3495517053226112,0.0012132324489471892,0.0012126198471896447,0.0011334116193106034,-1.1393994676923958e-07,9.199330550497922e-08,1.3550484374393692,0.0007345777120849267,0.0007313053240080344,0.0008407268082791654,0.34956975686639313
2.31e-09,-2.2436509001956616e-08,1.943851301824141e-08,0.35045653258968523,0.0012137185979948027,0.0012131046455112226,0.001133607702282881,-1.1427538820423689e-07,9.223962430837012e-08,1.3572486902317664,0.0007351791449467916,0.0007319045259927342,0.0008416664439207374,0.3504746711092305
2.3137499999999998e-09,-2.2512100591509103e-08,1.949971411163217e-08,0.3513618761078713,0.001214204639897971,0.0012135893360170915,0.0011338033880550769,-1.1461090031789742e-07,9.248611398763828e-08,1.359448943318084,0.0007357794748523896,0.0007325026260626298,0.0008426052972307943,0.35138010177218937
2.3175e-09,-2.2587835466439683e-08,1.9561015010890435e-08,0.35226773425287744,0.0012146905738566528,0.0012140739179103916,0.0011339986772971457,-1.149464785787614e-07,9.273277237641578e-08,1.3616491966967195,0.0007363787049873198,0.0007330996273979615,0.0008435433705623596,0.35228604723030543
2.32125e-09,-2.266371332636496e-08,1.9622415582917895e-08,0.35317410540630034,0.001215176399076513,0.0012145583903999577,0.0011341935706807818,-1.1528211829391426e-07,9.297959738972076e-08,1.3638494503660747,0.0007369768385255379,0.0007336955331671485,0.0008444806662583327,0.35319250586450257
2.325e-09,-2.2739733868604482e-08,1.96839156936466e-08,0.35408098795560566,0.0012156621147688912,0.0012150427527002933,0.001134388068879375,-1.1561781482085845e-07,9.322658695861117e-08,1.366049704324555,0.000737573878629307,0.0007342903465270696,0.0008454171866513755,0.35409947606157216
2.32875e-09,-2.281589678829225e-08,1.9745515207900675e-08,0.35498838029410323,0.0012161477201507707,0.0012155270040315274,0.0011345821725679839,-1.1595356374060276e-07,9.347373903080194e-08,1.3682499585705665,0.0007381698284493005,0.0007348840706229918,0.0008463529340641695,0.3550069562141517
2.3325e-09,-2.289220177854028e-08,1.980721398961021e-08,0.3558962808209306,0.0012166332144447447,0.0012160111436193878,0.0011347758824232885,-1.1628936070005616e-07,9.372105157535774e-08,1.370450213102519,0.0007387646911244336,0.0007354767085886054,0.0008472879108094426,0.355914944720704
2.33625e-09,-2.2968648530371816e-08,1.98690119016087e-08,0.35680468794102943,0.0012171185968789817,0.0012164951706951689,0.001134969199123554,-1.166252012700337e-07,9.396852248799228e-08,1.3726504679188203,0.0007393584697820334,0.0007360682635459676,0.0008482221191897671,0.35682343998549565
2.3399999999999998e-09,-2.3045236732775735e-08,1.993090880577832e-08,0.3577136000651227,0.0012176038666872004,0.0012169790844956984,0.0011351621233485999,-1.1696108106365825e-07,9.421614965060946e-08,1.374850723017885,0.0007399511675380559,0.0007366587386055409,0.0008491555614978117,0.3577324404185765
2.34375e-09,-2.312196607267881e-08,1.9992904562945728e-08,0.3586230156096986,0.0012180890231086308,0.0012174628842633079,0.001135354655779759,-1.1729699561347555e-07,9.446393107486906e-08,1.3770509783981268,0.0007405427874969102,0.0007372481368664511,0.0008500882400164123,0.3586419444357587
2.3475e-09,-2.3198836234884733e-08,2.0054999033000033e-08,0.3595329329969845,0.001218574065387985,0.0012179465692457958,0.001135546797099839,-1.1763294048426658e-07,9.471186470869994e-08,1.3792512340579663,0.0007411333327514859,0.0007378364614164116,0.0008510201570185397,0.35955195045859545
2.35125e-09,-2.327584690221206e-08,2.0117192074846825e-08,0.3604433506549295,0.0012190589927754257,0.0012184301386964035,0.0011357385479930902,-1.1796891127004978e-07,9.495994850011787e-08,1.3814514899958195,0.0007417228063831634,0.0007384237153317293,0.0008519513147672203,0.3604624569143605
2.355e-09,-2.3352997755450924e-08,2.0179483546418244e-08,0.3613542670171834,0.0012195438045265372,0.0012189135918737758,0.0011359299091451705,-1.1830490367842537e-07,9.520818040130402e-08,1.3836517462101119,0.0007423112114620686,0.0007390099016772205,0.0008528817155156449,0.36137346223602695
2.35875e-09,-2.3430288473498542e-08,2.0241873304690873e-08,0.36226568052307345,0.001220028499902289,0.001219396928041935,0.001136120881243106,-1.186409133374675e-07,9.545655830992199e-08,1.385852002699264,0.0007428985510472241,0.0007395950235063826,0.0008538113615075107,0.36228496486224704
2.3625e-09,-2.3507718733211953e-08,2.030436120560103e-08,0.3631775896175859,0.001220513078169009,0.00121988014647025,0.0011363114649752643,-1.1897693585600718e-07,9.570508011945176e-08,1.3880522594616997,0.0007434848281860938,0.0007401790838615098,0.0008547402549763456,0.3631969632373314
2.36625e-09,-2.3585288209491863e-08,2.0366947104118884e-08,0.36408999275134446,0.0012209975385983499,0.0012203632464334016,0.0011365016610313105,-1.1931296687817865e-07,9.595374376914179e-08,1.3902525164958532,0.0007440700459148764,0.0007407620857735969,0.0008556683981459348,0.36410945581122767
2.37e-09,-2.366299657530944e-08,2.0429630854274086e-08,0.36500288838059053,0.0012214818804672607,0.0012208462272113548,0.0011366914701021788,-1.1964900213475036e-07,9.620254731995013e-08,1.3924527738001526,0.0007446542072585735,0.0007413440322623743,0.00085659579323038,0.3650224410395009
2.37375e-09,-2.3740843501768038e-08,2.0492412309253484e-08,0.3659162749671627,0.0012219661030579538,0.001221329088089329,0.0011368808928800393,-1.1998503733341102e-07,9.64514888031146e-08,1.3946530313730283,0.0007452373152309418,0.0007419249263364374,0.0008575224424339518,0.36593591738331266
2.3775e-09,-2.381882865807662e-08,2.0555291321314098e-08,0.3668301509784738,0.0012224502056578785,0.0012218118283577615,0.0011370699300582582,-1.203210681687357e-07,9.67005662153198e-08,1.3968532892129195,0.000745819372834537,0.0007425047709932004,0.0008584483479512305,0.36684988330940016
2.38125e-09,-2.3896951711536845e-08,2.0618267741799846e-08,0.36774451488749405,0.0012229341875596837,0.0012222944473122852,0.0011372585823313781,-1.2065709024333446e-07,9.69497775255558e-08,1.3990535473182621,0.0007464003830606737,0.0007430835692190304,0.0008593735119671102,0.36776433729005625
2.385e-09,-2.3975212327525912e-08,2.0681341421156684e-08,0.36865936517272796,0.0012234180480611948,0.001222776944253695,0.0011374468503950728,-1.2099309924612807e-07,9.719912073535756e-08,1.4012538056874932,0.0007469803488897504,0.0007436613239892046,0.0008602979366569363,0.3686792778031095
2.38875e-09,-2.4053610169547805e-08,2.074451220890614e-08,0.3695747003181974,0.0012239017864653782,0.0012232593184879157,0.0011376347349461174,-1.2132909092497424e-07,9.744859378135628e-08,1.403454064319057,0.0007475592732912443,0.0007442380382679184,0.0008612216241864044,0.36959470333190303
2.3925e-09,-2.4132144899352306e-08,2.080777995361958e-08,0.3704905188134143,0.0012243854020803178,0.0012237415693259741,0.001137822236682361,-1.2166506112717393e-07,9.76981945817508e-08,1.4056543232113987,0.0007481371592235811,0.0007448137150084963,0.000862144576711745,0.37051061236527477
2.39625e-09,-2.4210816176941025e-08,2.087114450296215e-08,0.3714068191533695,0.0012248688942191768,0.0012242236960839708,0.0011380093563026922,-1.2200100561455126e-07,9.794792116970165e-08,1.407854582362961,0.0007487140096342452,0.0007453883571533909,0.0008630667963795172,0.371427003397537
2.4e-09,-2.4289623660426477e-08,2.0934605703723488e-08,0.3723235998385075,0.0012253522622001757,0.0012247056980830497,0.0011381960945070076,-1.2233692011841861e-07,9.819777141365291e-08,1.4100548417722012,0.0007492898274597701,0.0007459619676341809,0.0008639882853267,0.3723438749284568
2.40375e-09,-2.4368567006194182e-08,2.09981634017077e-08,0.3732408593747048,0.0012258355053465623,0.001225187574649365,0.0011383824519961819,-1.226728004598666e-07,9.84477433420273e-08,1.4122551014375628,0.0007498646156257958,0.0007465345493716017,0.0008649090456808163,0.3732612254632351
2.4075e-09,-2.444764586889335e-08,2.1061817441888597e-08,0.37415859627325426,0.0012263186229865737,0.0012256693251140574,0.001138568429472035,-1.2300864236334673e-07,9.869783486689363e-08,1.4144553613575048,0.0007504383770470512,0.0007471061052755933,0.0008658290795598944,0.3741790535124875
2.41125e-09,-2.452685990128314e-08,2.1125567668312692e-08,0.3750768090508427,0.00122680161445342,0.001226150948813223,0.001138754027637307,-1.2334444146341676e-07,9.894804387893577e-08,1.416655621530482,0.0007510111146274787,0.000747676638245162,0.0008667483890725293,0.3750973575922235
2.415e-09,-2.460620875435803e-08,2.118941392400583e-08,0.37599549622953016,0.001227284479085246,0.0012266324450878852,0.0011389392471956212,-1.2368019352039356e-07,9.919836825704617e-08,1.4188558819549535,0.0007515828312602978,0.0007482461511686075,0.0008676669763181341,0.3760161362238271
2.41875e-09,-2.468569207732673e-08,2.125335605117435e-08,0.3769146563367333,0.0012277672162251038,0.0012271138132839623,0.0011391240888514599,-1.2401589428141198e-07,9.944880596930873e-08,1.4210561426293822,0.0007521535298280436,0.0007488146469235607,0.0008685848433870634,0.3769353879340368
2.4225e-09,-2.476530951770051e-08,2.1317393891080356e-08,0.3778342879052003,0.0012282498252209311,0.0012275950527522418,0.0011393085533101333,-1.243515395485982e-07,9.969935501555154e-08,1.4232564035522293,0.0007527232132026623,0.000749382128376942,0.0008695019923603516,0.37785511125492566
2.42625e-09,-2.484506072126342e-08,2.1381527284192713e-08,0.37875438947299794,0.0012287323054255117,0.0012280761628483542,0.0011394926412777527,-1.246871251288256e-07,9.995001341432652e-08,1.4254566647219633,0.0007532918842455142,0.0007499485983849701,0.0008704184253098686,0.37877530472388216
2.43e-09,-2.492494533211858e-08,2.144575607011472e-08,0.37967495958348463,0.0012292146561964565,0.0012285571429327387,0.0011396763534611961,-1.250226468620537e-07,1.0020077913398741e-07,1.427656926137051,0.0007538595458072726,0.0007505140597932231,0.0008713341442981427,0.37969596688358975
2.4337499999999998e-09,-2.5004962992706917e-08,2.1510080087595764e-08,0.3805959967852967,0.0012296968768961707,0.0012290379923706196,0.0011398596905680882,-1.2535810067809736e-07,1.0045165010683921e-07,1.4298571877959665,0.0007544262007278547,0.0007510785154367316,0.0008722491513783008,0.3806170962820072
2.4375e-09,-2.5085113343923728e-08,2.1574499174418234e-08,0.38151749963232534,0.0012301789668918265,0.0012295187105319787,0.001140042653306762,-1.2569348252130874e-07,1.0070262414147058e-07,1.4320574496971858,0.0007549918518366668,0.0007516419681400312,0.0008731634485942572,0.3815386914723499
2.44125e-09,-2.51653960250396e-08,2.1639013167476936e-08,0.3824394666836971,0.0012306609255553363,0.0012299992967915228,0.001140225242386243,-1.2602878825491633e-07,1.0095369917319101e-07,1.4342577118391815,0.0007555565019527239,0.0007522044207171854,0.0008740770379809036,0.3824607510130693
2.445e-09,-2.52458106736752e-08,2.1703621902783328e-08,0.38336189650375885,0.0012311427522633208,0.0012304797505286607,0.0011404074585162113,-1.26364013743149e-07,1.012048731370219e-07,1.4364579742204338,0.0007561201538844986,0.0007527658759718321,0.0008749899215639461,0.3833832734678342
2.44875e-09,-2.532635692586926e-08,2.1768325215478963e-08,0.3842847876620504,0.0012316244463970905,0.0012309600711274743,0.0011405893024069818,-1.266991548219262e-07,1.01456143973086e-07,1.4386582368394245,0.0007566828104300695,0.0007533263366971541,0.0008759021013599772,0.3843062574055104
2.4525e-09,-2.540703441596274e-08,2.1833122939868314e-08,0.38520813873329374,0.001232106007342606,0.0012314402579766876,0.0011407707747694703,-1.2703420727899736e-07,1.0170750964393842e-07,1.4408584996946388,0.0007572444743770719,0.0007538858056759985,0.0008768135793763913,0.3852297014001428
2.45625e-09,-2.5487842776734565e-08,2.1898014909384154e-08,0.3861319482973671,0.0012325874344904608,0.0012319203104696455,0.0011409518763151733,-1.2736916704091598e-07,1.0195896812112535e-07,1.443058762784563,0.0007578051485027992,0.0007544442856809739,0.0008777243576117357,0.38615360403093457
2.46e-09,-2.5568781639387117e-08,2.1963000956705922e-08,0.3870562149392885,0.001233068727235848,0.0012324002280042839,0.001141132607756144,-1.2770403002245206e-07,1.0221051746511276e-07,1.4452590261076863,0.0007583648355742585,0.0007550017794744258,0.0008786344380555651,0.38707796388222915
2.46375e-09,-2.564985063353184e-08,2.2028080913689533e-08,0.38798093724919697,0.0012335498849785384,0.0012328800099830992,0.001141312969804955,-1.280387920286371e-07,1.0246215562530996e-07,1.447459289662503,0.0007589235383482434,0.0007555582898083771,0.000879543822688404,0.38800277954349
2.4675e-09,-2.5731049387215182e-08,2.2093254611341642e-08,0.388906113822333,0.0012340309071228487,0.001233359655813128,0.0011414929631746826,-1.2837344898744167e-07,1.0271388052776563e-07,1.4496595534475039,0.000759481259571363,0.000756113819424605,0.0008804525134819159,0.38892804960928257
2.47125e-09,-2.581237752693341e-08,2.2158521879810862e-08,0.3898317432590182,0.0012345117930776157,0.0012338391649059147,0.001141672588578881,-1.28707996902747e-07,1.0296569014628562e-07,1.4518598174611925,0.0007600380019800387,0.0007566683710546531,0.0008813605123989767,0.38985377267925425
2.475e-09,-2.58938346777854e-08,2.2223882548477864e-08,0.3907578241646374,0.0012349925422561743,0.0012343185366774883,0.0011418518467315496,-1.290424318487334e-07,1.0321758239102806e-07,1.4540600817020615,0.0007605937683005017,0.0007572219474198992,0.0008822678213933745,0.3907799473581158
2.47875e-09,-2.597542046341896e-08,2.2289336445798466e-08,0.39168435514962,0.0012354731540763228,0.0012347977705483343,0.0011420307383471157,-1.2937674973811666e-07,1.0346955510992861e-07,1.4562603461686243,0.0007611485612488291,0.0007577745512317477,0.000883174442410106,0.39170657225562244
2.4825e-09,-2.6057134505913922e-08,2.235488339935805e-08,0.392611334829421,0.0012359536279603072,0.00123527686594337,0.0011422092641404117,-1.297109464926954e-07,1.0372160621010735e-07,1.4584606108593745,0.0007617023835310447,0.0007583261851914384,0.000884080377385416,0.3926336459865551
2.48625e-09,-2.6138976425868035e-08,2.2420523235916678e-08,0.39353876182450065,0.001236433963334783,0.0012357558222919158,0.0011423874248266378,-1.3004501808716478e-07,1.0397373363437213e-07,1.4606608757728294,0.000762255237843166,0.0007588768519901813,0.0008849856282467702,0.3935611671707009
2.49e-09,-2.6220945842481117e-08,2.248625578145545e-08,0.39446663476030625,0.0012369141596308003,0.00123623463902767,0.001142565221121355,-1.3037896053912405e-07,1.042259353280999e-07,1.4628611409074959,0.0007628071268711556,0.0007594265543092134,0.0008858901969129294,0.39448913443283495
2.49375e-09,-2.6303042373468673e-08,2.2552080861094993e-08,0.3953949522672564,0.0012373942162837688,0.0012367133155886867,0.0011427426537404517,-1.3071276989285777e-07,1.0447820924997944e-07,1.4650614062618899,0.000763358053291016,0.0007599752948199212,0.0008867940852940366,0.39541754640270177
2.4975e-09,-2.6385265635179197e-08,2.2617998299232564e-08,0.3963237129807171,0.0012378741327334387,0.0012371918514173443,0.0011429197234001174,-1.3104644222169066e-07,1.0473055339218431e-07,1.4672616718345295,0.0007639080197688585,0.0007605230761837247,0.000887697295291515,0.3963464017149959
2.50125e-09,-2.6467615242638334e-08,2.2684007919441577e-08,0.3972529155409879,0.001238353908423871,0.0012376702459603228,0.0011430964308168326,-1.3137997359656844e-07,1.0498296577900163e-07,1.4694619376239302,0.0007644570289608617,0.0007610699010519904,0.0008885998287983069,0.3972756990093439
2.505e-09,-2.65500908094089e-08,2.275010954458521e-08,0.3981825585932793,0.0012388335428034141,0.001238148498668578,0.0011432727767073298,-1.317133600956679e-07,1.0523544445076637e-07,1.471662203628615,0.0007650050835132519,0.000761615772066414,0.0008895016876986197,0.39820543693028576
2.50875e-09,-2.6632691947756906e-08,2.281630299676007e-08,0.3991126407876978,0.0012393130353246773,0.0012386266089973173,0.0011434487617885806,-1.3204659771103293e-07,1.0548798735115009e-07,1.4738624698471108,0.0007655521860624764,0.0007621606918588459,0.000890402873867945,0.39913561412725607
2.5125e-09,-2.671541826847124e-08,2.2882588097254174e-08,0.40004316077922464,0.0012397923854445064,0.0012391045764059722,0.0011436243867777765,-1.3237968239196035e-07,1.0574059238683415e-07,1.4760627362779453,0.0007660983392351576,0.0007627046630514101,0.0008913033891732638,0.40006622925456564
2.51625e-09,-2.6798269380939485e-08,2.2948964666567685e-08,0.4009741172277001,0.0012402715926239578,0.001239582400358175,0.0011437996523922934,-1.327126101700933e-07,1.0599325756523014e-07,1.4782630029196462,0.0007666435456482876,0.0007632476882564296,0.0008922032354729263,0.4009972809713833
2.52e-09,-2.6881244893218847e-08,2.3015432524440982e-08,0.4019055087978026,0.0012407506563282729,0.001240060080321732,0.0011439745593496843,-1.3304537716616643e-07,1.0624598081551926e-07,1.4804632697707483,0.0007671878079091283,0.0007637897700764443,0.0008931024146168315,0.40192876794171783
2.52375e-09,-2.6964344412050354e-08,2.3081991489818972e-08,0.40283733415903134,0.0012412295760268561,0.0012405376157686007,0.0011441491083676487,-1.3337797953466606e-07,1.0649876008467053e-07,1.4826635368297894,0.0007677311286152263,0.0007643309111043641,0.0008940009284464566,0.40286068883439885
2.5275e-09,-2.704756754298569e-08,2.314864138093929e-08,0.4037695919856884,0.0012417083511932468,0.0012410150061748667,0.0011443233001640135,-1.3371041354497455e-07,1.0675159340936783e-07,1.4848638040953073,0.0007682735103545129,0.00076487111392357,0.0008948987787948565,0.4037930423230592
2.53125e-09,-2.713091389031859e-08,2.3215382015260724e-08,0.4047022809568612,0.0012421869813050977,0.0012414922510207123,0.0011444971354567137,-1.3404267537570386e-07,1.070044787622183e-07,1.4870640715658408,0.0007688149557052986,0.0007654103811078587,0.0008957959674868403,0.40472582708611693
2.535e-09,-2.7214383057092887e-08,2.328221320950599e-08,0.4056353997564024,0.0012426654658441493,0.0012419693497904023,0.00114467061496377,-1.3437476120316855e-07,1.0725741405019852e-07,1.4892643392399392,0.000769355467236384,0.0007659487152214654,0.0008966924963387553,0.40565904180675694
2.53875e-09,-2.72979746451203e-08,2.3349134779573644e-08,0.40656894707291386,0.0012431438042962023,0.0012424463019722466,0.0011448437394032684,-1.3470666714216172e-07,1.075103972245344e-07,1.4914646071161444,0.0007698950475070482,0.000766486118819041,0.0008975883671587944,0.4065926851729128
2.5425e-09,-2.738168825487582e-08,2.3416146540678047e-08,0.40750292159972756,0.0012436219961510992,0.00124292310705859,0.0011450165094933403,-1.350383892726518e-07,1.0776342631567631e-07,1.4936648751930106,0.0007704336990671086,0.0007670225944457162,0.0008984835817468467,0.4075267558772492
2.54625e-09,-2.7465523485592904e-08,2.3483248307309243e-08,0.4084373220348883,0.0012441000409026976,0.0012433997645457811,0.0011451889259521378,-1.353699237170503e-07,1.0801649931620776e-07,1.4958651434690886,0.0007709714244568949,0.0007675581446372217,0.0008993781418944251,0.40846125261714383
2.55e-09,-2.7549479935225245e-08,2.3550439893224274e-08,0.4093721470811351,0.001244577938048844,0.0012438762739341437,0.0011453609894978272,-1.3570126667538788e-07,1.0826961421093506e-07,1.4980654119429366,0.0007715082262073285,0.0007680927719199135,0.0009002720493847858,0.40939617409466933
2.5537499999999998e-09,-2.7633557200595748e-08,2.361772111145184e-08,0.41030739544588424,0.0012450556870913549,0.0012443526347279649,0.0011455327008485518,-1.3603241443472738e-07,1.0852276900620145e-07,1.5002656806131134,0.0007720441068400004,0.0007686264788108073,0.0009011653059929783,0.4103315190165755
2.5575e-09,-2.771775487739621e-08,2.3685091774334018e-08,0.4112430658412095,0.001245533287535988,0.0012448288464354622,0.0011457040607224225,-1.36363363359157e-07,1.0877596169622224e-07,1.5024659494781787,0.0007725790688671346,0.0007691592678175785,0.0009020579134858661,0.41126728609427204
2.56125e-09,-2.7802072560215914e-08,2.3752551693490888e-08,0.4121791569838285,0.0012460107388924254,0.0012453049085687621,0.0011458750698375001,-1.36694109788097e-07,1.0902919035333656e-07,1.5046662185366955,0.0007731131147915761,0.0007696911414385456,0.0009029498736221735,0.41220347404381036
2.565e-09,-2.788650984257084e-08,2.382010067992166e-08,0.4131156675950802,0.0012464880406742405,0.0012457808206438794,0.0011460457289117695,-1.370246501104661e-07,1.0928245314962275e-07,1.5068664877872353,0.0007736462471069105,0.0007702221021627788,0.0009038411881524841,0.4131400815858659
2.56875e-09,-2.7971066316897426e-08,2.3887738544054858e-08,0.41405259640091163,0.001246965192398884,0.0012462565821806896,0.0011462160386631294,-1.373549806525542e-07,1.0953574817282653e-07,1.5090667572283671,0.0007741784682975088,0.0007707521524701062,0.0009047318588191237,0.4140771074457207
2.5725e-09,-2.8055741574507994e-08,2.3955465095638832e-08,0.414989942131856,0.0012474421935876555,0.0012467321927029113,0.0011463859998093644,-1.376850977514402e-07,1.0978907348675898e-07,1.5112670268586657,0.0007747097808385566,0.0007712812948312081,0.0009056218873564735,0.41501455035324636
2.57625e-09,-2.8140535205718754e-08,2.4023280143734886e-08,0.41592770352302016,0.001247919043765682,0.001247207651738077,0.0011465556130681302,-1.380149978758411e-07,1.1004242710156424e-07,1.5134672966767035,0.0007752401871961191,0.0007718095317075479,0.0009065112754910517,0.4159524090428858
2.5799999999999998e-09,-2.822544679981751e-08,2.4091183496754862e-08,0.4168658793140628,0.001248395742461897,0.0012476829588175156,0.0011467248791569452,-1.3834467747988078e-07,1.1029580709436435e-07,1.515667566681061,0.000775769689827176,0.0007723368655516083,0.0009074000249414569,0.4168906822536361
2.58375e-09,-2.8310475945070125e-08,2.4159174962480832e-08,0.4178044682491807,0.001248872289209013,0.0012481581134763272,0.0011468937987931544,-1.3867413290655842e-07,1.1054921154902367e-07,1.517867836870319,0.0007762982911795179,0.0007728632988067544,0.0009082881374181774,0.41782936872903176
2.5875e-09,-2.8395622228683348e-08,2.4227254348032065e-08,0.41874346907708754,0.0012493486835435037,0.0012486331152533595,0.0011470623726939284,-1.3900336049243062e-07,1.1080263854144125e-07,1.520068107243067,0.0007768259936919163,0.0007733888339072505,0.0009091756146237775,0.4187684672171265
2.59125e-09,-2.8480885236785448e-08,2.4295421459926223e-08,0.41968288055100067,0.0012498249250055787,0.0012491079636911873,0.0011472306015762354,-1.393323565280955e-07,1.1105608612141993e-07,1.5222683777978891,0.0007773527997940859,0.000773913473278358,0.0009100624582529928,0.4197079764704763
2.595e-09,-2.8566264554422184e-08,2.4363676103990534e-08,0.4206227014286199,0.0012503010131391617,0.0012495826583360924,0.0011473984861568314,-1.3966111735873804e-07,1.1130955230025812e-07,1.5244686485333787,0.0007778787119066151,0.0007744372193364168,0.0009109486699925715,0.4206478952461228
2.59875e-09,-2.865175976562478e-08,2.4432018085407737e-08,0.42156293047211546,0.0012507769474918696,0.0012500571987380331,0.0011475660271522354,-1.3998963939612087e-07,1.1156303513993098e-07,1.5266689194481247,0.0007784037324412483,0.0007749600744887779,0.0009118342515215547,0.42158822230557547
2.6025e-09,-2.873737045342062e-08,2.4500447208740015e-08,0.4225035664481059,0.0012512527276149871,0.0012505315844506322,0.0011477332252787192,-1.4031791905635114e-07,1.1181653264759705e-07,1.5288691905407301,0.0007789278638009491,0.0007754820411338128,0.0009127192045112871,0.4225289564147951
2.60625e-09,-2.882309619984543e-08,2.456896327781369e-08,0.42344460812764295,0.001251728353063448,0.0012510058150311462,0.0011479000812522919,-1.4064595269730972e-07,1.1207004279658966e-07,1.5310694618097898,0.0007794511083798884,0.0007760031216610203,0.0009136035306251622,0.4234700963441765
2.61e-09,-2.890893658592431e-08,2.463756609586904e-08,0.42438605428619736,0.0012522038233958126,0.0012514798900404508,0.0011480665957886748,-1.4097373675981208e-07,1.1232356369387049e-07,1.5332697332539102,0.0007799734685632612,0.0007765233184510701,0.0009144872315188289,0.4244116408685313
2.61375e-09,-2.8994891191732106e-08,2.4706255465532254e-08,0.42532790370363505,0.0012526791381742449,0.0012519538090430145,0.0011482327696032922,-1.4130126775654428e-07,1.125770933873539e-07,1.5354700048716952,0.0007804949467273829,0.0007770426338758845,0.0009153703088402418,0.42535358876707186
2.6175e-09,-2.9080959596459245e-08,2.477503118875199e-08,0.42627015516421024,0.0012531542969644919,0.0012524275716068786,0.001148398603411256,-1.41628542203333e-07,1.1283062988918431e-07,1.5376702766617538,0.0007810155452398276,0.0007775610702987246,0.0009162527642295536,0.42629593882339345
2.62125e-09,-2.9167141378361883e-08,2.484389306688854e-08,0.42721280745653833,0.0012536292993358617,0.001252901177303635,0.0011485640979273463,-1.4195555648188123e-07,1.1308417130925183e-07,1.5398705486226987,0.0007815352664594811,0.0007780786300740632,0.0009171345993193075,0.4272386898254581
2.625e-09,-2.9253436114676876e-08,2.4912840900723886e-08,0.42815585937358563,0.0012541041448611999,0.001253374625708406,0.0011487292538659986,-1.4228230706217336e-07,1.133377157957225e-07,1.5420708207531448,0.0007820541127364048,0.0007785953155475524,0.0009180158157344429,0.428181840565578
2.62875e-09,-2.9339843381733486e-08,2.498187449046614e-08,0.4290993097126523,0.0012545788331168753,0.0012538479163998213,0.0011488940719412868,-1.4260879047998407e-07,1.1359126138812698e-07,1.5442710930517065,0.0007825720864120293,0.000779111129056264,0.0009188964150921929,0.4291253898403983
2.6325e-09,-2.9426362755080326e-08,2.5050993635685394e-08,0.43004315727535225,0.0012550533636827479,0.0012543210489599993,0.0011490585528669069,-1.4293500329317072e-07,1.1384480615149357e-07,1.5464713655170068,0.0007830891898191952,0.0007796260729286562,0.0009197763990021284,0.43006933645088063
2.63625e-09,-2.951299380931638e-08,2.512019813535828e-08,0.4309874008676007,0.001255527736142158,0.001254794022974523,0.0011492226973561642,-1.4326094206686865e-07,1.1409834817699154e-07,1.5486716381476695,0.0007836054252821169,0.000780140149484593,0.0009206557690664711,0.4310136792022872
2.64e-09,-2.9599736118208314e-08,2.5189487787861205e-08,0.4319320392995952,0.0012560019500819015,0.001255266838032422,0.0011493865061219613,-1.4358660337225106e-07,1.143518855449337e-07,1.5508719109423181,0.0007841207951164996,0.0007806533610353777,0.0009215345268800622,0.4319584169041638
2.64375e-09,-2.9686589254699377e-08,2.5258862391046263e-08,0.4328770713857985,0.001256476005092204,0.0012557394937261505,0.0011495499798767769,-1.4391198373373087e-07,1.1460541636429155e-07,1.553072183899586,0.0007846353016295097,0.0007811657098837596,0.0009224126740302476,0.4329035483703233
2.6475e-09,-2.9773552790795997e-08,2.5328321742154836e-08,0.4338224959449245,0.0012569499007667106,0.0012562119896515661,0.0011497131193326567,-1.4423707966703677e-07,1.1485893877603758e-07,1.5552724570181071,0.0007851489471198276,0.0007816771983240414,0.0009232902120969991,0.4338490724188293
2.65125e-09,-2.986062629772512e-08,2.5397865637939357e-08,0.43476831179992276,0.0012574236367024559,0.0012566843254079088,0.0011498759252011972,-1.4456188776191385e-07,1.1511245096891768e-07,1.5574727302965112,0.0007856617338775523,0.0007821878286420324,0.0009241671426527238,0.4347949878719803
2.655e-09,-2.994780934585077e-08,2.5467493874608675e-08,0.4357145177779564,0.001257897212499848,0.001257156500597784,0.0011500383981935304,-1.4488640462570123e-07,1.15365951128516e-07,1.559673003733446,0.0007861736641843392,0.0007826976031151198,0.0009250434672624633,0.4357412935562927
2.65875e-09,-3.003510150476132e-08,2.553720624785262e-08,0.43666111271039276,0.0012583706277626474,0.0012576285148271369,0.0011502005390203116,-1.45210626879881e-07,1.156194374449644e-07,1.5618732773275423,0.0007866847403135551,0.0007832065240122338,0.0009259191874839748,0.4366879883024852
2.6625e-09,-3.012250234325484e-08,2.5607002552904257e-08,0.43760809543278295,0.0012588438820979463,0.0012581003677052372,0.0011503623483917049,-1.4553455111065172e-07,1.1587290806467124e-07,1.5640735510774537,0.0007871949645301895,0.0007837145935939997,0.0009267943048676337,0.43763507094546206
2.66625e-09,-3.0210011429264695e-08,2.567688258438658e-08,0.4385554647848486,0.0012593169751161492,0.0012585720588446554,0.0011505238270173733,-1.4585817388222648e-07,1.1612636112768196e-07,1.5662738249818255,0.0007877043390908746,0.0007842218141126787,0.0009276688209564485,0.43858254032429783
2.67e-09,-3.029762832997653e-08,2.5746846136459677e-08,0.4395032196104632,0.0012597899064309534,0.0012590435878612432,0.0011506849756064618,-1.461814917896282e-07,1.1637979476460487e-07,1.5684740990393073,0.0007882128662439448,0.000784728187812278,0.0009285427372861816,0.43953039528222065
2.6737499999999998e-09,-3.038535261172515e-08,2.5816893002670914e-08,0.44045135875763675,0.0012602626756593243,0.0012595149543741192,0.001150845794867582,-1.4650450139350034e-07,1.1663320705566382e-07,1.5706743732485546,0.0007887205482295051,0.0007852337169285336,0.0009294160553854385,0.44047863466659626
2.6775e-09,-3.0473183840051476e-08,2.588702297606526e-08,0.44139988107850175,0.0012607352824214853,0.0012599861580056397,0.0011510062855087995,-1.4682719926940624e-07,1.1688659613724917e-07,1.572874647608225,0.0007892273872793326,0.0007857384036890392,0.0009302887767755638,0.4414272573289127
2.68125e-09,-3.0561121579700317e-08,2.5957235849178936e-08,0.4423487854292955,0.0012612077263408886,0.0012604571983813847,0.001151166448237634,-1.4714958200855356e-07,1.171399602997375e-07,1.5750749221169755,0.0007897333856169652,0.0007862422503131837,0.0009311609029706133,0.4423762621247639
2.685e-09,-3.064916539468656e-08,2.6027531414113315e-08,0.44329807067034427,0.0012616800070441993,0.0012609280751301405,0.0011513262837610273,-1.474716463027026e-07,1.1739329770870978e-07,1.5772751967734708,0.0007902385454578024,0.0007867452590121378,0.0009320324354775695,0.44332564791383394
2.68875e-09,-3.073731484826265e-08,2.609790946243625e-08,0.4442477356660477,0.0012621521241612753,0.001261398787883876,0.0011514857927853457,-1.477933888597711e-07,1.176466065148006e-07,1.579475471576376,0.0007907428690091454,0.0007872474319889905,0.0009329033757963355,0.4442754135598813
2.6925e-09,-3.082556950302628e-08,2.6168369785212765e-08,0.4451977792848648,0.0012626240773251525,0.0012618693362777223,0.001151644976016357,-1.4811480642772224e-07,1.1789988488650253e-07,1.5816757465243647,0.000791246358470233,0.0007877487714387502,0.0009337737254197601,0.4452255579307235
2.69625e-09,-3.091392892088121e-08,2.6238912173043828e-08,0.4461482003992956,0.0012630958661720166,0.001262339719949959,0.0011518038341592235,-1.48435895729075e-07,1.1815313098947557e-07,1.583876021616107,0.0007917490160322341,0.0007882492795482853,0.000934643485833637,0.4461760798982209
2.7e-09,-3.100239266306882e-08,2.630953641599825e-08,0.4470989978858672,0.0012635674903411923,0.0012628099385419912,0.001151962367918492,-1.4875665349557044e-07,1.184063429398869e-07,1.5860762968502742,0.0007922508438782972,0.0007887489584964102,0.0009355126585168429,0.4471269783382617
2.70375e-09,-3.109096029008087e-08,2.638024230362455e-08,0.4480501706251175,0.0012640389494751202,0.0012632799916983317,0.00115212057799808,-1.4907707644679293e-07,1.1865951885119434e-07,1.5882765722255527,0.0007927518441835557,0.0007892478104540754,0.0009363812449412235,0.4480782521307458
2.7075e-09,-3.117963136179861e-08,2.645102962493498e-08,0.4490017175015819,0.0012645102432193378,0.0012637498790665793,0.001152278465101266,-1.4939716131502566e-07,1.1891265679519892e-07,1.5904768477406144,0.0007932520191152383,0.0007897458375843259,0.000937249246571699,0.4490299001595702
2.71125e-09,-3.126840543739879e-08,2.65218981684234e-08,0.44995363740377325,0.0012649813712224637,0.0012642196002974056,0.0011524360299306718,-1.4971690486130231e-07,1.1916575495353181e-07,1.5926771233941488,0.0007937513708326,0.0007902430420422063,0.0009381166648660548,0.4499819213126125
2.715e-09,-3.135728207544657e-08,2.6592847722126378e-08,0.45090592922417155,0.0012654523331361743,0.0012646891550445315,0.0011525932731882552,-1.5003630384218476e-07,1.1941881150096802e-07,1.5948773991848466,0.000794249901486991,0.0007907394259748522,0.0009389835012750938,0.4509343144817163
2.71875e-09,-3.1446260833816394e-08,2.666387807360011e-08,0.45185859185920557,0.0012659231286151883,0.0012651585429647105,0.0011527501955753037,-1.5035535502044654e-07,1.1967182457760395e-07,1.5970776751113953,0.000794747613221911,0.0007912349915215596,0.0009398497572427588,0.4518870785626757
2.7225e-09,-3.1535341269756294e-08,2.673498900988262e-08,0.4528116242092389,0.0012663937573172493,0.0012656277637177124,0.001152906797792418,-1.506740552009609e-07,1.199247923572992e-07,1.5992779511724875,0.0007952445081729924,0.0007917297408138114,0.0009407154342061512,0.45284021245521994
2.72625e-09,-3.162452293994532e-08,2.680618031756872e-08,0.4537650251785527,0.0012668642189031026,0.0012660968169662969,0.001153063080539495,-1.5099240122785894e-07,1.2017771310964299e-07,1.6014782273668224,0.0007957405884680837,0.0007922236759752789,0.0009415805335955242,0.45379371506299837
2.73e-09,-3.171380540043826e-08,2.6877451782866024e-08,0.4547187936753343,0.0012673345130364841,0.0012665657023762079,0.0011532190445157316,-1.5131038993626165e-07,1.2043058507175526e-07,1.603678503693101,0.0007962358562272308,0.0007927167991218351,0.0009424450568342983,0.45474758529356496
2.73375e-09,-3.180318820674653e-08,2.694880319153756e-08,0.4556729286116582,0.0012678046393840945,0.0012670344196161433,0.0011533746904196093,-1.516280181964795e-07,1.2068340643632918e-07,1.6058787801500212,0.0007967303135626916,0.000793209112361613,0.0009433090053392251,0.45570182205836396
2.7375e-09,-3.18926709137738e-08,2.70202343288807e-08,0.45662742890347463,0.001268274597615584,0.0012675029683577445,0.001153530018948872,-1.5194528285066398e-07,1.2093617542593302e-07,1.6080790567362966,0.0007972239625790423,0.000793700617795028,0.0009441723805202766,0.45665642427271413
2.74125e-09,-3.198225307589666e-08,2.709174497976326e-08,0.4575822934705896,0.00126874438740354,0.0012679713482755767,0.0011536850308005284,-1.522621808372703e-07,1.2118889028775444e-07,1.6102793334506307,0.0007977168053731836,0.0007941913175148134,0.0009450351837806527,0.4576113908557936
2.745e-09,-3.207193424697016e-08,2.7163334928660358e-08,0.4585375212366567,0.0012692140084234588,0.0012684395590471075,0.0011538397266708435,-1.5257870908698931e-07,1.2144154925785574e-07,1.612479610291739,0.0007982088440344718,0.0007946812136061007,0.0009458974165168411,0.45856672073062626
2.74875e-09,-3.216171398034303e-08,2.7235003959600717e-08,0.4594931111291558,0.0012696834603537377,0.0012689076003526945,0.0011539941072553168,-1.528948645771791e-07,1.216941505943717e-07,1.6146798872583366,0.0007987000806446068,0.0007951703081464123,0.0009467590801186901,0.4595224128240653
2.7525e-09,-3.225159182885746e-08,2.730675185623783e-08,0.4604490620793829,0.0012701527428756493,0.0012693754718755656,0.0011541481732486832,-1.5321064436578783e-07,1.2194669258830326e-07,1.6168801643491388,0.0007991905172777063,0.0007956586032057288,0.000947620175969399,0.46047846606677934
2.75625e-09,-3.234156734499949e-08,2.7378578401840425e-08,0.4614053730224323,0.0012706218556733284,0.0012698431733018003,0.0011543019253448985,-1.535260454479499e-07,1.2219917350527632e-07,1.619080441562875,0.0007996801560003792,0.0007961461008464592,0.0009484807054456138,0.4614348793932371
2.76e-09,-3.243164008068698e-08,2.745048337927298e-08,0.4623620428971835,0.001271090798433757,0.0012703107043203112,0.0011544553642371315,-1.538410648038809e-07,1.2245159162194595e-07,1.621280718898262,0.0008001689988716396,0.0007966328031234826,0.0009493406699174628,0.4623916517416935
2.76375e-09,-3.2521809587404564e-08,2.7522466570987156e-08,0.46331907064628525,0.0012715595708467393,0.0012707780646228327,0.0011546084906177527,-1.5415569943830203e-07,1.2270394519603087e-07,1.6234809963540333,0.000800657047942995,0.0007971187120842156,0.000950200070748562,0.4633487820541741
2.7675e-09,-3.2612075416182e-08,2.75945277590887e-08,0.46427645521614397,0.0012720281726048906,0.0012712452539038945,0.0011547613051783295,-1.5446994635901576e-07,1.229562325290569e-07,1.6256812739289166,0.0008011443052585408,0.000797603829768581,0.0009510589092958653,0.4643062692764611
2.77125e-09,-3.270243711757407e-08,2.766666672527965e-08,0.4652341955569053,0.0012724966034036184,0.001271712271860814,0.0011549138086096083,-1.547838025281461e-07,1.232084518866061e-07,1.627881551621647,0.000801630772854991,0.0007980881582090453,0.0009519171869098212,0.46526411235807885
2.775e-09,-3.2792894241674574e-08,2.7738883250883516e-08,0.4661922906224408,0.0012729648629411065,0.0012721791181936736,0.0011550660016015149,-1.5509726496428902e-07,1.234606015497908e-07,1.630081829430962,0.0008021164527615995,0.0007985716994307477,0.0009527749049343359,0.4662223102522786
2.77875e-09,-3.28834463381199e-08,2.7811177116838418e-08,0.4671507393703359,0.0012734329509182932,0.0012726457926053028,0.0011552178848431409,-1.5541033064585957e-07,1.237126797955844e-07,1.632282107355602,0.000802601347000199,0.0007990544554514604,0.000953632064706932,0.4671808619160248
2.7825e-09,-3.297409295608164e-08,2.78835481036976e-08,0.4681095407618718,0.0012739008670388616,0.0012731122948012666,0.00115536945902274,-1.5572299658295807e-07,1.239646848676636e-07,1.6344823853943076,0.0008030854575852697,0.0007995364282816434,0.0009544886675587848,0.46813976630998066
2.78625e-09,-3.306483364430023e-08,2.7955995991660035e-08,0.4690686937620151,0.0012743686110092158,0.0012735786244898431,0.0011555207248277076,-1.560352598000011e-07,1.2421661505695236e-07,1.636682663545833,0.0008035687865240365,0.0008000176199244413,0.0009553447148148228,0.46909902239849355
2.79e-09,-3.3155667951087946e-08,2.802852056052797e-08,0.4700281973393998,0.001274836182538471,0.0012740447813820112,0.0011556716829445863,-1.5634711730232508e-07,1.2446846869481457e-07,1.6388829418089212,0.0008040513358164985,0.0008004980323757743,0.0009562002077935841,0.4700586291495808
2.7937499999999998e-09,-3.324659542433163e-08,2.810112158978103e-08,0.47098805046631514,0.001275303581338432,0.0012745107651914312,0.0011558223340590497,-1.5665856607787723e-07,1.2472024405966172e-07,1.6410832201823267,0.000804533107455378,0.0008009776676243628,0.0009570551478071271,0.47101858553491543
2.7975e-09,-3.333761561142304e-08,2.817379885848762e-08,0.47194825211869024,0.0012757708071235764,0.00127497657563443,0.001155972678855897,-1.569696031859852e-07,1.2497193940915644e-07,1.6432834986648055,0.000805014103426153,0.0008014565276517123,0.0009579095361611806,0.47197889052981234
2.80125e-09,-3.342872805939924e-08,2.8246552145398384e-08,0.47290880127608176,0.0012762378596110433,0.001275442212429982,0.0011561227180190386,-1.5728022563707843e-07,1.2522355308815758e-07,1.6454837772551172,0.0008054943257071007,0.0008019346144321277,0.0009587633741550999,0.4729395431132137
2.805e-09,-3.3519932314831204e-08,2.8319381228929933e-08,0.473869696921659,0.0012767047385206104,0.0012759076752997002,0.0011562724522315004,-1.5759043048195878e-07,1.254750834540275e-07,1.6476840559520236,0.0008059737762694038,0.0008024119299327101,0.0009596166630820027,0.4739005422676749
2.80875e-09,-3.361122792396064e-08,2.839228588716609e-08,0.4748309380421884,0.0012771714435746836,0.001276372963967809,0.001156421882175406,-1.579002148287429e-07,1.25726528796081e-07,1.6498843347542902,0.0008064524570771871,0.0008028884761134344,0.0009604694042287706,0.47486188697935117
2.8125e-09,-3.3702614432621386e-08,2.846526589780698e-08,0.47579252362802155,0.0012776379744982782,0.0012768380781611368,0.0011565710085319728,-1.5820957583271955e-07,1.2597788747329658e-07,1.6520846136606835,0.0008069303700874415,0.0008033642549272099,0.0009613215988761317,0.4758235762379829
2.81625e-09,-3.3794091386363124e-08,2.853832103832889e-08,0.47675445267308114,0.0012781043310190017,0.0012773030176090967,0.0011567198319815,-1.5851851068608363e-07,1.2622915782305863e-07,1.6542848926699794,0.0008074075172500696,0.0008038392683198822,0.0009621732482986726,0.476785609036882
2.8199999999999998e-09,-3.388565833038485e-08,2.861145108580842e-08,0.47771672417484495,0.0012785705128670383,0.0012777677820436694,0.0011568683532033716,-1.5882701652981945e-07,1.2648033813025833e-07,1.6564851717809455,0.0008078839005078841,0.0008043135182302527,0.0009630243537648326,0.4777479843729178
2.82375e-09,-3.397731480954908e-08,2.8684655816983462e-08,0.47867933713433464,0.0012790365197751377,0.001278232371199392,0.001157016572876035,-1.5913509048113754e-07,1.267314267249999e-07,1.6586854509923659,0.000808359521796661,0.0008047870065901154,0.0009638749165369172,0.47871070124650417
2.8275e-09,-3.4069060368367023e-08,2.875793500826675e-08,0.47964229055610114,0.0012795023514785926,0.001278696784813336,0.0011571644916770062,-1.5944272967641447e-07,1.2698242193373162e-07,1.6608857303030162,0.0008088343830452149,0.0008052597353243132,0.0009647249378711977,0.47967375866158446
2.83125e-09,-3.4160894551007475e-08,2.8831288435778693e-08,0.48060558344820997,0.0012799680077152271,0.0012791610226250982,0.0011573121102828549,-1.5974993125743523e-07,1.2723332206204595e-07,1.663086009711686,0.0008093084861754392,0.0008057317063507546,0.0009655744190178733,0.4806371556256187
2.835e-09,-3.4252816901306137e-08,2.890471587527716e-08,0.4815692148222293,0.001280433488225379,0.0012796250843767779,0.0011574594293692001,-1.6005669231980955e-07,1.2748412548397102e-07,1.6652862892171578,0.000809781833102256,0.0008062029215803824,0.0009664233612210648,0.4816008911495695
2.83875e-09,-3.4344826962750365e-08,2.8978217102240294e-08,0.4825331836932147,0.0012808987927518869,0.0012800889698129673,0.0011576064496107055,-1.603630100258678e-07,1.277348305870601e-07,1.6674865688182217,0.0008102544257337363,0.0008066733829172886,0.0009672717657190263,0.48256496424788903
2.8425e-09,-3.443692427850586e-08,2.9051791891881857e-08,0.4834974890796962,0.0012813639210400719,0.0012805526786807376,0.0011577531716810666,-1.6066888154208244e-07,1.2798543575063285e-07,1.6696868485136747,0.0008107262659710618,0.0008071430922587115,0.0009681196337440462,0.4835293739385046
2.84625e-09,-3.452910839144947e-08,2.912544001909162e-08,0.4844621300036667,0.0012818288728377238,0.0012810162107296135,0.0011578995962530127,-1.6097430403406966e-07,1.2823593934458097e-07,1.6718871283023125,0.0008111973557085831,0.0008076120514950491,0.0009689669665222239,0.48449411924280594
2.85e-09,-3.4621378844121375e-08,2.9199161258542193e-08,0.4854271054905638,0.0012822936478950873,0.00128147956571157,0.0011580457239982896,-1.612792747519853e-07,1.2848633978264787e-07,1.674087408182925,0.0008116676968338667,0.000808080262509882,0.0009698137652737595,0.4854591991856312
2.85375e-09,-3.471373517885251e-08,2.9272955384575532e-08,0.48639241456926074,0.0012827582459648446,0.0012819427433810103,0.0011581915555876649,-1.615837909754653e-07,1.2873663549389236e-07,1.6762876881543307,0.0008121372912277108,0.0008085477271800986,0.0009706600312130343,0.4864246127952542
2.8575e-09,-3.480617693774343e-08,2.9346822171305526e-08,0.4873580562720529,0.0012832226668020989,0.0012824057434947529,0.0011583370916909141,-1.6188784995600501e-07,1.2898682488935088e-07,1.6784879682153235,0.0008126061407641033,0.0008090144473758277,0.0009715057655484357,0.48739035910337036
2.86125e-09,-3.48987036625779e-08,2.9420761392611222e-08,0.48832402963464083,0.0012836869101643656,0.0012828685658120163,0.0011584823329768138,-1.621914489373371e-07,1.2923690638610336e-07,1.680688248364718,0.0008130742473103318,0.0008094804249604369,0.0009723509694825897,0.4883564371450837
2.865e-09,-3.4991314894929404e-08,2.949477282208262e-08,0.4892903336961206,0.0012841509758115502,0.0012833312100944063,0.0011586272801131427,-1.6249458516985052e-07,1.2948687842433305e-07,1.6828885286013224,0.0008135416127270186,0.0008099456617906032,0.0009731956442121302,0.4893228459588942
2.86875e-09,-3.508401017612219e-08,2.9568856233078267e-08,0.49025696749896985,0.0012846148635059377,0.0012837936761058949,0.001158771933766663,-1.6279725593296295e-07,1.2973673943381023e-07,1.6850888089239524,0.0008140082388681135,0.0008104101597163332,0.0009740397909279458,0.4902895845866833
2.8725e-09,-3.517678904722005e-08,2.9643011398709165e-08,0.49122393008903487,0.0012850785730121775,0.0012842559636128147,0.0011589162946031304,-1.6309945849137426e-07,1.2998648782364079e-07,1.6872890893314296,0.0008144741275809205,0.0008108739205810025,0.0009748834108151609,0.49125665207370217
2.87625e-09,-3.526965104906441e-08,2.971723809181929e-08,0.4921912205155139,0.0012855421040972696,0.0012847180723838355,0.0011590603632872782,-1.634011900995256e-07,1.302361219863516e-07,1.6894893698225721,0.000814939280706128,0.0008113369462213969,0.0009757265050531292,0.49222404746855747
2.88e-09,-3.5362595722268234e-08,2.9791536084981562e-08,0.4931588378309505,0.0012860054565305454,0.0012851800021899575,0.0011592041404828092,-1.637024480586636e-07,1.304856403576071e-07,1.6916896503962033,0.000815403700077829,0.0008117992384677427,0.0009765690748153857,0.49319176982319934
2.88375e-09,-3.545562260720814e-08,2.986590515059061e-08,0.49412678109121483,0.0012864686300836595,0.0012856417528044907,0.0011593476268524007,-1.6400322971797022e-07,1.3073504141527995e-07,1.6938899310511546,0.0008158673875235558,0.0008122607991437257,0.0009774111212698278,0.4941598181929074
2.8875e-09,-3.554873124414261e-08,2.994034506077106e-08,0.4950950493554936,0.0012869316245305708,0.0012861033240030451,0.0011594908230576873,-1.6430353249371958e-07,1.3098432358141023e-07,1.6960902117862493,0.0008163303448643759,0.0008127216300664735,0.00097825264557877,0.4951281916362783
2.89125e-09,-3.564192117315159e-08,3.00148555873818e-08,0.4960636416862768,0.001287394439647531,0.0012865647155635117,0.0011596337297592643,-1.646033537680841e-07,1.3123348528010478e-07,1.6982904926003313,0.0008167925739148718,0.000813181733046648,0.0009790936488988599,0.4960968892152134
2.895e-09,-3.573519193410751e-08,3.0089436502098307e-08,0.4970325571493439,0.0012878570752130698,0.0012870259272660543,0.0011597763476166808,-1.6490269084928268e-07,1.3148252497059193e-07,1.7004907734922319,0.0008172540764831182,0.0008136411098884712,0.0009799341323809582,0.49706590999490463
2.89875e-09,-3.582854306673691e-08,3.0164087576375854e-08,0.49800179481375395,0.001288319531007978,0.001287486958893091,0.0011599186772884263,-1.6520154106089108e-07,1.3173144113619031e-07,1.7026910544607903,0.0008177148543707163,0.0008140997623897055,0.0009807740971703109,0.4980352530438226
2.9025e-09,-3.5921974110515175e-08,3.023880858143751e-08,0.4989713537518265,0.0012887818068152974,0.001287947810229281,0.001160060719431937,-1.65499901751757e-07,1.3198023226820868e-07,1.7048913355048505,0.0008181749093728716,0.0008145576923416978,0.0009816135444065408,0.4990049174337038
2.90625e-09,-3.601548460477454e-08,3.0313599288321165e-08,0.4999412330391381,0.0012892439024203071,0.001288408481061512,0.0011602024747035876,-1.6579777022592002e-07,1.3222889689027438e-07,1.7070916166232577,0.0008186342432784767,0.0008150149015294468,0.00098245247522375,0.49997490223953783
2.91e-09,-3.6109074088624475e-08,3.0388459467921664e-08,0.5009114317545005,0.001289705817610503,0.0012888689711788844,0.0011603439437586774,-1.6609514383352033e-07,1.3247743355146454e-07,1.7092918978148612,0.0008190928578700008,0.0008154713917316184,0.0009832908907504744,0.5009452065395545
2.9137499999999998e-09,-3.6202742101048874e-08,3.046338889093025e-08,0.5018819489799534,0.0012901675521755937,0.001289329280372701,0.0011604851272514422,-1.6639202000261624e-07,1.3272584079960646e-07,1.7114921790785163,0.0008195507549235596,0.0008159271647205015,0.0009841287921097794,0.5019158294152113
2.9175e-09,-3.6296488180863285e-08,3.0538387327923174e-08,0.502852783800752,0.0012906291059074794,0.0012897894084364485,0.001160626025835028,-1.6668839616374817e-07,1.3297411718522912e-07,1.7136924604130712,0.0008200079362089814,0.0008163822222620594,0.000984966180419213,0.5028867699511816
2.92125e-09,-3.6390311866814436e-08,3.061345454923709e-08,0.5038239353053522,0.0012910904786002405,0.0012902493551657872,0.0011607666401615134,-1.6698426976326568e-07,1.3322226118745942e-07,1.715892741817391,0.0008204644034897641,0.0008168365661159798,0.0009858030567908998,0.503858027235341
2.925e-09,-3.6484212697500185e-08,3.068859032507376e-08,0.5047954025853986,0.001291551670050126,0.0012907091203585384,0.0011609069708818742,-1.6727963826550768e-07,1.3347027131556686e-07,1.7180930232903358,0.0008209201585231606,0.0008172901980357088,0.0009866394223315969,0.5048296003587557
2.92875e-09,-3.6578190211419926e-08,3.0763794425412495e-08,0.5057671847357122,0.0012920126800555372,0.001291168703814666,0.0011610470186460065,-1.6757449914798494e-07,1.3371814613782508e-07,1.720293304830769,0.0008213752030601856,0.000817743119768459,0.0009874752781425804,0.5058014884156694
2.9325e-09,-3.6672243947013335e-08,3.0839066620126086e-08,0.5067392808542808,0.0012924735084170152,0.0012916281053362692,0.0011611867841027014,-1.67868849873153e-07,1.3396588421392762e-07,1.7224935864375601,0.0008218295388456729,0.0008181953330552272,0.0009883106253197145,0.5067736905034919
2.93625e-09,-3.676637344256127e-08,3.0914406678926075e-08,0.507711690042241,0.0012929341549372283,0.001292087324727567,0.0011613262678996643,-1.6816268792422295e-07,1.342134840825502e-07,1.7246938681095738,0.0008222831676182744,0.0008186468396308706,0.0009891454649535176,0.507746205722786
2.94e-09,-3.6860578236301817e-08,3.0989814371342634e-08,0.5086844114038728,0.0012933946194209603,0.001292546361794881,0.0011614654706834792,-1.684560107963573e-07,1.3446094427106122e-07,1.726894149845693,0.0008227360911104544,0.0008190976412241151,0.00098997979812908,0.5087190331772555
2.94375e-09,-3.695485786638009e-08,3.10652894667199e-08,0.5096574440465809,0.0012938549016750925,0.001293005216346628,0.0011616043930996309,-1.6874881598365403e-07,1.347082633238267e-07,1.729094431644786,0.000823188311048526,0.000819547739557577,0.000990813625926221,0.5096921719737331
2.9475e-09,-3.704921187083788e-08,3.1140831734296035e-08,0.5106307870808867,0.0012943150015085952,0.001293463888193305,0.0011617430357924894,-1.6904110095976954e-07,1.3495543982949054e-07,1.7312947135057397,0.0008236398291527301,0.0008199971363477224,0.0009916469494194997,0.5106656212221677
2.95125e-09,-3.714363978764243e-08,3.121644094316646e-08,0.5116044396204161,0.0012947749187325113,0.0012939223771474741,0.0011618813994053096,-1.6933286320142857e-07,1.352024723493868e-07,1.7334949954274321,0.0008240906471372404,0.0008204458333049606,0.0009924797696781401,0.5116393800356136
2.955e-09,-3.7238141154667595e-08,3.129211686228093e-08,0.5125784007818839,0.0012952346531599453,0.0012943806830237536,0.0011620194845802204,-1.6962410020489388e-07,1.3544935948377785e-07,1.7356952774087504,0.0008245407667101944,0.0008208938321336934,0.0009933120877661423,0.5126134475302164
2.95875e-09,-3.7332715509716296e-08,3.1367859260443796e-08,0.513552669685086,0.0012956942046060548,0.0012948388056388013,0.0011621572919582354,-1.699148094844552e-07,1.356960998869216e-07,1.7378955594485872,0.0008249901895737236,0.0008213411345322662,0.0009941439047422946,0.5135878228252031
2.9625e-09,-3.74273623905563e-08,3.144366790644938e-08,0.514527245452885,0.001296153572888026,0.0012952967448113053,0.0011622948221792352,-1.702049885497046e-07,1.35942692163802e-07,1.7400958415458287,0.0008254389174239155,0.0008217877421930291,0.0009949752216602012,0.5145625050428686
2.96625e-09,-3.752208133484548e-08,3.1519542568881714e-08,0.5155021272111987,0.001296612757825074,0.0012957545003619672,0.0011624320758819632,-1.704946349401772e-07,1.3618913489081416e-07,1.7422961236993777,0.0008258869519508706,0.0008222336568023585,0.0009958060395681926,0.5155374933085644
2.97e-09,-3.761687188020421e-08,3.159548301621069e-08,0.5164773140889888,0.0012970717592384214,0.0012962120721134915,0.001162569053704042,-1.7078374623642228e-07,1.3643542666383687e-07,1.7444964059081274,0.0008263342948387649,0.0008226788800406628,0.0009966363595095003,0.5165127867506868
2.97375e-09,-3.771173356425923e-08,3.1671489016810394e-08,0.5174528052182475,0.0012975305769512891,0.001296669459890578,0.0011627057562819405,-1.710723200182918e-07,1.366815660853393e-07,1.7466966881709807,0.0008267809477658616,0.000823123413582468,0.0009974661825222872,0.5174883845006648
2.9775e-09,-3.780666592461631e-08,3.17475603389434e-08,0.5184285997339891,0.0012979892107888855,0.0012971266635198988,0.0011628421842509924,-1.7136035391721792e-07,1.3692755175629248e-07,1.7488969704868385,0.0008272269124045209,0.0008235672590964381,0.000998295509639586,0.5184642856929484
2.98125e-09,-3.7901668498883775e-08,3.182369675069199e-08,0.5194046967742357,0.0012984476605783885,0.0012975836828300947,0.0011629783382453912,-1.7164784553594188e-07,1.3717338227852835e-07,1.751097252854611,0.0008276721904212299,0.0008240104182453688,0.0009991243418893416,0.5194404894649971
2.985e-09,-3.799674082461339e-08,3.189989802009566e-08,0.5203810954800023,0.0012989059261489394,0.0012980405176517605,0.0011631142188981666,-1.719347924545769e-07,1.374190562974616e-07,1.7532975352732103,0.0008281167834766228,0.0008244528926862083,0.0009999526802943759,0.5204169949572677
2.98875e-09,-3.809188243940966e-08,3.197616391510952e-08,0.5213577949952929,0.0012993640073316263,0.0012984971678174323,0.001163249826841213,-1.722211922696033e-07,1.3766457245288881e-07,1.7554978177415472,0.0008285606932255073,0.0008248946840700831,0.0010007805258724965,0.5213938013132031
2.9925e-09,-3.818709288080615e-08,3.205249420353071e-08,0.5223347944670823,0.001299821903959475,0.001298953633161571,0.001163385162705259,-1.7250704259969876e-07,1.3790992937862013e-07,1.7576981002585437,0.0008290039213168973,0.000825335794042324,0.001001607879636468,0.5223709076792207
2.99625e-09,-3.8282371686356535e-08,3.212888865310883e-08,0.5233120930453075,0.0013002796158674353,0.0012994099135205633,0.0011635202271198795,-1.7279234101734678e-07,1.381551257186425e-07,1.7598983828231123,0.0008294464693940049,0.0008257762242425073,0.00100243474259407,0.5233483132047001
3e-09,-3.837771839357808e-08,3.2205347031514606e-08,0.5242896898828565,0.001300737142892368,0.0012998660087326917,0.001163655020713489,-1.7307708511297627e-07,1.3840016013152385e-07,1.7620986654341826,0.000829888339094299,0.0008262159763044907,0.001003261115748064,0.5243260170419733
