time_s,mean_x_m,mean_y_m,mean_z_m,rms_x_m,rms_y_m,rms_z_m,mean_px_beta_gamma,mean_py_beta_gamma,mean_pz_beta_gamma,rms_px_beta_gamma,rms_py_beta_gamma,rms_pz_beta_gamma
0.000000000000000000e+00,0.000000000000000000e+00,0.000000000000000000e+00,nan,0.000000000000000000e+00,0.000000000000000000e+00,nan,0.000000000000000000e+00,0.000000000000000000e+00,2.008176307400388605e-01,0.000000000000000000e+00,0.000000000000000000e+00,3.620733260826033278e-02
1.751751751751752012e-11,0.000000000000000000e+00,0.000000000000000000e+00,nan,0.000000000000000000e+00,0.000000000000000000e+00,nan,0.000000000000000000e+00,0.000000000000000000e+00,2.008823784659133083e-01,0.000000000000000000e+00,0.000000000000000000e+00,3.678064082885866559e-02
3.503503503503504023e-11,0.000000000000000000e+00,0.000000000000000000e+00,nan,0.000000000000000000e+00,0.000000000000000000e+00,nan,0.000000000000000000e+00,0.000000000000000000e+00,2.009490184782025124e-01,0.000000000000000000e+00,0.000000000000000000e+00,3.736302612278410984e-02
5.255255255255256035e-11,0.000000000000000000e+00,0.000000000000000000e+00,nan,0.000000000000000000e+00,0.000000000000000000e+00,nan,0.000000000000000000e+00,0.000000000000000000e+00,2.010175996498806406e-01,0.000000000000000000e+00,0.000000000000000000e+00,3.795457806502305215e-02
7.007007007007008046e-11,0.000000000000000000e+00,0.000000000000000000e+00,nan,0.000000000000000000e+00,0.000000000000000000e+00,nan,0.000000000000000000e+00,0.000000000000000000e+00,2.010881719088916109e-01,0.000000000000000000e+00,0.000000000000000000e+00,3.855538674625690054e-02
8.758758758758760704e-11,0.000000000000000000e+00,0.000000000000000000e+00,nan,0.000000000000000000e+00,0.000000000000000000e+00,nan,0.000000000000000000e+00,0.000000000000000000e+00,2.011607862546798686e-01,0.000000000000000000e+00,0.000000000000000000e+00,3.916554276652128158e-02
1.051051051051051207e-10,0.000000000000000000e+00,0.000000000000000000e+00,nan,0.000000000000000000e+00,0.000000000000000000e+00,nan,0.000000000000000000e+00,0.000000000000000000e+00,2.012354947748006828e-01,0.000000000000000000e+00,0.000000000000000000e+00,3.978513722826958893e-02
1.226226226226226343e-10,0.000000000000000000e+00,0.000000000000000000e+00,nan,0.000000000000000000e+00,0.000000000000000000e+00,nan,0.000000000000000000e+00,0.000000000000000000e+00,2.013123506616061598e-01,0.000000000000000000e+00,0.000000000000000000e+00,4.041426172885097950e-02
1.401401401401401609e-10,0.000000000000000000e+00,0.000000000000000000e+00,nan,0.000000000000000000e+00,0.000000000000000000e+00,nan,0.000000000000000000e+00,0.000000000000000000e+00,2.013914082290005625e-01,0.000000000000000000e+00,0.000000000000000000e+00,4.105300835240507928e-02
1.576576576576576875e-10,0.000000000000000000e+00,0.000000000000000000e+00,nan,0.000000000000000000e+00,0.000000000000000000e+00,nan,0.000000000000000000e+00,0.000000000000000000e+00,2.014727229292603838e-01,0.000000000000000000e+00,0.000000000000000000e+00,4.170146966119151616e-02
1.751751751751752141e-10,0.000000000000000000e+00,0.000000000000000000e+00,nan,0.000000000000000000e+00,0.000000000000000000e+00,nan,0.000000000000000000e+00,0.000000000000000000e+00,2.015563513699128451e-01,0.000000000000000000e+00,0.000000000000000000e+00,4.235973868635836692e-02
1.926926926926927148e-10,0.000000000000000000e+00,0.000000000000000000e+00,nan,0.000000000000000000e+00,0.000000000000000000e+00,nan,0.000000000000000000e+00,0.000000000000000000e+00,2.016423513306751791e-01,0.000000000000000000e+00,0.000000000000000000e+00,4.302790891812053459e-02
2.102102102102102414e-10,0.000000000000000000e+00,0.000000000000000000e+00,nan,0.000000000000000000e+00,0.000000000000000000e+00,nan,0.000000000000000000e+00,0.000000000000000000e+00,2.017307817804012138e-01,0.000000000000000000e+00,0.000000000000000000e+00,4.370607429558499152e-02
2.277277277277277680e-10,0.000000000000000000e+00,0.000000000000000000e+00,nan,0.000000000000000000e+00,0.000000000000000000e+00,nan,0.000000000000000000e+00,0.000000000000000000e+00,2.018217028941473867e-01,0.000000000000000000e+00,0.000000000000000000e+00,4.439432919566255187e-02
2.452452452452452687e-10,0.000000000000000000e+00,0.000000000000000000e+00,nan,0.000000000000000000e+00,0.000000000000000000e+00,nan,0.000000000000000000e+00,0.000000000000000000e+00,2.019151760701948517e-01,0.000000000000000000e+00,0.000000000000000000e+00,4.509276842182721734e-02
2.627627627627627953e-10,0.000000000000000000e+00,0.000000000000000000e+00,nan,0.000000000000000000e+00,0.000000000000000000e+00,nan,0.000000000000000000e+00,0.000000000000000000e+00,2.020112639471379479e-01,0.000000000000000000e+00,0.000000000000000000e+00,4.580148719217110725e-02
2.802802802802803219e-10,0.000000000000000000e+00,0.000000000000000000e+00,nan,0.000000000000000000e+00,0.000000000000000000e+00,nan,0.000000000000000000e+00,0.000000000000000000e+00,2.021100304209862975e-01,0.000000000000000000e+00,0.000000000000000000e+00,4.652058112698043840e-02
2.977977977977978484e-10,0.000000000000000000e+00,0.000000000000000000e+00,nan,0.000000000000000000e+00,0.000000000000000000e+00,nan,0.000000000000000000e+00,0.000000000000000000e+00,2.022115406622810030e-01,0.000000000000000000e+00,0.000000000000000000e+00,4.725014623580348766e-02
3.153153153153153750e-10,0.000000000000000000e+00,0.000000000000000000e+00,nan,0.000000000000000000e+00,0.000000000000000000e+00,nan,0.000000000000000000e+00,0.000000000000000000e+00,2.023158611332175894e-01,0.000000000000000000e+00,0.000000000000000000e+00,4.799027890402692703e-02
3.328328328328329016e-10,0.000000000000000000e+00,0.000000000000000000e+00,nan,0.000000000000000000e+00,0.000000000000000000e+00,nan,0.000000000000000000e+00,0.000000000000000000e+00,2.024230596047690567e-01,0.000000000000000000e+00,0.000000000000000000e+00,4.874107587894780519e-02
3.503503503503504282e-10,0.000000000000000000e+00,0.000000000000000000e+00,nan,0.000000000000000000e+00,0.000000000000000000e+00,nan,0.000000000000000000e+00,0.000000000000000000e+00,2.025332051738013561e-01,0.000000000000000000e+00,0.000000000000000000e+00,4.950263425548293017e-02
3.678678678678679030e-10,0.000000000000000000e+00,0.000000000000000000e+00,nan,0.000000000000000000e+00,0.000000000000000000e+00,nan,0.000000000000000000e+00,0.000000000000000000e+00,2.026463682801735167e-01,0.000000000000000000e+00,0.000000000000000000e+00,5.027505146081263920e-02
3.853853853853854296e-10,0.000000000000000000e+00,0.000000000000000000e+00,nan,0.000000000000000000e+00,0.000000000000000000e+00,nan,0.000000000000000000e+00,0.000000000000000000e+00,2.027626207238145961e-01,0.000000000000000000e+00,0.000000000000000000e+00,5.105842523970156172e-02
4.029029029029029562e-10,0.000000000000000000e+00,0.000000000000000000e+00,nan,0.000000000000000000e+00,0.000000000000000000e+00,nan,0.000000000000000000e+00,0.000000000000000000e+00,2.028820356817701842e-01,0.000000000000000000e+00,0.000000000000000000e+00,5.185285363819806120e-02
4.204204204204204828e-10,0.000000000000000000e+00,0.000000000000000000e+00,nan,0.000000000000000000e+00,0.000000000000000000e+00,nan,0.000000000000000000e+00,0.000000000000000000e+00,2.030046877252092430e-01,0.000000000000000000e+00,0.000000000000000000e+00,5.265843498744801621e-02
4.379379379379380094e-10,0.000000000000000000e+00,0.000000000000000000e+00,nan,0.000000000000000000e+00,0.000000000000000000e+00,nan,0.000000000000000000e+00,0.000000000000000000e+00,2.031306528363837904e-01,0.000000000000000000e+00,0.000000000000000000e+00,5.347526788692075206e-02
4.554554554554555359e-10,0.000000000000000000e+00,0.000000000000000000e+00,nan,0.000000000000000000e+00,0.000000000000000000e+00,nan,0.000000000000000000e+00,0.000000000000000000e+00,2.032600084255329620e-01,0.000000000000000000e+00,0.000000000000000000e+00,5.430345118718414577e-02
4.729729729729730108e-10,0.000000000000000000e+00,0.000000000000000000e+00,nan,0.000000000000000000e+00,0.000000000000000000e+00,nan,0.000000000000000000e+00,0.000000000000000000e+00,2.033928333477220129e-01,0.000000000000000000e+00,0.000000000000000000e+00,5.514308397222790481e-02
4.904904904904905374e-10,0.000000000000000000e+00,0.000000000000000000e+00,nan,0.000000000000000000e+00,0.000000000000000000e+00,nan,0.000000000000000000e+00,0.000000000000000000e+00,2.035292079196082404e-01,0.000000000000000000e+00,0.000000000000000000e+00,5.599426554133707379e-02
5.080080080080080640e-10,0.000000000000000000e+00,0.000000000000000000e+00,nan,0.000000000000000000e+00,0.000000000000000000e+00,nan,0.000000000000000000e+00,0.000000000000000000e+00,2.036692139361249709e-01,0.000000000000000000e+00,0.000000000000000000e+00,5.685709539051517214e-02
5.255255255255255905e-10,0.000000000000000000e+00,0.000000000000000000e+00,nan,0.000000000000000000e+00,0.000000000000000000e+00,nan,0.000000000000000000e+00,0.000000000000000000e+00,2.038129346870730940e-01,0.000000000000000000e+00,0.000000000000000000e+00,5.773167319347892457e-02
5.430430430430431171e-10,0.000000000000000000e+00,0.000000000000000000e+00,nan,0.000000000000000000e+00,0.000000000000000000e+00,nan,0.000000000000000000e+00,0.000000000000000000e+00,2.039604549736129535e-01,0.000000000000000000e+00,0.000000000000000000e+00,5.861809878220043679e-02
5.605605605605606437e-10,0.000000000000000000e+00,0.000000000000000000e+00,nan,0.000000000000000000e+00,0.000000000000000000e+00,nan,0.000000000000000000e+00,0.000000000000000000e+00,2.041118611246449943e-01,0.000000000000000000e+00,0.000000000000000000e+00,5.951647212703052581e-02
5.780780780780781703e-10,0.000000000000000000e+00,0.000000000000000000e+00,nan,0.000000000000000000e+00,0.000000000000000000e+00,nan,0.000000000000000000e+00,0.000000000000000000e+00,2.042672410130710881e-01,0.000000000000000000e+00,0.000000000000000000e+00,6.042689331638365774e-02
5.955955955955956969e-10,0.000000000000000000e+00,0.000000000000000000e+00,nan,0.000000000000000000e+00,0.000000000000000000e+00,nan,0.000000000000000000e+00,0.000000000000000000e+00,2.044266840719260181e-01,0.000000000000000000e+00,0.000000000000000000e+00,6.134946253599359717e-02
6.131131131131132234e-10,0.000000000000000000e+00,0.000000000000000000e+00,nan,0.000000000000000000e+00,0.000000000000000000e+00,nan,0.000000000000000000e+00,0.000000000000000000e+00,2.045902813103692153e-01,0.000000000000000000e+00,0.000000000000000000e+00,6.228428004775674043e-02
6.306306306306307500e-10,0.000000000000000000e+00,0.000000000000000000e+00,nan,0.000000000000000000e+00,0.000000000000000000e+00,nan,0.000000000000000000e+00,0.000000000000000000e+00,2.047581253295269466e-01,0.000000000000000000e+00,0.000000000000000000e+00,6.323144616814291297e-02
6.481481481481482766e-10,0.000000000000000000e+00,0.000000000000000000e+00,nan,0.000000000000000000e+00,0.000000000000000000e+00,nan,0.000000000000000000e+00,0.000000000000000000e+00,2.049303103381745206e-01,0.000000000000000000e+00,0.000000000000000000e+00,6.419106124619859688e-02
6.656656656656658032e-10,0.000000000000000000e+00,0.000000000000000000e+00,nan,0.000000000000000000e+00,0.000000000000000000e+00,nan,0.000000000000000000e+00,0.000000000000000000e+00,2.051069321682479352e-01,0.000000000000000000e+00,0.000000000000000000e+00,6.516322564113197213e-02
6.831831831831833298e-10,0.000000000000000000e+00,0.000000000000000000e+00,nan,0.000000000000000000e+00,0.000000000000000000e+00,nan,0.000000000000000000e+00,0.000000000000000000e+00,2.052880882901749471e-01,0.000000000000000000e+00,0.000000000000000000e+00,6.614803969948930551e-02
7.007007007007008563e-10,0.000000000000000000e+00,0.000000000000000000e+00,nan,0.000000000000000000e+00,0.000000000000000000e+00,nan,0.000000000000000000e+00,0.000000000000000000e+00,2.054738778280145728e-01,0.000000000000000000e+00,0.000000000000000000e+00,6.714560373192132725e-02
7.182182182182182795e-10,0.000000000000000000e+00,0.000000000000000000e+00,nan,0.000000000000000000e+00,0.000000000000000000e+00,nan,0.000000000000000000e+00,0.000000000000000000e+00,2.056644015743942788e-01,0.000000000000000000e+00,0.000000000000000000e+00,6.815601798954863677e-02
7.357357357357358061e-10,0.000000000000000000e+00,0.000000000000000000e+00,nan,0.000000000000000000e+00,0.000000000000000000e+00,nan,0.000000000000000000e+00,0.000000000000000000e+00,2.058597620052336485e-01,0.000000000000000000e+00,0.000000000000000000e+00,6.917938263992681747e-02
7.532532532532533327e-10,0.000000000000000000e+00,0.000000000000000000e+00,nan,0.000000000000000000e+00,0.000000000000000000e+00,nan,0.000000000000000000e+00,0.000000000000000000e+00,2.060600632942444499e-01,0.000000000000000000e+00,0.000000000000000000e+00,7.021579774260812423e-02
7.707707707707708592e-10,0.000000000000000000e+00,0.000000000000000000e+00,nan,0.000000000000000000e+00,0.000000000000000000e+00,nan,0.000000000000000000e+00,0.000000000000000000e+00,2.062654113271947531e-01,0.000000000000000000e+00,0.000000000000000000e+00,7.126536322431531456e-02
7.882882882882883858e-10,0.000000000000000000e+00,0.000000000000000000e+00,nan,0.000000000000000000e+00,0.000000000000000000e+00,nan,0.000000000000000000e+00,0.000000000000000000e+00,2.064759137159264957e-01,0.000000000000000000e+00,0.000000000000000000e+00,7.232817885372180844e-02
8.058058058058059124e-10,0.000000000000000000e+00,0.000000000000000000e+00,nan,0.000000000000000000e+00,0.000000000000000000e+00,nan,0.000000000000000000e+00,0.000000000000000000e+00,2.066916798121151422e-01,0.000000000000000000e+00,0.000000000000000000e+00,7.340434421584314528e-02
8.233233233233234390e-10,0.000000000000000000e+00,0.000000000000000000e+00,nan,0.000000000000000000e+00,0.000000000000000000e+00,nan,0.000000000000000000e+00,0.000000000000000000e+00,2.069128207207597270e-01,0.000000000000000000e+00,0.000000000000000000e+00,7.449395868604589965e-02
8.408408408408409656e-10,0.000000000000000000e+00,0.000000000000000000e+00,nan,0.000000000000000000e+00,0.000000000000000000e+00,nan,0.000000000000000000e+00,0.000000000000000000e+00,2.071394493133918158e-01,0.000000000000000000e+00,0.000000000000000000e+00,7.559712140367422228e-02
8.583583583583584921e-10,0.000000000000000000e+00,0.000000000000000000e+00,nan,0.000000000000000000e+00,0.000000000000000000e+00,nan,0.000000000000000000e+00,0.000000000000000000e+00,2.073716802409914517e-01,0.000000000000000000e+00,0.000000000000000000e+00,7.671393124530341556e-02
8.758758758758760187e-10,0.000000000000000000e+00,0.000000000000000000e+00,nan,0.000000000000000000e+00,0.000000000000000000e+00,nan,0.000000000000000000e+00,0.000000000000000000e+00,2.076096299465990114e-01,0.000000000000000000e+00,0.000000000000000000e+00,7.784448679761467316e-02
8.933933933933935453e-10,0.000000000000000000e+00,0.000000000000000000e+00,nan,0.000000000000000000e+00,0.000000000000000000e+00,nan,0.000000000000000000e+00,0.000000000000000000e+00,2.078534166776102032e-01,0.000000000000000000e+00,0.000000000000000000e+00,7.898888632990508363e-02
9.109109109109110719e-10,0.000000000000000000e+00,0.000000000000000000e+00,nan,0.000000000000000000e+00,0.000000000000000000e+00,nan,0.000000000000000000e+00,0.000000000000000000e+00,2.081031604977430227e-01,0.000000000000000000e+00,0.000000000000000000e+00,8.014722776623310618e-02
9.284284284284285984e-10,0.000000000000000000e+00,0.000000000000000000e+00,nan,0.000000000000000000e+00,0.000000000000000000e+00,nan,0.000000000000000000e+00,0.000000000000000000e+00,2.083589832986644241e-01,0.000000000000000000e+00,0.000000000000000000e+00,8.131960865719872755e-02
9.459459459459460216e-10,0.000000000000000000e+00,0.000000000000000000e+00,nan,0.000000000000000000e+00,0.000000000000000000e+00,nan,0.000000000000000000e+00,0.000000000000000000e+00,2.086210088112643857e-01,0.000000000000000000e+00,0.000000000000000000e+00,8.250612615137083161e-02
9.634634634634635482e-10,0.000000000000000000e+00,0.000000000000000000e+00,nan,0.000000000000000000e+00,0.000000000000000000e+00,nan,0.000000000000000000e+00,0.000000000000000000e+00,2.088893626165658768e-01,0.000000000000000000e+00,0.000000000000000000e+00,8.370687696636332220e-02
9.809809809809810748e-10,0.000000000000000000e+00,0.000000000000000000e+00,nan,0.000000000000000000e+00,0.000000000000000000e+00,nan,0.000000000000000000e+00,0.000000000000000000e+00,2.091641721562579326e-01,0.000000000000000000e+00,0.000000000000000000e+00,8.492195735956076241e-02
9.984984984984986014e-10,0.000000000000000000e+00,0.000000000000000000e+00,nan,0.000000000000000000e+00,0.000000000000000000e+00,nan,0.000000000000000000e+00,0.000000000000000000e+00,2.094455667428400947e-01,0.000000000000000000e+00,0.000000000000000000e+00,8.615146309850492401e-02
1.016016016016016128e-09,0.000000000000000000e+00,0.000000000000000000e+00,nan,0.000000000000000000e+00,0.000000000000000000e+00,nan,0.000000000000000000e+00,0.000000000000000000e+00,2.097336775693657840e-01,0.000000000000000000e+00,0.000000000000000000e+00,8.739548943094169187e-02
1.033533533533533655e-09,0.000000000000000000e+00,0.000000000000000000e+00,nan,0.000000000000000000e+00,0.000000000000000000e+00,nan,0.000000000000000000e+00,0.000000000000000000e+00,2.100286377187722819e-01,0.000000000000000000e+00,0.000000000000000000e+00,8.865413105453869014e-02
1.051051051051051181e-09,0.000000000000000000e+00,0.000000000000000000e+00,nan,0.000000000000000000e+00,0.000000000000000000e+00,nan,0.000000000000000000e+00,0.000000000000000000e+00,2.103305821727851077e-01,0.000000000000000000e+00,0.000000000000000000e+00,8.992748208627471262e-02
1.068568568568568708e-09,0.000000000000000000e+00,0.000000000000000000e+00,nan,0.000000000000000000e+00,0.000000000000000000e+00,nan,0.000000000000000000e+00,0.000000000000000000e+00,2.106396478203849398e-01,0.000000000000000000e+00,0.000000000000000000e+00,9.121563603150778521e-02
1.086086086086086234e-09,0.000000000000000000e+00,0.000000000000000000e+00,nan,0.000000000000000000e+00,0.000000000000000000e+00,nan,0.000000000000000000e+00,0.000000000000000000e+00,2.109559734658236763e-01,0.000000000000000000e+00,0.000000000000000000e+00,9.251868575273136663e-02
1.103603603603603761e-09,0.000000000000000000e+00,0.000000000000000000e+00,nan,0.000000000000000000e+00,0.000000000000000000e+00,nan,0.000000000000000000e+00,0.000000000000000000e+00,2.112796998361785306e-01,0.000000000000000000e+00,0.000000000000000000e+00,9.383672343801902072e-02
1.121121121121121287e-09,0.000000000000000000e+00,0.000000000000000000e+00,nan,0.000000000000000000e+00,0.000000000000000000e+00,nan,0.000000000000000000e+00,0.000000000000000000e+00,2.116109695884312858e-01,0.000000000000000000e+00,0.000000000000000000e+00,9.516984056916863444e-02
1.138638638638638814e-09,0.000000000000000000e+00,0.000000000000000000e+00,nan,0.000000000000000000e+00,0.000000000000000000e+00,nan,0.000000000000000000e+00,0.000000000000000000e+00,2.119499273160604103e-01,0.000000000000000000e+00,0.000000000000000000e+00,9.651812788955013711e-02
1.156156156156156341e-09,0.000000000000000000e+00,0.000000000000000000e+00,nan,0.000000000000000000e+00,0.000000000000000000e+00,nan,0.000000000000000000e+00,0.000000000000000000e+00,2.122967195551339337e-01,0.000000000000000000e+00,0.000000000000000000e+00,9.788167537166478360e-02
1.173673673673673867e-09,0.000000000000000000e+00,0.000000000000000000e+00,nan,0.000000000000000000e+00,0.000000000000000000e+00,nan,0.000000000000000000e+00,0.000000000000000000e+00,2.126514947898910934e-01,0.000000000000000000e+00,0.000000000000000000e+00,9.926057218442260743e-02
1.191191191191191394e-09,0.000000000000000000e+00,0.000000000000000000e+00,nan,0.000000000000000000e+00,0.000000000000000000e+00,nan,0.000000000000000000e+00,0.000000000000000000e+00,2.130144034577999557e-01,0.000000000000000000e+00,0.000000000000000000e+00,1.006549066601459264e-01
1.208708708708708920e-09,0.000000000000000000e+00,0.000000000000000000e+00,nan,0.000000000000000000e+00,0.000000000000000000e+00,nan,0.000000000000000000e+00,0.000000000000000000e+00,2.133855979540796033e-01,0.000000000000000000e+00,0.000000000000000000e+00,1.020647662613064777e-01
1.226226226226226447e-09,0.000000000000000000e+00,0.000000000000000000e+00,nan,0.000000000000000000e+00,0.000000000000000000e+00,nan,0.000000000000000000e+00,0.000000000000000000e+00,2.137652326356746235e-01,0.000000000000000000e+00,0.000000000000000000e+00,1.034902375470018870e-01
1.243743743743743973e-09,0.000000000000000000e+00,0.000000000000000000e+00,nan,0.000000000000000000e+00,0.000000000000000000e+00,nan,0.000000000000000000e+00,0.000000000000000000e+00,2.141534638246696265e-01,0.000000000000000000e+00,0.000000000000000000e+00,1.049314061391835307e-01
1.261261261261261500e-09,0.000000000000000000e+00,0.000000000000000000e+00,nan,0.000000000000000000e+00,0.000000000000000000e+00,nan,0.000000000000000000e+00,0.000000000000000000e+00,2.145504498111323877e-01,0.000000000000000000e+00,0.000000000000000000e+00,1.063883566886415916e-01
1.278778778778779027e-09,0.000000000000000000e+00,0.000000000000000000e+00,nan,0.000000000000000000e+00,0.000000000000000000e+00,nan,0.000000000000000000e+00,0.000000000000000000e+00,2.149563508553733737e-01,0.000000000000000000e+00,0.000000000000000000e+00,1.078611728407550818e-01
1.296296296296296553e-09,0.000000000000000000e+00,0.000000000000000000e+00,nan,0.000000000000000000e+00,0.000000000000000000e+00,nan,0.000000000000000000e+00,0.000000000000000000e+00,2.153713291896101611e-01,0.000000000000000000e+00,0.000000000000000000e+00,1.093499372010201393e-01
1.313813813813814080e-09,0.000000000000000000e+00,0.000000000000000000e+00,nan,0.000000000000000000e+00,0.000000000000000000e+00,nan,0.000000000000000000e+00,0.000000000000000000e+00,2.157955490190255898e-01,0.000000000000000000e+00,0.000000000000000000e+00,1.108547313003587220e-01
1.331331331331331606e-09,0.000000000000000000e+00,0.000000000000000000e+00,nan,0.000000000000000000e+00,0.000000000000000000e+00,nan,0.000000000000000000e+00,0.000000000000000000e+00,2.162291765222069950e-01,0.000000000000000000e+00,0.000000000000000000e+00,1.123756355602255896e-01
1.348848848848849133e-09,0.000000000000000000e+00,0.000000000000000000e+00,nan,0.000000000000000000e+00,0.000000000000000000e+00,nan,0.000000000000000000e+00,0.000000000000000000e+00,2.166723798509565535e-01,0.000000000000000000e+00,0.000000000000000000e+00,1.139127292575168870e-01
1.366366366366366660e-09,0.000000000000000000e+00,0.000000000000000000e+00,nan,0.000000000000000000e+00,0.000000000000000000e+00,nan,0.000000000000000000e+00,0.000000000000000000e+00,2.171253291294608923e-01,0.000000000000000000e+00,0.000000000000000000e+00,1.154660904892911288e-01
1.383883883883884186e-09,0.000000000000000000e+00,0.000000000000000000e+00,nan,0.000000000000000000e+00,0.000000000000000000e+00,nan,0.000000000000000000e+00,0.000000000000000000e+00,2.175881964527642820e-01,0.000000000000000000e+00,0.000000000000000000e+00,1.170357961374009215e-01
1.401401401401401713e-09,0.000000000000000000e+00,0.000000000000000000e+00,nan,0.000000000000000000e+00,0.000000000000000000e+00,nan,0.000000000000000000e+00,0.000000000000000000e+00,2.180611558847995735e-01,0.000000000000000000e+00,0.000000000000000000e+00,1.186219218325448993e-01
1.418918918918919032e-09,0.000000000000000000e+00,0.000000000000000000e+00,nan,0.000000000000000000e+00,0.000000000000000000e+00,nan,0.000000000000000000e+00,0.000000000000000000e+00,2.185443834553072728e-01,0.000000000000000000e+00,0.000000000000000000e+00,1.202245419189875153e-01
1.436436436436436559e-09,0.000000000000000000e+00,0.000000000000000000e+00,nan,0.000000000000000000e+00,0.000000000000000000e+00,nan,0.000000000000000000e+00,0.000000000000000000e+00,2.190380571565075374e-01,0.000000000000000000e+00,0.000000000000000000e+00,1.218437294183162684e-01
1.453953953953954086e-09,0.000000000000000000e+00,0.000000000000000000e+00,nan,0.000000000000000000e+00,0.000000000000000000e+00,nan,0.000000000000000000e+00,0.000000000000000000e+00,2.195423569388600948e-01,0.000000000000000000e+00,0.000000000000000000e+00,1.234795559934758064e-01
1.471471471471471612e-09,0.000000000000000000e+00,0.000000000000000000e+00,nan,0.000000000000000000e+00,0.000000000000000000e+00,nan,0.000000000000000000e+00,0.000000000000000000e+00,2.200574647061632472e-01,0.000000000000000000e+00,0.000000000000000000e+00,1.251320919126017450e-01
1.488988988988989139e-09,0.000000000000000000e+00,0.000000000000000000e+00,nan,0.000000000000000000e+00,0.000000000000000000e+00,nan,0.000000000000000000e+00,0.000000000000000000e+00,2.205835643099381405e-01,0.000000000000000000e+00,0.000000000000000000e+00,1.268014060127467257e-01
1.506506506506506665e-09,0.000000000000000000e+00,0.000000000000000000e+00,nan,0.000000000000000000e+00,0.000000000000000000e+00,nan,0.000000000000000000e+00,0.000000000000000000e+00,2.211208415430894747e-01,0.000000000000000000e+00,0.000000000000000000e+00,1.284875656635084684e-01
1.524024024024024192e-09,0.000000000000000000e+00,0.000000000000000000e+00,nan,0.000000000000000000e+00,0.000000000000000000e+00,nan,0.000000000000000000e+00,0.000000000000000000e+00,2.216694841328314958e-01,0.000000000000000000e+00,0.000000000000000000e+00,1.301906367305792900e-01
1.541541541541541718e-09,0.000000000000000000e+00,0.000000000000000000e+00,nan,0.000000000000000000e+00,0.000000000000000000e+00,nan,0.000000000000000000e+00,0.000000000000000000e+00,2.222296817328721918e-01,0.000000000000000000e+00,0.000000000000000000e+00,1.319106835389835253e-01
1.559059059059059245e-09,0.000000000000000000e+00,0.000000000000000000e+00,nan,0.000000000000000000e+00,0.000000000000000000e+00,nan,0.000000000000000000e+00,0.000000000000000000e+00,2.228016259148448974e-01,0.000000000000000000e+00,0.000000000000000000e+00,1.336477688374514972e-01
1.576576576576576772e-09,0.000000000000000000e+00,0.000000000000000000e+00,nan,0.000000000000000000e+00,0.000000000000000000e+00,nan,0.000000000000000000e+00,0.000000000000000000e+00,2.233855101589790060e-01,0.000000000000000000e+00,0.000000000000000000e+00,1.354019537603680101e-01
1.594094094094094298e-09,0.000000000000000000e+00,0.000000000000000000e+00,nan,0.000000000000000000e+00,0.000000000000000000e+00,nan,0.000000000000000000e+00,0.000000000000000000e+00,2.239815298440018532e-01,0.000000000000000000e+00,0.000000000000000000e+00,1.371732977920725183e-01
1.611611611611611825e-09,0.000000000000000000e+00,0.000000000000000000e+00,nan,0.000000000000000000e+00,0.000000000000000000e+00,nan,0.000000000000000000e+00,0.000000000000000000e+00,2.245898822362628056e-01,0.000000000000000000e+00,0.000000000000000000e+00,1.389618587299530361e-01
1.629129129129129351e-09,0.000000000000000000e+00,0.000000000000000000e+00,nan,0.000000000000000000e+00,0.000000000000000000e+00,nan,0.000000000000000000e+00,0.000000000000000000e+00,2.252107664781254071e-01,0.000000000000000000e+00,0.000000000000000000e+00,1.407676926476909562e-01
1.646646646646646878e-09,0.000000000000000000e+00,0.000000000000000000e+00,nan,0.000000000000000000e+00,0.000000000000000000e+00,nan,0.000000000000000000e+00,0.000000000000000000e+00,2.258443835753009554e-01,0.000000000000000000e+00,0.000000000000000000e+00,1.425908538589468200e-01
1.664164164164164405e-09,0.000000000000000000e+00,0.000000000000000000e+00,nan,0.000000000000000000e+00,0.000000000000000000e+00,nan,0.000000000000000000e+00,0.000000000000000000e+00,2.264909363839111012e-01,0.000000000000000000e+00,0.000000000000000000e+00,1.444313948802208869e-01
1.681681681681681931e-09,0.000000000000000000e+00,0.000000000000000000e+00,nan,0.000000000000000000e+00,0.000000000000000000e+00,nan,0.000000000000000000e+00,0.000000000000000000e+00,2.271506295962149868e-01,0.000000000000000000e+00,0.000000000000000000e+00,1.462893663946080447e-01
1.699199199199199458e-09,0.000000000000000000e+00,0.000000000000000000e+00,nan,0.000000000000000000e+00,0.000000000000000000e+00,nan,0.000000000000000000e+00,0.000000000000000000e+00,2.278236697257859933e-01,0.000000000000000000e+00,0.000000000000000000e+00,1.481648172151863729e-01
1.716716716716716984e-09,0.000000000000000000e+00,0.000000000000000000e+00,nan,0.000000000000000000e+00,0.000000000000000000e+00,nan,0.000000000000000000e+00,0.000000000000000000e+00,2.285102650918150735e-01,0.000000000000000000e+00,0.000000000000000000e+00,1.500577942485637750e-01
1.734234234234234511e-09,0.000000000000000000e+00,0.000000000000000000e+00,nan,0.000000000000000000e+00,0.000000000000000000e+00,nan,0.000000000000000000e+00,0.000000000000000000e+00,2.292106258025880250e-01,0.000000000000000000e+00,0.000000000000000000e+00,1.519683424585137055e-01
1.751751751751752037e-09,0.000000000000000000e+00,0.000000000000000000e+00,nan,0.000000000000000000e+00,0.000000000000000000e+00,nan,0.000000000000000000e+00,0.000000000000000000e+00,2.299249637381303724e-01,0.000000000000000000e+00,0.000000000000000000e+00,1.538965048297183391e-01
1.769269269269269564e-09,0.000000000000000000e+00,0.000000000000000000e+00,nan,0.000000000000000000e+00,0.000000000000000000e+00,nan,0.000000000000000000e+00,0.000000000000000000e+00,2.306534925320155582e-01,0.000000000000000000e+00,0.000000000000000000e+00,1.558423223316304507e-01
1.786786786786787091e-09,0.000000000000000000e+00,0.000000000000000000e+00,nan,0.000000000000000000e+00,0.000000000000000000e+00,nan,0.000000000000000000e+00,0.000000000000000000e+00,2.313964275523299752e-01,0.000000000000000000e+00,0.000000000000000000e+00,1.578058338824768203e-01
1.804304304304304617e-09,0.000000000000000000e+00,0.000000000000000000e+00,nan,0.000000000000000000e+00,0.000000000000000000e+00,nan,0.000000000000000000e+00,0.000000000000000000e+00,2.321539858817919799e-01,0.000000000000000000e+00,0.000000000000000000e+00,1.597870763134136285e-01
1.821821821821822144e-09,0.000000000000000000e+00,0.000000000000000000e+00,nan,0.000000000000000000e+00,0.000000000000000000e+00,nan,0.000000000000000000e+00,0.000000000000000000e+00,2.329263862970195886e-01,0.000000000000000000e+00,0.000000000000000000e+00,1.617860843328547682e-01
1.839339339339339670e-09,0.000000000000000000e+00,0.000000000000000000e+00,nan,0.000000000000000000e+00,0.000000000000000000e+00,nan,0.000000000000000000e+00,0.000000000000000000e+00,2.337138492469437723e-01,0.000000000000000000e+00,0.000000000000000000e+00,1.638028904912361972e-01
1.856856856856857197e-09,0.000000000000000000e+00,0.000000000000000000e+00,nan,0.000000000000000000e+00,0.000000000000000000e+00,nan,0.000000000000000000e+00,0.000000000000000000e+00,2.345165968303636328e-01,0.000000000000000000e+00,0.000000000000000000e+00,1.658375251447510301e-01
1.874374374374374517e-09,0.000000000000000000e+00,0.000000000000000000e+00,nan,0.000000000000000000e+00,0.000000000000000000e+00,nan,0.000000000000000000e+00,0.000000000000000000e+00,2.353348527726407124e-01,0.000000000000000000e+00,0.000000000000000000e+00,1.678900164217764779e-01
1.891891891891892043e-09,0.000000000000000000e+00,0.000000000000000000e+00,nan,0.000000000000000000e+00,0.000000000000000000e+00,nan,0.000000000000000000e+00,0.000000000000000000e+00,2.361688424015298826e-01,0.000000000000000000e+00,0.000000000000000000e+00,1.699603901870747058e-01
1.909409409409409570e-09,0.000000000000000000e+00,0.000000000000000000e+00,nan,0.000000000000000000e+00,0.000000000000000000e+00,nan,0.000000000000000000e+00,0.000000000000000000e+00,2.370187926221450914e-01,0.000000000000000000e+00,0.000000000000000000e+00,1.720486700074846942e-01
1.926926926926927096e-09,0.000000000000000000e+00,0.000000000000000000e+00,nan,0.000000000000000000e+00,0.000000000000000000e+00,nan,0.000000000000000000e+00,0.000000000000000000e+00,2.378849318910574717e-01,0.000000000000000000e+00,0.000000000000000000e+00,1.741548771176467392e-01
1.944444444444444623e-09,0.000000000000000000e+00,0.000000000000000000e+00,nan,0.000000000000000000e+00,0.000000000000000000e+00,nan,0.000000000000000000e+00,0.000000000000000000e+00,2.387674901895261714e-01,0.000000000000000000e+00,0.000000000000000000e+00,1.762790303860178043e-01
1.961961961961962150e-09,0.000000000000000000e+00,0.000000000000000000e+00,nan,0.000000000000000000e+00,0.000000000000000000e+00,nan,0.000000000000000000e+00,0.000000000000000000e+00,2.396666989958591842e-01,0.000000000000000000e+00,0.000000000000000000e+00,1.784211462812038962e-01
1.979479479479479676e-09,0.000000000000000000e+00,0.000000000000000000e+00,nan,0.000000000000000000e+00,0.000000000000000000e+00,nan,0.000000000000000000e+00,0.000000000000000000e+00,2.405827912569057370e-01,0.000000000000000000e+00,0.000000000000000000e+00,1.805812388386215661e-01
1.996996996996997203e-09,0.000000000000000000e+00,0.000000000000000000e+00,nan,0.000000000000000000e+00,0.000000000000000000e+00,nan,0.000000000000000000e+00,0.000000000000000000e+00,2.415160013586795384e-01,0.000000000000000000e+00,0.000000000000000000e+00,1.827593196275096588e-01
2.014514514514514729e-09,0.000000000000000000e+00,0.000000000000000000e+00,nan,0.000000000000000000e+00,0.000000000000000000e+00,nan,0.000000000000000000e+00,0.000000000000000000e+00,2.424665650961135288e-01,0.000000000000000000e+00,0.000000000000000000e+00,1.849553977183098219e-01
2.032032032032032256e-09,0.000000000000000000e+00,0.000000000000000000e+00,nan,0.000000000000000000e+00,0.000000000000000000e+00,nan,0.000000000000000000e+00,0.000000000000000000e+00,2.434347196419476000e-01,0.000000000000000000e+00,0.000000000000000000e+00,1.871694796504342062e-01
2.049549549549549782e-09,0.000000000000000000e+00,0.000000000000000000e+00,nan,0.000000000000000000e+00,0.000000000000000000e+00,nan,0.000000000000000000e+00,0.000000000000000000e+00,2.444207035147512030e-01,0.000000000000000000e+00,0.000000000000000000e+00,1.894015694004380912e-01
2.067067067067067309e-09,0.000000000000000000e+00,0.000000000000000000e+00,nan,0.000000000000000000e+00,0.000000000000000000e+00,nan,0.000000000000000000e+00,0.000000000000000000e+00,2.454247565460819791e-01,0.000000000000000000e+00,0.000000000000000000e+00,1.916516683506187535e-01
2.084584584584584836e-09,0.000000000000000000e+00,0.000000000000000000e+00,nan,0.000000000000000000e+00,0.000000000000000000e+00,nan,0.000000000000000000e+00,0.000000000000000000e+00,2.464471198467841351e-01,0.000000000000000000e+00,0.000000000000000000e+00,1.939197752580563983e-01
2.102102102102102362e-09,0.000000000000000000e+00,0.000000000000000000e+00,nan,0.000000000000000000e+00,0.000000000000000000e+00,nan,0.000000000000000000e+00,0.000000000000000000e+00,2.474880357724292546e-01,0.000000000000000000e+00,0.000000000000000000e+00,1.962058862241193580e-01
2.119619619619619889e-09,0.000000000000000000e+00,0.000000000000000000e+00,nan,0.000000000000000000e+00,0.000000000000000000e+00,nan,0.000000000000000000e+00,0.000000000000000000e+00,2.485477478879028479e-01,0.000000000000000000e+00,0.000000000000000000e+00,1.985099946644495461e-01
2.137137137137137415e-09,0.000000000000000000e+00,0.000000000000000000e+00,nan,0.000000000000000000e+00,0.000000000000000000e+00,nan,0.000000000000000000e+00,0.000000000000000000e+00,2.496265009311414984e-01,0.000000000000000000e+00,0.000000000000000000e+00,2.008320912794494262e-01
2.154654654654654942e-09,0.000000000000000000e+00,0.000000000000000000e+00,nan,0.000000000000000000e+00,0.000000000000000000e+00,nan,0.000000000000000000e+00,0.000000000000000000e+00,2.507245407760247402e-01,0.000000000000000000e+00,0.000000000000000000e+00,2.031721640252878436e-01
2.172172172172172469e-09,0.000000000000000000e+00,0.000000000000000000e+00,nan,0.000000000000000000e+00,0.000000000000000000e+00,nan,0.000000000000000000e+00,0.000000000000000000e+00,2.518421143944269969e-01,0.000000000000000000e+00,0.000000000000000000e+00,2.055301980854463417e-01
2.189689689689689995e-09,0.000000000000000000e+00,0.000000000000000000e+00,nan,0.000000000000000000e+00,0.000000000000000000e+00,nan,0.000000000000000000e+00,0.000000000000000000e+00,2.529794698174355205e-01,0.000000000000000000e+00,0.000000000000000000e+00,2.079061758428207562e-01
2.207207207207207522e-09,0.000000000000000000e+00,0.000000000000000000e+00,nan,0.000000000000000000e+00,0.000000000000000000e+00,nan,0.000000000000000000e+00,0.000000000000000000e+00,2.541368560957399381e-01,0.000000000000000000e+00,0.000000000000000000e+00,2.103000768524021791e-01
2.224724724724725048e-09,0.000000000000000000e+00,0.000000000000000000e+00,nan,0.000000000000000000e+00,0.000000000000000000e+00,nan,0.000000000000000000e+00,0.000000000000000000e+00,2.553145232592006209e-01,0.000000000000000000e+00,0.000000000000000000e+00,2.127118778145528355e-01
2.242242242242242575e-09,0.000000000000000000e+00,0.000000000000000000e+00,nan,0.000000000000000000e+00,0.000000000000000000e+00,nan,0.000000000000000000e+00,0.000000000000000000e+00,2.565127222756036773e-01,0.000000000000000000e+00,0.000000000000000000e+00,2.151415525488959424e-01
2.259759759759760101e-09,0.000000000000000000e+00,0.000000000000000000e+00,nan,0.000000000000000000e+00,0.000000000000000000e+00,nan,0.000000000000000000e+00,0.000000000000000000e+00,2.577317050086089800e-01,0.000000000000000000e+00,0.000000000000000000e+00,2.175890719688415575e-01
2.277277277277277628e-09,0.000000000000000000e+00,0.000000000000000000e+00,nan,0.000000000000000000e+00,0.000000000000000000e+00,nan,0.000000000000000000e+00,0.000000000000000000e+00,2.589717241749006638e-01,0.000000000000000000e+00,0.000000000000000000e+00,2.200544040567622706e-01
2.294794794794795155e-09,0.000000000000000000e+00,0.000000000000000000e+00,nan,0.000000000000000000e+00,0.000000000000000000e+00,nan,0.000000000000000000e+00,0.000000000000000000e+00,2.602330333005489216e-01,0.000000000000000000e+00,0.000000000000000000e+00,2.225375138398429931e-01
2.312312312312312681e-09,0.000000000000000000e+00,0.000000000000000000e+00,nan,0.000000000000000000e+00,0.000000000000000000e+00,nan,0.000000000000000000e+00,0.000000000000000000e+00,2.615158866765919798e-01,0.000000000000000000e+00,0.000000000000000000e+00,2.250383633666179217e-01
2.329829829829830208e-09,0.000000000000000000e+00,0.000000000000000000e+00,nan,0.000000000000000000e+00,0.000000000000000000e+00,nan,0.000000000000000000e+00,0.000000000000000000e+00,2.628205393138484114e-01,0.000000000000000000e+00,0.000000000000000000e+00,2.275569116842186823e-01
2.347347347347347734e-09,0.000000000000000000e+00,0.000000000000000000e+00,nan,0.000000000000000000e+00,0.000000000000000000e+00,nan,0.000000000000000000e+00,0.000000000000000000e+00,2.641472468969700005e-01,0.000000000000000000e+00,0.000000000000000000e+00,2.300931148163481432e-01
2.364864864864865261e-09,0.000000000000000000e+00,0.000000000000000000e+00,nan,0.000000000000000000e+00,0.000000000000000000e+00,nan,0.000000000000000000e+00,0.000000000000000000e+00,2.654962657377475943e-01,0.000000000000000000e+00,0.000000000000000000e+00,2.326469257419984671e-01
2.382382382382382787e-09,0.000000000000000000e+00,0.000000000000000000e+00,nan,0.000000000000000000e+00,0.000000000000000000e+00,nan,0.000000000000000000e+00,0.000000000000000000e+00,2.668678527276787116e-01,0.000000000000000000e+00,0.000000000000000000e+00,2.352182943749349942e-01
2.399899899899900314e-09,0.000000000000000000e+00,0.000000000000000000e+00,nan,0.000000000000000000e+00,0.000000000000000000e+00,nan,0.000000000000000000e+00,0.000000000000000000e+00,2.682622652898115079e-01,0.000000000000000000e+00,0.000000000000000000e+00,2.378071675439583088e-01
2.417417417417417841e-09,0.000000000000000000e+00,0.000000000000000000e+00,nan,0.000000000000000000e+00,0.000000000000000000e+00,nan,0.000000000000000000e+00,0.000000000000000000e+00,2.696797613298768659e-01,0.000000000000000000e+00,0.000000000000000000e+00,2.404134889739681091e-01
2.434934934934935367e-09,0.000000000000000000e+00,0.000000000000000000e+00,nan,0.000000000000000000e+00,0.000000000000000000e+00,nan,0.000000000000000000e+00,0.000000000000000000e+00,2.711205991867207676e-01,0.000000000000000000e+00,0.000000000000000000e+00,2.430371992678409532e-01
2.452452452452452894e-09,0.000000000000000000e+00,0.000000000000000000e+00,nan,0.000000000000000000e+00,0.000000000000000000e+00,nan,0.000000000000000000e+00,0.000000000000000000e+00,2.725850375820519367e-01,0.000000000000000000e+00,0.000000000000000000e+00,2.456782358891452245e-01
2.469969969969970420e-09,0.000000000000000000e+00,0.000000000000000000e+00,nan,0.000000000000000000e+00,0.000000000000000000e+00,nan,0.000000000000000000e+00,0.000000000000000000e+00,2.740733355695185169e-01,0.000000000000000000e+00,0.000000000000000000e+00,2.483365331457030589e-01
2.487487487487487947e-09,0.000000000000000000e+00,0.000000000000000000e+00,nan,0.000000000000000000e+00,0.000000000000000000e+00,nan,0.000000000000000000e+00,0.000000000000000000e+00,2.755857524831273886e-01,0.000000000000000000e+00,0.000000000000000000e+00,2.510120221740231861e-01
2.505005005005005473e-09,0.000000000000000000e+00,0.000000000000000000e+00,nan,0.000000000000000000e+00,0.000000000000000000e+00,nan,0.000000000000000000e+00,0.000000000000000000e+00,2.771225478850232737e-01,0.000000000000000000e+00,0.000000000000000000e+00,2.537046309246170361e-01
2.522522522522523000e-09,0.000000000000000000e+00,0.000000000000000000e+00,nan,0.000000000000000000e+00,0.000000000000000000e+00,nan,0.000000000000000000e+00,0.000000000000000000e+00,2.786839815126410658e-01,0.000000000000000000e+00,0.000000000000000000e+00,2.564142841482165425e-01
2.540040040040040527e-09,0.000000000000000000e+00,0.000000000000000000e+00,nan,0.000000000000000000e+00,0.000000000000000000e+00,nan,0.000000000000000000e+00,0.000000000000000000e+00,2.802703132252495899e-01,0.000000000000000000e+00,0.000000000000000000e+00,2.591409033829069619e-01
2.557557557557558053e-09,0.000000000000000000e+00,0.000000000000000000e+00,nan,0.000000000000000000e+00,0.000000000000000000e+00,nan,0.000000000000000000e+00,0.000000000000000000e+00,2.818818029499020050e-01,0.000000000000000000e+00,0.000000000000000000e+00,2.618844069421943366e-01
2.575075075075075580e-09,0.000000000000000000e+00,0.000000000000000000e+00,nan,0.000000000000000000e+00,0.000000000000000000e+00,nan,0.000000000000000000e+00,0.000000000000000000e+00,2.835187106268107771e-01,0.000000000000000000e+00,0.000000000000000000e+00,2.646447099040200035e-01
2.592592592592593106e-09,0.000000000000000000e+00,0.000000000000000000e+00,nan,0.000000000000000000e+00,0.000000000000000000e+00,nan,0.000000000000000000e+00,0.000000000000000000e+00,2.851812961541640989e-01,0.000000000000000000e+00,0.000000000000000000e+00,2.674217241007390555e-01
2.610110110110110633e-09,0.000000000000000000e+00,0.000000000000000000e+00,nan,0.000000000000000000e+00,0.000000000000000000e+00,nan,0.000000000000000000e+00,0.000000000000000000e+00,2.868698193324037971e-01,0.000000000000000000e+00,0.000000000000000000e+00,2.702153581100752988e-01
2.627627627627628160e-09,0.000000000000000000e+00,0.000000000000000000e+00,nan,0.000000000000000000e+00,0.000000000000000000e+00,nan,0.000000000000000000e+00,0.000000000000000000e+00,2.885845398079799895e-01,0.000000000000000000e+00,0.000000000000000000e+00,2.730255172470706926e-01
2.645145145145145686e-09,0.000000000000000000e+00,0.000000000000000000e+00,nan,0.000000000000000000e+00,0.000000000000000000e+00,nan,0.000000000000000000e+00,0.000000000000000000e+00,2.903257170166050338e-01,0.000000000000000000e+00,0.000000000000000000e+00,2.758521035570397628e-01
2.662662662662663213e-09,0.000000000000000000e+00,0.000000000000000000e+00,nan,0.000000000000000000e+00,0.000000000000000000e+00,nan,0.000000000000000000e+00,0.000000000000000000e+00,2.920936101260239171e-01,0.000000000000000000e+00,0.000000000000000000e+00,2.786950158095444774e-01
2.680180180180180739e-09,0.000000000000000000e+00,0.000000000000000000e+00,nan,0.000000000000000000e+00,0.000000000000000000e+00,nan,0.000000000000000000e+00,0.000000000000000000e+00,2.938884779783222934e-01,0.000000000000000000e+00,0.000000000000000000e+00,2.815541494934037936e-01
2.697697697697698266e-09,0.000000000000000000e+00,0.000000000000000000e+00,nan,0.000000000000000000e+00,0.000000000000000000e+00,nan,0.000000000000000000e+00,0.000000000000000000e+00,2.957105790317917093e-01,0.000000000000000000e+00,0.000000000000000000e+00,2.844293968127465377e-01
2.715215215215215792e-09,0.000000000000000000e+00,0.000000000000000000e+00,nan,0.000000000000000000e+00,0.000000000000000000e+00,nan,0.000000000000000000e+00,0.000000000000000000e+00,2.975601713023734995e-01,0.000000000000000000e+00,0.000000000000000000e+00,2.873206466841267681e-01
2.732732732732733319e-09,0.000000000000000000e+00,0.000000000000000000e+00,nan,0.000000000000000000e+00,0.000000000000000000e+00,nan,0.000000000000000000e+00,0.000000000000000000e+00,2.994375123047020582e-01,0.000000000000000000e+00,0.000000000000000000e+00,2.902277847347076722e-01
2.750250250250250846e-09,0.000000000000000000e+00,0.000000000000000000e+00,nan,0.000000000000000000e+00,0.000000000000000000e+00,nan,0.000000000000000000e+00,0.000000000000000000e+00,3.013428589927699686e-01,0.000000000000000000e+00,0.000000000000000000e+00,2.931506933015274874e-01
2.767767767767768372e-09,0.000000000000000000e+00,0.000000000000000000e+00,nan,0.000000000000000000e+00,0.000000000000000000e+00,nan,0.000000000000000000e+00,0.000000000000000000e+00,3.032764677002353637e-01,0.000000000000000000e+00,0.000000000000000000e+00,2.960892514318603230e-01
2.785285285285285899e-09,0.000000000000000000e+00,0.000000000000000000e+00,nan,0.000000000000000000e+00,0.000000000000000000e+00,nan,0.000000000000000000e+00,0.000000000000000000e+00,3.052385940803965525e-01,0.000000000000000000e+00,0.000000000000000000e+00,2.990433348846804340e-01
2.802802802802803425e-09,0.000000000000000000e+00,0.000000000000000000e+00,nan,0.000000000000000000e+00,0.000000000000000000e+00,nan,0.000000000000000000e+00,0.000000000000000000e+00,3.072294930458534523e-01,0.000000000000000000e+00,0.000000000000000000e+00,3.020128161332406025e-01
2.820320320320320538e-09,0.000000000000000000e+00,0.000000000000000000e+00,nan,0.000000000000000000e+00,0.000000000000000000e+00,nan,0.000000000000000000e+00,0.000000000000000000e+00,3.092494187078824730e-01,0.000000000000000000e+00,0.000000000000000000e+00,3.049975643687735105e-01
2.837837837837838065e-09,0.000000000000000000e+00,0.000000000000000000e+00,nan,0.000000000000000000e+00,0.000000000000000000e+00,nan,0.000000000000000000e+00,0.000000000000000000e+00,3.112986243155453359e-01,0.000000000000000000e+00,0.000000000000000000e+00,3.079974455053285931e-01
2.855355355355355591e-09,0.000000000000000000e+00,0.000000000000000000e+00,nan,0.000000000000000000e+00,0.000000000000000000e+00,nan,0.000000000000000000e+00,0.000000000000000000e+00,3.133773621945575294e-01,0.000000000000000000e+00,0.000000000000000000e+00,3.110123221857478137e-01
2.872872872872873118e-09,0.000000000000000000e+00,0.000000000000000000e+00,nan,0.000000000000000000e+00,0.000000000000000000e+00,nan,0.000000000000000000e+00,0.000000000000000000e+00,3.154858836859401050e-01,0.000000000000000000e+00,0.000000000000000000e+00,3.140420537887930186e-01
2.890390390390390645e-09,0.000000000000000000e+00,0.000000000000000000e+00,nan,0.000000000000000000e+00,0.000000000000000000e+00,nan,0.000000000000000000e+00,0.000000000000000000e+00,3.176244390844792376e-01,0.000000000000000000e+00,0.000000000000000000e+00,3.170864964374293660e-01
2.907907907907908171e-09,0.000000000000000000e+00,0.000000000000000000e+00,nan,0.000000000000000000e+00,0.000000000000000000e+00,nan,0.000000000000000000e+00,0.000000000000000000e+00,3.197932775770182534e-01,0.000000000000000000e+00,0.000000000000000000e+00,3.201455030082737685e-01
2.925425425425425698e-09,0.000000000000000000e+00,0.000000000000000000e+00,nan,0.000000000000000000e+00,0.000000000000000000e+00,nan,0.000000000000000000e+00,0.000000000000000000e+00,3.219926471806074941e-01,0.000000000000000000e+00,0.000000000000000000e+00,3.232189231422140097e-01
2.942942942942943224e-09,0.000000000000000000e+00,0.000000000000000000e+00,nan,0.000000000000000000e+00,0.000000000000000000e+00,nan,0.000000000000000000e+00,0.000000000000000000e+00,3.242227946805372185e-01,0.000000000000000000e+00,0.000000000000000000e+00,3.263066032562040863e-01
2.960460460460460751e-09,0.000000000000000000e+00,0.000000000000000000e+00,nan,0.000000000000000000e+00,0.000000000000000000e+00,nan,0.000000000000000000e+00,0.000000000000000000e+00,3.264839655682788000e-01,0.000000000000000000e+00,0.000000000000000000e+00,3.294083865562416613e-01
2.977977977977978278e-09,0.000000000000000000e+00,0.000000000000000000e+00,nan,0.000000000000000000e+00,0.000000000000000000e+00,nan,0.000000000000000000e+00,0.000000000000000000e+00,3.287764039793615312e-01,0.000000000000000000e+00,0.000000000000000000e+00,3.325241130515321220e-01
2.995495495495495804e-09,0.000000000000000000e+00,0.000000000000000000e+00,nan,0.000000000000000000e+00,0.000000000000000000e+00,nan,0.000000000000000000e+00,0.000000000000000000e+00,3.311003526312090717e-01,0.000000000000000000e+00,0.000000000000000000e+00,3.356536195698424097e-01
3.013013013013013331e-09,0.000000000000000000e+00,0.000000000000000000e+00,nan,0.000000000000000000e+00,0.000000000000000000e+00,nan,0.000000000000000000e+00,0.000000000000000000e+00,3.334560527609631841e-01,0.000000000000000000e+00,0.000000000000000000e+00,3.387967397740508368e-01
3.030530530530530857e-09,0.000000000000000000e+00,0.000000000000000000e+00,nan,0.000000000000000000e+00,0.000000000000000000e+00,nan,0.000000000000000000e+00,0.000000000000000000e+00,3.358437440633210147e-01,0.000000000000000000e+00,0.000000000000000000e+00,3.419533041798920592e-01
3.048048048048048384e-09,0.000000000000000000e+00,0.000000000000000000e+00,nan,0.000000000000000000e+00,0.000000000000000000e+00,nan,0.000000000000000000e+00,0.000000000000000000e+00,3.382636646284122861e-01,0.000000000000000000e+00,0.000000000000000000e+00,3.451231401749026984e-01
3.065565565565565910e-09,0.000000000000000000e+00,0.000000000000000000e+00,nan,0.000000000000000000e+00,0.000000000000000000e+00,nan,0.000000000000000000e+00,0.000000000000000000e+00,3.407160508797447140e-01,0.000000000000000000e+00,0.000000000000000000e+00,3.483060720385662279e-01
3.083083083083083437e-09,0.000000000000000000e+00,0.000000000000000000e+00,nan,0.000000000000000000e+00,0.000000000000000000e+00,nan,0.000000000000000000e+00,0.000000000000000000e+00,3.432011375122411834e-01,0.000000000000000000e+00,0.000000000000000000e+00,3.515019209636622843e-01
3.100600600600600964e-09,0.000000000000000000e+00,0.000000000000000000e+00,nan,0.000000000000000000e+00,0.000000000000000000e+00,nan,0.000000000000000000e+00,0.000000000000000000e+00,3.457191574304008808e-01,0.000000000000000000e+00,0.000000000000000000e+00,3.547105050788148528e-01
3.118118118118118490e-09,0.000000000000000000e+00,0.000000000000000000e+00,nan,0.000000000000000000e+00,0.000000000000000000e+00,nan,0.000000000000000000e+00,0.000000000000000000e+00,3.482703416866064217e-01,0.000000000000000000e+00,0.000000000000000000e+00,3.579316394722460992e-01
3.135635635635636017e-09,0.000000000000000000e+00,0.000000000000000000e+00,nan,0.000000000000000000e+00,0.000000000000000000e+00,nan,0.000000000000000000e+00,0.000000000000000000e+00,3.508549194196085574e-01,0.000000000000000000e+00,0.000000000000000000e+00,3.611651362167279111e-01
3.153153153153153543e-09,0.000000000000000000e+00,0.000000000000000000e+00,nan,0.000000000000000000e+00,0.000000000000000000e+00,nan,0.000000000000000000e+00,0.000000000000000000e+00,3.534731177932136093e-01,0.000000000000000000e+00,0.000000000000000000e+00,3.644108043957346443e-01
3.170670670670671070e-09,0.000000000000000000e+00,0.000000000000000000e+00,nan,0.000000000000000000e+00,0.000000000000000000e+00,nan,0.000000000000000000e+00,0.000000000000000000e+00,3.561251619352011066e-01,0.000000000000000000e+00,0.000000000000000000e+00,3.676684501307928010e-01
3.188188188188188596e-09,0.000000000000000000e+00,0.000000000000000000e+00,nan,0.000000000000000000e+00,0.000000000000000000e+00,nan,0.000000000000000000e+00,0.000000000000000000e+00,3.588112748765008297e-01,0.000000000000000000e+00,0.000000000000000000e+00,3.709378766100244196e-01
3.205705705705706123e-09,0.000000000000000000e+00,0.000000000000000000e+00,nan,0.000000000000000000e+00,0.000000000000000000e+00,nan,0.000000000000000000e+00,0.000000000000000000e+00,3.615316774906552344e-01,0.000000000000000000e+00,0.000000000000000000e+00,3.742188841178812342e-01
3.223223223223223650e-09,0.000000000000000000e+00,0.000000000000000000e+00,nan,0.000000000000000000e+00,0.000000000000000000e+00,nan,0.000000000000000000e+00,0.000000000000000000e+00,3.642865884335954596e-01,0.000000000000000000e+00,0.000000000000000000e+00,3.775112700660649412e-01
3.240740740740741176e-09,0.000000000000000000e+00,0.000000000000000000e+00,nan,0.000000000000000000e+00,0.000000000000000000e+00,nan,0.000000000000000000e+00,0.000000000000000000e+00,3.670762240837587287e-01,0.000000000000000000e+00,0.000000000000000000e+00,3.808148290256299084e-01
3.258258258258258703e-09,0.000000000000000000e+00,0.000000000000000000e+00,nan,0.000000000000000000e+00,0.000000000000000000e+00,nan,0.000000000000000000e+00,0.000000000000000000e+00,3.699007984825745110e-01,0.000000000000000000e+00,0.000000000000000000e+00,3.841293527602592239e-01
3.275775775775776229e-09,0.000000000000000000e+00,0.000000000000000000e+00,nan,0.000000000000000000e+00,0.000000000000000000e+00,nan,0.000000000000000000e+00,0.000000000000000000e+00,3.727605232753466447e-01,0.000000000000000000e+00,0.000000000000000000e+00,3.874546302607133064e-01
3.293293293293293756e-09,0.000000000000000000e+00,0.000000000000000000e+00,nan,0.000000000000000000e+00,0.000000000000000000e+00,nan,0.000000000000000000e+00,0.000000000000000000e+00,3.756556076525600085e-01,0.000000000000000000e+00,0.000000000000000000e+00,3.907904477804384213e-01
3.310810810810811282e-09,0.000000000000000000e+00,0.000000000000000000e+00,nan,0.000000000000000000e+00,0.000000000000000000e+00,nan,0.000000000000000000e+00,0.000000000000000000e+00,3.785862582916377228e-01,0.000000000000000000e+00,0.000000000000000000e+00,3.941365888723309951e-01
3.328328328328328809e-09,0.000000000000000000e+00,0.000000000000000000e+00,nan,0.000000000000000000e+00,0.000000000000000000e+00,nan,0.000000000000000000e+00,0.000000000000000000e+00,3.815526792991771887e-01,0.000000000000000000e+00,0.000000000000000000e+00,3.974928344266483449e-01
3.345845845845846336e-09,0.000000000000000000e+00,0.000000000000000000e+00,nan,0.000000000000000000e+00,0.000000000000000000e+00,nan,0.000000000000000000e+00,0.000000000000000000e+00,3.845550721536919458e-01,0.000000000000000000e+00,0.000000000000000000e+00,4.008589627100577202e-01
3.363363363363363862e-09,0.000000000000000000e+00,0.000000000000000000e+00,nan,0.000000000000000000e+00,0.000000000000000000e+00,nan,0.000000000000000000e+00,0.000000000000000000e+00,3.875936356488862700e-01,0.000000000000000000e+00,0.000000000000000000e+00,4.042347494058108892e-01
3.380880880880881389e-09,0.000000000000000000e+00,0.000000000000000000e+00,nan,0.000000000000000000e+00,0.000000000000000000e+00,nan,0.000000000000000000e+00,0.000000000000000000e+00,3.906685658374894898e-01,0.000000000000000000e+00,0.000000000000000000e+00,4.076199676550389950e-01
3.398398398398398915e-09,0.000000000000000000e+00,0.000000000000000000e+00,nan,0.000000000000000000e+00,0.000000000000000000e+00,nan,0.000000000000000000e+00,0.000000000000000000e+00,3.937800559756768348e-01,0.000000000000000000e+00,0.000000000000000000e+00,4.110143880991517507e-01
3.415915915915916442e-09,0.000000000000000000e+00,0.000000000000000000e+00,nan,0.000000000000000000e+00,0.000000000000000000e+00,nan,0.000000000000000000e+00,0.000000000000000000e+00,3.969282964681038472e-01,0.000000000000000000e+00,0.000000000000000000e+00,4.144177789233313702e-01
3.433433433433433969e-09,0.000000000000000000e+00,0.000000000000000000e+00,nan,0.000000000000000000e+00,0.000000000000000000e+00,nan,0.000000000000000000e+00,0.000000000000000000e+00,4.001134748135792285e-01,0.000000000000000000e+00,0.000000000000000000e+00,4.178299059011112426e-01
3.450950950950951495e-09,0.000000000000000000e+00,0.000000000000000000e+00,nan,0.000000000000000000e+00,0.000000000000000000e+00,nan,0.000000000000000000e+00,0.000000000000000000e+00,4.033357755514047627e-01,0.000000000000000000e+00,0.000000000000000000e+00,4.212505324400198647e-01
3.468468468468469022e-09,0.000000000000000000e+00,0.000000000000000000e+00,nan,0.000000000000000000e+00,0.000000000000000000e+00,nan,0.000000000000000000e+00,0.000000000000000000e+00,4.065953802084054103e-01,0.000000000000000000e+00,0.000000000000000000e+00,4.246794196282847600e-01
3.485985985985986548e-09,0.000000000000000000e+00,0.000000000000000000e+00,nan,0.000000000000000000e+00,0.000000000000000000e+00,nan,0.000000000000000000e+00,0.000000000000000000e+00,4.098924672466772168e-01,0.000000000000000000e+00,0.000000000000000000e+00,4.281163262825750104e-01
3.503503503503504075e-09,0.000000000000000000e+00,0.000000000000000000e+00,nan,0.000000000000000000e+00,0.000000000000000000e+00,nan,0.000000000000000000e+00,0.000000000000000000e+00,4.132272120120786263e-01,0.000000000000000000e+00,0.000000000000000000e+00,4.315610089967703011e-01
3.521021021021021601e-09,0.000000000000000000e+00,0.000000000000000000e+00,nan,0.000000000000000000e+00,0.000000000000000000e+00,nan,0.000000000000000000e+00,0.000000000000000000e+00,4.165997866834875163e-01,0.000000000000000000e+00,0.000000000000000000e+00,4.350132221917419884e-01
3.538538538538539128e-09,0.000000000000000000e+00,0.000000000000000000e+00,nan,0.000000000000000000e+00,0.000000000000000000e+00,nan,0.000000000000000000e+00,0.000000000000000000e+00,4.200103602228530408e-01,0.000000000000000000e+00,0.000000000000000000e+00,4.384727181661275397e-01
3.556056056056056655e-09,0.000000000000000000e+00,0.000000000000000000e+00,nan,0.000000000000000000e+00,0.000000000000000000e+00,nan,0.000000000000000000e+00,0.000000000000000000e+00,4.234590983260625996e-01,0.000000000000000000e+00,0.000000000000000000e+00,4.419392471480831364e-01
3.573573573573574181e-09,0.000000000000000000e+00,0.000000000000000000e+00,nan,0.000000000000000000e+00,0.000000000000000000e+00,nan,0.000000000000000000e+00,0.000000000000000000e+00,4.269461633746511886e-01,0.000000000000000000e+00,0.000000000000000000e+00,4.454125573479957856e-01
3.591091091091091708e-09,0.000000000000000000e+00,0.000000000000000000e+00,nan,0.000000000000000000e+00,0.000000000000000000e+00,nan,0.000000000000000000e+00,0.000000000000000000e+00,4.304717143883743935e-01,0.000000000000000000e+00,0.000000000000000000e+00,4.488923950121386230e-01
3.608608608608609234e-09,0.000000000000000000e+00,0.000000000000000000e+00,nan,0.000000000000000000e+00,0.000000000000000000e+00,nan,0.000000000000000000e+00,0.000000000000000000e+00,4.340359069786706159e-01,0.000000000000000000e+00,0.000000000000000000e+00,4.523785044772479225e-01
3.626126126126126761e-09,0.000000000000000000e+00,0.000000000000000000e+00,nan,0.000000000000000000e+00,0.000000000000000000e+00,nan,0.000000000000000000e+00,0.000000000000000000e+00,4.376388933030342931e-01,0.000000000000000000e+00,0.000000000000000000e+00,4.558706282260048814e-01
3.643643643643644287e-09,0.000000000000000000e+00,0.000000000000000000e+00,nan,0.000000000000000000e+00,0.000000000000000000e+00,nan,0.000000000000000000e+00,0.000000000000000000e+00,4.412808220203223719e-01,0.000000000000000000e+00,0.000000000000000000e+00,4.593685069434030877e-01
3.661161161161161814e-09,0.000000000000000000e+00,0.000000000000000000e+00,nan,0.000000000000000000e+00,0.000000000000000000e+00,nan,0.000000000000000000e+00,0.000000000000000000e+00,4.449618382470175160e-01,0.000000000000000000e+00,0.000000000000000000e+00,4.628718795739755754e-01
3.678678678678679341e-09,0.000000000000000000e+00,0.000000000000000000e+00,nan,0.000000000000000000e+00,0.000000000000000000e+00,nan,0.000000000000000000e+00,0.000000000000000000e+00,4.486820835144682551e-01,0.000000000000000000e+00,0.000000000000000000e+00,4.663804833798693150e-01
3.696196196196196867e-09,0.000000000000000000e+00,0.000000000000000000e+00,nan,0.000000000000000000e+00,0.000000000000000000e+00,nan,0.000000000000000000e+00,0.000000000000000000e+00,4.524416957271288897e-01,0.000000000000000000e+00,0.000000000000000000e+00,4.698940539997370491e-01
3.713713713713714394e-09,0.000000000000000000e+00,0.000000000000000000e+00,nan,0.000000000000000000e+00,0.000000000000000000e+00,nan,0.000000000000000000e+00,0.000000000000000000e+00,4.562408091218183581e-01,0.000000000000000000e+00,0.000000000000000000e+00,4.734123255084300985e-01
3.731231231231231920e-09,0.000000000000000000e+00,0.000000000000000000e+00,nan,0.000000000000000000e+00,0.000000000000000000e+00,nan,0.000000000000000000e+00,0.000000000000000000e+00,4.600795542280201045e-01,0.000000000000000000e+00,0.000000000000000000e+00,4.769350304774664373e-01
3.748748748748749033e-09,0.000000000000000000e+00,0.000000000000000000e+00,nan,0.000000000000000000e+00,0.000000000000000000e+00,nan,0.000000000000000000e+00,0.000000000000000000e+00,4.639580578292402668e-01,0.000000000000000000e+00,0.000000000000000000e+00,4.804619000362526648e-01
3.766266266266266974e-09,0.000000000000000000e+00,0.000000000000000000e+00,nan,0.000000000000000000e+00,0.000000000000000000e+00,nan,0.000000000000000000e+00,0.000000000000000000e+00,4.678764429254474999e-01,0.000000000000000000e+00,0.000000000000000000e+00,4.839926639340350056e-01
3.783783783783784087e-09,0.000000000000000000e+00,0.000000000000000000e+00,nan,0.000000000000000000e+00,0.000000000000000000e+00,nan,0.000000000000000000e+00,0.000000000000000000e+00,4.718348286966073668e-01,0.000000000000000000e+00,0.000000000000000000e+00,4.875270506025543571e-01
3.801301301301302027e-09,0.000000000000000000e+00,0.000000000000000000e+00,nan,0.000000000000000000e+00,0.000000000000000000e+00,nan,0.000000000000000000e+00,0.000000000000000000e+00,4.758333304673368902e-01,0.000000000000000000e+00,0.000000000000000000e+00,4.910647872193858454e-01
3.818818818818819140e-09,0.000000000000000000e+00,0.000000000000000000e+00,nan,0.000000000000000000e+00,0.000000000000000000e+00,nan,0.000000000000000000e+00,0.000000000000000000e+00,4.798720596726891441e-01,0.000000000000000000e+00,0.000000000000000000e+00,4.946055997719280284e-01
3.836336336336337080e-09,0.000000000000000000e+00,0.000000000000000000e+00,nan,0.000000000000000000e+00,0.000000000000000000e+00,nan,0.000000000000000000e+00,0.000000000000000000e+00,4.839511238250918113e-01,0.000000000000000000e+00,0.000000000000000000e+00,4.981492131220285335e-01
3.853853853853854193e-09,0.000000000000000000e+00,0.000000000000000000e+00,nan,0.000000000000000000e+00,0.000000000000000000e+00,nan,0.000000000000000000e+00,0.000000000000000000e+00,4.880706264824508644e-01,0.000000000000000000e+00,0.000000000000000000e+00,5.016953510712084396e-01
3.871371371371372133e-09,0.000000000000000000e+00,0.000000000000000000e+00,nan,0.000000000000000000e+00,0.000000000000000000e+00,nan,0.000000000000000000e+00,0.000000000000000000e+00,4.922306672174403541e-01,0.000000000000000000e+00,0.000000000000000000e+00,5.052437364264671382e-01
3.888888888888889246e-09,0.000000000000000000e+00,0.000000000000000000e+00,nan,0.000000000000000000e+00,0.000000000000000000e+00,nan,0.000000000000000000e+00,0.000000000000000000e+00,4.964313415879874625e-01,0.000000000000000000e+00,0.000000000000000000e+00,5.087940910666373107e-01
3.906406406406407186e-09,0.000000000000000000e+00,0.000000000000000000e+00,nan,0.000000000000000000e+00,0.000000000000000000e+00,nan,0.000000000000000000e+00,0.000000000000000000e+00,5.006727411089754165e-01,0.000000000000000000e+00,0.000000000000000000e+00,5.123461360092634864e-01
3.923923923923924299e-09,0.000000000000000000e+00,0.000000000000000000e+00,nan,0.000000000000000000e+00,0.000000000000000000e+00,nan,0.000000000000000000e+00,0.000000000000000000e+00,5.049549532251692563e-01,0.000000000000000000e+00,0.000000000000000000e+00,5.158995914779764824e-01
3.941441441441442239e-09,0.000000000000000000e+00,0.000000000000000000e+00,nan,0.000000000000000000e+00,0.000000000000000000e+00,nan,0.000000000000000000e+00,0.000000000000000000e+00,5.092780612853881061e-01,0.000000000000000000e+00,0.000000000000000000e+00,5.194541769703359124e-01
3.958958958958959352e-09,0.000000000000000000e+00,0.000000000000000000e+00,nan,0.000000000000000000e+00,0.000000000000000000e+00,nan,0.000000000000000000e+00,0.000000000000000000e+00,5.136421445179251144e-01,0.000000000000000000e+00,0.000000000000000000e+00,5.230096113261135660e-01
3.976476476476477292e-09,0.000000000000000000e+00,0.000000000000000000e+00,nan,0.000000000000000000e+00,0.000000000000000000e+00,nan,0.000000000000000000e+00,0.000000000000000000e+00,5.180472780072403749e-01,0.000000000000000000e+00,0.000000000000000000e+00,5.265656127959863486e-01
3.993993993993994405e-09,0.000000000000000000e+00,0.000000000000000000e+00,nan,0.000000000000000000e+00,0.000000000000000000e+00,nan,0.000000000000000000e+00,0.000000000000000000e+00,5.224935326719253315e-01,0.000000000000000000e+00,0.000000000000000000e+00,5.301218991106125822e-01
4.011511511511512346e-09,0.000000000000000000e+00,0.000000000000000000e+00,nan,0.000000000000000000e+00,0.000000000000000000e+00,nan,0.000000000000000000e+00,0.000000000000000000e+00,5.269809752439609252e-01,0.000000000000000000e+00,0.000000000000000000e+00,5.336781875500625771e-01
4.029029029029029459e-09,0.000000000000000000e+00,0.000000000000000000e+00,nan,0.000000000000000000e+00,0.000000000000000000e+00,nan,0.000000000000000000e+00,0.000000000000000000e+00,5.315096682492699287e-01,0.000000000000000000e+00,0.000000000000000000e+00,5.372341950135703925e-01
4.046546546546547399e-09,0.000000000000000000e+00,0.000000000000000000e+00,nan,0.000000000000000000e+00,0.000000000000000000e+00,nan,0.000000000000000000e+00,0.000000000000000000e+00,5.360796699895811201e-01,0.000000000000000000e+00,0.000000000000000000e+00,5.407896380895828026e-01
4.064064064064064512e-09,0.000000000000000000e+00,0.000000000000000000e+00,nan,0.000000000000000000e+00,0.000000000000000000e+00,nan,0.000000000000000000e+00,0.000000000000000000e+00,5.406910345256084049e-01,0.000000000000000000e+00,0.000000000000000000e+00,5.443442331260691658e-01
4.081581581581582452e-09,0.000000000000000000e+00,0.000000000000000000e+00,nan,0.000000000000000000e+00,0.000000000000000000e+00,nan,0.000000000000000000e+00,0.000000000000000000e+00,5.453438116615566544e-01,0.000000000000000000e+00,0.000000000000000000e+00,5.478976963010685486e-01
4.099099099099099565e-09,0.000000000000000000e+00,0.000000000000000000e+00,nan,0.000000000000000000e+00,0.000000000000000000e+00,nan,0.000000000000000000e+00,0.000000000000000000e+00,5.500380469309578135e-01,0.000000000000000000e+00,0.000000000000000000e+00,5.514497436934379104e-01
4.116616616616617505e-09,0.000000000000000000e+00,0.000000000000000000e+00,nan,0.000000000000000000e+00,0.000000000000000000e+00,nan,0.000000000000000000e+00,0.000000000000000000e+00,5.547737815838500453e-01,0.000000000000000000e+00,0.000000000000000000e+00,5.550000913537751490e-01
4.134134134134134618e-09,0.000000000000000000e+00,0.000000000000000000e+00,nan,0.000000000000000000e+00,0.000000000000000000e+00,nan,0.000000000000000000e+00,0.000000000000000000e+00,5.595510525752974695e-01,0.000000000000000000e+00,0.000000000000000000e+00,5.585484553754839210e-01
4.151651651651652558e-09,0.000000000000000000e+00,0.000000000000000000e+00,nan,0.000000000000000000e+00,0.000000000000000000e+00,nan,0.000000000000000000e+00,0.000000000000000000e+00,5.643698925552661505e-01,0.000000000000000000e+00,0.000000000000000000e+00,5.620945519659510392e-01
4.169169169169169671e-09,0.000000000000000000e+00,0.000000000000000000e+00,nan,0.000000000000000000e+00,0.000000000000000000e+00,nan,0.000000000000000000e+00,0.000000000000000000e+00,5.692303298598490047e-01,0.000000000000000000e+00,0.000000000000000000e+00,5.656380975178029180e-01
4.186686686686687611e-09,0.000000000000000000e+00,0.000000000000000000e+00,nan,0.000000000000000000e+00,0.000000000000000000e+00,nan,0.000000000000000000e+00,0.000000000000000000e+00,5.741323885038561725e-01,0.000000000000000000e+00,0.000000000000000000e+00,5.691788086802141988e-01
4.204204204204204724e-09,0.000000000000000000e+00,0.000000000000000000e+00,nan,0.000000000000000000e+00,0.000000000000000000e+00,nan,0.000000000000000000e+00,0.000000000000000000e+00,5.790760881747624156e-01,0.000000000000000000e+00,0.000000000000000000e+00,5.727164024302328071e-01
4.221721721721722665e-09,0.000000000000000000e+00,0.000000000000000000e+00,nan,0.000000000000000000e+00,0.000000000000000000e+00,nan,0.000000000000000000e+00,0.000000000000000000e+00,5.840614442280230856e-01,0.000000000000000000e+00,0.000000000000000000e+00,5.762505961440946844e-01
4.239239239239239778e-09,0.000000000000000000e+00,0.000000000000000000e+00,nan,0.000000000000000000e+00,0.000000000000000000e+00,nan,0.000000000000000000e+00,0.000000000000000000e+00,5.890884676837526701e-01,0.000000000000000000e+00,0.000000000000000000e+00,5.797811076684932230e-01
4.256756756756757718e-09,0.000000000000000000e+00,0.000000000000000000e+00,nan,0.000000000000000000e+00,0.000000000000000000e+00,nan,0.000000000000000000e+00,0.000000000000000000e+00,5.941571652247751301e-01,0.000000000000000000e+00,0.000000000000000000e+00,5.833076553917747598e-01
4.274274274274274831e-09,0.000000000000000000e+00,0.000000000000000000e+00,nan,0.000000000000000000e+00,0.000000000000000000e+00,nan,0.000000000000000000e+00,0.000000000000000000e+00,5.992675391960371467e-01,0.000000000000000000e+00,0.000000000000000000e+00,5.868299583150269338e-01
4.291791791791792771e-09,0.000000000000000000e+00,0.000000000000000000e+00,nan,0.000000000000000000e+00,0.000000000000000000e+00,nan,0.000000000000000000e+00,0.000000000000000000e+00,6.044195876053923833e-01,0.000000000000000000e+00,0.000000000000000000e+00,5.903477361230318188e-01
4.309309309309309884e-09,0.000000000000000000e+00,0.000000000000000000e+00,nan,0.000000000000000000e+00,0.000000000000000000e+00,nan,0.000000000000000000e+00,0.000000000000000000e+00,6.096133041257485452e-01,0.000000000000000000e+00,0.000000000000000000e+00,5.938607092550485245e-01
4.326826826826827824e-09,0.000000000000000000e+00,0.000000000000000000e+00,nan,0.000000000000000000e+00,0.000000000000000000e+00,nan,0.000000000000000000e+00,0.000000000000000000e+00,6.148486780985817912e-01,0.000000000000000000e+00,0.000000000000000000e+00,5.973685989753971803e-01
4.344344344344344937e-09,0.000000000000000000e+00,0.000000000000000000e+00,nan,0.000000000000000000e+00,0.000000000000000000e+00,nan,0.000000000000000000e+00,0.000000000000000000e+00,6.201256945388077257e-01,0.000000000000000000e+00,0.000000000000000000e+00,6.008711274438119920e-01
4.361861861861862877e-09,0.000000000000000000e+00,0.000000000000000000e+00,nan,0.000000000000000000e+00,0.000000000000000000e+00,nan,0.000000000000000000e+00,0.000000000000000000e+00,6.254443341410159674e-01,0.000000000000000000e+00,0.000000000000000000e+00,6.043680177855345059e-01
4.379379379379379990e-09,0.000000000000000000e+00,0.000000000000000000e+00,nan,0.000000000000000000e+00,0.000000000000000000e+00,nan,0.000000000000000000e+00,0.000000000000000000e+00,6.308045732870531941e-01,0.000000000000000000e+00,0.000000000000000000e+00,6.078589941611112213e-01
4.396896896896897930e-09,0.000000000000000000e+00,0.000000000000000000e+00,nan,0.000000000000000000e+00,0.000000000000000000e+00,nan,0.000000000000000000e+00,0.000000000000000000e+00,6.362063840549597726e-01,0.000000000000000000e+00,0.000000000000000000e+00,6.113437818358721243e-01
4.414414414414415043e-09,0.000000000000000000e+00,0.000000000000000000e+00,nan,0.000000000000000000e+00,0.000000000000000000e+00,nan,0.000000000000000000e+00,0.000000000000000000e+00,6.416497342292463157e-01,0.000000000000000000e+00,0.000000000000000000e+00,6.148221072490521744e-01
4.431931931931932983e-09,0.000000000000000000e+00,0.000000000000000000e+00,nan,0.000000000000000000e+00,0.000000000000000000e+00,nan,0.000000000000000000e+00,0.000000000000000000e+00,6.471345873125105008e-01,0.000000000000000000e+00,0.000000000000000000e+00,6.182936980825325390e-01
4.449449449449450096e-09,0.000000000000000000e+00,0.000000000000000000e+00,nan,0.000000000000000000e+00,0.000000000000000000e+00,nan,0.000000000000000000e+00,0.000000000000000000e+00,6.526609025383820484e-01,0.000000000000000000e+00,0.000000000000000000e+00,6.217582833291640521e-01
4.466966966966968037e-09,0.000000000000000000e+00,0.000000000000000000e+00,nan,0.000000000000000000e+00,0.000000000000000000e+00,nan,0.000000000000000000e+00,0.000000000000000000e+00,6.582286348857929736e-01,0.000000000000000000e+00,0.000000000000000000e+00,6.252155933606508009e-01
4.484484484484485150e-09,0.000000000000000000e+00,0.000000000000000000e+00,nan,0.000000000000000000e+00,0.000000000000000000e+00,nan,0.000000000000000000e+00,0.000000000000000000e+00,6.638377350945589006e-01,0.000000000000000000e+00,0.000000000000000000e+00,6.286653599949569848e-01
4.502002002002002263e-09,0.000000000000000000e+00,0.000000000000000000e+00,nan,0.000000000000000000e+00,0.000000000000000000e+00,nan,0.000000000000000000e+00,0.000000000000000000e+00,6.694881496822711053e-01,0.000000000000000000e+00,0.000000000000000000e+00,6.321073165632111746e-01
4.519519519519520203e-09,0.000000000000000000e+00,0.000000000000000000e+00,nan,0.000000000000000000e+00,0.000000000000000000e+00,nan,0.000000000000000000e+00,0.000000000000000000e+00,6.751798209624791935e-01,0.000000000000000000e+00,0.000000000000000000e+00,6.355411979760822172e-01
4.537037037037037316e-09,0.000000000000000000e+00,0.000000000000000000e+00,nan,0.000000000000000000e+00,0.000000000000000000e+00,nan,0.000000000000000000e+00,0.000000000000000000e+00,6.809126870641624141e-01,0.000000000000000000e+00,0.000000000000000000e+00,6.389667407895874840e-01
4.554554554554555256e-09,0.000000000000000000e+00,0.000000000000000000e+00,nan,0.000000000000000000e+00,0.000000000000000000e+00,nan,0.000000000000000000e+00,0.000000000000000000e+00,6.866866819524775067e-01,0.000000000000000000e+00,0.000000000000000000e+00,6.423836832703166966e-01
4.572072072072072369e-09,0.000000000000000000e+00,0.000000000000000000e+00,nan,0.000000000000000000e+00,0.000000000000000000e+00,nan,0.000000000000000000e+00,0.000000000000000000e+00,6.925017354507642109e-01,0.000000000000000000e+00,0.000000000000000000e+00,6.457917654600360269e-01
4.589589589589590309e-09,0.000000000000000000e+00,0.000000000000000000e+00,nan,0.000000000000000000e+00,0.000000000000000000e+00,nan,0.000000000000000000e+00,0.000000000000000000e+00,6.983577732638077684e-01,0.000000000000000000e+00,0.000000000000000000e+00,6.491907292396466023e-01
4.607107107107107422e-09,0.000000000000000000e+00,0.000000000000000000e+00,nan,0.000000000000000000e+00,0.000000000000000000e+00,nan,0.000000000000000000e+00,0.000000000000000000e+00,7.042547170023354397e-01,0.000000000000000000e+00,0.000000000000000000e+00,6.525803183924685502e-01
4.624624624624625362e-09,0.000000000000000000e+00,0.000000000000000000e+00,nan,0.000000000000000000e+00,0.000000000000000000e+00,nan,0.000000000000000000e+00,0.000000000000000000e+00,7.101924842087403711e-01,0.000000000000000000e+00,0.000000000000000000e+00,6.559602786668258245e-01
4.642142142142142475e-09,0.000000000000000000e+00,0.000000000000000000e+00,nan,0.000000000000000000e+00,0.000000000000000000e+00,nan,0.000000000000000000e+00,0.000000000000000000e+00,7.161709883840124968e-01,0.000000000000000000e+00,0.000000000000000000e+00,6.593303578379043905e-01
4.659659659659660415e-09,0.000000000000000000e+00,0.000000000000000000e+00,nan,0.000000000000000000e+00,0.000000000000000000e+00,nan,0.000000000000000000e+00,0.000000000000000000e+00,7.221901390158701473e-01,0.000000000000000000e+00,0.000000000000000000e+00,6.626903057688531273e-01
4.677177177177177528e-09,0.000000000000000000e+00,0.000000000000000000e+00,nan,0.000000000000000000e+00,0.000000000000000000e+00,nan,0.000000000000000000e+00,0.000000000000000000e+00,7.282498416080673831e-01,0.000000000000000000e+00,0.000000000000000000e+00,6.660398744711081287e-01
4.694694694694695469e-09,0.000000000000000000e+00,0.000000000000000000e+00,nan,0.000000000000000000e+00,0.000000000000000000e+00,nan,0.000000000000000000e+00,0.000000000000000000e+00,7.343499977108692844e-01,0.000000000000000000e+00,0.000000000000000000e+00,6.693788181639134249e-01
4.712212212212212582e-09,0.000000000000000000e+00,0.000000000000000000e+00,nan,0.000000000000000000e+00,0.000000000000000000e+00,nan,0.000000000000000000e+00,0.000000000000000000e+00,7.404905049526749883e-01,0.000000000000000000e+00,0.000000000000000000e+00,6.727068933330031530e-01
4.729729729729730522e-09,0.000000000000000000e+00,0.000000000000000000e+00,nan,0.000000000000000000e+00,0.000000000000000000e+00,nan,0.000000000000000000e+00,0.000000000000000000e+00,7.466712570727707110e-01,0.000000000000000000e+00,0.000000000000000000e+00,6.760238587884408457e-01
4.747247247247247635e-09,0.000000000000000000e+00,0.000000000000000000e+00,nan,0.000000000000000000e+00,0.000000000000000000e+00,nan,0.000000000000000000e+00,0.000000000000000000e+00,7.528921439551973238e-01,0.000000000000000000e+00,0.000000000000000000e+00,6.793294757215684321e-01
4.764764764764765575e-09,0.000000000000000000e+00,0.000000000000000000e+00,nan,0.000000000000000000e+00,0.000000000000000000e+00,nan,0.000000000000000000e+00,0.000000000000000000e+00,7.591530516637164938e-01,0.000000000000000000e+00,0.000000000000000000e+00,6.826235077610592894e-01
4.782282282282282688e-09,0.000000000000000000e+00,0.000000000000000000e+00,nan,0.000000000000000000e+00,0.000000000000000000e+00,nan,0.000000000000000000e+00,0.000000000000000000e+00,7.654538624778481903e-01,0.000000000000000000e+00,0.000000000000000000e+00,6.859057210280440353e-01
4.799799799799800628e-09,0.000000000000000000e+00,0.000000000000000000e+00,nan,0.000000000000000000e+00,0.000000000000000000e+00,nan,0.000000000000000000e+00,0.000000000000000000e+00,7.717944549299732282e-01,0.000000000000000000e+00,0.000000000000000000e+00,6.891758841902864141e-01
4.817317317317317741e-09,0.000000000000000000e+00,0.000000000000000000e+00,nan,0.000000000000000000e+00,0.000000000000000000e+00,nan,0.000000000000000000e+00,0.000000000000000000e+00,7.781747038434694286e-01,0.000000000000000000e+00,0.000000000000000000e+00,6.924337685153904021e-01
4.834834834834835681e-09,0.000000000000000000e+00,0.000000000000000000e+00,nan,0.000000000000000000e+00,0.000000000000000000e+00,nan,0.000000000000000000e+00,0.000000000000000000e+00,7.845944803718699623e-01,0.000000000000000000e+00,0.000000000000000000e+00,6.956791479230142183e-01
4.852352352352352794e-09,0.000000000000000000e+00,0.000000000000000000e+00,nan,0.000000000000000000e+00,0.000000000000000000e+00,nan,0.000000000000000000e+00,0.000000000000000000e+00,7.910536520390172299e-01,0.000000000000000000e+00,0.000000000000000000e+00,6.989117990360731447e-01
4.869869869869870734e-09,0.000000000000000000e+00,0.000000000000000000e+00,nan,0.000000000000000000e+00,0.000000000000000000e+00,nan,0.000000000000000000e+00,0.000000000000000000e+00,7.975520827801981794e-01,0.000000000000000000e+00,0.000000000000000000e+00,7.021315012309069514e-01
4.887387387387387847e-09,0.000000000000000000e+00,0.000000000000000000e+00,nan,0.000000000000000000e+00,0.000000000000000000e+00,nan,0.000000000000000000e+00,0.000000000000000000e+00,8.040896329842300849e-01,0.000000000000000000e+00,0.000000000000000000e+00,7.053380366863956086e-01
4.904904904904905788e-09,0.000000000000000000e+00,0.000000000000000000e+00,nan,0.000000000000000000e+00,0.000000000000000000e+00,nan,0.000000000000000000e+00,0.000000000000000000e+00,8.106661595364879069e-01,0.000000000000000000e+00,0.000000000000000000e+00,7.085311904320034104e-01
4.922422422422422901e-09,0.000000000000000000e+00,0.000000000000000000e+00,nan,0.000000000000000000e+00,0.000000000000000000e+00,nan,0.000000000000000000e+00,0.000000000000000000e+00,8.172815158628379262e-01,0.000000000000000000e+00,0.000000000000000000e+00,7.117107503947313063e-01
4.939939939939940841e-09,0.000000000000000000e+00,0.000000000000000000e+00,nan,0.000000000000000000e+00,0.000000000000000000e+00,nan,0.000000000000000000e+00,0.000000000000000000e+00,8.239355519744644418e-01,0.000000000000000000e+00,0.000000000000000000e+00,7.148765074449606738e-01
4.957457457457457954e-09,0.000000000000000000e+00,0.000000000000000000e+00,nan,0.000000000000000000e+00,0.000000000000000000e+00,nan,0.000000000000000000e+00,0.000000000000000000e+00,8.306281145135631094e-01,0.000000000000000000e+00,0.000000000000000000e+00,7.180282554411711038e-01
4.974974974974975894e-09,0.000000000000000000e+00,0.000000000000000000e+00,nan,0.000000000000000000e+00,0.000000000000000000e+00,nan,0.000000000000000000e+00,0.000000000000000000e+00,8.373590467998789366e-01,0.000000000000000000e+00,0.000000000000000000e+00,7.211657912735166542e-01
4.992492492492493007e-09,0.000000000000000000e+00,0.000000000000000000e+00,nan,0.000000000000000000e+00,0.000000000000000000e+00,nan,0.000000000000000000e+00,0.000000000000000000e+00,8.441281888780616249e-01,0.000000000000000000e+00,0.000000000000000000e+00,7.242889149062411436e-01
5.010010010010010947e-09,0.000000000000000000e+00,0.000000000000000000e+00,nan,0.000000000000000000e+00,0.000000000000000000e+00,nan,0.000000000000000000e+00,0.000000000000000000e+00,8.509353775658234920e-01,0.000000000000000000e+00,0.000000000000000000e+00,7.273974294189217149e-01
5.027527527527528060e-09,0.000000000000000000e+00,0.000000000000000000e+00,nan,0.000000000000000000e+00,0.000000000000000000e+00,nan,0.000000000000000000e+00,0.000000000000000000e+00,8.577804465028614489e-01,0.000000000000000000e+00,0.000000000000000000e+00,7.304911410465224630e-01
5.045045045045046000e-09,0.000000000000000000e+00,0.000000000000000000e+00,nan,0.000000000000000000e+00,0.000000000000000000e+00,nan,0.000000000000000000e+00,0.000000000000000000e+00,8.646632262005361502e-01,0.000000000000000000e+00,0.000000000000000000e+00,7.335698592182441358e-01
5.062562562562563113e-09,0.000000000000000000e+00,0.000000000000000000e+00,nan,0.000000000000000000e+00,0.000000000000000000e+00,nan,0.000000000000000000e+00,0.000000000000000000e+00,8.715835440922682364e-01,0.000000000000000000e+00,0.000000000000000000e+00,7.366333965951584739e-01
5.080080080080081053e-09,0.000000000000000000e+00,0.000000000000000000e+00,nan,0.000000000000000000e+00,0.000000000000000000e+00,nan,0.000000000000000000e+00,0.000000000000000000e+00,8.785412245846360157e-01,0.000000000000000000e+00,0.000000000000000000e+00,7.396815691066160880e-01
5.097597597597598166e-09,0.000000000000000000e+00,0.000000000000000000e+00,nan,0.000000000000000000e+00,0.000000000000000000e+00,nan,0.000000000000000000e+00,0.000000000000000000e+00,8.855360891091451636e-01,0.000000000000000000e+00,0.000000000000000000e+00,7.427141959854064446e-01
5.115115115115116106e-09,0.000000000000000000e+00,0.000000000000000000e+00,nan,0.000000000000000000e+00,0.000000000000000000e+00,nan,0.000000000000000000e+00,0.000000000000000000e+00,8.925679561746480140e-01,0.000000000000000000e+00,0.000000000000000000e+00,7.457310998016739578e-01
5.132632632632633219e-09,0.000000000000000000e+00,0.000000000000000000e+00,nan,0.000000000000000000e+00,0.000000000000000000e+00,nan,0.000000000000000000e+00,0.000000000000000000e+00,8.996366414203837980e-01,0.000000000000000000e+00,0.000000000000000000e+00,7.487321064955634320e-01
5.150150150150151160e-09,0.000000000000000000e+00,0.000000000000000000e+00,nan,0.000000000000000000e+00,0.000000000000000000e+00,nan,0.000000000000000000e+00,0.000000000000000000e+00,9.067419576696185146e-01,0.000000000000000000e+00,0.000000000000000000e+00,7.517170454085987386e-01
5.167667667667668273e-09,0.000000000000000000e+00,0.000000000000000000e+00,nan,0.000000000000000000e+00,0.000000000000000000e+00,nan,0.000000000000000000e+00,0.000000000000000000e+00,9.138837149838520135e-01,0.000000000000000000e+00,0.000000000000000000e+00,7.546857493137729689e-01
5.185185185185186213e-09,0.000000000000000000e+00,0.000000000000000000e+00,nan,0.000000000000000000e+00,0.000000000000000000e+00,nan,0.000000000000000000e+00,0.000000000000000000e+00,9.210617207175736398e-01,0.000000000000000000e+00,0.000000000000000000e+00,7.576380544443555021e-01
5.202702702702703326e-09,0.000000000000000000e+00,0.000000000000000000e+00,nan,0.000000000000000000e+00,0.000000000000000000e+00,nan,0.000000000000000000e+00,0.000000000000000000e+00,9.282757795735335771e-01,0.000000000000000000e+00,0.000000000000000000e+00,7.605738005213917852e-01
5.220220220220221266e-09,0.000000000000000000e+00,0.000000000000000000e+00,nan,0.000000000000000000e+00,0.000000000000000000e+00,nan,0.000000000000000000e+00,0.000000000000000000e+00,9.355256936585114591e-01,0.000000000000000000e+00,0.000000000000000000e+00,7.634928307799052627e-01
5.237737737737738379e-09,0.000000000000000000e+00,0.000000000000000000e+00,nan,0.000000000000000000e+00,0.000000000000000000e+00,nan,0.000000000000000000e+00,0.000000000000000000e+00,9.428112625395455026e-01,0.000000000000000000e+00,0.000000000000000000e+00,7.663949919937808053e-01
5.255255255255256319e-09,0.000000000000000000e+00,0.000000000000000000e+00,nan,0.000000000000000000e+00,0.000000000000000000e+00,nan,0.000000000000000000e+00,0.000000000000000000e+00,9.501322833006075053e-01,0.000000000000000000e+00,0.000000000000000000e+00,7.692801344993350776e-01
5.272772772772773432e-09,0.000000000000000000e+00,0.000000000000000000e+00,nan,0.000000000000000000e+00,0.000000000000000000e+00,nan,0.000000000000000000e+00,0.000000000000000000e+00,9.574885505996864055e-01,0.000000000000000000e+00,0.000000000000000000e+00,7.721481122175606338e-01
5.290290290290291372e-09,0.000000000000000000e+00,0.000000000000000000e+00,nan,0.000000000000000000e+00,0.000000000000000000e+00,nan,0.000000000000000000e+00,0.000000000000000000e+00,9.648798567262631964e-01,0.000000000000000000e+00,0.000000000000000000e+00,7.749987826750442954e-01
5.307807807807808485e-09,0.000000000000000000e+00,0.000000000000000000e+00,nan,0.000000000000000000e+00,0.000000000000000000e+00,nan,0.000000000000000000e+00,0.000000000000000000e+00,9.723059916591418883e-01,0.000000000000000000e+00,0.000000000000000000e+00,7.778320070235553718e-01
5.325325325325326425e-09,0.000000000000000000e+00,0.000000000000000000e+00,nan,0.000000000000000000e+00,0.000000000000000000e+00,nan,0.000000000000000000e+00,0.000000000000000000e+00,9.797667431246206426e-01,0.000000000000000000e+00,0.000000000000000000e+00,7.806476500582990585e-01
5.342842842842843538e-09,0.000000000000000000e+00,0.000000000000000000e+00,nan,0.000000000000000000e+00,0.000000000000000000e+00,nan,0.000000000000000000e+00,0.000000000000000000e+00,9.872618966549630004e-01,0.000000000000000000e+00,0.000000000000000000e+00,7.834455802348343489e-01
5.360360360360361479e-09,0.000000000000000000e+00,0.000000000000000000e+00,nan,0.000000000000000000e+00,0.000000000000000000e+00,nan,0.000000000000000000e+00,0.000000000000000000e+00,9.947912356471574347e-01,0.000000000000000000e+00,0.000000000000000000e+00,7.862256696846561255e-01
5.377877877877878592e-09,0.000000000000000000e+00,0.000000000000000000e+00,nan,0.000000000000000000e+00,0.000000000000000000e+00,nan,0.000000000000000000e+00,0.000000000000000000e+00,1.002354541421927037e+00,0.000000000000000000e+00,0.000000000000000000e+00,7.889877942294358792e-01
5.395395395395396532e-09,0.000000000000000000e+00,0.000000000000000000e+00,nan,0.000000000000000000e+00,0.000000000000000000e+00,nan,0.000000000000000000e+00,0.000000000000000000e+00,1.009951593282968574e+00,0.000000000000000000e+00,0.000000000000000000e+00,7.917318333939303843e-01
5.412912912912913645e-09,0.000000000000000000e+00,0.000000000000000000e+00,nan,0.000000000000000000e+00,0.000000000000000000e+00,nan,0.000000000000000000e+00,0.000000000000000000e+00,1.017582168576394830e+00,0.000000000000000000e+00,0.000000000000000000e+00,7.944576704175447812e-01
5.430430430430431585e-09,0.000000000000000000e+00,0.000000000000000000e+00,nan,0.000000000000000000e+00,0.000000000000000000e+00,nan,0.000000000000000000e+00,0.000000000000000000e+00,1.025246042750352693e+00,0.000000000000000000e+00,0.000000000000000000e+00,7.971651922645681676e-01
5.447947947947948698e-09,0.000000000000000000e+00,0.000000000000000000e+00,nan,0.000000000000000000e+00,0.000000000000000000e+00,nan,0.000000000000000000e+00,0.000000000000000000e+00,1.032942989414788570e+00,0.000000000000000000e+00,0.000000000000000000e+00,7.998542896330699259e-01
5.465465465465466638e-09,0.000000000000000000e+00,0.000000000000000000e+00,nan,0.000000000000000000e+00,0.000000000000000000e+00,nan,0.000000000000000000e+00,0.000000000000000000e+00,1.040672780401342257e+00,0.000000000000000000e+00,0.000000000000000000e+00,8.025248569624657824e-01
5.482982982982983751e-09,0.000000000000000000e+00,0.000000000000000000e+00,nan,0.000000000000000000e+00,0.000000000000000000e+00,nan,0.000000000000000000e+00,0.000000000000000000e+00,1.048435185823332949e+00,0.000000000000000000e+00,0.000000000000000000e+00,8.051767924397574827e-01
5.500500500500501691e-09,0.000000000000000000e+00,0.000000000000000000e+00,nan,0.000000000000000000e+00,0.000000000000000000e+00,nan,0.000000000000000000e+00,0.000000000000000000e+00,1.056229974135825866e+00,0.000000000000000000e+00,0.000000000000000000e+00,8.078099980044476380e-01
5.518018018018018804e-09,0.000000000000000000e+00,0.000000000000000000e+00,nan,0.000000000000000000e+00,0.000000000000000000e+00,nan,0.000000000000000000e+00,0.000000000000000000e+00,1.064056912195735505e+00,0.000000000000000000e+00,0.000000000000000000e+00,8.104243793521348493e-01
5.535535535535536744e-09,0.000000000000000000e+00,0.000000000000000000e+00,nan,0.000000000000000000e+00,0.000000000000000000e+00,nan,0.000000000000000000e+00,0.000000000000000000e+00,1.071915765321962422e+00,0.000000000000000000e+00,0.000000000000000000e+00,8.130198459367978803e-01
5.553053053053053857e-09,0.000000000000000000e+00,0.000000000000000000e+00,nan,0.000000000000000000e+00,0.000000000000000000e+00,nan,0.000000000000000000e+00,0.000000000000000000e+00,1.079806297355514255e+00,0.000000000000000000e+00,0.000000000000000000e+00,8.155963109717691006e-01
5.570570570570571797e-09,0.000000000000000000e+00,0.000000000000000000e+00,nan,0.000000000000000000e+00,0.000000000000000000e+00,nan,0.000000000000000000e+00,0.000000000000000000e+00,1.087728270719610091e+00,0.000000000000000000e+00,0.000000000000000000e+00,8.181536914294096352e-01
5.588088088088088910e-09,0.000000000000000000e+00,0.000000000000000000e+00,nan,0.000000000000000000e+00,0.000000000000000000e+00,nan,0.000000000000000000e+00,0.000000000000000000e+00,1.095681446479722432e+00,0.000000000000000000e+00,0.000000000000000000e+00,8.206919080394897703e-01
5.605605605605606851e-09,0.000000000000000000e+00,0.000000000000000000e+00,nan,0.000000000000000000e+00,0.000000000000000000e+00,nan,0.000000000000000000e+00,0.000000000000000000e+00,1.103665584403549893e+00,0.000000000000000000e+00,0.000000000000000000e+00,8.232108852862844994e-01
5.623123123123123964e-09,0.000000000000000000e+00,0.000000000000000000e+00,nan,0.000000000000000000e+00,0.000000000000000000e+00,nan,0.000000000000000000e+00,0.000000000000000000e+00,1.111680443020879760e+00,0.000000000000000000e+00,0.000000000000000000e+00,8.257105514043909800e-01
5.640640640640641077e-09,0.000000000000000000e+00,0.000000000000000000e+00,nan,0.000000000000000000e+00,0.000000000000000000e+00,nan,0.000000000000000000e+00,0.000000000000000000e+00,1.119725779683334643e+00,0.000000000000000000e+00,0.000000000000000000e+00,8.281908383732805579e-01
5.658158158158159017e-09,0.000000000000000000e+00,0.000000000000000000e+00,nan,0.000000000000000000e+00,0.000000000000000000e+00,nan,0.000000000000000000e+00,0.000000000000000000e+00,1.127801350623963028e+00,0.000000000000000000e+00,0.000000000000000000e+00,8.306516819105915772e-01
5.675675675675676130e-09,0.000000000000000000e+00,0.000000000000000000e+00,nan,0.000000000000000000e+00,0.000000000000000000e+00,nan,0.000000000000000000e+00,0.000000000000000000e+00,1.135906911016659748e+00,0.000000000000000000e+00,0.000000000000000000e+00,8.330930214641739662e-01
5.693193193193194070e-09,0.000000000000000000e+00,0.000000000000000000e+00,nan,0.000000000000000000e+00,0.000000000000000000e+00,nan,0.000000000000000000e+00,0.000000000000000000e+00,1.144042215035392163e+00,0.000000000000000000e+00,0.000000000000000000e+00,8.355148002028995879e-01
5.710710710710711183e-09,0.000000000000000000e+00,0.000000000000000000e+00,nan,0.000000000000000000e+00,0.000000000000000000e+00,nan,0.000000000000000000e+00,0.000000000000000000e+00,1.152207015913208288e+00,0.000000000000000000e+00,0.000000000000000000e+00,8.379169650062447960e-01
5.728228228228229123e-09,0.000000000000000000e+00,0.000000000000000000e+00,nan,0.000000000000000000e+00,0.000000000000000000e+00,nan,0.000000000000000000e+00,0.000000000000000000e+00,1.160401066001002457e+00,0.000000000000000000e+00,0.000000000000000000e+00,8.402994664526662882e-01
5.745745745745746236e-09,0.000000000000000000e+00,0.000000000000000000e+00,nan,0.000000000000000000e+00,0.000000000000000000e+00,nan,0.000000000000000000e+00,0.000000000000000000e+00,1.168624116826020076e+00,0.000000000000000000e+00,0.000000000000000000e+00,8.426622588067660402e-01
5.763263263263264176e-09,0.000000000000000000e+00,0.000000000000000000e+00,nan,0.000000000000000000e+00,0.000000000000000000e+00,nan,0.000000000000000000e+00,0.000000000000000000e+00,1.176875919150080163e+00,0.000000000000000000e+00,0.000000000000000000e+00,8.450053000052837326e-01
5.780780780780781289e-09,0.000000000000000000e+00,0.000000000000000000e+00,nan,0.000000000000000000e+00,0.000000000000000000e+00,nan,0.000000000000000000e+00,0.000000000000000000e+00,1.185156223027487243e+00,0.000000000000000000e+00,0.000000000000000000e+00,8.473285516419027941e-01
5.798298298298299229e-09,0.000000000000000000e+00,0.000000000000000000e+00,nan,0.000000000000000000e+00,0.000000000000000000e+00,nan,0.000000000000000000e+00,0.000000000000000000e+00,1.193464777862623949e+00,0.000000000000000000e+00,0.000000000000000000e+00,8.496319789509074738e-01
5.815815815815816342e-09,0.000000000000000000e+00,0.000000000000000000e+00,nan,0.000000000000000000e+00,0.000000000000000000e+00,nan,0.000000000000000000e+00,0.000000000000000000e+00,1.201801332467188566e+00,0.000000000000000000e+00,0.000000000000000000e+00,8.519155507896895019e-01
5.833333333333334283e-09,0.000000000000000000e+00,0.000000000000000000e+00,nan,0.000000000000000000e+00,0.000000000000000000e+00,nan,0.000000000000000000e+00,0.000000000000000000e+00,1.210165635117073757e+00,0.000000000000000000e+00,0.000000000000000000e+00,8.541792396201330906e-01
5.850850850850851396e-09,0.000000000000000000e+00,0.000000000000000000e+00,nan,0.000000000000000000e+00,0.000000000000000000e+00,nan,0.000000000000000000e+00,0.000000000000000000e+00,1.218557433608850715e+00,0.000000000000000000e+00,0.000000000000000000e+00,8.564230214888781667e-01
5.868368368368369336e-09,0.000000000000000000e+00,0.000000000000000000e+00,nan,0.000000000000000000e+00,0.000000000000000000e+00,nan,0.000000000000000000e+00,0.000000000000000000e+00,1.226976475315852966e+00,0.000000000000000000e+00,0.000000000000000000e+00,8.586468760064962513e-01
5.885885885885886449e-09,0.000000000000000000e+00,0.000000000000000000e+00,nan,0.000000000000000000e+00,0.000000000000000000e+00,nan,0.000000000000000000e+00,0.000000000000000000e+00,1.235422507243830959e+00,0.000000000000000000e+00,0.000000000000000000e+00,8.608507863255769887e-01
5.903403403403404389e-09,0.000000000000000000e+00,0.000000000000000000e+00,nan,0.000000000000000000e+00,0.000000000000000000e+00,nan,0.000000000000000000e+00,0.000000000000000000e+00,1.243895276086163459e+00,0.000000000000000000e+00,0.000000000000000000e+00,8.630347391177638494e-01
5.920920920920921502e-09,0.000000000000000000e+00,0.000000000000000000e+00,nan,0.000000000000000000e+00,0.000000000000000000e+00,nan,0.000000000000000000e+00,0.000000000000000000e+00,1.252394528278608421e+00,0.000000000000000000e+00,0.000000000000000000e+00,8.651987245497311241e-01
5.938438438438439442e-09,0.000000000000000000e+00,0.000000000000000000e+00,nan,0.000000000000000000e+00,0.000000000000000000e+00,nan,0.000000000000000000e+00,0.000000000000000000e+00,1.260920010053572460e+00,0.000000000000000000e+00,0.000000000000000000e+00,8.673427362581466182e-01
5.955955955955956555e-09,0.000000000000000000e+00,0.000000000000000000e+00,nan,0.000000000000000000e+00,0.000000000000000000e+00,nan,0.000000000000000000e+00,0.000000000000000000e+00,1.269471467493882288e+00,0.000000000000000000e+00,0.000000000000000000e+00,8.694667713236153839e-01
5.973473473473474495e-09,0.000000000000000000e+00,0.000000000000000000e+00,nan,0.000000000000000000e+00,0.000000000000000000e+00,nan,0.000000000000000000e+00,0.000000000000000000e+00,1.278048646586047221e+00,0.000000000000000000e+00,0.000000000000000000e+00,8.715708302436391275e-01
5.990990990990991608e-09,0.000000000000000000e+00,0.000000000000000000e+00,nan,0.000000000000000000e+00,0.000000000000000000e+00,nan,0.000000000000000000e+00,0.000000000000000000e+00,1.286651293272981444e+00,0.000000000000000000e+00,0.000000000000000000e+00,8.736549169046039509e-01
6.008508508508509548e-09,0.000000000000000000e+00,0.000000000000000000e+00,nan,0.000000000000000000e+00,0.000000000000000000e+00,nan,0.000000000000000000e+00,0.000000000000000000e+00,1.295279153506193603e+00,0.000000000000000000e+00,0.000000000000000000e+00,8.757190385528156318e-01
6.026026026026026661e-09,0.000000000000000000e+00,0.000000000000000000e+00,nan,0.000000000000000000e+00,0.000000000000000000e+00,nan,0.000000000000000000e+00,0.000000000000000000e+00,1.303931973297400626e+00,0.000000000000000000e+00,0.000000000000000000e+00,8.777632057646037600e-01
6.043543543543544601e-09,0.000000000000000000e+00,0.000000000000000000e+00,nan,0.000000000000000000e+00,0.000000000000000000e+00,nan,0.000000000000000000e+00,0.000000000000000000e+00,1.312609498769574445e+00,0.000000000000000000e+00,0.000000000000000000e+00,8.797874324155171566e-01
6.061061061061061714e-09,0.000000000000000000e+00,0.000000000000000000e+00,nan,0.000000000000000000e+00,0.000000000000000000e+00,nan,0.000000000000000000e+00,0.000000000000000000e+00,1.321311476207394975e+00,0.000000000000000000e+00,0.000000000000000000e+00,8.817917356486223435e-01
6.078578578578579655e-09,0.000000000000000000e+00,0.000000000000000000e+00,nan,0.000000000000000000e+00,0.000000000000000000e+00,nan,0.000000000000000000e+00,0.000000000000000000e+00,1.330037652107095125e+00,0.000000000000000000e+00,0.000000000000000000e+00,8.837761358419410351e-01
6.096096096096096768e-09,0.000000000000000000e+00,0.000000000000000000e+00,nan,0.000000000000000000e+00,0.000000000000000000e+00,nan,0.000000000000000000e+00,0.000000000000000000e+00,1.338787773225688094e+00,0.000000000000000000e+00,0.000000000000000000e+00,8.857406565750313154e-01
6.113613613613614708e-09,0.000000000000000000e+00,0.000000000000000000e+00,nan,0.000000000000000000e+00,0.000000000000000000e+00,nan,0.000000000000000000e+00,0.000000000000000000e+00,1.347561586629566932e+00,0.000000000000000000e+00,0.000000000000000000e+00,8.876853245947416982e-01
6.131131131131131821e-09,0.000000000000000000e+00,0.000000000000000000e+00,nan,0.000000000000000000e+00,0.000000000000000000e+00,nan,0.000000000000000000e+00,0.000000000000000000e+00,1.356358839742449751e+00,0.000000000000000000e+00,0.000000000000000000e+00,8.896101697801703789e-01
6.148648648648649761e-09,0.000000000000000000e+00,0.000000000000000000e+00,nan,0.000000000000000000e+00,0.000000000000000000e+00,nan,0.000000000000000000e+00,0.000000000000000000e+00,1.365179280392679217e+00,0.000000000000000000e+00,0.000000000000000000e+00,8.915152251068217959e-01
6.166166166166166874e-09,0.000000000000000000e+00,0.000000000000000000e+00,nan,0.000000000000000000e+00,0.000000000000000000e+00,nan,0.000000000000000000e+00,0.000000000000000000e+00,1.374022656859844149e+00,0.000000000000000000e+00,0.000000000000000000e+00,8.934005266100193410e-01
6.183683683683684814e-09,0.000000000000000000e+00,0.000000000000000000e+00,nan,0.000000000000000000e+00,0.000000000000000000e+00,nan,0.000000000000000000e+00,0.000000000000000000e+00,1.382888717920728094e+00,0.000000000000000000e+00,0.000000000000000000e+00,8.952661133475660060e-01
6.201201201201201927e-09,0.000000000000000000e+00,0.000000000000000000e+00,nan,0.000000000000000000e+00,0.000000000000000000e+00,nan,0.000000000000000000e+00,0.000000000000000000e+00,1.391777212894560911e+00,0.000000000000000000e+00,0.000000000000000000e+00,8.971120273616980390e-01
6.218718718718719867e-09,0.000000000000000000e+00,0.000000000000000000e+00,nan,0.000000000000000000e+00,0.000000000000000000e+00,nan,0.000000000000000000e+00,0.000000000000000000e+00,1.400687891687576681e+00,0.000000000000000000e+00,0.000000000000000000e+00,8.989383136403350516e-01
6.236236236236236980e-09,0.000000000000000000e+00,0.000000000000000000e+00,nan,0.000000000000000000e+00,0.000000000000000000e+00,nan,0.000000000000000000e+00,0.000000000000000000e+00,1.409620504836855526e+00,0.000000000000000000e+00,0.000000000000000000e+00,9.007450200776657701e-01
6.253753753753754920e-09,0.000000000000000000e+00,0.000000000000000000e+00,nan,0.000000000000000000e+00,0.000000000000000000e+00,nan,0.000000000000000000e+00,0.000000000000000000e+00,1.418574803553449337e+00,0.000000000000000000e+00,0.000000000000000000e+00,9.025321974340827502e-01
6.271271271271272033e-09,0.000000000000000000e+00,0.000000000000000000e+00,nan,0.000000000000000000e+00,0.000000000000000000e+00,nan,0.000000000000000000e+00,0.000000000000000000e+00,1.427550539764775861e+00,0.000000000000000000e+00,0.000000000000000000e+00,9.042998992954889292e-01
6.288788788788789974e-09,0.000000000000000000e+00,0.000000000000000000e+00,nan,0.000000000000000000e+00,0.000000000000000000e+00,nan,0.000000000000000000e+00,0.000000000000000000e+00,1.436547466156279595e+00,0.000000000000000000e+00,0.000000000000000000e+00,9.060481820320114288e-01
6.306306306306307087e-09,0.000000000000000000e+00,0.000000000000000000e+00,nan,0.000000000000000000e+00,0.000000000000000000e+00,nan,0.000000000000000000e+00,0.000000000000000000e+00,1.445565336212342844e+00,0.000000000000000000e+00,0.000000000000000000e+00,9.077771047561256079e-01
6.323823823823825027e-09,0.000000000000000000e+00,0.000000000000000000e+00,nan,0.000000000000000000e+00,0.000000000000000000e+00,nan,0.000000000000000000e+00,0.000000000000000000e+00,1.454603904256454694e+00,0.000000000000000000e+00,0.000000000000000000e+00,9.094867292802318870e-01
6.341341341341342140e-09,0.000000000000000000e+00,0.000000000000000000e+00,nan,0.000000000000000000e+00,0.000000000000000000e+00,nan,0.000000000000000000e+00,0.000000000000000000e+00,1.463662925490607947e+00,0.000000000000000000e+00,0.000000000000000000e+00,9.111771200736972220e-01
6.358858858858860080e-09,0.000000000000000000e+00,0.000000000000000000e+00,nan,0.000000000000000000e+00,0.000000000000000000e+00,nan,0.000000000000000000e+00,0.000000000000000000e+00,1.472742156033943317e+00,0.000000000000000000e+00,0.000000000000000000e+00,9.128483442193922048e-01
6.376376376376377193e-09,0.000000000000000000e+00,0.000000000000000000e+00,nan,0.000000000000000000e+00,0.000000000000000000e+00,nan,0.000000000000000000e+00,0.000000000000000000e+00,1.481841352960614255e+00,0.000000000000000000e+00,0.000000000000000000e+00,9.145004713697412191e-01
6.393893893893895133e-09,0.000000000000000000e+00,0.000000000000000000e+00,nan,0.000000000000000000e+00,0.000000000000000000e+00,nan,0.000000000000000000e+00,0.000000000000000000e+00,1.490960274336881941e+00,0.000000000000000000e+00,0.000000000000000000e+00,9.161335737023094117e-01
6.411411411411412246e-09,0.000000000000000000e+00,0.000000000000000000e+00,nan,0.000000000000000000e+00,0.000000000000000000e+00,nan,0.000000000000000000e+00,0.000000000000000000e+00,1.500098679257421352e+00,0.000000000000000000e+00,0.000000000000000000e+00,9.177477258749662248e-01
6.428928928928930186e-09,0.000000000000000000e+00,0.000000000000000000e+00,nan,0.000000000000000000e+00,0.000000000000000000e+00,nan,0.000000000000000000e+00,0.000000000000000000e+00,1.509256327880851511e+00,0.000000000000000000e+00,0.000000000000000000e+00,9.193430049806128324e-01
6.446446446446447299e-09,0.000000000000000000e+00,0.000000000000000000e+00,nan,0.000000000000000000e+00,0.000000000000000000e+00,nan,0.000000000000000000e+00,0.000000000000000000e+00,1.518432981464466147e+00,0.000000000000000000e+00,0.000000000000000000e+00,9.209194905015450905e-01
6.463963963963965239e-09,0.000000000000000000e+00,0.000000000000000000e+00,nan,0.000000000000000000e+00,0.000000000000000000e+00,nan,0.000000000000000000e+00,0.000000000000000000e+00,1.527628402398178098e+00,0.000000000000000000e+00,0.000000000000000000e+00,9.224772642634360142e-01
6.481481481481482352e-09,0.000000000000000000e+00,0.000000000000000000e+00,nan,0.000000000000000000e+00,0.000000000000000000e+00,nan,0.000000000000000000e+00,0.000000000000000000e+00,1.536842354237663910e+00,0.000000000000000000e+00,0.000000000000000000e+00,9.240164103889784153e-01
6.498998998999000293e-09,0.000000000000000000e+00,0.000000000000000000e+00,nan,0.000000000000000000e+00,0.000000000000000000e+00,nan,0.000000000000000000e+00,0.000000000000000000e+00,1.546074601736711740e+00,0.000000000000000000e+00,0.000000000000000000e+00,9.255370152512142345e-01
6.516516516516517406e-09,0.000000000000000000e+00,0.000000000000000000e+00,nan,0.000000000000000000e+00,0.000000000000000000e+00,nan,0.000000000000000000e+00,0.000000000000000000e+00,1.555324910878764566e+00,0.000000000000000000e+00,0.000000000000000000e+00,9.270391674265625603e-01
6.534034034034035346e-09,0.000000000000000000e+00,0.000000000000000000e+00,nan,0.000000000000000000e+00,0.000000000000000000e+00,nan,0.000000000000000000e+00,0.000000000000000000e+00,1.564593048907667150e+00,0.000000000000000000e+00,0.000000000000000000e+00,9.285229576475816371e-01
6.551551551551552459e-09,0.000000000000000000e+00,0.000000000000000000e+00,nan,0.000000000000000000e+00,0.000000000000000000e+00,nan,0.000000000000000000e+00,0.000000000000000000e+00,1.573878784357597871e+00,0.000000000000000000e+00,0.000000000000000000e+00,9.299884787554842935e-01
6.569069069069070399e-09,0.000000000000000000e+00,0.000000000000000000e+00,nan,0.000000000000000000e+00,0.000000000000000000e+00,nan,0.000000000000000000e+00,0.000000000000000000e+00,1.583181887082208528e+00,0.000000000000000000e+00,0.000000000000000000e+00,9.314358256524220003e-01
6.586586586586587512e-09,0.000000000000000000e+00,0.000000000000000000e+00,nan,0.000000000000000000e+00,0.000000000000000000e+00,nan,0.000000000000000000e+00,0.000000000000000000e+00,1.592502128282947460e+00,0.000000000000000000e+00,0.000000000000000000e+00,9.328650952535726404e-01
6.604104104104105452e-09,0.000000000000000000e+00,0.000000000000000000e+00,nan,0.000000000000000000e+00,0.000000000000000000e+00,nan,0.000000000000000000e+00,0.000000000000000000e+00,1.601839280536584864e+00,0.000000000000000000e+00,0.000000000000000000e+00,9.342763864390504214e-01
6.621621621621622565e-09,0.000000000000000000e+00,0.000000000000000000e+00,nan,0.000000000000000000e+00,0.000000000000000000e+00,nan,0.000000000000000000e+00,0.000000000000000000e+00,1.611193117821926535e+00,0.000000000000000000e+00,0.000000000000000000e+00,9.356698000056582476e-01
6.639139139139140505e-09,0.000000000000000000e+00,0.000000000000000000e+00,nan,0.000000000000000000e+00,0.000000000000000000e+00,nan,0.000000000000000000e+00,0.000000000000000000e+00,1.620563415545729136e+00,0.000000000000000000e+00,0.000000000000000000e+00,9.370454386185078643e-01
6.656656656656657618e-09,0.000000000000000000e+00,0.000000000000000000e+00,nan,0.000000000000000000e+00,0.000000000000000000e+00,nan,0.000000000000000000e+00,0.000000000000000000e+00,1.629949950567807226e+00,0.000000000000000000e+00,0.000000000000000000e+00,9.384034067625289799e-01
6.674174174174175558e-09,0.000000000000000000e+00,0.000000000000000000e+00,nan,0.000000000000000000e+00,0.000000000000000000e+00,nan,0.000000000000000000e+00,0.000000000000000000e+00,1.639352501225341818e+00,0.000000000000000000e+00,0.000000000000000000e+00,9.397438106938962310e-01
6.691691691691692671e-09,0.000000000000000000e+00,0.000000000000000000e+00,nan,0.000000000000000000e+00,0.000000000000000000e+00,nan,0.000000000000000000e+00,0.000000000000000000e+00,1.648770847356387570e+00,0.000000000000000000e+00,0.000000000000000000e+00,9.410667583913809864e-01
6.709209209209210611e-09,0.000000000000000000e+00,0.000000000000000000e+00,nan,0.000000000000000000e+00,0.000000000000000000e+00,nan,0.000000000000000000e+00,0.000000000000000000e+00,1.658204770322581956e+00,0.000000000000000000e+00,0.000000000000000000e+00,9.423723595076713977e-01
6.726726726726727724e-09,0.000000000000000000e+00,0.000000000000000000e+00,nan,0.000000000000000000e+00,0.000000000000000000e+00,nan,0.000000000000000000e+00,0.000000000000000000e+00,1.667654053031061512e+00,0.000000000000000000e+00,0.000000000000000000e+00,9.436607253206570345e-01
6.744244244244244837e-09,0.000000000000000000e+00,0.000000000000000000e+00,nan,0.000000000000000000e+00,0.000000000000000000e+00,nan,0.000000000000000000e+00,0.000000000000000000e+00,1.677118479955584718e+00,0.000000000000000000e+00,0.000000000000000000e+00,9.449319686847301725e-01
6.761761761761762778e-09,0.000000000000000000e+00,0.000000000000000000e+00,nan,0.000000000000000000e+00,0.000000000000000000e+00,nan,0.000000000000000000e+00,0.000000000000000000e+00,1.686597837156869284e+00,0.000000000000000000e+00,0.000000000000000000e+00,9.461862039820895243e-01
6.779279279279279891e-09,0.000000000000000000e+00,0.000000000000000000e+00,nan,0.000000000000000000e+00,0.000000000000000000e+00,nan,0.000000000000000000e+00,0.000000000000000000e+00,1.696091912302139848e+00,0.000000000000000000e+00,0.000000000000000000e+00,9.474235470741035892e-01
6.796796796796797831e-09,0.000000000000000000e+00,0.000000000000000000e+00,nan,0.000000000000000000e+00,0.000000000000000000e+00,nan,0.000000000000000000e+00,0.000000000000000000e+00,1.705600494683900292e+00,0.000000000000000000e+00,0.000000000000000000e+00,9.486441152527286258e-01
6.814314314314314944e-09,0.000000000000000000e+00,0.000000000000000000e+00,nan,0.000000000000000000e+00,0.000000000000000000e+00,nan,0.000000000000000000e+00,0.000000000000000000e+00,1.715123375237927350e+00,0.000000000000000000e+00,0.000000000000000000e+00,9.498480271920048956e-01
6.831831831831832884e-09,0.000000000000000000e+00,0.000000000000000000e+00,nan,0.000000000000000000e+00,0.000000000000000000e+00,nan,0.000000000000000000e+00,0.000000000000000000e+00,1.724660346560494828e+00,0.000000000000000000e+00,0.000000000000000000e+00,9.510354028996735876e-01
6.849349349349349997e-09,0.000000000000000000e+00,0.000000000000000000e+00,nan,0.000000000000000000e+00,0.000000000000000000e+00,nan,0.000000000000000000e+00,0.000000000000000000e+00,1.734211202924827999e+00,0.000000000000000000e+00,0.000000000000000000e+00,9.522063636689005461e-01
6.866866866866867937e-09,0.000000000000000000e+00,0.000000000000000000e+00,nan,0.000000000000000000e+00,0.000000000000000000e+00,nan,0.000000000000000000e+00,0.000000000000000000e+00,1.743775740296803489e+00,0.000000000000000000e+00,0.000000000000000000e+00,9.533610320301542096e-01
6.884384384384385050e-09,0.000000000000000000e+00,0.000000000000000000e+00,nan,0.000000000000000000e+00,0.000000000000000000e+00,nan,0.000000000000000000e+00,0.000000000000000000e+00,1.753353756349887993e+00,0.000000000000000000e+00,0.000000000000000000e+00,9.544995317032429760e-01
6.901901901901902990e-09,0.000000000000000000e+00,0.000000000000000000e+00,nan,0.000000000000000000e+00,0.000000000000000000e+00,nan,0.000000000000000000e+00,0.000000000000000000e+00,1.762945050479329367e+00,0.000000000000000000e+00,0.000000000000000000e+00,9.556219875495387539e-01
6.919419419419420103e-09,0.000000000000000000e+00,0.000000000000000000e+00,nan,0.000000000000000000e+00,0.000000000000000000e+00,nan,0.000000000000000000e+00,0.000000000000000000e+00,1.772549423815609648e+00,0.000000000000000000e+00,0.000000000000000000e+00,9.567285255243921371e-01
6.936936936936938043e-09,0.000000000000000000e+00,0.000000000000000000e+00,nan,0.000000000000000000e+00,0.000000000000000000e+00,nan,0.000000000000000000e+00,0.000000000000000000e+00,1.782166679237155105e+00,0.000000000000000000e+00,0.000000000000000000e+00,9.578192726297810600e-01
6.954454454454455156e-09,0.000000000000000000e+00,0.000000000000000000e+00,nan,0.000000000000000000e+00,0.000000000000000000e+00,nan,0.000000000000000000e+00,0.000000000000000000e+00,1.791796621382319099e+00,0.000000000000000000e+00,0.000000000000000000e+00,9.588943568671870477e-01
6.971971971971973097e-09,0.000000000000000000e+00,0.000000000000000000e+00,nan,0.000000000000000000e+00,0.000000000000000000e+00,nan,0.000000000000000000e+00,0.000000000000000000e+00,1.801439056660645743e+00,0.000000000000000000e+00,0.000000000000000000e+00,9.599539071907304821e-01
6.989489489489490210e-09,0.000000000000000000e+00,0.000000000000000000e+00,nan,0.000000000000000000e+00,0.000000000000000000e+00,nan,0.000000000000000000e+00,0.000000000000000000e+00,1.811093793263413909e+00,0.000000000000000000e+00,0.000000000000000000e+00,9.609980534605784275e-01
7.007007007007008150e-09,0.000000000000000000e+00,0.000000000000000000e+00,nan,0.000000000000000000e+00,0.000000000000000000e+00,nan,0.000000000000000000e+00,0.000000000000000000e+00,1.820760641173476024e+00,0.000000000000000000e+00,0.000000000000000000e+00,9.620269263966458873e-01
7.024524524524525263e-09,0.000000000000000000e+00,0.000000000000000000e+00,nan,0.000000000000000000e+00,0.000000000000000000e+00,nan,0.000000000000000000e+00,0.000000000000000000e+00,1.830439412174395875e+00,0.000000000000000000e+00,0.000000000000000000e+00,9.630406575325964891e-01
7.042042042042043203e-09,0.000000000000000000e+00,0.000000000000000000e+00,nan,0.000000000000000000e+00,0.000000000000000000e+00,nan,0.000000000000000000e+00,0.000000000000000000e+00,1.840129919858898289e+00,0.000000000000000000e+00,0.000000000000000000e+00,9.640393791701749038e-01
7.059559559559560316e-09,0.000000000000000000e+00,0.000000000000000000e+00,nan,0.000000000000000000e+00,0.000000000000000000e+00,nan,0.000000000000000000e+00,0.000000000000000000e+00,1.849831979636627599e+00,0.000000000000000000e+00,0.000000000000000000e+00,9.650232243338741078e-01
7.077077077077078256e-09,0.000000000000000000e+00,0.000000000000000000e+00,nan,0.000000000000000000e+00,0.000000000000000000e+00,nan,0.000000000000000000e+00,0.000000000000000000e+00,1.859545408741239081e+00,0.000000000000000000e+00,0.000000000000000000e+00,9.659923267259584723e-01
7.094594594594595369e-09,0.000000000000000000e+00,0.000000000000000000e+00,nan,0.000000000000000000e+00,0.000000000000000000e+00,nan,0.000000000000000000e+00,0.000000000000000000e+00,1.869270026236818261e+00,0.000000000000000000e+00,0.000000000000000000e+00,9.669468206818574441e-01
7.112112112112113309e-09,0.000000000000000000e+00,0.000000000000000000e+00,nan,0.000000000000000000e+00,0.000000000000000000e+00,nan,0.000000000000000000e+00,0.000000000000000000e+00,1.879005653023646527e+00,0.000000000000000000e+00,0.000000000000000000e+00,9.678868411259438087e-01
7.129629629629630422e-09,0.000000000000000000e+00,0.000000000000000000e+00,nan,0.000000000000000000e+00,0.000000000000000000e+00,nan,0.000000000000000000e+00,0.000000000000000000e+00,1.888752111843314374e+00,0.000000000000000000e+00,0.000000000000000000e+00,9.688125235277104119e-01
7.147147147147148362e-09,0.000000000000000000e+00,0.000000000000000000e+00,nan,0.000000000000000000e+00,0.000000000000000000e+00,nan,0.000000000000000000e+00,0.000000000000000000e+00,1.898509227283196932e+00,0.000000000000000000e+00,0.000000000000000000e+00,9.697240038583652133e-01
7.164664664664665475e-09,0.000000000000000000e+00,0.000000000000000000e+00,nan,0.000000000000000000e+00,0.000000000000000000e+00,nan,0.000000000000000000e+00,0.000000000000000000e+00,1.908276825780298891e+00,0.000000000000000000e+00,0.000000000000000000e+00,9.706214185478493350e-01
7.182182182182183415e-09,0.000000000000000000e+00,0.000000000000000000e+00,nan,0.000000000000000000e+00,0.000000000000000000e+00,nan,0.000000000000000000e+00,0.000000000000000000e+00,1.918054735624479923e+00,0.000000000000000000e+00,0.000000000000000000e+00,9.715049044422923163e-01
7.199699699699700528e-09,0.000000000000000000e+00,0.000000000000000000e+00,nan,0.000000000000000000e+00,0.000000000000000000e+00,nan,0.000000000000000000e+00,0.000000000000000000e+00,1.927842786961064370e+00,0.000000000000000000e+00,0.000000000000000000e+00,9.723745987619317743e-01
7.217217217217218469e-09,0.000000000000000000e+00,0.000000000000000000e+00,nan,0.000000000000000000e+00,0.000000000000000000e+00,nan,0.000000000000000000e+00,0.000000000000000000e+00,1.937640811792855855e+00,0.000000000000000000e+00,0.000000000000000000e+00,9.732306390594922529e-01
7.234734734734735582e-09,0.000000000000000000e+00,0.000000000000000000e+00,nan,0.000000000000000000e+00,0.000000000000000000e+00,nan,0.000000000000000000e+00,0.000000000000000000e+00,1.947448643981554373e+00,0.000000000000000000e+00,0.000000000000000000e+00,9.740731631790355838e-01
7.252252252252253522e-09,0.000000000000000000e+00,0.000000000000000000e+00,nan,0.000000000000000000e+00,0.000000000000000000e+00,nan,0.000000000000000000e+00,0.000000000000000000e+00,1.957266119248596725e+00,0.000000000000000000e+00,0.000000000000000000e+00,9.749023092153163983e-01
7.269769769769770635e-09,0.000000000000000000e+00,0.000000000000000000e+00,nan,0.000000000000000000e+00,0.000000000000000000e+00,nan,0.000000000000000000e+00,0.000000000000000000e+00,1.967093075175419870e+00,0.000000000000000000e+00,0.000000000000000000e+00,9.757182154736250279e-01
7.287287287287288575e-09,0.000000000000000000e+00,0.000000000000000000e+00,nan,0.000000000000000000e+00,0.000000000000000000e+00,nan,0.000000000000000000e+00,0.000000000000000000e+00,1.976929351203170038e+00,0.000000000000000000e+00,0.000000000000000000e+00,9.765210204301455477e-01
7.304804804804805688e-09,0.000000000000000000e+00,0.000000000000000000e+00,nan,0.000000000000000000e+00,0.000000000000000000e+00,nan,0.000000000000000000e+00,0.000000000000000000e+00,1.986774788631853417e+00,0.000000000000000000e+00,0.000000000000000000e+00,9.773108626928440623e-01
7.322322322322323628e-09,0.000000000000000000e+00,0.000000000000000000e+00,nan,0.000000000000000000e+00,0.000000000000000000e+00,nan,0.000000000000000000e+00,0.000000000000000000e+00,1.996629230618952366e+00,0.000000000000000000e+00,0.000000000000000000e+00,9.780878809628743564e-01
7.339839839839840741e-09,0.000000000000000000e+00,0.000000000000000000e+00,nan,0.000000000000000000e+00,0.000000000000000000e+00,nan,0.000000000000000000e+00,0.000000000000000000e+00,2.006492522177504956e+00,0.000000000000000000e+00,0.000000000000000000e+00,9.788522139965389890e-01
7.357357357357358681e-09,0.000000000000000000e+00,0.000000000000000000e+00,nan,0.000000000000000000e+00,0.000000000000000000e+00,nan,0.000000000000000000e+00,0.000000000000000000e+00,2.016364510173675129e+00,0.000000000000000000e+00,0.000000000000000000e+00,9.796040005677894014e-01
7.374874874874875794e-09,0.000000000000000000e+00,0.000000000000000000e+00,nan,0.000000000000000000e+00,0.000000000000000000e+00,nan,0.000000000000000000e+00,0.000000000000000000e+00,2.026245043323800843e+00,0.000000000000000000e+00,0.000000000000000000e+00,9.803433794312964578e-01
7.392392392392393734e-09,0.000000000000000000e+00,0.000000000000000000e+00,nan,0.000000000000000000e+00,0.000000000000000000e+00,nan,0.000000000000000000e+00,0.000000000000000000e+00,2.036133972190953045e+00,0.000000000000000000e+00,0.000000000000000000e+00,9.810704892860817594e-01
7.409909909909910847e-09,0.000000000000000000e+00,0.000000000000000000e+00,nan,0.000000000000000000e+00,0.000000000000000000e+00,nan,0.000000000000000000e+00,0.000000000000000000e+00,2.046031149181005482e+00,0.000000000000000000e+00,0.000000000000000000e+00,9.817854687397262747e-01
7.427427427427428788e-09,0.000000000000000000e+00,0.000000000000000000e+00,nan,0.000000000000000000e+00,0.000000000000000000e+00,nan,0.000000000000000000e+00,0.000000000000000000e+00,2.055936428538225780e+00,0.000000000000000000e+00,0.000000000000000000e+00,9.824884562731537319e-01
7.444944944944945901e-09,0.000000000000000000e+00,0.000000000000000000e+00,nan,0.000000000000000000e+00,0.000000000000000000e+00,nan,0.000000000000000000e+00,0.000000000000000000e+00,2.065849666340398461e+00,0.000000000000000000e+00,0.000000000000000000e+00,9.831795902060281866e-01
7.462462462462463841e-09,0.000000000000000000e+00,0.000000000000000000e+00,nan,0.000000000000000000e+00,0.000000000000000000e+00,nan,0.000000000000000000e+00,0.000000000000000000e+00,2.075770720493499422e+00,0.000000000000000000e+00,0.000000000000000000e+00,9.838590086627160280e-01
7.479979979979980954e-09,0.000000000000000000e+00,0.000000000000000000e+00,nan,0.000000000000000000e+00,0.000000000000000000e+00,nan,0.000000000000000000e+00,0.000000000000000000e+00,2.085699450725917448e+00,0.000000000000000000e+00,0.000000000000000000e+00,9.845268495388765917e-01
7.497497497497498067e-09,0.000000000000000000e+00,0.000000000000000000e+00,nan,0.000000000000000000e+00,0.000000000000000000e+00,nan,0.000000000000000000e+00,0.000000000000000000e+00,2.095635718582249396e+00,0.000000000000000000e+00,0.000000000000000000e+00,9.851832504686488523e-01
7.515015015015016834e-09,0.000000000000000000e+00,0.000000000000000000e+00,nan,0.000000000000000000e+00,0.000000000000000000e+00,nan,0.000000000000000000e+00,0.000000000000000000e+00,2.105579387416669057e+00,0.000000000000000000e+00,0.000000000000000000e+00,9.858283487924524024e-01
7.532532532532533947e-09,0.000000000000000000e+00,0.000000000000000000e+00,nan,0.000000000000000000e+00,0.000000000000000000e+00,nan,0.000000000000000000e+00,0.000000000000000000e+00,2.115530322385880790e+00,0.000000000000000000e+00,0.000000000000000000e+00,9.864622815254079358e-01
7.550050050050051060e-09,0.000000000000000000e+00,0.000000000000000000e+00,nan,0.000000000000000000e+00,0.000000000000000000e+00,nan,0.000000000000000000e+00,0.000000000000000000e+00,2.125488390441679698e+00,0.000000000000000000e+00,0.000000000000000000e+00,9.870851853263932218e-01
7.567567567567568173e-09,0.000000000000000000e+00,0.000000000000000000e+00,nan,0.000000000000000000e+00,0.000000000000000000e+00,nan,0.000000000000000000e+00,0.000000000000000000e+00,2.135453460323114783e+00,0.000000000000000000e+00,0.000000000000000000e+00,9.876971964677047078e-01
7.585085085085086940e-09,0.000000000000000000e+00,0.000000000000000000e+00,nan,0.000000000000000000e+00,0.000000000000000000e+00,nan,0.000000000000000000e+00,0.000000000000000000e+00,2.145425402548276850e+00,0.000000000000000000e+00,0.000000000000000000e+00,9.882984508053641592e-01
7.602602602602604053e-09,0.000000000000000000e+00,0.000000000000000000e+00,nan,0.000000000000000000e+00,0.000000000000000000e+00,nan,0.000000000000000000e+00,0.000000000000000000e+00,2.155404089405711598e+00,0.000000000000000000e+00,0.000000000000000000e+00,9.888890837500639019e-01
7.620120120120121166e-09,0.000000000000000000e+00,0.000000000000000000e+00,nan,0.000000000000000000e+00,0.000000000000000000e+00,nan,0.000000000000000000e+00,0.000000000000000000e+00,2.165389394945483659e+00,0.000000000000000000e+00,0.000000000000000000e+00,9.894692302387387839e-01
7.637637637637638279e-09,0.000000000000000000e+00,0.000000000000000000e+00,nan,0.000000000000000000e+00,0.000000000000000000e+00,nan,0.000000000000000000e+00,0.000000000000000000e+00,2.175381194969887133e+00,0.000000000000000000e+00,0.000000000000000000e+00,9.900390247067770710e-01
7.655155155155157047e-09,0.000000000000000000e+00,0.000000000000000000e+00,nan,0.000000000000000000e+00,0.000000000000000000e+00,nan,0.000000000000000000e+00,0.000000000000000000e+00,2.185379367023819075e+00,0.000000000000000000e+00,0.000000000000000000e+00,9.905986010608919257e-01
7.672672672672674160e-09,0.000000000000000000e+00,0.000000000000000000e+00,nan,0.000000000000000000e+00,0.000000000000000000e+00,nan,0.000000000000000000e+00,0.000000000000000000e+00,2.195383790384824785e+00,0.000000000000000000e+00,0.000000000000000000e+00,9.911480926526188284e-01
7.690190190190191273e-09,0.000000000000000000e+00,0.000000000000000000e+00,nan,0.000000000000000000e+00,0.000000000000000000e+00,nan,0.000000000000000000e+00,0.000000000000000000e+00,2.205394346052841570e+00,0.000000000000000000e+00,0.000000000000000000e+00,9.916876322524602605e-01
7.707707707707708386e-09,0.000000000000000000e+00,0.000000000000000000e+00,nan,0.000000000000000000e+00,0.000000000000000000e+00,nan,0.000000000000000000e+00,0.000000000000000000e+00,2.215410916739616543e+00,0.000000000000000000e+00,0.000000000000000000e+00,9.922173520246828637e-01
7.725225225225227153e-09,0.000000000000000000e+00,0.000000000000000000e+00,nan,0.000000000000000000e+00,0.000000000000000000e+00,nan,0.000000000000000000e+00,0.000000000000000000e+00,2.225433386857847307e+00,0.000000000000000000e+00,0.000000000000000000e+00,9.927373835027694104e-01
7.742742742742744266e-09,0.000000000000000000e+00,0.000000000000000000e+00,nan,0.000000000000000000e+00,0.000000000000000000e+00,nan,0.000000000000000000e+00,0.000000000000000000e+00,2.235461642510025548e+00,0.000000000000000000e+00,0.000000000000000000e+00,9.932478575654932751e-01
7.760260260260261379e-09,0.000000000000000000e+00,0.000000000000000000e+00,nan,0.000000000000000000e+00,0.000000000000000000e+00,nan,0.000000000000000000e+00,0.000000000000000000e+00,2.245495571477016394e+00,0.000000000000000000e+00,0.000000000000000000e+00,9.937489044136673666e-01
7.777777777777778492e-09,0.000000000000000000e+00,0.000000000000000000e+00,nan,0.000000000000000000e+00,0.000000000000000000e+00,nan,0.000000000000000000e+00,0.000000000000000000e+00,2.255535063206369539e+00,0.000000000000000000e+00,0.000000000000000000e+00,9.942406535475234453e-01
7.795295295295297259e-09,0.000000000000000000e+00,0.000000000000000000e+00,nan,0.000000000000000000e+00,0.000000000000000000e+00,nan,0.000000000000000000e+00,0.000000000000000000e+00,2.265580008800376799e+00,0.000000000000000000e+00,0.000000000000000000e+00,9.947232337447439177e-01
7.812812812812814372e-09,0.000000000000000000e+00,0.000000000000000000e+00,nan,0.000000000000000000e+00,0.000000000000000000e+00,nan,0.000000000000000000e+00,0.000000000000000000e+00,2.275630301003881417e+00,0.000000000000000000e+00,0.000000000000000000e+00,9.951967730391433342e-01
7.830330330330331485e-09,0.000000000000000000e+00,0.000000000000000000e+00,nan,0.000000000000000000e+00,0.000000000000000000e+00,nan,0.000000000000000000e+00,0.000000000000000000e+00,2.285685834191867105e+00,0.000000000000000000e+00,0.000000000000000000e+00,9.956613986999791610e-01
7.847847847847848598e-09,0.000000000000000000e+00,0.000000000000000000e+00,nan,0.000000000000000000e+00,0.000000000000000000e+00,nan,0.000000000000000000e+00,0.000000000000000000e+00,2.295746504356809048e+00,0.000000000000000000e+00,0.000000000000000000e+00,9.961172372119188045e-01
7.865365365365365711e-09,0.000000000000000000e+00,0.000000000000000000e+00,nan,0.000000000000000000e+00,0.000000000000000000e+00,nan,0.000000000000000000e+00,0.000000000000000000e+00,2.305812209095816634e+00,0.000000000000000000e+00,0.000000000000000000e+00,9.965644142556445706e-01
7.882882882882884479e-09,0.000000000000000000e+00,0.000000000000000000e+00,nan,0.000000000000000000e+00,0.000000000000000000e+00,nan,0.000000000000000000e+00,0.000000000000000000e+00,2.315882847597572791e+00,0.000000000000000000e+00,0.000000000000000000e+00,9.970030546890883416e-01
7.900400400400401592e-09,0.000000000000000000e+00,0.000000000000000000e+00,nan,0.000000000000000000e+00,0.000000000000000000e+00,nan,0.000000000000000000e+00,0.000000000000000000e+00,2.325958320629073928e+00,0.000000000000000000e+00,0.000000000000000000e+00,9.974332825293080740e-01
7.917917917917918705e-09,0.000000000000000000e+00,0.000000000000000000e+00,nan,0.000000000000000000e+00,0.000000000000000000e+00,nan,0.000000000000000000e+00,0.000000000000000000e+00,2.336038530522192236e+00,0.000000000000000000e+00,0.000000000000000000e+00,9.978552209349960123e-01
7.935435435435435818e-09,0.000000000000000000e+00,0.000000000000000000e+00,nan,0.000000000000000000e+00,0.000000000000000000e+00,nan,0.000000000000000000e+00,0.000000000000000000e+00,2.346123381160053256e+00,0.000000000000000000e+00,0.000000000000000000e+00,9.982689921896098495e-01
7.952952952952954585e-09,0.000000000000000000e+00,0.000000000000000000e+00,nan,0.000000000000000000e+00,0.000000000000000000e+00,nan,0.000000000000000000e+00,0.000000000000000000e+00,2.356212777963250904e+00,0.000000000000000000e+00,0.000000000000000000e+00,9.986747176851384911e-01
7.970470470470471698e-09,0.000000000000000000e+00,0.000000000000000000e+00,nan,0.000000000000000000e+00,0.000000000000000000e+00,nan,0.000000000000000000e+00,0.000000000000000000e+00,2.366306627875899959e+00,0.000000000000000000e+00,0.000000000000000000e+00,9.990725179064767758e-01
7.987987987987988811e-09,0.000000000000000000e+00,0.000000000000000000e+00,nan,0.000000000000000000e+00,0.000000000000000000e+00,nan,0.000000000000000000e+00,0.000000000000000000e+00,2.376404839351552223e+00,0.000000000000000000e+00,0.000000000000000000e+00,9.994625124164308039e-01
8.005505505505505924e-09,0.000000000000000000e+00,0.000000000000000000e+00,nan,0.000000000000000000e+00,0.000000000000000000e+00,nan,0.000000000000000000e+00,0.000000000000000000e+00,2.386507322338952797e+00,0.000000000000000000e+00,0.000000000000000000e+00,9.998448198413252275e-01
8.023023023023024691e-09,0.000000000000000000e+00,0.000000000000000000e+00,nan,0.000000000000000000e+00,0.000000000000000000e+00,nan,0.000000000000000000e+00,0.000000000000000000e+00,2.396613988267681350e+00,0.000000000000000000e+00,0.000000000000000000e+00,1.000219557857224384e+00
8.040540540540541804e-09,0.000000000000000000e+00,0.000000000000000000e+00,nan,0.000000000000000000e+00,0.000000000000000000e+00,nan,0.000000000000000000e+00,0.000000000000000000e+00,2.406724750033661486e+00,0.000000000000000000e+00,0.000000000000000000e+00,1.000586843176751506e+00
8.058058058058058917e-09,0.000000000000000000e+00,0.000000000000000000e+00,nan,0.000000000000000000e+00,0.000000000000000000e+00,nan,0.000000000000000000e+00,0.000000000000000000e+00,2.416839521984563977e+00,0.000000000000000000e+00,0.000000000000000000e+00,1.000946791536504010e+00
8.075575575575576030e-09,0.000000000000000000e+00,0.000000000000000000e+00,nan,0.000000000000000000e+00,0.000000000000000000e+00,nan,0.000000000000000000e+00,0.000000000000000000e+00,2.426958219905091418e+00,0.000000000000000000e+00,0.000000000000000000e+00,1.001299517685082963e+00
8.093093093093094798e-09,0.000000000000000000e+00,0.000000000000000000e+00,nan,0.000000000000000000e+00,0.000000000000000000e+00,nan,0.000000000000000000e+00,0.000000000000000000e+00,2.437080761002175411e+00,0.000000000000000000e+00,0.000000000000000000e+00,1.001645135371675766e+00
8.110610610610611911e-09,0.000000000000000000e+00,0.000000000000000000e+00,nan,0.000000000000000000e+00,0.000000000000000000e+00,nan,0.000000000000000000e+00,0.000000000000000000e+00,2.447207063890077361e+00,0.000000000000000000e+00,0.000000000000000000e+00,1.001983757335241920e+00
8.128128128128129024e-09,0.000000000000000000e+00,0.000000000000000000e+00,nan,0.000000000000000000e+00,0.000000000000000000e+00,nan,0.000000000000000000e+00,0.000000000000000000e+00,2.457337048575415572e+00,0.000000000000000000e+00,0.000000000000000000e+00,1.002315495294267889e+00
8.145645645645646137e-09,0.000000000000000000e+00,0.000000000000000000e+00,nan,0.000000000000000000e+00,0.000000000000000000e+00,nan,0.000000000000000000e+00,0.000000000000000000e+00,2.467470636442105292e+00,0.000000000000000000e+00,0.000000000000000000e+00,1.002640459937099271e+00
8.163163163163164904e-09,0.000000000000000000e+00,0.000000000000000000e+00,nan,0.000000000000000000e+00,0.000000000000000000e+00,nan,0.000000000000000000e+00,0.000000000000000000e+00,2.477607750236245021e+00,0.000000000000000000e+00,0.000000000000000000e+00,1.002958760912806779e+00
8.180680680680682017e-09,0.000000000000000000e+00,0.000000000000000000e+00,nan,0.000000000000000000e+00,0.000000000000000000e+00,nan,0.000000000000000000e+00,0.000000000000000000e+00,2.487748314050932219e+00,0.000000000000000000e+00,0.000000000000000000e+00,1.003270506822646180e+00
8.198198198198199130e-09,0.000000000000000000e+00,0.000000000000000000e+00,nan,0.000000000000000000e+00,0.000000000000000000e+00,nan,0.000000000000000000e+00,0.000000000000000000e+00,2.497892253311034594e+00,0.000000000000000000e+00,0.000000000000000000e+00,1.003575805212044258e+00
8.215715715715716243e-09,0.000000000000000000e+00,0.000000000000000000e+00,nan,0.000000000000000000e+00,0.000000000000000000e+00,nan,0.000000000000000000e+00,0.000000000000000000e+00,2.508039494757915655e+00,0.000000000000000000e+00,0.000000000000000000e+00,1.003874762563125689e+00
8.233233233233235010e-09,0.000000000000000000e+00,0.000000000000000000e+00,nan,0.000000000000000000e+00,0.000000000000000000e+00,nan,0.000000000000000000e+00,0.000000000000000000e+00,2.518189966434119853e+00,0.000000000000000000e+00,0.000000000000000000e+00,1.004167484287782797e+00
8.250750750750752123e-09,0.000000000000000000e+00,0.000000000000000000e+00,nan,0.000000000000000000e+00,0.000000000000000000e+00,nan,0.000000000000000000e+00,0.000000000000000000e+00,2.528343597668022635e+00,0.000000000000000000e+00,0.000000000000000000e+00,1.004454074721273571e+00
8.268268268268269236e-09,0.000000000000000000e+00,0.000000000000000000e+00,nan,0.000000000000000000e+00,0.000000000000000000e+00,nan,0.000000000000000000e+00,0.000000000000000000e+00,2.538500319058472510e+00,0.000000000000000000e+00,0.000000000000000000e+00,1.004734637116319496e+00
8.285785785785786349e-09,0.000000000000000000e+00,0.000000000000000000e+00,nan,0.000000000000000000e+00,0.000000000000000000e+00,nan,0.000000000000000000e+00,0.000000000000000000e+00,2.548660062459394471e+00,0.000000000000000000e+00,0.000000000000000000e+00,1.005009273637754053e+00
8.303303303303305116e-09,0.000000000000000000e+00,0.000000000000000000e+00,nan,0.000000000000000000e+00,0.000000000000000000e+00,nan,0.000000000000000000e+00,0.000000000000000000e+00,2.558822760964400089e+00,0.000000000000000000e+00,0.000000000000000000e+00,1.005278085357629081e+00
8.320820820820822229e-09,0.000000000000000000e+00,0.000000000000000000e+00,nan,0.000000000000000000e+00,0.000000000000000000e+00,nan,0.000000000000000000e+00,0.000000000000000000e+00,2.568988348891379392e+00,0.000000000000000000e+00,0.000000000000000000e+00,1.005541172250849380e+00
8.338338338338339342e-09,0.000000000000000000e+00,0.000000000000000000e+00,nan,0.000000000000000000e+00,0.000000000000000000e+00,nan,0.000000000000000000e+00,0.000000000000000000e+00,2.579156761767101624e+00,0.000000000000000000e+00,0.000000000000000000e+00,1.005798633191293368e+00
8.355855855855856455e-09,0.000000000000000000e+00,0.000000000000000000e+00,nan,0.000000000000000000e+00,0.000000000000000000e+00,nan,0.000000000000000000e+00,0.000000000000000000e+00,2.589327936311824008e+00,0.000000000000000000e+00,0.000000000000000000e+00,1.006050565948396924e+00
8.373373373373375223e-09,0.000000000000000000e+00,0.000000000000000000e+00,nan,0.000000000000000000e+00,0.000000000000000000e+00,nan,0.000000000000000000e+00,0.000000000000000000e+00,2.599501810423908932e+00,0.000000000000000000e+00,0.000000000000000000e+00,1.006297067184220184e+00
8.390890890890892336e-09,0.000000000000000000e+00,0.000000000000000000e+00,nan,0.000000000000000000e+00,0.000000000000000000e+00,nan,0.000000000000000000e+00,0.000000000000000000e+00,2.609678323164459801e+00,0.000000000000000000e+00,0.000000000000000000e+00,1.006538232450977732e+00
8.408408408408409449e-09,0.000000000000000000e+00,0.000000000000000000e+00,nan,0.000000000000000000e+00,0.000000000000000000e+00,nan,0.000000000000000000e+00,0.000000000000000000e+00,2.619857414741987967e+00,0.000000000000000000e+00,0.000000000000000000e+00,1.006774156189031322e+00
8.425925925925926562e-09,0.000000000000000000e+00,0.000000000000000000e+00,nan,0.000000000000000000e+00,0.000000000000000000e+00,nan,0.000000000000000000e+00,0.000000000000000000e+00,2.630039026497101862e+00,0.000000000000000000e+00,0.000000000000000000e+00,1.007004931725301144e+00
8.443443443443445329e-09,0.000000000000000000e+00,0.000000000000000000e+00,nan,0.000000000000000000e+00,0.000000000000000000e+00,nan,0.000000000000000000e+00,0.000000000000000000e+00,2.640223100887238328e+00,0.000000000000000000e+00,0.000000000000000000e+00,1.007230651272154720e+00
8.460960960960962442e-09,0.000000000000000000e+00,0.000000000000000000e+00,nan,0.000000000000000000e+00,0.000000000000000000e+00,nan,0.000000000000000000e+00,0.000000000000000000e+00,2.650409581471423692e+00,0.000000000000000000e+00,0.000000000000000000e+00,1.007451405926687693e+00
8.478478478478479555e-09,0.000000000000000000e+00,0.000000000000000000e+00,nan,0.000000000000000000e+00,0.000000000000000000e+00,nan,0.000000000000000000e+00,0.000000000000000000e+00,2.660598412895093023e+00,0.000000000000000000e+00,0.000000000000000000e+00,1.007667285670452495e+00
8.495995995995996668e-09,0.000000000000000000e+00,0.000000000000000000e+00,nan,0.000000000000000000e+00,0.000000000000000000e+00,nan,0.000000000000000000e+00,0.000000000000000000e+00,2.670789540874948464e+00,0.000000000000000000e+00,0.000000000000000000e+00,1.007878379369587574e+00
8.513513513513515435e-09,0.000000000000000000e+00,0.000000000000000000e+00,nan,0.000000000000000000e+00,0.000000000000000000e+00,nan,0.000000000000000000e+00,0.000000000000000000e+00,2.680982912183878852e+00,0.000000000000000000e+00,0.000000000000000000e+00,1.008084774775346970e+00
8.531031031031032548e-09,0.000000000000000000e+00,0.000000000000000000e+00,nan,0.000000000000000000e+00,0.000000000000000000e+00,nan,0.000000000000000000e+00,0.000000000000000000e+00,2.691178474635933515e+00,0.000000000000000000e+00,0.000000000000000000e+00,1.008286558525022025e+00
8.548548548548549661e-09,0.000000000000000000e+00,0.000000000000000000e+00,nan,0.000000000000000000e+00,0.000000000000000000e+00,nan,0.000000000000000000e+00,0.000000000000000000e+00,2.701376177071364904e+00,0.000000000000000000e+00,0.000000000000000000e+00,1.008483816143261214e+00
8.566066066066066774e-09,0.000000000000000000e+00,0.000000000000000000e+00,nan,0.000000000000000000e+00,0.000000000000000000e+00,nan,0.000000000000000000e+00,0.000000000000000000e+00,2.711575969341735171e+00,0.000000000000000000e+00,0.000000000000000000e+00,1.008676632043758348e+00
8.583583583583585542e-09,0.000000000000000000e+00,0.000000000000000000e+00,nan,0.000000000000000000e+00,0.000000000000000000e+00,nan,0.000000000000000000e+00,0.000000000000000000e+00,2.721777802295096915e+00,0.000000000000000000e+00,0.000000000000000000e+00,1.008865089531298054e+00
8.601101101101102655e-09,0.000000000000000000e+00,0.000000000000000000e+00,nan,0.000000000000000000e+00,0.000000000000000000e+00,nan,0.000000000000000000e+00,0.000000000000000000e+00,2.731981627761241871e+00,0.000000000000000000e+00,0.000000000000000000e+00,1.009049270804182274e+00
8.618618618618619768e-09,0.000000000000000000e+00,0.000000000000000000e+00,nan,0.000000000000000000e+00,0.000000000000000000e+00,nan,0.000000000000000000e+00,0.000000000000000000e+00,2.742187398537046406e+00,0.000000000000000000e+00,0.000000000000000000e+00,1.009229256956978293e+00
8.636136136136136881e-09,0.000000000000000000e+00,0.000000000000000000e+00,nan,0.000000000000000000e+00,0.000000000000000000e+00,nan,0.000000000000000000e+00,0.000000000000000000e+00,2.752395068371885856e+00,0.000000000000000000e+00,0.000000000000000000e+00,1.009405127983630024e+00
8.653653653653655648e-09,0.000000000000000000e+00,0.000000000000000000e+00,nan,0.000000000000000000e+00,0.000000000000000000e+00,nan,0.000000000000000000e+00,0.000000000000000000e+00,2.762604591953136346e+00,0.000000000000000000e+00,0.000000000000000000e+00,1.009576962780892373e+00
8.671171171171172761e-09,0.000000000000000000e+00,0.000000000000000000e+00,nan,0.000000000000000000e+00,0.000000000000000000e+00,nan,0.000000000000000000e+00,0.000000000000000000e+00,2.772815924891772532e+00,0.000000000000000000e+00,0.000000000000000000e+00,1.009744839152079798e+00
8.688688688688689874e-09,0.000000000000000000e+00,0.000000000000000000e+00,nan,0.000000000000000000e+00,0.000000000000000000e+00,nan,0.000000000000000000e+00,0.000000000000000000e+00,2.783029023708060379e+00,0.000000000000000000e+00,0.000000000000000000e+00,1.009908833811143491e+00
8.706206206206206987e-09,0.000000000000000000e+00,0.000000000000000000e+00,nan,0.000000000000000000e+00,0.000000000000000000e+00,nan,0.000000000000000000e+00,0.000000000000000000e+00,2.793243845817339643e+00,0.000000000000000000e+00,0.000000000000000000e+00,1.010069022387042326e+00
8.723723723723725754e-09,0.000000000000000000e+00,0.000000000000000000e+00,nan,0.000000000000000000e+00,0.000000000000000000e+00,nan,0.000000000000000000e+00,0.000000000000000000e+00,2.803460349515913830e+00,0.000000000000000000e+00,0.000000000000000000e+00,1.010225479428404682e+00
8.741241241241242867e-09,0.000000000000000000e+00,0.000000000000000000e+00,nan,0.000000000000000000e+00,0.000000000000000000e+00,nan,0.000000000000000000e+00,0.000000000000000000e+00,2.813678493967029404e+00,0.000000000000000000e+00,0.000000000000000000e+00,1.010378278408498254e+00
8.758758758758759980e-09,0.000000000000000000e+00,0.000000000000000000e+00,nan,0.000000000000000000e+00,0.000000000000000000e+00,nan,0.000000000000000000e+00,0.000000000000000000e+00,2.823898239186984238e+00,0.000000000000000000e+00,0.000000000000000000e+00,1.010527491730452754e+00
8.776276276276277093e-09,0.000000000000000000e+00,0.000000000000000000e+00,nan,0.000000000000000000e+00,0.000000000000000000e+00,nan,0.000000000000000000e+00,0.000000000000000000e+00,2.834119546031323544e+00,0.000000000000000000e+00,0.000000000000000000e+00,1.010673190732754190e+00
8.793793793793795861e-09,0.000000000000000000e+00,0.000000000000000000e+00,nan,0.000000000000000000e+00,0.000000000000000000e+00,nan,0.000000000000000000e+00,0.000000000000000000e+00,2.844342376181148158e+00,0.000000000000000000e+00,0.000000000000000000e+00,1.010815445695030901e+00
8.811311311311312974e-09,0.000000000000000000e+00,0.000000000000000000e+00,nan,0.000000000000000000e+00,0.000000000000000000e+00,nan,0.000000000000000000e+00,0.000000000000000000e+00,2.854566692129548500e+00,0.000000000000000000e+00,0.000000000000000000e+00,1.010954325844043877e+00
8.828828828828830087e-09,0.000000000000000000e+00,0.000000000000000000e+00,nan,0.000000000000000000e+00,0.000000000000000000e+00,nan,0.000000000000000000e+00,0.000000000000000000e+00,2.864792457168143791e+00,0.000000000000000000e+00,0.000000000000000000e+00,1.011089899359959743e+00
8.846346346346347200e-09,0.000000000000000000e+00,0.000000000000000000e+00,nan,0.000000000000000000e+00,0.000000000000000000e+00,nan,0.000000000000000000e+00,0.000000000000000000e+00,2.875019635373741611e+00,0.000000000000000000e+00,0.000000000000000000e+00,1.011222233382828239e+00
8.863863863863865967e-09,0.000000000000000000e+00,0.000000000000000000e+00,nan,0.000000000000000000e+00,0.000000000000000000e+00,nan,0.000000000000000000e+00,0.000000000000000000e+00,2.885248191595118694e+00,0.000000000000000000e+00,0.000000000000000000e+00,1.011351394019305738e+00
8.881381381381383080e-09,0.000000000000000000e+00,0.000000000000000000e+00,nan,0.000000000000000000e+00,0.000000000000000000e+00,nan,0.000000000000000000e+00,0.000000000000000000e+00,2.895478091439917190e+00,0.000000000000000000e+00,0.000000000000000000e+00,1.011477446349582809e+00
8.898898898898900193e-09,0.000000000000000000e+00,0.000000000000000000e+00,nan,0.000000000000000000e+00,0.000000000000000000e+00,nan,0.000000000000000000e+00,0.000000000000000000e+00,2.905709301261674149e+00,0.000000000000000000e+00,0.000000000000000000e+00,1.011600454434544050e+00
8.916416416416417306e-09,0.000000000000000000e+00,0.000000000000000000e+00,nan,0.000000000000000000e+00,0.000000000000000000e+00,nan,0.000000000000000000e+00,0.000000000000000000e+00,2.915941788140336222e+00,0.000000000000000000e+00,0.000000000000000000e+00,1.011720481342201605e+00
8.933933933933936073e-09,0.000000000000000000e+00,0.000000000000000000e+00,nan,0.000000000000000000e+00,0.000000000000000000e+00,nan,0.000000000000000000e+00,0.000000000000000000e+00,2.926175519896027755e+00,0.000000000000000000e+00,0.000000000000000000e+00,1.011837589078962374e+00
8.951451451451453186e-09,0.000000000000000000e+00,0.000000000000000000e+00,nan,0.000000000000000000e+00,0.000000000000000000e+00,nan,0.000000000000000000e+00,0.000000000000000000e+00,2.936410465036773054e+00,0.000000000000000000e+00,0.000000000000000000e+00,1.011951838711508289e+00
8.968968968968970299e-09,0.000000000000000000e+00,0.000000000000000000e+00,nan,0.000000000000000000e+00,0.000000000000000000e+00,nan,0.000000000000000000e+00,0.000000000000000000e+00,2.946646592779198492e+00,0.000000000000000000e+00,0.000000000000000000e+00,1.012063290279109129e+00
8.986486486486487412e-09,0.000000000000000000e+00,0.000000000000000000e+00,nan,0.000000000000000000e+00,0.000000000000000000e+00,nan,0.000000000000000000e+00,0.000000000000000000e+00,2.956883873002650542e+00,0.000000000000000000e+00,0.000000000000000000e+00,1.012172002899028866e+00
9.004004004004004525e-09,0.000000000000000000e+00,0.000000000000000000e+00,nan,0.000000000000000000e+00,0.000000000000000000e+00,nan,0.000000000000000000e+00,0.000000000000000000e+00,2.967122276277358583e+00,0.000000000000000000e+00,0.000000000000000000e+00,1.012278034657420944e+00
9.021521521521523293e-09,0.000000000000000000e+00,0.000000000000000000e+00,nan,0.000000000000000000e+00,0.000000000000000000e+00,nan,0.000000000000000000e+00,0.000000000000000000e+00,2.977361773825498048e+00,0.000000000000000000e+00,0.000000000000000000e+00,1.012381442695742928e+00
9.039039039039040406e-09,0.000000000000000000e+00,0.000000000000000000e+00,nan,0.000000000000000000e+00,0.000000000000000000e+00,nan,0.000000000000000000e+00,0.000000000000000000e+00,2.987602337515957274e+00,0.000000000000000000e+00,0.000000000000000000e+00,1.012482283199823474e+00
9.056556556556557519e-09,0.000000000000000000e+00,0.000000000000000000e+00,nan,0.000000000000000000e+00,0.000000000000000000e+00,nan,0.000000000000000000e+00,0.000000000000000000e+00,2.997843939852546935e+00,0.000000000000000000e+00,0.000000000000000000e+00,1.012580611408502085e+00
9.074074074074074632e-09,0.000000000000000000e+00,0.000000000000000000e+00,nan,0.000000000000000000e+00,0.000000000000000000e+00,nan,0.000000000000000000e+00,0.000000000000000000e+00,3.008086553962328491e+00,0.000000000000000000e+00,0.000000000000000000e+00,1.012676481622445612e+00
9.091591591591593399e-09,0.000000000000000000e+00,0.000000000000000000e+00,nan,0.000000000000000000e+00,0.000000000000000000e+00,nan,0.000000000000000000e+00,0.000000000000000000e+00,3.018330153584096731e+00,0.000000000000000000e+00,0.000000000000000000e+00,1.012769947213038035e+00
9.109109109109110512e-09,0.000000000000000000e+00,0.000000000000000000e+00,nan,0.000000000000000000e+00,0.000000000000000000e+00,nan,0.000000000000000000e+00,0.000000000000000000e+00,3.028574713056980006e+00,0.000000000000000000e+00,0.000000000000000000e+00,1.012861060631422117e+00
9.126626626626627625e-09,0.000000000000000000e+00,0.000000000000000000e+00,nan,0.000000000000000000e+00,0.000000000000000000e+00,nan,0.000000000000000000e+00,0.000000000000000000e+00,3.038820207309203436e+00,0.000000000000000000e+00,0.000000000000000000e+00,1.012949873417622548e+00
9.144144144144144738e-09,0.000000000000000000e+00,0.000000000000000000e+00,nan,0.000000000000000000e+00,0.000000000000000000e+00,nan,0.000000000000000000e+00,0.000000000000000000e+00,3.049066611846964037e+00,0.000000000000000000e+00,0.000000000000000000e+00,1.013036436209806324e+00
9.161661661661663505e-09,0.000000000000000000e+00,0.000000000000000000e+00,nan,0.000000000000000000e+00,0.000000000000000000e+00,nan,0.000000000000000000e+00,0.000000000000000000e+00,3.059313902743468816e+00,0.000000000000000000e+00,0.000000000000000000e+00,1.013120798753587293e+00
9.179179179179180618e-09,0.000000000000000000e+00,0.000000000000000000e+00,nan,0.000000000000000000e+00,0.000000000000000000e+00,nan,0.000000000000000000e+00,0.000000000000000000e+00,3.069562056628090563e+00,0.000000000000000000e+00,0.000000000000000000e+00,1.013203009911472607e+00
9.196696696696697731e-09,0.000000000000000000e+00,0.000000000000000000e+00,nan,0.000000000000000000e+00,0.000000000000000000e+00,nan,0.000000000000000000e+00,0.000000000000000000e+00,3.079811050675684836e+00,0.000000000000000000e+00,0.000000000000000000e+00,1.013283117672341582e+00
9.214214214214214844e-09,0.000000000000000000e+00,0.000000000000000000e+00,nan,0.000000000000000000e+00,0.000000000000000000e+00,nan,0.000000000000000000e+00,0.000000000000000000e+00,3.090060862596027746e+00,0.000000000000000000e+00,0.000000000000000000e+00,1.013361169161042685e+00
9.231731731731733612e-09,0.000000000000000000e+00,0.000000000000000000e+00,nan,0.000000000000000000e+00,0.000000000000000000e+00,nan,0.000000000000000000e+00,0.000000000000000000e+00,3.100311470623406951e+00,0.000000000000000000e+00,0.000000000000000000e+00,1.013437210648024056e+00
9.249249249249250725e-09,0.000000000000000000e+00,0.000000000000000000e+00,nan,0.000000000000000000e+00,0.000000000000000000e+00,nan,0.000000000000000000e+00,0.000000000000000000e+00,3.110562853506343650e+00,0.000000000000000000e+00,0.000000000000000000e+00,1.013511287559041074e+00
9.266766766766767838e-09,0.000000000000000000e+00,0.000000000000000000e+00,nan,0.000000000000000000e+00,0.000000000000000000e+00,nan,0.000000000000000000e+00,0.000000000000000000e+00,3.120814990497462027e+00,0.000000000000000000e+00,0.000000000000000000e+00,1.013583444484927432e+00
9.284284284284284951e-09,0.000000000000000000e+00,0.000000000000000000e+00,nan,0.000000000000000000e+00,0.000000000000000000e+00,nan,0.000000000000000000e+00,0.000000000000000000e+00,3.131067861343493242e+00,0.000000000000000000e+00,0.000000000000000000e+00,1.013653725191399957e+00
9.301801801801803718e-09,0.000000000000000000e+00,0.000000000000000000e+00,nan,0.000000000000000000e+00,0.000000000000000000e+00,nan,0.000000000000000000e+00,0.000000000000000000e+00,3.141321446275420648e+00,0.000000000000000000e+00,0.000000000000000000e+00,1.013722172628917617e+00
9.319319319319320831e-09,0.000000000000000000e+00,0.000000000000000000e+00,nan,0.000000000000000000e+00,0.000000000000000000e+00,nan,0.000000000000000000e+00,0.000000000000000000e+00,3.151575725998763566e+00,0.000000000000000000e+00,0.000000000000000000e+00,1.013788828942577824e+00
9.336836836836837944e-09,0.000000000000000000e+00,0.000000000000000000e+00,nan,0.000000000000000000e+00,0.000000000000000000e+00,nan,0.000000000000000000e+00,0.000000000000000000e+00,3.161830681684003608e+00,0.000000000000000000e+00,0.000000000000000000e+00,1.013853735482041163e+00
9.354354354354355057e-09,0.000000000000000000e+00,0.000000000000000000e+00,nan,0.000000000000000000e+00,0.000000000000000000e+00,nan,0.000000000000000000e+00,0.000000000000000000e+00,3.172086294957148667e+00,0.000000000000000000e+00,0.000000000000000000e+00,1.013916932811484539e+00
9.371871871871873824e-09,0.000000000000000000e+00,0.000000000000000000e+00,nan,0.000000000000000000e+00,0.000000000000000000e+00,nan,0.000000000000000000e+00,0.000000000000000000e+00,3.182342547890427475e+00,0.000000000000000000e+00,0.000000000000000000e+00,1.013978460719592078e+00
9.389389389389390937e-09,0.000000000000000000e+00,0.000000000000000000e+00,nan,0.000000000000000000e+00,0.000000000000000000e+00,nan,0.000000000000000000e+00,0.000000000000000000e+00,3.192599422993136482e+00,0.000000000000000000e+00,0.000000000000000000e+00,1.014038358229524928e+00
9.406906906906908050e-09,0.000000000000000000e+00,0.000000000000000000e+00,nan,0.000000000000000000e+00,0.000000000000000000e+00,nan,0.000000000000000000e+00,0.000000000000000000e+00,3.202856903202612404e+00,0.000000000000000000e+00,0.000000000000000000e+00,1.014096663608945237e+00
9.424424424424425163e-09,0.000000000000000000e+00,0.000000000000000000e+00,nan,0.000000000000000000e+00,0.000000000000000000e+00,nan,0.000000000000000000e+00,0.000000000000000000e+00,3.213114971875347337e+00,0.000000000000000000e+00,0.000000000000000000e+00,1.014153414380020157e+00
9.441941941941943930e-09,0.000000000000000000e+00,0.000000000000000000e+00,nan,0.000000000000000000e+00,0.000000000000000000e+00,nan,0.000000000000000000e+00,0.000000000000000000e+00,3.223373612778239305e+00,0.000000000000000000e+00,0.000000000000000000e+00,1.014208647329435609e+00
9.459459459459461043e-09,0.000000000000000000e+00,0.000000000000000000e+00,nan,0.000000000000000000e+00,0.000000000000000000e+00,nan,0.000000000000000000e+00,0.000000000000000000e+00,3.233632810079973385e+00,0.000000000000000000e+00,0.000000000000000000e+00,1.014262398518405606e+00
9.476976976976978156e-09,0.000000000000000000e+00,0.000000000000000000e+00,nan,0.000000000000000000e+00,0.000000000000000000e+00,nan,0.000000000000000000e+00,0.000000000000000000e+00,3.243892548342548920e+00,0.000000000000000000e+00,0.000000000000000000e+00,1.014314703292680475e+00
9.494494494494495269e-09,0.000000000000000000e+00,0.000000000000000000e+00,nan,0.000000000000000000e+00,0.000000000000000000e+00,nan,0.000000000000000000e+00,0.000000000000000000e+00,3.254152812512931536e+00,0.000000000000000000e+00,0.000000000000000000e+00,1.014365596292528204e+00
9.512012012012014037e-09,0.000000000000000000e+00,0.000000000000000000e+00,nan,0.000000000000000000e+00,0.000000000000000000e+00,nan,0.000000000000000000e+00,0.000000000000000000e+00,3.264413587914841486e+00,0.000000000000000000e+00,0.000000000000000000e+00,1.014415111462714236e+00
9.529529529529531150e-09,0.000000000000000000e+00,0.000000000000000000e+00,nan,0.000000000000000000e+00,0.000000000000000000e+00,nan,0.000000000000000000e+00,0.000000000000000000e+00,3.274674860240670338e+00,0.000000000000000000e+00,0.000000000000000000e+00,1.014463282062462834e+00
9.547047047047048263e-09,0.000000000000000000e+00,0.000000000000000000e+00,nan,0.000000000000000000e+00,0.000000000000000000e+00,nan,0.000000000000000000e+00,0.000000000000000000e+00,3.284936615543542437e+00,0.000000000000000000e+00,0.000000000000000000e+00,1.014510140675369154e+00
9.564564564564565376e-09,0.000000000000000000e+00,0.000000000000000000e+00,nan,0.000000000000000000e+00,0.000000000000000000e+00,nan,0.000000000000000000e+00,0.000000000000000000e+00,3.295198840229490500e+00,0.000000000000000000e+00,0.000000000000000000e+00,1.014555719219316421e+00
9.582082082082084143e-09,0.000000000000000000e+00,0.000000000000000000e+00,nan,0.000000000000000000e+00,0.000000000000000000e+00,nan,0.000000000000000000e+00,0.000000000000000000e+00,3.305461521049775531e+00,0.000000000000000000e+00,0.000000000000000000e+00,1.014600048956336265e+00
9.599599599599601256e-09,0.000000000000000000e+00,0.000000000000000000e+00,nan,0.000000000000000000e+00,0.000000000000000000e+00,nan,0.000000000000000000e+00,0.000000000000000000e+00,3.315724645093322653e+00,0.000000000000000000e+00,0.000000000000000000e+00,1.014643160502437080e+00
9.617117117117118369e-09,0.000000000000000000e+00,0.000000000000000000e+00,nan,0.000000000000000000e+00,0.000000000000000000e+00,nan,0.000000000000000000e+00,0.000000000000000000e+00,3.325988199779294607e+00,0.000000000000000000e+00,0.000000000000000000e+00,1.014685083837421065e+00
9.634634634634635482e-09,0.000000000000000000e+00,0.000000000000000000e+00,nan,0.000000000000000000e+00,0.000000000000000000e+00,nan,0.000000000000000000e+00,0.000000000000000000e+00,3.336252172849792696e+00,0.000000000000000000e+00,0.000000000000000000e+00,1.014725848314596224e+00
9.652152152152154249e-09,0.000000000000000000e+00,0.000000000000000000e+00,nan,0.000000000000000000e+00,0.000000000000000000e+00,nan,0.000000000000000000e+00,0.000000000000000000e+00,3.346516552362676311e+00,0.000000000000000000e+00,0.000000000000000000e+00,1.014765482670507257e+00
9.669669669669671362e-09,0.000000000000000000e+00,0.000000000000000000e+00,nan,0.000000000000000000e+00,0.000000000000000000e+00,nan,0.000000000000000000e+00,0.000000000000000000e+00,3.356781326684505462e+00,0.000000000000000000e+00,0.000000000000000000e+00,1.014804015034592055e+00
9.687187187187188475e-09,0.000000000000000000e+00,0.000000000000000000e+00,nan,0.000000000000000000e+00,0.000000000000000000e+00,nan,0.000000000000000000e+00,0.000000000000000000e+00,3.367046484483625424e+00,0.000000000000000000e+00,0.000000000000000000e+00,1.014841472938763367e+00
9.704704704704705588e-09,0.000000000000000000e+00,0.000000000000000000e+00,nan,0.000000000000000000e+00,0.000000000000000000e+00,nan,0.000000000000000000e+00,0.000000000000000000e+00,3.377312014723349520e+00,0.000000000000000000e+00,0.000000000000000000e+00,1.014877883326972929e+00
9.722222222222224356e-09,0.000000000000000000e+00,0.000000000000000000e+00,nan,0.000000000000000000e+00,0.000000000000000000e+00,nan,0.000000000000000000e+00,0.000000000000000000e+00,3.387577906655282245e+00,0.000000000000000000e+00,0.000000000000000000e+00,1.014913272564691216e+00
9.739739739739741469e-09,0.000000000000000000e+00,0.000000000000000000e+00,nan,0.000000000000000000e+00,0.000000000000000000e+00,nan,0.000000000000000000e+00,0.000000000000000000e+00,3.397844149812745407e+00,0.000000000000000000e+00,0.000000000000000000e+00,1.014947666448337227e+00
9.757257257257258582e-09,0.000000000000000000e+00,0.000000000000000000e+00,nan,0.000000000000000000e+00,0.000000000000000000e+00,nan,0.000000000000000000e+00,0.000000000000000000e+00,3.408110734004346387e+00,0.000000000000000000e+00,0.000000000000000000e+00,1.014981090214638337e+00
9.774774774774775695e-09,0.000000000000000000e+00,0.000000000000000000e+00,nan,0.000000000000000000e+00,0.000000000000000000e+00,nan,0.000000000000000000e+00,0.000000000000000000e+00,3.418377649307639210e+00,0.000000000000000000e+00,0.000000000000000000e+00,1.015013568549931300e+00
9.792292292292294462e-09,0.000000000000000000e+00,0.000000000000000000e+00,nan,0.000000000000000000e+00,0.000000000000000000e+00,nan,0.000000000000000000e+00,0.000000000000000000e+00,3.428644886062921504e+00,0.000000000000000000e+00,0.000000000000000000e+00,1.015045125599389308e+00
9.809809809809811575e-09,0.000000000000000000e+00,0.000000000000000000e+00,nan,0.000000000000000000e+00,0.000000000000000000e+00,nan,0.000000000000000000e+00,0.000000000000000000e+00,3.438912434867129164e+00,0.000000000000000000e+00,0.000000000000000000e+00,1.015075784976177342e+00
9.827327327327328688e-09,0.000000000000000000e+00,0.000000000000000000e+00,nan,0.000000000000000000e+00,0.000000000000000000e+00,nan,0.000000000000000000e+00,0.000000000000000000e+00,3.449180286567866460e+00,0.000000000000000000e+00,0.000000000000000000e+00,1.015105569770539784e+00
9.844844844844845801e-09,0.000000000000000000e+00,0.000000000000000000e+00,nan,0.000000000000000000e+00,0.000000000000000000e+00,nan,0.000000000000000000e+00,0.000000000000000000e+00,3.459448432257530293e+00,0.000000000000000000e+00,0.000000000000000000e+00,1.015134502558806329e+00
9.862362362362364568e-09,0.000000000000000000e+00,0.000000000000000000e+00,nan,0.000000000000000000e+00,0.000000000000000000e+00,nan,0.000000000000000000e+00,0.000000000000000000e+00,3.469716863267553908e+00,0.000000000000000000e+00,0.000000000000000000e+00,1.015162605412326613e+00
9.879879879879881681e-09,0.000000000000000000e+00,0.000000000000000000e+00,nan,0.000000000000000000e+00,0.000000000000000000e+00,nan,0.000000000000000000e+00,0.000000000000000000e+00,3.479985571162758529e+00,0.000000000000000000e+00,0.000000000000000000e+00,1.015189899906320470e+00
9.897397397397398794e-09,0.000000000000000000e+00,0.000000000000000000e+00,nan,0.000000000000000000e+00,0.000000000000000000e+00,nan,0.000000000000000000e+00,0.000000000000000000e+00,3.490254547735814672e+00,0.000000000000000000e+00,0.000000000000000000e+00,1.015216407128665566e+00
9.914914914914915907e-09,0.000000000000000000e+00,0.000000000000000000e+00,nan,0.000000000000000000e+00,0.000000000000000000e+00,nan,0.000000000000000000e+00,0.000000000000000000e+00,3.500523785001816268e+00,0.000000000000000000e+00,0.000000000000000000e+00,1.015242147688562246e+00
9.932432432432434675e-09,0.000000000000000000e+00,0.000000000000000000e+00,nan,0.000000000000000000e+00,0.000000000000000000e+00,nan,0.000000000000000000e+00,0.000000000000000000e+00,3.510793275192950258e+00,0.000000000000000000e+00,0.000000000000000000e+00,1.015267141725149092e+00
9.949949949949951788e-09,0.000000000000000000e+00,0.000000000000000000e+00,nan,0.000000000000000000e+00,0.000000000000000000e+00,nan,0.000000000000000000e+00,0.000000000000000000e+00,3.521063010753274991e+00,0.000000000000000000e+00,0.000000000000000000e+00,1.015291408916046079e+00
9.967467467467468901e-09,0.000000000000000000e+00,0.000000000000000000e+00,nan,0.000000000000000000e+00,0.000000000000000000e+00,nan,0.000000000000000000e+00,0.000000000000000000e+00,3.531332984333608760e+00,0.000000000000000000e+00,0.000000000000000000e+00,1.015314968485755642e+00
9.984984984984986014e-09,0.000000000000000000e+00,0.000000000000000000e+00,nan,0.000000000000000000e+00,0.000000000000000000e+00,nan,0.000000000000000000e+00,0.000000000000000000e+00,3.541603188786515588e+00,0.000000000000000000e+00,0.000000000000000000e+00,1.015337839214019544e+00
1.000250250250250478e-08,0.000000000000000000e+00,0.000000000000000000e+00,nan,0.000000000000000000e+00,0.000000000000000000e+00,nan,0.000000000000000000e+00,0.000000000000000000e+00,3.551873617161382946e+00,0.000000000000000000e+00,0.000000000000000000e+00,1.015360039444098694e+00
1.002002002002002189e-08,0.000000000000000000e+00,0.000000000000000000e+00,nan,0.000000000000000000e+00,0.000000000000000000e+00,nan,0.000000000000000000e+00,0.000000000000000000e+00,3.562144262699614927e+00,0.000000000000000000e+00,0.000000000000000000e+00,1.015381587090905091e+00
1.003753753753753901e-08,0.000000000000000000e+00,0.000000000000000000e+00,nan,0.000000000000000000e+00,0.000000000000000000e+00,nan,0.000000000000000000e+00,0.000000000000000000e+00,3.572415118829916914e+00,0.000000000000000000e+00,0.000000000000000000e+00,1.015402499649087797e+00
1.005505505505505612e-08,0.000000000000000000e+00,0.000000000000000000e+00,nan,0.000000000000000000e+00,0.000000000000000000e+00,nan,0.000000000000000000e+00,0.000000000000000000e+00,3.582686179163668605e+00,0.000000000000000000e+00,0.000000000000000000e+00,1.015422794201036094e+00
1.007257257257257489e-08,0.000000000000000000e+00,0.000000000000000000e+00,nan,0.000000000000000000e+00,0.000000000000000000e+00,nan,0.000000000000000000e+00,0.000000000000000000e+00,3.592957437490403638e+00,0.000000000000000000e+00,0.000000000000000000e+00,1.015442487424739415e+00
1.009009009009009200e-08,0.000000000000000000e+00,0.000000000000000000e+00,nan,0.000000000000000000e+00,0.000000000000000000e+00,nan,0.000000000000000000e+00,0.000000000000000000e+00,3.603228887773377576e+00,0.000000000000000000e+00,0.000000000000000000e+00,1.015461595601603317e+00
1.010760760760760911e-08,0.000000000000000000e+00,0.000000000000000000e+00,nan,0.000000000000000000e+00,0.000000000000000000e+00,nan,0.000000000000000000e+00,0.000000000000000000e+00,3.613500524145231818e+00,0.000000000000000000e+00,0.000000000000000000e+00,1.015480134624137332e+00
1.012512512512512623e-08,0.000000000000000000e+00,0.000000000000000000e+00,nan,0.000000000000000000e+00,0.000000000000000000e+00,nan,0.000000000000000000e+00,0.000000000000000000e+00,3.623772340903744116e+00,0.000000000000000000e+00,0.000000000000000000e+00,1.015498120003565985e+00
1.014264264264264334e-08,0.000000000000000000e+00,0.000000000000000000e+00,nan,0.000000000000000000e+00,0.000000000000000000e+00,nan,0.000000000000000000e+00,0.000000000000000000e+00,3.634044332507673225e+00,0.000000000000000000e+00,0.000000000000000000e+00,1.015515566877339459e+00
1.016016016016016211e-08,0.000000000000000000e+00,0.000000000000000000e+00,nan,0.000000000000000000e+00,0.000000000000000000e+00,nan,0.000000000000000000e+00,0.000000000000000000e+00,3.644316493572686166e+00,0.000000000000000000e+00,0.000000000000000000e+00,1.015532490016548328e+00
1.017767767767767922e-08,0.000000000000000000e+00,0.000000000000000000e+00,nan,0.000000000000000000e+00,0.000000000000000000e+00,nan,0.000000000000000000e+00,0.000000000000000000e+00,3.654588818867377853e+00,0.000000000000000000e+00,0.000000000000000000e+00,1.015548903833234373e+00
1.019519519519519633e-08,0.000000000000000000e+00,0.000000000000000000e+00,nan,0.000000000000000000e+00,0.000000000000000000e+00,nan,0.000000000000000000e+00,0.000000000000000000e+00,3.664861303309379092e+00,0.000000000000000000e+00,0.000000000000000000e+00,1.015564822387613697e+00
1.021271271271271345e-08,0.000000000000000000e+00,0.000000000000000000e+00,nan,0.000000000000000000e+00,0.000000000000000000e+00,nan,0.000000000000000000e+00,0.000000000000000000e+00,3.675133941961539197e+00,0.000000000000000000e+00,0.000000000000000000e+00,1.015580259395189922e+00
1.023023023023023221e-08,0.000000000000000000e+00,0.000000000000000000e+00,nan,0.000000000000000000e+00,0.000000000000000000e+00,nan,0.000000000000000000e+00,0.000000000000000000e+00,3.685406730028202293e+00,0.000000000000000000e+00,0.000000000000000000e+00,1.015595228233794556e+00
1.024774774774774933e-08,0.000000000000000000e+00,0.000000000000000000e+00,nan,0.000000000000000000e+00,0.000000000000000000e+00,nan,0.000000000000000000e+00,0.000000000000000000e+00,3.695679662851551139e+00,0.000000000000000000e+00,0.000000000000000000e+00,1.015609741950498357e+00
1.026526526526526644e-08,0.000000000000000000e+00,0.000000000000000000e+00,nan,0.000000000000000000e+00,0.000000000000000000e+00,nan,0.000000000000000000e+00,0.000000000000000000e+00,3.705952735908051299e+00,0.000000000000000000e+00,0.000000000000000000e+00,1.015623813268449194e+00
1.028278278278278355e-08,0.000000000000000000e+00,0.000000000000000000e+00,nan,0.000000000000000000e+00,0.000000000000000000e+00,nan,0.000000000000000000e+00,0.000000000000000000e+00,3.716225944804958381e+00,0.000000000000000000e+00,0.000000000000000000e+00,1.015637454593590450e+00
1.030030030030030232e-08,0.000000000000000000e+00,0.000000000000000000e+00,nan,0.000000000000000000e+00,0.000000000000000000e+00,nan,0.000000000000000000e+00,0.000000000000000000e+00,3.726499285276904327e+00,0.000000000000000000e+00,0.000000000000000000e+00,1.015650678021317921e+00
1.031781781781781943e-08,0.000000000000000000e+00,0.000000000000000000e+00,nan,0.000000000000000000e+00,0.000000000000000000e+00,nan,0.000000000000000000e+00,0.000000000000000000e+00,3.736772753182569851e+00,0.000000000000000000e+00,0.000000000000000000e+00,1.015663495342980172e+00
1.033533533533533655e-08,0.000000000000000000e+00,0.000000000000000000e+00,nan,0.000000000000000000e+00,0.000000000000000000e+00,nan,0.000000000000000000e+00,0.000000000000000000e+00,3.747046344501420378e+00,0.000000000000000000e+00,0.000000000000000000e+00,1.015675918052352689e+00
1.035285285285285366e-08,0.000000000000000000e+00,0.000000000000000000e+00,nan,0.000000000000000000e+00,0.000000000000000000e+00,nan,0.000000000000000000e+00,0.000000000000000000e+00,3.757320055330527708e+00,0.000000000000000000e+00,0.000000000000000000e+00,1.015687957351943504e+00
1.037037037037037243e-08,0.000000000000000000e+00,0.000000000000000000e+00,nan,0.000000000000000000e+00,0.000000000000000000e+00,nan,0.000000000000000000e+00,0.000000000000000000e+00,3.767593881881448947e+00,0.000000000000000000e+00,0.000000000000000000e+00,1.015699624159261294e+00
1.038788788788788954e-08,0.000000000000000000e+00,0.000000000000000000e+00,nan,0.000000000000000000e+00,0.000000000000000000e+00,nan,0.000000000000000000e+00,0.000000000000000000e+00,3.777867820477191163e+00,0.000000000000000000e+00,0.000000000000000000e+00,1.015710929112943584e+00
1.040540540540540665e-08,0.000000000000000000e+00,0.000000000000000000e+00,nan,0.000000000000000000e+00,0.000000000000000000e+00,nan,0.000000000000000000e+00,0.000000000000000000e+00,3.788141867549240871e+00,0.000000000000000000e+00,0.000000000000000000e+00,1.015721882578813684e+00
1.042292292292292376e-08,0.000000000000000000e+00,0.000000000000000000e+00,nan,0.000000000000000000e+00,0.000000000000000000e+00,nan,0.000000000000000000e+00,0.000000000000000000e+00,3.798416019634658358e+00,0.000000000000000000e+00,0.000000000000000000e+00,1.015732494655833262e+00
1.044044044044044253e-08,0.000000000000000000e+00,0.000000000000000000e+00,nan,0.000000000000000000e+00,0.000000000000000000e+00,nan,0.000000000000000000e+00,0.000000000000000000e+00,3.808690273373243951e+00,0.000000000000000000e+00,0.000000000000000000e+00,1.015742775181954993e+00
1.045795795795795964e-08,0.000000000000000000e+00,0.000000000000000000e+00,nan,0.000000000000000000e+00,0.000000000000000000e+00,nan,0.000000000000000000e+00,0.000000000000000000e+00,3.818964625504765120e+00,0.000000000000000000e+00,0.000000000000000000e+00,1.015752733739889946e+00
1.047547547547547676e-08,0.000000000000000000e+00,0.000000000000000000e+00,nan,0.000000000000000000e+00,0.000000000000000000e+00,nan,0.000000000000000000e+00,0.000000000000000000e+00,3.829239072866261751e+00,0.000000000000000000e+00,0.000000000000000000e+00,1.015762379662759507e+00
1.049299299299299387e-08,0.000000000000000000e+00,0.000000000000000000e+00,nan,0.000000000000000000e+00,0.000000000000000000e+00,nan,0.000000000000000000e+00,0.000000000000000000e+00,3.839513612389399366e+00,0.000000000000000000e+00,0.000000000000000000e+00,1.015771722039682023e+00
1.051051051051051264e-08,0.000000000000000000e+00,0.000000000000000000e+00,nan,0.000000000000000000e+00,0.000000000000000000e+00,nan,0.000000000000000000e+00,0.000000000000000000e+00,3.849788241097893415e+00,0.000000000000000000e+00,0.000000000000000000e+00,1.015780769721236210e+00
1.052802802802802975e-08,0.000000000000000000e+00,0.000000000000000000e+00,nan,0.000000000000000000e+00,0.000000000000000000e+00,nan,0.000000000000000000e+00,0.000000000000000000e+00,3.860062956104989951e+00,0.000000000000000000e+00,0.000000000000000000e+00,1.015789531324864381e+00
1.054554554554554686e-08,0.000000000000000000e+00,0.000000000000000000e+00,nan,0.000000000000000000e+00,0.000000000000000000e+00,nan,0.000000000000000000e+00,0.000000000000000000e+00,3.870337754611016479e+00,0.000000000000000000e+00,0.000000000000000000e+00,1.015798015240140684e+00
1.056306306306306398e-08,0.000000000000000000e+00,0.000000000000000000e+00,nan,0.000000000000000000e+00,0.000000000000000000e+00,nan,0.000000000000000000e+00,0.000000000000000000e+00,3.880612633900980324e+00,0.000000000000000000e+00,0.000000000000000000e+00,1.015806229633996471e+00
1.058058058058058274e-08,0.000000000000000000e+00,0.000000000000000000e+00,nan,0.000000000000000000e+00,0.000000000000000000e+00,nan,0.000000000000000000e+00,0.000000000000000000e+00,3.890887591342236274e+00,0.000000000000000000e+00,0.000000000000000000e+00,1.015814182455788028e+00
1.059809809809809986e-08,0.000000000000000000e+00,0.000000000000000000e+00,nan,0.000000000000000000e+00,0.000000000000000000e+00,nan,0.000000000000000000e+00,0.000000000000000000e+00,3.901162624382189303e+00,0.000000000000000000e+00,0.000000000000000000e+00,1.015821881442372954e+00
1.061561561561561697e-08,0.000000000000000000e+00,0.000000000000000000e+00,nan,0.000000000000000000e+00,0.000000000000000000e+00,nan,0.000000000000000000e+00,0.000000000000000000e+00,3.911437730546091007e+00,0.000000000000000000e+00,0.000000000000000000e+00,1.015829334122974492e+00
1.063313313313313408e-08,0.000000000000000000e+00,0.000000000000000000e+00,nan,0.000000000000000000e+00,0.000000000000000000e+00,nan,0.000000000000000000e+00,0.000000000000000000e+00,3.921712907434848461e+00,0.000000000000000000e+00,0.000000000000000000e+00,1.015836547824069847e+00
1.065065065065065285e-08,0.000000000000000000e+00,0.000000000000000000e+00,nan,0.000000000000000000e+00,0.000000000000000000e+00,nan,0.000000000000000000e+00,0.000000000000000000e+00,3.931988152722919239e+00,0.000000000000000000e+00,0.000000000000000000e+00,1.015843529674104628e+00
1.066816816816816996e-08,0.000000000000000000e+00,0.000000000000000000e+00,nan,0.000000000000000000e+00,0.000000000000000000e+00,nan,0.000000000000000000e+00,0.000000000000000000e+00,3.942263464156234853e+00,0.000000000000000000e+00,0.000000000000000000e+00,1.015850286608180886e+00
1.068568568568568708e-08,0.000000000000000000e+00,0.000000000000000000e+00,nan,0.000000000000000000e+00,0.000000000000000000e+00,nan,0.000000000000000000e+00,0.000000000000000000e+00,3.952538839550198357e+00,0.000000000000000000e+00,0.000000000000000000e+00,1.015856825372614569e+00
1.070320320320320419e-08,0.000000000000000000e+00,0.000000000000000000e+00,nan,0.000000000000000000e+00,0.000000000000000000e+00,nan,0.000000000000000000e+00,0.000000000000000000e+00,3.962814276787709034e+00,0.000000000000000000e+00,0.000000000000000000e+00,1.015863152529435487e+00
1.072072072072072296e-08,0.000000000000000000e+00,0.000000000000000000e+00,nan,0.000000000000000000e+00,0.000000000000000000e+00,nan,0.000000000000000000e+00,0.000000000000000000e+00,3.973089773817257253e+00,0.000000000000000000e+00,0.000000000000000000e+00,1.015869274460790894e+00
1.073823823823824007e-08,0.000000000000000000e+00,0.000000000000000000e+00,nan,0.000000000000000000e+00,0.000000000000000000e+00,nan,0.000000000000000000e+00,0.000000000000000000e+00,3.983365328651048642e+00,0.000000000000000000e+00,0.000000000000000000e+00,1.015875197373270034e+00
1.075575575575575718e-08,0.000000000000000000e+00,0.000000000000000000e+00,nan,0.000000000000000000e+00,0.000000000000000000e+00,nan,0.000000000000000000e+00,0.000000000000000000e+00,3.993640939363195308e+00,0.000000000000000000e+00,0.000000000000000000e+00,1.015880927302120540e+00
1.077327327327327430e-08,0.000000000000000000e+00,0.000000000000000000e+00,nan,0.000000000000000000e+00,0.000000000000000000e+00,nan,0.000000000000000000e+00,0.000000000000000000e+00,4.003916604087933706e+00,0.000000000000000000e+00,0.000000000000000000e+00,1.015886470115434204e+00
1.079079079079079306e-08,0.000000000000000000e+00,0.000000000000000000e+00,nan,0.000000000000000000e+00,0.000000000000000000e+00,nan,0.000000000000000000e+00,0.000000000000000000e+00,4.014192321017903353e+00,0.000000000000000000e+00,0.000000000000000000e+00,1.015891831518195287e+00
1.080830830830831018e-08,0.000000000000000000e+00,0.000000000000000000e+00,nan,0.000000000000000000e+00,0.000000000000000000e+00,nan,0.000000000000000000e+00,0.000000000000000000e+00,4.024468088402460175e+00,0.000000000000000000e+00,0.000000000000000000e+00,1.015897017056295981e+00
1.082582582582582729e-08,0.000000000000000000e+00,0.000000000000000000e+00,nan,0.000000000000000000e+00,0.000000000000000000e+00,nan,0.000000000000000000e+00,0.000000000000000000e+00,4.034743904546036930e+00,0.000000000000000000e+00,0.000000000000000000e+00,1.015902032120422405e+00
1.084334334334334440e-08,0.000000000000000000e+00,0.000000000000000000e+00,nan,0.000000000000000000e+00,0.000000000000000000e+00,nan,0.000000000000000000e+00,0.000000000000000000e+00,4.045019767806545374e+00,0.000000000000000000e+00,0.000000000000000000e+00,1.015906881949928842e+00
1.086086086086086317e-08,0.000000000000000000e+00,0.000000000000000000e+00,nan,0.000000000000000000e+00,0.000000000000000000e+00,nan,0.000000000000000000e+00,0.000000000000000000e+00,4.055295676593822840e+00,0.000000000000000000e+00,0.000000000000000000e+00,1.015911571636557875e+00
1.087837837837838028e-08,0.000000000000000000e+00,0.000000000000000000e+00,nan,0.000000000000000000e+00,0.000000000000000000e+00,nan,0.000000000000000000e+00,0.000000000000000000e+00,4.065571629368113449e+00,0.000000000000000000e+00,0.000000000000000000e+00,1.015916106128128771e+00
1.089589589589589740e-08,0.000000000000000000e+00,0.000000000000000000e+00,nan,0.000000000000000000e+00,0.000000000000000000e+00,nan,0.000000000000000000e+00,0.000000000000000000e+00,4.075847624638591071e+00,0.000000000000000000e+00,0.000000000000000000e+00,1.015920490232183893e+00
1.091341341341341451e-08,0.000000000000000000e+00,0.000000000000000000e+00,nan,0.000000000000000000e+00,0.000000000000000000e+00,nan,0.000000000000000000e+00,0.000000000000000000e+00,4.086123660961927584e+00,0.000000000000000000e+00,0.000000000000000000e+00,1.015924728619463480e+00
1.093093093093093328e-08,0.000000000000000000e+00,0.000000000000000000e+00,nan,0.000000000000000000e+00,0.000000000000000000e+00,nan,0.000000000000000000e+00,0.000000000000000000e+00,4.096399736940894876e+00,0.000000000000000000e+00,0.000000000000000000e+00,1.015928825827387971e+00
1.094844844844845039e-08,0.000000000000000000e+00,0.000000000000000000e+00,nan,0.000000000000000000e+00,0.000000000000000000e+00,nan,0.000000000000000000e+00,0.000000000000000000e+00,4.106675851222987284e+00,0.000000000000000000e+00,0.000000000000000000e+00,1.015932786263461951e+00
1.096596596596596750e-08,0.000000000000000000e+00,0.000000000000000000e+00,nan,0.000000000000000000e+00,0.000000000000000000e+00,nan,0.000000000000000000e+00,0.000000000000000000e+00,4.116952002499115082e+00,0.000000000000000000e+00,0.000000000000000000e+00,1.015936614208564848e+00
1.098348348348348461e-08,0.000000000000000000e+00,0.000000000000000000e+00,nan,0.000000000000000000e+00,0.000000000000000000e+00,nan,0.000000000000000000e+00,0.000000000000000000e+00,4.127228189502307742e+00,0.000000000000000000e+00,0.000000000000000000e+00,1.015940313820186125e+00
1.100100100100100338e-08,0.000000000000000000e+00,0.000000000000000000e+00,nan,0.000000000000000000e+00,0.000000000000000000e+00,nan,0.000000000000000000e+00,0.000000000000000000e+00,4.137504411006451832e+00,0.000000000000000000e+00,0.000000000000000000e+00,1.015943889135633382e+00
1.101851851851852050e-08,0.000000000000000000e+00,0.000000000000000000e+00,nan,0.000000000000000000e+00,0.000000000000000000e+00,nan,0.000000000000000000e+00,0.000000000000000000e+00,4.147780665825076873e+00,0.000000000000000000e+00,0.000000000000000000e+00,1.015947344075103898e+00
1.103603603603603761e-08,0.000000000000000000e+00,0.000000000000000000e+00,nan,0.000000000000000000e+00,0.000000000000000000e+00,nan,0.000000000000000000e+00,0.000000000000000000e+00,4.158056952810162521e+00,0.000000000000000000e+00,0.000000000000000000e+00,1.015950682444743514e+00
1.105355355355355472e-08,0.000000000000000000e+00,0.000000000000000000e+00,nan,0.000000000000000000e+00,0.000000000000000000e+00,nan,0.000000000000000000e+00,0.000000000000000000e+00,4.168333270850979488e+00,0.000000000000000000e+00,0.000000000000000000e+00,1.015953907939628031e+00
1.107107107107107349e-08,0.000000000000000000e+00,0.000000000000000000e+00,nan,0.000000000000000000e+00,0.000000000000000000e+00,nan,0.000000000000000000e+00,0.000000000000000000e+00,4.178609618872977549e+00,0.000000000000000000e+00,0.000000000000000000e+00,1.015957024146621368e+00
1.108858858858859060e-08,0.000000000000000000e+00,0.000000000000000000e+00,nan,0.000000000000000000e+00,0.000000000000000000e+00,nan,0.000000000000000000e+00,0.000000000000000000e+00,4.188885995836670872e+00,0.000000000000000000e+00,0.000000000000000000e+00,1.015960034547272350e+00
1.110610610610610771e-08,0.000000000000000000e+00,0.000000000000000000e+00,nan,0.000000000000000000e+00,0.000000000000000000e+00,nan,0.000000000000000000e+00,0.000000000000000000e+00,4.199162400736587308e+00,0.000000000000000000e+00,0.000000000000000000e+00,1.015962942520576950e+00
1.112362362362362483e-08,0.000000000000000000e+00,0.000000000000000000e+00,nan,0.000000000000000000e+00,0.000000000000000000e+00,nan,0.000000000000000000e+00,0.000000000000000000e+00,4.209438832600233660e+00,0.000000000000000000e+00,0.000000000000000000e+00,1.015965751345680124e+00
1.114114114114114359e-08,0.000000000000000000e+00,0.000000000000000000e+00,nan,0.000000000000000000e+00,0.000000000000000000e+00,nan,0.000000000000000000e+00,0.000000000000000000e+00,4.219715290487084047e+00,0.000000000000000000e+00,0.000000000000000000e+00,1.015968464204543231e+00
1.115865865865866071e-08,0.000000000000000000e+00,0.000000000000000000e+00,nan,0.000000000000000000e+00,0.000000000000000000e+00,nan,0.000000000000000000e+00,0.000000000000000000e+00,4.229991773487598472e+00,0.000000000000000000e+00,0.000000000000000000e+00,1.015971084184554618e+00
1.117617617617617782e-08,0.000000000000000000e+00,0.000000000000000000e+00,nan,0.000000000000000000e+00,0.000000000000000000e+00,nan,0.000000000000000000e+00,0.000000000000000000e+00,4.240268280722286676e+00,0.000000000000000000e+00,0.000000000000000000e+00,1.015973614281004078e+00
1.119369369369369493e-08,0.000000000000000000e+00,0.000000000000000000e+00,nan,0.000000000000000000e+00,0.000000000000000000e+00,nan,0.000000000000000000e+00,0.000000000000000000e+00,4.250544811340763118e+00,0.000000000000000000e+00,0.000000000000000000e+00,1.015976057399661459e+00
1.121121121121121370e-08,0.000000000000000000e+00,0.000000000000000000e+00,nan,0.000000000000000000e+00,0.000000000000000000e+00,nan,0.000000000000000000e+00,0.000000000000000000e+00,4.260821364520862353e+00,0.000000000000000000e+00,0.000000000000000000e+00,1.015978416359113012e+00
1.122872872872873081e-08,0.000000000000000000e+00,0.000000000000000000e+00,nan,0.000000000000000000e+00,0.000000000000000000e+00,nan,0.000000000000000000e+00,0.000000000000000000e+00,4.271097939467764171e+00,0.000000000000000000e+00,0.000000000000000000e+00,1.015980693893139719e+00
1.124624624624624793e-08,0.000000000000000000e+00,0.000000000000000000e+00,nan,0.000000000000000000e+00,0.000000000000000000e+00,nan,0.000000000000000000e+00,0.000000000000000000e+00,4.281374535413138283e+00,0.000000000000000000e+00,0.000000000000000000e+00,1.015982892653078506e+00
1.126376376376376504e-08,0.000000000000000000e+00,0.000000000000000000e+00,nan,0.000000000000000000e+00,0.000000000000000000e+00,nan,0.000000000000000000e+00,0.000000000000000000e+00,4.291651151614326309e+00,0.000000000000000000e+00,0.000000000000000000e+00,1.015985015210007392e+00
1.128128128128128215e-08,0.000000000000000000e+00,0.000000000000000000e+00,nan,0.000000000000000000e+00,0.000000000000000000e+00,nan,0.000000000000000000e+00,0.000000000000000000e+00,4.301927787353537980e+00,0.000000000000000000e+00,0.000000000000000000e+00,1.015987064056996569e+00
1.129879879879880092e-08,0.000000000000000000e+00,0.000000000000000000e+00,nan,0.000000000000000000e+00,0.000000000000000000e+00,nan,0.000000000000000000e+00,0.000000000000000000e+00,4.312204441937073973e+00,0.000000000000000000e+00,0.000000000000000000e+00,1.015989041611226273e+00
1.131631631631631803e-08,0.000000000000000000e+00,0.000000000000000000e+00,nan,0.000000000000000000e+00,0.000000000000000000e+00,nan,0.000000000000000000e+00,0.000000000000000000e+00,4.322481114694566529e+00,0.000000000000000000e+00,0.000000000000000000e+00,1.015990950216113076e+00
1.133383383383383515e-08,0.000000000000000000e+00,0.000000000000000000e+00,nan,0.000000000000000000e+00,0.000000000000000000e+00,nan,0.000000000000000000e+00,0.000000000000000000e+00,4.332757804978248473e+00,0.000000000000000000e+00,0.000000000000000000e+00,1.015992792143335155e+00
1.135135135135135226e-08,0.000000000000000000e+00,0.000000000000000000e+00,nan,0.000000000000000000e+00,0.000000000000000000e+00,nan,0.000000000000000000e+00,0.000000000000000000e+00,4.343034512162241789e+00,0.000000000000000000e+00,0.000000000000000000e+00,1.015994569594838248e+00
1.136886886886887103e-08,0.000000000000000000e+00,0.000000000000000000e+00,nan,0.000000000000000000e+00,0.000000000000000000e+00,nan,0.000000000000000000e+00,0.000000000000000000e+00,4.353311235641862176e+00,0.000000000000000000e+00,0.000000000000000000e+00,1.015996284704780095e+00
1.138638638638638814e-08,0.000000000000000000e+00,0.000000000000000000e+00,nan,0.000000000000000000e+00,0.000000000000000000e+00,nan,0.000000000000000000e+00,0.000000000000000000e+00,4.363587974832942251e+00,0.000000000000000000e+00,0.000000000000000000e+00,1.015997939541461337e+00
1.140390390390390525e-08,0.000000000000000000e+00,0.000000000000000000e+00,nan,0.000000000000000000e+00,0.000000000000000000e+00,nan,0.000000000000000000e+00,0.000000000000000000e+00,4.373864729171193844e+00,0.000000000000000000e+00,0.000000000000000000e+00,1.015999536109109203e+00
1.142142142142142237e-08,0.000000000000000000e+00,0.000000000000000000e+00,nan,0.000000000000000000e+00,0.000000000000000000e+00,nan,0.000000000000000000e+00,0.000000000000000000e+00,4.384141498111556068e+00,0.000000000000000000e+00,0.000000000000000000e+00,1.016001076349785315e+00
1.143893893893894113e-08,0.000000000000000000e+00,0.000000000000000000e+00,nan,0.000000000000000000e+00,0.000000000000000000e+00,nan,0.000000000000000000e+00,0.000000000000000000e+00,4.394418281127597581e+00,0.000000000000000000e+00,0.000000000000000000e+00,1.016002562145053023e+00
1.145645645645645825e-08,0.000000000000000000e+00,0.000000000000000000e+00,nan,0.000000000000000000e+00,0.000000000000000000e+00,nan,0.000000000000000000e+00,0.000000000000000000e+00,4.404695077710897522e+00,0.000000000000000000e+00,0.000000000000000000e+00,1.016003995317802389e+00
1.147397397397397536e-08,0.000000000000000000e+00,0.000000000000000000e+00,nan,0.000000000000000000e+00,0.000000000000000000e+00,nan,0.000000000000000000e+00,0.000000000000000000e+00,4.414971887370493953e+00,0.000000000000000000e+00,0.000000000000000000e+00,1.016005377633803386e+00
1.149149149149149247e-08,0.000000000000000000e+00,0.000000000000000000e+00,nan,0.000000000000000000e+00,0.000000000000000000e+00,nan,0.000000000000000000e+00,0.000000000000000000e+00,4.425248709632298549e+00,0.000000000000000000e+00,0.000000000000000000e+00,1.016006710803463164e+00
1.150900900900901124e-08,0.000000000000000000e+00,0.000000000000000000e+00,nan,0.000000000000000000e+00,0.000000000000000000e+00,nan,0.000000000000000000e+00,0.000000000000000000e+00,4.435525544038568135e+00,0.000000000000000000e+00,0.000000000000000000e+00,1.016007996483319520e+00
1.152652652652652835e-08,0.000000000000000000e+00,0.000000000000000000e+00,nan,0.000000000000000000e+00,0.000000000000000000e+00,nan,0.000000000000000000e+00,0.000000000000000000e+00,4.445802390147357563e+00,0.000000000000000000e+00,0.000000000000000000e+00,1.016009236277672478e+00
1.154404404404404547e-08,0.000000000000000000e+00,0.000000000000000000e+00,nan,0.000000000000000000e+00,0.000000000000000000e+00,nan,0.000000000000000000e+00,0.000000000000000000e+00,4.456079247532026777e+00,0.000000000000000000e+00,0.000000000000000000e+00,1.016010431740039577e+00
1.156156156156156258e-08,0.000000000000000000e+00,0.000000000000000000e+00,nan,0.000000000000000000e+00,0.000000000000000000e+00,nan,0.000000000000000000e+00,0.000000000000000000e+00,4.466356115780723002e+00,0.000000000000000000e+00,0.000000000000000000e+00,1.016011584374688637e+00
1.157907907907908135e-08,0.000000000000000000e+00,0.000000000000000000e+00,nan,0.000000000000000000e+00,0.000000000000000000e+00,nan,0.000000000000000000e+00,0.000000000000000000e+00,4.476632994495918005e+00,0.000000000000000000e+00,0.000000000000000000e+00,1.016012695637993568e+00
1.159659659659659846e-08,0.000000000000000000e+00,0.000000000000000000e+00,nan,0.000000000000000000e+00,0.000000000000000000e+00,nan,0.000000000000000000e+00,0.000000000000000000e+00,4.486909883293921375e+00,0.000000000000000000e+00,0.000000000000000000e+00,1.016013766939923624e+00
1.161411411411411557e-08,0.000000000000000000e+00,0.000000000000000000e+00,nan,0.000000000000000000e+00,0.000000000000000000e+00,nan,0.000000000000000000e+00,0.000000000000000000e+00,4.497186781804435540e+00,0.000000000000000000e+00,0.000000000000000000e+00,1.016014799645350575e+00
1.163163163163163268e-08,0.000000000000000000e+00,0.000000000000000000e+00,nan,0.000000000000000000e+00,0.000000000000000000e+00,nan,0.000000000000000000e+00,0.000000000000000000e+00,4.507463689670115237e+00,0.000000000000000000e+00,0.000000000000000000e+00,1.016015795075400963e+00
1.164914914914915145e-08,0.000000000000000000e+00,0.000000000000000000e+00,nan,0.000000000000000000e+00,0.000000000000000000e+00,nan,0.000000000000000000e+00,0.000000000000000000e+00,4.517740606546144733e+00,0.000000000000000000e+00,0.000000000000000000e+00,1.016016754508707098e+00
1.166666666666666857e-08,0.000000000000000000e+00,0.000000000000000000e+00,nan,0.000000000000000000e+00,0.000000000000000000e+00,nan,0.000000000000000000e+00,0.000000000000000000e+00,4.528017532099809728e+00,0.000000000000000000e+00,0.000000000000000000e+00,1.016017679182732225e+00
1.168418418418418568e-08,0.000000000000000000e+00,0.000000000000000000e+00,nan,0.000000000000000000e+00,0.000000000000000000e+00,nan,0.000000000000000000e+00,0.000000000000000000e+00,4.538294466010110106e+00,0.000000000000000000e+00,0.000000000000000000e+00,1.016018570294951573e+00
1.170170170170170279e-08,0.000000000000000000e+00,0.000000000000000000e+00,nan,0.000000000000000000e+00,0.000000000000000000e+00,nan,0.000000000000000000e+00,0.000000000000000000e+00,4.548571407967367364e+00,0.000000000000000000e+00,0.000000000000000000e+00,1.016019429004046959e+00
1.171921921921922156e-08,0.000000000000000000e+00,0.000000000000000000e+00,nan,0.000000000000000000e+00,0.000000000000000000e+00,nan,0.000000000000000000e+00,0.000000000000000000e+00,4.558848357672848906e+00,0.000000000000000000e+00,0.000000000000000000e+00,1.016020256431068747e+00
1.173673673673673867e-08,0.000000000000000000e+00,0.000000000000000000e+00,nan,0.000000000000000000e+00,0.000000000000000000e+00,nan,0.000000000000000000e+00,0.000000000000000000e+00,4.569125314838389684e+00,0.000000000000000000e+00,0.000000000000000000e+00,1.016021053660603579e+00
1.175425425425425578e-08,0.000000000000000000e+00,0.000000000000000000e+00,nan,0.000000000000000000e+00,0.000000000000000000e+00,nan,0.000000000000000000e+00,0.000000000000000000e+00,4.579402279186061797e+00,0.000000000000000000e+00,0.000000000000000000e+00,1.016021821741809550e+00
1.177177177177177290e-08,0.000000000000000000e+00,0.000000000000000000e+00,nan,0.000000000000000000e+00,0.000000000000000000e+00,nan,0.000000000000000000e+00,0.000000000000000000e+00,4.589679250447817438e+00,0.000000000000000000e+00,0.000000000000000000e+00,1.016022561689522652e+00
1.178928928928929166e-08,0.000000000000000000e+00,0.000000000000000000e+00,nan,0.000000000000000000e+00,0.000000000000000000e+00,nan,0.000000000000000000e+00,0.000000000000000000e+00,4.599956228365154054e+00,0.000000000000000000e+00,0.000000000000000000e+00,1.016023274485306160e+00
1.180680680680680878e-08,0.000000000000000000e+00,0.000000000000000000e+00,nan,0.000000000000000000e+00,0.000000000000000000e+00,nan,0.000000000000000000e+00,0.000000000000000000e+00,4.610233212688799043e+00,0.000000000000000000e+00,0.000000000000000000e+00,1.016023961078440063e+00
1.182432432432432589e-08,0.000000000000000000e+00,0.000000000000000000e+00,nan,0.000000000000000000e+00,0.000000000000000000e+00,nan,0.000000000000000000e+00,0.000000000000000000e+00,4.620510203178396225e+00,0.000000000000000000e+00,0.000000000000000000e+00,1.016024622386921372e+00
1.184184184184184300e-08,0.000000000000000000e+00,0.000000000000000000e+00,nan,0.000000000000000000e+00,0.000000000000000000e+00,nan,0.000000000000000000e+00,0.000000000000000000e+00,4.630787199602208304e+00,0.000000000000000000e+00,0.000000000000000000e+00,1.016025259298388494e+00
1.185935935935936177e-08,0.000000000000000000e+00,0.000000000000000000e+00,nan,0.000000000000000000e+00,0.000000000000000000e+00,nan,0.000000000000000000e+00,0.000000000000000000e+00,4.641064201736814887e+00,0.000000000000000000e+00,0.000000000000000000e+00,1.016025872671117547e+00
1.187687687687687888e-08,0.000000000000000000e+00,0.000000000000000000e+00,nan,0.000000000000000000e+00,0.000000000000000000e+00,nan,0.000000000000000000e+00,0.000000000000000000e+00,4.651341209366838925e+00,0.000000000000000000e+00,0.000000000000000000e+00,1.016026463334853469e+00
1.189439439439439600e-08,0.000000000000000000e+00,0.000000000000000000e+00,nan,0.000000000000000000e+00,0.000000000000000000e+00,nan,0.000000000000000000e+00,0.000000000000000000e+00,4.661618222284667823e+00,0.000000000000000000e+00,0.000000000000000000e+00,1.016027032091733284e+00
1.191191191191191311e-08,0.000000000000000000e+00,0.000000000000000000e+00,nan,0.000000000000000000e+00,0.000000000000000000e+00,nan,0.000000000000000000e+00,0.000000000000000000e+00,4.671895240290187878e+00,0.000000000000000000e+00,0.000000000000000000e+00,1.016027579717146301e+00
1.192942942942943188e-08,0.000000000000000000e+00,0.000000000000000000e+00,nan,0.000000000000000000e+00,0.000000000000000000e+00,nan,0.000000000000000000e+00,0.000000000000000000e+00,4.682172263190532924e+00,0.000000000000000000e+00,0.000000000000000000e+00,1.016028106960519484e+00
1.194694694694694899e-08,0.000000000000000000e+00,0.000000000000000000e+00,nan,0.000000000000000000e+00,0.000000000000000000e+00,nan,0.000000000000000000e+00,0.000000000000000000e+00,4.692449290799828532e+00,0.000000000000000000e+00,0.000000000000000000e+00,1.016028614546178099e+00
1.196446446446446610e-08,0.000000000000000000e+00,0.000000000000000000e+00,nan,0.000000000000000000e+00,0.000000000000000000e+00,nan,0.000000000000000000e+00,0.000000000000000000e+00,4.702726322938954873e+00,0.000000000000000000e+00,0.000000000000000000e+00,1.016029103174098225e+00
1.198198198198198322e-08,0.000000000000000000e+00,0.000000000000000000e+00,nan,0.000000000000000000e+00,0.000000000000000000e+00,nan,0.000000000000000000e+00,0.000000000000000000e+00,4.713003359435314898e+00,0.000000000000000000e+00,0.000000000000000000e+00,1.016029573520682794e+00
1.199949949949950198e-08,0.000000000000000000e+00,0.000000000000000000e+00,nan,0.000000000000000000e+00,0.000000000000000000e+00,nan,0.000000000000000000e+00,0.000000000000000000e+00,4.723280400122606082e+00,0.000000000000000000e+00,0.000000000000000000e+00,1.016030026239498563e+00
1.201701701701701910e-08,0.000000000000000000e+00,0.000000000000000000e+00,nan,0.000000000000000000e+00,0.000000000000000000e+00,nan,0.000000000000000000e+00,0.000000000000000000e+00,4.733557444840605477e+00,0.000000000000000000e+00,0.000000000000000000e+00,1.016030461961981324e+00
1.203453453453453621e-08,0.000000000000000000e+00,0.000000000000000000e+00,nan,0.000000000000000000e+00,0.000000000000000000e+00,nan,0.000000000000000000e+00,0.000000000000000000e+00,4.743834493434957444e+00,0.000000000000000000e+00,0.000000000000000000e+00,1.016030881298165989e+00
1.205205205205205332e-08,0.000000000000000000e+00,0.000000000000000000e+00,nan,0.000000000000000000e+00,0.000000000000000000e+00,nan,0.000000000000000000e+00,0.000000000000000000e+00,4.754111545756966706e+00,0.000000000000000000e+00,0.000000000000000000e+00,1.016031284837346504e+00
1.206956956956957209e-08,0.000000000000000000e+00,0.000000000000000000e+00,nan,0.000000000000000000e+00,0.000000000000000000e+00,nan,0.000000000000000000e+00,0.000000000000000000e+00,4.764388601663410050e+00,0.000000000000000000e+00,0.000000000000000000e+00,1.016031673148715564e+00
1.208708708708708920e-08,0.000000000000000000e+00,0.000000000000000000e+00,nan,0.000000000000000000e+00,0.000000000000000000e+00,nan,0.000000000000000000e+00,0.000000000000000000e+00,4.774665661016332940e+00,0.000000000000000000e+00,0.000000000000000000e+00,1.016032046782036957e+00
1.210460460460460632e-08,0.000000000000000000e+00,0.000000000000000000e+00,nan,0.000000000000000000e+00,0.000000000000000000e+00,nan,0.000000000000000000e+00,0.000000000000000000e+00,4.784942723682870991e+00,0.000000000000000000e+00,0.000000000000000000e+00,1.016032406268265742e+00
1.212212212212212343e-08,0.000000000000000000e+00,0.000000000000000000e+00,nan,0.000000000000000000e+00,0.000000000000000000e+00,nan,0.000000000000000000e+00,0.000000000000000000e+00,4.795219789535074106e+00,0.000000000000000000e+00,0.000000000000000000e+00,1.016032752120128668e+00
1.213963963963964220e-08,0.000000000000000000e+00,0.000000000000000000e+00,nan,0.000000000000000000e+00,0.000000000000000000e+00,nan,0.000000000000000000e+00,0.000000000000000000e+00,4.805496858449733288e+00,0.000000000000000000e+00,0.000000000000000000e+00,1.016033084832709266e+00
1.215715715715715931e-08,0.000000000000000000e+00,0.000000000000000000e+00,nan,0.000000000000000000e+00,0.000000000000000000e+00,nan,0.000000000000000000e+00,0.000000000000000000e+00,4.815773930308204775e+00,0.000000000000000000e+00,0.000000000000000000e+00,1.016033404884047586e+00
1.217467467467467642e-08,0.000000000000000000e+00,0.000000000000000000e+00,nan,0.000000000000000000e+00,0.000000000000000000e+00,nan,0.000000000000000000e+00,0.000000000000000000e+00,4.826051004996256388e+00,0.000000000000000000e+00,0.000000000000000000e+00,1.016033712735670003e+00
1.219219219219219354e-08,0.000000000000000000e+00,0.000000000000000000e+00,nan,0.000000000000000000e+00,0.000000000000000000e+00,nan,0.000000000000000000e+00,0.000000000000000000e+00,4.836328082403915651e+00,0.000000000000000000e+00,0.000000000000000000e+00,1.016034008833104796e+00
1.220970970970971230e-08,0.000000000000000000e+00,0.000000000000000000e+00,nan,0.000000000000000000e+00,0.000000000000000000e+00,nan,0.000000000000000000e+00,0.000000000000000000e+00,4.846605162425309921e+00,0.000000000000000000e+00,0.000000000000000000e+00,1.016034293606435490e+00
1.222722722722722942e-08,0.000000000000000000e+00,0.000000000000000000e+00,nan,0.000000000000000000e+00,0.000000000000000000e+00,nan,0.000000000000000000e+00,0.000000000000000000e+00,4.856882244958519834e+00,0.000000000000000000e+00,0.000000000000000000e+00,1.016034567470794014e+00
1.224474474474474653e-08,0.000000000000000000e+00,0.000000000000000000e+00,nan,0.000000000000000000e+00,0.000000000000000000e+00,nan,0.000000000000000000e+00,0.000000000000000000e+00,4.867159329905448750e+00,0.000000000000000000e+00,0.000000000000000000e+00,1.016034830826843205e+00
1.226226226226226364e-08,0.000000000000000000e+00,0.000000000000000000e+00,nan,0.000000000000000000e+00,0.000000000000000000e+00,nan,0.000000000000000000e+00,0.000000000000000000e+00,4.877436417171678862e+00,0.000000000000000000e+00,0.000000000000000000e+00,1.016035084061238658e+00
1.227977977977978241e-08,0.000000000000000000e+00,0.000000000000000000e+00,nan,0.000000000000000000e+00,0.000000000000000000e+00,nan,0.000000000000000000e+00,0.000000000000000000e+00,4.887713506666339747e+00,0.000000000000000000e+00,0.000000000000000000e+00,1.016035327547115230e+00
1.229729729729729952e-08,0.000000000000000000e+00,0.000000000000000000e+00,nan,0.000000000000000000e+00,0.000000000000000000e+00,nan,0.000000000000000000e+00,0.000000000000000000e+00,4.897990598301978693e+00,0.000000000000000000e+00,0.000000000000000000e+00,1.016035561644527352e+00
1.231481481481481663e-08,0.000000000000000000e+00,0.000000000000000000e+00,nan,0.000000000000000000e+00,0.000000000000000000e+00,nan,0.000000000000000000e+00,0.000000000000000000e+00,4.908267691994451454e+00,0.000000000000000000e+00,0.000000000000000000e+00,1.016035786700839383e+00
1.233233233233233375e-08,0.000000000000000000e+00,0.000000000000000000e+00,nan,0.000000000000000000e+00,0.000000000000000000e+00,nan,0.000000000000000000e+00,0.000000000000000000e+00,4.918544787662781026e+00,0.000000000000000000e+00,0.000000000000000000e+00,1.016036003051231429e+00
1.234984984984985086e-08,0.000000000000000000e+00,0.000000000000000000e+00,nan,0.000000000000000000e+00,0.000000000000000000e+00,nan,0.000000000000000000e+00,0.000000000000000000e+00,4.928821885229067057e+00,0.000000000000000000e+00,0.000000000000000000e+00,1.016036211018982005e+00
1.236736736736736963e-08,0.000000000000000000e+00,0.000000000000000000e+00,nan,0.000000000000000000e+00,0.000000000000000000e+00,nan,0.000000000000000000e+00,0.000000000000000000e+00,4.939098984618353505e+00,0.000000000000000000e+00,0.000000000000000000e+00,1.016036410916010713e+00
1.238488488488488674e-08,0.000000000000000000e+00,0.000000000000000000e+00,nan,0.000000000000000000e+00,0.000000000000000000e+00,nan,0.000000000000000000e+00,0.000000000000000000e+00,4.949376085758540711e+00,0.000000000000000000e+00,0.000000000000000000e+00,1.016036603043104281e+00
1.240240240240240385e-08,0.000000000000000000e+00,0.000000000000000000e+00,nan,0.000000000000000000e+00,0.000000000000000000e+00,nan,0.000000000000000000e+00,0.000000000000000000e+00,4.959653188580263716e+00,0.000000000000000000e+00,0.000000000000000000e+00,1.016036787690411725e+00
1.241991991991992097e-08,0.000000000000000000e+00,0.000000000000000000e+00,nan,0.000000000000000000e+00,0.000000000000000000e+00,nan,0.000000000000000000e+00,0.000000000000000000e+00,4.969930293016808776e+00,0.000000000000000000e+00,0.000000000000000000e+00,1.016036965137734560e+00
1.243743743743743973e-08,0.000000000000000000e+00,0.000000000000000000e+00,nan,0.000000000000000000e+00,0.000000000000000000e+00,nan,0.000000000000000000e+00,0.000000000000000000e+00,4.980207399004011215e+00,0.000000000000000000e+00,0.000000000000000000e+00,1.016037135654877188e+00
1.245495495495495685e-08,0.000000000000000000e+00,0.000000000000000000e+00,nan,0.000000000000000000e+00,0.000000000000000000e+00,nan,0.000000000000000000e+00,0.000000000000000000e+00,4.990484506480150628e+00,0.000000000000000000e+00,0.000000000000000000e+00,1.016037299502033253e+00
1.247247247247247396e-08,0.000000000000000000e+00,0.000000000000000000e+00,nan,0.000000000000000000e+00,0.000000000000000000e+00,nan,0.000000000000000000e+00,0.000000000000000000e+00,5.000761615385883374e+00,0.000000000000000000e+00,0.000000000000000000e+00,1.016037456930043215e+00
1.248998998998999107e-08,0.000000000000000000e+00,0.000000000000000000e+00,nan,0.000000000000000000e+00,0.000000000000000000e+00,nan,0.000000000000000000e+00,0.000000000000000000e+00,5.011038725664136884e+00,0.000000000000000000e+00,0.000000000000000000e+00,1.016037608180760943e+00
1.250750750750750984e-08,0.000000000000000000e+00,0.000000000000000000e+00,nan,0.000000000000000000e+00,0.000000000000000000e+00,nan,0.000000000000000000e+00,0.000000000000000000e+00,5.021315837260038606e+00,0.000000000000000000e+00,0.000000000000000000e+00,1.016037753487323947e+00
1.252502502502502695e-08,0.000000000000000000e+00,0.000000000000000000e+00,nan,0.000000000000000000e+00,0.000000000000000000e+00,nan,0.000000000000000000e+00,0.000000000000000000e+00,5.031592950120823637e+00,0.000000000000000000e+00,0.000000000000000000e+00,1.016037893074477116e+00
1.254254254254254407e-08,0.000000000000000000e+00,0.000000000000000000e+00,nan,0.000000000000000000e+00,0.000000000000000000e+00,nan,0.000000000000000000e+00,0.000000000000000000e+00,5.041870064195765444e+00,0.000000000000000000e+00,0.000000000000000000e+00,1.016038027158856938e+00
1.256006006006006118e-08,0.000000000000000000e+00,0.000000000000000000e+00,nan,0.000000000000000000e+00,0.000000000000000000e+00,nan,0.000000000000000000e+00,0.000000000000000000e+00,5.052147179436103919e+00,0.000000000000000000e+00,0.000000000000000000e+00,1.016038155949227528e+00
1.257757757757757995e-08,0.000000000000000000e+00,0.000000000000000000e+00,nan,0.000000000000000000e+00,0.000000000000000000e+00,nan,0.000000000000000000e+00,0.000000000000000000e+00,5.062424295794957452e+00,0.000000000000000000e+00,0.000000000000000000e+00,1.016038279646814591e+00
1.259509509509509706e-08,0.000000000000000000e+00,0.000000000000000000e+00,nan,0.000000000000000000e+00,0.000000000000000000e+00,nan,0.000000000000000000e+00,0.000000000000000000e+00,5.072701413227266976e+00,0.000000000000000000e+00,0.000000000000000000e+00,1.016038398445520130e+00
1.261261261261261417e-08,0.000000000000000000e+00,0.000000000000000000e+00,nan,0.000000000000000000e+00,0.000000000000000000e+00,nan,0.000000000000000000e+00,0.000000000000000000e+00,5.082978531689724910e+00,0.000000000000000000e+00,0.000000000000000000e+00,1.016038512532179805e+00
1.263013013013013129e-08,0.000000000000000000e+00,0.000000000000000000e+00,nan,0.000000000000000000e+00,0.000000000000000000e+00,nan,0.000000000000000000e+00,0.000000000000000000e+00,5.093255651140708551e+00,0.000000000000000000e+00,0.000000000000000000e+00,1.016038622086816945e+00
1.264764764764765005e-08,0.000000000000000000e+00,0.000000000000000000e+00,nan,0.000000000000000000e+00,0.000000000000000000e+00,nan,0.000000000000000000e+00,0.000000000000000000e+00,5.103532771540218782e+00,0.000000000000000000e+00,0.000000000000000000e+00,1.016038727251295626e+00
1.266516516516516717e-08,0.000000000000000000e+00,0.000000000000000000e+00,nan,0.000000000000000000e+00,0.000000000000000000e+00,nan,0.000000000000000000e+00,0.000000000000000000e+00,5.113809892849811689e+00,0.000000000000000000e+00,0.000000000000000000e+00,1.016038828255712234e+00
1.268268268268268428e-08,0.000000000000000000e+00,0.000000000000000000e+00,nan,0.000000000000000000e+00,0.000000000000000000e+00,nan,0.000000000000000000e+00,0.000000000000000000e+00,5.124087015032555925e+00,0.000000000000000000e+00,0.000000000000000000e+00,1.016038925229590717e+00
1.270020020020020139e-08,0.000000000000000000e+00,0.000000000000000000e+00,nan,0.000000000000000000e+00,0.000000000000000000e+00,nan,0.000000000000000000e+00,0.000000000000000000e+00,5.134364138052960769e+00,0.000000000000000000e+00,0.000000000000000000e+00,1.016039018327976828e+00
1.271771771771772016e-08,0.000000000000000000e+00,0.000000000000000000e+00,nan,0.000000000000000000e+00,0.000000000000000000e+00,nan,0.000000000000000000e+00,0.000000000000000000e+00,5.144641261876930827e+00,0.000000000000000000e+00,0.000000000000000000e+00,1.016039107700197786e+00
1.273523523523523727e-08,0.000000000000000000e+00,0.000000000000000000e+00,nan,0.000000000000000000e+00,0.000000000000000000e+00,nan,0.000000000000000000e+00,0.000000000000000000e+00,5.154918386471709191e+00,0.000000000000000000e+00,0.000000000000000000e+00,1.016039193490062109e+00
1.275275275275275439e-08,0.000000000000000000e+00,0.000000000000000000e+00,nan,0.000000000000000000e+00,0.000000000000000000e+00,nan,0.000000000000000000e+00,0.000000000000000000e+00,5.165195511805828588e+00,0.000000000000000000e+00,0.000000000000000000e+00,1.016039275868578562e+00
1.277027027027027150e-08,0.000000000000000000e+00,0.000000000000000000e+00,nan,0.000000000000000000e+00,0.000000000000000000e+00,nan,0.000000000000000000e+00,0.000000000000000000e+00,5.175472637849064306e+00,0.000000000000000000e+00,0.000000000000000000e+00,1.016039354904254122e+00
1.278778778778779027e-08,0.000000000000000000e+00,0.000000000000000000e+00,nan,0.000000000000000000e+00,0.000000000000000000e+00,nan,0.000000000000000000e+00,0.000000000000000000e+00,5.185749764572383569e+00,0.000000000000000000e+00,0.000000000000000000e+00,1.016039430757849304e+00
1.280530530530530738e-08,0.000000000000000000e+00,0.000000000000000000e+00,nan,0.000000000000000000e+00,0.000000000000000000e+00,nan,0.000000000000000000e+00,0.000000000000000000e+00,5.196026891947904680e+00,0.000000000000000000e+00,0.000000000000000000e+00,1.016039503552986112e+00
1.282282282282282449e-08,0.000000000000000000e+00,0.000000000000000000e+00,nan,0.000000000000000000e+00,0.000000000000000000e+00,nan,0.000000000000000000e+00,0.000000000000000000e+00,5.206304019948845507e+00,0.000000000000000000e+00,0.000000000000000000e+00,1.016039573408713315e+00
1.284034034034034161e-08,0.000000000000000000e+00,0.000000000000000000e+00,nan,0.000000000000000000e+00,0.000000000000000000e+00,nan,0.000000000000000000e+00,0.000000000000000000e+00,5.216581148549492397e+00,0.000000000000000000e+00,0.000000000000000000e+00,1.016039640439596603e+00
1.285785785785786037e-08,0.000000000000000000e+00,0.000000000000000000e+00,nan,0.000000000000000000e+00,0.000000000000000000e+00,nan,0.000000000000000000e+00,0.000000000000000000e+00,5.226858277725151325e+00,0.000000000000000000e+00,0.000000000000000000e+00,1.016039704755948403e+00
1.287537537537537749e-08,0.000000000000000000e+00,0.000000000000000000e+00,nan,0.000000000000000000e+00,0.000000000000000000e+00,nan,0.000000000000000000e+00,0.000000000000000000e+00,5.237135407452110591e+00,0.000000000000000000e+00,0.000000000000000000e+00,1.016039766463920246e+00
1.289289289289289460e-08,0.000000000000000000e+00,0.000000000000000000e+00,nan,0.000000000000000000e+00,0.000000000000000000e+00,nan,0.000000000000000000e+00,0.000000000000000000e+00,5.247412537707604407e+00,0.000000000000000000e+00,0.000000000000000000e+00,1.016039825665697949e+00
1.291041041041041171e-08,0.000000000000000000e+00,0.000000000000000000e+00,nan,0.000000000000000000e+00,0.000000000000000000e+00,nan,0.000000000000000000e+00,0.000000000000000000e+00,5.257689668469777367e+00,0.000000000000000000e+00,0.000000000000000000e+00,1.016039882459612853e+00
1.292792792792793048e-08,0.000000000000000000e+00,0.000000000000000000e+00,nan,0.000000000000000000e+00,0.000000000000000000e+00,nan,0.000000000000000000e+00,0.000000000000000000e+00,5.267966799717652471e+00,0.000000000000000000e+00,0.000000000000000000e+00,1.016039936940267951e+00
1.294544544544544759e-08,0.000000000000000000e+00,0.000000000000000000e+00,nan,0.000000000000000000e+00,0.000000000000000000e+00,nan,0.000000000000000000e+00,0.000000000000000000e+00,5.278243931431081393e+00,0.000000000000000000e+00,0.000000000000000000e+00,1.016039989198753268e+00
1.296296296296296470e-08,0.000000000000000000e+00,0.000000000000000000e+00,nan,0.000000000000000000e+00,0.000000000000000000e+00,nan,0.000000000000000000e+00,0.000000000000000000e+00,5.288521063590736482e+00,0.000000000000000000e+00,0.000000000000000000e+00,1.016040039322651634e+00
1.298048048048048182e-08,0.000000000000000000e+00,0.000000000000000000e+00,nan,0.000000000000000000e+00,0.000000000000000000e+00,nan,0.000000000000000000e+00,0.000000000000000000e+00,5.298798196178058362e+00,0.000000000000000000e+00,0.000000000000000000e+00,1.016040087396277380e+00
1.299799799799800059e-08,0.000000000000000000e+00,0.000000000000000000e+00,nan,0.000000000000000000e+00,0.000000000000000000e+00,nan,0.000000000000000000e+00,0.000000000000000000e+00,5.309075329175242608e+00,0.000000000000000000e+00,0.000000000000000000e+00,1.016040133500698550e+00
1.301551551551551770e-08,0.000000000000000000e+00,0.000000000000000000e+00,nan,0.000000000000000000e+00,0.000000000000000000e+00,nan,0.000000000000000000e+00,0.000000000000000000e+00,5.319352462565192674e+00,0.000000000000000000e+00,0.000000000000000000e+00,1.016040177713940951e+00
1.303303303303303481e-08,0.000000000000000000e+00,0.000000000000000000e+00,nan,0.000000000000000000e+00,0.000000000000000000e+00,nan,0.000000000000000000e+00,0.000000000000000000e+00,5.329629596331511010e+00,0.000000000000000000e+00,0.000000000000000000e+00,1.016040220111024572e+00
1.305055055055055192e-08,0.000000000000000000e+00,0.000000000000000000e+00,nan,0.000000000000000000e+00,0.000000000000000000e+00,nan,0.000000000000000000e+00,0.000000000000000000e+00,5.339906730458461759e+00,0.000000000000000000e+00,0.000000000000000000e+00,1.016040260764117020e+00
1.306806806806807069e-08,0.000000000000000000e+00,0.000000000000000000e+00,nan,0.000000000000000000e+00,0.000000000000000000e+00,nan,0.000000000000000000e+00,0.000000000000000000e+00,5.350183864930944999e+00,0.000000000000000000e+00,0.000000000000000000e+00,1.016040299742635433e+00
1.308558558558558780e-08,0.000000000000000000e+00,0.000000000000000000e+00,nan,0.000000000000000000e+00,0.000000000000000000e+00,nan,0.000000000000000000e+00,0.000000000000000000e+00,5.360460999734469212e+00,0.000000000000000000e+00,0.000000000000000000e+00,1.016040337113332859e+00
1.310310310310310492e-08,0.000000000000000000e+00,0.000000000000000000e+00,nan,0.000000000000000000e+00,0.000000000000000000e+00,nan,0.000000000000000000e+00,0.000000000000000000e+00,5.370738134855134405e+00,0.000000000000000000e+00,0.000000000000000000e+00,1.016040372940407499e+00
1.312062062062062203e-08,0.000000000000000000e+00,0.000000000000000000e+00,nan,0.000000000000000000e+00,0.000000000000000000e+00,nan,0.000000000000000000e+00,0.000000000000000000e+00,5.381015270279615237e+00,0.000000000000000000e+00,0.000000000000000000e+00,1.016040407285550007e+00
1.313813813813814080e-08,0.000000000000000000e+00,0.000000000000000000e+00,nan,0.000000000000000000e+00,0.000000000000000000e+00,nan,0.000000000000000000e+00,0.000000000000000000e+00,5.391292405995113945e+00,0.000000000000000000e+00,0.000000000000000000e+00,1.016040440208150208e+00
1.315565565565565791e-08,0.000000000000000000e+00,0.000000000000000000e+00,nan,0.000000000000000000e+00,0.000000000000000000e+00,nan,0.000000000000000000e+00,0.000000000000000000e+00,5.401569541989363898e+00,0.000000000000000000e+00,0.000000000000000000e+00,1.016040471765236486e+00
1.317317317317317502e-08,0.000000000000000000e+00,0.000000000000000000e+00,nan,0.000000000000000000e+00,0.000000000000000000e+00,nan,0.000000000000000000e+00,0.000000000000000000e+00,5.411846678250600284e+00,0.000000000000000000e+00,0.000000000000000000e+00,1.016040502011664515e+00
1.319069069069069214e-08,0.000000000000000000e+00,0.000000000000000000e+00,nan,0.000000000000000000e+00,0.000000000000000000e+00,nan,0.000000000000000000e+00,0.000000000000000000e+00,5.422123814767536132e+00,0.000000000000000000e+00,0.000000000000000000e+00,1.016040531000169223e+00
1.320820820820821090e-08,0.000000000000000000e+00,0.000000000000000000e+00,nan,0.000000000000000000e+00,0.000000000000000000e+00,nan,0.000000000000000000e+00,0.000000000000000000e+00,5.432400951529349875e+00,0.000000000000000000e+00,0.000000000000000000e+00,1.016040558781434733e+00
1.322572572572572802e-08,0.000000000000000000e+00,0.000000000000000000e+00,nan,0.000000000000000000e+00,0.000000000000000000e+00,nan,0.000000000000000000e+00,0.000000000000000000e+00,5.442678088525660485e+00,0.000000000000000000e+00,0.000000000000000000e+00,1.016040585404182295e+00
1.324324324324324513e-08,0.000000000000000000e+00,0.000000000000000000e+00,nan,0.000000000000000000e+00,0.000000000000000000e+00,nan,0.000000000000000000e+00,0.000000000000000000e+00,5.452955225746521251e+00,0.000000000000000000e+00,0.000000000000000000e+00,1.016040610915209363e+00
1.326076076076076224e-08,0.000000000000000000e+00,0.000000000000000000e+00,nan,0.000000000000000000e+00,0.000000000000000000e+00,nan,0.000000000000000000e+00,0.000000000000000000e+00,5.463232363182387807e+00,0.000000000000000000e+00,0.000000000000000000e+00,1.016040635359522604e+00
1.327827827827828101e-08,0.000000000000000000e+00,0.000000000000000000e+00,nan,0.000000000000000000e+00,0.000000000000000000e+00,nan,0.000000000000000000e+00,0.000000000000000000e+00,5.473509500824110141e+00,0.000000000000000000e+00,0.000000000000000000e+00,1.016040658780384742e+00
1.329579579579579812e-08,0.000000000000000000e+00,0.000000000000000000e+00,nan,0.000000000000000000e+00,0.000000000000000000e+00,nan,0.000000000000000000e+00,0.000000000000000000e+00,5.483786638662920154e+00,0.000000000000000000e+00,0.000000000000000000e+00,1.016040681219310793e+00
1.331331331331331524e-08,0.000000000000000000e+00,0.000000000000000000e+00,nan,0.000000000000000000e+00,0.000000000000000000e+00,nan,0.000000000000000000e+00,0.000000000000000000e+00,5.494063776690407686e+00,0.000000000000000000e+00,0.000000000000000000e+00,1.016040702716231703e+00
1.333083083083083235e-08,0.000000000000000000e+00,0.000000000000000000e+00,nan,0.000000000000000000e+00,0.000000000000000000e+00,nan,0.000000000000000000e+00,0.000000000000000000e+00,5.504340914898516957e+00,0.000000000000000000e+00,0.000000000000000000e+00,1.016040723309497684e+00
1.334834834834835112e-08,0.000000000000000000e+00,0.000000000000000000e+00,nan,0.000000000000000000e+00,0.000000000000000000e+00,nan,0.000000000000000000e+00,0.000000000000000000e+00,5.514618053279518151e+00,0.000000000000000000e+00,0.000000000000000000e+00,1.016040743035971694e+00
1.336586586586586823e-08,0.000000000000000000e+00,0.000000000000000000e+00,nan,0.000000000000000000e+00,0.000000000000000000e+00,nan,0.000000000000000000e+00,0.000000000000000000e+00,5.524895191826006524e+00,0.000000000000000000e+00,0.000000000000000000e+00,1.016040761931044312e+00
1.338338338338338534e-08,0.000000000000000000e+00,0.000000000000000000e+00,nan,0.000000000000000000e+00,0.000000000000000000e+00,nan,0.000000000000000000e+00,0.000000000000000000e+00,5.535172330530891749e+00,0.000000000000000000e+00,0.000000000000000000e+00,1.016040780028685031e+00
1.340090090090090246e-08,0.000000000000000000e+00,0.000000000000000000e+00,nan,0.000000000000000000e+00,0.000000000000000000e+00,nan,0.000000000000000000e+00,0.000000000000000000e+00,5.545449469387363273e+00,0.000000000000000000e+00,0.000000000000000000e+00,1.016040797361601911e+00
1.341841841841842122e-08,0.000000000000000000e+00,0.000000000000000000e+00,nan,0.000000000000000000e+00,0.000000000000000000e+00,nan,0.000000000000000000e+00,0.000000000000000000e+00,5.555726608388913412e+00,0.000000000000000000e+00,0.000000000000000000e+00,1.016040813961117006e+00
1.343593593593593834e-08,0.000000000000000000e+00,0.000000000000000000e+00,nan,0.000000000000000000e+00,0.000000000000000000e+00,nan,0.000000000000000000e+00,0.000000000000000000e+00,5.566003747529292056e+00,0.000000000000000000e+00,0.000000000000000000e+00,1.016040829857372207e+00
1.345345345345345545e-08,0.000000000000000000e+00,0.000000000000000000e+00,nan,0.000000000000000000e+00,0.000000000000000000e+00,nan,0.000000000000000000e+00,0.000000000000000000e+00,5.576280886802515546e+00,0.000000000000000000e+00,0.000000000000000000e+00,1.016040845079289046e+00
1.347097097097097256e-08,0.000000000000000000e+00,0.000000000000000000e+00,nan,0.000000000000000000e+00,0.000000000000000000e+00,nan,0.000000000000000000e+00,0.000000000000000000e+00,5.586558026202851579e+00,0.000000000000000000e+00,0.000000000000000000e+00,1.016040859654646411e+00
1.348848848848848967e-08,0.000000000000000000e+00,0.000000000000000000e+00,nan,0.000000000000000000e+00,0.000000000000000000e+00,nan,0.000000000000000000e+00,0.000000000000000000e+00,5.596835165724805883e+00,0.000000000000000000e+00,0.000000000000000000e+00,1.016040873610122297e+00
1.350600600600600844e-08,0.000000000000000000e+00,0.000000000000000000e+00,nan,0.000000000000000000e+00,0.000000000000000000e+00,nan,0.000000000000000000e+00,0.000000000000000000e+00,5.607112305363121330e+00,0.000000000000000000e+00,0.000000000000000000e+00,1.016040886971300017e+00
1.352352352352352556e-08,0.000000000000000000e+00,0.000000000000000000e+00,nan,0.000000000000000000e+00,0.000000000000000000e+00,nan,0.000000000000000000e+00,0.000000000000000000e+00,5.617389445112750401e+00,0.000000000000000000e+00,0.000000000000000000e+00,1.016040899762788552e+00
1.354104104104104267e-08,0.000000000000000000e+00,0.000000000000000000e+00,nan,0.000000000000000000e+00,0.000000000000000000e+00,nan,0.000000000000000000e+00,0.000000000000000000e+00,5.627666584968870289e+00,0.000000000000000000e+00,0.000000000000000000e+00,1.016040912008169039e+00
1.355855855855855978e-08,0.000000000000000000e+00,0.000000000000000000e+00,nan,0.000000000000000000e+00,0.000000000000000000e+00,nan,0.000000000000000000e+00,0.000000000000000000e+00,5.637943724926855360e+00,0.000000000000000000e+00,0.000000000000000000e+00,1.016040923730102241e+00
1.357607607607607855e-08,0.000000000000000000e+00,0.000000000000000000e+00,nan,0.000000000000000000e+00,0.000000000000000000e+00,nan,0.000000000000000000e+00,0.000000000000000000e+00,5.648220864982274492e+00,0.000000000000000000e+00,0.000000000000000000e+00,1.016040934950348085e+00
1.359359359359359566e-08,0.000000000000000000e+00,0.000000000000000000e+00,nan,0.000000000000000000e+00,0.000000000000000000e+00,nan,0.000000000000000000e+00,0.000000000000000000e+00,5.658498005130885744e+00,0.000000000000000000e+00,0.000000000000000000e+00,1.016040945689756336e+00
1.361111111111111277e-08,0.000000000000000000e+00,0.000000000000000000e+00,nan,0.000000000000000000e+00,0.000000000000000000e+00,nan,0.000000000000000000e+00,0.000000000000000000e+00,5.668775145368628365e+00,0.000000000000000000e+00,0.000000000000000000e+00,1.016040955968366077e+00
1.362862862862862989e-08,0.000000000000000000e+00,0.000000000000000000e+00,nan,0.000000000000000000e+00,0.000000000000000000e+00,nan,0.000000000000000000e+00,0.000000000000000000e+00,5.679052285691613022e+00,0.000000000000000000e+00,0.000000000000000000e+00,1.016040965805396823e+00
1.364614614614614865e-08,0.000000000000000000e+00,0.000000000000000000e+00,nan,0.000000000000000000e+00,0.000000000000000000e+00,nan,0.000000000000000000e+00,0.000000000000000000e+00,5.689329426096112918e+00,0.000000000000000000e+00,0.000000000000000000e+00,1.016040975219297593e+00
1.366366366366366577e-08,0.000000000000000000e+00,0.000000000000000000e+00,nan,0.000000000000000000e+00,0.000000000000000000e+00,nan,0.000000000000000000e+00,0.000000000000000000e+00,5.699606566578566458e+00,0.000000000000000000e+00,0.000000000000000000e+00,1.016040984227750910e+00
1.368118118118118288e-08,0.000000000000000000e+00,0.000000000000000000e+00,nan,0.000000000000000000e+00,0.000000000000000000e+00,nan,0.000000000000000000e+00,0.000000000000000000e+00,5.709883707135552378e+00,0.000000000000000000e+00,0.000000000000000000e+00,1.016040992847776936e+00
1.369869869869869999e-08,0.000000000000000000e+00,0.000000000000000000e+00,nan,0.000000000000000000e+00,0.000000000000000000e+00,nan,0.000000000000000000e+00,0.000000000000000000e+00,5.720160847763803957e+00,0.000000000000000000e+00,0.000000000000000000e+00,1.016041001095648433e+00
1.371621621621621876e-08,0.000000000000000000e+00,0.000000000000000000e+00,nan,0.000000000000000000e+00,0.000000000000000000e+00,nan,0.000000000000000000e+00,0.000000000000000000e+00,5.730437988460195697e+00,0.000000000000000000e+00,0.000000000000000000e+00,1.016041008986982463e+00
1.373373373373373587e-08,0.000000000000000000e+00,0.000000000000000000e+00,nan,0.000000000000000000e+00,0.000000000000000000e+00,nan,0.000000000000000000e+00,0.000000000000000000e+00,5.740715129221729995e+00,0.000000000000000000e+00,0.000000000000000000e+00,1.016041016536790353e+00
1.375125125125125299e-08,0.000000000000000000e+00,0.000000000000000000e+00,nan,0.000000000000000000e+00,0.000000000000000000e+00,nan,0.000000000000000000e+00,0.000000000000000000e+00,5.750992270045537147e+00,0.000000000000000000e+00,0.000000000000000000e+00,1.016041023759457040e+00
1.376876876876877010e-08,0.000000000000000000e+00,0.000000000000000000e+00,nan,0.000000000000000000e+00,0.000000000000000000e+00,nan,0.000000000000000000e+00,0.000000000000000000e+00,5.761269410928875345e+00,0.000000000000000000e+00,0.000000000000000000e+00,1.016041030668768608e+00
1.378628628628628887e-08,0.000000000000000000e+00,0.000000000000000000e+00,nan,0.000000000000000000e+00,0.000000000000000000e+00,nan,0.000000000000000000e+00,0.000000000000000000e+00,5.771546551869118247e+00,0.000000000000000000e+00,0.000000000000000000e+00,1.016041037277974901e+00
1.380380380380380598e-08,0.000000000000000000e+00,0.000000000000000000e+00,nan,0.000000000000000000e+00,0.000000000000000000e+00,nan,0.000000000000000000e+00,0.000000000000000000e+00,5.781823692863752306e+00,0.000000000000000000e+00,0.000000000000000000e+00,1.016041043599747340e+00
1.382132132132132309e-08,0.000000000000000000e+00,0.000000000000000000e+00,nan,0.000000000000000000e+00,0.000000000000000000e+00,nan,0.000000000000000000e+00,0.000000000000000000e+00,5.792100833910370561e+00,0.000000000000000000e+00,0.000000000000000000e+00,1.016041049646258188e+00
1.383883883883884021e-08,0.000000000000000000e+00,0.000000000000000000e+00,nan,0.000000000000000000e+00,0.000000000000000000e+00,nan,0.000000000000000000e+00,0.000000000000000000e+00,5.802377975006670852e+00,0.000000000000000000e+00,0.000000000000000000e+00,1.016041055429203865e+00
1.385635635635635897e-08,0.000000000000000000e+00,0.000000000000000000e+00,nan,0.000000000000000000e+00,0.000000000000000000e+00,nan,0.000000000000000000e+00,0.000000000000000000e+00,5.812655116150455825e+00,0.000000000000000000e+00,0.000000000000000000e+00,1.016041060959739450e+00
1.387387387387387609e-08,0.000000000000000000e+00,0.000000000000000000e+00,nan,0.000000000000000000e+00,0.000000000000000000e+00,nan,0.000000000000000000e+00,0.000000000000000000e+00,5.822932257339612505e+00,0.000000000000000000e+00,0.000000000000000000e+00,1.016041066248614344e+00
1.389139139139139320e-08,0.000000000000000000e+00,0.000000000000000000e+00,nan,0.000000000000000000e+00,0.000000000000000000e+00,nan,0.000000000000000000e+00,0.000000000000000000e+00,5.833209398572126503e+00,0.000000000000000000e+00,0.000000000000000000e+00,1.016041071306115651e+00
1.390890890890891031e-08,0.000000000000000000e+00,0.000000000000000000e+00,nan,0.000000000000000000e+00,0.000000000000000000e+00,nan,0.000000000000000000e+00,0.000000000000000000e+00,5.843486539846071359e+00,0.000000000000000000e+00,0.000000000000000000e+00,1.016041076142079502e+00
1.392642642642642908e-08,0.000000000000000000e+00,0.000000000000000000e+00,nan,0.000000000000000000e+00,0.000000000000000000e+00,nan,0.000000000000000000e+00,0.000000000000000000e+00,5.853763681159598775e+00,0.000000000000000000e+00,0.000000000000000000e+00,1.016041080766006299e+00
1.394394394394394619e-08,0.000000000000000000e+00,0.000000000000000000e+00,nan,0.000000000000000000e+00,0.000000000000000000e+00,nan,0.000000000000000000e+00,0.000000000000000000e+00,5.864040822510947493e+00,0.000000000000000000e+00,0.000000000000000000e+00,1.016041085186911497e+00
1.396146146146146331e-08,0.000000000000000000e+00,0.000000000000000000e+00,nan,0.000000000000000000e+00,0.000000000000000000e+00,nan,0.000000000000000000e+00,0.000000000000000000e+00,5.874317963898424644e+00,0.000000000000000000e+00,0.000000000000000000e+00,1.016041089413505905e+00
1.397897897897898042e-08,0.000000000000000000e+00,0.000000000000000000e+00,nan,0.000000000000000000e+00,0.000000000000000000e+00,nan,0.000000000000000000e+00,0.000000000000000000e+00,5.884595105320418185e+00,0.000000000000000000e+00,0.000000000000000000e+00,1.016041093454108424e+00
1.399649649649649919e-08,0.000000000000000000e+00,0.000000000000000000e+00,nan,0.000000000000000000e+00,0.000000000000000000e+00,nan,0.000000000000000000e+00,0.000000000000000000e+00,5.894872246775384461e+00,0.000000000000000000e+00,0.000000000000000000e+00,1.016041097316710440e+00
1.401401401401401630e-08,0.000000000000000000e+00,0.000000000000000000e+00,nan,0.000000000000000000e+00,0.000000000000000000e+00,nan,0.000000000000000000e+00,0.000000000000000000e+00,5.905149388261845544e+00,0.000000000000000000e+00,0.000000000000000000e+00,1.016041101008940517e+00
1.403153153153153341e-08,0.000000000000000000e+00,0.000000000000000000e+00,nan,0.000000000000000000e+00,0.000000000000000000e+00,nan,0.000000000000000000e+00,0.000000000000000000e+00,5.915426529778388343e+00,0.000000000000000000e+00,0.000000000000000000e+00,1.016041104538134565e+00
1.404904904904905053e-08,0.000000000000000000e+00,0.000000000000000000e+00,nan,0.000000000000000000e+00,0.000000000000000000e+00,nan,0.000000000000000000e+00,0.000000000000000000e+00,5.925703671323663713e+00,0.000000000000000000e+00,0.000000000000000000e+00,1.016041107911301866e+00
1.406656656656656929e-08,0.000000000000000000e+00,0.000000000000000000e+00,nan,0.000000000000000000e+00,0.000000000000000000e+00,nan,0.000000000000000000e+00,0.000000000000000000e+00,5.935980812896382020e+00,0.000000000000000000e+00,0.000000000000000000e+00,1.016041111135178143e+00
1.408408408408408641e-08,0.000000000000000000e+00,0.000000000000000000e+00,nan,0.000000000000000000e+00,0.000000000000000000e+00,nan,0.000000000000000000e+00,0.000000000000000000e+00,5.946257954495303366e+00,0.000000000000000000e+00,0.000000000000000000e+00,1.016041114216218011e+00
1.410160160160160352e-08,0.000000000000000000e+00,0.000000000000000000e+00,nan,0.000000000000000000e+00,0.000000000000000000e+00,nan,0.000000000000000000e+00,0.000000000000000000e+00,5.956535096119251804e+00,0.000000000000000000e+00,0.000000000000000000e+00,1.016041117160577878e+00
1.411911911911912063e-08,0.000000000000000000e+00,0.000000000000000000e+00,nan,0.000000000000000000e+00,0.000000000000000000e+00,nan,0.000000000000000000e+00,0.000000000000000000e+00,5.966812237767096683e+00,0.000000000000000000e+00,0.000000000000000000e+00,1.016041119974189666e+00
1.413663663663663940e-08,0.000000000000000000e+00,0.000000000000000000e+00,nan,0.000000000000000000e+00,0.000000000000000000e+00,nan,0.000000000000000000e+00,0.000000000000000000e+00,5.977089379437761529e+00,0.000000000000000000e+00,0.000000000000000000e+00,1.016041122662704410e+00
1.415415415415415651e-08,0.000000000000000000e+00,0.000000000000000000e+00,nan,0.000000000000000000e+00,0.000000000000000000e+00,nan,0.000000000000000000e+00,0.000000000000000000e+00,5.987366521130210728e+00,0.000000000000000000e+00,0.000000000000000000e+00,1.016041125231562425e+00
1.417167167167167363e-08,0.000000000000000000e+00,0.000000000000000000e+00,nan,0.000000000000000000e+00,0.000000000000000000e+00,nan,0.000000000000000000e+00,0.000000000000000000e+00,5.997643662843461954e+00,0.000000000000000000e+00,0.000000000000000000e+00,1.016041127685942014e+00
1.418918918918919074e-08,0.000000000000000000e+00,0.000000000000000000e+00,nan,0.000000000000000000e+00,0.000000000000000000e+00,nan,0.000000000000000000e+00,0.000000000000000000e+00,6.007920804576572849e+00,0.000000000000000000e+00,0.000000000000000000e+00,1.016041130030848283e+00
1.420670670670670951e-08,0.000000000000000000e+00,0.000000000000000000e+00,nan,0.000000000000000000e+00,0.000000000000000000e+00,nan,0.000000000000000000e+00,0.000000000000000000e+00,6.018197946328641912e+00,0.000000000000000000e+00,0.000000000000000000e+00,1.016041132271024994e+00
1.422422422422422662e-08,0.000000000000000000e+00,0.000000000000000000e+00,nan,0.000000000000000000e+00,0.000000000000000000e+00,nan,0.000000000000000000e+00,0.000000000000000000e+00,6.028475088098810275e+00,0.000000000000000000e+00,0.000000000000000000e+00,1.016041134411048708e+00
1.424174174174174373e-08,0.000000000000000000e+00,0.000000000000000000e+00,nan,0.000000000000000000e+00,0.000000000000000000e+00,nan,0.000000000000000000e+00,0.000000000000000000e+00,6.038752229886251044e+00,0.000000000000000000e+00,0.000000000000000000e+00,1.016041136455301030e+00
1.425925925925926084e-08,0.000000000000000000e+00,0.000000000000000000e+00,nan,0.000000000000000000e+00,0.000000000000000000e+00,nan,0.000000000000000000e+00,0.000000000000000000e+00,6.049029371690182622e+00,0.000000000000000000e+00,0.000000000000000000e+00,1.016041138407956845e+00
1.427677677677677961e-08,0.000000000000000000e+00,0.000000000000000000e+00,nan,0.000000000000000000e+00,0.000000000000000000e+00,nan,0.000000000000000000e+00,0.000000000000000000e+00,6.059306513509854497e+00,0.000000000000000000e+00,0.000000000000000000e+00,1.016041140273013177e+00
1.429429429429429672e-08,0.000000000000000000e+00,0.000000000000000000e+00,nan,0.000000000000000000e+00,0.000000000000000000e+00,nan,0.000000000000000000e+00,0.000000000000000000e+00,6.069583655344543693e+00,0.000000000000000000e+00,0.000000000000000000e+00,1.016041142054336932e+00
1.431181181181181384e-08,0.000000000000000000e+00,0.000000000000000000e+00,nan,0.000000000000000000e+00,0.000000000000000000e+00,nan,0.000000000000000000e+00,0.000000000000000000e+00,6.079860797193569866e+00,0.000000000000000000e+00,0.000000000000000000e+00,1.016041143755573417e+00
1.432932932932933095e-08,0.000000000000000000e+00,0.000000000000000000e+00,nan,0.000000000000000000e+00,0.000000000000000000e+00,nan,0.000000000000000000e+00,0.000000000000000000e+00,6.090137939056275762e+00,0.000000000000000000e+00,0.000000000000000000e+00,1.016041145380261357e+00
1.434684684684684972e-08,0.000000000000000000e+00,0.000000000000000000e+00,nan,0.000000000000000000e+00,0.000000000000000000e+00,nan,0.000000000000000000e+00,0.000000000000000000e+00,6.100415080932036993e+00,0.000000000000000000e+00,0.000000000000000000e+00,1.016041146931754957e+00
1.436436436436436683e-08,0.000000000000000000e+00,0.000000000000000000e+00,nan,0.000000000000000000e+00,0.000000000000000000e+00,nan,0.000000000000000000e+00,0.000000000000000000e+00,6.110692222820254926e+00,0.000000000000000000e+00,0.000000000000000000e+00,1.016041148413271644e+00
1.438188188188188394e-08,0.000000000000000000e+00,0.000000000000000000e+00,nan,0.000000000000000000e+00,0.000000000000000000e+00,nan,0.000000000000000000e+00,0.000000000000000000e+00,6.120969364720357575e+00,0.000000000000000000e+00,0.000000000000000000e+00,1.016041149827904277e+00
1.439939939939940106e-08,0.000000000000000000e+00,0.000000000000000000e+00,nan,0.000000000000000000e+00,0.000000000000000000e+00,nan,0.000000000000000000e+00,0.000000000000000000e+00,6.131246506631801374e+00,0.000000000000000000e+00,0.000000000000000000e+00,1.016041151178602719e+00
1.441691691691691982e-08,0.000000000000000000e+00,0.000000000000000000e+00,nan,0.000000000000000000e+00,0.000000000000000000e+00,nan,0.000000000000000000e+00,0.000000000000000000e+00,6.141523648554064962e+00,0.000000000000000000e+00,0.000000000000000000e+00,1.016041152468195374e+00
1.443443443443443694e-08,0.000000000000000000e+00,0.000000000000000000e+00,nan,0.000000000000000000e+00,0.000000000000000000e+00,nan,0.000000000000000000e+00,0.000000000000000000e+00,6.151800790486651849e+00,0.000000000000000000e+00,0.000000000000000000e+00,1.016041153699363875e+00
1.445195195195195405e-08,0.000000000000000000e+00,0.000000000000000000e+00,nan,0.000000000000000000e+00,0.000000000000000000e+00,nan,0.000000000000000000e+00,0.000000000000000000e+00,6.162077932429083305e+00,0.000000000000000000e+00,0.000000000000000000e+00,1.016041154874726127e+00
1.446946946946947116e-08,0.000000000000000000e+00,0.000000000000000000e+00,nan,0.000000000000000000e+00,0.000000000000000000e+00,nan,0.000000000000000000e+00,0.000000000000000000e+00,6.172355074380908135e+00,0.000000000000000000e+00,0.000000000000000000e+00,1.016041155996736167e+00
1.448698698698698993e-08,0.000000000000000000e+00,0.000000000000000000e+00,nan,0.000000000000000000e+00,0.000000000000000000e+00,nan,0.000000000000000000e+00,0.000000000000000000e+00,6.182632216341695575e+00,0.000000000000000000e+00,0.000000000000000000e+00,1.016041157067767209e+00
1.450450450450450704e-08,0.000000000000000000e+00,0.000000000000000000e+00,nan,0.000000000000000000e+00,0.000000000000000000e+00,nan,0.000000000000000000e+00,0.000000000000000000e+00,6.192909358311026402e+00,0.000000000000000000e+00,0.000000000000000000e+00,1.016041158090085883e+00
1.452202202202202416e-08,0.000000000000000000e+00,0.000000000000000000e+00,nan,0.000000000000000000e+00,0.000000000000000000e+00,nan,0.000000000000000000e+00,0.000000000000000000e+00,6.203186500288508931e+00,0.000000000000000000e+00,0.000000000000000000e+00,1.016041159065864674e+00
1.453953953953954127e-08,0.000000000000000000e+00,0.000000000000000000e+00,nan,0.000000000000000000e+00,0.000000000000000000e+00,nan,0.000000000000000000e+00,0.000000000000000000e+00,6.213463642273764798e+00,0.000000000000000000e+00,0.000000000000000000e+00,1.016041159997162602e+00
1.455705705705706004e-08,0.000000000000000000e+00,0.000000000000000000e+00,nan,0.000000000000000000e+00,0.000000000000000000e+00,nan,0.000000000000000000e+00,0.000000000000000000e+00,6.223740784266436954e+00,0.000000000000000000e+00,0.000000000000000000e+00,1.016041160885968297e+00
1.457457457457457715e-08,0.000000000000000000e+00,0.000000000000000000e+00,nan,0.000000000000000000e+00,0.000000000000000000e+00,nan,0.000000000000000000e+00,0.000000000000000000e+00,6.234017926266176346e+00,0.000000000000000000e+00,0.000000000000000000e+00,1.016041161734186016e+00
1.459209209209209426e-08,0.000000000000000000e+00,0.000000000000000000e+00,nan,0.000000000000000000e+00,0.000000000000000000e+00,nan,0.000000000000000000e+00,0.000000000000000000e+00,6.244295068272659677e+00,0.000000000000000000e+00,0.000000000000000000e+00,1.016041162543624310e+00
1.460960960960961138e-08,0.000000000000000000e+00,0.000000000000000000e+00,nan,0.000000000000000000e+00,0.000000000000000000e+00,nan,0.000000000000000000e+00,0.000000000000000000e+00,6.254572210285571643e+00,0.000000000000000000e+00,0.000000000000000000e+00,1.016041163316003137e+00
1.462712712712712849e-08,0.000000000000000000e+00,0.000000000000000000e+00,nan,0.000000000000000000e+00,0.000000000000000000e+00,nan,0.000000000000000000e+00,0.000000000000000000e+00,6.264849352304612928e+00,0.000000000000000000e+00,0.000000000000000000e+00,1.016041164053013812e+00
1.464464464464464726e-08,0.000000000000000000e+00,0.000000000000000000e+00,nan,0.000000000000000000e+00,0.000000000000000000e+00,nan,0.000000000000000000e+00,0.000000000000000000e+00,6.275126494329498428e+00,0.000000000000000000e+00,0.000000000000000000e+00,1.016041164756235959e+00
1.466216216216216437e-08,0.000000000000000000e+00,0.000000000000000000e+00,nan,0.000000000000000000e+00,0.000000000000000000e+00,nan,0.000000000000000000e+00,0.000000000000000000e+00,6.285403636359957247e+00,0.000000000000000000e+00,0.000000000000000000e+00,1.016041165427149284e+00
1.467967967967968148e-08,0.000000000000000000e+00,0.000000000000000000e+00,nan,0.000000000000000000e+00,0.000000000000000000e+00,nan,0.000000000000000000e+00,0.000000000000000000e+00,6.295680778395727373e+00,0.000000000000000000e+00,0.000000000000000000e+00,1.016041166067250590e+00
1.469719719719719860e-08,0.000000000000000000e+00,0.000000000000000000e+00,nan,0.000000000000000000e+00,0.000000000000000000e+00,nan,0.000000000000000000e+00,0.000000000000000000e+00,6.305957920436560116e+00,0.000000000000000000e+00,0.000000000000000000e+00,1.016041166677902119e+00
1.471471471471471736e-08,0.000000000000000000e+00,0.000000000000000000e+00,nan,0.000000000000000000e+00,0.000000000000000000e+00,nan,0.000000000000000000e+00,0.000000000000000000e+00,6.316235062482223661e+00,0.000000000000000000e+00,0.000000000000000000e+00,1.016041167260439471e+00
1.473223223223223448e-08,0.000000000000000000e+00,0.000000000000000000e+00,nan,0.000000000000000000e+00,0.000000000000000000e+00,nan,0.000000000000000000e+00,0.000000000000000000e+00,6.326512204532487083e+00,0.000000000000000000e+00,0.000000000000000000e+00,1.016041167816114976e+00
1.474974974974975159e-08,0.000000000000000000e+00,0.000000000000000000e+00,nan,0.000000000000000000e+00,0.000000000000000000e+00,nan,0.000000000000000000e+00,0.000000000000000000e+00,6.336789346587136329e+00,0.000000000000000000e+00,0.000000000000000000e+00,1.016041168346173640e+00
1.476726726726726870e-08,0.000000000000000000e+00,0.000000000000000000e+00,nan,0.000000000000000000e+00,0.000000000000000000e+00,nan,0.000000000000000000e+00,0.000000000000000000e+00,6.347066488645965343e+00,0.000000000000000000e+00,0.000000000000000000e+00,1.016041168851743892e+00
1.478478478478478747e-08,0.000000000000000000e+00,0.000000000000000000e+00,nan,0.000000000000000000e+00,0.000000000000000000e+00,nan,0.000000000000000000e+00,0.000000000000000000e+00,6.357343630708779614e+00,0.000000000000000000e+00,0.000000000000000000e+00,1.016041169333943950e+00
1.480230230230230458e-08,0.000000000000000000e+00,0.000000000000000000e+00,nan,0.000000000000000000e+00,0.000000000000000000e+00,nan,0.000000000000000000e+00,0.000000000000000000e+00,6.367620772775391735e+00,0.000000000000000000e+00,0.000000000000000000e+00,1.016041169793824750e+00
1.481981981981982169e-08,0.000000000000000000e+00,0.000000000000000000e+00,nan,0.000000000000000000e+00,0.000000000000000000e+00,nan,0.000000000000000000e+00,0.000000000000000000e+00,6.377897914845621408e+00,0.000000000000000000e+00,0.000000000000000000e+00,1.016041170232407476e+00
1.483733733733733881e-08,0.000000000000000000e+00,0.000000000000000000e+00,nan,0.000000000000000000e+00,0.000000000000000000e+00,nan,0.000000000000000000e+00,0.000000000000000000e+00,6.388175056919298989e+00,0.000000000000000000e+00,0.000000000000000000e+00,1.016041170650659575e+00
1.485485485485485758e-08,0.000000000000000000e+00,0.000000000000000000e+00,nan,0.000000000000000000e+00,0.000000000000000000e+00,nan,0.000000000000000000e+00,0.000000000000000000e+00,6.398452198996266382e+00,0.000000000000000000e+00,0.000000000000000000e+00,1.016041171049485214e+00
1.487237237237237469e-08,0.000000000000000000e+00,0.000000000000000000e+00,nan,0.000000000000000000e+00,0.000000000000000000e+00,nan,0.000000000000000000e+00,0.000000000000000000e+00,6.408729341076361052e+00,0.000000000000000000e+00,0.000000000000000000e+00,1.016041171429791223e+00
1.488988988988989180e-08,0.000000000000000000e+00,0.000000000000000000e+00,nan,0.000000000000000000e+00,0.000000000000000000e+00,nan,0.000000000000000000e+00,0.000000000000000000e+00,6.419006483159438226e+00,0.000000000000000000e+00,0.000000000000000000e+00,1.016041171792424480e+00
1.490740740740740891e-08,0.000000000000000000e+00,0.000000000000000000e+00,nan,0.000000000000000000e+00,0.000000000000000000e+00,nan,0.000000000000000000e+00,0.000000000000000000e+00,6.429283625245359346e+00,0.000000000000000000e+00,0.000000000000000000e+00,1.016041172138168580e+00
1.492492492492492768e-08,0.000000000000000000e+00,0.000000000000000000e+00,nan,0.000000000000000000e+00,0.000000000000000000e+00,nan,0.000000000000000000e+00,0.000000000000000000e+00,6.439560767333989411e+00,0.000000000000000000e+00,0.000000000000000000e+00,1.016041172467793574e+00
1.494244244244244314e-08,0.000000000000000000e+00,0.000000000000000000e+00,nan,0.000000000000000000e+00,0.000000000000000000e+00,nan,0.000000000000000000e+00,0.000000000000000000e+00,6.449837909425196081e+00,0.000000000000000000e+00,0.000000000000000000e+00,1.016041172782066182e+00
1.495995995995996191e-08,0.000000000000000000e+00,0.000000000000000000e+00,nan,0.000000000000000000e+00,0.000000000000000000e+00,nan,0.000000000000000000e+00,0.000000000000000000e+00,6.460115051518862117e+00,0.000000000000000000e+00,0.000000000000000000e+00,1.016041173081665638e+00
1.497747747747748067e-08,0.000000000000000000e+00,0.000000000000000000e+00,nan,0.000000000000000000e+00,0.000000000000000000e+00,nan,0.000000000000000000e+00,0.000000000000000000e+00,6.470392193614870280e+00,0.000000000000000000e+00,0.000000000000000000e+00,1.016041173367258299e+00
1.499499499499499613e-08,0.000000000000000000e+00,0.000000000000000000e+00,nan,0.000000000000000000e+00,0.000000000000000000e+00,nan,0.000000000000000000e+00,0.000000000000000000e+00,6.480669335713105106e+00,0.000000000000000000e+00,0.000000000000000000e+00,1.016041173639503636e+00
1.501251251251251490e-08,0.000000000000000000e+00,0.000000000000000000e+00,nan,0.000000000000000000e+00,0.000000000000000000e+00,nan,0.000000000000000000e+00,0.000000000000000000e+00,6.490946477813466231e+00,0.000000000000000000e+00,0.000000000000000000e+00,1.016041173899000949e+00
1.503003003003003367e-08,0.000000000000000000e+00,0.000000000000000000e+00,nan,0.000000000000000000e+00,0.000000000000000000e+00,nan,0.000000000000000000e+00,0.000000000000000000e+00,6.501223619915849739e+00,0.000000000000000000e+00,0.000000000000000000e+00,1.016041174146339321e+00
1.504754754754754913e-08,0.000000000000000000e+00,0.000000000000000000e+00,nan,0.000000000000000000e+00,0.000000000000000000e+00,nan,0.000000000000000000e+00,0.000000000000000000e+00,6.511500762020158817e+00,0.000000000000000000e+00,0.000000000000000000e+00,1.016041174382071421e+00
1.506506506506506789e-08,0.000000000000000000e+00,0.000000000000000000e+00,nan,0.000000000000000000e+00,0.000000000000000000e+00,nan,0.000000000000000000e+00,0.000000000000000000e+00,6.521777904126303760e+00,0.000000000000000000e+00,0.000000000000000000e+00,1.016041174606745701e+00
1.508258258258258335e-08,0.000000000000000000e+00,0.000000000000000000e+00,nan,0.000000000000000000e+00,0.000000000000000000e+00,nan,0.000000000000000000e+00,0.000000000000000000e+00,6.532055046234193973e+00,0.000000000000000000e+00,0.000000000000000000e+00,1.016041174820861759e+00
1.510010010010010212e-08,0.000000000000000000e+00,0.000000000000000000e+00,nan,0.000000000000000000e+00,0.000000000000000000e+00,nan,0.000000000000000000e+00,0.000000000000000000e+00,6.542332188343751298e+00,0.000000000000000000e+00,0.000000000000000000e+00,1.016041175024894327e+00
1.511761761761762089e-08,0.000000000000000000e+00,0.000000000000000000e+00,nan,0.000000000000000000e+00,0.000000000000000000e+00,nan,0.000000000000000000e+00,0.000000000000000000e+00,6.552609330454893133e+00,0.000000000000000000e+00,0.000000000000000000e+00,1.016041175219328796e+00
1.513513513513513635e-08,0.000000000000000000e+00,0.000000000000000000e+00,nan,0.000000000000000000e+00,0.000000000000000000e+00,nan,0.000000000000000000e+00,0.000000000000000000e+00,6.562886472567539542e+00,0.000000000000000000e+00,0.000000000000000000e+00,1.016041175404614139e+00
1.515265265265265511e-08,0.000000000000000000e+00,0.000000000000000000e+00,nan,0.000000000000000000e+00,0.000000000000000000e+00,nan,0.000000000000000000e+00,0.000000000000000000e+00,6.573163614681625688e+00,0.000000000000000000e+00,0.000000000000000000e+00,1.016041175581152034e+00
1.517017017017017388e-08,0.000000000000000000e+00,0.000000000000000000e+00,nan,0.000000000000000000e+00,0.000000000000000000e+00,nan,0.000000000000000000e+00,0.000000000000000000e+00,6.583440756797078741e+00,0.000000000000000000e+00,0.000000000000000000e+00,1.016041175749350822e+00
1.518768768768768934e-08,0.000000000000000000e+00,0.000000000000000000e+00,nan,0.000000000000000000e+00,0.000000000000000000e+00,nan,0.000000000000000000e+00,0.000000000000000000e+00,6.593717898913829423e+00,0.000000000000000000e+00,0.000000000000000000e+00,1.016041175909625505e+00
1.520520520520520811e-08,0.000000000000000000e+00,0.000000000000000000e+00,nan,0.000000000000000000e+00,0.000000000000000000e+00,nan,0.000000000000000000e+00,0.000000000000000000e+00,6.603995041031827107e+00,0.000000000000000000e+00,0.000000000000000000e+00,1.016041176062284279e+00
1.522272272272272357e-08,0.000000000000000000e+00,0.000000000000000000e+00,nan,0.000000000000000000e+00,0.000000000000000000e+00,nan,0.000000000000000000e+00,0.000000000000000000e+00,6.614272183151000739e+00,0.000000000000000000e+00,0.000000000000000000e+00,1.016041176207738594e+00
1.524024024024024233e-08,0.000000000000000000e+00,0.000000000000000000e+00,nan,0.000000000000000000e+00,0.000000000000000000e+00,nan,0.000000000000000000e+00,0.000000000000000000e+00,6.624549325271297917e+00,0.000000000000000000e+00,0.000000000000000000e+00,1.016041176346303310e+00
1.525775775775776110e-08,0.000000000000000000e+00,0.000000000000000000e+00,nan,0.000000000000000000e+00,0.000000000000000000e+00,nan,0.000000000000000000e+00,0.000000000000000000e+00,6.634826467392665350e+00,0.000000000000000000e+00,0.000000000000000000e+00,1.016041176478289954e+00
1.527527527527527656e-08,0.000000000000000000e+00,0.000000000000000000e+00,nan,0.000000000000000000e+00,0.000000000000000000e+00,nan,0.000000000000000000e+00,0.000000000000000000e+00,6.645103609515047971e+00,0.000000000000000000e+00,0.000000000000000000e+00,1.016041176604019824e+00
1.529279279279279533e-08,0.000000000000000000e+00,0.000000000000000000e+00,nan,0.000000000000000000e+00,0.000000000000000000e+00,nan,0.000000000000000000e+00,0.000000000000000000e+00,6.655380751638403147e+00,0.000000000000000000e+00,0.000000000000000000e+00,1.016041176723760486e+00
1.531031031031031409e-08,0.000000000000000000e+00,0.000000000000000000e+00,nan,0.000000000000000000e+00,0.000000000000000000e+00,nan,0.000000000000000000e+00,0.000000000000000000e+00,6.665657893762675812e+00,0.000000000000000000e+00,0.000000000000000000e+00,1.016041176837837012e+00
1.532782782782782955e-08,0.000000000000000000e+00,0.000000000000000000e+00,nan,0.000000000000000000e+00,0.000000000000000000e+00,nan,0.000000000000000000e+00,0.000000000000000000e+00,6.675935035887828661e+00,0.000000000000000000e+00,0.000000000000000000e+00,1.016041176946459679e+00
1.534534534534534832e-08,0.000000000000000000e+00,0.000000000000000000e+00,nan,0.000000000000000000e+00,0.000000000000000000e+00,nan,0.000000000000000000e+00,0.000000000000000000e+00,6.686212178013815510e+00,0.000000000000000000e+00,0.000000000000000000e+00,1.016041177049913813e+00
1.536286286286286378e-08,0.000000000000000000e+00,0.000000000000000000e+00,nan,0.000000000000000000e+00,0.000000000000000000e+00,nan,0.000000000000000000e+00,0.000000000000000000e+00,6.696489320140597279e+00,0.000000000000000000e+00,0.000000000000000000e+00,1.016041177148437002e+00
1.538038038038038255e-08,0.000000000000000000e+00,0.000000000000000000e+00,nan,0.000000000000000000e+00,0.000000000000000000e+00,nan,0.000000000000000000e+00,0.000000000000000000e+00,6.706766462268134887e+00,0.000000000000000000e+00,0.000000000000000000e+00,1.016041177242263061e+00
1.539789789789790131e-08,0.000000000000000000e+00,0.000000000000000000e+00,nan,0.000000000000000000e+00,0.000000000000000000e+00,nan,0.000000000000000000e+00,0.000000000000000000e+00,6.717043604396393697e+00,0.000000000000000000e+00,0.000000000000000000e+00,1.016041177331596490e+00
1.541541541541541677e-08,0.000000000000000000e+00,0.000000000000000000e+00,nan,0.000000000000000000e+00,0.000000000000000000e+00,nan,0.000000000000000000e+00,0.000000000000000000e+00,6.727320746525333739e+00,0.000000000000000000e+00,0.000000000000000000e+00,1.016041177416675101e+00
1.543293293293293554e-08,0.000000000000000000e+00,0.000000000000000000e+00,nan,0.000000000000000000e+00,0.000000000000000000e+00,nan,0.000000000000000000e+00,0.000000000000000000e+00,6.737597888654928369e+00,0.000000000000000000e+00,0.000000000000000000e+00,1.016041177497676085e+00
1.545045045045045431e-08,0.000000000000000000e+00,0.000000000000000000e+00,nan,0.000000000000000000e+00,0.000000000000000000e+00,nan,0.000000000000000000e+00,0.000000000000000000e+00,6.747875030785139394e+00,0.000000000000000000e+00,0.000000000000000000e+00,1.016041177574810606e+00
1.546796796796796976e-08,0.000000000000000000e+00,0.000000000000000000e+00,nan,0.000000000000000000e+00,0.000000000000000000e+00,nan,0.000000000000000000e+00,0.000000000000000000e+00,6.758152172915942835e+00,0.000000000000000000e+00,0.000000000000000000e+00,1.016041177648222327e+00
1.548548548548548853e-08,0.000000000000000000e+00,0.000000000000000000e+00,nan,0.000000000000000000e+00,0.000000000000000000e+00,nan,0.000000000000000000e+00,0.000000000000000000e+00,6.768429315047306716e+00,0.000000000000000000e+00,0.000000000000000000e+00,1.016041177718132626e+00
1.550300300300300399e-08,0.000000000000000000e+00,0.000000000000000000e+00,nan,0.000000000000000000e+00,0.000000000000000000e+00,nan,0.000000000000000000e+00,0.000000000000000000e+00,6.778706457179200839e+00,0.000000000000000000e+00,0.000000000000000000e+00,1.016041177784688054e+00
1.552052052052052276e-08,0.000000000000000000e+00,0.000000000000000000e+00,nan,0.000000000000000000e+00,0.000000000000000000e+00,nan,0.000000000000000000e+00,0.000000000000000000e+00,6.788983599311607442e+00,0.000000000000000000e+00,0.000000000000000000e+00,1.016041177848026722e+00
1.553803803803804153e-08,0.000000000000000000e+00,0.000000000000000000e+00,nan,0.000000000000000000e+00,0.000000000000000000e+00,nan,0.000000000000000000e+00,0.000000000000000000e+00,6.799260741444494549e+00,0.000000000000000000e+00,0.000000000000000000e+00,1.016041177908338922e+00
1.555555555555555698e-08,0.000000000000000000e+00,0.000000000000000000e+00,nan,0.000000000000000000e+00,0.000000000000000000e+00,nan,0.000000000000000000e+00,0.000000000000000000e+00,6.809537883577838180e+00,0.000000000000000000e+00,0.000000000000000000e+00,1.016041177965745224e+00
1.557307307307307575e-08,0.000000000000000000e+00,0.000000000000000000e+00,nan,0.000000000000000000e+00,0.000000000000000000e+00,nan,0.000000000000000000e+00,0.000000000000000000e+00,6.819815025711622347e+00,0.000000000000000000e+00,0.000000000000000000e+00,1.016041178020389957e+00
1.559059059059059452e-08,0.000000000000000000e+00,0.000000000000000000e+00,nan,0.000000000000000000e+00,0.000000000000000000e+00,nan,0.000000000000000000e+00,0.000000000000000000e+00,6.830092167845822182e+00,0.000000000000000000e+00,0.000000000000000000e+00,1.016041178072386586e+00
1.560810810810810998e-08,0.000000000000000000e+00,0.000000000000000000e+00,nan,0.000000000000000000e+00,0.000000000000000000e+00,nan,0.000000000000000000e+00,0.000000000000000000e+00,6.840369309980413703e+00,0.000000000000000000e+00,0.000000000000000000e+00,1.016041178121882549e+00
1.562562562562562874e-08,0.000000000000000000e+00,0.000000000000000000e+00,nan,0.000000000000000000e+00,0.000000000000000000e+00,nan,0.000000000000000000e+00,0.000000000000000000e+00,6.850646452115382701e+00,0.000000000000000000e+00,0.000000000000000000e+00,1.016041178168991310e+00
1.564314314314314420e-08,0.000000000000000000e+00,0.000000000000000000e+00,nan,0.000000000000000000e+00,0.000000000000000000e+00,nan,0.000000000000000000e+00,0.000000000000000000e+00,6.860923594250706969e+00,0.000000000000000000e+00,0.000000000000000000e+00,1.016041178213830332e+00
1.566066066066066297e-08,0.000000000000000000e+00,0.000000000000000000e+00,nan,0.000000000000000000e+00,0.000000000000000000e+00,nan,0.000000000000000000e+00,0.000000000000000000e+00,6.871200736386374075e+00,0.000000000000000000e+00,0.000000000000000000e+00,1.016041178256476885e+00
1.567817817817818174e-08,0.000000000000000000e+00,0.000000000000000000e+00,nan,0.000000000000000000e+00,0.000000000000000000e+00,nan,0.000000000000000000e+00,0.000000000000000000e+00,6.881477878522363589e+00,0.000000000000000000e+00,0.000000000000000000e+00,1.016041178297071079e+00
1.569569569569569720e-08,0.000000000000000000e+00,0.000000000000000000e+00,nan,0.000000000000000000e+00,0.000000000000000000e+00,nan,0.000000000000000000e+00,0.000000000000000000e+00,6.891755020658659525e+00,0.000000000000000000e+00,0.000000000000000000e+00,1.016041178335693518e+00
1.571321321321321596e-08,0.000000000000000000e+00,0.000000000000000000e+00,nan,0.000000000000000000e+00,0.000000000000000000e+00,nan,0.000000000000000000e+00,0.000000000000000000e+00,6.902032162795248560e+00,0.000000000000000000e+00,0.000000000000000000e+00,1.016041178372448117e+00
1.573073073073073142e-08,0.000000000000000000e+00,0.000000000000000000e+00,nan,0.000000000000000000e+00,0.000000000000000000e+00,nan,0.000000000000000000e+00,0.000000000000000000e+00,6.912309304932112930e+00,0.000000000000000000e+00,0.000000000000000000e+00,1.016041178407418144e+00
1.574824824824825019e-08,0.000000000000000000e+00,0.000000000000000000e+00,nan,0.000000000000000000e+00,0.000000000000000000e+00,nan,0.000000000000000000e+00,0.000000000000000000e+00,6.922586447069241089e+00,0.000000000000000000e+00,0.000000000000000000e+00,1.016041178440700854e+00
1.576576576576576896e-08,0.000000000000000000e+00,0.000000000000000000e+00,nan,0.000000000000000000e+00,0.000000000000000000e+00,nan,0.000000000000000000e+00,0.000000000000000000e+00,6.932863589206623267e+00,0.000000000000000000e+00,0.000000000000000000e+00,1.016041178472350204e+00
1.578328328328328442e-08,0.000000000000000000e+00,0.000000000000000000e+00,nan,0.000000000000000000e+00,0.000000000000000000e+00,nan,0.000000000000000000e+00,0.000000000000000000e+00,6.943140731344240812e+00,0.000000000000000000e+00,0.000000000000000000e+00,1.016041178502469444e+00
1.580080080080080318e-08,0.000000000000000000e+00,0.000000000000000000e+00,nan,0.000000000000000000e+00,0.000000000000000000e+00,nan,0.000000000000000000e+00,0.000000000000000000e+00,6.953417873482087508e+00,0.000000000000000000e+00,0.000000000000000000e+00,1.016041178531122524e+00
1.581831831831832195e-08,0.000000000000000000e+00,0.000000000000000000e+00,nan,0.000000000000000000e+00,0.000000000000000000e+00,nan,0.000000000000000000e+00,0.000000000000000000e+00,6.963695015620150919e+00,0.000000000000000000e+00,0.000000000000000000e+00,1.016041178558362734e+00
1.583583583583583741e-08,0.000000000000000000e+00,0.000000000000000000e+00,nan,0.000000000000000000e+00,0.000000000000000000e+00,nan,0.000000000000000000e+00,0.000000000000000000e+00,6.973972157758415058e+00,0.000000000000000000e+00,0.000000000000000000e+00,1.016041178584293991e+00
1.585335335335335618e-08,0.000000000000000000e+00,0.000000000000000000e+00,nan,0.000000000000000000e+00,0.000000000000000000e+00,nan,0.000000000000000000e+00,0.000000000000000000e+00,6.984249299896877261e+00,0.000000000000000000e+00,0.000000000000000000e+00,1.016041178608956708e+00
1.587087087087087164e-08,0.000000000000000000e+00,0.000000000000000000e+00,nan,0.000000000000000000e+00,0.000000000000000000e+00,nan,0.000000000000000000e+00,0.000000000000000000e+00,6.994526442035520652e+00,0.000000000000000000e+00,0.000000000000000000e+00,1.016041178632417274e+00
1.588838838838839040e-08,0.000000000000000000e+00,0.000000000000000000e+00,nan,0.000000000000000000e+00,0.000000000000000000e+00,nan,0.000000000000000000e+00,0.000000000000000000e+00,7.004803584174344344e+00,0.000000000000000000e+00,0.000000000000000000e+00,1.016041178654722987e+00
1.590590590590590917e-08,0.000000000000000000e+00,0.000000000000000000e+00,nan,0.000000000000000000e+00,0.000000000000000000e+00,nan,0.000000000000000000e+00,0.000000000000000000e+00,7.015080726313335013e+00,0.000000000000000000e+00,0.000000000000000000e+00,1.016041178675930912e+00
1.592342342342342463e-08,0.000000000000000000e+00,0.000000000000000000e+00,nan,0.000000000000000000e+00,0.000000000000000000e+00,nan,0.000000000000000000e+00,0.000000000000000000e+00,7.025357868452482002e+00,0.000000000000000000e+00,0.000000000000000000e+00,1.016041178696114100e+00
1.594094094094094340e-08,0.000000000000000000e+00,0.000000000000000000e+00,nan,0.000000000000000000e+00,0.000000000000000000e+00,nan,0.000000000000000000e+00,0.000000000000000000e+00,7.035635010591781757e+00,0.000000000000000000e+00,0.000000000000000000e+00,1.016041178715306526e+00
1.595845845845846216e-08,0.000000000000000000e+00,0.000000000000000000e+00,nan,0.000000000000000000e+00,0.000000000000000000e+00,nan,0.000000000000000000e+00,0.000000000000000000e+00,7.045912152731224509e+00,0.000000000000000000e+00,0.000000000000000000e+00,1.016041178733551487e+00
1.597597597597597762e-08,0.000000000000000000e+00,0.000000000000000000e+00,nan,0.000000000000000000e+00,0.000000000000000000e+00,nan,0.000000000000000000e+00,0.000000000000000000e+00,7.056189294870803153e+00,0.000000000000000000e+00,0.000000000000000000e+00,1.016041178750902718e+00
1.599349349349349639e-08,0.000000000000000000e+00,0.000000000000000000e+00,nan,0.000000000000000000e+00,0.000000000000000000e+00,nan,0.000000000000000000e+00,0.000000000000000000e+00,7.066466437010511470e+00,0.000000000000000000e+00,0.000000000000000000e+00,1.016041178767406850e+00
1.601101101101101185e-08,0.000000000000000000e+00,0.000000000000000000e+00,nan,0.000000000000000000e+00,0.000000000000000000e+00,nan,0.000000000000000000e+00,0.000000000000000000e+00,7.076743579150341468e+00,0.000000000000000000e+00,0.000000000000000000e+00,1.016041178783107624e+00
1.602852852852853062e-08,0.000000000000000000e+00,0.000000000000000000e+00,nan,0.000000000000000000e+00,0.000000000000000000e+00,nan,0.000000000000000000e+00,0.000000000000000000e+00,7.087020721290291370e+00,0.000000000000000000e+00,0.000000000000000000e+00,1.016041178798014810e+00
1.604604604604604938e-08,0.000000000000000000e+00,0.000000000000000000e+00,nan,0.000000000000000000e+00,0.000000000000000000e+00,nan,0.000000000000000000e+00,0.000000000000000000e+00,7.097297863430352294e+00,0.000000000000000000e+00,0.000000000000000000e+00,1.016041178812189250e+00
1.606356356356356484e-08,0.000000000000000000e+00,0.000000000000000000e+00,nan,0.000000000000000000e+00,0.000000000000000000e+00,nan,0.000000000000000000e+00,0.000000000000000000e+00,7.107575005570516247e+00,0.000000000000000000e+00,0.000000000000000000e+00,1.016041178825676905e+00
1.608108108108108361e-08,0.000000000000000000e+00,0.000000000000000000e+00,nan,0.000000000000000000e+00,0.000000000000000000e+00,nan,0.000000000000000000e+00,0.000000000000000000e+00,7.117852147710784116e+00,0.000000000000000000e+00,0.000000000000000000e+00,1.016041178838488657e+00
1.609859859859860238e-08,0.000000000000000000e+00,0.000000000000000000e+00,nan,0.000000000000000000e+00,0.000000000000000000e+00,nan,0.000000000000000000e+00,0.000000000000000000e+00,7.128129289851143469e+00,0.000000000000000000e+00,0.000000000000000000e+00,1.016041178850687565e+00
1.611611611611611783e-08,0.000000000000000000e+00,0.000000000000000000e+00,nan,0.000000000000000000e+00,0.000000000000000000e+00,nan,0.000000000000000000e+00,0.000000000000000000e+00,7.138406431991594303e+00,0.000000000000000000e+00,0.000000000000000000e+00,1.016041178862267413e+00
1.613363363363363660e-08,0.000000000000000000e+00,0.000000000000000000e+00,nan,0.000000000000000000e+00,0.000000000000000000e+00,nan,0.000000000000000000e+00,0.000000000000000000e+00,7.148683574132130403e+00,0.000000000000000000e+00,0.000000000000000000e+00,1.016041178873294593e+00
1.615115115115115206e-08,0.000000000000000000e+00,0.000000000000000000e+00,nan,0.000000000000000000e+00,0.000000000000000000e+00,nan,0.000000000000000000e+00,0.000000000000000000e+00,7.158960716272747327e+00,0.000000000000000000e+00,0.000000000000000000e+00,1.016041178883766438e+00
1.616866866866867083e-08,0.000000000000000000e+00,0.000000000000000000e+00,nan,0.000000000000000000e+00,0.000000000000000000e+00,nan,0.000000000000000000e+00,0.000000000000000000e+00,7.169237858413446851e+00,0.000000000000000000e+00,0.000000000000000000e+00,1.016041178893702268e+00
1.618618618618618960e-08,0.000000000000000000e+00,0.000000000000000000e+00,nan,0.000000000000000000e+00,0.000000000000000000e+00,nan,0.000000000000000000e+00,0.000000000000000000e+00,7.179515000554215653e+00,0.000000000000000000e+00,0.000000000000000000e+00,1.016041178903166475e+00
1.620370370370370505e-08,0.000000000000000000e+00,0.000000000000000000e+00,nan,0.000000000000000000e+00,0.000000000000000000e+00,nan,0.000000000000000000e+00,0.000000000000000000e+00,7.189792142695054622e+00,0.000000000000000000e+00,0.000000000000000000e+00,1.016041178912158394e+00
1.622122122122122382e-08,0.000000000000000000e+00,0.000000000000000000e+00,nan,0.000000000000000000e+00,0.000000000000000000e+00,nan,0.000000000000000000e+00,0.000000000000000000e+00,7.200069284835961092e+00,0.000000000000000000e+00,0.000000000000000000e+00,1.016041178920704890e+00
1.623873873873874259e-08,0.000000000000000000e+00,0.000000000000000000e+00,nan,0.000000000000000000e+00,0.000000000000000000e+00,nan,0.000000000000000000e+00,0.000000000000000000e+00,7.210346426976932399e+00,0.000000000000000000e+00,0.000000000000000000e+00,1.016041178928819733e+00
1.625625625625625805e-08,0.000000000000000000e+00,0.000000000000000000e+00,nan,0.000000000000000000e+00,0.000000000000000000e+00,nan,0.000000000000000000e+00,0.000000000000000000e+00,7.220623569117957885e+00,0.000000000000000000e+00,0.000000000000000000e+00,1.016041178936542888e+00
1.627377377377377681e-08,0.000000000000000000e+00,0.000000000000000000e+00,nan,0.000000000000000000e+00,0.000000000000000000e+00,nan,0.000000000000000000e+00,0.000000000000000000e+00,7.230900711259047320e+00,0.000000000000000000e+00,0.000000000000000000e+00,1.016041178943864365e+00
1.629129129129129227e-08,0.000000000000000000e+00,0.000000000000000000e+00,nan,0.000000000000000000e+00,0.000000000000000000e+00,nan,0.000000000000000000e+00,0.000000000000000000e+00,7.241177853400185604e+00,0.000000000000000000e+00,0.000000000000000000e+00,1.016041178950830792e+00
1.630880880880881104e-08,0.000000000000000000e+00,0.000000000000000000e+00,nan,0.000000000000000000e+00,0.000000000000000000e+00,nan,0.000000000000000000e+00,0.000000000000000000e+00,7.251454995541375403e+00,0.000000000000000000e+00,0.000000000000000000e+00,1.016041178957472813e+00
1.632632632632632981e-08,0.000000000000000000e+00,0.000000000000000000e+00,nan,0.000000000000000000e+00,0.000000000000000000e+00,nan,0.000000000000000000e+00,0.000000000000000000e+00,7.261732137682616717e+00,0.000000000000000000e+00,0.000000000000000000e+00,1.016041178963753122e+00
1.634384384384384527e-08,0.000000000000000000e+00,0.000000000000000000e+00,nan,0.000000000000000000e+00,0.000000000000000000e+00,nan,0.000000000000000000e+00,0.000000000000000000e+00,7.272009279823903327e+00,0.000000000000000000e+00,0.000000000000000000e+00,1.016041178969728787e+00
1.636136136136136403e-08,0.000000000000000000e+00,0.000000000000000000e+00,nan,0.000000000000000000e+00,0.000000000000000000e+00,nan,0.000000000000000000e+00,0.000000000000000000e+00,7.282286421965233458e+00,0.000000000000000000e+00,0.000000000000000000e+00,1.016041178975406467e+00
1.637887887887888280e-08,0.000000000000000000e+00,0.000000000000000000e+00,nan,0.000000000000000000e+00,0.000000000000000000e+00,nan,0.000000000000000000e+00,0.000000000000000000e+00,7.292563564106607110e+00,0.000000000000000000e+00,0.000000000000000000e+00,1.016041178980792825e+00
1.639639639639639826e-08,0.000000000000000000e+00,0.000000000000000000e+00,nan,0.000000000000000000e+00,0.000000000000000000e+00,nan,0.000000000000000000e+00,0.000000000000000000e+00,7.302840706248016289e+00,0.000000000000000000e+00,0.000000000000000000e+00,1.016041178985924942e+00
1.641391391391391703e-08,0.000000000000000000e+00,0.000000000000000000e+00,nan,0.000000000000000000e+00,0.000000000000000000e+00,nan,0.000000000000000000e+00,0.000000000000000000e+00,7.313117848389465436e+00,0.000000000000000000e+00,0.000000000000000000e+00,1.016041178990802596e+00
1.643143143143143249e-08,0.000000000000000000e+00,0.000000000000000000e+00,nan,0.000000000000000000e+00,0.000000000000000000e+00,nan,0.000000000000000000e+00,0.000000000000000000e+00,7.323394990530948334e+00,0.000000000000000000e+00,0.000000000000000000e+00,1.016041178995432448e+00
1.644894894894895125e-08,0.000000000000000000e+00,0.000000000000000000e+00,nan,0.000000000000000000e+00,0.000000000000000000e+00,nan,0.000000000000000000e+00,0.000000000000000000e+00,7.333672132672468535e+00,0.000000000000000000e+00,0.000000000000000000e+00,1.016041178999817829e+00
1.646646646646647002e-08,0.000000000000000000e+00,0.000000000000000000e+00,nan,0.000000000000000000e+00,0.000000000000000000e+00,nan,0.000000000000000000e+00,0.000000000000000000e+00,7.343949274814018935e+00,0.000000000000000000e+00,0.000000000000000000e+00,1.016041179003999151e+00
1.648398398398398548e-08,0.000000000000000000e+00,0.000000000000000000e+00,nan,0.000000000000000000e+00,0.000000000000000000e+00,nan,0.000000000000000000e+00,0.000000000000000000e+00,7.354226416955599532e+00,0.000000000000000000e+00,0.000000000000000000e+00,1.016041179007959538e+00
1.650150150150150425e-08,0.000000000000000000e+00,0.000000000000000000e+00,nan,0.000000000000000000e+00,0.000000000000000000e+00,nan,0.000000000000000000e+00,0.000000000000000000e+00,7.364503559097209440e+00,0.000000000000000000e+00,0.000000000000000000e+00,1.016041179011728968e+00
1.651901901901902301e-08,0.000000000000000000e+00,0.000000000000000000e+00,nan,0.000000000000000000e+00,0.000000000000000000e+00,nan,0.000000000000000000e+00,0.000000000000000000e+00,7.374780701238848657e+00,0.000000000000000000e+00,0.000000000000000000e+00,1.016041179015300999e+00
1.653653653653653847e-08,0.000000000000000000e+00,0.000000000000000000e+00,nan,0.000000000000000000e+00,0.000000000000000000e+00,nan,0.000000000000000000e+00,0.000000000000000000e+00,7.385057843380509190e+00,0.000000000000000000e+00,0.000000000000000000e+00,1.016041179018708940e+00
1.655405405405405724e-08,0.000000000000000000e+00,0.000000000000000000e+00,nan,0.000000000000000000e+00,0.000000000000000000e+00,nan,0.000000000000000000e+00,0.000000000000000000e+00,7.395334985522197258e+00,0.000000000000000000e+00,0.000000000000000000e+00,1.016041179021929475e+00
1.657157157157157270e-08,0.000000000000000000e+00,0.000000000000000000e+00,nan,0.000000000000000000e+00,0.000000000000000000e+00,nan,0.000000000000000000e+00,0.000000000000000000e+00,7.405612127663909305e+00,0.000000000000000000e+00,0.000000000000000000e+00,1.016041179024992580e+00
1.658908908908909147e-08,0.000000000000000000e+00,0.000000000000000000e+00,nan,0.000000000000000000e+00,0.000000000000000000e+00,nan,0.000000000000000000e+00,0.000000000000000000e+00,7.415889269805643558e+00,0.000000000000000000e+00,0.000000000000000000e+00,1.016041179027895147e+00
1.660660660660661023e-08,0.000000000000000000e+00,0.000000000000000000e+00,nan,0.000000000000000000e+00,0.000000000000000000e+00,nan,0.000000000000000000e+00,0.000000000000000000e+00,7.426166411947398238e+00,0.000000000000000000e+00,0.000000000000000000e+00,1.016041179030670483e+00
1.662412412412412569e-08,0.000000000000000000e+00,0.000000000000000000e+00,nan,0.000000000000000000e+00,0.000000000000000000e+00,nan,0.000000000000000000e+00,0.000000000000000000e+00,7.436443554089171570e+00,0.000000000000000000e+00,0.000000000000000000e+00,1.016041179033298159e+00
1.664164164164164446e-08,0.000000000000000000e+00,0.000000000000000000e+00,nan,0.000000000000000000e+00,0.000000000000000000e+00,nan,0.000000000000000000e+00,0.000000000000000000e+00,7.446720696230966219e+00,0.000000000000000000e+00,0.000000000000000000e+00,1.016041179035788833e+00
1.665915915915916323e-08,0.000000000000000000e+00,0.000000000000000000e+00,nan,0.000000000000000000e+00,0.000000000000000000e+00,nan,0.000000000000000000e+00,0.000000000000000000e+00,7.456997838372779519e+00,0.000000000000000000e+00,0.000000000000000000e+00,1.016041179038155828e+00
1.667667667667667868e-08,0.000000000000000000e+00,0.000000000000000000e+00,nan,0.000000000000000000e+00,0.000000000000000000e+00,nan,0.000000000000000000e+00,0.000000000000000000e+00,7.467274980514606142e+00,0.000000000000000000e+00,0.000000000000000000e+00,1.016041179040408915e+00
1.669419419419419745e-08,0.000000000000000000e+00,0.000000000000000000e+00,nan,0.000000000000000000e+00,0.000000000000000000e+00,nan,0.000000000000000000e+00,0.000000000000000000e+00,7.477552122656453193e+00,0.000000000000000000e+00,0.000000000000000000e+00,1.016041179042531217e+00
1.671171171171171291e-08,0.000000000000000000e+00,0.000000000000000000e+00,nan,0.000000000000000000e+00,0.000000000000000000e+00,nan,0.000000000000000000e+00,0.000000000000000000e+00,7.487829264798312678e+00,0.000000000000000000e+00,0.000000000000000000e+00,1.016041179044563370e+00
1.672922922922923168e-08,0.000000000000000000e+00,0.000000000000000000e+00,nan,0.000000000000000000e+00,0.000000000000000000e+00,nan,0.000000000000000000e+00,0.000000000000000000e+00,7.498106406940189927e+00,0.000000000000000000e+00,0.000000000000000000e+00,1.016041179046474952e+00
1.674674674674675045e-08,0.000000000000000000e+00,0.000000000000000000e+00,nan,0.000000000000000000e+00,0.000000000000000000e+00,nan,0.000000000000000000e+00,0.000000000000000000e+00,7.508383549082078723e+00,0.000000000000000000e+00,0.000000000000000000e+00,1.016041179048309484e+00
1.676426426426426590e-08,0.000000000000000000e+00,0.000000000000000000e+00,nan,0.000000000000000000e+00,0.000000000000000000e+00,nan,0.000000000000000000e+00,0.000000000000000000e+00,7.518660691223979065e+00,0.000000000000000000e+00,0.000000000000000000e+00,1.016041179050050092e+00
1.678178178178178467e-08,0.000000000000000000e+00,0.000000000000000000e+00,nan,0.000000000000000000e+00,0.000000000000000000e+00,nan,0.000000000000000000e+00,0.000000000000000000e+00,7.528937833365893617e+00,0.000000000000000000e+00,0.000000000000000000e+00,1.016041179051693888e+00
1.679929929929930344e-08,0.000000000000000000e+00,0.000000000000000000e+00,nan,0.000000000000000000e+00,0.000000000000000000e+00,nan,0.000000000000000000e+00,0.000000000000000000e+00,7.539214975507821492e+00,0.000000000000000000e+00,0.000000000000000000e+00,1.016041179053260635e+00
1.681681681681681890e-08,0.000000000000000000e+00,0.000000000000000000e+00,nan,0.000000000000000000e+00,0.000000000000000000e+00,nan,0.000000000000000000e+00,0.000000000000000000e+00,7.549492117649759138e+00,0.000000000000000000e+00,0.000000000000000000e+00,1.016041179054740340e+00
1.683433433433433766e-08,0.000000000000000000e+00,0.000000000000000000e+00,nan,0.000000000000000000e+00,0.000000000000000000e+00,nan,0.000000000000000000e+00,0.000000000000000000e+00,7.559769259791709217e+00,0.000000000000000000e+00,0.000000000000000000e+00,1.016041179056133004e+00
1.685185185185185312e-08,0.000000000000000000e+00,0.000000000000000000e+00,nan,0.000000000000000000e+00,0.000000000000000000e+00,nan,0.000000000000000000e+00,0.000000000000000000e+00,7.570046401933666402e+00,0.000000000000000000e+00,0.000000000000000000e+00,1.016041179057475485e+00
1.686936936936937189e-08,0.000000000000000000e+00,0.000000000000000000e+00,nan,0.000000000000000000e+00,0.000000000000000000e+00,nan,0.000000000000000000e+00,0.000000000000000000e+00,7.580323544075635134e+00,0.000000000000000000e+00,0.000000000000000000e+00,1.016041179058747579e+00
1.688688688688689066e-08,0.000000000000000000e+00,0.000000000000000000e+00,nan,0.000000000000000000e+00,0.000000000000000000e+00,nan,0.000000000000000000e+00,0.000000000000000000e+00,7.590600686217612747e+00,0.000000000000000000e+00,0.000000000000000000e+00,1.016041179059952615e+00
1.690440440440440612e-08,0.000000000000000000e+00,0.000000000000000000e+00,nan,0.000000000000000000e+00,0.000000000000000000e+00,nan,0.000000000000000000e+00,0.000000000000000000e+00,7.600877828359598354e+00,0.000000000000000000e+00,0.000000000000000000e+00,1.016041179061084154e+00
1.692192192192192488e-08,0.000000000000000000e+00,0.000000000000000000e+00,nan,0.000000000000000000e+00,0.000000000000000000e+00,nan,0.000000000000000000e+00,0.000000000000000000e+00,7.611154970501592842e+00,0.000000000000000000e+00,0.000000000000000000e+00,1.016041179062172173e+00
1.693943943943944034e-08,0.000000000000000000e+00,0.000000000000000000e+00,nan,0.000000000000000000e+00,0.000000000000000000e+00,nan,0.000000000000000000e+00,0.000000000000000000e+00,7.621432112643594436e+00,0.000000000000000000e+00,0.000000000000000000e+00,1.016041179063190025e+00
1.695695695695695911e-08,0.000000000000000000e+00,0.000000000000000000e+00,nan,0.000000000000000000e+00,0.000000000000000000e+00,nan,0.000000000000000000e+00,0.000000000000000000e+00,7.631709254785603136e+00,0.000000000000000000e+00,0.000000000000000000e+00,1.016041179064180788e+00
1.697447447447447788e-08,0.000000000000000000e+00,0.000000000000000000e+00,nan,0.000000000000000000e+00,0.000000000000000000e+00,nan,0.000000000000000000e+00,0.000000000000000000e+00,7.641986396927620717e+00,0.000000000000000000e+00,0.000000000000000000e+00,1.016041179065094724e+00
1.699199199199199334e-08,0.000000000000000000e+00,0.000000000000000000e+00,nan,0.000000000000000000e+00,0.000000000000000000e+00,nan,0.000000000000000000e+00,0.000000000000000000e+00,7.652263539069641851e+00,0.000000000000000000e+00,0.000000000000000000e+00,1.016041179065978461e+00
1.700950950950951210e-08,0.000000000000000000e+00,0.000000000000000000e+00,nan,0.000000000000000000e+00,0.000000000000000000e+00,nan,0.000000000000000000e+00,0.000000000000000000e+00,7.662540681211671867e+00,0.000000000000000000e+00,0.000000000000000000e+00,1.016041179066808686e+00
1.702702702702703087e-08,0.000000000000000000e+00,0.000000000000000000e+00,nan,0.000000000000000000e+00,0.000000000000000000e+00,nan,0.000000000000000000e+00,0.000000000000000000e+00,7.672817823353707212e+00,0.000000000000000000e+00,0.000000000000000000e+00,1.016041179067605604e+00
1.704454454454454633e-08,0.000000000000000000e+00,0.000000000000000000e+00,nan,0.000000000000000000e+00,0.000000000000000000e+00,nan,0.000000000000000000e+00,0.000000000000000000e+00,7.683094965495746109e+00,0.000000000000000000e+00,0.000000000000000000e+00,1.016041179068358558e+00
1.706206206206206510e-08,0.000000000000000000e+00,0.000000000000000000e+00,nan,0.000000000000000000e+00,0.000000000000000000e+00,nan,0.000000000000000000e+00,0.000000000000000000e+00,7.693372107637793000e+00,0.000000000000000000e+00,0.000000000000000000e+00,1.016041179069065103e+00
1.707957957957958056e-08,0.000000000000000000e+00,0.000000000000000000e+00,nan,0.000000000000000000e+00,0.000000000000000000e+00,nan,0.000000000000000000e+00,0.000000000000000000e+00,7.703649249779843444e+00,0.000000000000000000e+00,0.000000000000000000e+00,1.016041179069744782e+00
1.709709709709709932e-08,0.000000000000000000e+00,0.000000000000000000e+00,nan,0.000000000000000000e+00,0.000000000000000000e+00,nan,0.000000000000000000e+00,0.000000000000000000e+00,7.713926391921899217e+00,0.000000000000000000e+00,0.000000000000000000e+00,1.016041179070390710e+00
1.711461461461461809e-08,0.000000000000000000e+00,0.000000000000000000e+00,nan,0.000000000000000000e+00,0.000000000000000000e+00,nan,0.000000000000000000e+00,0.000000000000000000e+00,7.724203534063960319e+00,0.000000000000000000e+00,0.000000000000000000e+00,1.016041179070993339e+00
1.713213213213213355e-08,0.000000000000000000e+00,0.000000000000000000e+00,nan,0.000000000000000000e+00,0.000000000000000000e+00,nan,0.000000000000000000e+00,0.000000000000000000e+00,7.734480676206024086e+00,0.000000000000000000e+00,0.000000000000000000e+00,1.016041179071559108e+00
1.714964964964965232e-08,0.000000000000000000e+00,0.000000000000000000e+00,nan,0.000000000000000000e+00,0.000000000000000000e+00,nan,0.000000000000000000e+00,0.000000000000000000e+00,7.744757818348092293e+00,0.000000000000000000e+00,0.000000000000000000e+00,1.016041179072121770e+00
1.716716716716717108e-08,0.000000000000000000e+00,0.000000000000000000e+00,nan,0.000000000000000000e+00,0.000000000000000000e+00,nan,0.000000000000000000e+00,0.000000000000000000e+00,7.755034960490165830e+00,0.000000000000000000e+00,0.000000000000000000e+00,1.016041179072640466e+00
1.718468468468468654e-08,0.000000000000000000e+00,0.000000000000000000e+00,nan,0.000000000000000000e+00,0.000000000000000000e+00,nan,0.000000000000000000e+00,0.000000000000000000e+00,7.765312102632241142e+00,0.000000000000000000e+00,0.000000000000000000e+00,1.016041179073119194e+00
1.720220220220220531e-08,0.000000000000000000e+00,0.000000000000000000e+00,nan,0.000000000000000000e+00,0.000000000000000000e+00,nan,0.000000000000000000e+00,0.000000000000000000e+00,7.775589244774322673e+00,0.000000000000000000e+00,0.000000000000000000e+00,1.016041179073584599e+00
1.721971971971972077e-08,0.000000000000000000e+00,0.000000000000000000e+00,nan,0.000000000000000000e+00,0.000000000000000000e+00,nan,0.000000000000000000e+00,0.000000000000000000e+00,7.785866386916402426e+00,0.000000000000000000e+00,0.000000000000000000e+00,1.016041179074043121e+00
1.723723723723723954e-08,0.000000000000000000e+00,0.000000000000000000e+00,nan,0.000000000000000000e+00,0.000000000000000000e+00,nan,0.000000000000000000e+00,0.000000000000000000e+00,7.796143529058491950e+00,0.000000000000000000e+00,0.000000000000000000e+00,1.016041179074444800e+00
1.725475475475475830e-08,0.000000000000000000e+00,0.000000000000000000e+00,nan,0.000000000000000000e+00,0.000000000000000000e+00,nan,0.000000000000000000e+00,0.000000000000000000e+00,7.806420671200582362e+00,0.000000000000000000e+00,0.000000000000000000e+00,1.016041179074843370e+00
1.727227227227227376e-08,0.000000000000000000e+00,0.000000000000000000e+00,nan,0.000000000000000000e+00,0.000000000000000000e+00,nan,0.000000000000000000e+00,0.000000000000000000e+00,7.816697813342670109e+00,0.000000000000000000e+00,0.000000000000000000e+00,1.016041179075241496e+00
1.728978978978979253e-08,0.000000000000000000e+00,0.000000000000000000e+00,nan,0.000000000000000000e+00,0.000000000000000000e+00,nan,0.000000000000000000e+00,0.000000000000000000e+00,7.826974955484765850e+00,0.000000000000000000e+00,0.000000000000000000e+00,1.016041179075593215e+00
1.730730730730731130e-08,0.000000000000000000e+00,0.000000000000000000e+00,nan,0.000000000000000000e+00,0.000000000000000000e+00,nan,0.000000000000000000e+00,0.000000000000000000e+00,7.837252097626864256e+00,0.000000000000000000e+00,0.000000000000000000e+00,1.016041179075934719e+00
1.732482482482482675e-08,0.000000000000000000e+00,0.000000000000000000e+00,nan,0.000000000000000000e+00,0.000000000000000000e+00,nan,0.000000000000000000e+00,0.000000000000000000e+00,7.847529239768963549e+00,0.000000000000000000e+00,0.000000000000000000e+00,1.016041179076256018e+00
1.734234234234234552e-08,0.000000000000000000e+00,0.000000000000000000e+00,nan,0.000000000000000000e+00,0.000000000000000000e+00,nan,0.000000000000000000e+00,0.000000000000000000e+00,7.857806381911065507e+00,0.000000000000000000e+00,0.000000000000000000e+00,1.016041179076550671e+00
1.735985985985986098e-08,0.000000000000000000e+00,0.000000000000000000e+00,nan,0.000000000000000000e+00,0.000000000000000000e+00,nan,0.000000000000000000e+00,0.000000000000000000e+00,7.868083524053165689e+00,0.000000000000000000e+00,0.000000000000000000e+00,1.016041179076865308e+00
1.737737737737737975e-08,0.000000000000000000e+00,0.000000000000000000e+00,nan,0.000000000000000000e+00,0.000000000000000000e+00,nan,0.000000000000000000e+00,0.000000000000000000e+00,7.878360666195272977e+00,0.000000000000000000e+00,0.000000000000000000e+00,1.016041179077126433e+00
1.739489489489489852e-08,0.000000000000000000e+00,0.000000000000000000e+00,nan,0.000000000000000000e+00,0.000000000000000000e+00,nan,0.000000000000000000e+00,0.000000000000000000e+00,7.888637808337380264e+00,0.000000000000000000e+00,0.000000000000000000e+00,1.016041179077407541e+00
1.741241241241241397e-08,0.000000000000000000e+00,0.000000000000000000e+00,nan,0.000000000000000000e+00,0.000000000000000000e+00,nan,0.000000000000000000e+00,0.000000000000000000e+00,7.898914950479489328e+00,0.000000000000000000e+00,0.000000000000000000e+00,1.016041179077642020e+00
1.742992992992993274e-08,0.000000000000000000e+00,0.000000000000000000e+00,nan,0.000000000000000000e+00,0.000000000000000000e+00,nan,0.000000000000000000e+00,0.000000000000000000e+00,7.909192092621601944e+00,0.000000000000000000e+00,0.000000000000000000e+00,1.016041179077876278e+00
1.744744744744745151e-08,0.000000000000000000e+00,0.000000000000000000e+00,nan,0.000000000000000000e+00,0.000000000000000000e+00,nan,0.000000000000000000e+00,0.000000000000000000e+00,7.919469234763716337e+00,0.000000000000000000e+00,0.000000000000000000e+00,1.016041179078090551e+00
1.746496496496496697e-08,0.000000000000000000e+00,0.000000000000000000e+00,nan,0.000000000000000000e+00,0.000000000000000000e+00,nan,0.000000000000000000e+00,0.000000000000000000e+00,7.929746376905828953e+00,0.000000000000000000e+00,0.000000000000000000e+00,1.016041179078311485e+00
1.748248248248248573e-08,0.000000000000000000e+00,0.000000000000000000e+00,nan,0.000000000000000000e+00,0.000000000000000000e+00,nan,0.000000000000000000e+00,0.000000000000000000e+00,7.940023519047946898e+00,0.000000000000000000e+00,0.000000000000000000e+00,1.016041179078505552e+00
1.750000000000000119e-08,0.000000000000000000e+00,0.000000000000000000e+00,nan,0.000000000000000000e+00,0.000000000000000000e+00,nan,0.000000000000000000e+00,0.000000000000000000e+00,7.950300661190062179e+00,0.000000000000000000e+00,0.000000000000000000e+00,1.016041179078693180e+00
