time_s,mean_x_m,mean_y_m,mean_z_m,rms_x_m,rms_y_m,rms_z_m,mean_px_beta_gamma,mean_py_beta_gamma,mean_pz_beta_gamma,rms_px_beta_gamma,rms_py_beta_gamma,rms_pz_beta_gamma
0.000000000000000000e+00,-1.043742094826953052e-06,-9.009659547019939377e-06,4.794759123008173959e-04,1.001388615971359180e-03,1.004375000797207195e-03,1.002251508800166141e-01,6.018318248759814949e-09,-7.025975141352485001e-09,1.989870382207754584e-01,4.561167565496311105e-04,4.566324460088105061e-04,1.001004658526363951e-02
0.000000000000000000e+00,-1.043703323329808099e-06,-9.009704660014196981e-06,1.758890771247008681e-03,1.002578581640626784e-03,1.005558990883622696e-03,1.002259215681517435e-01,6.018318248759814949e-09,-7.025975141352485001e-09,1.989870382207754584e-01,4.561167565496311105e-04,4.566324460088105061e-04,1.001004658526363951e-02
2.187500000000000201e-11,-1.043612450294059034e-06,-9.009809519063215788e-06,3.038832370506539503e-03,1.006243677166516635e-03,1.009205878771189712e-03,1.002282951522830839e-01,9.945596761295536588e-09,-1.158546541790502942e-08,1.990743065513732868e-01,9.182404043356553070e-04,9.192950043303106189e-04,1.016978001689181239e-02
4.375000000000000402e-11,-1.043470614201100408e-06,-9.009973574771790362e-06,4.319313403638940820e-03,1.012375294794205793e-03,1.015307637474374301e-03,1.002323031450557123e-01,1.375864929505480000e-08,-1.609007162375836441e-08,1.991642020524091450e-01,1.374027325599848186e-03,1.375639905868074895e-03,1.043503195339798295e-02
6.562500000000000603e-11,-1.043279706733202626e-06,-9.010195994123772916e-06,5.600343864787041270e-03,1.020958752357011739e-03,1.023850495564249770e-03,1.002379711338986235e-01,1.740285448430522924e-08,-2.052303063865788329e-08,1.992565233912869938e-01,1.820603273995009689e-03,1.822792713462099458e-03,1.080014732969033012e-02
8.750000000000000803e-11,-1.043042461827397647e-06,-9.010475979304358169e-06,6.881933482073310758e-03,1.031972933181031721e-03,1.034814540274403994e-03,1.002453247758969684e-01,2.083323955505105410e-08,-2.487750163187651938e-08,1.993514592430262189e-01,2.255445493946385115e-03,2.258227069211634058e-03,1.125831540624349855e-02
1.093750000000000100e-10,-1.042762257617278632e-06,-9.010812687074139257e-06,8.164094068287242392e-03,1.045389879569798373e-03,1.048173271293124150e-03,1.002543955038406459e-01,2.401873685234007198e-08,-2.914409387350319601e-08,1.994493929493681705e-01,2.676450175558211988e-03,2.679832128077529532e-03,1.180214945396725404e-02
1.312500000000000121e-10,-1.042442315634173610e-06,-9.011205040540666930e-06,9.446839542281003366e-03,1.061174532690671753e-03,1.063893237559225546e-03,1.002652205996830970e-01,2.693747191505306073e-08,-3.329317530960169123e-08,1.995509030388381011e-01,3.081976938661311165e-03,3.085959159020532951e-03,1.242390488007533850e-02
1.531250000000000270e-10,-1.042086118892667465e-06,-9.011651440578041198e-06,1.073018830831303817e-02,1.079284689179989785e-03,1.081933907471144003e-03,1.002778488057669698e-01,2.957582605443359337e-08,-3.729004919336396755e-08,1.996561762489212355e-01,3.470860767692220648e-03,3.475434584457544763e-03,1.311612707150420533e-02
1.750000000000000161e-10,-1.041696927837388088e-06,-9.012149807265513082e-06,1.201415601006207597e-02,1.099671182408393710e-03,1.102247796082170880e-03,1.002923229036883079e-01,3.192945636478109877e-08,-4.111550254322998507e-08,1.997659870581625641e-01,3.842382575653937368e-03,3.847527316987009883e-03,1.387197297220363508e-02
1.968750000000000052e-10,-1.041278955029992893e-06,-9.012698298185897988e-06,1.329877001754973739e-02,1.122278319264060492e-03,1.124780815508086111e-03,1.003087142975330748e-01,3.400870548145145489e-08,-4.475636345144043058e-08,1.998805230715793857e-01,4.196230417226371953e-03,4.201917030041765408e-03,1.468554576455671778e-02
2.187499999999999942e-10,-1.040835951539386899e-06,-9.013294910287901544e-06,1.458404763084791139e-02,1.147044604754819848e-03,1.149472950720963451e-03,1.003270710980996572e-01,3.584251261453578572e-08,-4.821216059782874033e-08,1.999987977501615222e-01,4.532435984783834797e-03,4.538628181570779525e-03,1.555103445309620643e-02
2.406249999999999833e-10,-1.040371121593152802e-06,-9.013937805728220508e-06,1.587000340055970057e-02,1.173903533212929335e-03,1.176259009915305584e-03,1.003474357089133295e-01,3.745195497730484969e-08,-5.148351961920485613e-08,2.001210003793609804e-01,4.851288629524381016e-03,4.857936455274144104e-03,1.646251053003489409e-02
2.624999999999999724e-10,-1.039887024782754297e-06,-9.014625191071708600e-06,1.715665643815775243e-02,1.202784487897368701e-03,1.205069486243107646e-03,1.003698619094276351e-01,3.884583095841933621e-08,-5.457090763735081422e-08,2.002469295015201489e-01,5.153269038513476515e-03,5.160318007277156852e-03,1.741553782663523425e-02
2.843749999999999615e-10,-1.039386202106966793e-06,-9.015355022665151903e-06,1.844401819002604304e-02,1.233613786587861843e-03,1.235831636821483519e-03,1.003943862828404615e-01,4.004832403592140971e-08,-5.747314837211583637e-08,2.003761886946840987e-01,5.438990907064865377e-03,5.446380498487318929e-03,1.840684006383499008e-02
3.062499999999999506e-10,-1.038870196496120969e-06,-9.016125963176102606e-06,1.973210218547450170e-02,1.266315559461675400e-03,1.268470257838316293e-03,1.004210510681602525e-01,4.105294045945630440e-08,-6.019174435033728554e-08,2.005091657002337768e-01,5.709182085216317655e-03,5.716846768084071426e-03,1.943305945597659928e-02
3.281249999999999397e-10,-1.038342943892517453e-06,-9.016935476494751476e-06,2.102092404515376253e-02,1.300812986129650309e-03,1.302909011570931161e-03,1.004499040187242093e-01,4.183729849515769483e-08,-6.273308014146298147e-08,2.006474240400889786e-01,5.964657611731755474e-03,5.972540726047745503e-03,2.049199047514043207e-02
3.499999999999999287e-10,-1.037806146288800644e-06,-9.017780656616781868e-06,2.231051589942551275e-02,1.337029226661694400e-03,1.339071388069322174e-03,1.004810313405551520e-01,4.242354715034370378e-08,-6.511412983630538221e-08,2.007907654780166917e-01,6.206261641899353358e-03,6.214309643385517064e-03,2.158182763832445367e-02
3.718749999999999178e-10,-1.037262974979831779e-06,-9.018658252851153244e-06,2.360089017327283989e-02,1.374888110717092504e-03,1.376881344858826330e-03,1.005144749540638344e-01,4.284205967140477146e-08,-6.735973175924041015e-08,2.009374257167866329e-01,6.434828754694797183e-03,6.442989375977539561e-03,2.270008896176005722e-02
3.937499999999999069e-10,-1.036714980647803052e-06,-9.019566882767235605e-06,2.489205658621970393e-02,1.414314761828647975e-03,1.416264021479699074e-03,1.005502713212882565e-01,4.310532984560062464e-08,-6.945593887001425818e-08,2.010897532575647850e-01,6.651176671019841218e-03,6.659401188026966081e-03,2.384507784774899872e-02
4.156249999999998960e-10,-1.036165053058051927e-06,-9.020506337826216987e-06,2.618405591478065175e-02,1.455236269601074914e-03,1.457146390318501353e-03,1.005885273659927331e-01,4.324331910247859010e-08,-7.139110711774566439e-08,2.012483346024277753e-01,6.856106013872269485e-03,6.864351027215330990e-03,2.501685650673307615e-02
4.374999999999998851e-10,-1.035613368496602376e-06,-9.021474627712143280e-06,2.747690416861710283e-02,1.497582163816113358e-03,1.499457791099763869e-03,1.006292950032023903e-01,4.328479447875578087e-08,-7.318728001983010215e-08,2.014116025329905912e-01,7.050389836931654844e-03,7.058620908182599261e-03,2.621448558329238579e-02
4.593749999999998742e-10,-1.035062527831325317e-06,-9.022468268508466356e-06,2.877062197503257174e-02,1.541284685165277566e-03,1.543130270027449815e-03,1.006726370906027429e-01,4.322293472037444450e-08,-7.488162621591828198e-08,2.015785775786816947e-01,7.234762088011775436e-03,7.242955697193759895e-03,2.743599639861252215e-02
4.812499999999998632e-10,-1.034515249367632363e-06,-9.023483733826134369e-06,3.006521268599773519e-02,1.586278950191086180e-03,1.588098816970841699e-03,1.007185789094354467e-01,4.305625720689596106e-08,-7.655063427168199709e-08,2.017486721258982818e-01,7.409913980256152902e-03,7.418052358625303565e-03,2.867985935239710307e-02
5.031249999999998523e-10,-1.033975022670692327e-06,-9.024519461710332765e-06,3.136068909094992530e-02,1.632503168202763342e-03,1.634301469094241212e-03,1.007671672695950038e-01,4.279595530989579544e-08,-7.832010317026622758e-08,2.019252152098177655e-01,7.576488903771080689e-03,7.584556281984507903e-03,2.994473230843906764e-02
5.249999999999998414e-10,-1.033442207949707138e-06,-9.025577587177673359e-06,3.265709509724769311e-02,1.679898646696413849e-03,1.681679333652564938e-03,1.008185171929894819e-01,4.247615292580640068e-08,-8.029678963571677879e-08,2.021087944334321040e-01,7.735080983896501679e-03,7.743066472175632632e-03,3.123000679860276491e-02
5.468749999999998305e-10,-1.032913179486193888e-06,-9.026659941656848391e-06,3.395445005944733308e-02,1.728409838365653570e-03,1.730176673083530688e-03,1.008726906280549285e-01,4.215189794256963731e-08,-8.253143415744988464e-08,2.022982350644154381e-01,7.886237749714294920e-03,7.894138163689145768e-03,3.253601267176660372e-02
5.687499999999998196e-10,-1.032389606085475202e-06,-9.027768841234726525e-06,3.525278247391629149e-02,1.777984218759612886e-03,1.779740760987836038e-03,1.009297695453583166e-01,4.184358010440567065e-08,-8.499435104692885723e-08,2.024949081494342162e-01,8.030462092341318983e-03,8.038279173996045607e-03,3.386317980733836996e-02
5.906249999999998087e-10,-1.031875874844895633e-06,-9.028899312476735669e-06,3.655212769033372444e-02,1.828572227715417366e-03,1.830321804788457435e-03,1.009898508377291421e-01,4.153596403577809988e-08,-8.748630157269004002e-08,2.026988139829007107e-01,8.168213663124510721e-03,8.175945761172535159e-03,3.521158882207901797e-02
6.124999999999997977e-10,-1.031372674752765131e-06,-9.030051935711107852e-06,3.785251332101267907e-02,1.880127050755338834e-03,1.881872716119440802e-03,1.010530151482986194e-01,4.120927429168201242e-08,-8.983588946846065614e-08,2.029099529004096680e-01,8.299917961395154864e-03,8.307560358114486274e-03,3.658118457974249282e-02
6.343749999999997868e-10,-1.030869533464980079e-06,-9.031227704496853163e-06,3.915397385623959475e-02,1.932604641893477916e-03,1.934349200978808386e-03,1.011193579654566937e-01,4.085303951832960070e-08,-9.204228625145663595e-08,2.031279336471696895e-01,8.425975602319836846e-03,8.433525498652614735e-03,3.797188595936669409e-02
6.562499999999997759e-10,-1.030368032038476037e-06,-9.032426471099533260e-06,4.045653121191185309e-02,1.985963640927800294e-03,1.987709648330812477e-03,1.011889485383212495e-01,4.047534882072504546e-08,-9.417459069957702098e-08,2.033521691660209185e-01,8.546757174101721199e-03,8.554216108539011015e-03,3.938390536206664433e-02
6.781249999999997650e-10,-1.029869547924530792e-06,-9.033653575665594521e-06,4.176021167368782622e-02,2.040165190401831922e-03,2.041914980611778552e-03,1.012618655557591257e-01,4.012531164125923662e-08,-9.625498513526954289e-08,2.035818765939119146e-01,8.662609856428166166e-03,8.669979713044898700e-03,4.081709286183516500e-02
6.999999999999997541e-10,-1.029375990488088531e-06,-9.034904807492468196e-06,4.306502663422862726e-02,2.095172841726299518e-03,2.096928543126361233e-03,1.013381573035189165e-01,3.980276877422852119e-08,-9.823836049161615397e-08,2.038172521802861237e-01,8.773853196974325599e-03,8.781130558056481072e-03,4.227093557512977273e-02
7.218749999999997432e-10,-1.028894361291264549e-06,-9.036176548576589765e-06,4.437100405143155207e-02,2.150952374350638841e-03,2.152715885759313909e-03,1.014179064585988554e-01,3.935344913925286762e-08,-1.001673441258883164e-07,2.040596670909319288e-01,8.880772310244618509e-03,8.887951687033381412e-03,4.374498312446941511e-02
7.437499999999997323e-10,-1.028424609501155709e-06,-9.037468049665902479e-06,4.567817148668408544e-02,2.207471620577223202e-03,2.209244624907727959e-03,1.015011950040303063e-01,3.834002128749073921e-08,-1.021467089273156640e-07,2.043102966487791161e-01,8.983625475291809673e-03,8.990702789721123286e-03,4.523894839104949245e-02
7.656249999999997213e-10,-1.027971302112465247e-06,-9.038776774941210723e-06,4.698657060608762287e-02,2.264700332890082386e-03,2.266484315527217668e-03,1.015881335137964192e-01,3.631549527949778456e-08,-1.041450309507536803e-07,2.045695328790139711e-01,9.082652694858479869e-03,9.089627937029259169e-03,4.675306228431810873e-02
7.874999999999997104e-10,-1.027540287230513701e-06,-9.040102406599142512e-06,4.829623283908750231e-02,2.322610076464598668e-03,2.324406393056124322e-03,1.016788119279036090e-01,3.339617142786076167e-08,-1.058796942031463677e-07,2.048365928729745378e-01,9.178082290430230814e-03,9.184960563955769930e-03,4.828774495559649133e-02
8.093749999999996995e-10,-1.027140156020742627e-06,-9.041439402870038306e-06,4.960718913833516569e-02,2.381174161127722066e-03,2.382984058814509570e-03,1.017733192343003579e-01,3.049120160556436087e-08,-1.069913048417659633e-07,2.051120644124147518e-01,9.270107277082622124e-03,9.276896393252020978e-03,4.984279030018601980e-02
8.312499999999996886e-10,-1.026765702306260381e-06,-9.042788461975468997e-06,5.091947732214593264e-02,2.440367190052798729e-03,2.442191835092023117e-03,1.018717580490615393e-01,2.836212207362408919e-08,-1.074331558559613227e-07,2.053957519466377835e-01,9.358902431545114420e-03,9.365608356234858545e-03,5.141848271256161534e-02
8.531249999999996777e-10,-1.026416763696797214e-06,-9.044143511204115793e-06,5.223312488632449874e-02,2.500165256637912250e-03,2.502005719915410559e-03,1.019742105395186615e-01,2.669761917383644890e-08,-1.074595752792971410e-07,2.056880474498298528e-01,9.444646805132031475e-03,9.451272045563570423e-03,5.301495931332093903e-02
8.749999999999996668e-10,-1.026097404105275729e-06,-9.045498890390151042e-06,5.354817347289143187e-02,2.560545840060105254e-03,2.562403086162339839e-03,1.020807864786965058e-01,2.527155114145958643e-08,-1.074731048017322941e-07,2.059901261299033615e-01,9.527491074464086718e-03,9.534037907560737046e-03,5.463187352793386076e-02
8.968749999999996558e-10,-1.025799298374859495e-06,-9.046870382275634759e-06,5.486466422192254333e-02,2.621487493208236440e-03,2.623362402322716117e-03,1.021915942540516237e-01,2.415961663375266764e-08,-1.076907445052164202e-07,2.063014007720845033e-01,9.607577009069431795e-03,9.614049977527018911e-03,5.626954646182270869e-02
9.187499999999996449e-10,-1.025524433052017750e-06,-9.048266160109621632e-06,5.618263043053688816e-02,2.682970027535432934e-03,2.684863426380444847e-03,1.023067269498721399e-01,2.322971294332768048e-08,-1.080414610098774224e-07,2.066226549977679405e-01,9.685055904234157742e-03,9.691460665743263300e-03,5.792827157063543120e-02
9.406249999999997374e-10,-1.025263400644742801e-06,-9.049680872126008018e-06,5.750212176872263048e-02,2.744974451447841201e-03,2.746887095759946787e-03,1.024263086176782356e-01,2.241864844279614199e-08,-1.084584964469275015e-07,2.069536932874252722e-01,9.760069036557650693e-03,9.766410023266055423e-03,5.960834273392479066e-02
9.624999999999997265e-10,-1.025008042839355106e-06,-9.051115665663425015e-06,5.882316796718117802e-02,2.807482857043570694e-03,2.809415444198384241e-03,1.025504252831025004e-01,2.173181216599695951e-08,-1.088987115142233113e-07,2.072941242806980444e-01,9.832747750145543961e-03,9.839027423121564017e-03,6.130996701191421261e-02
9.843749999999997156e-10,-1.024776017064681394e-06,-9.052562155661795723e-06,6.014581272301604276e-02,2.870478369457682422e-03,2.872431526766669289e-03,1.026791889787947026e-01,2.123413243957228670e-08,-1.093679452135603418e-07,2.076437524302642279e-01,9.903214130794119052e-03,9.909434423361090927e-03,6.303307744452915640e-02
1.006249999999999705e-09,-1.024563539345204556e-06,-9.054016996390435048e-06,6.147008231528675731e-02,2.933945053619569591e-03,2.935919351600931038e-03,1.028126789802332047e-01,2.095399482198263437e-08,-1.098851780701937177e-07,2.080021863395046799e-01,9.971577899875629439e-03,9.977742705288403582e-03,6.477767627350718149e-02
1.028124999999999694e-09,-1.024363934468977922e-06,-9.055491727689971132e-06,6.279601454179011000e-02,2.997867814586881435e-03,2.999863797934038470e-03,1.029509955530470838e-01,2.084112256974245831e-08,-1.104441517159891927e-07,2.083715803226434127e-01,1.003794107303473092e-02,1.004405637278544053e-02,6.654380647309725283e-02
1.049999999999999683e-09,-1.024175286862644191e-06,-9.056989245942299285e-06,6.412366108235388606e-02,3.062232336966236833e-03,3.064250556546502594e-03,1.030942639574597974e-01,2.080474381692545974e-08,-1.110347531847085758e-07,2.087533053863519783e-01,1.010240102856082949e-02,1.010847236716093563e-02,6.833136819645831139e-02
1.071874999999999672e-09,-1.023987299294542415e-06,-9.058491706849040363e-06,6.545307553285265034e-02,3.127025058063794515e-03,3.129066035523459400e-03,1.032426121558671778e-01,2.080855854288473662e-08,-1.116294852841705001e-07,2.091467742817081921e-01,1.016505134489253427e-02,1.017108106880471388e-02,7.014060308700431623e-02
1.093749999999999661e-09,-1.023787531394507952e-06,-9.059987035434128265e-06,6.678430108519892161e-02,3.192233161307312175e-03,3.194297362724578260e-03,1.033961486984015798e-01,2.088084826528416916e-08,-1.121961125258822088e-07,2.095510081007431746e-01,1.022597932301532245e-02,1.023196811799168861e-02,7.197202861951364217e-02
1.115624999999999650e-09,-1.023590327946619237e-06,-9.061470424974102977e-06,6.811737786369784220e-02,3.257844476102853080e-03,3.259932316966674803e-03,1.035549760900800476e-01,2.106151897332958523e-08,-1.127543246090234280e-07,2.099673778155551618e-01,1.028526388723949650e-02,1.029121243985536491e-02,7.382563247146316232e-02
1.137499999999999639e-09,-1.023403704277364864e-06,-9.062930711776569332e-06,6.945236472285140628e-02,3.323847408578481377e-03,3.325959269747048343e-03,1.037192291604550204e-01,2.132910223829112834e-08,-1.133195227506230068e-07,2.103986251608678804e-01,1.034297807024239790e-02,1.034888789859753078e-02,7.570107123263000726e-02
1.159374999999999628e-09,-1.023224880858732213e-06,-9.064361110999850127e-06,7.078933445015712922e-02,3.390230912888670626e-03,3.392367156802536098e-03,1.038890661193371673e-01,2.162970147065618956e-08,-1.138757718074251670e-07,2.108435753705790727e-01,1.039919133452419514e-02,1.040506592374600137e-02,7.759887199096278387e-02
1.181249999999999617e-09,-1.023038671725911872e-06,-9.065785949729819940e-06,7.212832991911731495e-02,3.456984467036119599e-03,3.459145455658453518e-03,1.040645919081256143e-01,2.195739502437416668e-08,-1.144335432465186565e-07,2.113008578524254444e-01,1.045397182494245229e-02,1.045981430306922554e-02,7.951981187634363235e-02
1.203124999999999606e-09,-1.022848241322817335e-06,-9.067221253275200261e-06,7.346940534753024221e-02,3.524098083020510419e-03,3.526284141839511246e-03,1.042459303258905789e-01,2.231924552595492258e-08,-1.150112747355163991e-07,2.117708644271762419e-01,1.050738377923827842e-02,1.051319536929617125e-02,8.146416887461946366e-02
1.224999999999999595e-09,-1.022664452012816432e-06,-9.068662063895862083e-06,7.481260692606135632e-02,3.591562229573080564e-03,3.593773654363079974e-03,1.044331906263705756e-01,2.272890218014364834e-08,-1.155943950433972164e-07,2.122551618470819579e-01,1.055948372405983784e-02,1.056526694634288277e-02,8.343213689695436197e-02
1.246874999999999585e-09,-1.022491582369905125e-06,-9.070100884998327450e-06,7.615800661694059615e-02,3.659367775566632359e-03,3.661604852357497678e-03,1.046265244638186487e-01,2.319625305046981227e-08,-1.161778514687458214e-07,2.127555126819162534e-01,1.061032560694724451e-02,1.061608268549799408e-02,8.542395557201308554e-02
1.268749999999999574e-09,-1.022320344258092252e-06,-9.071530988461240416e-06,7.750567066847960374e-02,3.727505985246298923e-03,3.729769002652962451e-03,1.048260725773232371e-01,2.367124585971819144e-08,-1.167729847471279698e-07,2.132691755299490899e-01,1.065996320625390952e-02,1.066569410334452725e-02,8.744012926143415743e-02
1.290624999999999563e-09,-1.022132171389052234e-06,-9.072956575524646192e-06,7.885563560786286452e-02,3.795968540479471767e-03,3.798257768898024005e-03,1.050319254147720621e-01,2.412706211264010048e-08,-1.173684288492378269e-07,2.137949755822704523e-01,1.070844656171167537e-02,1.071415064289306732e-02,8.948048972856408045e-02
1.312499999999999552e-09,-1.021922612145890606e-06,-9.074374410697186912e-06,8.020795189738941233e-02,3.864747494720601698e-03,3.867063147455291477e-03,1.052441955025545939e-01,2.460692419471461920e-08,-1.179472918347554833e-07,2.143350670439128636e-01,1.075582100981654389e-02,1.076149943465218653e-02,9.154479294076588169e-02
1.334374999999999541e-09,-1.021699062946518537e-06,-9.075772988253216528e-06,8.156268116243933775e-02,3.933835195769617640e-03,3.936177486386549865e-03,1.054630123743242748e-01,2.511784778211160196e-08,-1.185113062780181897e-07,2.148923874139573587e-01,1.080212906354192232e-02,1.080778551243714337e-02,9.363329989885696425e-02
1.356249999999999530e-09,-1.021493453737884019e-06,-9.077148844737040244e-06,8.291990818184394318e-02,4.003224270827219697e-03,4.005593434442557450e-03,1.056885412558940113e-01,2.564947829059978934e-08,-1.190665635369010382e-07,2.154661535061484778e-01,1.084741133736887020e-02,1.085304808771111670e-02,9.574649630737386286e-02
1.378124999999999519e-09,-1.021293809110540084e-06,-9.078513084687440094e-06,8.427968305572461349e-02,4.072907652200359434e-03,4.075303950518870816e-03,1.059208903600791646e-01,2.618889178867867910e-08,-1.196221672615563967e-07,2.160557779557186198e-01,1.089170694791678426e-02,1.089732435611676618e-02,9.788465390428913171e-02
1.399999999999999508e-09,-1.021125212950103551e-06,-9.079874422657766667e-06,8.564208153238518639e-02,4.142878544674156484e-03,4.145302249219745550e-03,1.061602070304067807e-01,2.669483618678382024e-08,-1.201808225268354867e-07,2.166634149490875572e-01,1.093505379477480687e-02,1.094065208089741066e-02,1.000476651841639003e-01
1.421874999999999497e-09,-1.020988967485354905e-06,-9.081224823896209480e-06,8.700717850691230826e-02,4.213130441194064615e-03,4.215581784234787716e-03,1.064066354961405308e-01,2.717232183496986117e-08,-1.207348788460313933e-07,2.172888687671694630e-01,1.097748717812400097e-02,1.098306691701807399e-02,1.022360020852671886e-01
1.443749999999999486e-09,-1.020859367098147961e-06,-9.082582942885662980e-06,8.837504525881312301e-02,4.283657081234543140e-03,4.286136274764932447e-03,1.066603125522091744e-01,2.767699634581918924e-08,-1.212765370179062725e-07,2.179315520346297164e-01,1.101904011263064344e-02,1.102460231114252981e-02,1.044499784576486956e-01
1.465624999999999475e-09,-1.020715977089896310e-06,-9.083933488958752253e-06,8.974574749745715951e-02,4.354452435642957447e-03,4.356959661096736040e-03,1.069213646223290126e-01,2.824557825096822384e-08,-1.218035173775736099e-07,2.185922481459482425e-01,1.105974427825640038e-02,1.106528954356774536e-02,1.066895285834944529e-01
1.487499999999999465e-09,-1.020519667985122074e-06,-9.085281518257355023e-06,9.111936433024418747e-02,4.425510679192558652e-03,4.428046108344630728e-03,1.071899366398171849e-01,2.884397288848515258e-08,-1.223191582747079676e-07,2.192699780656552078e-01,1.109962882562614411e-02,1.110515848822376563e-02,1.089553481443630290e-01
1.509374999999999454e-09,-1.020284741444889253e-06,-9.086633780277520703e-06,9.249594711142489212e-02,4.496826203129110529e-03,4.499390007412234702e-03,1.074661302431170334e-01,2.942986979520696250e-08,-1.228409316248807385e-07,2.199655251802976885e-01,1.113872177301007682e-02,1.114423796110118950e-02,1.112475328919423495e-01
1.531249999999999443e-09,-1.020060402076460307e-06,-9.088025411156104805e-06,9.387558254978542460e-02,4.568393573502862841e-03,4.570985925169609825e-03,1.077500975904505387e-01,3.000458780317921307e-08,-1.233743137933376765e-07,2.206796728773778027e-01,1.117705201036505586e-02,1.118255520371712851e-02,1.135658751753944457e-01
1.553124999999999432e-09,-1.019845776703307120e-06,-9.089457028765915504e-06,9.525832981445810088e-02,4.640207584001615655e-03,4.642828639906226851e-03,1.080419485575105365e-01,3.058963184321596148e-08,-1.238969488309920599e-07,2.214126170618153921e-01,1.121464611711308831e-02,1.122013516144784902e-02,1.159102182263993253e-01
1.574999999999999421e-09,-1.019609734697409762e-06,-9.090878489993612705e-06,9.664427618362389505e-02,4.712263189752810208e-03,4.714913078732154740e-03,1.083418317171539191e-01,3.120639105400855172e-08,-1.243982037939243737e-07,2.221663160559189110e-01,1.125152775094859052e-02,1.125700167394874836e-02,1.182805902401638104e-01
1.596874999999999410e-09,-1.019357731009725227e-06,-9.092305127804260992e-06,9.803350274144291554e-02,4.784555468444148286e-03,4.787234346817438937e-03,1.086498842618880550e-01,3.183369410670365281e-08,-1.248866055181695418e-07,2.229390075057893217e-01,1.128771845895103557e-02,1.129317849257824996e-02,1.206775989032691648e-01
1.618749999999999399e-09,-1.019103836186719366e-06,-9.093742251493081510e-06,9.942607270610634429e-02,4.857079660564648377e-03,4.859787712365316002e-03,1.089662160918438705e-01,3.243954132664851580e-08,-1.253648488468460863e-07,2.237318664281939817e-01,1.132323912342669998e-02,1.132868786396464683e-02,1.231009415627411646e-01
1.640624999999999388e-09,-1.018876859979359945e-06,-9.095189887448804666e-06,1.008220796867939362e-01,4.929831137022222531e-03,4.932568580394012386e-03,1.092909771402900548e-01,3.302638875137910338e-08,-1.258367247799936728e-07,2.245456761893201425e-01,1.135811149236082111e-02,1.136355005672937471e-02,1.255507610791676554e-01
1.662499999999999377e-09,-1.018701416012615217e-06,-9.096665512646243701e-06,1.022215942382026649e-01,5.002805422001568164e-03,5.005572477477246776e-03,1.096242830580008154e-01,3.359408794305467427e-08,-1.263077654819918064e-07,2.253806326793203196e-01,1.139235679619029530e-02,1.139778454632093575e-02,1.280273968920645211e-01
1.684374999999999366e-09,-1.018544339256084825e-06,-9.098152461280011952e-06,1.036247098933202604e-01,5.075998215770283553e-03,5.078795003930837958e-03,1.099662783922610437e-01,3.414406756735341090e-08,-1.267750180767653332e-07,2.262369317898028642e-01,1.142599551911130384e-02,1.143141149454467674e-02,1.305309690945647971e-01
1.706249999999999355e-09,-1.018407744995111029e-06,-9.099639907834786658e-06,1.050314972820994147e-01,5.149405348173710477e-03,5.152231937327745107e-03,1.103170741554597850e-01,3.469348763671887988e-08,-1.272435334608019883e-07,2.271141819344295043e-01,1.145904636317538958e-02,1.146445075856727773e-02,1.330619012138350987e-01
1.728124999999999344e-09,-1.018218485367368861e-06,-9.101179698392110228e-06,1.064420425113711405e-01,5.223022740137093882e-03,5.225879165422018212e-03,1.106767995915198255e-01,3.525012139173661488e-08,-1.277176518725121852e-07,2.280139497673723814e-01,1.149152589796424533e-02,1.149691995050896968e-02,1.356200695093736086e-01
1.749999999999999334e-09,-1.017967130554200549e-06,-9.102729403827508985e-06,1.078564331008490668e-01,5.296846406452688366e-03,5.299732689184986564e-03,1.110455830740597893e-01,3.581764423251919553e-08,-1.281868028994990462e-07,2.289397601852160291e-01,1.152344957415063487e-02,1.152883433115379011e-02,1.382047508856992790e-01
1.771874999999999323e-09,-1.017698424783462080e-06,-9.104299638872232999e-06,1.092747963817156387e-01,5.370872367665551275e-03,5.373788582882835750e-03,1.114236009821646389e-01,3.639517211523859215e-08,-1.286364115291102444e-07,2.298906341135999454e-01,1.155483341428726295e-02,1.156020894015908317e-02,1.408164307674486249e-01
1.793749999999999312e-09,-1.017375932146860619e-06,-9.105876303303741401e-06,1.106972050876371821e-01,5.445096846816298471e-03,5.448043061173531154e-03,1.118109565503499353e-01,3.698550807498369732e-08,-1.290678392111397701e-07,2.308638300578575719e-01,1.158569404541475237e-02,1.159105941226691062e-02,1.434558320936798470e-01
1.815624999999999301e-09,-1.017001054373261135e-06,-9.107443717048993565e-06,1.121237500560082756e-01,5.519516171939406642e-03,5.522492414801519894e-03,1.122077732682742052e-01,3.759789039153002295e-08,-1.294948136887732774e-07,2.318597397174338715e-01,1.161604613541658039e-02,1.162140093397327940e-02,1.461230377413591519e-01
1.837499999999999290e-09,-1.016585473341877177e-06,-9.109028820615008059e-06,1.135545062213798723e-01,5.594126732395642010e-03,5.597133069919007879e-03,1.126141518922155055e-01,3.821139561243953005e-08,-1.299220014769048219e-07,2.328773840125212269e-01,1.164590268073211095e-02,1.165124780312022136e-02,1.488181557907807540e-01
1.859374999999999279e-09,-1.016114066569289458e-06,-9.110623454746976564e-06,1.149895499283042077e-01,5.668925016104458918e-03,5.671961540033764772e-03,1.130301924017763221e-01,3.880603120733993776e-08,-1.303453980617022818e-07,2.339206794848233129e-01,1.167527680512642045e-02,1.168061325605150406e-02,1.515403620488600944e-01
1.881249999999999475e-09,-1.015569856573646911e-06,-9.112230105575249740e-06,1.164290019671645193e-01,5.743907547450754353e-03,5.746974332911027050e-03,1.134560451707463113e-01,3.940259100694078402e-08,-1.307650020263867975e-07,2.349931510268849499e-01,1.170418201338649031e-02,1.170951004275617817e-02,1.542894543267550322e-01
1.903124999999999464e-09,-1.014966715372539791e-06,-9.113897302940436810e-06,1.178729790304673120e-01,5.819070940629528232e-03,5.822168041082894860e-03,1.138918516367725953e-01,4.002423148434041314e-08,-1.311761160674888655e-07,2.360944070334388134e-01,1.173263158439625392e-02,1.173795093488484535e-02,1.570659807578619616e-01
1.924999999999999453e-09,-1.014284324610955404e-06,-9.115641373474150054e-06,1.193215938395381787e-01,5.894411851619462892e-03,5.897539374500637352e-03,1.143377447394446356e-01,4.066268843065919611e-08,-1.315836237099192551e-07,2.372232725956568145e-01,1.176063741683936945e-02,1.176594804920014226e-02,1.598703795493723878e-01
1.946874999999999442e-09,-1.013610988823069081e-06,-9.117483280951560909e-06,1.207749455862501542e-01,5.969927044564673005e-03,5.973085103158365036e-03,1.147938379646670920e-01,4.128881729282633536e-08,-1.320153930123384683e-07,2.383811185242723507e-01,1.178821020266347490e-02,1.179351255350101838e-02,1.627025540046207752e-01
1.968749999999999431e-09,-1.012940666680729884e-06,-9.119410951872952904e-06,1.222331608538865522e-01,6.045613320416910914e-03,6.048801987977529132e-03,1.152602723102531951e-01,4.188096761870400208e-08,-1.324786146847136221e-07,2.395689239773298729e-01,1.181536036231099589e-02,1.182065437038657546e-02,1.655624414932331812e-01
1.990624999999999420e-09,-1.012293158876832190e-06,-9.121406644792071089e-06,1.236963478600230787e-01,6.121467511656600996e-03,6.124686877328588963e-03,1.157371639047207607e-01,4.243313525484753097e-08,-1.329470854649652599e-07,2.407841432657042147e-01,1.184209831542644593e-02,1.184738365586293293e-02,1.684506720685109982e-01
2.012499999999999409e-09,-1.011720280301793041e-06,-9.123443111894160985e-06,1.251645987555740080e-01,6.197486529692937396e-03,6.200736732212588399e-03,1.162246074837379461e-01,4.295442036140658856e-08,-1.333952032407186700e-07,2.420256014784535059e-01,1.186843456649811640e-02,1.187371182478656577e-02,1.713674426414361629e-01
2.034374999999999398e-09,-1.011219104796021874e-06,-9.125488424917450672e-06,1.266380043992514359e-01,6.273667391491633515e-03,6.276948517024314063e-03,1.167226931448819144e-01,4.346026597869982673e-08,-1.338140466957267549e-07,2.432936903013352692e-01,1.189437923099845133e-02,1.189964931380225674e-02,1.743125391782170130e-01
2.056249999999999387e-09,-1.010804610036220524e-06,-9.127520143571598346e-06,1.281166589846273740e-01,6.350007146679725184e-03,6.353319315931609500e-03,1.172315114220107424e-01,4.394802159104904993e-08,-1.342090391474941020e-07,2.445893888887723244e-01,1.191994130368474215e-02,1.192520486349026715e-02,1.772856451944043177e-01
2.078124999999999377e-09,-1.010480957650028923e-06,-9.129527491621647952e-06,1.296006626062315981e-01,6.426502891970445157e-03,6.429846237123901589e-03,1.177511554695942625e-01,4.440310249015684044e-08,-1.345808115734043619e-07,2.459125014440008139e-01,1.194512951072978536e-02,1.195038653328827673e-02,1.802867355556236617e-01
2.099999999999999366e-09,-1.010241124871008612e-06,-9.131511884575711419e-06,1.310901041450117654e-01,6.503151801418791123e-03,6.506526427859964795e-03,1.182817034814741403e-01,4.483245039274228290e-08,-1.349273881758264167e-07,2.472681194440379260e-01,1.196995268973596004e-02,1.197520258387931719e-02,1.833149520490428563e-01
2.121874999999999355e-09,-1.010036008982275133e-06,-9.133477554786270601e-06,1.325851430199547487e-01,6.579951019876965207e-03,6.583357001100011326e-03,1.188233011803682820e-01,4.525660861926901736e-08,-1.352589157113773019e-07,2.486558512701955437e-01,1.199441945470502459e-02,1.199966202418373609e-02,1.863708499957173470e-01
2.143749999999999344e-09,-1.009849357600929487e-06,-9.135470410348218688e-06,1.340858595295125744e-01,6.656897840030390028e-03,6.660335205573351611e-03,1.193760105678391414e-01,4.568837338790860647e-08,-1.355798606424511926e-07,2.500700180307290355e-01,1.201853818701428649e-02,1.202377367656860298e-02,1.894556824730425637e-01
2.165624999999999333e-09,-1.009714117388117179e-06,-9.137512376058453927e-06,1.355923399662244955e-01,6.733989595069783500e-03,6.737458328846562816e-03,1.199398965156036889e-01,4.612389997957204471e-08,-1.358861582816746862e-07,2.515141446005302317e-01,1.204231642836364052e-02,1.204754529744911026e-02,1.925684303668383224e-01
2.187499999999999322e-09,-1.009630602109053251e-06,-9.139570098678009507e-06,1.371047051459349242e-01,6.811223550291118159e-03,6.814723615823262137e-03,1.205150537425417473e-01,4.655600510031970540e-08,-1.361789488630367229e-07,2.529913642027972753e-01,1.206576130838281878e-02,1.207098409089189112e-02,1.957084505874822633e-01
2.209374999999999311e-09,-1.009522391055412096e-06,-9.141627789852088643e-06,1.386230766009958759e-01,6.888597021010559387e-03,6.892128429888186650e-03,1.211015734352278855e-01,4.699007236298796478e-08,-1.364584150549145092e-07,2.545022643365292270e-01,1.208888001426570644e-02,1.209409687293880840e-02,1.988755548849013566e-01
2.231249999999999300e-09,-1.009395215811071878e-06,-9.143623728376080615e-06,1.401475791330364096e-01,6.966107307810624240e-03,6.969670112919950158e-03,1.216995451337025275e-01,4.744416787467150146e-08,-1.367304113332315389e-07,2.560478241507743724e-01,1.211167951322618917e-02,1.211689061335101750e-02,2.020695103995832631e-01
2.253124999999999289e-09,-1.009143048604165825e-06,-9.145662610156140416e-06,1.416783429585993515e-01,7.043751810349847126e-03,7.047345987637911556e-03,1.223090588766080206e-01,4.793480108562173472e-08,-1.370057237205256687e-07,2.576276520198725328e-01,1.213416650696151448e-02,1.213937225041744790e-02,2.052905975305583108e-01
2.274999999999999278e-09,-1.008785653287860259e-06,-9.147792456107781191e-06,1.432154843814529011e-01,7.121527940328831185e-03,7.125153494287148059e-03,1.229301877662185294e-01,4.844910679737645464e-08,-1.372858098814480262e-07,2.592411604908795852e-01,1.215634736466313787e-02,1.216154793036904568e-02,2.085389779568478097e-01
2.296874999999999267e-09,-1.008298591532200138e-06,-9.150095743219568072e-06,1.447591228989781875e-01,7.199433099622337164e-03,7.203090034569409501e-03,1.235630035369834484e-01,4.897541065474691112e-08,-1.375760688755478043e-07,2.608877621099384148e-01,1.217822819472747474e-02,1.218342354497296484e-02,2.118147834342406499e-01
2.318749999999999256e-09,-1.007703279646341024e-06,-9.152550286115987313e-06,1.463093641109787790e-01,7.277464759637942808e-03,7.281153078443686720e-03,1.242075618970992779e-01,4.951558914064790464e-08,-1.378831724923553506e-07,2.625662819489716360e-01,1.219981507591652234e-02,1.220500508616354993e-02,2.151185277864416934e-01
2.340624999999999246e-09,-1.007040120478475050e-06,-9.155122111898420821e-06,1.478663092082984076e-01,7.355620402613097589e-03,7.359340106108304240e-03,1.248639112252083738e-01,5.006950171574740061e-08,-1.382027504742130398e-07,2.642763283801073948e-01,1.222111395909804624e-02,1.222629877788826425e-02,2.184503630348098024e-01
2.362499999999999235e-09,-1.006288743366789763e-06,-9.157824570836903906e-06,1.494300553561549449e-01,7.433897527218304678e-03,7.437648721906124118e-03,1.255320930313984229e-01,5.062204112216998870e-08,-1.385230391868740085e-07,2.660198596724513420e-01,1.224213033055201495e-02,1.224731039226698535e-02,2.218093930016914461e-01
2.384374999999999224e-09,-1.005582722202871335e-06,-9.160644494320498474e-06,1.510007248938197710e-01,7.512293582020482773e-03,7.516076432709520132e-03,1.262121656202015718e-01,5.115168760052011137e-08,-1.388393238744565360e-07,2.678013798164407544e-01,1.226286923767052651e-02,1.226804501166535964e-02,2.251941551166047883e-01
2.406249999999999213e-09,-1.004838937997070433e-06,-9.163586898244298210e-06,1.525784672712380552e-01,7.590806048151556816e-03,7.594620675350481111e-03,1.269042042871371956e-01,5.166503955564958562e-08,-1.391516219821133437e-07,2.696210846554419338e-01,1.228333582341830342e-02,1.228850790207354493e-02,2.286048259039588915e-01
2.428124999999999202e-09,-1.004010675381410375e-06,-9.166584295200296960e-06,1.541634031877630873e-01,7.669432378927077548e-03,7.673278964049061457e-03,1.276082570293220753e-01,5.217875831648285182e-08,-1.394528979860811298e-07,2.714799533317823754e-01,1.230353524153243380e-02,1.230870394050761173e-02,2.320413331083961972e-01
2.449999999999999191e-09,-1.003099775781134955e-06,-9.169719183161938595e-06,1.557556900454456217e-01,7.748170049269300849e-03,7.752048806256554674e-03,1.283243953725825559e-01,5.269345744965999749e-08,-1.397406828764559254e-07,2.733799441103259009e-01,1.232347230604896419e-02,1.232863742782442686e-02,2.355031270410989364e-01
2.471874999999999180e-09,-1.002144676778859892e-06,-9.172950977142066520e-06,1.573554688328300533e-01,7.827016609277540754e-03,7.830927638192850676e-03,1.290526734857163627e-01,5.321080375390735832e-08,-1.400169961323395685e-07,2.753210570078324926e-01,1.234315177177217580e-02,1.234831303628891250e-02,2.389902871036521659e-01
2.493749999999999169e-09,-1.001089082120457645e-06,-9.176319725714326606e-06,1.589628928797602037e-01,7.905969522240624547e-03,7.909912964636707164e-03,1.297931495979479932e-01,5.373507707658916161e-08,-1.402919701696388554e-07,2.773040753414752202e-01,1.236257828172029546e-02,1.236773576709957259e-02,2.425026421507828212e-01
2.515624999999999158e-09,-1.000043346773051675e-06,-9.179840016158562102e-06,1.605781087423406028e-01,7.985026341737382419e-03,7.989002230933742871e-03,1.305458722919664027e-01,5.425556953511435268e-08,-1.405762585622607190e-07,2.793297824261716800e-01,1.238175595756214539e-02,1.238691013358702957e-02,2.460400527783963842e-01
2.537499999999999147e-09,-9.989489223874143301e-07,-9.183546045746193134e-06,1.622012751561274224e-01,8.064184416594889077e-03,8.068193004624694270e-03,1.313108937111768237e-01,5.476529212479108919e-08,-1.408637791847503818e-07,2.813973949758305504e-01,1.240068864076732634e-02,1.240584014559797769e-02,2.496029531967746129e-01
2.559374999999999136e-09,-9.978161433273691372e-07,-9.187421206929857910e-06,1.638325245406916097e-01,8.143441272559242064e-03,8.147482872491638994e-03,1.320882433530512212e-01,5.526528907828540717e-08,-1.411430576289583629e-07,2.835028006815261126e-01,1.241938047614070915e-02,1.242452968772221090e-02,2.531925573689398634e-01
2.581249999999999125e-09,-9.967278748912135732e-07,-9.191378664847801522e-06,1.654719608591951330e-01,8.222794522963905103e-03,8.226869390357475012e-03,1.328779280528184503e-01,5.575661405947409112e-08,-1.414058446410644245e-07,2.856495244049801485e-01,1.243783543125626806e-02,1.244298242023111727e-02,2.568076864575910556e-01
2.603124999999999115e-09,-9.956782919527695265e-07,-9.195384596401247665e-06,1.671197559461369830e-01,8.302241601663509080e-03,8.306349994112798354e-03,1.336799945162711889e-01,5.623278566892213372e-08,-1.416537213801301221e-07,2.878426576069308407e-01,1.245605732272036907e-02,1.246120196954194313e-02,2.604468265796066606e-01
2.624999999999999104e-09,-9.947937717013752000e-07,-9.199524942001123827e-06,1.687760720975449991e-01,8.381780036753445906e-03,8.385922153105513158e-03,1.344944784061805065e-01,5.667367451618405232e-08,-1.418951802576096445e-07,2.900790671018693145e-01,1.247404983827828974e-02,1.247919199246732593e-02,2.641110092494765027e-01
2.646874999999999093e-09,-9.941508479467304658e-07,-9.203759024449391943e-06,1.704410380530297364e-01,8.461407411947900054e-03,8.465583311380701220e-03,1.353213901243027484e-01,5.706657869354183082e-08,-1.421275361553706165e-07,2.923605153261423784e-01,1.249181632058764778e-02,1.249695607857789423e-02,2.677996666829226546e-01
2.668749999999999082e-09,-9.937378316201003502e-07,-9.208111592796988225e-06,1.721148333765639693e-01,8.541121174968460336e-03,8.545330772031881419e-03,1.361607662376238537e-01,5.741669914544264820e-08,-1.423441411937753593e-07,2.946889605413853808e-01,1.250936021694990311e-02,1.251449781286895907e-02,2.715121637558965961e-01
2.690624999999999071e-09,-9.935187674477406557e-07,-9.212517650806591109e-06,1.737976064432840695e-01,8.620918837234682608e-03,8.625162003418597456e-03,1.370126201100445862e-01,5.773812593340008673e-08,-1.425481353135835618e-07,2.970610737377931687e-01,1.252668531416739964e-02,1.253182082555379107e-02,2.752494147382318346e-01
2.712499999999999060e-09,-9.935194238331038511e-07,-9.217061648760295104e-06,1.754894915606035333e-01,8.700797941987598733e-03,8.705074395519081173e-03,1.378769531077524424e-01,5.804856346986629073e-08,-1.427527588639217289e-07,2.994766591048972360e-01,1.254379557891433655e-02,1.254892881274260324e-02,2.790113841644407677e-01
2.734374999999999049e-09,-9.936079931162978224e-07,-9.221766121984750956e-06,1.771906303329792154e-01,8.780755981513073405e-03,8.785065427638533847e-03,1.387537667206908687e-01,5.835989834998692822e-08,-1.429587257699699541e-07,3.019333667556724499e-01,1.256069436452850012e-02,1.256582499129589060e-02,2.827988489732186639e-01
2.756249999999999038e-09,-9.938189212352640809e-07,-9.226552336905095991e-06,1.789011236122953485e-01,8.860790490211814183e-03,8.865132719745587309e-03,1.396430372161722444e-01,5.866898531171535015e-08,-1.431535593752754072e-07,3.044255177754627284e-01,1.257738402429642646e-02,1.258251185202851827e-02,2.866135090815147279e-01
2.778124999999999027e-09,-9.941644394673116887e-07,-9.231409488711868450e-06,1.806210390229222307e-01,8.940899051484747437e-03,8.945273964450002613e-03,1.405447216308610692e-01,5.897029329800636287e-08,-1.433347789876215383e-07,3.069582036198217345e-01,1.259386685021857306e-02,1.259899198295323652e-02,2.904531665150619224e-01
2.799999999999999016e-09,-9.946487975228182288e-07,-9.236368398327075122e-06,1.823505366266396366e-01,9.021079135500070789e-03,9.025486514794563847e-03,1.414588209242086114e-01,5.926562389641785167e-08,-1.435072727624284873e-07,3.095400405961299395e-01,1.261014588465778595e-02,1.261526855810368719e-02,2.943145547641241033e-01
2.821874999999999005e-09,-9.952210804960017821e-07,-9.241429096443058190e-06,1.840897862661684536e-01,9.101328171237975731e-03,9.105767854037138606e-03,1.423853363463053467e-01,5.956184330103644300e-08,-1.436722347421752376e-07,3.121729869675477498e-01,1.262622474341257989e-02,1.263134519326750485e-02,2.981969600565961831e-01
2.843749999999998995e-09,-9.959046350587763004e-07,-9.246536005610287622e-06,1.858389674625519905e-01,9.181643641900846461e-03,9.186115350875949728e-03,1.433242688618565908e-01,5.987048578725910786e-08,-1.438229452251120975e-07,3.148619383691592111e-01,1.264210676892584331e-02,1.264722503916381607e-02,3.020988525182248252e-01
2.865624999999998984e-09,-9.965739976870205121e-07,-9.251671116032335183e-06,1.875983050012485776e-01,9.262022686179833403e-03,9.266526273457375423e-03,1.442756348107405717e-01,6.020479154642280550e-08,-1.439532851427424094e-07,3.176055240343740316e-01,1.265779437899523102e-02,1.266291030818128029e-02,3.060207839112960571e-01
2.887499999999998973e-09,-9.971262998214963372e-07,-9.256867116856654375e-06,1.893679563548355815e-01,9.342462593062967821e-03,9.346998001196293523e-03,1.452394152722889242e-01,6.056845857358901712e-08,-1.440740887840737809e-07,3.204021773706058340e-01,1.267328957951836116e-02,1.267840316149000494e-02,3.099632143754317837e-01
2.909374999999998962e-09,-9.975690980402672205e-07,-9.262262398955415472e-06,1.911481220950823623e-01,9.422960650597715648e-03,9.427527635232116690e-03,1.462156052285027708e-01,6.095729553710187718e-08,-1.442086415941517497e-07,3.232509192622238237e-01,1.268859482737431932e-02,1.269370615789202142e-02,3.139265603458973319e-01
2.931249999999998951e-09,-9.979108377580638216e-07,-9.267924240772256532e-06,1.929389424106601747e-01,9.503514196751380178e-03,9.508112476501408630e-03,1.472041701975266292e-01,6.136143781260234142e-08,-1.443667912100592685e-07,3.261484206959277543e-01,1.270371289595982264e-02,1.270882199305783770e-02,3.179118941363275330e-01
2.953124999999998940e-09,-9.982606936907929218e-07,-9.273797922942928008e-06,1.947405720688827890e-01,9.584120429636019262e-03,9.588749914329879748e-03,1.482050781539082374e-01,6.177056080676583117e-08,-1.445439628532038684e-07,3.290954649807631971e-01,1.271864640119053404e-02,1.272375318281475896e-02,3.219187619995570460e-01
2.974999999999998929e-09,-9.985774273318272971e-07,-9.279922024063056661e-06,1.965531561640251890e-01,9.664776764916503324e-03,9.669437180304414972e-03,1.492182897700877198e-01,6.218035550336594756e-08,-1.447340476356498295e-07,3.320898980524597532e-01,1.273339802847370077e-02,1.273850225496883995e-02,3.259477751079836172e-01
2.996874999999998918e-09,-9.989581976197337377e-07,-9.286267728886287169e-06,1.983768183054084311e-01,9.745480674598957366e-03,9.750171617501128540e-03,1.502437548706391235e-01,6.258972035741188834e-08,-1.449275811249932916e-07,3.351315240949565011e-01,1.274797022323689161e-02,1.275307158716883736e-02,3.299986830211764643e-01
3.018749999999998907e-09,-9.993101432599151920e-07,-9.292753418568893160e-06,2.002116968591944879e-01,9.826229494569287126e-03,9.830950604803809223e-03,1.512814258157239578e-01,6.300398574563657676e-08,-1.451140324245739631e-07,3.382232804887052025e-01,1.276236490728527816e-02,1.276746323564006448e-02,3.340701590001998733e-01
3.040624999999998896e-09,-9.995086329849211185e-07,-9.299313011914439755e-06,2.020579469392742855e-01,9.907020433820240904e-03,9.911771449844078430e-03,1.523312575701900595e-01,6.342683857474988923e-08,-1.452911982132328723e-07,3.413688879144282651e-01,1.277658406122917333e-02,1.278167941373813989e-02,3.381605198338158424e-01
3.062499999999998885e-09,-9.996615090771699564e-07,-9.306029802060682957e-06,2.039157480266144129e-01,9.987850660787575205e-03,9.992631465039212083e-03,1.533932093066781854e-01,6.384907266741617102e-08,-1.454686306118871497e-07,3.445677589055874401e-01,1.279062981690948751e-02,1.279572243767731175e-02,3.422697809546761949e-01
3.084374999999998874e-09,-9.998810799033716766e-07,-9.312980995165120828e-06,2.057852432287739231e-01,1.006871742907951110e-02,1.007352795042536914e-02,1.544672250351280807e-01,6.425650682382097445e-08,-1.456563925999865602e-07,3.478167602707940009e-01,1.280450412539149881e-02,1.280959436389562424e-02,3.463990214863566508e-01
3.106249999999998864e-09,-1.000188602518534005e-06,-9.320181131758931769e-06,2.076665685780379744e-01,1.014961792966189921e-02,1.015445821145273021e-02,1.555532439141779633e-01,6.464857632187387909e-08,-1.458544294693251782e-07,3.511176544414220113e-01,1.281820905111027628e-02,1.282329711606894178e-02,3.505473091284087572e-01
3.128124999999998853e-09,-1.000471324624503148e-06,-9.327621313698666636e-06,2.095598841205647822e-01,1.023054925756528358e-02,1.023541945078841782e-02,1.566512089731420254e-01,6.503645649317500797e-08,-1.460547919402884982e-07,3.544690706513117795e-01,1.283174684805955985e-02,1.283683279499726188e-02,3.547150015900621955e-01
3.149999999999998842e-09,-1.000749022349697721e-06,-9.335218443725371156e-06,2.114653042524341497e-01,1.031150867731784639e-02,1.031640900224706052e-02,1.577610480956151695e-01,6.542207931834769539e-08,-1.462488740984738214e-07,3.578731629829037253e-01,1.284511976402831664e-02,1.285020358493967237e-02,3.589008200974054263e-01
3.171874999999998831e-09,-1.001035684990666743e-06,-9.343015048261261922e-06,2.133830111743129088e-01,1.039249327414698727e-02,1.039742396287133240e-02,1.588827035510629593e-01,6.579585313397971285e-08,-1.464355089152471480e-07,3.613307147432698319e-01,1.285832978756382833e-02,1.286341150862825231e-02,3.631042077919784394e-01
3.193749999999998820e-09,-1.001423820447122081e-06,-9.350994676020760440e-06,2.153131242120059907e-01,1.047350050864580794e-02,1.047846159586353181e-02,1.600160991281613654e-01,6.615560260252514681e-08,-1.466145210121528871e-07,3.648419217647571045e-01,1.287137888757925244e-02,1.287645857714960276e-02,3.673248522886489731e-01
3.215624999999998809e-09,-1.001780536242480334e-06,-9.359097558302558188e-06,2.172558231240365456e-01,1.055452747457361236e-02,1.055951886057891406e-02,1.611611697925166009e-01,6.650985084310864674e-08,-1.467865890091781785e-07,3.684101130784644407e-01,1.288426911678271398e-02,1.288934676428368266e-02,3.715611965654098126e-01
3.237499999999998798e-09,-1.002045212682765729e-06,-9.367388161794807462e-06,2.192112631153057267e-01,1.063557136172376891e-02,1.064059289175729728e-02,1.623178416689959880e-01,6.686339637632763460e-08,-1.469548282286310466e-07,3.720333304418904641e-01,1.289700229116412522e-02,1.290207784038646319e-02,3.758139006815627847e-01
3.259374999999998787e-09,-1.002346002489757549e-06,-9.375788495563283225e-06,2.211795947487380787e-01,1.071662930900786799e-02,1.072168090980178679e-02,1.634860369840293592e-01,6.721410444669207818e-08,-1.471186211077047494e-07,3.757123571605243684e-01,1.290958003515375700e-02,1.291465346371571156e-02,3.800822769235611687e-01
3.281249999999998776e-09,-1.002665106547254011e-06,-9.384409219334589847e-06,2.231609782351671456e-01,1.079769847846404236e-02,1.080277997649214776e-02,1.646656768873546173e-01,6.756224598537789398e-08,-1.472773355635379550e-07,3.794462141163460478e-01,1.292200407693438156e-02,1.292707542012536993e-02,3.843665246204098218e-01
3.303124999999998765e-09,-1.002978508558341182e-06,-9.393213961849427771e-06,2.251555471720521895e-01,1.087877610357061708e-02,1.088388719236854305e-02,1.658566751980490861e-01,6.791422697411770203e-08,-1.474272660051247339e-07,3.832370553907560873e-01,1.293427628987025256e-02,1.293934565789018297e-02,3.886654013437257915e-01
3.324999999999998754e-09,-1.003165072709261893e-06,-9.402111231875573643e-06,2.271634834266871850e-01,1.095985906724271895e-02,1.096499969642206543e-02,1.670589506432292037e-01,6.827836914215301272e-08,-1.475606171162713067e-07,3.870825310915740336e-01,1.294639839580656419e-02,1.295146599361815358e-02,3.929796443964314046e-01
3.346874999999998743e-09,-1.003176125114664424e-06,-9.411067374623646649e-06,2.291848870187228049e-01,1.104094453917347889e-02,1.104611490020281778e-02,1.682724072907212931e-01,6.865841453412670587e-08,-1.476726558055497410e-07,3.909800955009695711e-01,1.295837204658229110e-02,1.296343799641234799e-02,3.973099880300187126e-01
3.368749999999998733e-09,-1.003017054935497914e-06,-9.420013552020914564e-06,2.312199041074448902e-01,1.112202945702901909e-02,1.112723004663278975e-02,1.694969536699787449e-01,6.904735983531224939e-08,-1.477633357520610939e-07,3.949291611497247056e-01,1.297019878764956759e-02,1.297526313533705830e-02,4.016564205545017918e-01
3.390624999999998722e-09,-1.002752057893507316e-06,-9.429004558190200901e-06,2.332686229412637979e-01,1.120311112585566440e-02,1.120834241804755799e-02,1.707324894037622054e-01,6.943555960728085608e-08,-1.478351654758367091e-07,3.989307071685204154e-01,1.298188024027494523e-02,1.298694303414217426e-02,4.060181433580634658e-01
3.412499999999998711e-09,-1.002354654265916644e-06,-9.438033004805377528e-06,2.353311972428316357e-01,1.128418661308904641e-02,1.128944901923293297e-02,1.719789195089502509e-01,6.982277810175120060e-08,-1.478945741426613174e-07,4.029913916104091998e-01,1.299341806974091060e-02,1.299847925091040732e-02,4.103915772469540202e-01
3.434374999999998700e-09,-1.001782972762367288e-06,-9.447154856615906117e-06,2.374077930080878696e-01,1.136525307430143877e-02,1.137054661372165383e-02,1.732361472902905486e-01,7.021453275950480439e-08,-1.479475315797629125e-07,4.071137602054241134e-01,1.300481392428747517e-02,1.300987336737657180e-02,4.147751404515861995e-01
3.456249999999998689e-09,-1.001014969978255517e-06,-9.456341101098571244e-06,2.394985906639240658e-01,1.144630724197065290e-02,1.145163210034760154e-02,1.745040740297361948e-01,7.061092286578630078e-08,-1.479918058701222713e-07,4.112933089879039494e-01,1.301606953264714678e-02,1.302112726603146982e-02,4.191707200994541083e-01
3.478124999999998678e-09,-1.000238419473227035e-06,-9.465488660794429019e-06,2.416036959203542445e-01,1.152734616443625536e-02,1.153270261034565133e-02,1.757825932526358159e-01,7.100199669458051782e-08,-1.480238329663245961e-07,4.155296463147837294e-01,1.302718648549999921e-02,1.303224274658771643e-02,4.235781381910296295e-01
3.499999999999998667e-09,-9.994671988688007832e-07,-9.474698708533912895e-06,2.437232798125285871e-01,1.160836661057695722e-02,1.161375515313909680e-02,1.770716002468235017e-01,7.138342930639278683e-08,-1.480477013503732238e-07,4.198294302380071730e-01,1.303816608603058404e-02,1.304322121186300698e-02,4.279938187599953148e-01
3.521874999999998656e-09,-9.986200429259725250e-07,-9.483942006599883204e-06,2.458575252535989963e-01,1.168936545529843107e-02,1.169478660471516204e-02,1.783709875249918642e-01,7.175624296148127481e-08,-1.480636116017643268e-07,4.241948148355061399e-01,1.304900949825889798e-02,1.305406376821706058e-02,4.324163386109821094e-01
3.543749999999998645e-09,-9.977655327310158094e-07,-9.493056250852697177e-06,2.480066249018340607e-01,1.177033959356561972e-02,1.177579361076153824e-02,1.796806444856678953e-01,7.211451182123990117e-08,-1.480644091255373465e-07,4.286230585632267998e-01,1.305971808342230520e-02,1.306477159779845069e-02,4.368468823996550787e-01
3.565624999999998634e-09,-9.969177756531951067e-07,-9.502061065671153913e-06,2.501707225166752702e-01,1.185128598166074708e-02,1.185677313617711053e-02,1.810004564616715383e-01,7.245136507560028981e-08,-1.480545957313803106e-07,4.331135739518367500e-01,1.307029330194862254e-02,1.307534603949877736e-02,4.412854959074132832e-01
3.587499999999998623e-09,-9.961780221189052034e-07,-9.511089511791309239e-06,2.523499982550408971e-01,1.193220130424254080e-02,1.193772187750322122e-02,1.823303066804537187e-01,7.276331920584906390e-08,-1.480487601223833509e-07,4.376677317810627188e-01,1.308073656174467934e-02,1.308578844887265356e-02,4.457310801047101867e-01
3.609374999999998612e-09,-9.955119194247997003e-07,-9.520192224713259008e-06,2.545446079999539868e-01,1.201308248299859903e-02,1.201863665149393093e-02,1.836700754827453319e-01,7.305307601815286582e-08,-1.480576607205157905e-07,4.422792656591219562e-01,1.309104924538587698e-02,1.309610017721393564e-02,4.501865798675664387e-01
3.631249999999998602e-09,-9.948715936207838518e-07,-9.529514379051335862e-06,2.567546497398396355e-01,1.209392652902386601e-02,1.209951446566048805e-02,1.850196422992898548e-01,7.332780368183017567e-08,-1.480889628774192926e-07,4.469413217199053046e-01,1.310123278921858370e-02,1.310628266591937728e-02,4.546551872572296982e-01
3.653124999999998591e-09,-9.943894006754776931e-07,-9.539145191145218712e-06,2.589801905508603563e-01,1.217473057060346718e-02,1.218035259220755576e-02,1.863788868093979312e-01,7.358713725512487095e-08,-1.481440848378389803e-07,4.516615371410369062e-01,1.311128865204167285e-02,1.311633748866418946e-02,4.591323062924389520e-01
3.674999999999998580e-09,-9.941222053929806336e-07,-9.548966220010878696e-06,2.612214186828710205e-01,1.225549153383566521e-02,1.226114760562858376e-02,1.877476825505927094e-01,7.382702509883806567e-08,-1.482182215379855303e-07,4.564475490995485440e-01,1.312121816784340630e-02,1.312626609857753431e-02,4.636135371883015610e-01
3.696874999999998569e-09,-9.939887735403036474e-07,-9.559001502149226057e-06,2.634784905521861398e-01,1.233620613980343679e-02,1.234189636733840946e-02,1.891259018509093004e-01,7.405121733792976209e-08,-1.483100811402065698e-07,4.613003367243779795e-01,1.313102248588012347e-02,1.313606965516012602e-02,4.680980081291657435e-01
3.718749999999998558e-09,-9.939168211397418591e-07,-9.569271410538343923e-06,2.657516013640527919e-01,1.241687058116108973e-02,1.242259580222611348e-02,1.905134116888277662e-01,7.427050368345342918e-08,-1.484215431280862713e-07,4.662173542961208228e-01,1.314070277624414425e-02,1.314574930111482576e-02,4.725868120968982899e-01
3.740624999999998961e-09,-9.937166619824539194e-07,-9.579821262274270540e-06,2.680408710057508026e-01,1.249748185104791222e-02,1.250324258647831852e-02,1.919100820551560282e-01,7.449469705695194672e-08,-1.485524167099427221e-07,4.711921395979901672e-01,1.315026038240116844e-02,1.315530630942211843e-02,4.770829773015055619e-01
3.762499999999998950e-09,-9.934396816525644940e-07,-9.590647450153175839e-06,2.703464107948685413e-01,1.257803694144477534e-02,1.258383366705641618e-02,1.933157823311584256e-01,7.472137179998469444e-08,-1.486969272646122701e-07,4.762258675850486456e-01,1.315969671154600812e-02,1.316474200480729877e-02,4.815852455450315150e-01
3.784374999999998939e-09,-9.932068049597264306e-07,-9.601644186595725564e-06,2.726683513822710236e-01,1.265853267123628716e-02,1.266436606968784385e-02,1.947303784454861020e-01,7.494426514292943244e-08,-1.488448809243666800e-07,4.813204965114940004e-01,1.316901304750795962e-02,1.317405762548170059e-02,4.860921767958490403e-01
3.806249999999998928e-09,-9.928994724220126137e-07,-9.612762095294167695e-06,2.750068236011299350e-01,1.273896593835074746e-02,1.274483665472592002e-02,1.961537346323167785e-01,7.516877856508481408e-08,-1.489889851226544042e-07,4.864752430821410734e-01,1.317821053134798741e-02,1.318325429672909110e-02,4.906038454783334113e-01
3.828124999999998917e-09,-9.924559459574129759e-07,-9.623969605802254823e-06,2.773619438743220034e-01,1.281933374885752680e-02,1.282524241436295946e-02,1.975857150851930699e-01,7.540855088140908388e-08,-1.491269444131543138e-07,4.916893240026041223e-01,1.318729039239735501e-02,1.319233334506892882e-02,4.951202150213338538e-01
3.849999999999998906e-09,-9.917100874625892851e-07,-9.635256387098555008e-06,2.797338292573622875e-01,1.289963299843214020e-02,1.290558020460319880e-02,1.990261823275982500e-01,7.567708838492615370e-08,-1.492571602727385962e-07,4.969617601541152507e-01,1.319625393644771952e-02,1.320129621106254370e-02,4.996413461240529763e-01
3.871874999999998895e-09,-9.905303879845187731e-07,-9.646539357306013765e-06,2.821225801594909322e-01,1.297986049536266860e-02,1.298584699480990166e-02,2.004750000653084951e-01,7.598053597356768330e-08,-1.493768026078482315e-07,5.022933348415562493e-01,1.320510239257035624e-02,1.321014419037811957e-02,5.041663236517370805e-01
3.893749999999998884e-09,-9.889273318557401363e-07,-9.657776151773416978e-06,2.845283192265081196e-01,1.306001321379366038e-02,1.306603951341472371e-02,2.019320271947659395e-01,7.631564121547172318e-08,-1.494831440617358728e-07,5.076897269922276967e-01,1.321383698186208953e-02,1.321887844091512026e-02,5.086913344836083706e-01
3.915624999999998873e-09,-9.868390171770747741e-07,-9.668926928302972818e-06,2.869512127394744927e-01,1.314008794877447907e-02,1.314615432115133313e-02,2.033971133958431265e-01,7.667431422064233168e-08,-1.495717042580030023e-07,5.131476075878493859e-01,1.322245898437666121e-02,1.322750014785274535e-02,5.132180137948251231e-01
3.937499999999998862e-09,-9.843650983088793242e-07,-9.679846213741983795e-06,2.893913377261113085e-01,1.322008158421551782e-02,1.322618840990201321e-02,2.048701220051126204e-01,7.704629784449035871e-08,-1.496358101538413562e-07,5.186669766340717969e-01,1.323096976550291320e-02,1.323601058089882501e-02,5.177458256217438715e-01
3.959374999999998851e-09,-9.815267416281532398e-07,-9.690514005160078738e-06,2.918488564698365484e-01,1.329999062025097323e-02,1.330613833204788085e-02,2.063508992228997030e-01,7.742234573308999329e-08,-1.496718052941836209e-07,5.242488132607060480e-01,1.323937058852923780e-02,1.324441094288737047e-02,5.222737169117892542e-01
3.981249999999998840e-09,-9.783798742541427824e-07,-9.700911194388237870e-06,2.943238540934143277e-01,1.337981214873451737e-02,1.338600112573298806e-02,2.078393044787368305e-01,7.779316376828848583e-08,-1.496797931252583499e-07,5.298911592230011181e-01,1.324766249052617383e-02,1.325270230185938980e-02,5.268024534932115310e-01
4.003124999999998830e-09,-9.750545314936363072e-07,-9.711044145723647574e-06,2.968164644610422065e-01,1.345954293730975901e-02,1.346577353730328552e-02,2.093351857859460097e-01,7.815200731302849960e-08,-1.496667715532190844e-07,5.355959727742463095e-01,1.325584649181426981e-02,1.326088568990563439e-02,5.313303337032181384e-01
4.024999999999998819e-09,-9.715369256913016440e-07,-9.721132724218446936e-06,2.993267929950585993e-01,1.353917972361140358e-02,1.354545250439674435e-02,2.108383956678279436e-01,7.850305394989916146e-08,-1.496470733493917105e-07,5.413607081957532152e-01,1.326392377986028090e-02,1.326896232305141421e-02,5.358584085650204276e-01
4.046874999999998808e-09,-9.676836159585431716e-07,-9.731241304903534290e-06,3.018549384391432944e-01,1.361871937061274150e-02,1.362503498880790649e-02,2.123487868971872250e-01,7.885334838356872214e-08,-1.496295679802246048e-07,5.471867362673341617e-01,1.327189560521955733e-02,1.327693345484821409e-02,5.403853968203878866e-01
4.068749999999998797e-09,-9.635780565164228512e-07,-9.741297301420143238e-06,3.044010190493131041e-01,1.369815879574452777e-02,1.370451772680125226e-02,2.138662061621659782e-01,7.919967026190540813e-08,-1.496201972838519496e-07,5.530785609668584790e-01,1.327976310125639908e-02,1.328480025673925077e-02,5.449080154049594782e-01
4.090624999999998786e-09,-9.592806129407103916e-07,-9.751535650109874657e-06,3.069651849336823557e-01,1.377749478774785950e-02,1.378389720545578068e-02,2.153904904618960392e-01,7.953556646124229433e-08,-1.496253300104361845e-07,5.590334407502929315e-01,1.328752733025556111e-02,1.329256385815362658e-02,5.494274717841244327e-01
4.112499999999998775e-09,-9.547472565475312507e-07,-9.761823434699253181e-06,3.095475168217081130e-01,1.385672441210684253e-02,1.386317029168881131e-02,2.169214927781923652e-01,7.986084816335143621e-08,-1.496401474559297634e-07,5.650482424241443091e-01,1.329518945822848013e-02,1.330022540255616781e-02,5.539451644321005119e-01
4.134374999999998764e-09,-9.499223212865209388e-07,-9.772069672002439556e-06,3.121481228293545573e-01,1.393584433682393438e-02,1.394233393271572356e-02,2.184590577452996674e-01,8.017647942280928704e-08,-1.496532455614673419e-07,5.711304073404590564e-01,1.330275074995707421e-02,1.330778608771347911e-02,5.584556404005328600e-01
4.156249999999998753e-09,-9.448659690481763275e-07,-9.782173366574543579e-06,3.147671721170306469e-01,1.401485106319064720e-02,1.402138460921501829e-02,2.200030109322483884e-01,8.047987965424017633e-08,-1.496592159942932938e-07,5.772803271542604753e-01,1.331021241100803845e-02,1.331524704984477468e-02,5.629582041104960188e-01
4.178124999999998742e-09,-9.396639440560205866e-07,-9.792236583907811228e-06,3.174047734715759739e-01,1.409374156021163567e-02,1.410031923964366260e-02,2.215531929782746934e-01,8.076517707704581489e-08,-1.496592395956163867e-07,5.834936937221705255e-01,1.331757552315648505e-02,1.332260932355047375e-02,5.674552850506090484e-01
4.199999999999998731e-09,-9.344214944445967334e-07,-9.802253400240473172e-06,3.200610386153016629e-01,1.417251260405070004e-02,1.417913461266618637e-02,2.231094419410525886e-01,8.102713109895412142e-08,-1.496591190695966856e-07,5.897707028730762024e-01,1.332484103208032150e-02,1.332987383241256325e-02,5.719462477132841727e-01
4.221874999999998720e-09,-9.291555509949615813e-07,-9.812466392105442605e-06,3.227360750050699556e-01,1.425116103643683102e-02,1.425782762908933167e-02,2.246715956640261969e-01,8.126637552836015216e-08,-1.496695181283692342e-07,5.961111587861176453e-01,1.333200989076124658e-02,1.333704152619118871e-02,5.764307888768239740e-01
4.243749999999998709e-09,-9.238311380881808216e-07,-9.822941082921038381e-06,3.254299879303819143e-01,1.432968374431156482e-02,1.433639524660901970e-02,2.262394911298830080e-01,8.148495408027448698e-08,-1.496976254409695191e-07,6.025164322405704986e-01,1.333908318501096472e-02,1.334411352582829183e-02,5.809073532858546329e-01
4.265624999999998699e-09,-9.185583221578664956e-07,-9.833665095217419472e-06,3.281428984565985529e-01,1.440807748992667912e-02,1.441483428066692336e-02,2.278129585831435988e-01,8.168025051561015179e-08,-1.497427773681627692e-07,6.089855441170295425e-01,1.334606202998323173e-02,1.335109099419442072e-02,5.853760608009243027e-01
4.287499999999998688e-09,-9.133761150148501612e-07,-9.844570251654274849e-06,3.308748962874369370e-01,1.448633922185934078e-02,1.449314191401454739e-02,2.293918372749769452e-01,8.184833777740192651e-08,-1.498022151648405982e-07,6.155155570468079373e-01,1.335294750112174349e-02,1.335797505814723986e-02,5.898384483051256622e-01
4.309374999999998677e-09,-9.083548614180387202e-07,-9.855706898052276932e-06,3.336260626279197172e-01,1.456446593749990102e-02,1.457131505860654805e-02,2.309759681865359293e-01,8.198866175492287380e-08,-1.498755540009544820e-07,6.221017712369747432e-01,1.335974063639472353e-02,1.336476683401864249e-02,5.942972086097725315e-01
4.331249999999998666e-09,-9.034221503871244339e-07,-9.867150518929997729e-06,3.363964263092739104e-01,1.464245488445545598e-02,1.464935092196624836e-02,2.325652102542027921e-01,8.210286092940625197e-08,-1.499701846793966216e-07,6.287418367933295116e-01,1.336644244479614010e-02,1.337146738532880158e-02,5.987534072014136788e-01
4.353124999999998655e-09,-8.986834288301695721e-07,-9.879162620061651012e-06,3.391860369215475846e-01,1.472030320574754803e-02,1.472724651448786316e-02,2.341594146217913508e-01,8.219265078422529652e-08,-1.500927411151213128e-07,6.354428034174881557e-01,1.337305399096377218e-02,1.337807777671374404e-02,6.032014832266987536e-01
4.374999999999998644e-09,-8.940680692412226432e-07,-9.891575060772391594e-06,3.419950075481653085e-01,1.479800777754850145e-02,1.480499866751670487e-02,2.357584077221623609e-01,8.226154796913370965e-08,-1.502384832539055939e-07,6.422066293636609080e-01,1.337957639192082805e-02,1.338459910625486825e-02,6.076395844918497380e-01
4.396874999999998633e-09,-8.896460664181252666e-07,-9.904447231433444871e-06,3.448234085828120188e-01,1.487556580275918063e-02,1.488260459686892474e-02,2.373620307462364909e-01,8.231573127189344446e-08,-1.503983280028777876e-07,6.490286148387989229e-01,1.338601072224496376e-02,1.339103238381102699e-02,6.120704772543185124e-01
4.418749999999998622e-09,-8.852592642241707148e-07,-9.917598793186845188e-06,3.476712924385690906e-01,1.495297449296734138e-02,1.496006133266217925e-02,2.389701310998653405e-01,8.236888065864277720e-08,-1.505659379430883458e-07,6.559124805205213127e-01,1.339235800486597398e-02,1.339737851010593291e-02,6.164908938707688302e-01
4.440624999999998611e-09,-8.805909412883431953e-07,-9.931193304990101206e-06,3.505387725712700298e-01,1.503023088037543087e-02,1.503736565474339017e-02,2.405825304333894521e-01,8.243701567451279746e-08,-1.507402737563354877e-07,6.628623387364800390e-01,1.339861928087100230e-02,1.340363843424187407e-02,6.208972874086545746e-01
4.462499999999998600e-09,-8.756468207105555459e-07,-9.945205550453997906e-06,3.534259490788835278e-01,1.510733202299871687e-02,1.511451452908288071e-02,2.421990540680286075e-01,8.252744860066844381e-08,-1.509213727328187911e-07,6.698789727914550296e-01,1.340479566451913823e-02,1.340981323279973395e-02,6.252884551498462118e-01
4.484374999999998589e-09,-8.703230311470187251e-07,-9.959678852270087952e-06,3.563329421015505316e-01,1.518427494616115050e-02,1.519150464475396527e-02,2.438195169948646768e-01,8.264222143981068837e-08,-1.511087197209497834e-07,6.769608160915810968e-01,1.341088829123246624e-02,1.341590405072654382e-02,6.296650189419519261e-01
4.506249999999998578e-09,-8.646073048968163279e-07,-9.974637325813237972e-06,3.592598292022862738e-01,1.526105664140911533e-02,1.526833314553063467e-02,2.454437505876185810e-01,8.277656533852578093e-08,-1.513053749670368404e-07,6.841033646687474379e-01,1.341689815817563233e-02,1.342191192719811507e-02,6.340297381883459593e-01
4.528124999999998568e-09,-8.586870137795934933e-07,-9.990195224724323405e-06,3.622066722476292022e-01,1.533767436952796458e-02,1.534499702577763434e-02,2.470715919774103819e-01,8.292137029081938948e-08,-1.515123579646764385e-07,6.913081851265048261e-01,1.342282616326956161e-02,1.342783779737084966e-02,6.383808336455193411e-01
4.549999999999998557e-09,-8.524872172976016332e-07,-1.000618436968990533e-05,3.651735654871154924e-01,1.541412520737895503e-02,1.542149326377422261e-02,2.487028626256674035e-01,8.307266936078626822e-08,-1.517236180829269937e-07,6.985717526207813055e-01,1.342867321006143214e-02,1.343368260320956624e-02,6.427204764659237846e-01
4.571874999999998546e-09,-8.460392662903242039e-07,-1.002258429763932488e-05,3.681605245766877976e-01,1.549040643437881414e-02,1.549781930916828941e-02,2.503374187693433450e-01,8.322956126492962547e-08,-1.519313214784881828e-07,7.058942629810079916e-01,1.343444023999948965e-02,1.343944734252545785e-02,6.470480073614145455e-01
4.593749999999998535e-09,-8.393223518948187668e-07,-1.003928627497342608e-05,3.711676433052464863e-01,1.556651497785566107e-02,1.557397223849172826e-02,2.519750796176984386e-01,8.339260134688375471e-08,-1.521272078335367009e-07,7.132796327101799116e-01,1.344012825466505377e-02,1.344513305275053458e-02,6.513598218524422334e-01
4.615624999999998524e-09,-8.322775189202361104e-07,-1.005616233905445091e-05,3.741949832387307384e-01,1.564244806747123323e-02,1.564994900123040447e-02,2.536156781946468097e-01,8.356379573699005695e-08,-1.523030263228727590e-07,7.207245327896342202e-01,1.344573826468696207e-02,1.345074073462463639e-02,6.556578866916178416e-01
4.637499999999998513e-09,-8.248812365922286505e-07,-1.007318781546966190e-05,3.772425948108327209e-01,1.571820305207242974e-02,1.572574701238464712e-02,2.552590518487239946e-01,8.374359652394111237e-08,-1.524560275185597286e-07,7.282258300253646732e-01,1.345127124007388687e-02,1.345627132402783463e-02,6.599441346180383583e-01
4.659374999999998502e-09,-8.171553192457300877e-07,-1.009040029985942198e-05,3.803104985604092159e-01,1.579377732749016189e-02,1.580136356802986156e-02,2.569050518869519517e-01,8.392962126837741245e-08,-1.525884668590987058e-07,7.357835244216609505e-01,1.345672810105236726e-02,1.346172571024732527e-02,6.642179264313489151e-01
4.681249999999998491e-09,-8.091344291927235724e-07,-1.010782028109481878e-05,3.833987431591759920e-01,1.586916839957172934e-02,1.587679592733105480e-02,2.585535149357827134e-01,8.411806075330641420e-08,-1.527027773882928196e-07,7.434005533566907520e-01,1.346210978421960580e-02,1.346710483361411234e-02,6.684762722727128903e-01
4.703124999999998480e-09,-8.008534637897318996e-07,-1.012541003800305341e-05,3.865073837062310558e-01,1.594437346086625962e-02,1.595204142303073558e-02,2.602042733056369461e-01,8.430677160505183862e-08,-1.528040912945785861e-07,7.510773084854376336e-01,1.346741734086782764e-02,1.347240974481701652e-02,6.727182919849687970e-01
4.724999999999998469e-09,-7.922792727502025800e-07,-1.014333157826315189e-05,3.896364715518149113e-01,1.601938998724689034e-02,1.602709747340264404e-02,2.618571601475768729e-01,8.449151018948624243e-08,-1.529012992902152192e-07,7.588132023385775193e-01,1.347265187521189990e-02,1.347764153546266233e-02,6.769439072207354968e-01
4.746874999999998458e-09,-7.836033368460289289e-07,-1.016160011666108998e-05,3.927860523785110525e-01,1.609421523733009854e-02,1.610196160994210521e-02,2.635120105258081935e-01,8.466443177682140493e-08,-1.529970444637262701e-07,7.666084307459649638e-01,1.347781440032193821e-02,1.348280122308277706e-02,6.811522981452255987e-01
4.768749999999998447e-09,-7.748377118737768249e-07,-1.018009600980221429e-05,3.959561783253028322e-01,1.616884660924196998e-02,1.617663130768411811e-02,2.651686549499290835e-01,8.482044797523738722e-08,-1.530851580256197702e-07,7.744626020622310536e-01,1.348290583908883650e-02,1.348788972776008080e-02,6.853431831984572176e-01
4.790624999999998437e-09,-7.660217367037643359e-07,-1.019864310508794579e-05,3.991468884488832414e-01,1.624328171878869700e-02,1.625110402337310092e-02,2.668269299899796443e-01,8.495855688699810976e-08,-1.531570719992697213e-07,7.823757162913834717e-01,1.348792702748013647e-02,1.349290788064775627e-02,6.895159794065647274e-01
4.812499999999998426e-09,-7.571179708221887173e-07,-1.021709903198651170e-05,4.023582330053613876e-01,1.631751796404427163e-02,1.632537741087277880e-02,2.684866650393185061e-01,8.508170215142763828e-08,-1.532052745358591043e-07,7.903469901376861673e-01,1.349287877293482533e-02,1.349785649123223449e-02,6.936707386809255471e-01
4.834374999999998415e-09,-7.480951075532303785e-07,-1.023535157003284429e-05,4.055902397341444310e-01,1.639155297833487859e-02,1.639944891426720064e-02,2.701477010642299725e-01,8.519504561387980367e-08,-1.532265712756499106e-07,7.983779902049118471e-01,1.349776199460721478e-02,1.350273647707012081e-02,6.978054494993631840e-01
4.856249999999998404e-09,-7.388945646386809541e-07,-1.025343107113653632e-05,4.088429768986416857e-01,1.646538421337018568e-02,1.647331599201455957e-02,2.718098548327482766e-01,8.530207133593846613e-08,-1.532214334316521209e-07,8.064671498986727416e-01,1.350257766149271475e-02,1.350754882969195866e-02,7.019208570207565723e-01
4.878124999999998393e-09,-7.295389361994631945e-07,-1.027122744900816197e-05,4.121164513424258602e-01,1.653900932825723077e-02,1.654697640832370961e-02,2.734729774514372269e-01,8.540327562735782979e-08,-1.531913414202797271e-07,8.146123151496547088e-01,1.350732668437162193e-02,1.351229450654420003e-02,7.060182354030976049e-01
4.899999999999998382e-09,-7.200513437528791937e-07,-1.028880541022281922e-05,4.154107030396164690e-01,1.661242613675344496e-02,1.662042770356680563e-02,2.751368998671289701e-01,8.549710733997609449e-08,-1.531424540865041810e-07,8.228158358611822321e-01,1.351200991802142294e-02,1.351697442637610387e-02,7.100949556764249992e-01
4.921874999999998371e-09,-7.104781070996080127e-07,-1.030627504818571877e-05,4.187257664873492158e-01,1.668563218182797167e-02,1.669366750976702604e-02,2.768014552214032031e-01,8.558486400700768032e-08,-1.530816916239170422e-07,8.310812368855811094e-01,1.351662814948879042e-02,1.352158942625566670e-02,7.141472660145036233e-01
4.943749999999998360e-09,-7.006652105005842182e-07,-1.032356046838545833e-05,4.220617238941519189e-01,1.675862503243486304e-02,1.676669351366605332e-02,2.784664465064944361e-01,8.567171656697067825e-08,-1.530103674840245364e-07,8.394042100788633443e-01,1.352118220581093044e-02,1.352614031783461873e-02,7.181783749453537480e-01
4.965624999999998349e-09,-6.906240100356871530e-07,-1.034067261202666048e-05,4.254185550428981055e-01,1.683140264731391653e-02,1.683950356720837621e-02,2.801317381446038479e-01,8.575787108577307213e-08,-1.529271233562542487e-07,8.477833846713982435e-01,1.352567304708928407e-02,1.353062802179640610e-02,7.221888653922120538e-01
4.987499999999998338e-09,-6.805105812827684368e-07,-1.035749217550974319e-05,4.287963238196999538e-01,1.690396257875779323e-02,1.691209520955820264e-02,2.817971418204985312e-01,8.583876048653949170e-08,-1.528300665062008129e-07,8.562185648432201202e-01,1.353010166585648724e-02,1.353505350540450645e-02,7.261783360524806108e-01
5.009374999999998327e-09,-6.702893193053634971e-07,-1.037399629773488803e-05,4.321950065383284301e-01,1.697630271637704663e-02,1.698446636577615604e-02,2.834625232478029111e-01,8.591278256290146232e-08,-1.527206155330819733e-07,8.647089672995437182e-01,1.353446902290738295e-02,1.353941773064852756e-02,7.301468515219763367e-01
5.031249999999998316e-09,-6.599892150370136263e-07,-1.039023525944320846e-05,4.356146563273715078e-01,1.704842093587458085e-02,1.705661466899784443e-02,2.851276986116736412e-01,8.598046109876047916e-08,-1.526036480445642842e-07,8.732594876674693030e-01,1.353877597360974953e-02,1.354372156933299209e-02,7.340893872078536608e-01
5.053124999999998306e-09,-6.495826806558046231e-07,-1.040622237639427124e-05,4.390553088524676850e-01,1.712031509634741669e-02,1.712853810314667047e-02,2.867924940424900759e-01,8.604408755382649453e-08,-1.524824370033882894e-07,8.818667969273020768e-01,1.354302326116803463e-02,1.354796576807060747e-02,7.380083259023187958e-01
5.074999999999998295e-09,-6.390280708621312158e-07,-1.042191608442044981e-05,4.425169751064719215e-01,1.719198326549517541e-02,1.720023453830808735e-02,2.884567508401563174e-01,8.610958687571769338e-08,-1.523581849741279903e-07,8.905336366314086094e-01,1.354721160240615098e-02,1.355215105842502710e-02,7.419005128986739805e-01
5.096874999999998284e-09,-6.281503377341559882e-07,-1.043734081148519056e-05,4.459997234427730550e-01,1.726342323070776189e-02,1.727170190423659574e-02,2.901202711031797832e-01,8.618594410833631828e-08,-1.522314482605305186e-07,8.992580485346360897e-01,1.355134178273872253e-02,1.355627823197254680e-02,7.457671764377024060e-01
5.118749999999998273e-09,-6.168199853492009119e-07,-1.045246265221976855e-05,4.495035394962954012e-01,1.733463303890848614e-02,1.734293820068689637e-02,2.917829111190982649e-01,8.627682206063157301e-08,-1.521050267463036960e-07,9.080353328433566906e-01,1.355541464692803198e-02,1.356034811099699443e-02,7.496120257583479551e-01
5.140624999999998262e-09,-6.051958190195332351e-07,-1.046743016100940754e-05,4.530284328910008096e-01,1.740561081401697380e-02,1.741394153531600555e-02,2.934445103836139102e-01,8.637552934024572742e-08,-1.519866224918207621e-07,9.168650979119543631e-01,1.355943103369165216e-02,1.356436150901976952e-02,7.534348700746393845e-01
5.162499999999998251e-09,-5.934126729832648785e-07,-1.048238073938437880e-05,4.565743837262032923e-01,1.747635470388142487e-02,1.748471011411002057e-02,2.951049281044630934e-01,8.647395624861917490e-08,-1.518827268349866262e-07,9.257436230713254055e-01,1.356339177574164730e-02,1.356831924105179193e-02,7.572386990593817924e-01
5.184374999999998240e-09,-5.815116876636054237e-07,-1.049726073700102368e-05,4.601413549737761732e-01,1.754686302990237159e-02,1.755524200501411627e-02,2.967640353473310899e-01,8.657016126422662268e-08,-1.517919044628731542e-07,9.346740415241499012e-01,1.356729768896290135e-02,1.357222211195715025e-02,7.610198253461009088e-01
5.206249999999998229e-09,-5.694121371424605500e-07,-1.051196425519857410e-05,4.637293656619264071e-01,1.761713399808873676e-02,1.762553533428026092e-02,2.984216634395784884e-01,8.666681811719548452e-08,-1.517085369803576634e-07,9.436553741499501546e-01,1.357114954596412397e-02,1.357607092311416061e-02,7.647785552077006610e-01
5.228124999999998218e-09,-5.570974863456166716e-07,-1.052643832025985257e-05,4.673383667856606527e-01,1.768716606426505231e-02,1.769558838310143767e-02,3.000776914297853537e-01,8.676416004873249871e-08,-1.516276157107935666e-07,9.526897750267827591e-01,1.357494810236138140e-02,1.357986647574936125e-02,7.685121430208986526e-01
5.249999999999998207e-09,-5.446657861025841929e-07,-1.054060981369210581e-05,4.709684038079660628e-01,1.775695743319082726e-02,1.776539915433288791e-02,3.017319299429923052e-01,8.685870479551258716e-08,-1.515446168742020930e-07,9.617807690072525117e-01,1.357869416420851363e-02,1.358360959829054727e-02,7.722165795462947457e-01
5.271874999999998196e-09,-5.321383807683585673e-07,-1.055442312637036975e-05,4.746194708139491736e-01,1.782650632604426688e-02,1.783496594904451782e-02,3.033842257609793980e-01,8.694924118650355969e-08,-1.514596954294697518e-07,9.709269853213421397e-01,1.358238856962548993e-02,1.358730114159008469e-02,7.758925306843093006e-01
5.293749999999998185e-09,-5.194850276178448516e-07,-1.056808780038093474e-05,4.782915959792965466e-01,1.789581083401337036e-02,1.790428692588006895e-02,3.050343997255863804e-01,8.703649444281658712e-08,-1.513805546969651465e-07,9.801309696969832119e-01,1.358603212381764673e-02,1.359094189217347447e-02,7.795368525148772543e-01
5.315624999999998175e-09,-5.067630201009103861e-07,-1.058172395756172284e-05,4.819848043189359776e-01,1.796486912028879418e-02,1.797336037607452294e-02,3.066822737282498545e-01,8.711941227792413583e-08,-1.513136264505520389e-07,9.893940929123435923e-01,1.358962558256386968e-02,1.359453257149685450e-02,7.831475229560558304e-01
5.337499999999998164e-09,-4.940040600598278034e-07,-1.059531836308050098e-05,4.856991402764249122e-01,1.803367933944910462e-02,1.804218467413399793e-02,3.083276536190596717e-01,8.719615321701164884e-08,-1.512604759865430275e-07,9.987114593484072156e-01,1.359316968678760292e-02,1.359807389053625803e-02,7.867287784503076420e-01
5.359374999999998153e-09,-4.812336101041865294e-07,-1.060894241168889611e-05,4.894345681848997209e-01,1.810224010051690591e-02,1.811075811617084141e-02,3.099704049425691110e-01,8.726742583287311368e-08,-1.512203054074865817e-07,1.008078760860968925e+00,1.359666518043672369e-02,1.360156657292888732e-02,7.902843626475475336e-01
5.381249999999998142e-09,-4.683581335685907151e-07,-1.062252622624356898e-05,4.931910789297203612e-01,1.817054981473153336e-02,1.817907924513999934e-02,3.116103726187508527e-01,8.733554228009731979e-08,-1.511908458109975855e-07,1.017495997453993661e+00,1.360011282245075608e-02,1.360501137994422037e-02,7.938137187623945934e-01
5.403124999999998131e-09,-4.554486811172668925e-07,-1.063611755119934448e-05,4.969686368037155022e-01,1.823860722019524441e-02,1.824714670926676566e-02,3.132474217060072230e-01,8.739957981054436591e-08,-1.511723593389514080e-07,1.026963952431241722e+00,1.360351339233902349e-02,1.360840910950371352e-02,7.973154347365486450e-01
5.424999999999998120e-09,-4.425693220143037402e-07,-1.064980047449960619e-05,5.007672423991006427e-01,1.830641083082897025e-02,1.831495912487532407e-02,3.148813884260923679e-01,8.745528491634523889e-08,-1.511677360368919271e-07,1.036485758995370876e+00,1.360686766359420728e-02,1.361176055495387505e-02,8.007856435658120553e-01
5.446874999999998109e-09,-4.298458148545143758e-07,-1.066364419998917248e-05,5.045868988056008142e-01,1.837395919139131126e-02,1.838251514383791238e-02,3.165121061669463609e-01,8.749802853036808120e-08,-1.511789244812400705e-07,1.046058871426376768e+00,1.361017635659622985e-02,1.361506645293332658e-02,8.042263176851998097e-01
5.468749999999998098e-09,-4.173322487533261628e-07,-1.067765282015040491e-05,5.084275754590525942e-01,1.844125092210966918e-02,1.844981354527510178e-02,3.181394344718290745e-01,8.752429815452908352e-08,-1.512057576792472111e-07,1.055677414980511264e+00,1.361344013875342464e-02,1.361832748160710961e-02,8.076430142165035297e-01
5.490624999999998087e-09,-4.051224207664803864e-07,-1.069182959288900475e-05,5.122892032179123811e-01,1.850828486563901171e-02,1.851685344789544968e-02,3.197632639840163882e-01,8.753240108066632711e-08,-1.512452528264220049e-07,1.065342956260460383e+00,1.361665966028861342e-02,1.362154429655295686e-02,8.110334647740204961e-01
5.512499999999998076e-09,-3.932103229173773546e-07,-1.070606981020188040e-05,5.161717715088990355e-01,1.857505974531493964e-02,1.858363355867328343e-02,3.213834375976993285e-01,8.752201257636878185e-08,-1.512916866037186584e-07,1.075059411767945061e+00,1.361983559202315473e-02,1.362471756945430983e-02,8.143928917278413504e-01
5.534374999999998065e-09,-3.816847071724952310e-07,-1.072032890148004004e-05,5.200752602044831363e-01,1.864157437760504896e-02,1.865015262041535074e-02,3.229998054412150377e-01,8.749399239807291407e-08,-1.513388497900530518e-07,1.084826977331656117e+00,1.362296865273032731e-02,1.362784800343552934e-02,8.177204121386172364e-01
5.556249999999998055e-09,-3.704884316378165011e-07,-1.073449436913781956e-05,5.239996616976645427e-01,1.870782749482742535e-02,1.871640954024463704e-02,3.246122065549952307e-01,8.745244361403336093e-08,-1.513820562533744907e-07,1.094647219554655937e+00,1.362605955216919518e-02,1.363093631514244834e-02,8.210136380142279977e-01
5.578124999999998044e-09,-3.595528611615407923e-07,-1.074858232670031619e-05,5.279449758640463175e-01,1.877381781192627441e-02,1.878240303629745075e-02,3.262204727334738208e-01,8.740145074893191479e-08,-1.514189752742400220e-07,1.104515242817938780e+00,1.362910898335653424e-02,1.363398321963596102e-02,8.242773130989660135e-01
5.599999999999998033e-09,-3.489608340555811676e-07,-1.076257289563982383e-05,5.319111348404026440e-01,1.883954452264022944e-02,1.884813221027860017e-02,3.278244926190791997e-01,8.734276116862445700e-08,-1.514471909798881001e-07,1.114424976553034519e+00,1.363211764577626148e-02,1.363698942754261977e-02,8.275174989701384876e-01
5.621874999999998022e-09,-3.386261396972778718e-07,-1.077638635614820866e-05,5.358980642457739085e-01,1.890500675362645835e-02,1.891359617987201439e-02,3.294241607969551344e-01,8.728071986394072967e-08,-1.514622629523838421e-07,1.124380533086559053e+00,1.363508620609505534e-02,1.363995561256900468e-02,8.307290840837217027e-01
5.643749999999998011e-09,-3.284535391479398955e-07,-1.078991543818092212e-05,5.399057480345015314e-01,1.897020346688775561e-02,1.897879387030291728e-02,3.310193214990158062e-01,8.722149174447908661e-08,-1.514609904375024688e-07,1.134380345822584735e+00,1.363801529880844833e-02,1.364288239292490990e-02,8.339132648979095119e-01
5.665624999999998000e-09,-3.183994127201516768e-07,-1.080312666131834378e-05,5.439340934155263430e-01,1.903513391536912000e-02,1.904372452127262028e-02,3.326098856360648615e-01,8.716850696660609951e-08,-1.514446884557844555e-07,1.144423043990154376e+00,1.364090556976703048e-02,1.364577039451625104e-02,8.370709074288149587e-01
5.687499999999997989e-09,-3.084532594771052861e-07,-1.081610278095107909e-05,5.479830688240818759e-01,1.909979723434368851e-02,1.910838723755380400e-02,3.341957105677620943e-01,8.712399316082775463e-08,-1.514172371870921060e-07,1.154513327390641608e+00,1.364375767254323579e-02,1.364862028152184249e-02,8.401961224420655405e-01
5.709374999999997978e-09,-2.984840305908042805e-07,-1.082883354664467838e-05,5.520526408369492710e-01,1.916419260063828220e-02,1.917278131569638902e-02,3.357766548045846844e-01,8.709099024193980635e-08,-1.513827250493137633e-07,1.164650608552996403e+00,1.364657226695648561e-02,1.365143273385992229e-02,8.432889798091119937e-01
5.731249999999997967e-09,-2.884746015748029133e-07,-1.084143179708080452e-05,5.561427714467555017e-01,1.922831923410519769e-02,1.923690590048737076e-02,3.373525805579306591e-01,8.707036647798819864e-08,-1.513463260034929542e-07,1.174831754282409824e+00,1.364935004893915067e-02,1.365420845124647349e-02,8.463524890721745297e-01
5.753124999999997956e-09,-2.784419854622825756e-07,-1.085393911450595879e-05,5.602533894340573362e-01,1.929217647173881237e-02,1.930076036900538194e-02,3.389233799151690207e-01,8.706007294610609951e-08,-1.513130122304167218e-07,1.185055981282850723e+00,1.365209170156879599e-02,1.365694810263078096e-02,8.493869261015883909e-01
5.774999999999997945e-09,-2.684217442171860678e-07,-1.086642237679538989e-05,5.643844485348812334e-01,1.935576370628381768e-02,1.936434399771218284e-02,3.404889223022088407e-01,8.705859845135156095e-08,-1.512855493781253551e-07,1.195327010231005627e+00,1.365479786898569220e-02,1.365965230581345571e-02,8.523873319477258681e-01
5.796874999999997934e-09,-2.583850628703731590e-07,-1.087888005077065894e-05,5.685359251095256639e-01,1.941908027371978818e-02,1.942765607671943784e-02,3.420490559042755341e-01,8.706662762291068127e-08,-1.512648335626854704e-07,1.205643078705951998e+00,1.365746916761895538e-02,1.366232166335416658e-02,8.553551390571625390e-01
5.818749999999997924e-09,-2.482970830274367469e-07,-1.089133290211919738e-05,5.727077524448866974e-01,1.948212557540029977e-02,1.949069611953257661e-02,3.436036684043577982e-01,8.708573549832922401e-08,-1.512503291033721491e-07,1.216002620111489740e+00,1.366010618136301313e-02,1.366495674782236373e-02,8.582915668470029180e-01
5.840624999999997913e-09,-2.381117806201527943e-07,-1.090374902189169800e-05,5.768998888374198275e-01,1.954489901555125919e-02,1.955346363248256641e-02,3.451526240950874014e-01,8.711468830470863078e-08,-1.512400163879489793e-07,1.226407788524760845e+00,1.366270949195344184e-02,1.366755814763716791e-02,8.611934841940330765e-01
5.862499999999997902e-09,-2.279605213556169313e-07,-1.091607003891413863e-05,5.811122954993208634e-01,1.960740008546549284e-02,1.961595810660918954e-02,3.466957840889683395e-01,8.714778899955379509e-08,-1.512313290182842005e-07,1.236856429875065500e+00,1.366527968542333854e-02,1.367012647635096161e-02,8.640628910763132886e-01
5.884374999999997891e-09,-2.179162849223286194e-07,-1.092827880193828689e-05,5.853449052148471665e-01,1.966962836869814643e-02,1.967817908008634778e-02,3.482330362343470931e-01,8.718100164131746525e-08,-1.512229110635147639e-07,1.247341690293907179e+00,1.366781735423425875e-02,1.367266234640972765e-02,8.669074120637449976e-01
5.906249999999997880e-09,-2.079165848401829071e-07,-1.094039284550669817e-05,5.895975963117686680e-01,1.973158360899385927e-02,1.974012634706648686e-02,3.497643210974206163e-01,8.721510590724912910e-08,-1.512140600939822223e-07,1.257861024060823230e+00,1.367032310903480187e-02,1.367516638820106580e-02,8.697295386166346010e-01
5.928124999999997869e-09,-1.979255265002219735e-07,-1.095236085461215668e-05,5.938702725040768682e-01,1.979326557882346224e-02,1.980179967106845962e-02,3.512895557847086070e-01,8.725096210417606539e-08,-1.512055211641975688e-07,1.268417564377661622e+00,1.367279756809743931e-02,1.367763921382228638e-02,8.725249638923913142e-01
5.949999999999997858e-09,-1.879717882235132898e-07,-1.096430277629939916e-05,5.981628530692729706e-01,1.985467411209186628e-02,1.986319874411081321e-02,3.528086428011584230e-01,8.728481590287906792e-08,-1.512023260822470292e-07,1.279014248621225702e+00,1.367524133352227521e-02,1.368008139451598083e-02,8.752895226615940993e-01
5.971874999999997847e-09,-1.782436043212277267e-07,-1.097636695929840521e-05,6.024752802309838451e-01,1.991580892635327199e-02,1.992432328871073313e-02,3.543214622788422585e-01,8.731001140283337744e-08,-1.512104158613031615e-07,1.289651468444304783e+00,1.367765495466662616e-02,1.368249345938041435e-02,8.780221718889787974e-01
5.993749999999997836e-09,-1.687829125413705022e-07,-1.098858039038670308e-05,6.068074800392712076e-01,1.997666984092486692e-02,1.998517307160607714e-02,3.558279103260059695e-01,8.732373188948079761e-08,-1.512303401809916981e-07,1.300330790449033547e+00,1.368003896305274719e-02,1.368487591749260185e-02,8.807203749416800953e-01
6.015624999999997825e-09,-1.595875783740997945e-07,-1.100088376339016843e-05,6.111594159133563187e-01,2.003725657936209631e-02,2.004574790412368482e-02,3.573278456888785981e-01,8.732729435211824618e-08,-1.512593812088651135e-07,1.311051235513801094e+00,1.368239389939598406e-02,1.368722929066896327e-02,8.833847475510229197e-01
6.037499999999997814e-09,-1.506489766871276655e-07,-1.101332935941091724e-05,6.155310038836561137e-01,2.009756902345635754e-02,2.010604765896772256e-02,3.588211744864430730e-01,8.732175744628884652e-08,-1.512952740120110534e-07,1.321810845392553002e+00,1.368472030060849040e-02,1.368955412522543727e-02,8.860171148119734275e-01
6.059374999999997803e-09,-1.420137158961312539e-07,-1.102584490359847738e-05,6.199221853127767634e-01,2.015760701862279528e-02,2.016607207509396940e-02,3.603077773820670959e-01,8.730723655987903526e-08,-1.513336683690332867e-07,1.332608445138921294e+00,1.368701872362786121e-02,1.369185099188251903e-02,8.886184140125733544e-01
6.081249999999997793e-09,-1.336768048425580890e-07,-1.103833511938086399e-05,6.243328638878156145e-01,2.021737060537458913e-02,2.022582114140461518e-02,3.617875736295409483e-01,8.728489888461249468e-08,-1.513685160265377027e-07,1.343443251456322596e+00,1.368928971369717633e-02,1.369412045814775644e-02,8.911890829801267788e-01
6.103124999999997782e-09,-1.256140058415197097e-07,-1.105071303844530893e-05,6.287629734304003293e-01,2.027685973211863779e-02,2.028529475252881936e-02,3.632604518521984072e-01,8.725733845697626719e-08,-1.513968894180995226e-07,1.354317026771922894e+00,1.369153380612189545e-02,1.369636307383306426e-02,8.937263205445649117e-01
6.124999999999997771e-09,-1.177678597291853236e-07,-1.106303944495818499e-05,6.332124416373544618e-01,2.033607438446582288e-02,2.034449304239033252e-02,3.647263070913066008e-01,8.722691904612676879e-08,-1.514180561839863336e-07,1.365231533512802908e+00,1.369375154321043897e-02,1.369857936144060727e-02,8.962273008059505885e-01
6.146874999999997760e-09,-1.101333419573809623e-07,-1.107519317293991400e-05,6.376812259350946865e-01,2.039501454372456141e-02,2.040341597227308609e-02,3.661850032084301154e-01,8.719486721160192107e-08,-1.514314193605653679e-07,1.376186184206879659e+00,1.369594342151339225e-02,1.370076978692304215e-02,8.986922347293004876e-01
6.168749999999997749e-09,-1.026847789901520261e-07,-1.108725664921730408e-05,6.421692486195875738e-01,2.045368020009518534e-02,2.046206365410527944e-02,3.676364408624891444e-01,8.716120913632308316e-08,-1.514369353443597464e-07,1.387180195557018214e+00,1.369810990295180879e-02,1.370293479106948938e-02,9.011214870657032749e-01
6.190624999999997738e-09,-9.547385814383612016e-08,-1.109909383003741347e-05,6.466764597912435519e-01,2.051207140774434154e-02,2.052043613483724160e-02,3.690804912403043425e-01,8.712731120785865573e-08,-1.514332550292054598e-07,1.398210238542392458e+00,1.370025145770128842e-02,1.370507485217014806e-02,9.035188970898319072e-01
6.212499999999997727e-09,-8.834925660165921010e-08,-1.111070077330889209e-05,6.512027428333152512e-01,2.057018831589823779e-02,2.057853365188691899e-02,3.705170970080361448e-01,8.709607737403909796e-08,-1.514198658775685928e-07,1.409272200842653477e+00,1.370236857212657651e-02,1.370719047719647088e-02,9.058893479805072424e-01
6.234374999999997716e-09,-8.137089828951117135e-08,-1.112207637134801168e-05,6.557479995939821116e-01,2.062803109954976580e-02,2.063635643440902417e-02,3.719461818929059027e-01,8.706791339792874441e-08,-1.513974270794349379e-07,1.420369803133850084e+00,1.370446173410829263e-02,1.370928217507683122e-02,9.082273281206226789e-01
6.256249999999997705e-09,-7.453685199007160271e-08,-1.113317007393550866e-05,6.603121623210368440e-01,2.068559987123825411e-02,2.069390474659180482e-02,3.733676371053557541e-01,8.704236515232952514e-08,-1.513666547237472723e-07,1.431503437068499585e+00,1.370653142774385692e-02,1.371135044215080444e-02,9.105317783315619584e-01
6.278124999999997694e-09,-6.782871066464656881e-08,-1.114403018668955212e-05,6.648951402089361418e-01,2.074289487722656353e-02,2.075117884069547711e-02,3.747813792226855623e-01,8.702062628387054763e-08,-1.513291549419058461e-07,1.442667619551806002e+00,1.370857813835472255e-02,1.371339575141798835e-02,9.128096215950888270e-01
6.299999999999997683e-09,-6.119995086302740029e-08,-1.115462347565972646e-05,6.694968001417527237e-01,2.079991649979729199e-02,2.080817907110524626e-02,3.761873723462442198e-01,8.700252515338955282e-08,-1.512856100802309445e-07,1.453864113010506554e+00,1.371060232623643425e-02,1.371541855088424626e-02,9.150578933783237723e-01
6.321874999999997672e-09,-5.474417248125138309e-08,-1.116492703332184515e-05,6.741170762196975197e-01,2.085666500249985095e-02,2.086490578985445918e-02,3.775855068655109559e-01,8.698565500113825483e-08,-1.512358936750577047e-07,1.465097421419893742e+00,1.371260442310748978e-02,1.371741926349776507e-02,9.172699000557683613e-01
6.343749999999997662e-09,-4.846337902824725207e-08,-1.117491734435060786e-05,6.787558938375544138e-01,2.091314073634532172e-02,2.092135935007637809e-02,3.789756828936055033e-01,8.696714835927530586e-08,-1.511816069557195930e-07,1.476364411583743763e+00,1.371458484600395628e-02,1.371939829692597757e-02,9.194494655439753306e-01
6.365624999999997651e-09,-4.245015668683381410e-08,-1.118469117230385231e-05,6.834131505442112564e-01,2.096934413716728188e-02,2.097754014377268064e-02,3.803578323137887796e-01,8.694508154254616700e-08,-1.511264059406249391e-07,1.487662929430428438e+00,1.371654401389346516e-02,1.372135608744037838e-02,9.215990066527964819e-01
6.387499999999997640e-09,-3.664107357325426035e-08,-1.119427838267571826e-05,6.880887481178634690e-01,2.102527565281089167e-02,2.103344857740902310e-02,3.817318829584038231e-01,8.692078317760759709e-08,-1.510725888729479268e-07,1.498990037588757707e+00,1.371848235900192080e-02,1.372329309125577823e-02,9.237221087097967631e-01
6.409374999999997629e-09,-3.097511094604858391e-08,-1.120364524096851735e-05,6.927825510638464523e-01,2.108093586753037596e-02,2.108908524680492072e-02,3.830978062182202049e-01,8.689872447709393548e-08,-1.510220648835881707e-07,1.510349065084638731e+00,1.372040030823993076e-02,1.372520975022631026e-02,9.258135867188522772e-01
6.431249999999997618e-09,-2.531888719105447880e-08,-1.121295401439280591e-05,6.974945052782687283e-01,2.113632521502691736e-02,2.114445058107900302e-02,3.844554806848875517e-01,8.688245560698315437e-08,-1.509792411539561714e-07,1.521743928418634928e+00,1.372229828577954322e-02,1.372710648472792901e-02,9.278673896085329886e-01
6.453124999999997607e-09,-1.970068287306257088e-08,-1.122226656548027261e-05,7.022245265873904296e-01,2.119144415243867652e-02,2.119954510292974131e-02,3.858048197002522106e-01,8.687220642061206856e-08,-1.509470496722603518e-07,1.533167186246527480e+00,1.372417671903723713e-02,1.372898369626870778e-02,9.298936259618973965e-01
6.474999999999997596e-09,-1.410559544574044167e-08,-1.123157423312139526e-05,7.069724714324383541e-01,2.124629338764019715e-02,2.125436949748759838e-02,3.871458067951173421e-01,8.686770813610540337e-08,-1.509251614541948538e-07,1.544617271971355565e+00,1.372603602491213708e-02,1.373084179180991682e-02,9.318940736017619075e-01
6.496874999999997585e-09,-8.486415343091116115e-09,-1.124088016761546004e-05,7.117382393141336028e-01,2.130087351822166145e-02,2.130892433843021086e-02,3.884783762769509208e-01,8.686934737647841461e-08,-1.509127402555615458e-07,1.556100843642267861e+00,1.372787660847481390e-02,1.373268117259274050e-02,9.338586120779724942e-01
6.518749999999997574e-09,-2.860037095383019329e-09,-1.125020164417859088e-05,7.165217723608394707e-01,2.135518511872865413e-02,2.136321019165065421e-02,3.898024123579437172e-01,8.687650925471639614e-08,-1.509091967620388170e-07,1.567613005638725854e+00,1.372969886325585941e-02,1.373450223249275334e-02,9.357938642083818426e-01
6.540624999999997563e-09,2.774669563162825573e-09,-1.125954224237232272e-05,7.213229125695257427e-01,2.140922893217834036e-02,2.141722782354599924e-02,3.911179192169481067e-01,8.688846238258371093e-08,-1.509144660990403798e-07,1.579150233114463786e+00,1.373150315912020046e-02,1.373630535437754888e-02,9.377044526162522375e-01
6.562499999999997552e-09,8.429720941183445413e-09,-1.126895041620337911e-05,7.261415618709274877e-01,2.146300563865659317e-02,2.147097797396431765e-02,3.924248306962989097e-01,8.690504640616163319e-08,-1.509282965565760604e-07,1.590715855095002018e+00,1.373328984918383185e-02,1.373809089825708298e-02,9.395850662680096388e-01
6.584374999999997541e-09,1.412477346884438254e-08,-1.127839787540840403e-05,7.309776068532675142e-01,2.151651599208023041e-02,2.152446134155521287e-02,3.937230999558470335e-01,8.692560977361314194e-08,-1.509494729986188921e-07,1.602309284107738208e+00,1.373505928994896153e-02,1.373985922412578400e-02,9.414361066185723548e-01
6.606249999999997531e-09,1.982122358343171899e-08,-1.128791410590382374e-05,7.358309453303235603e-01,2.156976073319416196e-02,2.157767869981174966e-02,3.950126674785757186e-01,8.694861090043041511e-08,-1.509762970350568211e-07,1.613934045003150297e+00,1.373681185112552404e-02,1.374161069747867857e-02,9.432518096199017377e-01
6.628124999999997520e-09,2.549757953879793821e-08,-1.129745071878564338e-05,7.407015107682837218e-01,2.162274052901082613e-02,2.163063070640185506e-02,3.962934305662794698e-01,8.697292526307451022e-08,-1.510061789863675704e-07,1.625590725258065028e+00,1.373854790783654578e-02,1.374334568366411199e-02,9.450307789406022785e-01
6.649999999999997509e-09,3.116368211169496396e-08,-1.130698543818588585e-05,7.455892112565616348e-01,2.167545618676166436e-02,2.168331811399818940e-02,3.975653179656541969e-01,8.699781838518203629e-08,-1.510371028630203009e-07,1.637275016726598142e+00,1.374026783966053426e-02,1.374506456149666815e-02,9.467790216257248037e-01
6.671874999999997498e-09,3.679295669016979395e-08,-1.131655001715254349e-05,7.504939298657443691e-01,2.172790854502079649e-02,2.173574174492040947e-02,3.988282902842372746e-01,8.702177570492020885e-08,-1.510675405446477028e-07,1.648986527760988086e+00,1.374197201661098502e-02,1.374676771437066333e-02,9.484965852668351127e-01
6.693749999999997487e-09,4.235881117838621564e-08,-1.132605592912376547e-05,7.554155734927521237e-01,2.178009847434615731e-02,2.178790235830630612e-02,4.000822793294790958e-01,8.704335618480911758e-08,-1.510951839549759072e-07,1.660726824962468484e+00,1.374366078130234009e-02,1.374845549703562070e-02,9.501806174744952260e-01
6.715624999999997476e-09,4.785755329322475122e-08,-1.133551587887617293e-05,7.603540477584734836e-01,2.183202684796640633e-02,2.183980084103879019e-02,4.013272191698896152e-01,8.706228369644751910e-08,-1.511191325682020563e-07,1.672491404360018086e+00,1.374533447479862544e-02,1.375012823466803882e-02,9.518376269434345449e-01
6.737499999999997465e-09,5.330577134980130468e-08,-1.134492877952038983e-05,7.653092068947850990e-01,2.188369465122148166e-02,2.189143808774186503e-02,4.025631100731139611e-01,8.707846596411517482e-08,-1.511395458417217919e-07,1.684276741107076703e+00,1.374699343046222912e-02,1.375178623238097579e-02,9.534726259783783409e-01
6.759374999999997454e-09,5.867294019706249916e-08,-1.135426970411434444e-05,7.702809166342101665e-01,2.193510281785417473e-02,2.194281507079431925e-02,4.037899394431326838e-01,8.709137789231199328e-08,-1.511567980671294423e-07,1.696081660255918777e+00,1.374863794754098423e-02,1.375342976432280748e-02,9.550871276509383945e-01
6.781249999999997443e-09,6.395945400505316329e-08,-1.136358037508597511e-05,7.752690203332054386e-01,2.198625237547136707e-02,2.199393284931218384e-02,4.050077252423138208e-01,8.710121973475013457e-08,-1.511714299629978907e-07,1.707906357633165673e+00,1.375026831082623927e-02,1.375505911145530162e-02,9.566804307613683278e-01
6.803124999999997432e-09,6.920599456105057235e-08,-1.137282753583328584e-05,7.802733902430141200e-01,2.203714429122919510e-02,2.204479246884102558e-02,4.062164500138351619e-01,8.710880723619044296e-08,-1.511829902930995797e-07,1.719755337213550783e+00,1.375188483351164406e-02,1.375667460578780359e-02,9.582450018527238766e-01
6.824999999999997421e-09,7.440397404438103976e-08,-1.138200042323672113e-05,7.852939295978035306e-01,2.208777952539940984e-02,2.209539487074442879e-02,4.074160572464027297e-01,8.711508820297190893e-08,-1.511910662802062760e-07,1.731626640749878598e+00,1.375348784462620925e-02,1.375827659727158793e-02,9.597835700121727376e-01
6.846874999999997410e-09,7.960581011609827040e-08,-1.139109752631125221e-05,7.903304899936582917e-01,2.213815912760385904e-02,2.214574106717482130e-02,4.086065591800287500e-01,8.712161124092939898e-08,-1.511957671204753502e-07,1.743518897469575668e+00,1.375507765097261012e-02,1.375986541979148069e-02,9.612979221840817212e-01
6.868749999999997400e-09,8.483964271049476562e-08,-1.140011217084363573e-05,7.953829613117043840e-01,2.218828409381073258e-02,2.219583210429723619e-02,4.097879192514925495e-01,8.713001980015853052e-08,-1.511974491101695667e-07,1.755435828047625435e+00,1.375665454809441371e-02,1.376144137876680190e-02,9.627816616204013522e-01
6.890624999999997389e-09,9.012835993101446741e-08,-1.140906970123646349e-05,8.004512451213798840e-01,2.223815542138326412e-02,2.224566900628254656e-02,4.109600863719696240e-01,8.714088108407146541e-08,-1.511974403611046064e-07,1.767376061711331214e+00,1.375821882659788303e-02,1.376300475486048544e-02,9.642365826576220211e-01
6.912499999999997378e-09,9.546005377009488283e-08,-1.141801881346980782e-05,8.055352179119577016e-01,2.228777421113469978e-02,2.229525287424866109e-02,4.121230439429777181e-01,8.715391139863778802e-08,-1.511975375784342366e-07,1.779334311189690876e+00,1.375977076308613004e-02,1.376455579831349640e-02,9.656709093717068537e-01
6.934374999999997367e-09,1.008323784733432469e-07,-1.142696224626060459e-05,8.106347195563567976e-01,2.233714163754967758e-02,2.234458486878190125e-02,4.132768263048086088e-01,8.716832542928751204e-08,-1.511981849790182108e-07,1.791311163958947850e+00,1.376131061323662350e-02,1.376609473967417910e-02,9.670833125724729307e-01
6.956249999999997356e-09,1.062145597875824611e-07,-1.143585435083220803e-05,8.157496378546755800e-01,2.238625878708814729e-02,2.239366612861723449e-02,4.144214049567980229e-01,8.718272179934151249e-08,-1.511986081319591407e-07,1.803309949044093807e+00,1.376283863846217148e-02,1.376762183307919836e-02,9.684679680289312032e-01
6.978124999999997345e-09,1.115938247720743663e-07,-1.144469862499706871e-05,8.208798577965674692e-01,2.243512674430823972e-02,2.244249777149944641e-02,4.155567563681271670e-01,8.719570369329958086e-08,-1.511987667643813262e-07,1.815329491497233549e+00,1.376435511141740203e-02,1.376913737108489272e-02,9.698264046875747502e-01
6.999999999999997334e-09,1.169278611017898007e-07,-1.145351208282951133e-05,8.260252565660748392e-01,2.248374663690794195e-02,2.249108095912767669e-02,4.166828690321425221e-01,8.720675887247109722e-08,-1.511988143999466335e-07,1.827367833070848713e+00,1.376586029138760457e-02,1.377064165821035961e-02,9.711615477287468545e-01
7.021874999999997323e-09,1.222553880163970059e-07,-1.146226180245328170e-05,8.311856985845824664e-01,2.253211967628825432e-02,2.253941688137843513e-02,4.177997506173233844e-01,8.721656761118358167e-08,-1.511984747942238052e-07,1.839423798817005684e+00,1.376735443849932787e-02,1.377213497288525684e-02,9.724750070132317514e-01
7.043749999999997312e-09,1.275718585458032424e-07,-1.147096898866930903e-05,8.363610505734091483e-01,2.258024701623073671e-02,2.258750673979735210e-02,4.189074073525910769e-01,8.722572127498781372e-08,-1.511984186768113360e-07,1.851498367861738270e+00,1.376883782196337488e-02,1.377361757060586826e-02,9.737647597138658906e-01
7.065624999999997301e-09,1.328729817364590547e-07,-1.147966011458475038e-05,8.415511933067113537e-01,2.262812984649691106e-02,2.263535173915727852e-02,4.200058275151873355e-01,8.723443910004778936e-08,-1.511991514736235494e-07,1.863593106805749633e+00,1.377031069369161892e-02,1.377508968305054572e-02,9.750277910845598361e-01
7.087499999999997290e-09,1.381708263646162950e-07,-1.148828822191066389e-05,8.467560168172654222e-01,2.267576934197577596e-02,2.268295308674226837e-02,4.210949877053696833e-01,8.724361689508005102e-08,-1.511995317777205291e-07,1.875709190599843534e+00,1.377177327628493868e-02,1.377655151036867413e-02,9.762616956735054030e-01
7.109374999999997279e-09,1.435099505158883513e-07,-1.149682032421018637e-05,8.519754202888858430e-01,2.272316668558281225e-02,2.273031198258030489e-02,4.221748527084173142e-01,8.725461489457019534e-08,-1.511985967607704698e-07,1.887843486046797192e+00,1.377322580068585101e-02,1.377800325402560831e-02,9.774715049228196451e-01
7.131249999999997269e-09,1.489063352334556419e-07,-1.150527951931786406e-05,8.572092586955988303e-01,2.277032315316878872e-02,2.277742968541019222e-02,4.232454514980021898e-01,8.726845666944130383e-08,-1.511968417621001921e-07,1.899994034898832229e+00,1.377466849189025282e-02,1.377944513653239604e-02,9.786602293119764928e-01
7.153124999999997258e-09,1.543705356741319039e-07,-1.151367896588103900e-05,8.624574110624009249e-01,2.281723997467947213e-02,2.282430750357676216e-02,4.243067805645234225e-01,8.728477123980204867e-08,-1.511949543768523865e-07,1.912161228807094160e+00,1.377610155551325759e-02,1.378087739964201260e-02,9.798268717310713027e-01
7.174999999999997247e-09,1.598433167261864842e-07,-1.152200640180448542e-05,8.677197414264012920e-01,2.286391839701948370e-02,2.287094674598462093e-02,4.253588596144816658e-01,8.730160635586388261e-08,-1.511928914598488378e-07,1.924342717873956721e+00,1.377752520732570402e-02,1.378230029026701262e-02,9.809752526595360012e-01
7.196874999999997236e-09,1.652826261382141297e-07,-1.153025899072322051e-05,8.729961037322322426e-01,2.291035969670260700e-02,2.291734874455634077e-02,4.264017249951744248e-01,8.731722492322617365e-08,-1.511902800885028488e-07,1.936539677050116648e+00,1.377893966050229742e-02,1.378371403929691714e-02,9.821030023128067832e-01
7.218749999999997225e-09,1.706759593697021901e-07,-1.153842568375626026e-05,8.782863807820587843e-01,2.295656513472230098e-02,2.296351479408259566e-02,4.274353729410585445e-01,8.733106843727227359e-08,-1.511871674300121967e-07,1.948753281286236261e+00,1.378034511609162183e-02,1.378511885566981177e-02,9.832077346468607315e-01
7.240624999999997214e-09,1.760053045519831130e-07,-1.154653523301424849e-05,8.835904452638928541e-01,2.300253602724878360e-02,2.300944618641633313e-02,4.284598160573964698e-01,8.734259460050350464e-08,-1.511840998364962817e-07,1.960981963984212095e+00,1.378174177701999709e-02,1.378651493512328755e-02,9.842919282279146698e-01
7.262499999999997203e-09,1.812339198267473196e-07,-1.155457204688667992e-05,8.889081646108217827e-01,2.304827367344138705e-02,2.305514425834209388e-02,4.294750764614853056e-01,8.735023896198238671e-08,-1.511815805418849557e-07,1.973225529320309146e+00,1.378312984892284855e-02,1.378790246485655721e-02,9.853556225021358195e-01
7.284374999999997192e-09,1.863032536205021534e-07,-1.156256135923140957e-05,8.942394133041378090e-01,2.309377936475182080e-02,2.310061033129265362e-02,4.304811676861765024e-01,8.735251453484586392e-08,-1.511802313903589970e-07,1.985484173120555917e+00,1.378450952510494598e-02,1.378928161608838909e-02,9.863981582640327650e-01
7.306249999999997181e-09,1.912055895801165764e-07,-1.157051157163425420e-05,8.995840654325121255e-01,2.313905440965514926e-02,2.314584573352960334e-02,4.314781055678021948e-01,8.734925804734262327e-08,-1.511802616718378157e-07,1.997756328786720603e+00,1.378588097424783554e-02,1.379065255503876368e-02,9.874221183886223718e-01
7.328124999999997170e-09,1.959387456014851565e-07,-1.157839646153085646e-05,9.049419800486978582e-01,2.318410015542346145e-02,2.319085183025114405e-02,4.324659304142627336e-01,8.734058889389707205e-08,-1.511807599521142747e-07,2.010042192144793738e+00,1.378724436377847841e-02,1.379201546518883485e-02,9.884268662441203501e-01
7.349999999999997159e-09,2.004793857512602803e-07,-1.158619777468133202e-05,9.103130378207081597e-01,2.322891790744209886e-02,2.323562995368948225e-02,4.334446518950310079e-01,8.732636727346874784e-08,-1.511803760129917072e-07,2.022341959020775182e+00,1.378859987289068369e-02,1.379337053985168170e-02,9.894117768667038959e-01
7.371874999999997148e-09,2.048208296028591764e-07,-1.159388638900189623e-05,9.156971044349391242e-01,2.327350900545316348e-02,2.328018148220514436e-02,4.344143041771631464e-01,8.730725428825539406e-08,-1.511779736774214951e-07,2.034655041940957698e+00,1.378994767472827704e-02,1.379471795220612966e-02,9.903776609872695369e-01
7.393749999999997138e-09,2.089885859356254165e-07,-1.160145127570786223e-05,9.210940573391306341e-01,2.331787480922978273e-02,2.332450775267582571e-02,4.353749054205301450e-01,8.728448223917829876e-08,-1.511731270802492090e-07,2.046981049256515472e+00,1.379128793843094336e-02,1.379605785677980902e-02,9.913249757678768148e-01
7.415624999999997127e-09,2.129629246438886002e-07,-1.160889465773595424e-05,9.265037616336725401e-01,2.336201666099120208e-02,2.336861014286906527e-02,4.363264946064320804e-01,8.725862722255492664e-08,-1.511666166602718733e-07,2.059319393493696637e+00,1.379262083778526153e-02,1.379739042110621032e-02,9.922545632424486506e-01
7.437499999999997116e-09,2.167368724945959608e-07,-1.161626318814756070e-05,9.319260915905852594e-01,2.340593594141263459e-02,2.341249001075016226e-02,4.372690985663814089e-01,8.723016753419058388e-08,-1.511600480908930942e-07,2.071672032902604155e+00,1.379394654919552897e-02,1.379871582773416032e-02,9.931625040848881536e-01
7.459374999999997932e-09,2.203241478912011216e-07,-1.162357881643394790e-05,9.373609405312826048e-01,2.344963399650562899e-02,2.345614872393076214e-02,4.382027162137819287e-01,8.720029943669150135e-08,-1.511545128183838404e-07,2.084039750783833522e+00,1.379526522348004450e-02,1.380003424414860506e-02,9.940470100621052740e-01
7.481249999999997921e-09,2.237365207419403447e-07,-1.163083710357421815e-05,9.428081965607489900e-01,2.349311216903206961e-02,2.349958765072565278e-02,4.391273560695168054e-01,8.717010686841604891e-08,-1.511499349754281327e-07,2.096420784714092989e+00,1.379657699708313791e-02,1.380134581412529107e-02,9.949111269461023976e-01
7.503124999999997910e-09,2.269725828196377538e-07,-1.163802212424367317e-05,9.482677351647426089e-01,2.353637181764907729e-02,2.354280817591667546e-02,4.400430481451184650e-01,8.713998262408680710e-08,-1.511460574663877928e-07,2.108813763919930029e+00,1.379788202895775029e-02,1.380265067805032733e-02,9.957572149621470858e-01
7.524999999999997899e-09,2.300254006231577637e-07,-1.164515401260830640e-05,9.537394314266287587e-01,2.357941433642729567e-02,2.358581167898597675e-02,4.409498250085469029e-01,8.710966624923568261e-08,-1.511428173803140777e-07,2.121217905102590340e+00,1.379918046849542244e-02,1.380394897951685469e-02,9.965865343384537889e-01
7.546874999999997888e-09,2.328659585027070880e-07,-1.165220997858596765e-05,9.592231552686527607e-01,2.362224109904557598e-02,2.362859956797633276e-02,4.418477294438920566e-01,8.707904983738618247e-08,-1.511401190712898633e-07,2.133633404087822871e+00,1.380047244931919062e-02,1.380524085432059157e-02,9.973984610052087918e-01
7.568749999999997877e-09,2.355288070607628670e-07,-1.165920708329647728e-05,9.647187883640880868e-01,2.366485348105060865e-02,2.367117322184740177e-02,4.427367874283498206e-01,8.704854739034484891e-08,-1.511381041867405826e-07,2.146059477576844898e+00,1.380175812353782831e-02,1.380652643874724639e-02,9.981943140935567449e-01
7.590624999999997866e-09,2.380009063323125365e-07,-1.166613505737334883e-05,9.702261949288050191e-01,2.370725288057565563e-02,2.371353404149201261e-02,4.436170550130610346e-01,8.701848898491175490e-08,-1.511365845521927014e-07,2.158496321395447115e+00,1.380303764171303058e-02,1.380780588042717499e-02,9.989734781078862813e-01
7.612499999999997856e-09,2.403075284154701821e-07,-1.167297622928258538e-05,9.757452631283115574e-01,2.374944067414255788e-02,2.375568341603641678e-02,4.444885515608748561e-01,8.698955168314077974e-08,-1.511351446505536257e-07,2.170945697968572841e+00,1.380431112137685441e-02,1.380907931163120016e-02,9.997322563071286972e-01
7.634374999999997845e-09,2.424594412716119133e-07,-1.167973379456049752e-05,9.812758830874926952e-01,2.379141823777740708e-02,2.379762272501386930e-02,4.453512949057116255e-01,8.696253644718238249e-08,-1.511336565889531832e-07,2.183406628172408048e+00,1.380557867596673115e-02,1.381034685384628299e-02,1.000472317829304902e+00
7.656249999999997834e-09,2.444622765513468256e-07,-1.168639779373119905e-05,9.868179348563655973e-01,2.383318694422425360e-02,2.383935336647160022e-02,4.462053210920295943e-01,8.693791892553388393e-08,-1.511319486799229847e-07,2.195877545408485787e+00,1.380684043357327355e-02,1.381160863615348185e-02,1.001196529408079128e+00
7.678124999999997823e-09,2.463413438946259507e-07,-1.169297089232881097e-05,9.923712932061686809e-01,2.387474816356979779e-02,2.388087675219597444e-02,4.470506768628013661e-01,8.691615421652943940e-08,-1.511296113548810191e-07,2.208357862202784183e+00,1.380809650612237378e-02,1.381286477488263484e-02,1.001905874384421358e+00
7.699999999999997812e-09,2.481027471618481607e-07,-1.169943002002481829e-05,9.979358348152683744e-01,2.391610328160958046e-02,2.392219427384272706e-02,4.478874078720439522e-01,8.689714574470873057e-08,-1.511260208661624378e-07,2.220845620306875379e+00,1.380934699950822110e-02,1.381411537030263932e-02,1.002604128594335231e+00
7.721874999999997801e-09,2.497412591336358315e-07,-1.170576614854897162e-05,1.003511414170910721e+00,2.395725370705231727e-02,2.396330733800921056e-02,4.487155990509818504e-01,8.688040271682873354e-08,-1.511210059396651970e-07,2.233341603021088861e+00,1.381059203576711150e-02,1.381536052737331564e-02,1.003289518718719187e+00
7.743749999999997790e-09,2.512737205860096801e-07,-1.171198274991365362e-05,1.009097921842534662e+00,2.399820082814520597e-02,2.400421732912783393e-02,4.495352772978015166e-01,8.686578121597999933e-08,-1.511149772291806816e-07,2.245846201995989944e+00,1.381183174838782578e-02,1.381660037076264634e-02,1.003961090680445922e+00
7.765624999999997779e-09,2.527082184612924346e-07,-1.171809436290004045e-05,1.014695221318541396e+00,2.403894602782801274e-02,2.404492564927672438e-02,4.503465170969146447e-01,8.685330511830367381e-08,-1.511087733879777807e-07,2.258357850632992214e+00,1.381306625294028909e-02,1.381783502214862201e-02,1.004621847586841810e+00
7.787499999999997768e-09,2.540495221289440257e-07,-1.172412710202118553e-05,1.020303187874055162e+00,2.407949069816341103e-02,2.408543370320229138e-02,4.511493753758528680e-01,8.684298429665537008e-08,-1.511033918104949258e-07,2.270875373983296974e+00,1.381429565486624531e-02,1.381906459426468156e-02,1.005274065439520248e+00
7.809374999999997757e-09,2.553084016002666247e-07,-1.173008346398148882e-05,1.025921674674789896e+00,2.411983623240478505e-02,2.412574289286209886e-02,4.519439491411590959e-01,8.683478466765796485e-08,-1.510990512824387902e-07,2.283400730296681225e+00,1.381552006613967661e-02,1.382028919479857607e-02,1.005913522909261948e+00
7.831249999999997746e-09,2.564779738875598045e-07,-1.173595480252203837e-05,1.031550585472241766e+00,2.415998400428870027e-02,2.416585460605664287e-02,4.527302511567763976e-01,8.682840899419994490e-08,-1.510955049432851847e-07,2.295937444422107454e+00,1.381673958110144276e-02,1.382150891306554996e-02,1.006532735185588168e+00
7.853124999999997735e-09,2.575592763839478115e-07,-1.174175187346781140e-05,1.037189821042653559e+00,2.419993538322147072e-02,2.420577021313836605e-02,4.535083007568553315e-01,8.682354469763299544e-08,-1.510929219160925159e-07,2.308484145585794067e+00,1.381795428598348550e-02,1.382272382878280310e-02,1.007134348694225245e+00
7.874999999999997725e-09,2.585598166418058917e-07,-1.174747912761060229e-05,1.042839271741782481e+00,2.423969174609701127e-02,2.424549109452212373e-02,4.542781369376103218e-01,8.682048115999329097e-08,-1.510914490294960963e-07,2.321039267189028976e+00,1.381916427683535682e-02,1.382393402980506940e-02,1.007721439864478485e+00
7.896874999999997714e-09,2.595144376253760988e-07,-1.175312326054625775e-05,1.048498822740073555e+00,2.427925445655064463e-02,2.428501862939280720e-02,4.550398096215743093e-01,8.681979797317784246e-08,-1.510906696332837626e-07,2.333604963306366020e+00,1.382036964210542340e-02,1.382513961321734687e-02,1.008289238947029487e+00
7.918749999999997703e-09,2.604238180419251974e-07,-1.175867446633573939e-05,1.054168394933962638e+00,2.431862486042789956e-02,2.432435418161209978e-02,4.557933078866670540e-01,8.682135381504857657e-08,-1.510898758416135327e-07,2.346182800537623514e+00,1.382157046311796589e-02,1.382634067026809570e-02,1.008834232854817659e+00
7.940624999999997692e-09,2.612823999966120189e-07,-1.176411798340478038e-05,1.059847896275480927e+00,2.435780431623771683e-02,2.436349911571449034e-02,4.565386447088932154e-01,8.682445848925049613e-08,-1.510883706462435504e-07,2.358770037334620984e+00,1.382276682683134320e-02,1.382753729061805652e-02,1.009362027048314348e+00
7.962499999999997681e-09,2.620944882476716009e-07,-1.176945236829154169e-05,1.065537217132117798e+00,2.439679418575388739e-02,2.440245478893434197e-02,4.572758657994178688e-01,8.682856111415808313e-08,-1.510856064910811491e-07,2.371364127974117775e+00,1.382395883141163476e-02,1.382872956681299378e-02,1.009877882599419907e+00
7.984374999999997670e-09,2.628570033617796767e-07,-1.177466475334828686e-05,1.071236237589189955e+00,2.443559583701928467e-02,2.444122256068622517e-02,4.580050372186907359e-01,8.683320513831290652e-08,-1.510813069919076623e-07,2.383963505857376930e+00,1.382514657104377646e-02,1.382991758644864892e-02,1.010385036293559802e+00
8.006249999999997659e-09,2.635694844894966920e-07,-1.177976120568485329e-05,1.076944832391613538e+00,2.447421063090382196e-02,2.447980379267108986e-02,4.587262369464482625e-01,8.683796810455900713e-08,-1.510757046227825169e-07,2.396569345934326911e+00,1.382633011351702863e-02,1.383110142140907620e-02,1.010880802323804284e+00
8.028124999999997648e-09,2.642242077562428545e-07,-1.178474852931613575e-05,1.082662900046578836e+00,2.451263990542099439e-02,2.451819983046921170e-02,4.594395024681769413e-01,8.684255343898018366e-08,-1.510689546297447826e-07,2.409182627329984339e+00,1.382750952460498617e-02,1.383228111987951613e-02,1.011362918120748855e+00
8.049999999999997637e-09,2.648268054512519590e-07,-1.178960964124117261e-05,1.088390331116452447e+00,2.455088500366695708e-02,2.455641201996234396e-02,4.601448875047182696e-01,8.684687625776697232e-08,-1.510609044641585184e-07,2.421801979270444605e+00,1.382868487505360504e-02,1.383345674204759963e-02,1.011834217356355703e+00
8.071874999999997626e-09,2.653790648136005079e-07,-1.179435506151711323e-05,1.094127010850374226e+00,2.458894726141728007e-02,2.459444170657192411e-02,4.608424575393994527e-01,8.685109405233977862e-08,-1.510517040599007471e-07,2.434427010106378297e+00,1.382985622856941488e-02,1.383462837843220210e-02,1.012295416961927597e+00
8.093749999999997615e-09,2.658980964239070557e-07,-1.179898398448456844e-05,1.099872828728458707e+00,2.462682801621445330e-02,2.463229022626557338e-02,4.615322724940719712e-01,8.685547652008193412e-08,-1.510417498629413373e-07,2.447058503137915064e+00,1.383102366782011997e-02,1.383579611897036918e-02,1.012744659569177363e+00
8.115624999999997605e-09,2.663904900241062624e-07,-1.180350578952453476e-05,1.105627683326092736e+00,2.466452858911193091e-02,2.466995890611545575e-02,4.622143776376611002e-01,8.686026574551567134e-08,-1.510313356600909711e-07,2.459696850015365754e+00,1.383218729644620539e-02,1.383696004376028243e-02,1.013180939080922327e+00
8.137499999999997594e-09,2.668686161327605186e-07,-1.180790897053528860e-05,1.111391472507931688e+00,2.470205030449593858e-02,2.470744906248010381e-02,4.628888214186789307e-01,8.686573955531109241e-08,-1.510205017201330148e-07,2.472342246564132484e+00,1.383334720565984784e-02,1.383812023420545947e-02,1.013603651569320308e+00
8.159374999999997583e-09,2.673360196205131714e-07,-1.181220024056126710e-05,1.117164100846911978e+00,2.473939447881811499e-02,2.474476200977835175e-02,4.635556416795020840e-01,8.687207568029687338e-08,-1.510094197434017852e-07,2.484993713660093473e+00,1.383450346135069176e-02,1.383927677028826825e-02,1.014014851601801270e+00
8.181249999999997572e-09,2.677921964222572695e-07,-1.181638762410151611e-05,1.122945457592321672e+00,2.477656242433887157e-02,2.478189906121018235e-02,4.642149067525758177e-01,8.687910202360705246e-08,-1.509984862922922527e-07,2.497650272179107844e+00,1.383565611867087694e-02,1.384042971587503938e-02,1.014416619475104753e+00
8.203124999999997561e-09,2.682351141021229336e-07,-1.182047361493685396e-05,1.128735438649033584e+00,2.481355544509647459e-02,2.481886151904661927e-02,4.648666746526513571e-01,8.688638725005487496e-08,-1.509879901080138452e-07,2.510311530471716956e+00,1.383680522755114523e-02,1.384157911571645867e-02,1.014809735765697551e+00
8.224999999999997550e-09,2.686563961294321674e-07,-1.182446188558117784e-05,1.134533931996534406e+00,2.485037483907547723e-02,2.485565067996886937e-02,4.655110204451526901e-01,8.689356399796502028e-08,-1.509781172985220364e-07,2.522976705238634043e+00,1.383795082037403770e-02,1.384272501591235667e-02,1.015195877874143449e+00
8.246874999999997539e-09,2.690625285397976467e-07,-1.182835548058413635e-05,1.140340827438822036e+00,2.488702190029408109e-02,2.489226783941641402e-02,4.661480180326456058e-01,8.690043872375418848e-08,-1.509688100543195669e-07,2.535647167254614143e+00,1.383909294315402091e-02,1.384386747804597362e-02,1.015571792492134140e+00
8.268749999999997528e-09,2.694458530967957610e-07,-1.183215478463918659e-05,1.146156033528065166e+00,2.492349790732893353e-02,2.492871427988799585e-02,4.667777076530519875e-01,8.690657177248417880e-08,-1.509599065372015032e-07,2.548324483119345896e+00,1.384023166889342821e-02,1.384500656113096285e-02,1.015933735743800304e+00
8.290624999999997517e-09,2.697927586530425846e-07,-1.183586003420303307e-05,1.151979462943377275e+00,2.495980413202091366e-02,2.496499127087318734e-02,4.674001233176854897e-01,8.691134862160257454e-08,-1.509512863028573894e-07,2.561008457008322026e+00,1.384136706967205484e-02,1.384614231132937946e-02,1.016282032568154747e+00
8.312499999999997506e-09,2.700966895470730869e-07,-1.183946548065367230e-05,1.157811024902889008e+00,2.499594184579237086e-02,2.500110008370872924e-02,4.680153073369037742e-01,8.691458186198405469e-08,-1.509427481000304778e-07,2.573698109797366573e+00,1.384249921942297748e-02,1.384727478785669104e-02,1.016618829931623891e+00
8.334374999999997495e-09,2.703688405228058138e-07,-1.184296841203175794e-05,1.163650623113103189e+00,2.503191230870996375e-02,2.503704197976114321e-02,4.686233144772094517e-01,8.691658189963621994e-08,-1.509342399570107921e-07,2.586392658187259386e+00,1.384362819990944855e-02,1.384840406513415147e-02,1.016945810722581278e+00
8.356249999999997484e-09,2.706160774755555118e-07,-1.184637516033635963e-05,1.169498160533183562e+00,2.506771677544305382e-02,2.507281820903625724e-02,4.692242029021497784e-01,8.691770399459985669e-08,-1.509260781834243257e-07,2.599091906353472758e+00,1.384475407381780335e-02,1.384953020640847764e-02,1.017263321772297724e+00
8.378124999999997474e-09,2.708403251727619745e-07,-1.184970554089047092e-05,1.175353541752355069e+00,2.510335649140651298e-02,2.510843001604705707e-02,4.698180295401463424e-01,8.691824604359632604e-08,-1.509186709275132239e-07,2.611795462646487209e+00,1.384587686444347689e-02,1.385065326355276391e-02,1.017572193595756680e+00
8.399999999999997463e-09,2.710541669526995726e-07,-1.185295812573986072e-05,1.181216668101547462e+00,2.513883269594578349e-02,2.514387864054336633e-02,4.704048596922904002e-01,8.691865524302941425e-08,-1.509121488363043246e-07,2.624502347942084146e+00,1.384699659655852164e-02,1.385177328912971621e-02,1.017874660438064849e+00
8.421874999999997452e-09,2.712625677585856638e-07,-1.185613908890585027e-05,1.187087435327636387e+00,2.517414662430542127e-02,2.517916531197984809e-02,4.709847718157387231e-01,8.691917808860112475e-08,-1.509064830031662554e-07,2.637212562240589975e+00,1.384811332358638555e-02,1.385289033995646193e-02,1.018170629925279735e+00
8.443749999999997441e-09,2.714601422360661856e-07,-1.185925194592998772e-05,1.192965748137487347e+00,2.520929949617393973e-02,2.521429125347440792e-02,4.715578287557412596e-01,8.691974469591692048e-08,-1.509014564254964087e-07,2.649926693017075063e+00,1.384922710244863679e-02,1.385400446522239148e-02,1.018458615727986905e+00
8.465624999999997430e-09,2.716472229047355929e-07,-1.186228981682976134e-05,1.198851512827125987e+00,2.524429252984989464e-02,2.524925767713762439e-02,4.721240921718253269e-01,8.692027103532504962e-08,-1.508967668198317044e-07,2.662644348622071888e+00,1.385033798683098574e-02,1.385511570410908472e-02,1.018739480283865850e+00
8.487499999999997419e-09,2.718174298843182779e-07,-1.186525599273479108e-05,1.204744632431319795e+00,2.527912693194766386e-02,2.528406578998302137e-02,4.726836322610753482e-01,8.692070320801237509e-08,-1.508923447870680464e-07,2.675364941581137135e+00,1.385144603667841715e-02,1.385622409213281905e-02,1.019014569263120285e+00
8.509374999999997408e-09,2.719741834890185368e-07,-1.186814884849337137e-05,1.210645009163658914e+00,2.531380390616962475e-02,2.531871679028174088e-02,4.732365229613976765e-01,8.692108312891366117e-08,-1.508882403099558960e-07,2.688088863544371154e+00,1.385255131088208164e-02,1.385732967167738541e-02,1.019282846236601037e+00
8.531249999999997397e-09,2.721209190259876881e-07,-1.187097722407124384e-05,1.216552554166276279e+00,2.534832464494695542e-02,2.535321186260109175e-02,4.737828221675989826e-01,8.692156180988851244e-08,-1.508844931431769483e-07,2.700816114512077259e+00,1.385365384739441902e-02,1.385843249003350722e-02,1.019544248754117088e+00
8.553124999999997386e-09,2.722623320350718422e-07,-1.187374615445447961e-05,1.222467172737660590e+00,2.538269033468046332e-02,2.538755219013917250e-02,4.743226016004734036e-01,8.692222220347470493e-08,-1.508811892839545179e-07,2.713546302834699109e+00,1.385475367241008338e-02,1.385953259374164866e-02,1.019799672186392225e+00
8.574999999999997375e-09,2.723987432568695410e-07,-1.187646482547488512e-05,1.228388774192153754e+00,2.541690215422640758e-02,2.542173894612298479e-02,4.748559267948553320e-01,8.692303273389990534e-08,-1.508784257074265015e-07,2.726279036862706118e+00,1.385585082352838726e-02,1.386063003288355057e-02,1.020050015528581433e+00
8.596874999999997364e-09,2.725255988310073342e-07,-1.187913144095883624e-05,1.234317262133074466e+00,2.545096127125973801e-02,2.545577329704681174e-02,4.753828770605953435e-01,8.692385864881632452e-08,-1.508760696801603820e-07,2.739014512421287684e+00,1.385694533293189458e-02,1.386172484264257092e-02,1.020294725909064226e+00
8.618749999999997353e-09,2.726396539307313930e-07,-1.188174117980458016e-05,1.240252551383498769e+00,2.548486884742430861e-02,2.548965640047777884e-02,4.759035105693683043e-01,8.692445988220766006e-08,-1.508739156683364058e-07,2.751753512810318547e+00,1.385803722370256182e-02,1.386281705356593071e-02,1.020531792267266979e+00
8.640624999999997343e-09,2.727380429411739727e-07,-1.188429701004901508e-05,1.246194558226754845e+00,2.551862603494022344e-02,2.552338940253943284e-02,4.764178842716769724e-01,8.692464696896607183e-08,-1.508719271611779051e-07,2.764495842205158205e+00,1.385912654577737060e-02,1.386390670218198666e-02,1.020761621994823676e+00
8.662499999999997332e-09,2.728212037385888544e-07,-1.188680200810841930e-05,1.252143198022105830e+00,2.555223397695094087e-02,2.555697344196813936e-02,4.769260588452888250e-01,8.692443149899997992e-08,-1.508700438295503700e-07,2.777241304781158604e+00,1.386021335885368085e-02,1.386499382009364484e-02,1.020984619358349610e+00
8.684374999999997321e-09,2.728960924666559412e-07,-1.188925329372042070e-05,1.258098387625943504e+00,2.558569380628412937e-02,2.559040964999923992e-02,4.774280936621157490e-01,8.692403356676524830e-08,-1.508682379600992569e-07,2.789989704713666807e+00,1.386129770565405761e-02,1.386607844663715304e-02,1.021201205614352681e+00
8.706249999999997310e-09,2.729656187540411452e-07,-1.189165478544278371e-05,1.264060042893539570e+00,2.561900664829326255e-02,2.562369915083549665e-02,4.779240520224400934e-01,8.692370740700324927e-08,-1.508665449933781751e-07,2.802741433652746750e+00,1.386237962416677662e-02,1.386716062802024856e-02,1.021410313426343031e+00
8.728124999999997299e-09,2.730350550386738009e-07,-1.189400366812699325e-05,1.270028088366609076e+00,2.565217361989265143e-02,2.565684305760233472e-02,4.784139806108076431e-01,8.692363518918640106e-08,-1.508649004149858220e-07,2.815496295773755264e+00,1.386345915754830585e-02,1.386824041169644993e-02,1.021612380426136557e+00
8.749999999999997288e-09,2.731080862647120173e-07,-1.189630494543067684e-05,1.276002440231775781e+00,2.568519583037877710e-02,2.568984247658948061e-02,4.788979455706350308e-01,8.692389989026739708e-08,-1.508633826708145470e-07,2.828253703602231717e+00,1.386453634548919477e-02,1.386931784253462793e-02,1.021808843757090246e+00
8.771874999999997277e-09,2.731849543408714551e-07,-1.189856625648063813e-05,1.281983018501644978e+00,2.571807438130460297e-02,2.572269850464591751e-02,4.793760067239383194e-01,8.692439903106848970e-08,-1.508621432131566688e-07,2.841013657138379056e+00,1.386561120719087027e-02,1.387039295037687664e-02,1.021999639983411257e+00
8.793749999999997266e-09,2.732599749010283973e-07,-1.190078404814323771e-05,1.287969742192147216e+00,2.575081036410905785e-02,2.575541222915471440e-02,4.798482278279005420e-01,8.692492613023479846e-08,-1.508611117202650392e-07,2.853776156382417994e+00,1.386668376522317940e-02,1.387146576232675677e-02,1.022184708292789956e+00
8.815624999999997255e-09,2.733322530143153266e-07,-1.190295666596566927e-05,1.293962534055936420e+00,2.578340486372837984e-02,2.578798472946460668e-02,4.803146663746552525e-01,8.692527762570455314e-08,-1.508601038150341786e-07,2.866540809684718027e+00,1.386775404851492768e-02,1.387253631245261715e-02,1.022365019311546330e+00
8.837499999999997244e-09,2.733984514755216419e-07,-1.190507980021057678e-05,1.299961310947028492e+00,2.581585895574745743e-02,2.582041707665708868e-02,4.807753944420667391e-01,8.692526810653877035e-08,-1.508588957440179689e-07,2.879307812870394390e+00,1.386882207697586258e-02,1.387360462982110097e-02,1.022539998404741413e+00
8.859374999999997233e-09,2.734530803379659401e-07,-1.190715285181759799e-05,1.305966000768744362e+00,2.584817370568345818e-02,2.585271033357400619e-02,4.812304618501758169e-01,8.692477803553367522e-08,-1.508573118229592671e-07,2.892076774289806806e+00,1.386988787585803282e-02,1.387467073206757016e-02,1.022710636794496031e+00
8.881249999999997222e-09,2.734967156696864321e-07,-1.190917593930497708e-05,1.311976518161193539e+00,2.588035017229922338e-02,2.588486555590201188e-02,4.816799492074611000e-01,8.692393919322061149e-08,-1.508553422548919666e-07,2.904847498118246385e+00,1.387095148594389392e-02,1.387573463984252686e-02,1.022877387619604894e+00
8.903124999999997212e-09,2.735362898838296843e-07,-1.191115082602524297e-05,1.317992791300847788e+00,2.591238940429215973e-02,2.591688378947262436e-02,4.821239092432932360e-01,8.692307121674111625e-08,-1.508530362622178217e-07,2.917619788531046421e+00,1.387201295513101028e-02,1.387679638558089040e-02,1.023040735056951700e+00
8.924999999999997201e-09,2.735744134882515500e-07,-1.191307739469666540e-05,1.324014735101677998e+00,2.594429244256594991e-02,2.594876607280248437e-02,4.825624257670487749e-01,8.692237341847865800e-08,-1.508503985089478117e-07,2.930393058053707644e+00,1.387307231747099238e-02,1.387785600372126900e-02,1.023202193298326845e+00
8.946874999999997190e-09,2.736152411192688359e-07,-1.191495455177182515e-05,1.330042273146550436e+00,2.597606031659856901e-02,2.598051343523039708e-02,4.829955653143498395e-01,8.692190003331832912e-08,-1.508474758525234710e-07,2.943168481635883182e+00,1.387412960076154188e-02,1.387891352812771310e-02,1.023358586297506756e+00
8.968749999999997179e-09,2.736556188964715235e-07,-1.191678516949241061e-05,1.336075337554626596e+00,2.600769404856728695e-02,2.601212689636707084e-02,4.834233770760706927e-01,8.692156976856253188e-08,-1.508443810026959500e-07,2.955947038402274796e+00,1.387518482896427964e-02,1.387996898789846563e-02,1.023507242862776945e+00
8.990624999999997168e-09,2.736936046226798682e-07,-1.191856892687952836e-05,1.342113866416123624e+00,2.603919465374615605e-02,2.604360746704506568e-02,4.838458983089117815e-01,8.692124139028115268e-08,-1.508412105013452635e-07,2.968728336703267523e+00,1.387623801782251337e-02,1.388102240542369269e-02,1.023649148728746017e+00
9.012499999999997157e-09,2.737304973264027231e-07,-1.192031033498224104e-05,1.348157789425188824e+00,2.607056313530565703e-02,2.607495614921506027e-02,4.842631866263950591e-01,8.692087662304886330e-08,-1.508380652695613679e-07,2.981511593239377866e+00,1.387728917749895749e-02,1.388207380452425969e-02,1.023786355316391061e+00
9.034374999999997146e-09,2.737659161267910954e-07,-1.192201312723140541e-05,1.354207037409045800e+00,2.610180049141710631e-02,2.610617393671005662e-02,4.846752987033876581e-01,8.692039240709076373e-08,-1.508350284703920538e-07,2.994296612185833428e+00,1.387833832102862430e-02,1.388312320427305228e-02,1.023919362671622757e+00
9.056249999999997135e-09,2.737945287760128140e-07,-1.192367732630836149e-05,1.360261539973957712e+00,2.613290771019510100e-02,2.613726181620239924e-02,4.850822956334753799e-01,8.691962941250891417e-08,-1.508320588484739974e-07,3.007083197717893785e+00,1.387938548287800944e-02,1.388417062858907439e-02,1.024048671139879296e+00
9.078124999999997124e-09,2.738175761318798479e-07,-1.192530489341643088e-05,1.366321227865560983e+00,2.616388577246030883e-02,2.616822076559260565e-02,4.854842375837317703e-01,8.691854033484386132e-08,-1.508290729986560832e-07,3.019871154010858039e+00,1.388043070621730081e-02,1.388521610853212483e-02,1.024174779959891035e+00
9.099999999999997113e-09,2.738362452029254895e-07,-1.192689553320066792e-05,1.372386030664767498e+00,2.619473565088578301e-02,2.619905175374515754e-02,4.858811890683440993e-01,8.691721103637338919e-08,-1.508261026641413579e-07,3.032660872714745270e+00,1.388147402193273296e-02,1.388625967270370673e-02,1.024296558265797019e+00
9.121874999999997102e-09,2.738552381485164566e-07,-1.192845298420334628e-05,1.378455886392791152e+00,2.622545830852902882e-02,2.622975574176100375e-02,4.862731967642383024e-01,8.691582788908022192e-08,-1.508232685405208861e-07,3.045452549654629859e+00,1.388251544870353765e-02,1.388730134920241124e-02,1.024413426717454723e+00
9.143749999999997091e-09,2.738791906715696896e-07,-1.192997714391719259e-05,1.384530729336202803e+00,2.625605469980149889e-02,2.626033368182823999e-02,4.866603174798673215e-01,8.691451755676138951e-08,-1.508206236739872197e-07,3.058245793180836003e+00,1.388355500389376607e-02,1.388834116514569943e-02,1.024526425154376863e+00
9.165624999999997081e-09,2.739061722469430123e-07,-1.193147163352662065e-05,1.390610494934897856e+00,2.628652577171469024e-02,2.629078651703366937e-02,4.870426069129132896e-01,8.691330898616185203e-08,-1.508181629701733262e-07,3.071040211643697226e+00,1.388459271435956918e-02,1.388937914974593818e-02,1.024636620499489226e+00
9.187499999999997070e-09,2.739370737684795881e-07,-1.193293750072008622e-05,1.396695114838430118e+00,2.631687246324868057e-02,2.632111518369051328e-02,4.874201312188534696e-01,8.691223347733923918e-08,-1.508158977145969791e-07,3.083835217568634768e+00,1.388562861397401801e-02,1.389041532514967252e-02,1.024745642454961470e+00
9.209374999999997059e-09,2.739712678040544436e-07,-1.193437545737490509e-05,1.402784519421156784e+00,2.634709570503010467e-02,2.635132060989447272e-02,4.877929612716577212e-01,8.691126001879102227e-08,-1.508137919227598625e-07,3.096630810955812940e+00,1.388666272501368378e-02,1.389144969759409723e-02,1.024853469377075665e+00
9.231249999999997048e-09,2.740083051840071037e-07,-1.193578515737372489e-05,1.408878642631824940e+00,2.637719641951296462e-02,2.638140371461074676e-02,4.881611612350921225e-01,8.691032817653810463e-08,-1.508117614762847939e-07,3.109427775105024327e+00,1.388769506447988175e-02,1.389248227439419600e-02,1.024957866829205866e+00
9.253124999999997037e-09,2.740498950620554189e-07,-1.193716923808853891e-05,1.414977426724469911e+00,2.640717552061791831e-02,2.641136540899498286e-02,4.885247771589046883e-01,8.690944605858788338e-08,-1.508097962033638620e-07,3.122226110016399048e+00,1.388872565576089631e-02,1.389351307934066394e-02,1.025058815623548725e+00
9.274999999999997026e-09,2.740971621279776534e-07,-1.193852905204955488e-05,1.421080807729242945e+00,2.643703391446848919e-02,2.644120659650407712e-02,4.888838713562455585e-01,8.690866221155979850e-08,-1.508079908618166894e-07,3.135025032390430511e+00,1.388975451048545494e-02,1.389454213598959910e-02,1.025158516411676546e+00
9.296874999999997015e-09,2.741514171822340116e-07,-1.193986603962440216e-05,1.427188720357450036e+00,2.646677249889525796e-02,2.647092817246447100e-02,4.892385109156141554e-01,8.690802267336422050e-08,-1.508064114679523672e-07,3.147824933877049425e+00,1.389078162391725602e-02,1.389556945644258336e-02,1.025255813093992607e+00
9.318749999999997004e-09,2.742137981367998755e-07,-1.194118034783153911e-05,1.433301107701452137e+00,2.649639216300510650e-02,2.650053102343931724e-02,4.895887443673839767e-01,8.690756510437995947e-08,-1.508050005278694035e-07,3.160626010301292421e+00,1.389180699605896754e-02,1.389659505851041990e-02,1.025350123982088135e+00
9.340624999999996993e-09,2.742847063879283476e-07,-1.194247154391725728e-05,1.439417908961152737e+00,2.652589378838463019e-02,2.653001602856427943e-02,4.899346310705409713e-01,8.690731805435606370e-08,-1.508036340123723463e-07,3.173428653313121295e+00,1.389283064742805746e-02,1.389761897399485226e-02,1.025440287909808568e+00
9.362499999999996982e-09,2.743622989801757808e-07,-1.194373995221223572e-05,1.445539074026307436e+00,2.655527824825314187e-02,2.655938405880339803e-02,4.902762058943248569e-01,8.690723858156535879e-08,-1.508022087799134372e-07,3.186232862912693697e+00,1.389385261621150711e-02,1.389864123003154914e-02,1.025526278632639343e+00
9.384374999999996971e-09,2.744466435444576620e-07,-1.194498531295832383e-05,1.451664544036201709e+00,2.658454640849632414e-02,2.658863597744632115e-02,4.906135262851298862e-01,8.690724428049726033e-08,-1.508006768809771482e-07,3.199037659975606296e+00,1.389487294247227812e-02,1.389966184226104629e-02,1.025610916369015246e+00
9.406249999999996960e-09,2.745373505305303954e-07,-1.194620803965731124e-05,1.457794258704618207e+00,2.661369912710718350e-02,2.661777264007110858e-02,4.909466546957326760e-01,8.690729613151866045e-08,-1.507990126873500476e-07,3.211843240326905047e+00,1.389589166055098073e-02,1.390068082855481363e-02,1.025693606119336909e+00
9.428124999999996950e-09,2.746351996175689469e-07,-1.194740977281999781e-05,1.463928163588804177e+00,2.664273725390137182e-02,2.664679489433697743e-02,4.912756407278223159e-01,8.690736395582829935e-08,-1.507972498253533510e-07,3.224649408141827767e+00,1.389690879366785141e-02,1.390169820670324012e-02,1.025774910409522178e+00
9.449999999999996939e-09,2.747403877622494604e-07,-1.194859112410673698e-05,1.470066197930415042e+00,2.667166163133521603e-02,2.667570358029548380e-02,4.916005509967843468e-01,8.690741025644948539e-08,-1.507954582133020223e-07,3.237456163420468158e+00,1.389792435115939397e-02,1.390271399415391254e-02,1.025854810920794336e+00
9.471874999999996928e-09,2.748531934303213691e-07,-1.194975178698770621e-05,1.476208309190007117e+00,2.670047309403649968e-02,2.670449953014402203e-02,4.919214332715563520e-01,8.690741553145686842e-08,-1.507936390514592178e-07,3.250263701987867293e+00,1.389893833743753582e-02,1.390372821001518294e-02,1.025932720665124531e+00
9.493749999999996917e-09,2.749741348025233188e-07,-1.195089217662137807e-05,1.482354440900637726e+00,2.672917246895680290e-02,2.673318356861591541e-02,4.922383464613597215e-01,8.690740218774640226e-08,-1.507917457369198745e-07,3.263071632194334271e+00,1.389995075944779751e-02,1.390474087506231825e-02,1.026009779241789710e+00
9.515624999999996906e-09,2.751016336558295162e-07,-1.195201363849423590e-05,1.488504537587383991e+00,2.675776057478993636e-02,2.676175651272896458e-02,4.925513484596191205e-01,8.690743940691725126e-08,-1.507897418337238386e-07,3.275880149864839996e+00,1.390096162641799374e-02,1.390575200207621286e-02,1.026085383037325327e+00
9.537499999999996895e-09,2.752361383675005318e-07,-1.195311823762987058e-05,1.494658547108534519e+00,2.678623822327659207e-02,2.679021917183710064e-02,4.928604902029414814e-01,8.690755284515442921e-08,-1.507876668018862957e-07,3.288689450824409999e+00,1.390197095682817706e-02,1.390676159744126499e-02,1.026158929472336112e+00
9.559374999999996884e-09,2.753776130899126979e-07,-1.195420843772637463e-05,1.500816418229079297e+00,2.681460621845701067e-02,2.681857234766930539e-02,4.931658216820198337e-01,8.690767498284088467e-08,-1.507855902648678704e-07,3.301499339248290088e+00,1.390297877289410969e-02,1.390776967091451530e-02,1.026230991545274085e+00
9.581249999999996873e-09,2.755246619661241799e-07,-1.195528545187891566e-05,1.506978098163187063e+00,2.684286535671624035e-02,2.684681683484059847e-02,4.934673981535143139e-01,8.690771541302247479e-08,-1.507835262675879352e-07,3.314309815136581516e+00,1.390398509130585242e-02,1.390877622753228064e-02,1.026301558860677643e+00
9.603124999999996862e-09,2.756765509995773041e-07,-1.195634928035883389e-05,1.513143537390855942e+00,2.687101642738930207e-02,2.687495342053272673e-02,4.937652679219331486e-01,8.690761617956498586e-08,-1.507815195603422670e-07,3.327121074314262739e+00,1.390498992601389358e-02,1.390978127829232275e-02,1.026370024381676238e+00
9.624999999999996851e-09,2.758331855738304790e-07,-1.195740181349460432e-05,1.519312687260413242e+00,2.689906021256253249e-02,2.690298288451446057e-02,4.940594783498121756e-01,8.690734804180765735e-08,-1.507796925642661107e-07,3.339933116781429678e+00,1.390599328701828084e-02,1.391078484750966383e-02,1.026436366259205091e+00
9.646874999999996840e-09,2.759945330997039347e-07,-1.195844501311747442e-05,1.525485499957651481e+00,2.692699748703113877e-02,2.693090599931786955e-02,4.943500759066991046e-01,8.690692141901232619e-08,-1.507781258671630612e-07,3.352745942538204460e+00,1.390699518484679251e-02,1.391178695965807760e-02,1.026500566047996665e+00
9.668749999999996829e-09,2.761619521808787436e-07,-1.195947992352208117e-05,1.531661928484272517e+00,2.695482901812828666e-02,2.695872353049172387e-02,4.946371062022196230e-01,8.690640353153839038e-08,-1.507767947936887921e-07,3.365559159934925493e+00,1.390799563154887161e-02,1.391278763310944792e-02,1.026563815429840876e+00
9.690624999999996819e-09,2.763354257426563319e-07,-1.196050727578239534e-05,1.537841921808272394e+00,2.698255556628037510e-02,2.698643623650699014e-02,4.949206265531754245e-01,8.690588949673285525e-08,-1.507756314725198288e-07,3.378373160621495952e+00,1.390899464415484843e-02,1.391378688347972258e-02,1.026624882091133228e+00
9.712499999999996808e-09,2.765148330529546878e-07,-1.196152794592290994e-05,1.544025439435251279e+00,2.701017788453874760e-02,2.701404486855961407e-02,4.952006681618711936e-01,8.690541552039153213e-08,-1.507746192818848285e-07,3.391188336247795032e+00,1.390999224389262261e-02,1.391478473364607914e-02,1.026682537054606437e+00
9.734374999999996797e-09,2.766995290704250405e-07,-1.196254354637558756e-05,1.550212436752508305e+00,2.703769671918948916e-02,2.704155017097715358e-02,4.954772740381422902e-01,8.690497677640944638e-08,-1.507737488639306554e-07,3.404004490989064102e+00,1.391098844673721753e-02,1.391578120582437524e-02,1.026737356022439762e+00
9.756249999999996786e-09,2.768913188632548489e-07,-1.196355371834907937e-05,1.556402872379899716e+00,2.706511280896777352e-02,2.706895288104227762e-02,4.957504798663401324e-01,8.690458553086138225e-08,-1.507729555320510057e-07,3.416821624845388428e+00,1.391198326435155730e-02,1.391677630500718146e-02,1.026789318168640497e+00
9.778124999999996775e-09,2.770890062884293786e-07,-1.196455894269877688e-05,1.562596703205263005e+00,2.709242688607162858e-02,2.709625372923789993e-02,4.960203269687826766e-01,8.690421979567320591e-08,-1.507722231088854071e-07,3.429639541991935658e+00,1.391297670675933039e-02,1.391777002669474482e-02,1.026839021042959654e+00
9.799999999999996764e-09,2.772923513069263276e-07,-1.196556006103770410e-05,1.568793886856412412e+00,2.711963967589513594e-02,2.712345343919571328e-02,4.962868558517485873e-01,8.690384230098433453e-08,-1.507715906515228571e-07,3.442458046603882327e+00,1.391396878475978025e-02,1.391876237400268591e-02,1.026887059500504851e+00
9.821874999999996753e-09,2.775010385229456976e-07,-1.196655655840360874e-05,1.574994379304899050e+00,2.714675189712878467e-02,2.715055272758901128e-02,4.965501125629043777e-01,8.690345451969840134e-08,-1.507710516015503255e-07,3.455277138681298155e+00,1.391495952266365993e-02,1.391975336477767854e-02,1.026933415841142949e+00
9.843749999999996742e-09,2.777159553254320889e-07,-1.196754865616527019e-05,1.581198139646358136e+00,2.717376426166673298e-02,2.717755230461329358e-02,4.968101359848071108e-01,8.690308997111996458e-08,-1.507705513568616309e-07,3.468097014049194904e+00,1.391594894378986834e-02,1.392074301602434609e-02,1.026977458278865996e+00
9.865624999999996731e-09,2.779373544807815617e-07,-1.196853723670695554e-05,1.587405127678832573e+00,2.720067747480916717e-02,2.720445287375115526e-02,4.970669642052252812e-01,8.690280329191924532e-08,-1.507700498764976354e-07,3.480917281057926971e+00,1.391693705699129785e-02,1.392173134436091100e-02,1.027020421005485629e+00
9.887499999999996720e-09,2.781652350895756219e-07,-1.196952275696184518e-05,1.593615299048517508e+00,2.722749223531916937e-02,2.723125513202367953e-02,4.973206475929297099e-01,8.690261295638196533e-08,-1.507695320876749138e-07,3.493737548057743947e+00,1.391792387223603038e-02,1.392271836872227726e-02,1.027063547825549206e+00
9.909374999999996709e-09,2.783995913902439112e-07,-1.197050565164332603e-05,1.599828610116127203e+00,2.725420923542236015e-02,2.725795976994642780e-02,4.975712358202777907e-01,8.690247557235670153e-08,-1.507689884530281349e-07,3.506558010873584763e+00,1.391890939064477362e-02,1.392370410560140118e-02,1.027106206913892317e+00
9.931249999999996698e-09,2.786399487890102728e-07,-1.197148604210866294e-05,1.606045020369299747e+00,2.728082916073589284e-02,2.728456747155993609e-02,4.978187712738799120e-01,8.690234156924344878e-08,-1.507684032650520641e-07,3.519379256980270654e+00,1.391989360309714083e-02,1.392468856704539258e-02,1.027146488857456186e+00
9.953124999999996688e-09,2.788853077983145246e-07,-1.197246347810394705e-05,1.612264494847908347e+00,2.730735269019544595e-02,2.731107891445858776e-02,4.980632822884782374e-01,8.690217915361956989e-08,-1.507677514644809065e-07,3.532201286377864236e+00,1.392087651408532509e-02,1.392567175745746885e-02,1.027184374680836676e+00
9.974999999999996677e-09,2.791366853046074364e-07,-1.197343866392152077e-05,1.618486994375849530e+00,2.733378049629762996e-02,2.733749476991376853e-02,4.983048096799436721e-01,8.690200100545932243e-08,-1.507670451509103219e-07,3.545023903241561136e+00,1.392185814126133993e-02,1.392665367439739968e-02,1.027220480080470510e+00
9.996874999999996666e-09,2.793936111462721464e-07,-1.197441132613407332e-05,1.624712482846045303e+00,2.736011324550617976e-02,2.736381570282693521e-02,4.985433868952805492e-01,8.690181086412916102e-08,-1.507663188657083598e-07,3.557847303396334482e+00,1.392283850341287897e-02,1.392763431660382946e-02,1.027254151447382746e+00
1.001874999999999665e-08,2.796543953038558124e-07,-1.197538245637730112e-05,1.630940924782808388e+00,2.738635159778942188e-02,2.739004237187530472e-02,4.987790466184138793e-01,8.690155734261675449e-08,-1.507655665625499196e-07,3.570671291017350590e+00,1.392381762368630031e-02,1.392861369460514712e-02,1.027286014377012835e+00
1.004062499999999664e-08,2.799189255724105184e-07,-1.197635148103189490e-05,1.637172282885581920e+00,2.741249620729417635e-02,2.741617542946238675e-02,4.990118275591138297e-01,8.690122757944247546e-08,-1.507647524441381400e-07,3.583495474454888363e+00,1.392479553044618720e-02,1.392959182488449216e-02,1.027317349269327718e+00
1.006249999999999663e-08,2.801870455450180003e-07,-1.197731862058452205e-05,1.643406518030541497e+00,2.743854772208667234e-02,2.744221552207487536e-02,4.992417745516326555e-01,8.690085316720881808e-08,-1.507638657380547728e-07,3.596319853709086800e+00,1.392577223772096910e-02,1.393056872538339826e-02,1.027348148751366042e+00
1.008437499999999662e-08,2.804587211874502745e-07,-1.197828412649512587e-05,1.649643594161083193e+00,2.746450678413629026e-02,2.746816329017575872e-02,4.994689249637090933e-01,8.690043747282742402e-08,-1.507629371899814114e-07,3.609144624604889273e+00,1.392674774058299397e-02,1.393154441523394849e-02,1.027377763882142858e+00
1.010624999999999661e-08,2.807337997472234186e-07,-1.197924822322922292e-05,1.655883475763922696e+00,2.749037402935991178e-02,2.749401936826359125e-02,4.996933156454048675e-01,8.689997954624783581e-08,-1.507619868778376156e-07,3.621969787142321540e+00,1.392772203478344177e-02,1.393251891077325853e-02,1.027406184914549714e+00
1.012812499999999660e-08,2.810127791612779539e-07,-1.198021054081934068e-05,1.662126127966848665e+00,2.751615008761082101e-02,2.751978438484819003e-02,4.999149826400102192e-01,8.689949756677483081e-08,-1.507609954496980148e-07,3.634795341321516826e+00,1.392869512966898003e-02,1.393349223068547638e-02,1.027433396541900024e+00
1.014999999999999659e-08,2.812955647040873094e-07,-1.198117184756687150e-05,1.668371516462998638e+00,2.754183558297179646e-02,2.754545896255835430e-02,5.001339613752389113e-01,8.689901648497050853e-08,-1.507599519753877563e-07,3.647621091317634789e+00,1.392966704315477984e-02,1.393446439408024470e-02,1.027460050365236244e+00
1.017187499999999658e-08,2.815820561660740486e-07,-1.198213230625210676e-05,1.674619605083028206e+00,2.756743113371664874e-02,2.757104371832207190e-02,5.003502935414352315e-01,8.689853309451579040e-08,-1.507588938036147688e-07,3.660447037130750925e+00,1.393063779370253344e-02,1.393543540474722828e-02,1.027486138531192861e+00
1.019374999999999657e-08,2.818718410078681718e-07,-1.198309270178715977e-05,1.680870360667432228e+00,2.759293735235782835e-02,2.759653926317529038e-02,5.005640132836721712e-01,8.689801280492726254e-08,-1.507578556120286150e-07,3.673273374585865447e+00,1.393160739247576926e-02,1.393640525461163626e-02,1.027510994468658900e+00
1.021562499999999656e-08,2.821646636912157913e-07,-1.198405291475150652e-05,1.687123750600671546e+00,2.761835484571827440e-02,2.762194620251487084e-02,5.007751541282521313e-01,8.689743692342062227e-08,-1.507568182489430158e-07,3.686100103682989459e+00,1.393257584696675627e-02,1.393737394520963221e-02,1.027534608396648563e+00
1.023749999999999655e-08,2.824604558035755634e-07,-1.198501252074870271e-05,1.693379742812363808e+00,2.764368421497664582e-02,2.764726513601439839e-02,5.009837489599082705e-01,8.689684536212594170e-08,-1.507557721095917137e-07,3.698927028597310596e+00,1.393354315972654585e-02,1.393834148424449686e-02,1.027557639647013410e+00
1.025937499999999653e-08,2.827590971028349668e-07,-1.198597162439197093e-05,1.699638303327585698e+00,2.766892605567952343e-02,2.767249665787431534e-02,5.011898370780439871e-01,8.689626750134155818e-08,-1.507547338961866529e-07,3.711753953503986736e+00,1.393450932839839819e-02,1.393930788290767900e-02,1.027580753221704057e+00
1.028124999999999652e-08,2.830604685410827923e-07,-1.198693032086919666e-05,1.705899398709804116e+00,2.769408095781652687e-02,2.769764135680177070e-02,5.013934572129938871e-01,8.689569963662069149e-08,-1.507537025013482190e-07,3.724581074227926614e+00,1.393547435324282886e-02,1.394027315517845124e-02,1.027603274962298752e+00
1.030312499999999651e-08,2.833644733460055911e-07,-1.198788897956757388e-05,1.712162998483774290e+00,2.771914950588009671e-02,2.772269981602224972e-02,5.015946404515444490e-01,8.689515829576360514e-08,-1.507526537071716200e-07,3.737408390769264344e+00,1.393643823990036931e-02,1.394123730667873144e-02,1.027625202452770115e+00
1.032499999999999650e-08,2.836709999074197483e-07,-1.198884769389211246e-05,1.718429070247397217e+00,2.774413227894372003e-02,2.774767261336337151e-02,5.017934243861950083e-01,8.689464447008049911e-08,-1.507515550562559837e-07,3.750235707303162691e+00,1.393740100649462806e-02,1.394220034701616241e-02,1.027647207432089704e+00
1.034687499999999649e-08,2.839799383065036556e-07,-1.198980654772890160e-05,1.724697582111623495e+00,2.776902985075074826e-02,2.777256032131387997e-02,5.019898460568393839e-01,8.689413811145750011e-08,-1.507504035619283038e-07,3.763063219654577907e+00,1.393836267779078458e-02,1.394316229074804570e-02,1.027668608589402011e+00
1.036874999999999648e-08,2.842909848215862603e-07,-1.199076539828151700e-05,1.730968505122371992e+00,2.779384278976328518e-02,2.779736350705246106e-02,5.021839347990597613e-01,8.689360197014056256e-08,-1.507492509008861927e-07,3.775891123648515979e+00,1.393932327566419806e-02,1.394412314782156673e-02,1.027688721231753366e+00
1.039062499999999647e-08,2.846040762510163177e-07,-1.199172422700359799e-05,1.737241810794181385e+00,2.781857165920614480e-02,2.782208273251507089e-02,5.023757193937323784e-01,8.689300552961995075e-08,-1.507481308860601121e-07,3.788719223460122798e+00,1.394028281577123010e-02,1.394508292741087827e-02,1.027708221833923075e+00
1.041249999999999646e-08,2.849190997152302799e-07,-1.199268307934670382e-05,1.743517468692171501e+00,2.784321701708879909e-02,2.784671855444835822e-02,5.025652352334590844e-01,8.689237731423105113e-08,-1.507470335790217507e-07,3.801547714914362164e+00,1.394124130183449321e-02,1.394604163822693588e-02,1.027726414584442027e+00
1.043437499999999645e-08,2.852362381383777513e-07,-1.199364213700396718e-05,1.749795453709942050e+00,2.786777941622234356e-02,2.787127152442128372e-02,5.027525027349398767e-01,8.689176191074614487e-08,-1.507459544467223282e-07,3.814376598011302910e+00,1.394219872747312280e-02,1.394699928980669933e-02,1.027743294644607897e+00
1.045624999999999644e-08,2.855554000963969685e-07,-1.199460144282414045e-05,1.756075736328526649e+00,2.789225940431847711e-02,2.789574218898483587e-02,5.029375562230706809e-01,8.689118278682060974e-08,-1.507448875607038137e-07,3.827205676926069167e+00,1.394315509245733914e-02,1.394795589502152017e-02,1.027759540028383212e+00
1.047812499999999643e-08,2.858766029254037426e-07,-1.199556116440087626e-05,1.762358289917096199e+00,2.791665752403732145e-02,2.792013108966265658e-02,5.031204222297108730e-01,8.689065326773805423e-08,-1.507438078118571027e-07,3.840034951658745310e+00,1.394411040318578252e-02,1.394891146405943631e-02,1.027775148314623355e+00
1.049999999999999641e-08,2.861997667606916033e-07,-1.199652133932480394e-05,1.768643085857375841e+00,2.794097431305862453e-02,2.794443876301418855e-02,5.033011340564114144e-01,8.689016561615750322e-08,-1.507426842210424132e-07,3.852864422209397066e+00,1.394506466781169317e-02,1.394986599782966838e-02,1.027790112835317071e+00
1.052187499999999640e-08,2.865246881455662776e-07,-1.199748202587133287e-05,1.774930098399346123e+00,2.796521030413427061e-02,2.796866574066367295e-02,5.034797171835296847e-01,8.688969258609982914e-08,-1.507414994191153135e-07,3.865694088578044862e+00,1.394601789917141593e-02,1.395081949572024235e-02,1.027804431166313481e+00
1.054374999999999639e-08,2.868512826507166995e-07,-1.199844325216016118e-05,1.781219299794639221e+00,2.798936602516843494e-02,2.799281254935191698e-02,5.036562039169503180e-01,8.688921047782279871e-08,-1.507402689024639261e-07,3.878523754939860790e+00,1.394697010431444027e-02,1.395177195819915540e-02,1.027818797947369189e+00
1.056562499999999638e-08,2.871794680316518052e-07,-1.199940504199557099e-05,1.787510662727657795e+00,2.801344199920423328e-02,2.801687971098083471e-02,5.038306260796489022e-01,8.688869401709782964e-08,-1.507390633527527216e-07,3.891353617119805541e+00,1.394792128461729355e-02,1.395272338805624533e-02,1.027832508850742288e+00
1.058749999999999637e-08,2.875091895372888617e-07,-1.200036749738937391e-05,1.793804162729024432e+00,2.803743874448529766e-02,2.804086774268836277e-02,5.040030076089448974e-01,8.688812301294188230e-08,-1.507379112457536173e-07,3.904183870942806500e+00,1.394887145080040552e-02,1.395367379411922501e-02,1.027844852791677255e+00
1.060937499999999636e-08,2.878405063936383901e-07,-1.200133096829895973e-05,1.800099775743791541e+00,2.806135677452846131e-02,2.806477715685254393e-02,5.041733718927469132e-01,8.688754169586617287e-08,-1.507367831149716089e-07,3.917014320584045084e+00,1.394982061555800380e-02,1.395462318555972143e-02,1.027856529247174411e+00
1.063124999999999635e-08,2.881733527536743014e-07,-1.200229549065082602e-05,1.806397475676804421e+00,2.808519659817339253e-02,2.808860846123530444e-02,5.043417493183948164e-01,8.688699273383883893e-08,-1.507356758461590404e-07,3.929844770218672068e+00,1.395076878709544665e-02,1.395557157203491244e-02,1.027868244452555535e+00
1.065312499999999634e-08,2.885076647595093807e-07,-1.200326109595403092e-05,1.812697236836989578e+00,2.810895871963156600e-02,2.811236215898445245e-02,5.045081698170640339e-01,8.688647238361725748e-08,-1.507345911830946996e-07,3.942675415671625938e+00,1.395171597228661402e-02,1.395651896512001972e-02,1.027879282628852309e+00
1.067499999999999633e-08,2.888433209983525350e-07,-1.200422765165930230e-05,1.818999036363651456e+00,2.813264363853252778e-02,2.813603874868049470e-02,5.046726553161525741e-01,8.688597028024763841e-08,-1.507334982572495545e-07,3.955506452767920234e+00,1.395266217928908294e-02,1.395746537857537294e-02,1.027888922590045828e+00
1.069687499999999632e-08,2.891801328983677514e-07,-1.200519546580605161e-05,1.825302851773414003e+00,2.815625184998978014e-02,2.815963872434986900e-02,5.048352272422084175e-01,8.688547940142356865e-08,-1.507323646977988706e-07,3.968337881507606024e+00,1.395360741983364683e-02,1.395841082671422928e-02,1.027897154011808700e+00
1.071874999999999631e-08,2.895183212244565960e-07,-1.200616430367895887e-05,1.831608660949745504e+00,2.817978384462488037e-02,2.818316257557381202e-02,5.049959065479219245e-01,8.688500380276865757e-08,-1.507311939724099040e-07,3.981169701890693524e+00,1.395455170450480425e-02,1.395935531695794568e-02,1.027903967982631839e+00
1.074062499999999629e-08,2.898577009176107475e-07,-1.200713415632343234e-05,1.837916442129346795e+00,2.820324010862276798e-02,2.820661078751198619e-02,5.051547137353816774e-01,8.688452682883396916e-08,-1.507300049541516604e-07,3.994001718092354825e+00,1.395549503731542684e-02,1.396029885589366096e-02,1.027910080883303712e+00
1.076249999999999628e-08,2.901982144241643721e-07,-1.200810502897510125e-05,1.844226171470577880e+00,2.822662112377040400e-02,2.822998384095939256e-02,5.053116765082169559e-01,8.688402500732087633e-08,-1.507288475670820203e-07,4.006833734287719828e+00,1.395643741529802029e-02,1.396124145185776051e-02,1.027916213087880948e+00
1.078437499999999627e-08,2.905398063665870094e-07,-1.200907692336548219e-05,1.850537825495003785e+00,2.824992736749038641e-02,2.825328221237867476e-02,5.054668221583864529e-01,8.688348609425528585e-08,-1.507277352462655812e-07,4.019665750476839605e+00,1.395737883257739190e-02,1.396218310833002678e-02,1.027922364597614990e+00
1.080624999999999626e-08,2.908824230770591098e-07,-1.201004983757885431e-05,1.856851381081731978e+00,2.827315931288816586e-02,2.827650637394655761e-02,5.056201775704008972e-01,8.688294015692109078e-08,-1.507266294316670758e-07,4.032497766659779437e+00,1.395831929222553572e-02,1.396312383231357833e-02,1.027928535414297961e+00
1.082812499999999625e-08,2.912260125905752801e-07,-1.201102376702502918e-05,1.863166815461748671e+00,2.829631742883751203e-02,2.829965679361250500e-02,5.057717692254639630e-01,8.688241078385988178e-08,-1.507255220067275946e-07,4.045329782836531329e+00,1.395925880748987054e-02,1.396406363045525449e-02,1.027934725539481509e+00
1.084999999999999624e-08,2.915705237433870850e-07,-1.201199870451911759e-05,1.869484106212168983e+00,2.831940218001675197e-02,2.832273393511817311e-02,5.059216232057082152e-01,8.688187840506678994e-08,-1.507244189945876760e-07,4.058161799007191206e+00,1.396019739201228432e-02,1.396500250452598763e-02,1.027940934975316134e+00
1.087187499999999623e-08,2.919159057888033010e-07,-1.201297463990728158e-05,1.875803231250762426e+00,2.834241402696082573e-02,2.834573825804584390e-02,5.060697651984035206e-01,8.688133987139329165e-08,-1.507233055376864965e-07,4.070993815171815911e+00,1.396113506088252076e-02,1.396594045693616559e-02,1.027947163724339585e+00
1.089374999999999622e-08,2.922621093709838328e-07,-1.201395156162670658e-05,1.882124168830586752e+00,2.836535342609686899e-02,2.836867021787160131e-02,5.062162205001826676e-01,8.688080603147315682e-08,-1.507221618123431559e-07,4.083825831330408107e+00,1.396207182656717012e-02,1.396687748966947591e-02,1.027953411788279592e+00
1.091562499999999621e-08,2.926090864587149716e-07,-1.201492945687234829e-05,1.888446897534445057e+00,2.838822082977670094e-02,2.839153026600441457e-02,5.063610140212863042e-01,8.688028637647799404e-08,-1.507209894002211121e-07,4.096657847483048620e+00,1.396300769936856430e-02,1.396781360687901138e-02,1.027959679167647522e+00
1.093749999999999620e-08,2.929567907409971806e-07,-1.201590831129445384e-05,1.894771396269658847e+00,2.841101668633717187e-02,2.841431884984092771e-02,5.065041702898375187e-01,8.687978249674706218e-08,-1.507197940501417394e-07,4.109489863629804063e+00,1.396394268718542317e-02,1.396874881547020310e-02,1.027965965862953857e+00
1.095937499999999619e-08,2.933051780735830777e-07,-1.201688810845794301e-05,1.901097644262856656e+00,2.843374144012150023e-02,2.843703641280040731e-02,5.066457134561027642e-01,8.687927936602723531e-08,-1.507186036415658131e-07,4.122322271420501671e+00,1.396487679004077866e-02,1.396968312867905362e-02,1.027970768534716584e+00
1.098124999999999617e-08,2.936546942602011295e-07,-1.201786882056964716e-05,1.907425625944202396e+00,2.845639553145351205e-02,2.845968339439902683e-02,5.067856513261187468e-01,8.687875748682825425e-08,-1.507174512993559031e-07,4.135155070855183190e+00,1.396581001144080701e-02,1.397061656264980516e-02,1.027974082309841108e+00
1.100312499999999616e-08,2.940053284735594613e-07,-1.201885042707308633e-05,1.913755321129174458e+00,2.847897939682810312e-02,2.848226023027648421e-02,5.069240072848130163e-01,8.687822015049638976e-08,-1.507163220491631831e-07,4.147987870284117307e+00,1.396674235376942595e-02,1.397154912449890922e-02,1.027977405655895904e+00
1.102499999999999615e-08,2.943570693267687994e-07,-1.201983290564925406e-05,1.920086709935347580e+00,2.850149346886974785e-02,2.850476735221289804e-02,5.070608043616473548e-01,8.687768726146892788e-08,-1.507151934944447580e-07,4.160820669707345765e+00,1.396767381487935139e-02,1.397248081606022527e-02,1.027980738574781006e+00
1.104687499999999614e-08,2.947099060449514030e-07,-1.202081623224723259e-05,1.926419772777602679e+00,2.852393817637524989e-02,2.852720518817130832e-02,5.071960652347212717e-01,8.687716106656665771e-08,-1.507140769930273540e-07,4.173653469124862347e+00,1.396860440007952585e-02,1.397341164089263912e-02,1.027984081068664679e+00
1.106874999999999613e-08,2.950638284300157698e-07,-1.202180038203124847e-05,1.932754490363264965e+00,2.854631394436345573e-02,2.854957416235106779e-02,5.073298122348949279e-01,8.687663362659471034e-08,-1.507129774941245349e-07,4.186486268536726563e+00,1.396953411907045708e-02,1.397434160503713274e-02,1.027987433139731621e+00
1.109062499999999612e-08,2.954188263191026799e-07,-1.202278532913949864e-05,1.939090843687371946e+00,2.856862119412686279e-02,2.857187469523210163e-02,5.074620673498601020e-01,8.687611464411570265e-08,-1.507118635614731922e-07,4.199319067943003247e+00,1.397046298017660601e-02,1.397527071154010953e-02,1.027990794789674700e+00
1.111249999999999611e-08,2.957748903463840235e-07,-1.202377104645723704e-05,1.945428814028030695e+00,2.859086034326716735e-02,2.859410720359580743e-02,5.075928522282665556e-01,8.687561971576451669e-08,-1.507107109125358172e-07,4.212151867343698619e+00,1.397139099087709758e-02,1.397619896212326344e-02,1.027994166019567723e+00
1.113437499999999610e-08,2.961320110900891351e-07,-1.202475750573405819e-05,1.951768382941893254e+00,2.861303180573095822e-02,2.861627210057011636e-02,5.077221881837976625e-01,8.687514977811236439e-08,-1.507095310846823012e-07,4.224984666738890837e+00,1.397231816103787667e-02,1.397712636280664007e-02,1.027997546830429210e+00
1.115624999999999609e-08,2.964901791162941205e-07,-1.202574467819138580e-05,1.958109532259456609e+00,2.863513599186161621e-02,2.863836979568572944e-02,5.078500961992827856e-01,8.687468632005157237e-08,-1.507083403921535876e-07,4.237817466128607435e+00,1.397324450089241360e-02,1.397805292170310049e-02,1.028000937223771283e+00
1.117812499999999608e-08,2.968493847139251111e-07,-1.202673253416588722e-05,1.964452244080880927e+00,2.865717330843425489e-02,2.866040069491319550e-02,5.079765969307659113e-01,8.687420400984789596e-08,-1.507071598051655068e-07,4.250650265512889270e+00,1.397417001830231383e-02,1.397897864688552039e-02,1.028004337201076313e+00
1.119999999999999607e-08,2.972096171767112290e-07,-1.202772104295698200e-05,1.970796500771317961e+00,2.867914415869246905e-02,2.868236520069601322e-02,5.081017107116065912e-01,8.687368368593517109e-08,-1.507060017263928537e-07,4.263483064891794960e+00,1.397509471358959407e-02,1.397990354475753434e-02,1.028007746763049512e+00
1.122187499999999605e-08,2.975708657413113752e-07,-1.202871017339007146e-05,1.977142284956762586e+00,2.870104894236010298e-02,2.870426371199271548e-02,5.082254575565551269e-01,8.687315058284150614e-08,-1.507048556780095098e-07,4.276315864265325395e+00,1.397601857828404889e-02,1.398082761849427785e-02,1.028011165910485580e+00
1.124374999999999604e-08,2.979331198461466397e-07,-1.202969989403796659e-05,1.983489579519769119e+00,2.872288805566195272e-02,2.872609662430198468e-02,5.083478571658243128e-01,8.687263037216280587e-08,-1.507037160724946378e-07,4.289148663633548964e+00,1.397694160881999756e-02,1.398175086764480608e-02,1.028014594644756530e+00
1.126562499999999603e-08,2.982963695155203734e-07,-1.203069017277423237e-05,1.989838367595228474e+00,2.874466189139731481e-02,2.874786432969517885e-02,5.084689289291790537e-01,8.687211889729023420e-08,-1.507025904888455486e-07,4.301981462996489647e+00,1.397786381182270464e-02,1.398267329373818410e-02,1.028018032968181172e+00
1.128749999999999602e-08,2.986606056829293927e-07,-1.203168097677791078e-05,1.996188632566173071e+00,2.876637083897911826e-02,2.876956721685779844e-02,5.085886919299855702e-01,8.687161603058787707e-08,-1.507014714424793528e-07,4.314814262354150998e+00,1.397878519741830618e-02,1.398359490050432759e-02,1.028021480883159589e+00
1.130937499999999601e-08,2.990258191952799773e-07,-1.203267227305312645e-05,2.002540358059839321e+00,2.878801528447443026e-02,2.879120567111685333e-02,5.087071649492735936e-01,8.687112088472479771e-08,-1.507003325453874742e-07,4.327647061706583642e+00,1.397970577480460788e-02,1.398451569345795543e-02,1.028024938391206566e+00
1.133124999999999600e-08,2.993920006097262232e-07,-1.203366402861017208e-05,2.008893527943560908e+00,2.880959561063520594e-02,2.881278007448626055e-02,5.088243664698052227e-01,8.687063870100197358e-08,-1.506991715700448123e-07,4.340479861053863075e+00,1.398062555177030132e-02,1.398543568116801528e-02,1.028028405493406350e+00
1.135312499999999599e-08,2.997591398511730646e-07,-1.203465620993011250e-05,2.015248126320825506e+00,2.883111219693974131e-02,2.883429080570864070e-02,5.089403146800810518e-01,8.687016755421492128e-08,-1.506979990956715378e-07,4.353312856220926896e+00,1.398154453756529463e-02,1.398635487844658055e-02,1.028031089613124838e+00
1.137499999999999598e-08,3.001272291533076512e-07,-1.203564877796397667e-05,2.021604139950561763e+00,2.885256541962813795e-02,2.885573824031393425e-02,5.090550190530618302e-01,8.686969131885745367e-08,-1.506968183445767791e-07,4.366146047207813297e+00,1.398246274163037796e-02,1.398727330205401520e-02,1.028032988310681795e+00
1.139687499999999597e-08,3.004962574550359448e-07,-1.203664169834319779e-05,2.027961553378703652e+00,2.887395565172994408e-02,2.887712275064175174e-02,5.091684971983864161e-01,8.686919582496564900e-08,-1.506956415807500180e-07,4.378979238189691259e+00,1.398338017288716303e-02,1.398819096639519928e-02,1.028034891723639488e+00
1.141874999999999596e-08,3.008662132694774382e-07,-1.203763493623463178e-05,2.034320351374888869e+00,2.889528326309472733e-02,2.889844470588197323e-02,5.092807664483078867e-01,8.686868404942203027e-08,-1.506944736473735251e-07,4.391812429166576770e+00,1.398429684121447157e-02,1.398910788592151733e-02,1.028036799852373617e+00
1.144062499999999595e-08,3.012370854708769213e-07,-1.203862845651942021e-05,2.040680518928858156e+00,2.891654862043325711e-02,2.891970447210118200e-02,5.093918438615750999e-01,8.686818228634122737e-08,-1.506933044606416390e-07,4.404645620138493811e+00,1.398521275326947838e-02,1.399002406386261853e-02,1.028038712698143620e+00
1.146249999999999593e-08,3.016088630329215406e-07,-1.203962222351598000e-05,2.047042041246876387e+00,2.893775208733500443e-02,2.894090241224517995e-02,5.095017462272702913e-01,8.686769897258153097e-08,-1.506921329981697634e-07,4.417478811105524983e+00,1.398612790913812340e-02,1.399093949494377431e-02,1.028040630262879729e+00
1.148437499999999592e-08,3.019815347462085120e-07,-1.204061620162248470e-05,2.053404903748017318e+00,2.895889402429902351e-02,2.896203888617446265e-02,5.096104900686230232e-01,8.686721666841661714e-08,-1.506909739084575967e-07,4.430312197892524395e+00,1.398704230787349047e-02,1.399185416962654867e-02,1.028041742422581395e+00
1.150624999999999591e-08,3.023549675986495047e-07,-1.204161027800589900e-05,2.059769094504487530e+00,2.897997478877161956e-02,2.898311425066648836e-02,5.097180829788519052e-01,8.686672451895983934e-08,-1.506898260695259587e-07,4.443145780499545339e+00,1.398795595382107751e-02,1.399276807550869223e-02,1.028042046736360682e+00
1.152812499999999590e-08,3.027291421012039426e-07,-1.204260441308060231e-05,2.066134599333508071e+00,2.900099473520012516e-02,2.900412885947400293e-02,5.098245409535436812e-01,8.686622598346234775e-08,-1.506886727149297235e-07,4.455979363101728374e+00,1.398886884852226439e-02,1.399368120789700257e-02,1.028042350888738188e+00
1.154999999999999589e-08,3.031040388753369678e-07,-1.204359856803245838e-05,2.072501404254017299e+00,2.902195421503539138e-02,2.902508306337750130e-02,5.099298797387865623e-01,8.686572891311317484e-08,-1.506875124317911210e-07,4.468812945699082384e+00,1.398978099101282242e-02,1.399459357075938902e-02,1.028042654880781503e+00
1.157187499999999588e-08,3.034796379173260097e-07,-1.204459270442060147e-05,2.078869495483239849e+00,2.904285357677814997e-02,2.904597721022657980e-02,5.100341148347743436e-01,8.686522988078636399e-08,-1.506863519490128351e-07,4.481646528291668652e+00,1.399069238328978435e-02,1.399550516858606881e-02,1.028042958713336397e+00
1.159374999999999587e-08,3.038559189412296664e-07,-1.204558678379724556e-05,2.085238859433385272e+00,2.906369316600728933e-02,2.906681164495991676e-02,5.101372614993369137e-01,8.686472735100165837e-08,-1.506851869550651328e-07,4.494480110879462309e+00,1.399160302618267931e-02,1.399641600488267697e-02,1.028043262387204226e+00
1.161562499999999586e-08,3.042328621765896647e-07,-1.204658076741372668e-05,2.091609482708646439e+00,2.908447332540716607e-02,2.908758670963515480e-02,5.102393347515189470e-01,8.686422339015312077e-08,-1.506840078345202326e-07,4.507313693462534410e+00,1.399251291926460750e-02,1.399732608603482427e-02,1.028043565903496992e+00
1.163749999999999585e-08,3.046104479580805609e-07,-1.204757461646035891e-05,2.097981352101879526e+00,2.910519439479199513e-02,2.910830274346310961e-02,5.103403493750368058e-01,8.686371396965218357e-08,-1.506828164302919375e-07,4.520147276040919593e+00,1.399342206378693422e-02,1.399823542160225781e-02,1.028043869263235655e+00
1.165937499999999584e-08,3.049886567298871542e-07,-1.204856829251092170e-05,2.104354454591545576e+00,2.912585671114690730e-02,2.912896008284317564e-02,5.104403199217518727e-01,8.686321188092063056e-08,-1.506816207422005202e-07,4.532980858614649833e+00,1.399433046370206733e-02,1.399914402143875337e-02,1.028044172467191819e+00
1.168124999999999583e-08,3.053674689785795075e-07,-1.204956175746220712e-05,2.110728777338855000e+00,2.914646060866147789e-02,2.914955906138402483e-02,5.105392607151146844e-01,8.686273272049458502e-08,-1.506804261124884173e-07,4.545814441183715360e+00,1.399523812247405186e-02,1.400005189152375012e-02,1.028044475516080691e+00
1.170312499999999581e-08,3.057468650030734638e-07,-1.205055497343488653e-05,2.117104307684459119e+00,2.916700641875398514e-02,2.917010000992570004e-02,5.106371858535200259e-01,8.686226369965020869e-08,-1.506792385381803943e-07,4.558648023748179234e+00,1.399614504199245789e-02,1.400095903445257133e-02,1.028044778410881044e+00
1.172499999999999580e-08,3.061268249529972146e-07,-1.205154790316090445e-05,2.123481033145844243e+00,2.918749447009340650e-02,2.919058325657105865e-02,5.107341092137005489e-01,8.686179163917452630e-08,-1.506780679382917203e-07,4.571481606308107182e+00,1.399705122344331587e-02,1.400186544958326347e-02,1.028045081152648255e+00
1.174687499999999579e-08,3.065073291689182835e-07,-1.205254050984984054e-05,2.129858941414176865e+00,2.920792508863280859e-02,2.921100912670896929e-02,5.108300444540287977e-01,8.686131289915374943e-08,-1.506769128797864854e-07,4.584315188863469892e+00,1.399795666761565437e-02,1.400277113413058230e-02,1.028045383742469676e+00
1.176874999999999578e-08,3.068883578529272770e-07,-1.205353275721158122e-05,2.136238020351653333e+00,2.922829859763988528e-02,2.923137794304558543e-02,5.109250050178291147e-01,8.686082366715163657e-08,-1.506757670619091556e-07,4.597148771414309110e+00,1.399886137746587933e-02,1.400367608958108176e-02,1.028045686181440654e+00
1.179062499999999577e-08,3.072698911986011148e-07,-1.205452460981523805e-05,2.142618257988566199e+00,2.924861531772986190e-02,2.925169002564163498e-02,5.110190041366069469e-01,8.686032589619133743e-08,-1.506746217484076793e-07,4.609982353960628387e+00,1.399976536056773101e-02,1.400458031946859999e-02,1.028045988470694061e+00
1.181249999999999576e-08,3.076519092681473063e-07,-1.205551603258413145e-05,2.148999642520676545e+00,2.926887556689938830e-02,2.927194569193485377e-02,5.111120548332962477e-01,8.685982392384915232e-08,-1.506734688959409131e-07,4.622815936502477463e+00,1.400066862247850534e-02,1.400548382431149839e-02,1.028046290611676961e+00
1.183437499999999575e-08,3.080343925162462888e-07,-1.205650699093619655e-05,2.155382162306431759e+00,2.928907966053853271e-02,2.929214525675906053e-02,5.112041699254415983e-01,8.685931933585784410e-08,-1.506723120095982144e-07,4.635649519039928279e+00,1.400157116627526524e-02,1.400638660466741250e-02,1.028046592605675880e+00
1.185624999999999574e-08,3.084173217480886212e-07,-1.205749745050463177e-05,2.161765805864404477e+00,2.930922791146180206e-02,2.931228903237809158e-02,5.112953620283453571e-01,8.685881133287715851e-08,-1.506711548814471440e-07,4.648483101573002152e+00,1.400247299602712554e-02,1.400728866487037198e-02,1.028046894453638505e+00
1.187812499999999573e-08,3.088006778541553625e-07,-1.205848737730902313e-05,2.168150561870492599e+00,2.932932062993462777e-02,2.933237732851789667e-02,5.113856435582022630e-01,8.685830265087416511e-08,-1.506699834439424115e-07,4.661316684101644015e+00,1.400337411353815356e-02,1.400819000762582034e-02,1.028047196155936316e+00
1.189999999999999572e-08,3.091844418910902371e-07,-1.205947673776488527e-05,2.174536419155671307e+00,2.934935812369647914e-02,2.935241045237777999e-02,5.114750267351920732e-01,8.685779663212868162e-08,-1.506687899076998421e-07,4.674150266625891170e+00,1.400427451922510794e-02,1.400909063254515696e-02,1.028047497712853531e+00
1.192187499999999571e-08,3.095685949493914465e-07,-1.206046549899398890e-05,2.180923366703061195e+00,2.936934069799021843e-02,2.937238870866392890e-02,5.115635235865084729e-01,8.685728668300966246e-08,-1.506675818242676382e-07,4.686983849145870629e+00,1.400517421404893874e-02,1.400999054248254667e-02,1.028047799124917949e+00
1.194374999999999569e-08,3.099531180654199816e-07,-1.206145362867670434e-05,2.187311393645885005e+00,2.938926865558360788e-02,2.939231239962274492e-02,5.116511459494141878e-01,8.685677975120186356e-08,-1.506663621374367307e-07,4.699817431661546863e+00,1.400607320015474430e-02,1.401088974214085431e-02,1.028048100392215281e+00
1.196562499999999568e-08,3.103379924494196743e-07,-1.206244109494983237e-05,2.193700489264604148e+00,2.940914229679970210e-02,2.941218182506726356e-02,5.117379054742029476e-01,8.685629479947946021e-08,-1.506651407439629452e-07,4.712651014172904773e+00,1.400697148081419922e-02,1.401178823567289164e-02,1.028048401514975119e+00
1.198749999999999567e-08,3.107231995147285049e-07,-1.206342786653466547e-05,2.200090642984889211e+00,2.942896191954295568e-02,2.943199728240326885e-02,5.118238136271698879e-01,8.685582946469682870e-08,-1.506639244258499640e-07,4.725484596680037619e+00,1.400786906013705771e-02,1.401268602719435603e-02,1.028048702493907562e+00
1.200937499999999566e-08,3.111087207586766643e-07,-1.206441391260312274e-05,2.206481844375044687e+00,2.944872781932929631e-02,2.945175906665121676e-02,5.119088816935275510e-01,8.685536998793713713e-08,-1.506627175421766935e-07,4.738318179182946288e+00,1.400876594284950795e-02,1.401358312221416720e-02,1.028049003329934319e+00
1.203124999999999565e-08,3.114945377354657237e-07,-1.206539920291988540e-05,2.212874083143681947e+00,2.946844028930837786e-02,2.947146747047392837e-02,5.119931207802957962e-01,8.685490784854319310e-08,-1.506615281557980633e-07,4.751151761681653873e+00,1.400966213377642135e-02,1.401447952747282046e-02,1.028049304023903820e+00
1.205312499999999564e-08,3.118806321146915702e-07,-1.206638370781485637e-05,2.219267349137643563e+00,2.948809962028913281e-02,2.949112278419775343e-02,5.120765418191491891e-01,8.685443865660577148e-08,-1.506603580879336687e-07,4.763985344176232317e+00,1.401055763533801644e-02,1.401537524705255902e-02,1.028049604576781295e+00
1.207499999999999563e-08,3.122669858702147019e-07,-1.206736739816139998e-05,2.225661632339565266e+00,2.950770610075605094e-02,2.951072529583404283e-02,5.121591555692495135e-01,8.685396194782944002e-08,-1.506592053345063623e-07,4.776818926666684284e+00,1.401145244696699009e-02,1.401627027948362976e-02,1.028049904989809971e+00
1.209687499999999562e-08,3.126535811853879344e-07,-1.206835024551660558e-05,2.232056922865665705e+00,2.952726001689183477e-02,2.953027529109251287e-02,5.122409726200115587e-01,8.685348033726045937e-08,-1.506580644800468888e-07,4.789652509152983129e+00,1.401234656716785106e-02,1.401716462039945092e-02,1.028050205264254391e+00
1.211874999999999561e-08,3.130404004841127585e-07,-1.206933222200494752e-05,2.238453210963776918e+00,2.954676165259787976e-02,2.954977305340180521e-02,5.123220033938817863e-01,8.685299286651466633e-08,-1.506569260002361302e-07,4.802486091635173260e+00,1.401323999559077674e-02,1.401805826719751923e-02,1.028050505401383985e+00
1.214062499999999560e-08,3.134274262414183675e-07,-1.207031330018267350e-05,2.244850487011018636e+00,2.956621128952283475e-02,2.956921886393934149e-02,5.124022581490407235e-01,8.685249817468493716e-08,-1.506557830959412807e-07,4.815319674113291093e+00,1.401413273317893456e-02,1.401895121955857616e-02,1.028050805402419332e+00
1.216249999999999559e-08,3.138146411773712694e-07,-1.207129345295888313e-05,2.251248741511836293e+00,2.958560920708550382e-02,2.958861300165564756e-02,5.124817469820905913e-01,8.685199941868788169e-08,-1.506546343787775339e-07,4.828153256587369491e+00,1.401502478109360218e-02,1.401984347698304219e-02,1.028051105268446008e+00
1.218437499999999557e-08,3.142020283488387062e-07,-1.207227265382302742e-05,2.257647965095880060e+00,2.960495568249603762e-02,2.960795574329341817e-02,5.125604798307141774e-01,8.685149586622518877e-08,-1.506534831379366661e-07,4.840986839057440427e+00,1.401591613994284530e-02,1.402073503885449719e-02,1.028051405000545815e+00
1.220624999999999556e-08,3.145895711215064450e-07,-1.207325087688333867e-05,2.264048148515955816e+00,2.962425099077836341e-02,2.962724736341158446e-02,5.126384664762725363e-01,8.685098553249090169e-08,-1.506523341991833563e-07,4.853820421523460382e+00,1.401680680898306081e-02,1.402162590716218155e-02,1.028051704599605154e+00
1.222812499999999555e-08,3.149772530282733443e-07,-1.207422809688233962e-05,2.270449282646159972e+00,2.964349540478971798e-02,2.964648813441670208e-02,5.127157165464095723e-01,8.685046835015384208e-08,-1.506511854890680089e-07,4.866654003985446231e+00,1.401769678893126370e-02,1.402251608564965973e-02,1.028052004066095648e+00
1.224999999999999554e-08,3.153650575823687813e-07,-1.207520428909188425e-05,2.276851358479851317e+00,2.966268919524775102e-02,2.966567832658505155e-02,5.127922395176008896e-01,8.684994690953148781e-08,-1.506500222266367571e-07,4.879487586443478797e+00,1.401858608057893543e-02,1.402340557733274158e-02,1.028052303400597500e+00
1.227187499999999553e-08,3.157529685591499254e-07,-1.207617942923746687e-05,2.283254367127652174e+00,2.968183263074579761e-02,2.968481820808127614e-02,5.128680447176445778e-01,8.684942635355005248e-08,-1.506488361246126833e-07,4.892321168897583838e+00,1.401947468501616931e-02,1.402429438546835654e-02,1.028052602603943377e+00
1.229374999999999552e-08,3.161409700692441448e-07,-1.207715349352578631e-05,2.289658299815782172e+00,2.970092597778342322e-02,2.970390804498138776e-02,5.129431413281791974e-01,8.684890676411359870e-08,-1.506476322132636280e-07,4.905154751347808428e+00,1.402036260624606699e-02,1.402518251440552401e-02,1.028052901676909325e+00
1.231562499999999551e-08,3.165290464459834631e-07,-1.207812645855601749e-05,2.296063147883975919e+00,2.971996950078782326e-02,2.972294810129372244e-02,5.130175383870898553e-01,8.684838523949096057e-08,-1.506464146021934986e-07,4.917988333794136580e+00,1.402124984822038407e-02,1.402606996816403717e-02,1.028053200620147489e+00
1.233749999999999550e-08,3.169171823223882604e-07,-1.207909830152083440e-05,2.302468902783801674e+00,2.973896346213266567e-02,2.974193863897747411e-02,5.130912447909595775e-01,8.684787352635372507e-08,-1.506451864310726657e-07,4.930821916236545199e+00,1.402213641289266552e-02,1.402695674934281884e-02,1.028053499434175011e+00
1.235937499999999549e-08,3.173053625913411606e-07,-1.208006900004915836e-05,2.308875556076884994e+00,2.975790812215474770e-02,2.976087991796095428e-02,5.131642692974226483e-01,8.684738456381811108e-08,-1.506439519880544996e-07,4.943655498675135540e+00,1.402302230374360276e-02,1.402784286047887262e-02,1.028053798119420659e+00
1.238124999999999548e-08,3.176935723266576424e-07,-1.208103853224089495e-05,2.315283099433064429e+00,2.977680373918088069e-02,2.977977219616199239e-02,5.132366205275266102e-01,8.684691554833775617e-08,-1.506427167279051051e-07,4.956489081109864081e+00,1.402390752530219102e-02,1.402872830443316864e-02,1.028054096676288554e+00
1.240312499999999546e-08,3.180817967526643748e-07,-1.208200687665442153e-05,2.321691524628703540e+00,2.979565056954771793e-02,2.979861572951111870e-02,5.133083069680349775e-01,8.684645796800915641e-08,-1.506414839136194618e-07,4.969322663540756579e+00,1.402479207969488731e-02,1.402961308429133760e-02,1.028054395105086005e+00
1.242499999999999545e-08,3.184700212197447937e-07,-1.208297401233860686e-05,2.328100823545017573e+00,2.981444886761680860e-02,2.981741077197206866e-02,5.133793369736987522e-01,8.684600581570797531e-08,-1.506402580871155524e-07,4.982156245967958696e+00,1.402567596933673721e-02,1.403049720428569194e-02,1.028054693406099007e+00
1.244687499999999544e-08,3.188582313664823833e-07,-1.208393991892862573e-05,2.334510988166386358e+00,2.983319888579531731e-02,2.983615757556025774e-02,5.134497187695238329e-01,8.684555532120473639e-08,-1.506390473265280660e-07,4.994989828391413589e+00,1.402655919771247928e-02,1.403138067004515606e-02,1.028054991579681721e+00
1.246874999999999543e-08,3.192464129958002664e-07,-1.208490457653412181e-05,2.340922010578773360e+00,2.985190087455615732e-02,2.985485639036811883e-02,5.135194604529547124e-01,8.684510273639046680e-08,-1.506378572646179493e-07,5.007823410811140796e+00,1.402744176817731676e-02,1.403226348634652697e-02,1.028055289626434332e+00
1.249062499999999542e-08,3.196345521297538067e-07,-1.208586796569850776e-05,2.347333882967960861e+00,2.987055508245895635e-02,2.987350746457715159e-02,5.135885699960728301e-01,8.684464624780668263e-08,-1.506366881800317515e-07,5.020656993227134990e+00,1.402832368432748583e-02,1.403314565538795432e-02,1.028055587547130223e+00
1.251249999999999541e-08,3.200226350647342870e-07,-1.208683006741240420e-05,2.353746597618236347e+00,2.988916175616909698e-02,2.989211104447307005e-02,5.136570552477260909e-01,8.684418493917812693e-08,-1.506355353912962208e-07,5.033490575639389952e+00,1.402920495098288617e-02,1.403402717838809349e-02,1.028055885342469278e+00
1.253437499999999540e-08,3.204106483392466115e-07,-1.208779086313431413e-05,2.360160146910569523e+00,2.990772114047925839e-02,2.991066737446592197e-02,5.137249239356546093e-01,8.684371924799989776e-08,-1.506343942446046630e-07,5.046324158048014041e+00,1.403008557134431331e-02,1.403490805586060999e-02,1.028056183013108305e+00
1.255624999999999539e-08,3.207985787752959177e-07,-1.208875033473205228e-05,2.366574523321219647e+00,2.992623347831881164e-02,2.992917669710670053e-02,5.137921836685512833e-01,8.684325071906015143e-08,-1.506332599845602964e-07,5.059157740453002816e+00,1.403096554589517223e-02,1.403578828728401298e-02,1.028056480559801811e+00
1.257812499999999538e-08,3.211864134373641298e-07,-1.208970846450054634e-05,2.372989719420300236e+00,2.994469901077190938e-02,2.994763925310454933e-02,5.138588419381164840e-01,8.684277916018774541e-08,-1.506321282301790689e-07,5.071991322854368711e+00,1.403184487535452836e-02,1.403666787263150272e-02,1.028056777983430869e+00
1.259999999999999537e-08,3.215741396083738104e-07,-1.209066523524523416e-05,2.379405727870145260e+00,2.996311797709617225e-02,2.996605528134689556e-02,5.139249061210771075e-01,8.684230330766980731e-08,-1.506309962618836145e-07,5.084824905252129490e+00,1.403272356129198033e-02,1.403754681283092207e-02,1.028057075284720234e+00
1.262187499999999536e-08,3.219617447794111100e-07,-1.209162063020368608e-05,2.385822541424013732e+00,2.998149061474408850e-02,2.998442501891830647e-02,5.139903834811585526e-01,8.684182274751959297e-08,-1.506298626656933793e-07,5.097658487646314462e+00,1.403360160567938483e-02,1.403842510976131656e-02,1.028057372464380670e+00
1.264374999999999534e-08,3.223492165786782845e-07,-1.209257463297282109e-05,2.392240152924506535e+00,2.999981715937920929e-02,3.000274870112141015e-02,5.140552811710324965e-01,8.684133763386643355e-08,-1.506287275875445700e-07,5.110492070036904977e+00,1.403447900924742996e-02,1.403930276554012785e-02,1.028057669523223305e+00
1.266562499999999533e-08,3.227365428500211137e-07,-1.209352722757096384e-05,2.398658555302480178e+00,3.001809784489079327e-02,3.002102656149338231e-02,5.141196062342388018e-01,8.684084753007809287e-08,-1.506275911262647820e-07,5.123325652423956988e+00,1.403535577370804838e-02,1.404017978238948985e-02,1.028057966461906281e+00
1.268749999999999532e-08,3.231237117044840381e-07,-1.209447839842962335e-05,2.405077741575300188e+00,3.003633290341645862e-02,3.003925883182299861e-02,5.141833656070692316e-01,8.684035259410587355e-08,-1.506264533554391556e-07,5.136159234807499807e+00,1.403623190267170098e-02,1.404105616251535502e-02,1.028058263281070417e+00
1.270937499999999531e-08,3.235107114503147975e-07,-1.209542813043953432e-05,2.411497704845679824e+00,3.005452256536080002e-02,3.005744574216771825e-02,5.142465661204138616e-01,8.683985162000796483e-08,-1.506253172180739516e-07,5.148992817187490800e+00,1.403710739877456204e-02,1.404193190725111680e-02,1.028058559981318565e+00
1.273124999999999530e-08,3.238975305910180020e-07,-1.209637640891642009e-05,2.417918438300451722e+00,3.007266705940865245e-02,3.007558752086727377e-02,5.143092145015958350e-01,8.683934270583007745e-08,-1.506241834352067076e-07,5.161826399564005463e+00,1.403798226390213545e-02,1.404280701789708749e-02,1.028058856563179635e+00
1.275312499999999529e-08,3.242841578776243174e-07,-1.209732321962478743e-05,2.424339935209113950e+00,3.009076661254257365e-02,3.009368439456310343e-02,5.143713173761524926e-01,8.683882692386872703e-08,-1.506230482203210255e-07,5.174659981937094422e+00,1.403885650013887189e-02,1.404368149603907150e-02,1.028059153027262695e+00
1.277499999999999528e-08,3.246705822837381985e-07,-1.209826854868732966e-05,2.430762188922571898e+00,3.010882145006020527e-02,3.011173658821338431e-02,5.144328812696107311e-01,8.683830759644917028e-08,-1.506219086715736663e-07,5.187493564306725702e+00,1.403973010934048311e-02,1.404455534361670130e-02,1.028059449374145728e+00
1.279687499999999527e-08,3.250567930247628896e-07,-1.209921238256589885e-05,2.437185192872007189e+00,3.012683179558800495e-02,3.012974432510985220e-02,5.144939126091969683e-01,8.683778695572899719e-08,-1.506207590145740838e-07,5.200327146672932166e+00,1.404060309265685660e-02,1.404542856231247999e-02,1.028059745604471775e+00
1.281874999999999526e-08,3.254427795099196612e-07,-1.210015470810099113e-05,2.443608940567503218e+00,3.014479787109533571e-02,3.014770782689248779e-02,5.145544177255583218e-01,8.683726540937604645e-08,-1.506195919808580451e-07,5.213160729035685392e+00,1.404147545158702243e-02,1.404630115375121724e-02,1.028060041718951378e+00
1.284062499999999525e-08,3.258285313001395785e-07,-1.210109551246111614e-05,2.450033425596998438e+00,3.016271989691379080e-02,3.016562731356606242e-02,5.146144028544303861e-01,8.683674338406541723e-08,-1.506184065618664904e-07,5.225994311395046665e+00,1.404234718832138816e-02,1.404717311929331094e-02,1.028060337718263106e+00
1.286249999999999524e-08,3.262140381583037255e-07,-1.210203478312088430e-05,2.456458641624803541e+00,3.018059809175335437e-02,3.018350300351495610e-02,5.146738741382729243e-01,8.683622181063865975e-08,-1.506172067300826690e-07,5.238827893751041742e+00,1.404321830473449773e-02,1.404804445918578920e-02,1.028060633603024465e+00
1.288437499999999522e-08,3.265992900198656142e-07,-1.210297250783515024e-05,2.462884582390869159e+00,3.019843267271698703e-02,3.020133511351724351e-02,5.147328376278883511e-01,8.683570079371123836e-08,-1.506159964352035585e-07,5.251661476103687498e+00,1.404408880264557992e-02,1.404891517446917905e-02,1.028060929373722177e+00
1.290624999999999521e-08,3.269842770190635722e-07,-1.210390867470464436e-05,2.469311241709247540e+00,3.021622385531741797e-02,3.021912385876430324e-02,5.147912992840156798e-01,8.683517930031768592e-08,-1.506147773142486021e-07,5.264495058452982157e+00,1.404495868396140462e-02,1.404978526685281455e-02,1.028061225030937331e+00
1.292812499999999520e-08,3.273689894785298189e-07,-1.210484327219961854e-05,2.475738613467248328e+00,3.023397185349043642e-02,3.023686945287145864e-02,5.148492649788698472e-01,8.683466178170542281e-08,-1.506135495851006937e-07,5.277328640798918613e+00,1.404582795093686082e-02,1.405065473804703764e-02,1.028061520575310528e+00
1.294999999999999519e-08,3.277534178759911647e-07,-1.210577628915643095e-05,2.482166691624145383e+00,3.025167687961072965e-02,3.025457210789722629e-02,5.149067404976898077e-01,8.683415918920985209e-08,-1.506123144022175653e-07,5.290162223141602560e+00,1.404669660569026618e-02,1.405152359025308752e-02,1.028061816007370677e+00
1.297187499999999518e-08,3.281375528691334523e-07,-1.210670771477811357e-05,2.488595470210129612e+00,3.026933914450655877e-02,3.027223203435663174e-02,5.149637315402345594e-01,8.683367454429817441e-08,-1.506110736428725145e-07,5.302995805480987812e+00,1.404756464951193405e-02,1.405239182592408868e-02,1.028062111327669115e+00
1.299374999999999517e-08,3.285213852979673189e-07,-1.210763753854160338e-05,2.495024943325432787e+00,3.028695885747317157e-02,3.028984944123756795e-02,5.150202437222538565e-01,8.683320314881111825e-08,-1.506098280583812245e-07,5.315829387817106344e+00,1.404843208405085440e-02,1.405325944852118224e-02,1.028062406536804918e+00
1.301562499999999516e-08,3.289049062009334693e-07,-1.210856575023864735e-05,2.501455105138910007e+00,3.030453622628931365e-02,3.030742453601715028e-02,5.150762825769518161e-01,8.683274160073893475e-08,-1.506085795275121914e-07,5.328662970149985689e+00,1.404929891099594708e-02,1.405412646156804259e-02,1.028062701635348741e+00
1.303749999999999515e-08,3.292881067855711424e-07,-1.210949233995904470e-05,2.507885949887386445e+00,3.032207145723064129e-02,3.032495752467380401e-02,5.151318535563901291e-01,8.683228645111496245e-08,-1.506073323946290567e-07,5.341496552479624071e+00,1.405016513261664671e-02,1.405499286778261019e-02,1.028062996623780201e+00
1.305937499999999514e-08,3.296709784429394295e-07,-1.211041729813002208e-05,2.514317471874471632e+00,3.033956475508579193e-02,3.034244861170068766e-02,5.151869620329073696e-01,8.683183570083548731e-08,-1.506060893990358159e-07,5.354330134806030372e+00,1.405103075229271331e-02,1.405585866990323625e-02,1.028063291502562482e+00
1.308124999999999513e-08,3.300535127366160635e-07,-1.211134061549768017e-05,2.520749665469498968e+00,3.035701632317021337e-02,3.035989800011994200e-02,5.152416133004683596e-01,8.683138878329882305e-08,-1.506048522299001573e-07,5.367163717129233014e+00,1.405189577269730893e-02,1.405672387093554257e-02,1.028063586272188079e+00
1.310312499999999512e-08,3.304357013867675876e-07,-1.211226228310243819e-05,2.527182525106723698e+00,3.037442636333850116e-02,3.037730589149813948e-02,5.152958125760299657e-01,8.683094502816566276e-08,-1.506036266523650656e-07,5.379997299449318149e+00,1.405276019576777273e-02,1.405758847365082796e-02,1.028063880933169472e+00
1.312499999999999510e-08,3.308175362991435049e-07,-1.211318229228009437e-05,2.533616045284267315e+00,3.039179507599805083e-02,3.039467248595751833e-02,5.153495650008532714e-01,8.683050354547998223e-08,-1.506024160317906961e-07,5.392830881766223605e+00,1.405362402305758603e-02,1.405845248048502409e-02,1.028064175486068432e+00
1.314687499999999509e-08,3.311990095461604978e-07,-1.211410063464644893e-05,2.540050220563153882e+00,3.040912266012091650e-02,3.041199798219006503e-02,5.154028756418040924e-01,8.683006359375242169e-08,-1.506012192347033138e-07,5.405664464079975140e+00,1.405448725593009922e-02,1.405931589368709933e-02,1.028064469931435410e+00
1.316874999999999508e-08,3.315801133741141189e-07,-1.211501730210682306e-05,2.546485045566419192e+00,3.042640931325816395e-02,3.042928257747005635e-02,5.154557494926262917e-01,8.682962407929815569e-08,-1.506000357007652927e-07,5.418498046390602951e+00,1.405534989617196993e-02,1.406017871536092631e-02,1.028064764269761344e+00
1.319062499999999507e-08,3.319608401915913277e-07,-1.211593228685419368e-05,2.552920514978295419e+00,3.044365523155459496e-02,3.044652646766898840e-02,5.155081914751927785e-01,8.682918380493537496e-08,-1.505988650911607802e-07,5.431331628698108815e+00,1.405621194619149569e-02,1.406104094771888809e-02,1.028065058501480999e+00
1.321249999999999506e-08,3.323411825615405152e-07,-1.211684558136562753e-05,2.559356623543072473e+00,3.046086060976209084e-02,3.046372984726752192e-02,5.155602064407391882e-01,8.682874150641307651e-08,-1.505977062362742838e-07,5.444165211002570892e+00,1.405707340871000313e-02,1.406190259311274060e-02,1.028065352627039797e+00
1.323437499999999505e-08,3.327211331757796237e-07,-1.211775717836466434e-05,2.565793366064509584e+00,3.047802564125231747e-02,3.048089290936954396e-02,5.156117991710548187e-01,8.682829699478526190e-08,-1.505965574200443164e-07,5.456998793303945661e+00,1.405793428583673906e-02,1.406276365362877506e-02,1.028065646646911357e+00
1.325624999999999504e-08,3.331006849187902744e-07,-1.211866707083424602e-05,2.572230737404798351e+00,3.049515051802847640e-02,3.049801584571304111e-02,5.156629743796741216e-01,8.682785119840728083e-08,-1.505954178404874837e-07,5.469832375602222463e+00,1.405879457921108654e-02,1.406362413103196332e-02,1.028065940561521563e+00
1.327812499999999503e-08,3.334798308547844744e-07,-1.211957525205070634e-05,2.578668732483759385e+00,3.051223543073752070e-02,3.051509884668360262e-02,5.157137367130394390e-01,8.682740470914108908e-08,-1.505942863051569702e-07,5.482665957897464359e+00,1.405965429068244815e-02,1.406448402715961693e-02,1.028066234371328713e+00
1.329999999999999502e-08,3.338585642013814796e-07,-1.212048171549623350e-05,2.585107346278009199e+00,3.052928056868353668e-02,3.053214210132636219e-02,5.157640907516396478e-01,8.682695774204166833e-08,-1.505931612779518820e-07,5.495499344364765726e+00,1.406051342228634322e-02,1.406534334389045009e-02,1.028066051406824943e+00
1.332187499999999501e-08,3.342368782939293907e-07,-1.212138645491667165e-05,2.591546573815244336e+00,3.054628611984060507e-02,3.054914579735927213e-02,5.158140409976326168e-01,8.682650950974038393e-08,-1.505920411165528379e-07,5.508332535004144326e+00,1.406137197584965762e-02,1.406620208351752437e-02,1.028065394112691155e+00
1.334374999999999500e-08,3.346147666332499117e-07,-1.212228946424488810e-05,2.597986410183314998e+00,3.056325227086340718e-02,3.056611012118528800e-02,5.158635919029946892e-01,8.682605864673822739e-08,-1.505909240251052796e-07,5.521165725640578614e+00,1.406222995295161420e-02,1.406706024853806268e-02,1.028064741603580190e+00
1.336562499999999498e-08,3.349922228633703840e-07,-1.212319073761902014e-05,2.604426850524379944e+00,3.058017920710056486e-02,3.058303525790480315e-02,5.159127478570265657e-01,8.682560485881177970e-08,-1.505898086616826489e-07,5.533998916274025071e+00,1.406308735519448856e-02,1.406791784098146078e-02,1.028064093879943464e+00
1.338749999999999497e-08,3.353692407667350848e-07,-1.212409026941427604e-05,2.610867890034260341e+00,3.059706711260628750e-02,3.059992139132651154e-02,5.159615131874184524e-01,8.682514831027038455e-08,-1.505886942226915274e-07,5.546832106904470372e+00,1.406394418446854817e-02,1.406877486247583124e-02,1.028063450942251489e+00
1.340937499999999496e-08,3.357458142748872131e-07,-1.212498805425288595e-05,2.617309523961600881e+00,3.061391617015236238e-02,3.061676870397888467e-02,5.160098921612958911e-01,8.682468860631001322e-08,-1.505875804461511097e-07,5.559665101707076396e+00,1.406480044259635943e-02,1.406963131467988889e-02,1.028062328776333967e+00
1.343124999999999495e-08,3.361219366425535854e-07,-1.212588408648456923e-05,2.623751747602513618e+00,3.063072656123998899e-02,3.063357737712264425e-02,5.160578889735399910e-01,8.682422542715199797e-08,-1.505864669498647246e-07,5.572497704856945511e+00,1.406565613153397051e-02,1.407048720000646409e-02,1.028060247116491466e+00
1.345312499999999494e-08,3.364976046828588702e-07,-1.212677836624372120e-05,2.630194556304399356e+00,3.064749846611107553e-02,3.065034759076233281e-02,5.161055077606447883e-01,8.682375898068416444e-08,-1.505853530478047973e-07,5.585329916354104363e+00,1.406651125346758055e-02,1.407134252057695364e-02,1.028057219613285334e+00
1.347499999999999493e-08,3.368728111866367791e-07,-1.212767088520271881e-05,2.636637945465440058e+00,3.066423206376014607e-02,3.066707952365734652e-02,5.161527526015142753e-01,8.682329066344868304e-08,-1.505842389947605325e-07,5.598161540373613576e+00,1.406736581022405286e-02,1.407219727738124281e-02,1.028052779558571217e+00
1.349687499999999492e-08,3.372475428273088947e-07,-1.212856165113071256e-05,2.643081910528885192e+00,3.068092753194512010e-02,3.068377335333076494e-02,5.161996275062199491e-01,8.682282165535588481e-08,-1.505831255113789061e-07,5.610991989440767824e+00,1.406821980338435717e-02,1.407305147158174896e-02,1.028045500463397710e+00
1.351874999999999491e-08,3.376217971672513493e-07,-1.212945064508765275e-05,2.649526446978086813e+00,3.069758504719928560e-02,3.070042925608262516e-02,5.162461364047824519e-01,8.682235168307353161e-08,-1.505820127777304670e-07,5.623821459380535792e+00,1.406907323465479698e-02,1.407390510485227383e-02,1.028035873008061873e+00
1.354062499999999490e-08,3.379955725878504611e-07,-1.213033786436549202e-05,2.655971550359185418e+00,3.071420478483973676e-02,3.071704740700096845e-02,5.162922832099415826e-01,8.682188007581026566e-08,-1.505809008756093488e-07,5.636650537667598826e+00,1.406992610599080290e-02,1.407475817907491260e-02,1.028025337794286953e+00
1.356249999999999489e-08,3.383688777010913752e-07,-1.213122330038922966e-05,2.662417216266049547e+00,3.073078691898202888e-02,3.073362797997220355e-02,5.163380717808114806e-01,8.682140605153518923e-08,-1.505797898918510665e-07,5.649477266052888247e+00,1.407077841948874142e-02,1.407561069642457134e-02,1.028009108306394470e+00
1.358437499999999488e-08,3.387417438397375559e-07,-1.213210695368097339e-05,2.668863440293873790e+00,3.074733162256172367e-02,3.075017114770352972e-02,5.163835058041073012e-01,8.682092897261682859e-08,-1.505786798225136875e-07,5.662300273762125968e+00,1.407163017747963853e-02,1.407646265902409016e-02,1.027983860608785216e+00
1.360624999999999486e-08,3.391141212522644018e-07,-1.213298885542810532e-05,2.675310218098637449e+00,3.076383906733298063e-02,3.076667708172057744e-02,5.164285889518983597e-01,8.682044820033230804e-08,-1.505775702440818764e-07,5.675119756620205180e+00,1.407248138225957942e-02,1.407731406853382321e-02,1.027950130329284839e+00
1.362812499999999485e-08,3.394860580342273030e-07,-1.213386894981836078e-05,2.681757545373333773e+00,3.078030942387525656e-02,3.078314595239457080e-02,5.164733248227141305e-01,8.681996344880596972e-08,-1.505764615461957122e-07,5.687934539677612200e+00,1.407333203579558441e-02,1.407816492633277329e-02,1.027905086334766516e+00
1.364999999999999484e-08,3.398575091933856593e-07,-1.213474721887125303e-05,2.688205417838546829e+00,3.079674286163039398e-02,3.079957792893237706e-02,5.165177169201105034e-01,8.681947518429718442e-08,-1.505753533858226274e-07,5.700745406234044133e+00,1.407418213994693357e-02,1.407901523397069900e-02,1.027850688018160596e+00
1.367187499999999483e-08,3.402284907479036739e-07,-1.213562373117474640e-05,2.694653831296337732e+00,3.081313954887198933e-02,3.081597317938579439e-02,5.165617687925169177e-01,8.681898355107626979e-08,-1.505742444107034796e-07,5.713551768814824072e+00,1.407503169665679822e-02,1.407986499310149783e-02,1.027785549253917186e+00
1.369374999999999482e-08,3.405989701295328197e-07,-1.213649842623281609e-05,2.701102781543462505e+00,3.082949965275640428e-02,3.083233187069476383e-02,5.166054838150293538e-01,8.681848853329051453e-08,-1.505731342135114535e-07,5.726352452470460541e+00,1.407588070768111231e-02,1.408071420548863244e-02,1.027706845564673399e+00
1.371562499999999481e-08,3.409690595160117201e-07,-1.213737127789397374e-05,2.707552264443306544e+00,3.084582333930253537e-02,3.084865416867903221e-02,5.166488653742976611e-01,8.681799055690668653e-08,-1.505720221540325778e-07,5.739147848850811862e+00,1.407672917453461035e-02,1.408156287298144640e-02,1.027615612684062540e+00
1.373749999999999480e-08,3.413387904029557706e-07,-1.213824215298024890e-05,2.714002275889189963e+00,3.086211077345805617e-02,3.086494023803283346e-02,5.166919167777603850e-01,8.681748969557727839e-08,-1.505709075105851730e-07,5.751934237282645412e+00,1.407757709871332308e-02,1.408241099740473873e-02,1.027502808741221463e+00
1.375937499999999479e-08,3.417080340232237070e-07,-1.213911114667252716e-05,2.720452811746275401e+00,3.087836211918890128e-02,3.088119024257427250e-02,5.167346411120101735e-01,8.681698620834285897e-08,-1.505697896921290771e-07,5.764707897092652189e+00,1.407842448193309150e-02,1.408325858057919190e-02,1.027359428569867728e+00
1.378124999999999478e-08,3.420766036386773103e-07,-1.213997795261469550e-05,2.726903867909361789e+00,3.089457753949673494e-02,3.089740434503945171e-02,5.167770413895035331e-01,8.681648052653871745e-08,-1.505686681314757558e-07,5.777467849156310287e+00,1.407927132602975438e-02,1.408410562442144638e-02,1.027183243622903808e+00
1.380312499999999477e-08,3.424447400301969132e-07,-1.214084311606706806e-05,2.733355440306919792e+00,3.091075719623843227e-02,3.091358270715070800e-02,5.168191205612867600e-01,8.681597263761148143e-08,-1.505675426833441825e-07,5.790218597446584958e+00,1.408011763281057788e-02,1.408495213094009338e-02,1.026985445070729641e+00
1.382499999999999476e-08,3.428123383994726440e-07,-1.214170648638033575e-05,2.739807525018868262e+00,3.092690124994745826e-02,3.092972548926265289e-02,5.168608818085975720e-01,8.681546265359588274e-08,-1.505664129700315664e-07,5.802966016710710662e+00,1.408096340419977624e-02,1.408579810194512949e-02,1.026780527542639598e+00
1.384687499999999474e-08,3.431794197680757552e-07,-1.214256807881110354e-05,2.746260118187332289e+00,3.094300986007959484e-02,3.094583285059838984e-02,5.169023283240011812e-01,8.681495162569901068e-08,-1.505652777999174518e-07,5.815710890248321441e+00,1.408180864196266480e-02,1.408664353928393981e-02,1.026570468853916340e+00
1.386874999999999473e-08,3.435459141212103390e-07,-1.214342792888601356e-05,2.752713215989723405e+00,3.095908318500041612e-02,3.096190494933076520e-02,5.169434632472492686e-01,8.681444024069213484e-08,-1.505641355984737866e-07,5.828453413884396639e+00,1.408265334765314292e-02,1.408748844473987731e-02,1.026355796945957577e+00
1.389062499999999472e-08,3.439118939460866196e-07,-1.214428604431671971e-05,2.759166814651290878e+00,3.097512138202029516e-02,3.097794194256656142e-02,5.169842896979278679e-01,8.681392825939218271e-08,-1.505629850365319171e-07,5.841193195969131224e+00,1.408349752281292007e-02,1.408833282001125189e-02,1.026135636094166248e+00
1.391249999999999471e-08,3.442774599910401987e-07,-1.214514223318695222e-05,2.765620910418329803e+00,3.099112460742035891e-02,3.099394398639645359e-02,5.170248107124151282e-01,8.681341560975523016e-08,-1.505618262448249465e-07,5.853929649027785231e+00,1.408434116912720725e-02,1.408917666681986681e-02,1.025908636782878247e+00
1.393437499999999470e-08,3.446424574072211612e-07,-1.214599651350549380e-05,2.772075499579623514e+00,3.100709301645611718e-02,3.100991123586738230e-02,5.170650292977675422e-01,8.681290211807111187e-08,-1.505606604972141152e-07,5.866662773060377312e+00,1.408518428818055640e-02,1.409001998682614561e-02,1.025674876304168093e+00
1.395624999999999469e-08,3.450069213707385305e-07,-1.214684900793643887e-05,2.778530578457203415e+00,3.102302676334238452e-02,3.102584384502260137e-02,5.171049484111873706e-01,8.681238762106635249e-08,-1.505594896589099659e-07,5.879392568066953650e+00,1.408602688146803374e-02,1.409086278177731390e-02,1.025434431214262920e+00
1.397812499999999468e-08,3.453706696044999055e-07,-1.214769976584197750e-05,2.784986143414614368e+00,3.103892600129228366e-02,3.104174196688853221e-02,5.171445709816931968e-01,8.681187223924116936e-08,-1.505583147584183635e-07,5.892117663273100270e+00,1.408686895048572550e-02,1.409170505343953876e-02,1.025184163534694992e+00
1.399999999999999467e-08,3.457339857618094313e-07,-1.214854858309327820e-05,2.791442190816937785e+00,3.105479088258070522e-02,3.105760575351970351e-02,5.171838998174947966e-01,8.681135653042227861e-08,-1.505571355686357461e-07,5.904838058678809176e+00,1.408771049708133771e-02,1.409254680357423586e-02,1.024924166114760116e+00
1.402187499999999466e-08,3.460966171826305397e-07,-1.214939546211163888e-05,2.797898717100624655e+00,3.107062155839860132e-02,3.107343535595527562e-02,5.172229377723831512e-01,8.681084133238111629e-08,-1.505559521938476453e-07,5.917554733408731948e+00,1.408855152325182852e-02,1.409338803386491791e-02,1.024656841793282869e+00
1.404374999999999465e-08,3.464587345375482380e-07,-1.215024056100016878e-05,2.804355718724652835e+00,3.108641817899415391e-02,3.108923092423160686e-02,5.172616876325858426e-01,8.681032707800736971e-08,-1.505547647679584294e-07,5.930267883287780428e+00,1.408939203060301758e-02,1.409422874595215799e-02,1.024382722196453210e+00
1.406562499999999464e-08,3.468202026311681057e-07,-1.215108361002755150e-05,2.810813192200829480e+00,3.110218089360246643e-02,3.110499260739772037e-02,5.173001521889967202e-01,8.680981365583123829e-08,-1.505535733759440847e-07,5.942977312490994812e+00,1.409023202070681414e-02,1.409506894148080877e-02,1.024101450575707561e+00
1.408749999999999462e-08,3.471811484260156952e-07,-1.215192462704840469e-05,2.817271134053798587e+00,3.111790985051698238e-02,3.112072055356428571e-02,5.173383341461335050e-01,8.680930099299784330e-08,-1.505523780821674685e-07,5.955682041893869183e+00,1.409107149518276127e-02,1.409590862188699924e-02,1.023810862329283866e+00
1.410937499999999461e-08,3.475414768072887398e-07,-1.215276351136258285e-05,2.823729540842526919e+00,3.113360519707136093e-02,3.113641490989730101e-02,5.173762361737510584e-01,8.680879338399740718e-08,-1.505511790751771355e-07,5.968382071496435515e+00,1.409191045585589906e-02,1.409674778863059461e-02,1.023511068082057163e+00
1.413124999999999460e-08,3.479011907002163168e-07,-1.215360046241965164e-05,2.830188409159935414e+00,3.114926707965689004e-02,3.115207582259472280e-02,5.174138609074603323e-01,8.680829535111210084e-08,-1.505499768113216416e-07,5.981077792948507721e+00,1.409274890454471907e-02,1.409758644350254594e-02,1.023203055728312716e+00
1.415312499999999459e-08,3.482599743078459535e-07,-1.215443576995067811e-05,2.836647735641373735e+00,3.116489564367994763e-02,3.116770343692707931e-02,5.174512109690651007e-01,8.680780699269281239e-08,-1.505487716000780266e-07,5.993769010425187282e+00,1.409358684278025874e-02,1.409842458822349945e-02,1.022886477916806758e+00
1.417499999999999458e-08,3.486183817247431058e-07,-1.215526958990962701e-05,2.843107516942048996e+00,3.118049103364943161e-02,3.118329789722257966e-02,5.174882889173452183e-01,8.680732722431708782e-08,-1.505475634561282567e-07,6.006455919751409134e+00,1.409442427219030451e-02,1.409926222434193348e-02,1.022561873130311216e+00
1.419687499999999457e-08,3.489761557737884407e-07,-1.215610161339105668e-05,2.849567749767346392e+00,3.119605339314255807e-02,3.119885934684617571e-02,5.175250973180062219e-01,8.680685460557952613e-08,-1.505463523134094795e-07,6.019136954327886535e+00,1.409526119462586706e-02,1.410009935343329440e-02,1.022225857528502146e+00
1.421874999999999456e-08,3.493332195329954778e-07,-1.215693166653224576e-05,2.856028430802230567e+00,3.121158286484969693e-02,3.121438792837478993e-02,5.175616385869589164e-01,8.680638844296044033e-08,-1.505451384052917393e-07,6.031812505804442281e+00,1.409609761171625418e-02,1.410093597698332084e-02,1.021879404635515742e+00
1.424062499999999455e-08,3.496894975312696839e-07,-1.215775970652254652e-05,2.862489556825167814e+00,3.122707959049341939e-02,3.122988378333529935e-02,5.175979152455266741e-01,8.680592851458733201e-08,-1.505439224724893341e-07,6.044483553305664003e+00,1.409693352485048325e-02,1.410177209649733122e-02,1.021524829678144508e+00
1.426249999999999454e-08,3.500453533518659753e-07,-1.215858590078596275e-05,2.868951124606513581e+00,3.124254371090193216e-02,3.124534705243400476e-02,5.176339296964413972e-01,8.680547445535942092e-08,-1.505427054815474573e-07,6.057149901006631865e+00,1.409776893552064023e-02,1.410260771356913051e-02,1.021161788736431042e+00
1.428437499999999453e-08,3.504009596509032084e-07,-1.215941059305891685e-05,2.875413130982741983e+00,3.125797536601144372e-02,3.126077787540871428e-02,5.176696843891815947e-01,8.680502537834684040e-08,-1.505414875946650567e-07,6.069812528031935273e+00,1.409860384531997843e-02,1.410344282984885358e-02,1.020792548708496783e+00
1.430624999999999452e-08,3.507562161542029671e-07,-1.216023365340312760e-05,2.881875572807825581e+00,3.127337469484477162e-02,3.127617639113031145e-02,5.177051817140464474e-01,8.680458041876201204e-08,-1.505402685405993128e-07,6.082470063607195776e+00,1.409943825580998490e-02,1.410427744696290085e-02,1.020414217795963863e+00
1.432812499999999450e-08,3.511109661723687520e-07,-1.216105504420065564e-05,2.888338446948345073e+00,3.128874183563537525e-02,3.129154273766605182e-02,5.177404239934992880e-01,8.680413892813592703e-08,-1.505390483787232912e-07,6.095121332782991175e+00,1.410027216850121522e-02,1.410511156649405309e-02,1.020024360904561833e+00
1.434999999999999449e-08,3.514650522992641594e-07,-1.216187440146902943e-05,2.894801750292268938e+00,3.130407692588837304e-02,3.130687705218671013e-02,5.177754135022595294e-01,8.680370045314897955e-08,-1.505378276730854163e-07,6.107766335559339232e+00,1.410110558495627185e-02,1.410594519017307341e-02,1.019623107958792296e+00
1.437187499999999448e-08,3.518185096826779309e-07,-1.216269217136834256e-05,2.901265479765776423e+00,3.131938010216596402e-02,3.132217947105361833e-02,5.178101525055616161e-01,8.680326456157460323e-08,-1.505366082451307533e-07,6.120404484461483108e+00,1.410193850678502503e-02,1.410677831969885804e-02,1.019209351951884557e+00
1.439374999999999447e-08,3.521715928676651487e-07,-1.216350823836176789e-05,2.907729632302428868e+00,3.133465150012699346e-02,3.133745012992703721e-02,5.178446431939224270e-01,8.680283112269515318e-08,-1.505353912112064808e-07,6.133035387839635533e+00,1.410277093557287496e-02,1.410761095664609527e-02,1.018782397760292557e+00
1.441562499999999446e-08,3.525247988336269273e-07,-1.216432207470801618e-05,2.914194204878027161e+00,3.134989125463352733e-02,3.135268916356957758e-02,5.178788877586236739e-01,8.680240003905374487e-08,-1.505341774366585042e-07,6.145659045693792066e+00,1.410360287298287156e-02,1.410844310258634396e-02,1.018342414490620351e+00
1.443749999999999445e-08,3.528769032863734844e-07,-1.216513455937471669e-05,2.920659194483638199e+00,3.136509949980972878e-02,3.136789670586416501e-02,5.179128883363172120e-01,8.680197052254887485e-08,-1.505329680624066662e-07,6.158274674724355080e+00,1.410443432072006065e-02,1.410927475899511480e-02,1.017887910440834487e+00
1.445937499999999444e-08,3.532276796870237038e-07,-1.216594505071926862e-05,2.927124598134240863e+00,3.138027636892960076e-02,3.138307288993948119e-02,5.179466470282934054e-01,8.680154209765535979e-08,-1.505317629085499040e-07,6.170883254055870459e+00,1.410526528039034166e-02,1.411010592741666556e-02,1.017421110312666244e+00
1.448124999999999443e-08,3.535780250571531273e-07,-1.216675345214716800e-05,2.933590412899071076e+00,3.139542199435591679e-02,3.139821784789979808e-02,5.179801659648050061e-01,8.680111478089722431e-08,-1.505305619501437325e-07,6.183486937762354252e+00,1.410609575354592957e-02,1.411093660955495960e-02,1.016946667630943546e+00
1.450312499999999442e-08,3.539277726424128271e-07,-1.216755940470407485e-05,2.940056635896893589e+00,3.141053650747160919e-02,3.141333171112054012e-02,5.180134472954601721e-01,8.680068864931551633e-08,-1.505293658886369670e-07,6.196084942544183072e+00,1.410692574184573868e-02,1.411176680704568157e-02,1.016463071619882808e+00
1.452499999999999441e-08,3.542775424909147237e-07,-1.216836340282476895e-05,2.946523264233911643e+00,3.142562003907921342e-02,3.142841461019540289e-02,5.180464930628390086e-01,8.680026387888053655e-08,-1.505281753122564817e-07,6.208676093451866329e+00,1.410775524693887520e-02,1.411259652144444821e-02,1.015968007491652614e+00
1.454687499999999440e-08,3.546268830797942248e-07,-1.216916585696636307e-05,2.952990295056558079e+00,3.144067271900921612e-02,3.144346667499723497e-02,5.180793053116622415e-01,8.679984050777973306e-08,-1.505269906076085484e-07,6.221259411360960279e+00,1.410858427048201739e-02,1.411342575432016598e-02,1.015459641430528581e+00
1.456874999999999438e-08,3.549763121435428969e-07,-1.216996695581181590e-05,2.959457725502477210e+00,3.145569467671138070e-02,3.145848803459813658e-02,5.181118859908062646e-01,8.679941835784414588e-08,-1.505258119356977721e-07,6.233833721321984100e+00,1.410941281417616051e-02,1.411425450740950820e-02,1.014935733246747906e+00
1.459062499999999437e-08,3.553243690973236632e-07,-1.217076695431968272e-05,2.965925552744611782e+00,3.147068604058760044e-02,3.147347881747346310e-02,5.181442370433488875e-01,8.679899722366512215e-08,-1.505246393330624806e-07,6.246400198284353777e+00,1.411024087978803888e-02,1.411508278253673088e-02,1.014398857031566292e+00
1.461249999999999436e-08,3.556724865495940187e-07,-1.217156589392470620e-05,2.972393773999407962e+00,3.148564693833463130e-02,3.148843915109773850e-02,5.181763604241526044e-01,8.679857759141401702e-08,-1.505234728132630627e-07,6.258958254773382635e+00,1.411106846904353410e-02,1.411591058138977894e-02,1.013848013432339989e+00
1.463437499999999435e-08,3.560216926997496716e-07,-1.217236328465848927e-05,2.978862386478201341e+00,3.150057749691963921e-02,3.150336916239605128e-02,5.182082580036778685e-01,8.679816000192013647e-08,-1.505223121051563839e-07,6.271507890789093764e+00,1.411189558359323380e-02,1.411673790543480078e-02,1.013283372402634663e+00
1.465624999999999434e-08,3.563707763393652492e-07,-1.217315897509973021e-05,2.985331387448546092e+00,3.151547784248737161e-02,3.151826897719610387e-02,5.182399316906974862e-01,8.679774430778702895e-08,-1.505211568081948836e-07,6.284049106331493384e+00,1.411272222511330415e-02,1.411756475606215817e-02,1.012705136634812542e+00
1.467812499999999433e-08,3.567207896115998590e-07,-1.217395270960846624e-05,2.991800774172106436e+00,3.153034810072392197e-02,3.153313872093394671e-02,5.182713833111205481e-01,8.679733040881944506e-08,-1.505200063970811800e-07,6.296580726451124654e+00,1.411354839521589306e-02,1.411839113490119015e-02,1.012111149111824870e+00
1.469999999999999432e-08,3.570716905352356690e-07,-1.217474332759470334e-05,2.998270543939996813e+00,3.154518839635393757e-02,3.154797851825328486e-02,5.183026146777585108e-01,8.679691797372788341e-08,-1.505188602869050621e-07,6.309103142797869879e+00,1.411437409535096742e-02,1.411921704361110939e-02,1.011502396143423743e+00
1.472187499999999431e-08,3.574222131355139038e-07,-1.217553056787019439e-05,3.004740694072074891e+00,3.155999885346031514e-02,3.156278849292186439e-02,5.183336275904764090e-01,8.679650625778365231e-08,-1.505177181207083965e-07,6.321615767896935800e+00,1.411519932688164169e-02,1.412004248369011158e-02,1.010877922760345715e+00
1.474374999999999430e-08,3.577718684879701289e-07,-1.217631514383020259e-05,3.011211221895051526e+00,3.157477959518769500e-02,3.157756876824073522e-02,5.183644237942115485e-01,8.679609465205586446e-08,-1.505165797362704509e-07,6.334118601748349953e+00,1.411602409124449765e-02,1.412086745674817623e-02,1.010237914888562960e+00
1.476562499999999429e-08,3.581203196625421559e-07,-1.217709629605481485e-05,3.017682124777149255e+00,3.158953074401534000e-02,3.159231946660952250e-02,5.183950050469818827e-01,8.679568314988451156e-08,-1.505154457893952878e-07,6.346611252702340167e+00,1.411684838991188011e-02,1.412169196438001380e-02,1.009581837134663429e+00
1.478749999999999428e-08,3.584695337208681903e-07,-1.217787649646246324e-05,3.024153400083992693e+00,3.160425242207629687e-02,3.160704070985900088e-02,5.184253730362778922e-01,8.679527226287921430e-08,-1.505143171172054896e-07,6.359094895708360617e+00,1.411767222439450770e-02,1.412251600800803683e-02,1.008912165847618558e+00
1.480937499999999426e-08,3.588192771073161139e-07,-1.217865452681718475e-05,3.030625045257255845e+00,3.161894475022990897e-02,3.162173261887287617e-02,5.184555295293946653e-01,8.679486204616286516e-08,-1.505131933061916946e-07,6.371569139116614267e+00,1.411849559618451322e-02,1.412333958902175016e-02,1.008228369634765587e+00
1.483124999999999425e-08,3.591684098547515931e-07,-1.217942985750075826e-05,3.037097057700161251e+00,3.163360784924859614e-02,3.163639531409147276e-02,5.184854761579389404e-01,8.679445213014260350e-08,-1.505120735007649171e-07,6.384032220502889210e+00,1.411931850681996843e-02,1.412416270886829132e-02,1.007527265246445314e+00
1.485312499999999424e-08,3.595173424640974241e-07,-1.218020239635372570e-05,3.043569434861056688e+00,3.164824183925695616e-02,3.165102891505495314e-02,5.185152145755377306e-01,8.679404248657017168e-08,-1.505109573600771666e-07,6.396484335692111500e+00,1.412014095800887339e-02,1.412498536898528292e-02,1.006809478409624425e+00
1.487499999999999423e-08,3.598657993298386663e-07,-1.218097402718661305e-05,3.050042174193136724e+00,3.166284683973191738e-02,3.166563354101877004e-02,5.185447463843180227e-01,8.679363269231883712e-08,-1.505098453018299562e-07,6.408925680509256928e+00,1.412096295136951521e-02,1.412580757084161420e-02,1.006075585727385313e+00
1.489687499999999422e-08,3.602115495621747893e-07,-1.218174605430172347e-05,3.056515273194245097e+00,3.167742296887478270e-02,3.168020931076977881e-02,5.185740732082703142e-01,8.679322213217495151e-08,-1.505087376474155647e-07,6.421355080004823357e+00,1.412178448833024610e-02,1.412662931599741566e-02,1.005323625424992873e+00
1.491874999999999586e-08,3.605566774387415833e-07,-1.218251829088080913e-05,3.062988729335967442e+00,3.169197034504386140e-02,3.169475634254144414e-02,5.186031965647915909e-01,8.679281118179597262e-08,-1.505076343364452546e-07,6.433772142528953353e+00,1.412260557030324028e-02,1.412745060590905183e-02,1.004553106483065950e+00
1.494062499999999751e-08,3.609022049766342922e-07,-1.218329191929859087e-05,3.069462540151443264e+00,3.170648908576446934e-02,3.170927475359017894e-02,5.186321180256190377e-01,8.679240070555936930e-08,-1.505065352813095081e-07,6.446177651381433726e+00,1.412342619865428021e-02,1.412827144193658582e-02,1.003765757043053375e+00
1.496249999999999915e-08,3.612487426406216835e-07,-1.218406600987857708e-05,3.075936703173383524e+00,3.172097930801541510e-02,3.172376466075856050e-02,5.186608391051833467e-01,8.679199092511157481e-08,-1.505054399872762860e-07,6.458568669188514910e+00,1.412424637476097748e-02,1.412909182549296205e-02,1.002956412359118366e+00
1.498437500000000079e-08,3.615936430433265596e-07,-1.218483951048090144e-05,3.082411215912411073e+00,3.173544112877444562e-02,3.173822618092403403e-02,5.186893612223100192e-01,8.679158161443170718e-08,-1.505043477589701316e-07,6.470945195950239537e+00,1.412506610006199897e-02,1.412991175800454649e-02,1.002125346179927989e+00
1.500625000000000244e-08,3.619384462070398378e-07,-1.218561188876271906e-05,3.088886075944252685e+00,3.174987466365008365e-02,3.175265943004494662e-02,5.187176858579279903e-01,8.679117287637291254e-08,-1.505032580033106719e-07,6.483308014966326027e+00,1.412588537597563899e-02,1.413073124086037906e-02,1.001274306018394622e+00
1.502812500000000408e-08,3.622824693691811580e-07,-1.218638214004185605e-05,3.095361280839296736e+00,3.176428002795865513e-02,3.176706452382696555e-02,5.187458144299960106e-01,8.679076492012771198e-08,-1.505021703924640485e-07,6.495654972162660634e+00,1.412670420380970904e-02,1.413155027535952825e-02,1.000399676545535188e+00
1.505000000000000572e-08,3.626262783547856362e-07,-1.218715167948067565e-05,3.101836828166940840e+00,3.177865733750483146e-02,3.178144157693482685e-02,5.187737483023848739e-01,8.679035770491938354e-08,-1.505010851052495308e-07,6.507987634138593158e+00,1.412752258484644211e-02,1.413236886276512602e-02,9.995045681637189094e-01
1.507187500000000737e-08,3.629688710990985745e-07,-1.218792034960356586e-05,3.108312715574521601e+00,3.179300670667695172e-02,3.179579070261887019e-02,5.188014889228987903e-01,8.678995093135800426e-08,-1.505000022322800303e-07,6.520309134092695302e+00,1.412834052047188399e-02,1.413318700438492836e-02,9.985948796960547602e-01
1.509375000000000901e-08,3.633102986945824332e-07,-1.218868801209433915e-05,3.114788940742645007e+00,3.180732824844065276e-02,3.181011201358585616e-02,5.188290377460321734e-01,8.678954413589338530e-08,-1.504989217470465390e-07,6.532618297075527103e+00,1.412915801203460872e-02,1.413400470154320583e-02,9.976687718446337616e-01
1.511562500000001065e-08,3.636488890852963207e-07,-1.218945564647328323e-05,3.121265501332490366e+00,3.182162207495614625e-02,3.182440562329200834e-02,5.188563961426692073e-01,8.678913714033593344e-08,-1.504978440001129915e-07,6.544911010763940773e+00,1.412997506085005711e-02,1.413482195562954825e-02,9.967192328619959296e-01
1.513750000000001230e-08,3.639872771428565943e-07,-1.219022413126403304e-05,3.127742394972502282e+00,3.183588829955423527e-02,3.183867164511473141e-02,5.188835653792390756e-01,8.678873061088933045e-08,-1.504967693161783510e-07,6.557185904383618258e+00,1.413079166825405644e-02,1.413563876806950628e-02,9.957441674290951061e-01
1.515937500000001394e-08,3.643271023183179495e-07,-1.219099321835448372e-05,3.134219619333020734e+00,3.185012703512658111e-02,3.185291019126495343e-02,5.189105467454833143e-01,8.678832488259536750e-08,-1.504956975122356433e-07,6.569445327833534520e+00,1.413160783554302455e-02,1.413645514034114065e-02,9.947480222795901383e-01
1.518125000000001559e-08,3.646667607316014100e-07,-1.219176189071579570e-05,3.140697172134853332e+00,3.186433839341899082e-02,3.186712137222377089e-02,5.189373415687438262e-01,8.678791962502581690e-08,-1.504946282080465641e-07,6.581688106164148344e+00,1.413242356404231445e-02,1.413727107391821516e-02,9.937290887009041507e-01
1.520312500000001723e-08,3.650072996317206727e-07,-1.219253018711547777e-05,3.147175051060838946e+00,3.187852248696826374e-02,3.188130530028345649e-02,5.189639510672612310e-01,8.678751507410186699e-08,-1.504935611084723824e-07,6.593912281126411479e+00,1.413323885512107053e-02,1.413808657016589129e-02,9.926843153889000071e-01
1.522500000000001887e-08,3.653493503641300909e-07,-1.219329688822662572e-05,3.153653253826455227e+00,3.189267942619584267e-02,3.189546208658445431e-02,5.189903764680600107e-01,8.678711118028736342e-08,-1.504924958838716451e-07,6.606119027669809185e+00,1.413405371010439775e-02,1.413890163042873932e-02,9.916160909138449497e-01
1.524687500000002052e-08,3.656897139840896068e-07,-1.219406171966195583e-05,3.160131778179219086e+00,3.190680932113779122e-02,3.190959184167605628e-02,5.190166190066816121e-01,8.678670661960759243e-08,-1.504914321177724928e-07,6.618308933269087646e+00,1.413486813038312452e-02,1.413971625606702184e-02,9.905257561984297521e-01
1.526875000000002216e-08,3.660252850866967323e-07,-1.219482354724826502e-05,3.166610621885678878e+00,3.192091228204942815e-02,3.192369467616729128e-02,5.190426799057661356e-01,8.678630024738454519e-08,-1.504903694000816211e-07,6.630480627149841766e+00,1.413568211734446411e-02,1.414053044837477492e-02,9.894113138802438367e-01
1.529062500000002380e-08,3.663582883422879627e-07,-1.219558204180426894e-05,3.173089782700052819e+00,3.193498841905025726e-02,3.193777069958552567e-02,5.190685603255292824e-01,8.678589226956069060e-08,-1.504893078082787220e-07,6.642633130187544310e+00,1.413649567228079766e-02,1.414134420862900483e-02,9.882714686813596217e-01
1.531250000000002545e-08,3.666897839108411206e-07,-1.219633905279526421e-05,3.179569258404037591e+00,3.194903784092095050e-02,3.195182002130603216e-02,5.190942614283119427e-01,8.678548358502549762e-08,-1.504882473883433907e-07,6.654768204806450704e+00,1.413730879650436194e-02,1.414215753816875330e-02,9.871095370661546742e-01
1.533437500000002709e-08,3.670226292609940067e-07,-1.219709124577061361e-05,3.186049046828196563e+00,3.196306065601546564e-02,3.196584274961046523e-02,5.191197844131067995e-01,8.678507457529961252e-08,-1.504871874861552280e-07,6.666887417605829036e+00,1.413812149139340515e-02,1.414297043837310641e-02,9.859284536550414479e-01
1.535625000000002873e-08,3.673533506082861163e-07,-1.219783887509908508e-05,3.192529145825519166e+00,3.197705697112575990e-02,3.197983899128808982e-02,5.191451304733845085e-01,8.678466474742466984e-08,-1.504861281577480837e-07,6.678987831212007009e+00,1.413893375828040137e-02,1.414378291059507735e-02,9.847236965101534567e-01
1.537812500000003038e-08,3.676829823527401858e-07,-1.219858556019675020e-05,3.199009553196530131e+00,3.199102689439364128e-02,3.199380885481353104e-02,5.191703006807086851e-01,8.678425368462803406e-08,-1.504850701508986049e-07,6.691066899901152887e+00,1.413974559837770026e-02,1.414459495611366212e-02,9.834914366482210291e-01
1.540000000000003202e-08,3.680109624537607050e-07,-1.219932979395602428e-05,3.205490266772716090e+00,3.200497053412661858e-02,3.200775244657576984e-02,5.191952961162499269e-01,8.678384157223949493e-08,-1.504840136252299918e-07,6.703125015323133873e+00,1.414055701287350759e-02,1.414540657617190979e-02,9.822327296264202756e-01
1.542187500000003366e-08,3.683399417286726652e-07,-1.220007259156176801e-05,3.211971284398688287e+00,3.201888799953689357e-02,3.202166987352810662e-02,5.192201178438119458e-01,8.678342890410685547e-08,-1.504829581749618201e-07,6.715163548252297332e+00,1.414136800296319010e-02,1.414621777199925358e-02,9.809502017599729395e-01
1.544375000000003531e-08,3.686694127719261285e-07,-1.220081100171252806e-05,3.218452603971612369e+00,3.203277939727049162e-02,3.203556124211223016e-02,5.192447669701261148e-01,8.678301604504035038e-08,-1.504819034182313083e-07,6.727181519564169321e+00,1.414217856988964246e-02,1.414702854484893579e-02,9.796426566743614561e-01
1.546562500000003695e-08,3.690002729203910458e-07,-1.220154806656220336e-05,3.224934223348868478e+00,3.204664483515544393e-02,3.204942665996288881e-02,5.192692445045691274e-01,8.678260313868031654e-08,-1.504808495872945465e-07,6.739177362659435566e+00,1.414298871489306011e-02,1.414783889597918259e-02,9.783079374401416617e-01
1.548750000000003859e-08,3.693314912576575175e-07,-1.220228335304970231e-05,3.231416140426940142e+00,3.206048441776859076e-02,3.206326623449803209e-02,5.192935514796714891e-01,8.678219006146885357e-08,-1.504797966191962609e-07,6.751150294238446925e+00,1.414379843911241566e-02,1.414864882658611010e-02,9.769452363022607111e-01
1.550937500000004024e-08,3.696616567876633636e-07,-1.220301459897596545e-05,3.237898353079466496e+00,3.207429825107660504e-02,3.207708007487439228e-02,5.193176888593098450e-01,8.678177620281909829e-08,-1.504787441530606848e-07,6.763101097600929812e+00,1.414460774364315401e-02,1.414945833781935426e-02,9.755561950712590136e-01
1.553125000000004188e-08,3.699870731259203577e-07,-1.220374411426688259e-05,3.244380859254476945e+00,3.208808643943986127e-02,3.209086828742720165e-02,5.193416576822401654e-01,8.678136099343016158e-08,-1.504776924177542676e-07,6.775030556046476526e+00,1.414541662961543364e-02,1.415026743085120303e-02,9.741424719659684817e-01
1.555312500000004352e-08,3.703089939621670506e-07,-1.220447182008920745e-05,3.250863656876509022e+00,3.210184909054886182e-02,3.210463097754425593e-02,5.193654589196399218e-01,8.678094471963728286e-08,-1.504766416428676191e-07,6.786935928026332832e+00,1.414622509816083722e-02,1.415107610691658697e-02,9.727001776210034700e-01
1.557500000000004517e-08,3.706292618520773959e-07,-1.220519812061171577e-05,3.257346743864943495e+00,3.211558631343921361e-02,3.211836825115586824e-02,5.193890935016186594e-01,8.678052764127717576e-08,-1.504755918476239667e-07,6.798817409365485176e+00,1.414703315045518633e-02,1.415188436723170684e-02,9.712300324853468947e-01
1.559687500000004681e-08,3.709441867602070964e-07,-1.220592327161784926e-05,3.263830118181874074e+00,3.212929821250597173e-02,3.213208021542431070e-02,5.194125623875660569e-01,8.678010954721561529e-08,-1.504745430306407674e-07,6.810675195888853395e+00,1.414784078780164690e-02,1.415269221302657525e-02,9.697327854533249747e-01
1.561875000000004845e-08,3.712573810271419857e-07,-1.220664732350105215e-05,3.270313777783552922e+00,3.214298489356779559e-02,3.214576697429934876e-02,5.194358664967646533e-01,8.677969075240459753e-08,-1.504734950651304238e-07,6.822511050020539258e+00,1.414864801149983559e-02,1.415349964553987844e-02,9.682115560092169337e-01
1.564062500000005010e-08,3.715688915400610456e-07,-1.220736998628661009e-05,3.276797720703537475e+00,3.215664645995211512e-02,3.215942863021054726e-02,5.194590068268671867e-01,8.677927153005605546e-08,-1.504724476587217000e-07,6.834325167585506122e+00,1.414945482278519816e-02,1.415430666595084500e-02,9.666670675501565224e-01
1.566250000000005174e-08,3.718780295457892951e-07,-1.220808952470119564e-05,3.283281944934087981e+00,3.217028301747123370e-02,3.217306528809060068e-02,5.194819842863787063e-01,8.677885129486762847e-08,-1.504714003030678257e-07,6.846112457136211304e+00,1.415026122285833153e-02,1.415511327542619442e-02,9.650920094487644985e-01
1.568437500000005338e-08,3.721816533777109458e-07,-1.220880408164130790e-05,3.289766448426263423e+00,3.218389467259859249e-02,3.218667705641976157e-02,5.195047996968064075e-01,8.677842935061494752e-08,-1.504703522522216655e-07,6.857868610524548103e+00,1.415106721286646212e-02,1.415591947511107319e-02,9.634803764948748350e-01
1.570625000000005503e-08,3.724826706956520212e-07,-1.220951121012175459e-05,3.296251229107093117e+00,3.219748153356030707e-02,3.220026404299206751e-02,5.195274538182937940e-01,8.677800551953004329e-08,-1.504693030748441848e-07,6.869595390174731975e+00,1.415187279399361328e-02,1.415672526616845207e-02,9.618353205465223210e-01
1.572812500000005667e-08,3.727792177417394450e-07,-1.221021308943917721e-05,3.302736284998761374e+00,3.221104370673042588e-02,3.221382634998853217e-02,5.195499475126267308e-01,8.677757983481677938e-08,-1.504682526377270383e-07,6.881295537635545578e+00,1.415267796744142451e-02,1.415753064978102910e-02,9.601614434078280524e-01
1.575000000000005831e-08,3.730742184434102528e-07,-1.221090556132826889e-05,3.309221614120891442e+00,3.222458129677872873e-02,3.222736408410009634e-02,5.195722816105615705e-01,8.677715277031383032e-08,-1.504672007975103496e-07,6.892967290482743259e+00,1.415348273433852770e-02,1.415833562711410476e-02,9.584566202729730700e-01
1.577187500000005996e-08,3.733698454876874062e-07,-1.221159241983483464e-05,3.315707214486546039e+00,3.223809441010331428e-02,3.224087735443426778e-02,5.195944569065849006e-01,8.677672554686259438e-08,-1.504661481390114206e-07,6.904611236191141366e+00,1.415428709582196298e-02,1.415914019933997743e-02,9.567222061965612312e-01
1.579375000000006160e-08,3.736710305890729420e-07,-1.221227585474016600e-05,3.322193084158850063e+00,3.225158315292411815e-02,3.225436626332872647e-02,5.196164742353019950e-01,8.677629928610200920e-08,-1.504650955611472489e-07,6.916228549710184303e+00,1.415509105306722581e-02,1.415994436756115062e-02,9.549603956725377651e-01
1.581562500000006325e-08,3.739770661025798875e-07,-1.221295693437477275e-05,3.328679221207195393e+00,3.226504763144341648e-02,3.226783091619152277e-02,5.196383344128374659e-01,8.677587440710206217e-08,-1.504640437383087117e-07,6.927819035214951349e+00,1.415589460724064885e-02,1.416074813287000224e-02,9.531713689767807862e-01
1.583750000000006489e-08,3.742900642015714140e-07,-1.221363892142407836e-05,3.335165623719970274e+00,3.227848795153668432e-02,3.228127141730990912e-02,5.196600382545472074e-01,8.677545092876876692e-08,-1.504629936880578231e-07,6.939382692705442501e+00,1.415669775952134619e-02,1.416155149643739432e-02,9.513556078244698178e-01
1.585937500000006653e-08,3.746085271126152482e-07,-1.221432539226907176e-05,3.341652289795661979e+00,3.229190421529651994e-02,3.229468787165815091e-02,5.196815865635825427e-01,8.677502914113059856e-08,-1.504619462181665211e-07,6.950919326356743255e+00,1.415750051110833269e-02,1.416235445945807601e-02,9.495132902943923536e-01
1.588125000000006818e-08,3.749362122704046453e-07,-1.221501408471208429e-05,3.348139217547428714e+00,3.230529652489837200e-02,3.230808038293286194e-02,5.197029801367473167e-01,8.677460953834937109e-08,-1.504609011344219827e-07,6.962426586270013651e+00,1.415830286318766479e-02,1.416315702309204998e-02,9.476415544701743965e-01
1.590312500000006982e-08,3.752704095716302953e-07,-1.221570345225526018e-05,3.354626405049900395e+00,3.231866498714501545e-02,3.232144905697440646e-02,5.197242196982109208e-01,8.677419139307468985e-08,-1.504598578245811439e-07,6.973898989347772748e+00,1.415910481695911022e-02,1.416395918848566832e-02,9.457331908580548507e-01
1.592500000000007146e-08,3.756043655736480939e-07,-1.221639207511386388e-05,3.361113850321979069e+00,3.233200970910467958e-02,3.233479400351526450e-02,5.197453058794621050e-01,8.677377371710487314e-08,-1.504588155466342756e-07,6.985339864613501426e+00,1.415990637361053649e-02,1.416476095680979132e-02,9.437933806518342683e-01
1.594687500000007311e-08,3.759426391441404512e-07,-1.221707617434647339e-05,3.367601551541871352e+00,3.234533079199313627e-02,3.234811532410181156e-02,5.197662394869282387e-01,8.677335681031621289e-08,-1.504577734416838813e-07,6.996753911864971087e+00,1.416070753430291422e-02,1.416556232920047551e-02,9.418292035003416052e-01
1.596875000000007475e-08,3.762827037635962214e-07,-1.221775511992996052e-05,3.374089506862282484e+00,3.235862833804158123e-02,3.236141312268643599e-02,5.197870212726678485e-01,8.677294096144009884e-08,-1.504567313018423469e-07,7.008137802078764800e+00,1.416150830020892169e-02,1.416636330676089225e-02,9.398365257622709468e-01
1.599062500000007639e-08,3.766244494547170238e-07,-1.221843043972879792e-05,3.380577714414513490e+00,3.237190245482388096e-02,3.237468750355232405e-02,5.198076519406473750e-01,8.677252558472418415e-08,-1.504556897866756732e-07,7.019489968655689083e+00,1.416230867245644488e-02,1.416716389062680319e-02,9.378136913821278897e-01
1.601250000000007804e-08,3.769615449066489238e-07,-1.221910433532793197e-05,3.387066172343715209e+00,3.238515324620794972e-02,3.238793857277616484e-02,5.198281321900164453e-01,8.677210986038548469e-08,-1.504546502659410358e-07,7.030809040821309530e+00,1.416310865211604236e-02,1.416796408194814436e-02,9.357593612776622383e-01
1.603437500000007968e-08,3.772952755423296623e-07,-1.221978185736125619e-05,3.393554878777973460e+00,3.239838082173906314e-02,3.240116643614852909e-02,5.198484626789864338e-01,8.677169283140967481e-08,-1.504536136823039426e-07,7.042095018575623477e+00,1.416390824029335402e-02,1.416876388186812108e-02,9.336740669046217356e-01
1.605625000000008132e-08,3.776165475274624878e-07,-1.222045732802350044e-05,3.400043831889932644e+00,3.241158528750209822e-02,3.241437120010279976e-02,5.198686440977695611e-01,8.677127344640235185e-08,-1.504525788780132651e-07,7.053347314443931815e+00,1.416470743812726744e-02,1.416956329151842879e-02,9.315575720505201440e-01
1.607812500000008297e-08,3.779293931862400111e-07,-1.222112336068588219e-05,3.406533029821639857e+00,3.242476674755121607e-02,3.242755297190589442e-02,5.198886770811763647e-01,8.677085153823443912e-08,-1.504515438388553068e-07,7.064563382702472083e+00,1.416550624672757025e-02,1.417036231199817788e-02,9.294070126071816151e-01
1.610000000000008461e-08,3.782322324500793900e-07,-1.222177841173581091e-05,3.413022470715659562e+00,3.243792531283454933e-02,3.244071185831375742e-02,5.199085622455192901e-01,8.677042713382101734e-08,-1.504505076973915143e-07,7.075745964899953222e+00,1.416630466720596171e-02,1.417116094440114792e-02,9.272265844513915001e-01
1.612187500000008625e-08,3.785240161007244865e-07,-1.222242199902927001e-05,3.419512152802381078e+00,3.245106109186585847e-02,3.245384796375261338e-02,5.199283002886148086e-01,8.677000055474329329e-08,-1.504494706080660637e-07,7.086895844335998618e+00,1.416710270070467743e-02,1.417195918980991912e-02,9.250178804234889807e-01
1.614375000000008790e-08,3.788128681197058357e-07,-1.222305703929593429e-05,3.426002074268386544e+00,3.246417418810011724e-02,3.246696139581055351e-02,5.199478918396275295e-01,8.676957303980562676e-08,-1.504484328701878671e-07,7.098013608485366888e+00,1.416790034838189341e-02,1.417275704928594449e-02,9.227821632178579980e-01
1.616562500000008954e-08,3.790989039460144027e-07,-1.222368126364078960e-05,3.432492233383469316e+00,3.247726470789494280e-02,3.248005225447881533e-02,5.199673376024235294e-01,8.676914576429503120e-08,-1.504473946768310968e-07,7.109100040647671648e+00,1.416869761138202580e-02,1.417355452389083316e-02,9.205209946276742272e-01
1.618750000000009118e-08,3.793879402535868972e-07,-1.222429814803711408e-05,3.438982628377329043e+00,3.249033276290725497e-02,3.249312064689283824e-02,5.199866382185756031e-01,8.676871974224165808e-08,-1.504463566213788077e-07,7.120148091126250023e+00,1.416949449082927602e-02,1.417435161470308874e-02,9.182257955707057162e-01
1.620937500000009283e-08,3.796812798525315707e-07,-1.222490918708776703e-05,3.445473257387266397e+00,3.250337846467376418e-02,3.250616668934679099e-02,5.200057942118921916e-01,8.676829458910517545e-08,-1.504453199064746364e-07,7.131155605847066425e+00,1.417029098779517930e-02,1.417514832277457643e-02,9.158943770385729044e-01
1.623125000000009447e-08,3.799687748386326899e-07,-1.222551664231563508e-05,3.451964118620575839e+00,3.251640192206112917e-02,3.251919049608030521e-02,5.200248061658788723e-01,8.676786879317761052e-08,-1.504442848867322085e-07,7.142124934709028317e+00,1.417108710329891344e-02,1.417594464912967991e-02,9.135303567990421536e-01
1.625312500000009611e-08,3.802550702272202956e-07,-1.222611439994570462e-05,3.458455210293065463e+00,3.252940324899118718e-02,3.253219217071422892e-02,5.200436746568358748e-01,8.676744196525428559e-08,-1.504432505285504115e-07,7.153055490237447245e+00,1.417188283837397464e-02,1.417674059483529404e-02,9.111335758427142606e-01
1.627500000000009776e-08,3.805390875336998578e-07,-1.222670448236999175e-05,3.464946530624366972e+00,3.254238255473022867e-02,3.254517182841467487e-02,5.200624002495730647e-01,8.676701403225640082e-08,-1.504422160258418179e-07,7.163944726708524335e+00,1.417267819408222183e-02,1.417753616096735156e-02,9.087014425589595712e-01
1.629687500000009940e-08,3.808197377528196334e-07,-1.222728425204932766e-05,3.471438077798404631e+00,3.255533995078484927e-02,3.255812958261632833e-02,5.200809834567687862e-01,8.676658510324311421e-08,-1.504411806782628581e-07,7.174790490048246205e+00,1.417347317150635840e-02,1.417833134860120407e-02,9.062318676652566518e-01
1.631875000000010104e-08,3.811039361428145479e-07,-1.222785104767750041e-05,3.477929850011820978e+00,3.256827555456691392e-02,3.257106554626826994e-02,5.200994247899941580e-01,8.676615569909124865e-08,-1.504401439464658588e-07,7.185593759381136536e+00,1.417426777171679024e-02,1.417912615881994007e-02,9.037267127185154569e-01
1.634062500000010269e-08,3.813879406618570869e-07,-1.222840829971767855e-05,3.484421845495651926e+00,3.258118948270109783e-02,3.258397983036530332e-02,5.201177247819638305e-01,8.676572555618110900e-08,-1.504391065356877254e-07,7.196356688781291311e+00,1.417506199576656391e-02,1.417992059271506664e-02,9.011892723973884411e-01
1.636250000000010433e-08,3.816732075780816055e-07,-1.222895987201718403e-05,3.490914062519595351e+00,3.259408184490230481e-02,3.259687254612806534e-02,5.201358839900586117e-01,8.676529455715170114e-08,-1.504380694428437528e-07,7.207078886598844214e+00,1.417585584471692250e-02,1.418071465138809849e-02,8.986196629768130606e-01
1.638437500000010597e-08,3.819632938591851647e-07,-1.222950569221889986e-05,3.497406499330441676e+00,3.260695276111715002e-02,3.260974381258729266e-02,5.201539029354461663e-01,8.676486277580012211e-08,-1.504370331134797300e-07,7.217757415460149595e+00,1.417664931961691577e-02,1.418150833591827302e-02,8.960149181525705053e-01
1.640625000000010762e-08,3.822548929719967066e-07,-1.223004928765092403e-05,3.503899154156320250e+00,3.261980234337676088e-02,3.262259374489650393e-02,5.201717821084287374e-01,8.676443063505047832e-08,-1.504359980446281052e-07,7.228391100415795911e+00,1.417744242149940152e-02,1.418230164737440541e-02,8.933742377746914931e-01
1.642812500000010926e-08,3.825597021733455409e-07,-1.223059107746587911e-05,3.510392025241991565e+00,3.263263071086322520e-02,3.263542246112830642e-02,5.201895220026898636e-01,8.676399956539960584e-08,-1.504349644332422236e-07,7.238980920590323720e+00,1.417823515140521559e-02,1.418309458680168215e-02,8.906994387381438338e-01
1.645000000000011091e-08,3.828764129631978571e-07,-1.223112900069372998e-05,3.516885110861819985e+00,3.264543797589525981e-02,3.264823008214003813e-02,5.202071231283305064e-01,8.676357062983314296e-08,-1.504339317231983948e-07,7.249525701034298386e+00,1.417902751039002568e-02,1.418388715523304609e-02,8.879897822528766138e-01
1.647187500000011255e-08,3.832102436987668010e-07,-1.223166111779513567e-05,3.523378409258027588e+00,3.265822425284828356e-02,3.266101673285760204e-02,5.202245859534547767e-01,8.676314434697774305e-08,-1.504328994261592284e-07,7.260026420872275565e+00,1.417981949948426273e-02,1.418467935370709872e-02,8.852470305323992816e-01
1.649375000000011419e-08,3.835595311539370886e-07,-1.223218871783026340e-05,3.529871918750674187e+00,3.267098965281158007e-02,3.267378253080211598e-02,5.202419110068812191e-01,8.676272053533527576e-08,-1.504318671938362643e-07,7.270484450878575977e+00,1.418061111972194685e-02,1.418547118328741460e-02,8.824734298095751051e-01
1.651562500000011584e-08,3.839202667067910503e-07,-1.223270776697333255e-05,3.536365637636246895e+00,3.268373428905884531e-02,3.268652760024768483e-02,5.202590987844460946e-01,8.676229805970640151e-08,-1.504308342643227578e-07,7.280899007753654395e+00,1.418140237215878736e-02,1.418626264504751523e-02,8.796686592001348171e-01
1.653750000000011748e-08,3.842872412204473185e-07,-1.223321699190860753e-05,3.542859564240468551e+00,3.269645827923376574e-02,3.269925205545067687e-02,5.202761497972464566e-01,8.676187593548619198e-08,-1.504298006774842351e-07,7.291271462271899928e+00,1.418219325781499771e-02,1.418705374000404744e-02,8.768349351452420226e-01
1.655937500000011912e-08,3.846605220244624627e-07,-1.223372523452554342e-05,3.549353696913474465e+00,3.270916174470576282e-02,3.271195600725201880e-02,5.202930645676149268e-01,8.676145392912185555e-08,-1.504287673580656605e-07,7.301604947631749276e+00,1.418298377767734063e-02,1.418784446914223181e-02,8.739764618973290267e-01
1.658125000000012077e-08,3.850395090163683073e-07,-1.223422890261609505e-05,3.555848034073690211e+00,3.272184479992294032e-02,3.272463956685264796e-02,5.203098436670128280e-01,8.676103167154217153e-08,-1.504277343293429436e-07,7.311898093058958104e+00,1.418377393273413320e-02,1.418863483346721743e-02,8.710922470865494205e-01
1.660312500000012241e-08,3.854175836640885346e-07,-1.223472603941580345e-05,3.562342574062764555e+00,3.273450756357061675e-02,3.273730285130284356e-02,5.203264875896347341e-01,8.676060881375588075e-08,-1.504267017773301841e-07,7.322144632156378563e+00,1.418456372397365953e-02,1.418942483397194788e-02,8.681757741004167972e-01
1.662500000000012405e-08,3.858004627844861372e-07,-1.223522509776576359e-05,3.568837315180873215e+00,3.274715015087665410e-02,3.274994598423215664e-02,5.203429967849724225e-01,8.676018525199848258e-08,-1.504256710397658121e-07,7.332337906877097744e+00,1.418535315238668611e-02,1.419021447164037913e-02,8.652202105213692152e-01
1.664687500000012570e-08,3.861774604618401406e-07,-1.223572777635114892e-05,3.575332255642751367e+00,3.275977270179645379e-02,3.276256908996105777e-02,5.203593716225252130e-01,8.675976033580979224e-08,-1.504246426292453417e-07,7.342477133921571308e+00,1.418614221898814240e-02,1.419100374748666002e-02,8.622253240538418906e-01
1.666875000000012734e-08,3.865493857677443334e-07,-1.223622804737986340e-05,3.581827393754208888e+00,3.277237533920047269e-02,3.277517230054528136e-02,5.203756125389645826e-01,8.675933363489694017e-08,-1.504236157722214660e-07,7.352564075713934777e+00,1.418693092478578999e-02,1.419179266250594589e-02,8.591937681999546328e-01
1.669062500000012898e-08,3.869132591565844478e-07,-1.223672412635358516e-05,3.588322727792449207e+00,3.278495820131926280e-02,3.278775574091138956e-02,5.203917199400952542e-01,8.675890436209747805e-08,-1.504225893325585166e-07,7.362598340604421310e+00,1.418771927076673857e-02,1.419258121766681785e-02,8.561257854989298144e-01
1.671250000000013063e-08,3.872594993661221802e-07,-1.223720912142610148e-05,3.594818256076761198e+00,3.279752141206741800e-02,3.280031954511979791e-02,5.204076942580713183e-01,8.675847122055202995e-08,-1.504215619725878909e-07,7.372579732768092420e+00,1.418850725790982495e-02,1.419336941393859255e-02,8.530218594359803008e-01
1.673437500000013227e-08,3.875908453826363738e-07,-1.223768048083152894e-05,3.601313976902388081e+00,3.281006511007507342e-02,3.281286385018881979e-02,5.204235358989669491e-01,8.675803500013704360e-08,-1.504205328304911520e-07,7.382510210454054977e+00,1.418929488717756739e-02,1.419415725227458555e-02,8.498847712347928907e-01
1.675625000000013391e-08,3.879210558815803615e-07,-1.223813815397920524e-05,3.607809888654567754e+00,3.282258942179883121e-02,3.282538877975280101e-02,5.204392453319144352e-01,8.675759824815399777e-08,-1.504195020990186409e-07,7.392393885985416802e+00,1.419008215953973008e-02,1.419494473360892635e-02,8.467196344030151200e-01
1.677812500000013556e-08,3.882530289061237373e-07,-1.223858645618616007e-05,3.614305989742264469e+00,3.283509446052163688e-02,3.283789446366293385e-02,5.204548230368174488e-01,8.675716223987972332e-08,-1.504184700988196562e-07,7.402231346836860126e+00,1.419086907596068224e-02,1.419573185888750415e-02,8.435277045387336026e-01
1.680000000000013720e-08,3.885843916799753882e-07,-1.223902039692401884e-05,3.620802278584982492e+00,3.284758034874817739e-02,3.285038103016330729e-02,5.204702694940965824e-01,8.675672671283756961e-08,-1.504174372172929220e-07,7.412020243109534334e+00,1.419165563739798255e-02,1.419651862907575328e-02,8.403070927445981386e-01
1.682187500000013884e-08,3.889141789960711155e-07,-1.223945102044319228e-05,3.627298753560055378e+00,3.286004721981213017e-02,3.286284860252706302e-02,5.204855851459941896e-01,8.675629103237482634e-08,-1.504164051881984936e-07,7.421757049955108876e+00,1.419244184480600995e-02,1.419730504511491735e-02,8.370546875273323639e-01
1.684375000000014049e-08,3.892382807635502975e-07,-1.223988506289392610e-05,3.633795413029129229e+00,3.287249520400922081e-02,3.287529731007356182e-02,5.205007704172825989e-01,8.675585441338217362e-08,-1.504153749937584766e-07,7.431442942323041478e+00,1.419322769912211360e-02,1.419809110792592463e-02,8.337723573537945132e-01
1.686562500000014213e-08,3.895558988516748449e-07,-1.224031146724125163e-05,3.640292255416966327e+00,3.288492443163543166e-02,3.288772727454365719e-02,5.205158257718950354e-01,8.675541724197845550e-08,-1.504143451962117083e-07,7.441077528563532439e+00,1.419401320127205816e-02,1.419887681843942304e-02,8.304603597249291536e-01
1.688750000000014377e-08,3.898792451597599516e-07,-1.224072596584072385e-05,3.646789279097016667e+00,3.289733504497761168e-02,3.290013862265214056e-02,5.205307516321645567e-01,8.675498091234046320e-08,-1.504133141966836038e-07,7.450658850427432256e+00,1.419479835217521933e-02,1.419966217760267740e-02,8.271172932632856467e-01
1.690937500000014542e-08,3.902046360414445500e-07,-1.224112605554287079e-05,3.653286482471006735e+00,3.290972717744208159e-02,3.291253148365519410e-02,5.205455484345238304e-01,8.675454568615809932e-08,-1.504122815091527196e-07,7.460188474514053425e+00,1.419558315274396451e-02,1.420044718637655627e-02,8.237454100136859525e-01
1.693125000000014706e-08,3.905314862435742576e-07,-1.224151429258540839e-05,3.659783863968314677e+00,3.292210096399895286e-02,3.292490598817526815e-02,5.205602166291665167e-01,8.675411106110502576e-08,-1.504112474513706809e-07,7.469666792473253381e+00,1.419636760387183935e-02,1.420123184568579909e-02,8.203457643289977508e-01
1.695312500000014870e-08,3.908575988081077757e-07,-1.224189151714823848e-05,3.666281422019574077e+00,3.293445653237880855e-02,3.293726227542664864e-02,5.205747566622653810e-01,8.675367711852607809e-08,-1.504102123371135639e-07,7.479092433530674100e+00,1.419715170643785079e-02,1.420201615641375134e-02,8.169176295834944534e-01
1.697500000000015035e-08,3.911882735880145929e-07,-1.224225658281296520e-05,3.672779155043514265e+00,3.294679401412897723e-02,3.294960048157256211e-02,5.205891689678302514e-01,8.675324439055136186e-08,-1.504091764132944637e-07,7.488465985161072425e+00,1.419793546132169793e-02,1.420280011943904352e-02,8.134622249710957709e-01
1.699687500000015199e-08,3.915218085247429941e-07,-1.224261509891078301e-05,3.679277061504049762e+00,3.295911353235304181e-02,3.296192073776146175e-02,5.206034540043167347e-01,8.675281272809454185e-08,-1.504081403863188737e-07,7.497782943391491095e+00,1.419871886940941505e-02,1.420358373564699350e-02,8.099757139854319998e-01
1.701875000000015363e-08,3.918535739698676493e-07,-1.224296918870031579e-05,3.685775139738936890e+00,3.297141523296016896e-02,3.297422319374438554e-02,5.206176121472102514e-01,8.675238070501066521e-08,-1.504071043551792698e-07,7.507041937447597846e+00,1.419950193158801312e-02,1.420436700592234494e-02,8.064573480205031730e-01
1.704062500000015528e-08,3.921742173904688427e-07,-1.224331240687502194e-05,3.692273388201543494e+00,3.298369925026097688e-02,3.298650798075492691e-02,5.206316438400020452e-01,8.675194724217957187e-08,-1.504060674510101657e-07,7.516246492177764971e+00,1.420028464873985576e-02,1.420514993115040703e-02,8.029112551368479123e-01
1.706250000000015692e-08,3.924911300967973492e-07,-1.224364470745082105e-05,3.698771805328866957e+00,3.299596573010375733e-02,3.299877522852891903e-02,5.206455495126539601e-01,8.675151324668660833e-08,-1.504050291661217445e-07,7.525396607582012010e+00,1.420106702171471461e-02,1.420593251221276797e-02,7.993380770755825759e-01
1.708437500000015857e-08,3.928097611469777011e-07,-1.224396633413143671e-05,3.705270389593886993e+00,3.300821479989408946e-02,3.301102507675257591e-02,5.206593296133114057e-01,8.675107991583027589e-08,-1.504039895308629057e-07,7.534491892010528602e+00,1.420184905137721228e-02,1.420671474998869317e-02,7.957380797182632692e-01
1.710625000000016021e-08,3.931270731247576271e-07,-1.224427837593192665e-05,3.711769139444251575e+00,3.302044659435114660e-02,3.302325767434054204e-02,5.206729845722218863e-01,8.675064643221417193e-08,-1.504029489117419202e-07,7.543530974688930968e+00,1.420263073861691670e-02,1.420749664535742550e-02,7.921105772888789032e-01
1.712812500000016185e-08,3.934308421882388651e-07,-1.224458599754641965e-05,3.718268053341544643e+00,3.303266125114075885e-02,3.303547314601314178e-02,5.206865148249595343e-01,8.675021089732444325e-08,-1.504019082153754475e-07,7.552516205516210057e+00,1.420341208431333616e-02,1.420827819919460132e-02,7.884584629803648159e-01
1.715000000000016350e-08,3.937203179339341266e-07,-1.224489429255507203e-05,3.724767129805196308e+00,3.304485891216077387e-02,3.304767161481440840e-02,5.206999208364390119e-01,8.674977243197729981e-08,-1.504008684457795920e-07,7.561449346916534253e+00,1.420419308933010098e-02,1.420905941236840810e-02,7.847840384247144474e-01
1.717187500000016514e-08,3.939962550885534052e-07,-1.224520627056978992e-05,3.731266367355309033e+00,3.305703971713840755e-02,3.305985320860607701e-02,5.207132030690141411e-01,8.674933168285289625e-08,-1.503998301680636076e-07,7.570329615590228656e+00,1.420497375450767950e-02,1.420984028571459223e-02,7.810871664374907652e-01
1.719375000000016678e-08,3.942680291797755894e-07,-1.224552150311661746e-05,3.737765764512362310e+00,3.306920380833711787e-02,3.307201806307680236e-02,5.207263619825721612e-01,8.674888948840087735e-08,-1.503987932339029462e-07,7.579155640762965440e+00,1.420575408067790632e-02,1.421062082005913017e-02,7.773671649497067015e-01
1.721562500000016843e-08,3.945288324486403953e-07,-1.224583698443899181e-05,3.744265319784264356e+00,3.308135131933957751e-02,3.308416632335704072e-02,5.207393980282554180e-01,8.674844534249020504e-08,-1.503977574299897507e-07,7.587925464185665270e+00,1.420653406868603065e-02,1.421140101625404176e-02,7.736228360137201721e-01
1.723750000000017007e-08,3.947745162158769387e-07,-1.224615731853178351e-05,3.750765031666319693e+00,3.309348238098721445e-02,3.309629814221762972e-02,5.207523116489788384e-01,8.674799836972758819e-08,-1.503967228504606686e-07,7.596637323434171307e+00,1.420731371938492756e-02,1.421218087515842624e-02,7.698532338637377181e-01
1.725937500000017171e-08,3.950069068977339980e-07,-1.224647854936714006e-05,3.757264898644970152e+00,3.310559715444398587e-02,3.310841366083002585e-02,5.207651032825562076e-01,8.674754955024636231e-08,-1.503956895160079210e-07,7.605291218508489770e+00,1.420809303361863715e-02,1.421296039760685387e-02,7.660590187058912148e-01
1.728125000000017336e-08,3.952425823978537907e-07,-1.224680389233161799e-05,3.763764919233812734e+00,3.311769578947466180e-02,3.312051302123441426e-02,5.207777733784483276e-01,8.674710098646177803e-08,-1.503946576218999453e-07,7.613884016210054284e+00,1.420887201222685234e-02,1.421373958441212240e-02,7.622379736622867386e-01
1.730312500000017500e-08,3.954810630306282181e-07,-1.224713247618129691e-05,3.770265091867706975e+00,3.312977844249492820e-02,3.313259637743693614e-02,5.207903223489813715e-01,8.674665334383785879e-08,-1.503936272233305202e-07,7.622415912363773138e+00,1.420965065602467978e-02,1.421451843638639120e-02,7.583908607557409143e-01
1.732500000000017664e-08,3.957191335786009840e-07,-1.224746333844966591e-05,3.776765415083369604e+00,3.314184525187376801e-02,3.314466387419606058e-02,5.208027506518563277e-01,8.674620601484403485e-08,-1.503925985138947961e-07,7.630886906969675643e+00,1.421042896582359015e-02,1.421529695434677748e-02,7.545183368171620719e-01
1.734687500000017829e-08,3.959561264392211354e-07,-1.224780213509421345e-05,3.783265887334056998e+00,3.315389636863611683e-02,3.315671567687907689e-02,5.208150587079983795e-01,8.674575888316621833e-08,-1.503915717270027603e-07,7.639292691879790098e+00,1.421120694243546353e-02,1.421607513909121760e-02,7.506171905899317043e-01
1.736875000000017993e-08,3.961967408263977363e-07,-1.224814086784850573e-05,3.789766507078076607e+00,3.316593195176762571e-02,3.316875194125046278e-02,5.208272469406204364e-01,8.674531277693207080e-08,-1.503905466081937774e-07,7.647634637868509166e+00,1.421198458666527928e-02,1.421685299141783702e-02,7.466892594603059541e-01
1.739062500000018157e-08,3.964468743911443790e-07,-1.224848415991747003e-05,3.796267272817966720e+00,3.317795214940348625e-02,3.318077282506127351e-02,5.208393157923167927e-01,8.674486860267979519e-08,-1.503895223773276861e-07,7.655915486484556887e+00,1.421276189933206278e-02,1.421763051215302158e-02,7.427375785895222737e-01
1.741250000000018322e-08,3.967050732158429782e-07,-1.224881621822016727e-05,3.802768183091617349e+00,3.318995711136972504e-02,3.319277847925578701e-02,5.208512657200455864e-01,8.674442641151373473e-08,-1.503884968277991144e-07,7.664140329175565647e+00,1.421353888123965716e-02,1.421840770212596389e-02,7.387671617105469046e-01
1.743437500000018486e-08,3.969687636211149134e-07,-1.224912722154619535e-05,3.809269236533632697e+00,3.320194697565127806e-02,3.320476904058291406e-02,5.208630972181935714e-01,8.674398647499343314e-08,-1.503874678880172802e-07,7.672311320015572811e+00,1.421431553318049795e-02,1.421918456214705390e-02,7.347804757724661906e-01
1.745625000000018650e-08,3.972474650031099902e-07,-1.224941840938459547e-05,3.815770431747382840e+00,3.321392188417444935e-02,3.321674464810520783e-02,5.208748107690638340e-01,8.674354996753715248e-08,-1.503864351320945206e-07,7.680422388432337932e+00,1.421509185594068553e-02,1.421996109299640716e-02,7.307729485517899803e-01
1.747812500000018815e-08,3.975405696652935557e-07,-1.224968913179855076e-05,3.822271767248081709e+00,3.322588197740407312e-02,3.322870547073970143e-02,5.208864068234169142e-01,8.674333273609502833e-08,-1.503859178173214112e-07,7.684461864997894409e+00,1.421547993512189099e-02,1.422034927622346442e-02,7.287631359786903573e-01
