time_s,mean_x_m,mean_y_m,mean_z_m,rms_x_m,rms_y_m,rms_z_m,mean_px_beta_gamma,mean_py_beta_gamma,mean_pz_beta_gamma,rms_px_beta_gamma,rms_py_beta_gamma,rms_pz_beta_gamma
0.000000000000000000e+00,0.000000000000000000e+00,0.000000000000000000e+00,0.000000000000000000e+00,0.000000000000000000e+00,0.000000000000000000e+00,0.000000000000000000e+00,0.000000000000000000e+00,0.000000000000000000e+00,1.988011757213356823e-01,0.000000000000000000e+00,0.000000000000000000e+00,0.000000000000000000e+00
1.751751751751752012e-11,0.000000000000000000e+00,0.000000000000000000e+00,1.023989229633745068e-03,0.000000000000000000e+00,0.000000000000000000e+00,0.000000000000000000e+00,0.000000000000000000e+00,0.000000000000000000e+00,1.988011757213356823e-01,0.000000000000000000e+00,0.000000000000000000e+00,0.000000000000000000e+00
3.503503503503504023e-11,0.000000000000000000e+00,0.000000000000000000e+00,2.047978459267490135e-03,0.000000000000000000e+00,0.000000000000000000e+00,0.000000000000000000e+00,0.000000000000000000e+00,0.000000000000000000e+00,1.988011757213356823e-01,0.000000000000000000e+00,0.000000000000000000e+00,0.000000000000000000e+00
5.255255255255256035e-11,0.000000000000000000e+00,0.000000000000000000e+00,3.071967688901235637e-03,0.000000000000000000e+00,0.000000000000000000e+00,0.000000000000000000e+00,0.000000000000000000e+00,0.000000000000000000e+00,1.988011757213356823e-01,0.000000000000000000e+00,0.000000000000000000e+00,0.000000000000000000e+00
7.007007007007008046e-11,0.000000000000000000e+00,0.000000000000000000e+00,4.095956918534980271e-03,0.000000000000000000e+00,0.000000000000000000e+00,0.000000000000000000e+00,0.000000000000000000e+00,0.000000000000000000e+00,1.988011757213356823e-01,0.000000000000000000e+00,0.000000000000000000e+00,0.000000000000000000e+00
8.758758758758760704e-11,0.000000000000000000e+00,0.000000000000000000e+00,5.119946148168725772e-03,0.000000000000000000e+00,0.000000000000000000e+00,0.000000000000000000e+00,0.000000000000000000e+00,0.000000000000000000e+00,1.988011757213356823e-01,0.000000000000000000e+00,0.000000000000000000e+00,0.000000000000000000e+00
1.051051051051051207e-10,0.000000000000000000e+00,0.000000000000000000e+00,6.143935377802471273e-03,0.000000000000000000e+00,0.000000000000000000e+00,0.000000000000000000e+00,0.000000000000000000e+00,0.000000000000000000e+00,1.988011757213356823e-01,0.000000000000000000e+00,0.000000000000000000e+00,0.000000000000000000e+00
1.226226226226226343e-10,0.000000000000000000e+00,0.000000000000000000e+00,7.167924607436215907e-03,0.000000000000000000e+00,0.000000000000000000e+00,0.000000000000000000e+00,0.000000000000000000e+00,0.000000000000000000e+00,1.988011757213356823e-01,0.000000000000000000e+00,0.000000000000000000e+00,0.000000000000000000e+00
1.401401401401401609e-10,0.000000000000000000e+00,0.000000000000000000e+00,8.191913837069960541e-03,0.000000000000000000e+00,0.000000000000000000e+00,0.000000000000000000e+00,0.000000000000000000e+00,0.000000000000000000e+00,1.988011757213356823e-01,0.000000000000000000e+00,0.000000000000000000e+00,0.000000000000000000e+00
1.576576576576576875e-10,0.000000000000000000e+00,0.000000000000000000e+00,9.215903066703706042e-03,0.000000000000000000e+00,0.000000000000000000e+00,0.000000000000000000e+00,0.000000000000000000e+00,0.000000000000000000e+00,1.988011757213356823e-01,0.000000000000000000e+00,0.000000000000000000e+00,0.000000000000000000e+00
1.751751751751752141e-10,0.000000000000000000e+00,0.000000000000000000e+00,1.023989229633745154e-02,0.000000000000000000e+00,0.000000000000000000e+00,0.000000000000000000e+00,0.000000000000000000e+00,0.000000000000000000e+00,1.988011757213356823e-01,0.000000000000000000e+00,0.000000000000000000e+00,0.000000000000000000e+00
1.926926926926927148e-10,0.000000000000000000e+00,0.000000000000000000e+00,1.126388152597119705e-02,0.000000000000000000e+00,0.000000000000000000e+00,0.000000000000000000e+00,0.000000000000000000e+00,0.000000000000000000e+00,1.988011757213356823e-01,0.000000000000000000e+00,0.000000000000000000e+00,0.000000000000000000e+00
2.102102102102102414e-10,0.000000000000000000e+00,0.000000000000000000e+00,1.228787075560494255e-02,0.000000000000000000e+00,0.000000000000000000e+00,0.000000000000000000e+00,0.000000000000000000e+00,0.000000000000000000e+00,1.988011757213356823e-01,0.000000000000000000e+00,0.000000000000000000e+00,0.000000000000000000e+00
2.277277277277277680e-10,0.000000000000000000e+00,0.000000000000000000e+00,1.331185998523868805e-02,0.000000000000000000e+00,0.000000000000000000e+00,0.000000000000000000e+00,0.000000000000000000e+00,0.000000000000000000e+00,1.988011757213356823e-01,0.000000000000000000e+00,0.000000000000000000e+00,0.000000000000000000e+00
2.452452452452452687e-10,0.000000000000000000e+00,0.000000000000000000e+00,1.433584921487243181e-02,0.000000000000000000e+00,0.000000000000000000e+00,0.000000000000000000e+00,0.000000000000000000e+00,0.000000000000000000e+00,1.988011757213356823e-01,0.000000000000000000e+00,0.000000000000000000e+00,0.000000000000000000e+00
2.627627627627627953e-10,0.000000000000000000e+00,0.000000000000000000e+00,1.535983844450617732e-02,0.000000000000000000e+00,0.000000000000000000e+00,0.000000000000000000e+00,0.000000000000000000e+00,0.000000000000000000e+00,1.988011757213356823e-01,0.000000000000000000e+00,0.000000000000000000e+00,0.000000000000000000e+00
2.802802802802803219e-10,0.000000000000000000e+00,0.000000000000000000e+00,1.638382767413992108e-02,0.000000000000000000e+00,0.000000000000000000e+00,0.000000000000000000e+00,0.000000000000000000e+00,0.000000000000000000e+00,1.988011757213356823e-01,0.000000000000000000e+00,0.000000000000000000e+00,0.000000000000000000e+00
2.977977977977978484e-10,0.000000000000000000e+00,0.000000000000000000e+00,1.740781690377366658e-02,0.000000000000000000e+00,0.000000000000000000e+00,0.000000000000000000e+00,0.000000000000000000e+00,0.000000000000000000e+00,1.988011757213356823e-01,0.000000000000000000e+00,0.000000000000000000e+00,0.000000000000000000e+00
3.153153153153153750e-10,0.000000000000000000e+00,0.000000000000000000e+00,1.843180613340741208e-02,0.000000000000000000e+00,0.000000000000000000e+00,0.000000000000000000e+00,0.000000000000000000e+00,0.000000000000000000e+00,1.988011757213356823e-01,0.000000000000000000e+00,0.000000000000000000e+00,0.000000000000000000e+00
3.328328328328329016e-10,0.000000000000000000e+00,0.000000000000000000e+00,1.945579536304115759e-02,0.000000000000000000e+00,0.000000000000000000e+00,0.000000000000000000e+00,0.000000000000000000e+00,0.000000000000000000e+00,1.988011757213356823e-01,0.000000000000000000e+00,0.000000000000000000e+00,0.000000000000000000e+00
3.503503503503504282e-10,0.000000000000000000e+00,0.000000000000000000e+00,2.047978459267490309e-02,0.000000000000000000e+00,0.000000000000000000e+00,0.000000000000000000e+00,0.000000000000000000e+00,0.000000000000000000e+00,1.988011757213356823e-01,0.000000000000000000e+00,0.000000000000000000e+00,0.000000000000000000e+00
3.678678678678679030e-10,0.000000000000000000e+00,0.000000000000000000e+00,2.150377382230864859e-02,0.000000000000000000e+00,0.000000000000000000e+00,0.000000000000000000e+00,0.000000000000000000e+00,0.000000000000000000e+00,1.988011757213356823e-01,0.000000000000000000e+00,0.000000000000000000e+00,0.000000000000000000e+00
3.853853853853854296e-10,0.000000000000000000e+00,0.000000000000000000e+00,2.252776305194239409e-02,0.000000000000000000e+00,0.000000000000000000e+00,0.000000000000000000e+00,0.000000000000000000e+00,0.000000000000000000e+00,1.988011757213356823e-01,0.000000000000000000e+00,0.000000000000000000e+00,0.000000000000000000e+00
4.029029029029029562e-10,0.000000000000000000e+00,0.000000000000000000e+00,2.355175228157613959e-02,0.000000000000000000e+00,0.000000000000000000e+00,0.000000000000000000e+00,0.000000000000000000e+00,0.000000000000000000e+00,1.988011757213356823e-01,0.000000000000000000e+00,0.000000000000000000e+00,0.000000000000000000e+00
4.204204204204204828e-10,0.000000000000000000e+00,0.000000000000000000e+00,2.457574151120988509e-02,0.000000000000000000e+00,0.000000000000000000e+00,0.000000000000000000e+00,0.000000000000000000e+00,0.000000000000000000e+00,1.988011757213356823e-01,0.000000000000000000e+00,0.000000000000000000e+00,0.000000000000000000e+00
4.379379379379380094e-10,0.000000000000000000e+00,0.000000000000000000e+00,2.559973074084363059e-02,0.000000000000000000e+00,0.000000000000000000e+00,0.000000000000000000e+00,0.000000000000000000e+00,0.000000000000000000e+00,1.988011757213356823e-01,0.000000000000000000e+00,0.000000000000000000e+00,0.000000000000000000e+00
4.554554554554555359e-10,0.000000000000000000e+00,0.000000000000000000e+00,2.662371997047737610e-02,0.000000000000000000e+00,0.000000000000000000e+00,0.000000000000000000e+00,0.000000000000000000e+00,0.000000000000000000e+00,1.988011757213356823e-01,0.000000000000000000e+00,0.000000000000000000e+00,0.000000000000000000e+00
4.729729729729730108e-10,0.000000000000000000e+00,0.000000000000000000e+00,2.764770920011111813e-02,0.000000000000000000e+00,0.000000000000000000e+00,0.000000000000000000e+00,0.000000000000000000e+00,0.000000000000000000e+00,1.988011757213356823e-01,0.000000000000000000e+00,0.000000000000000000e+00,0.000000000000000000e+00
4.904904904904905374e-10,0.000000000000000000e+00,0.000000000000000000e+00,2.867169842974486363e-02,0.000000000000000000e+00,0.000000000000000000e+00,0.000000000000000000e+00,0.000000000000000000e+00,0.000000000000000000e+00,1.988011757213356823e-01,0.000000000000000000e+00,0.000000000000000000e+00,0.000000000000000000e+00
5.080080080080080640e-10,0.000000000000000000e+00,0.000000000000000000e+00,2.969568765937860913e-02,0.000000000000000000e+00,0.000000000000000000e+00,0.000000000000000000e+00,0.000000000000000000e+00,0.000000000000000000e+00,1.988011757213356823e-01,0.000000000000000000e+00,0.000000000000000000e+00,0.000000000000000000e+00
5.255255255255255905e-10,0.000000000000000000e+00,0.000000000000000000e+00,3.071967688901235463e-02,0.000000000000000000e+00,0.000000000000000000e+00,0.000000000000000000e+00,0.000000000000000000e+00,0.000000000000000000e+00,1.988011757213356823e-01,0.000000000000000000e+00,0.000000000000000000e+00,0.000000000000000000e+00
5.430430430430431171e-10,0.000000000000000000e+00,0.000000000000000000e+00,3.174366611864609666e-02,0.000000000000000000e+00,0.000000000000000000e+00,0.000000000000000000e+00,0.000000000000000000e+00,0.000000000000000000e+00,1.988011757213356823e-01,0.000000000000000000e+00,0.000000000000000000e+00,0.000000000000000000e+00
5.605605605605606437e-10,0.000000000000000000e+00,0.000000000000000000e+00,3.276765534827984216e-02,0.000000000000000000e+00,0.000000000000000000e+00,0.000000000000000000e+00,0.000000000000000000e+00,0.000000000000000000e+00,1.988011757213356823e-01,0.000000000000000000e+00,0.000000000000000000e+00,0.000000000000000000e+00
5.780780780780781703e-10,0.000000000000000000e+00,0.000000000000000000e+00,3.379164457791358767e-02,0.000000000000000000e+00,0.000000000000000000e+00,0.000000000000000000e+00,0.000000000000000000e+00,0.000000000000000000e+00,1.988011757213356823e-01,0.000000000000000000e+00,0.000000000000000000e+00,0.000000000000000000e+00
5.955955955955956969e-10,0.000000000000000000e+00,0.000000000000000000e+00,3.481563380754733317e-02,0.000000000000000000e+00,0.000000000000000000e+00,0.000000000000000000e+00,0.000000000000000000e+00,0.000000000000000000e+00,1.988011757213356823e-01,0.000000000000000000e+00,0.000000000000000000e+00,0.000000000000000000e+00
6.131131131131132234e-10,0.000000000000000000e+00,0.000000000000000000e+00,3.583962303718107867e-02,0.000000000000000000e+00,0.000000000000000000e+00,0.000000000000000000e+00,0.000000000000000000e+00,0.000000000000000000e+00,1.988011757213356823e-01,0.000000000000000000e+00,0.000000000000000000e+00,0.000000000000000000e+00
6.306306306306307500e-10,0.000000000000000000e+00,0.000000000000000000e+00,3.686361226681482417e-02,0.000000000000000000e+00,0.000000000000000000e+00,0.000000000000000000e+00,0.000000000000000000e+00,0.000000000000000000e+00,1.988011757213356823e-01,0.000000000000000000e+00,0.000000000000000000e+00,0.000000000000000000e+00
6.481481481481482766e-10,0.000000000000000000e+00,0.000000000000000000e+00,3.788760149644856967e-02,0.000000000000000000e+00,0.000000000000000000e+00,0.000000000000000000e+00,0.000000000000000000e+00,0.000000000000000000e+00,1.988011757213356823e-01,0.000000000000000000e+00,0.000000000000000000e+00,0.000000000000000000e+00
6.656656656656658032e-10,0.000000000000000000e+00,0.000000000000000000e+00,3.891159072608231517e-02,0.000000000000000000e+00,0.000000000000000000e+00,0.000000000000000000e+00,0.000000000000000000e+00,0.000000000000000000e+00,1.988011757213356823e-01,0.000000000000000000e+00,0.000000000000000000e+00,0.000000000000000000e+00
6.831831831831833298e-10,0.000000000000000000e+00,0.000000000000000000e+00,3.993557995571606067e-02,0.000000000000000000e+00,0.000000000000000000e+00,0.000000000000000000e+00,0.000000000000000000e+00,0.000000000000000000e+00,1.988011757213356823e-01,0.000000000000000000e+00,0.000000000000000000e+00,0.000000000000000000e+00
7.007007007007008563e-10,0.000000000000000000e+00,0.000000000000000000e+00,4.095956918534980618e-02,0.000000000000000000e+00,0.000000000000000000e+00,0.000000000000000000e+00,0.000000000000000000e+00,0.000000000000000000e+00,1.988011757213356823e-01,0.000000000000000000e+00,0.000000000000000000e+00,0.000000000000000000e+00
7.182182182182182795e-10,0.000000000000000000e+00,0.000000000000000000e+00,4.198355841498355168e-02,0.000000000000000000e+00,0.000000000000000000e+00,0.000000000000000000e+00,0.000000000000000000e+00,0.000000000000000000e+00,1.988011757213356823e-01,0.000000000000000000e+00,0.000000000000000000e+00,0.000000000000000000e+00
7.357357357357358061e-10,0.000000000000000000e+00,0.000000000000000000e+00,4.300754764461729718e-02,0.000000000000000000e+00,0.000000000000000000e+00,0.000000000000000000e+00,0.000000000000000000e+00,0.000000000000000000e+00,1.988011757213356823e-01,0.000000000000000000e+00,0.000000000000000000e+00,0.000000000000000000e+00
7.532532532532533327e-10,0.000000000000000000e+00,0.000000000000000000e+00,4.403153687425104268e-02,0.000000000000000000e+00,0.000000000000000000e+00,0.000000000000000000e+00,0.000000000000000000e+00,0.000000000000000000e+00,1.988011757213356823e-01,0.000000000000000000e+00,0.000000000000000000e+00,0.000000000000000000e+00
7.707707707707708592e-10,0.000000000000000000e+00,0.000000000000000000e+00,4.505552610388478818e-02,0.000000000000000000e+00,0.000000000000000000e+00,0.000000000000000000e+00,0.000000000000000000e+00,0.000000000000000000e+00,1.988011757213356823e-01,0.000000000000000000e+00,0.000000000000000000e+00,0.000000000000000000e+00
7.882882882882883858e-10,0.000000000000000000e+00,0.000000000000000000e+00,4.607951533351853368e-02,0.000000000000000000e+00,0.000000000000000000e+00,0.000000000000000000e+00,0.000000000000000000e+00,0.000000000000000000e+00,1.988011757213356823e-01,0.000000000000000000e+00,0.000000000000000000e+00,0.000000000000000000e+00
8.058058058058059124e-10,0.000000000000000000e+00,0.000000000000000000e+00,4.710350456315227918e-02,0.000000000000000000e+00,0.000000000000000000e+00,0.000000000000000000e+00,0.000000000000000000e+00,0.000000000000000000e+00,1.988011757213356823e-01,0.000000000000000000e+00,0.000000000000000000e+00,0.000000000000000000e+00
8.233233233233234390e-10,0.000000000000000000e+00,0.000000000000000000e+00,4.812749379278602468e-02,0.000000000000000000e+00,0.000000000000000000e+00,0.000000000000000000e+00,0.000000000000000000e+00,0.000000000000000000e+00,1.988011757213356823e-01,0.000000000000000000e+00,0.000000000000000000e+00,0.000000000000000000e+00
8.408408408408409656e-10,0.000000000000000000e+00,0.000000000000000000e+00,4.915148302241977019e-02,0.000000000000000000e+00,0.000000000000000000e+00,0.000000000000000000e+00,0.000000000000000000e+00,0.000000000000000000e+00,1.988011757213356823e-01,0.000000000000000000e+00,0.000000000000000000e+00,0.000000000000000000e+00
8.583583583583584921e-10,0.000000000000000000e+00,0.000000000000000000e+00,5.017547225205351569e-02,0.000000000000000000e+00,0.000000000000000000e+00,0.000000000000000000e+00,0.000000000000000000e+00,0.000000000000000000e+00,1.988011757213356823e-01,0.000000000000000000e+00,0.000000000000000000e+00,0.000000000000000000e+00
8.758758758758760187e-10,0.000000000000000000e+00,0.000000000000000000e+00,5.119946148168726119e-02,0.000000000000000000e+00,0.000000000000000000e+00,0.000000000000000000e+00,0.000000000000000000e+00,0.000000000000000000e+00,1.988011757213356823e-01,0.000000000000000000e+00,0.000000000000000000e+00,0.000000000000000000e+00
8.933933933933935453e-10,0.000000000000000000e+00,0.000000000000000000e+00,5.222345071132100669e-02,0.000000000000000000e+00,0.000000000000000000e+00,0.000000000000000000e+00,0.000000000000000000e+00,0.000000000000000000e+00,1.988011757213356823e-01,0.000000000000000000e+00,0.000000000000000000e+00,0.000000000000000000e+00
9.109109109109110719e-10,0.000000000000000000e+00,0.000000000000000000e+00,5.324743994095475219e-02,0.000000000000000000e+00,0.000000000000000000e+00,0.000000000000000000e+00,0.000000000000000000e+00,0.000000000000000000e+00,1.988011757213356823e-01,0.000000000000000000e+00,0.000000000000000000e+00,0.000000000000000000e+00
9.284284284284285984e-10,0.000000000000000000e+00,0.000000000000000000e+00,5.427142917058849769e-02,0.000000000000000000e+00,0.000000000000000000e+00,0.000000000000000000e+00,0.000000000000000000e+00,0.000000000000000000e+00,1.988011757213356823e-01,0.000000000000000000e+00,0.000000000000000000e+00,0.000000000000000000e+00
9.459459459459460216e-10,0.000000000000000000e+00,0.000000000000000000e+00,5.529541840022223625e-02,0.000000000000000000e+00,0.000000000000000000e+00,0.000000000000000000e+00,0.000000000000000000e+00,0.000000000000000000e+00,1.988011757213356823e-01,0.000000000000000000e+00,0.000000000000000000e+00,0.000000000000000000e+00
9.634634634634635482e-10,0.000000000000000000e+00,0.000000000000000000e+00,5.631940762985598176e-02,0.000000000000000000e+00,0.000000000000000000e+00,0.000000000000000000e+00,0.000000000000000000e+00,0.000000000000000000e+00,1.988011757213356823e-01,0.000000000000000000e+00,0.000000000000000000e+00,0.000000000000000000e+00
9.809809809809810748e-10,0.000000000000000000e+00,0.000000000000000000e+00,5.734339685948972726e-02,0.000000000000000000e+00,0.000000000000000000e+00,0.000000000000000000e+00,0.000000000000000000e+00,0.000000000000000000e+00,1.988011757213356823e-01,0.000000000000000000e+00,0.000000000000000000e+00,0.000000000000000000e+00
9.984984984984986014e-10,0.000000000000000000e+00,0.000000000000000000e+00,5.836738608912347276e-02,0.000000000000000000e+00,0.000000000000000000e+00,0.000000000000000000e+00,0.000000000000000000e+00,0.000000000000000000e+00,1.988011757213356823e-01,0.000000000000000000e+00,0.000000000000000000e+00,0.000000000000000000e+00
1.016016016016016128e-09,0.000000000000000000e+00,0.000000000000000000e+00,5.939137531875721826e-02,0.000000000000000000e+00,0.000000000000000000e+00,0.000000000000000000e+00,0.000000000000000000e+00,0.000000000000000000e+00,1.988011757213356823e-01,0.000000000000000000e+00,0.000000000000000000e+00,0.000000000000000000e+00
1.033533533533533655e-09,0.000000000000000000e+00,0.000000000000000000e+00,6.041536454839096376e-02,0.000000000000000000e+00,0.000000000000000000e+00,0.000000000000000000e+00,0.000000000000000000e+00,0.000000000000000000e+00,1.988011757213356823e-01,0.000000000000000000e+00,0.000000000000000000e+00,0.000000000000000000e+00
1.051051051051051181e-09,0.000000000000000000e+00,0.000000000000000000e+00,6.143935377802470926e-02,0.000000000000000000e+00,0.000000000000000000e+00,0.000000000000000000e+00,0.000000000000000000e+00,0.000000000000000000e+00,1.988011757213356823e-01,0.000000000000000000e+00,0.000000000000000000e+00,0.000000000000000000e+00
1.068568568568568708e-09,0.000000000000000000e+00,0.000000000000000000e+00,6.246334300765845476e-02,0.000000000000000000e+00,0.000000000000000000e+00,0.000000000000000000e+00,0.000000000000000000e+00,0.000000000000000000e+00,1.988011757213356823e-01,0.000000000000000000e+00,0.000000000000000000e+00,0.000000000000000000e+00
1.086086086086086234e-09,0.000000000000000000e+00,0.000000000000000000e+00,6.348733223729219333e-02,0.000000000000000000e+00,0.000000000000000000e+00,0.000000000000000000e+00,0.000000000000000000e+00,0.000000000000000000e+00,1.988011757213356823e-01,0.000000000000000000e+00,0.000000000000000000e+00,0.000000000000000000e+00
1.103603603603603761e-09,0.000000000000000000e+00,0.000000000000000000e+00,6.451132146692593883e-02,0.000000000000000000e+00,0.000000000000000000e+00,0.000000000000000000e+00,0.000000000000000000e+00,0.000000000000000000e+00,1.988011757213356823e-01,0.000000000000000000e+00,0.000000000000000000e+00,0.000000000000000000e+00
1.121121121121121287e-09,0.000000000000000000e+00,0.000000000000000000e+00,6.553531069655968433e-02,0.000000000000000000e+00,0.000000000000000000e+00,0.000000000000000000e+00,0.000000000000000000e+00,0.000000000000000000e+00,1.988011757213356823e-01,0.000000000000000000e+00,0.000000000000000000e+00,0.000000000000000000e+00
1.138638638638638814e-09,0.000000000000000000e+00,0.000000000000000000e+00,6.655929992619342983e-02,0.000000000000000000e+00,0.000000000000000000e+00,0.000000000000000000e+00,0.000000000000000000e+00,0.000000000000000000e+00,1.988011757213356823e-01,0.000000000000000000e+00,0.000000000000000000e+00,0.000000000000000000e+00
1.156156156156156341e-09,0.000000000000000000e+00,0.000000000000000000e+00,6.758328915582717533e-02,0.000000000000000000e+00,0.000000000000000000e+00,0.000000000000000000e+00,0.000000000000000000e+00,0.000000000000000000e+00,1.988011757213356823e-01,0.000000000000000000e+00,0.000000000000000000e+00,0.000000000000000000e+00
1.173673673673673867e-09,0.000000000000000000e+00,0.000000000000000000e+00,6.860727838546092083e-02,0.000000000000000000e+00,0.000000000000000000e+00,0.000000000000000000e+00,0.000000000000000000e+00,0.000000000000000000e+00,1.988011757213356823e-01,0.000000000000000000e+00,0.000000000000000000e+00,0.000000000000000000e+00
1.191191191191191394e-09,0.000000000000000000e+00,0.000000000000000000e+00,6.963126761509466633e-02,0.000000000000000000e+00,0.000000000000000000e+00,0.000000000000000000e+00,0.000000000000000000e+00,0.000000000000000000e+00,1.988011757213356823e-01,0.000000000000000000e+00,0.000000000000000000e+00,0.000000000000000000e+00
1.208708708708708920e-09,0.000000000000000000e+00,0.000000000000000000e+00,7.065525684472841184e-02,0.000000000000000000e+00,0.000000000000000000e+00,0.000000000000000000e+00,0.000000000000000000e+00,0.000000000000000000e+00,1.988011757213356823e-01,0.000000000000000000e+00,0.000000000000000000e+00,0.000000000000000000e+00
1.226226226226226447e-09,0.000000000000000000e+00,0.000000000000000000e+00,7.167924607436215734e-02,0.000000000000000000e+00,0.000000000000000000e+00,0.000000000000000000e+00,0.000000000000000000e+00,0.000000000000000000e+00,1.988011757213356823e-01,0.000000000000000000e+00,0.000000000000000000e+00,0.000000000000000000e+00
1.243743743743743973e-09,0.000000000000000000e+00,0.000000000000000000e+00,7.270323530399590284e-02,0.000000000000000000e+00,0.000000000000000000e+00,0.000000000000000000e+00,0.000000000000000000e+00,0.000000000000000000e+00,1.988011757213356823e-01,0.000000000000000000e+00,0.000000000000000000e+00,0.000000000000000000e+00
1.261261261261261500e-09,0.000000000000000000e+00,0.000000000000000000e+00,7.372722453362964834e-02,0.000000000000000000e+00,0.000000000000000000e+00,0.000000000000000000e+00,0.000000000000000000e+00,0.000000000000000000e+00,1.988011757213356823e-01,0.000000000000000000e+00,0.000000000000000000e+00,0.000000000000000000e+00
1.278778778778779027e-09,0.000000000000000000e+00,0.000000000000000000e+00,7.475121376326339384e-02,0.000000000000000000e+00,0.000000000000000000e+00,0.000000000000000000e+00,0.000000000000000000e+00,0.000000000000000000e+00,1.988011757213356823e-01,0.000000000000000000e+00,0.000000000000000000e+00,0.000000000000000000e+00
1.296296296296296553e-09,0.000000000000000000e+00,0.000000000000000000e+00,7.577520299289713934e-02,0.000000000000000000e+00,0.000000000000000000e+00,0.000000000000000000e+00,0.000000000000000000e+00,0.000000000000000000e+00,1.988011757213356823e-01,0.000000000000000000e+00,0.000000000000000000e+00,0.000000000000000000e+00
1.313813813813814080e-09,0.000000000000000000e+00,0.000000000000000000e+00,7.679919222253088484e-02,0.000000000000000000e+00,0.000000000000000000e+00,0.000000000000000000e+00,0.000000000000000000e+00,0.000000000000000000e+00,1.988011757213356823e-01,0.000000000000000000e+00,0.000000000000000000e+00,0.000000000000000000e+00
1.331331331331331606e-09,0.000000000000000000e+00,0.000000000000000000e+00,7.782318145216463035e-02,0.000000000000000000e+00,0.000000000000000000e+00,0.000000000000000000e+00,0.000000000000000000e+00,0.000000000000000000e+00,1.988011757213356823e-01,0.000000000000000000e+00,0.000000000000000000e+00,0.000000000000000000e+00
1.348848848848849133e-09,0.000000000000000000e+00,0.000000000000000000e+00,7.884717068179837585e-02,0.000000000000000000e+00,0.000000000000000000e+00,0.000000000000000000e+00,0.000000000000000000e+00,0.000000000000000000e+00,1.988011757213356823e-01,0.000000000000000000e+00,0.000000000000000000e+00,0.000000000000000000e+00
1.366366366366366660e-09,0.000000000000000000e+00,0.000000000000000000e+00,7.987115991143212135e-02,0.000000000000000000e+00,0.000000000000000000e+00,0.000000000000000000e+00,0.000000000000000000e+00,0.000000000000000000e+00,1.988011757213356823e-01,0.000000000000000000e+00,0.000000000000000000e+00,0.000000000000000000e+00
1.383883883883884186e-09,0.000000000000000000e+00,0.000000000000000000e+00,8.089514914106586685e-02,0.000000000000000000e+00,0.000000000000000000e+00,0.000000000000000000e+00,0.000000000000000000e+00,0.000000000000000000e+00,1.988011757213356823e-01,0.000000000000000000e+00,0.000000000000000000e+00,0.000000000000000000e+00
1.401401401401401713e-09,0.000000000000000000e+00,0.000000000000000000e+00,8.191913837069961235e-02,0.000000000000000000e+00,0.000000000000000000e+00,0.000000000000000000e+00,0.000000000000000000e+00,0.000000000000000000e+00,1.988011757213356823e-01,0.000000000000000000e+00,0.000000000000000000e+00,0.000000000000000000e+00
1.418918918918919032e-09,0.000000000000000000e+00,0.000000000000000000e+00,8.294312760033335785e-02,0.000000000000000000e+00,0.000000000000000000e+00,0.000000000000000000e+00,0.000000000000000000e+00,0.000000000000000000e+00,1.988011757213356823e-01,0.000000000000000000e+00,0.000000000000000000e+00,0.000000000000000000e+00
1.436436436436436559e-09,0.000000000000000000e+00,0.000000000000000000e+00,8.396711682996710335e-02,0.000000000000000000e+00,0.000000000000000000e+00,0.000000000000000000e+00,0.000000000000000000e+00,0.000000000000000000e+00,1.988011757213356823e-01,0.000000000000000000e+00,0.000000000000000000e+00,0.000000000000000000e+00
1.453953953953954086e-09,0.000000000000000000e+00,0.000000000000000000e+00,8.499110605960084885e-02,0.000000000000000000e+00,0.000000000000000000e+00,0.000000000000000000e+00,0.000000000000000000e+00,0.000000000000000000e+00,1.988011757213356823e-01,0.000000000000000000e+00,0.000000000000000000e+00,0.000000000000000000e+00
1.471471471471471612e-09,0.000000000000000000e+00,0.000000000000000000e+00,8.601509528923459436e-02,0.000000000000000000e+00,0.000000000000000000e+00,0.000000000000000000e+00,0.000000000000000000e+00,0.000000000000000000e+00,1.988011757213356823e-01,0.000000000000000000e+00,0.000000000000000000e+00,0.000000000000000000e+00
1.488988988988989139e-09,0.000000000000000000e+00,0.000000000000000000e+00,8.703908451886833986e-02,0.000000000000000000e+00,0.000000000000000000e+00,0.000000000000000000e+00,0.000000000000000000e+00,0.000000000000000000e+00,1.988011757213356823e-01,0.000000000000000000e+00,0.000000000000000000e+00,0.000000000000000000e+00
1.506506506506506665e-09,0.000000000000000000e+00,0.000000000000000000e+00,8.806307374850208536e-02,0.000000000000000000e+00,0.000000000000000000e+00,0.000000000000000000e+00,0.000000000000000000e+00,0.000000000000000000e+00,1.988011757213356823e-01,0.000000000000000000e+00,0.000000000000000000e+00,0.000000000000000000e+00
1.524024024024024192e-09,0.000000000000000000e+00,0.000000000000000000e+00,8.908706297813583086e-02,0.000000000000000000e+00,0.000000000000000000e+00,0.000000000000000000e+00,0.000000000000000000e+00,0.000000000000000000e+00,1.988011757213356823e-01,0.000000000000000000e+00,0.000000000000000000e+00,0.000000000000000000e+00
1.541541541541541718e-09,0.000000000000000000e+00,0.000000000000000000e+00,9.011105220776957636e-02,0.000000000000000000e+00,0.000000000000000000e+00,0.000000000000000000e+00,0.000000000000000000e+00,0.000000000000000000e+00,1.988011757213356823e-01,0.000000000000000000e+00,0.000000000000000000e+00,0.000000000000000000e+00
1.559059059059059245e-09,0.000000000000000000e+00,0.000000000000000000e+00,9.113504143740332186e-02,0.000000000000000000e+00,0.000000000000000000e+00,0.000000000000000000e+00,0.000000000000000000e+00,0.000000000000000000e+00,1.988011757213356823e-01,0.000000000000000000e+00,0.000000000000000000e+00,0.000000000000000000e+00
1.576576576576576772e-09,0.000000000000000000e+00,0.000000000000000000e+00,9.215903066703706736e-02,0.000000000000000000e+00,0.000000000000000000e+00,0.000000000000000000e+00,0.000000000000000000e+00,0.000000000000000000e+00,1.988011757213356823e-01,0.000000000000000000e+00,0.000000000000000000e+00,0.000000000000000000e+00
1.594094094094094298e-09,0.000000000000000000e+00,0.000000000000000000e+00,9.318301989667081286e-02,0.000000000000000000e+00,0.000000000000000000e+00,0.000000000000000000e+00,0.000000000000000000e+00,0.000000000000000000e+00,1.988011757213356823e-01,0.000000000000000000e+00,0.000000000000000000e+00,0.000000000000000000e+00
1.611611611611611825e-09,0.000000000000000000e+00,0.000000000000000000e+00,9.420700912630455837e-02,0.000000000000000000e+00,0.000000000000000000e+00,0.000000000000000000e+00,0.000000000000000000e+00,0.000000000000000000e+00,1.988011757213356823e-01,0.000000000000000000e+00,0.000000000000000000e+00,0.000000000000000000e+00
1.629129129129129351e-09,0.000000000000000000e+00,0.000000000000000000e+00,9.523099835593830387e-02,0.000000000000000000e+00,0.000000000000000000e+00,0.000000000000000000e+00,0.000000000000000000e+00,0.000000000000000000e+00,1.988011757213356823e-01,0.000000000000000000e+00,0.000000000000000000e+00,0.000000000000000000e+00
1.646646646646646878e-09,0.000000000000000000e+00,0.000000000000000000e+00,9.625498758557204937e-02,0.000000000000000000e+00,0.000000000000000000e+00,0.000000000000000000e+00,0.000000000000000000e+00,0.000000000000000000e+00,1.988011757213356823e-01,0.000000000000000000e+00,0.000000000000000000e+00,0.000000000000000000e+00
1.664164164164164405e-09,0.000000000000000000e+00,0.000000000000000000e+00,9.727897681520579487e-02,0.000000000000000000e+00,0.000000000000000000e+00,0.000000000000000000e+00,0.000000000000000000e+00,0.000000000000000000e+00,1.988011757213356823e-01,0.000000000000000000e+00,0.000000000000000000e+00,0.000000000000000000e+00
1.681681681681681931e-09,0.000000000000000000e+00,0.000000000000000000e+00,9.830296604483954037e-02,0.000000000000000000e+00,0.000000000000000000e+00,0.000000000000000000e+00,0.000000000000000000e+00,0.000000000000000000e+00,1.988011757213356823e-01,0.000000000000000000e+00,0.000000000000000000e+00,0.000000000000000000e+00
1.699199199199199458e-09,0.000000000000000000e+00,0.000000000000000000e+00,9.932695527447328587e-02,0.000000000000000000e+00,0.000000000000000000e+00,0.000000000000000000e+00,0.000000000000000000e+00,0.000000000000000000e+00,1.988011757213356823e-01,0.000000000000000000e+00,0.000000000000000000e+00,0.000000000000000000e+00
1.716716716716716984e-09,0.000000000000000000e+00,0.000000000000000000e+00,1.003509445041070314e-01,0.000000000000000000e+00,0.000000000000000000e+00,0.000000000000000000e+00,0.000000000000000000e+00,0.000000000000000000e+00,1.988011757213356823e-01,0.000000000000000000e+00,0.000000000000000000e+00,0.000000000000000000e+00
1.734234234234234511e-09,0.000000000000000000e+00,0.000000000000000000e+00,1.013749337337407769e-01,0.000000000000000000e+00,0.000000000000000000e+00,0.000000000000000000e+00,0.000000000000000000e+00,0.000000000000000000e+00,1.988011757213356823e-01,0.000000000000000000e+00,0.000000000000000000e+00,0.000000000000000000e+00
1.751751751751752037e-09,0.000000000000000000e+00,0.000000000000000000e+00,1.023989229633745224e-01,0.000000000000000000e+00,0.000000000000000000e+00,0.000000000000000000e+00,0.000000000000000000e+00,0.000000000000000000e+00,1.988011757213356823e-01,0.000000000000000000e+00,0.000000000000000000e+00,0.000000000000000000e+00
1.769269269269269564e-09,0.000000000000000000e+00,0.000000000000000000e+00,1.034229121930082679e-01,0.000000000000000000e+00,0.000000000000000000e+00,0.000000000000000000e+00,0.000000000000000000e+00,0.000000000000000000e+00,1.988011757213356823e-01,0.000000000000000000e+00,0.000000000000000000e+00,0.000000000000000000e+00
1.786786786786787091e-09,0.000000000000000000e+00,0.000000000000000000e+00,1.044469014226420134e-01,0.000000000000000000e+00,0.000000000000000000e+00,0.000000000000000000e+00,0.000000000000000000e+00,0.000000000000000000e+00,1.988011757213356823e-01,0.000000000000000000e+00,0.000000000000000000e+00,0.000000000000000000e+00
1.804304304304304617e-09,0.000000000000000000e+00,0.000000000000000000e+00,1.054708906522757589e-01,0.000000000000000000e+00,0.000000000000000000e+00,0.000000000000000000e+00,0.000000000000000000e+00,0.000000000000000000e+00,1.988011757213356823e-01,0.000000000000000000e+00,0.000000000000000000e+00,0.000000000000000000e+00
1.821821821821822144e-09,0.000000000000000000e+00,0.000000000000000000e+00,1.064948798819095044e-01,0.000000000000000000e+00,0.000000000000000000e+00,0.000000000000000000e+00,0.000000000000000000e+00,0.000000000000000000e+00,1.988011757213356823e-01,0.000000000000000000e+00,0.000000000000000000e+00,0.000000000000000000e+00
1.839339339339339670e-09,0.000000000000000000e+00,0.000000000000000000e+00,1.075188691115432499e-01,0.000000000000000000e+00,0.000000000000000000e+00,0.000000000000000000e+00,0.000000000000000000e+00,0.000000000000000000e+00,1.988011757213356823e-01,0.000000000000000000e+00,0.000000000000000000e+00,0.000000000000000000e+00
1.856856856856857197e-09,0.000000000000000000e+00,0.000000000000000000e+00,1.085428583411769954e-01,0.000000000000000000e+00,0.000000000000000000e+00,0.000000000000000000e+00,0.000000000000000000e+00,0.000000000000000000e+00,1.988011757213356823e-01,0.000000000000000000e+00,0.000000000000000000e+00,0.000000000000000000e+00
1.874374374374374517e-09,0.000000000000000000e+00,0.000000000000000000e+00,1.095668475708107270e-01,0.000000000000000000e+00,0.000000000000000000e+00,0.000000000000000000e+00,0.000000000000000000e+00,0.000000000000000000e+00,1.988011757213356823e-01,0.000000000000000000e+00,0.000000000000000000e+00,0.000000000000000000e+00
1.891891891891892043e-09,0.000000000000000000e+00,0.000000000000000000e+00,1.105908368004444725e-01,0.000000000000000000e+00,0.000000000000000000e+00,0.000000000000000000e+00,0.000000000000000000e+00,0.000000000000000000e+00,1.988011757213356823e-01,0.000000000000000000e+00,0.000000000000000000e+00,0.000000000000000000e+00
1.909409409409409570e-09,0.000000000000000000e+00,0.000000000000000000e+00,1.116148260300782180e-01,0.000000000000000000e+00,0.000000000000000000e+00,0.000000000000000000e+00,0.000000000000000000e+00,0.000000000000000000e+00,1.988011757213356823e-01,0.000000000000000000e+00,0.000000000000000000e+00,0.000000000000000000e+00
1.926926926926927096e-09,0.000000000000000000e+00,0.000000000000000000e+00,1.126388152597119635e-01,0.000000000000000000e+00,0.000000000000000000e+00,0.000000000000000000e+00,0.000000000000000000e+00,0.000000000000000000e+00,1.988011757213356823e-01,0.000000000000000000e+00,0.000000000000000000e+00,0.000000000000000000e+00
1.944444444444444623e-09,0.000000000000000000e+00,0.000000000000000000e+00,1.136628044893457090e-01,0.000000000000000000e+00,0.000000000000000000e+00,0.000000000000000000e+00,0.000000000000000000e+00,0.000000000000000000e+00,1.988011757213356823e-01,0.000000000000000000e+00,0.000000000000000000e+00,0.000000000000000000e+00
1.961961961961962150e-09,0.000000000000000000e+00,0.000000000000000000e+00,1.146867937189794545e-01,0.000000000000000000e+00,0.000000000000000000e+00,0.000000000000000000e+00,0.000000000000000000e+00,0.000000000000000000e+00,1.988011757213356823e-01,0.000000000000000000e+00,0.000000000000000000e+00,0.000000000000000000e+00
1.979479479479479676e-09,0.000000000000000000e+00,0.000000000000000000e+00,1.157107829486132000e-01,0.000000000000000000e+00,0.000000000000000000e+00,0.000000000000000000e+00,0.000000000000000000e+00,0.000000000000000000e+00,1.988011757213356823e-01,0.000000000000000000e+00,0.000000000000000000e+00,0.000000000000000000e+00
1.996996996996997203e-09,0.000000000000000000e+00,0.000000000000000000e+00,1.167347721782469455e-01,0.000000000000000000e+00,0.000000000000000000e+00,0.000000000000000000e+00,0.000000000000000000e+00,0.000000000000000000e+00,1.988011757213356823e-01,0.000000000000000000e+00,0.000000000000000000e+00,0.000000000000000000e+00
2.014514514514514729e-09,0.000000000000000000e+00,0.000000000000000000e+00,1.177587614078806910e-01,0.000000000000000000e+00,0.000000000000000000e+00,0.000000000000000000e+00,0.000000000000000000e+00,0.000000000000000000e+00,1.988011757213356823e-01,0.000000000000000000e+00,0.000000000000000000e+00,0.000000000000000000e+00
2.032032032032032256e-09,0.000000000000000000e+00,0.000000000000000000e+00,1.187827506375144365e-01,0.000000000000000000e+00,0.000000000000000000e+00,0.000000000000000000e+00,0.000000000000000000e+00,0.000000000000000000e+00,1.988011757213356823e-01,0.000000000000000000e+00,0.000000000000000000e+00,0.000000000000000000e+00
2.049549549549549782e-09,0.000000000000000000e+00,0.000000000000000000e+00,1.198067398671481820e-01,0.000000000000000000e+00,0.000000000000000000e+00,0.000000000000000000e+00,0.000000000000000000e+00,0.000000000000000000e+00,1.988011757213356823e-01,0.000000000000000000e+00,0.000000000000000000e+00,0.000000000000000000e+00
2.067067067067067309e-09,0.000000000000000000e+00,0.000000000000000000e+00,1.208307290967819275e-01,0.000000000000000000e+00,0.000000000000000000e+00,0.000000000000000000e+00,0.000000000000000000e+00,0.000000000000000000e+00,1.988011757213356823e-01,0.000000000000000000e+00,0.000000000000000000e+00,0.000000000000000000e+00
2.084584584584584836e-09,0.000000000000000000e+00,0.000000000000000000e+00,1.218547183264156730e-01,0.000000000000000000e+00,0.000000000000000000e+00,0.000000000000000000e+00,0.000000000000000000e+00,0.000000000000000000e+00,1.988011757213356823e-01,0.000000000000000000e+00,0.000000000000000000e+00,0.000000000000000000e+00
2.102102102102102362e-09,0.000000000000000000e+00,0.000000000000000000e+00,1.228787075560494185e-01,0.000000000000000000e+00,0.000000000000000000e+00,0.000000000000000000e+00,0.000000000000000000e+00,0.000000000000000000e+00,1.988011757213356823e-01,0.000000000000000000e+00,0.000000000000000000e+00,0.000000000000000000e+00
2.119619619619619889e-09,0.000000000000000000e+00,0.000000000000000000e+00,1.239026967856831640e-01,0.000000000000000000e+00,0.000000000000000000e+00,0.000000000000000000e+00,0.000000000000000000e+00,0.000000000000000000e+00,1.988011757213356823e-01,0.000000000000000000e+00,0.000000000000000000e+00,0.000000000000000000e+00
2.137137137137137415e-09,0.000000000000000000e+00,0.000000000000000000e+00,1.249266860153169095e-01,0.000000000000000000e+00,0.000000000000000000e+00,0.000000000000000000e+00,0.000000000000000000e+00,0.000000000000000000e+00,1.988011757213356823e-01,0.000000000000000000e+00,0.000000000000000000e+00,0.000000000000000000e+00
2.154654654654654942e-09,0.000000000000000000e+00,0.000000000000000000e+00,1.259506752449506550e-01,0.000000000000000000e+00,0.000000000000000000e+00,0.000000000000000000e+00,0.000000000000000000e+00,0.000000000000000000e+00,1.988011757213356823e-01,0.000000000000000000e+00,0.000000000000000000e+00,0.000000000000000000e+00
2.172172172172172469e-09,0.000000000000000000e+00,0.000000000000000000e+00,1.269746644745843867e-01,0.000000000000000000e+00,0.000000000000000000e+00,0.000000000000000000e+00,0.000000000000000000e+00,0.000000000000000000e+00,1.988011757213356823e-01,0.000000000000000000e+00,0.000000000000000000e+00,0.000000000000000000e+00
2.189689689689689995e-09,0.000000000000000000e+00,0.000000000000000000e+00,1.279986537042181460e-01,0.000000000000000000e+00,0.000000000000000000e+00,0.000000000000000000e+00,0.000000000000000000e+00,0.000000000000000000e+00,1.988011757213356823e-01,0.000000000000000000e+00,0.000000000000000000e+00,0.000000000000000000e+00
2.207207207207207522e-09,0.000000000000000000e+00,0.000000000000000000e+00,1.290226429338518777e-01,0.000000000000000000e+00,0.000000000000000000e+00,0.000000000000000000e+00,0.000000000000000000e+00,0.000000000000000000e+00,1.988011757213356823e-01,0.000000000000000000e+00,0.000000000000000000e+00,0.000000000000000000e+00
2.224724724724725048e-09,0.000000000000000000e+00,0.000000000000000000e+00,1.300466321634856370e-01,0.000000000000000000e+00,0.000000000000000000e+00,0.000000000000000000e+00,0.000000000000000000e+00,0.000000000000000000e+00,1.988011757213356823e-01,0.000000000000000000e+00,0.000000000000000000e+00,0.000000000000000000e+00
2.242242242242242575e-09,0.000000000000000000e+00,0.000000000000000000e+00,1.310706213931193687e-01,0.000000000000000000e+00,0.000000000000000000e+00,0.000000000000000000e+00,0.000000000000000000e+00,0.000000000000000000e+00,1.988011757213356823e-01,0.000000000000000000e+00,0.000000000000000000e+00,0.000000000000000000e+00
2.259759759759760101e-09,0.000000000000000000e+00,0.000000000000000000e+00,1.320946106227531280e-01,0.000000000000000000e+00,0.000000000000000000e+00,0.000000000000000000e+00,0.000000000000000000e+00,0.000000000000000000e+00,1.988011757213356823e-01,0.000000000000000000e+00,0.000000000000000000e+00,0.000000000000000000e+00
2.277277277277277628e-09,0.000000000000000000e+00,0.000000000000000000e+00,1.331185998523868597e-01,0.000000000000000000e+00,0.000000000000000000e+00,0.000000000000000000e+00,0.000000000000000000e+00,0.000000000000000000e+00,1.988011757213356823e-01,0.000000000000000000e+00,0.000000000000000000e+00,0.000000000000000000e+00
2.294794794794795155e-09,0.000000000000000000e+00,0.000000000000000000e+00,1.341425890820206190e-01,0.000000000000000000e+00,0.000000000000000000e+00,0.000000000000000000e+00,0.000000000000000000e+00,0.000000000000000000e+00,1.988011757213356823e-01,0.000000000000000000e+00,0.000000000000000000e+00,0.000000000000000000e+00
2.312312312312312681e-09,0.000000000000000000e+00,0.000000000000000000e+00,1.351665783116543507e-01,0.000000000000000000e+00,0.000000000000000000e+00,0.000000000000000000e+00,0.000000000000000000e+00,0.000000000000000000e+00,1.988011757213356823e-01,0.000000000000000000e+00,0.000000000000000000e+00,0.000000000000000000e+00
2.329829829829830208e-09,0.000000000000000000e+00,0.000000000000000000e+00,1.361905675412881100e-01,0.000000000000000000e+00,0.000000000000000000e+00,0.000000000000000000e+00,0.000000000000000000e+00,0.000000000000000000e+00,1.988011757213356823e-01,0.000000000000000000e+00,0.000000000000000000e+00,0.000000000000000000e+00
2.347347347347347734e-09,0.000000000000000000e+00,0.000000000000000000e+00,1.372145567709218417e-01,0.000000000000000000e+00,0.000000000000000000e+00,0.000000000000000000e+00,0.000000000000000000e+00,0.000000000000000000e+00,1.988011757213356823e-01,0.000000000000000000e+00,0.000000000000000000e+00,0.000000000000000000e+00
2.364864864864865261e-09,0.000000000000000000e+00,0.000000000000000000e+00,1.382385460005556010e-01,0.000000000000000000e+00,0.000000000000000000e+00,0.000000000000000000e+00,0.000000000000000000e+00,0.000000000000000000e+00,1.988011757213356823e-01,0.000000000000000000e+00,0.000000000000000000e+00,0.000000000000000000e+00
2.382382382382382787e-09,0.000000000000000000e+00,0.000000000000000000e+00,1.392625352301893327e-01,0.000000000000000000e+00,0.000000000000000000e+00,0.000000000000000000e+00,0.000000000000000000e+00,0.000000000000000000e+00,1.988011757213356823e-01,0.000000000000000000e+00,0.000000000000000000e+00,0.000000000000000000e+00
2.399899899899900314e-09,0.000000000000000000e+00,0.000000000000000000e+00,1.402865244598230920e-01,0.000000000000000000e+00,0.000000000000000000e+00,0.000000000000000000e+00,0.000000000000000000e+00,0.000000000000000000e+00,1.988011757213356823e-01,0.000000000000000000e+00,0.000000000000000000e+00,0.000000000000000000e+00
2.417417417417417841e-09,0.000000000000000000e+00,0.000000000000000000e+00,1.413105136894568237e-01,0.000000000000000000e+00,0.000000000000000000e+00,0.000000000000000000e+00,0.000000000000000000e+00,0.000000000000000000e+00,1.988011757213356823e-01,0.000000000000000000e+00,0.000000000000000000e+00,0.000000000000000000e+00
2.434934934934935367e-09,0.000000000000000000e+00,0.000000000000000000e+00,1.423345029190905831e-01,0.000000000000000000e+00,0.000000000000000000e+00,0.000000000000000000e+00,0.000000000000000000e+00,0.000000000000000000e+00,1.988011757213356823e-01,0.000000000000000000e+00,0.000000000000000000e+00,0.000000000000000000e+00
2.452452452452452894e-09,0.000000000000000000e+00,0.000000000000000000e+00,1.433584921487243147e-01,0.000000000000000000e+00,0.000000000000000000e+00,0.000000000000000000e+00,0.000000000000000000e+00,0.000000000000000000e+00,1.988011757213356823e-01,0.000000000000000000e+00,0.000000000000000000e+00,0.000000000000000000e+00
2.469969969969970420e-09,0.000000000000000000e+00,0.000000000000000000e+00,1.443824813783580741e-01,0.000000000000000000e+00,0.000000000000000000e+00,0.000000000000000000e+00,0.000000000000000000e+00,0.000000000000000000e+00,1.988011757213356823e-01,0.000000000000000000e+00,0.000000000000000000e+00,0.000000000000000000e+00
2.487487487487487947e-09,0.000000000000000000e+00,0.000000000000000000e+00,1.454064706079918057e-01,0.000000000000000000e+00,0.000000000000000000e+00,0.000000000000000000e+00,0.000000000000000000e+00,0.000000000000000000e+00,1.988011757213356823e-01,0.000000000000000000e+00,0.000000000000000000e+00,0.000000000000000000e+00
2.505005005005005473e-09,0.000000000000000000e+00,0.000000000000000000e+00,1.464304598376255651e-01,0.000000000000000000e+00,0.000000000000000000e+00,0.000000000000000000e+00,0.000000000000000000e+00,0.000000000000000000e+00,1.988011757213356823e-01,0.000000000000000000e+00,0.000000000000000000e+00,0.000000000000000000e+00
2.522522522522523000e-09,0.000000000000000000e+00,0.000000000000000000e+00,1.474544490672592967e-01,0.000000000000000000e+00,0.000000000000000000e+00,0.000000000000000000e+00,0.000000000000000000e+00,0.000000000000000000e+00,1.988011757213356823e-01,0.000000000000000000e+00,0.000000000000000000e+00,0.000000000000000000e+00
2.540040040040040527e-09,0.000000000000000000e+00,0.000000000000000000e+00,1.484784382968930561e-01,0.000000000000000000e+00,0.000000000000000000e+00,0.000000000000000000e+00,0.000000000000000000e+00,0.000000000000000000e+00,1.988011757213356823e-01,0.000000000000000000e+00,0.000000000000000000e+00,0.000000000000000000e+00
2.557557557557558053e-09,0.000000000000000000e+00,0.000000000000000000e+00,1.495024275265267877e-01,0.000000000000000000e+00,0.000000000000000000e+00,0.000000000000000000e+00,0.000000000000000000e+00,0.000000000000000000e+00,1.988011757213356823e-01,0.000000000000000000e+00,0.000000000000000000e+00,0.000000000000000000e+00
2.575075075075075580e-09,0.000000000000000000e+00,0.000000000000000000e+00,1.505264167561605471e-01,0.000000000000000000e+00,0.000000000000000000e+00,0.000000000000000000e+00,0.000000000000000000e+00,0.000000000000000000e+00,1.988011757213356823e-01,0.000000000000000000e+00,0.000000000000000000e+00,0.000000000000000000e+00
2.592592592592593106e-09,0.000000000000000000e+00,0.000000000000000000e+00,1.515504059857942787e-01,0.000000000000000000e+00,0.000000000000000000e+00,0.000000000000000000e+00,0.000000000000000000e+00,0.000000000000000000e+00,1.988011757213356823e-01,0.000000000000000000e+00,0.000000000000000000e+00,0.000000000000000000e+00
2.610110110110110633e-09,0.000000000000000000e+00,0.000000000000000000e+00,1.525743952154280381e-01,0.000000000000000000e+00,0.000000000000000000e+00,0.000000000000000000e+00,0.000000000000000000e+00,0.000000000000000000e+00,1.988011757213356823e-01,0.000000000000000000e+00,0.000000000000000000e+00,0.000000000000000000e+00
2.627627627627628160e-09,0.000000000000000000e+00,0.000000000000000000e+00,1.535983844450617697e-01,0.000000000000000000e+00,0.000000000000000000e+00,0.000000000000000000e+00,0.000000000000000000e+00,0.000000000000000000e+00,1.988011757213356823e-01,0.000000000000000000e+00,0.000000000000000000e+00,0.000000000000000000e+00
2.645145145145145686e-09,0.000000000000000000e+00,0.000000000000000000e+00,1.546223736746955291e-01,0.000000000000000000e+00,0.000000000000000000e+00,0.000000000000000000e+00,0.000000000000000000e+00,0.000000000000000000e+00,1.988011757213356823e-01,0.000000000000000000e+00,0.000000000000000000e+00,0.000000000000000000e+00
2.662662662662663213e-09,0.000000000000000000e+00,0.000000000000000000e+00,1.556463629043292607e-01,0.000000000000000000e+00,0.000000000000000000e+00,0.000000000000000000e+00,0.000000000000000000e+00,0.000000000000000000e+00,1.988011757213356823e-01,0.000000000000000000e+00,0.000000000000000000e+00,0.000000000000000000e+00
2.680180180180180739e-09,0.000000000000000000e+00,0.000000000000000000e+00,1.566703521339630201e-01,0.000000000000000000e+00,0.000000000000000000e+00,0.000000000000000000e+00,0.000000000000000000e+00,0.000000000000000000e+00,1.988011757213356823e-01,0.000000000000000000e+00,0.000000000000000000e+00,0.000000000000000000e+00
2.697697697697698266e-09,0.000000000000000000e+00,0.000000000000000000e+00,1.576943413635967517e-01,0.000000000000000000e+00,0.000000000000000000e+00,0.000000000000000000e+00,0.000000000000000000e+00,0.000000000000000000e+00,1.988011757213356823e-01,0.000000000000000000e+00,0.000000000000000000e+00,0.000000000000000000e+00
2.715215215215215792e-09,0.000000000000000000e+00,0.000000000000000000e+00,1.587183305932305111e-01,0.000000000000000000e+00,0.000000000000000000e+00,0.000000000000000000e+00,0.000000000000000000e+00,0.000000000000000000e+00,1.988011757213356823e-01,0.000000000000000000e+00,0.000000000000000000e+00,0.000000000000000000e+00
2.732732732732733319e-09,0.000000000000000000e+00,0.000000000000000000e+00,1.597423198228642427e-01,0.000000000000000000e+00,0.000000000000000000e+00,0.000000000000000000e+00,0.000000000000000000e+00,0.000000000000000000e+00,1.988011757213356823e-01,0.000000000000000000e+00,0.000000000000000000e+00,0.000000000000000000e+00
2.750250250250250846e-09,0.000000000000000000e+00,0.000000000000000000e+00,1.607663090524980021e-01,0.000000000000000000e+00,0.000000000000000000e+00,0.000000000000000000e+00,0.000000000000000000e+00,0.000000000000000000e+00,1.988011757213356823e-01,0.000000000000000000e+00,0.000000000000000000e+00,0.000000000000000000e+00
2.767767767767768372e-09,0.000000000000000000e+00,0.000000000000000000e+00,1.617902982821317337e-01,0.000000000000000000e+00,0.000000000000000000e+00,0.000000000000000000e+00,0.000000000000000000e+00,0.000000000000000000e+00,1.988011757213356823e-01,0.000000000000000000e+00,0.000000000000000000e+00,0.000000000000000000e+00
2.785285285285285899e-09,0.000000000000000000e+00,0.000000000000000000e+00,1.628142875117654931e-01,0.000000000000000000e+00,0.000000000000000000e+00,0.000000000000000000e+00,0.000000000000000000e+00,0.000000000000000000e+00,1.988011757213356823e-01,0.000000000000000000e+00,0.000000000000000000e+00,0.000000000000000000e+00
2.802802802802803425e-09,0.000000000000000000e+00,0.000000000000000000e+00,1.638382767413992247e-01,0.000000000000000000e+00,0.000000000000000000e+00,0.000000000000000000e+00,0.000000000000000000e+00,0.000000000000000000e+00,1.988011757213356823e-01,0.000000000000000000e+00,0.000000000000000000e+00,0.000000000000000000e+00
2.820320320320320538e-09,0.000000000000000000e+00,0.000000000000000000e+00,1.648622659710329563e-01,0.000000000000000000e+00,0.000000000000000000e+00,0.000000000000000000e+00,0.000000000000000000e+00,0.000000000000000000e+00,1.988011757213356823e-01,0.000000000000000000e+00,0.000000000000000000e+00,0.000000000000000000e+00
2.837837837837838065e-09,0.000000000000000000e+00,0.000000000000000000e+00,1.658862552006667157e-01,0.000000000000000000e+00,0.000000000000000000e+00,0.000000000000000000e+00,0.000000000000000000e+00,0.000000000000000000e+00,1.988011757213356823e-01,0.000000000000000000e+00,0.000000000000000000e+00,0.000000000000000000e+00
2.855355355355355591e-09,0.000000000000000000e+00,0.000000000000000000e+00,1.669102444303004473e-01,0.000000000000000000e+00,0.000000000000000000e+00,0.000000000000000000e+00,0.000000000000000000e+00,0.000000000000000000e+00,1.988011757213356823e-01,0.000000000000000000e+00,0.000000000000000000e+00,0.000000000000000000e+00
2.872872872872873118e-09,0.000000000000000000e+00,0.000000000000000000e+00,1.679342336599342067e-01,0.000000000000000000e+00,0.000000000000000000e+00,0.000000000000000000e+00,0.000000000000000000e+00,0.000000000000000000e+00,1.988011757213356823e-01,0.000000000000000000e+00,0.000000000000000000e+00,0.000000000000000000e+00
2.890390390390390645e-09,0.000000000000000000e+00,0.000000000000000000e+00,1.689582228895679383e-01,0.000000000000000000e+00,0.000000000000000000e+00,0.000000000000000000e+00,0.000000000000000000e+00,0.000000000000000000e+00,1.988011757213356823e-01,0.000000000000000000e+00,0.000000000000000000e+00,0.000000000000000000e+00
2.907907907907908171e-09,0.000000000000000000e+00,0.000000000000000000e+00,1.699822121192016977e-01,0.000000000000000000e+00,0.000000000000000000e+00,0.000000000000000000e+00,0.000000000000000000e+00,0.000000000000000000e+00,1.988011757213356823e-01,0.000000000000000000e+00,0.000000000000000000e+00,0.000000000000000000e+00
2.925425425425425698e-09,0.000000000000000000e+00,0.000000000000000000e+00,1.710062013488354293e-01,0.000000000000000000e+00,0.000000000000000000e+00,0.000000000000000000e+00,0.000000000000000000e+00,0.000000000000000000e+00,1.988011757213356823e-01,0.000000000000000000e+00,0.000000000000000000e+00,0.000000000000000000e+00
2.942942942942943224e-09,0.000000000000000000e+00,0.000000000000000000e+00,1.720301905784691887e-01,0.000000000000000000e+00,0.000000000000000000e+00,0.000000000000000000e+00,0.000000000000000000e+00,0.000000000000000000e+00,1.988011757213356823e-01,0.000000000000000000e+00,0.000000000000000000e+00,0.000000000000000000e+00
2.960460460460460751e-09,0.000000000000000000e+00,0.000000000000000000e+00,1.730541798081029203e-01,0.000000000000000000e+00,0.000000000000000000e+00,0.000000000000000000e+00,0.000000000000000000e+00,0.000000000000000000e+00,1.988011757213356823e-01,0.000000000000000000e+00,0.000000000000000000e+00,0.000000000000000000e+00
2.977977977977978278e-09,0.000000000000000000e+00,0.000000000000000000e+00,1.740781690377366797e-01,0.000000000000000000e+00,0.000000000000000000e+00,0.000000000000000000e+00,0.000000000000000000e+00,0.000000000000000000e+00,1.988011757213356823e-01,0.000000000000000000e+00,0.000000000000000000e+00,0.000000000000000000e+00
2.995495495495495804e-09,0.000000000000000000e+00,0.000000000000000000e+00,1.751021582673704113e-01,0.000000000000000000e+00,0.000000000000000000e+00,0.000000000000000000e+00,0.000000000000000000e+00,0.000000000000000000e+00,1.988011757213356823e-01,0.000000000000000000e+00,0.000000000000000000e+00,0.000000000000000000e+00
3.013013013013013331e-09,0.000000000000000000e+00,0.000000000000000000e+00,1.761261474970041707e-01,0.000000000000000000e+00,0.000000000000000000e+00,0.000000000000000000e+00,0.000000000000000000e+00,0.000000000000000000e+00,1.988011757213356823e-01,0.000000000000000000e+00,0.000000000000000000e+00,0.000000000000000000e+00
3.030530530530530857e-09,0.000000000000000000e+00,0.000000000000000000e+00,1.771501367266379023e-01,0.000000000000000000e+00,0.000000000000000000e+00,0.000000000000000000e+00,0.000000000000000000e+00,0.000000000000000000e+00,1.988011757213356823e-01,0.000000000000000000e+00,0.000000000000000000e+00,0.000000000000000000e+00
3.048048048048048384e-09,0.000000000000000000e+00,0.000000000000000000e+00,1.781741259562716617e-01,0.000000000000000000e+00,0.000000000000000000e+00,0.000000000000000000e+00,0.000000000000000000e+00,0.000000000000000000e+00,1.988011757213356823e-01,0.000000000000000000e+00,0.000000000000000000e+00,0.000000000000000000e+00
3.065565565565565910e-09,0.000000000000000000e+00,0.000000000000000000e+00,1.791981151859053933e-01,0.000000000000000000e+00,0.000000000000000000e+00,0.000000000000000000e+00,0.000000000000000000e+00,0.000000000000000000e+00,1.988011757213356823e-01,0.000000000000000000e+00,0.000000000000000000e+00,0.000000000000000000e+00
3.083083083083083437e-09,0.000000000000000000e+00,0.000000000000000000e+00,1.802221044155391527e-01,0.000000000000000000e+00,0.000000000000000000e+00,0.000000000000000000e+00,0.000000000000000000e+00,0.000000000000000000e+00,1.988011757213356823e-01,0.000000000000000000e+00,0.000000000000000000e+00,0.000000000000000000e+00
3.100600600600600964e-09,0.000000000000000000e+00,0.000000000000000000e+00,1.812460936451728843e-01,0.000000000000000000e+00,0.000000000000000000e+00,0.000000000000000000e+00,0.000000000000000000e+00,0.000000000000000000e+00,1.988011757213356823e-01,0.000000000000000000e+00,0.000000000000000000e+00,0.000000000000000000e+00
3.118118118118118490e-09,0.000000000000000000e+00,0.000000000000000000e+00,1.822700828748066437e-01,0.000000000000000000e+00,0.000000000000000000e+00,0.000000000000000000e+00,0.000000000000000000e+00,0.000000000000000000e+00,1.988011757213356823e-01,0.000000000000000000e+00,0.000000000000000000e+00,0.000000000000000000e+00
3.135635635635636017e-09,0.000000000000000000e+00,0.000000000000000000e+00,1.832940721044403753e-01,0.000000000000000000e+00,0.000000000000000000e+00,0.000000000000000000e+00,0.000000000000000000e+00,0.000000000000000000e+00,1.988011757213356823e-01,0.000000000000000000e+00,0.000000000000000000e+00,0.000000000000000000e+00
3.153153153153153543e-09,0.000000000000000000e+00,0.000000000000000000e+00,1.843180613340741347e-01,0.000000000000000000e+00,0.000000000000000000e+00,0.000000000000000000e+00,0.000000000000000000e+00,0.000000000000000000e+00,1.988011757213356823e-01,0.000000000000000000e+00,0.000000000000000000e+00,0.000000000000000000e+00
3.170670670670671070e-09,0.000000000000000000e+00,0.000000000000000000e+00,1.853420505637078664e-01,0.000000000000000000e+00,0.000000000000000000e+00,0.000000000000000000e+00,0.000000000000000000e+00,0.000000000000000000e+00,1.988011757213356823e-01,0.000000000000000000e+00,0.000000000000000000e+00,0.000000000000000000e+00
3.188188188188188596e-09,0.000000000000000000e+00,0.000000000000000000e+00,1.863660397933416257e-01,0.000000000000000000e+00,0.000000000000000000e+00,0.000000000000000000e+00,0.000000000000000000e+00,0.000000000000000000e+00,1.988011757213356823e-01,0.000000000000000000e+00,0.000000000000000000e+00,0.000000000000000000e+00
3.205705705705706123e-09,0.000000000000000000e+00,0.000000000000000000e+00,1.873900290229753574e-01,0.000000000000000000e+00,0.000000000000000000e+00,0.000000000000000000e+00,0.000000000000000000e+00,0.000000000000000000e+00,1.988011757213356823e-01,0.000000000000000000e+00,0.000000000000000000e+00,0.000000000000000000e+00
3.223223223223223650e-09,0.000000000000000000e+00,0.000000000000000000e+00,1.884140182526091167e-01,0.000000000000000000e+00,0.000000000000000000e+00,0.000000000000000000e+00,0.000000000000000000e+00,0.000000000000000000e+00,1.988011757213356823e-01,0.000000000000000000e+00,0.000000000000000000e+00,0.000000000000000000e+00
3.240740740740741176e-09,0.000000000000000000e+00,0.000000000000000000e+00,1.894380074822428484e-01,0.000000000000000000e+00,0.000000000000000000e+00,0.000000000000000000e+00,0.000000000000000000e+00,0.000000000000000000e+00,1.988011757213356823e-01,0.000000000000000000e+00,0.000000000000000000e+00,0.000000000000000000e+00
3.258258258258258703e-09,0.000000000000000000e+00,0.000000000000000000e+00,1.904619967118766077e-01,0.000000000000000000e+00,0.000000000000000000e+00,0.000000000000000000e+00,0.000000000000000000e+00,0.000000000000000000e+00,1.988011757213356823e-01,0.000000000000000000e+00,0.000000000000000000e+00,0.000000000000000000e+00
3.275775775775776229e-09,0.000000000000000000e+00,0.000000000000000000e+00,1.914859859415103394e-01,0.000000000000000000e+00,0.000000000000000000e+00,0.000000000000000000e+00,0.000000000000000000e+00,0.000000000000000000e+00,1.988011757213356823e-01,0.000000000000000000e+00,0.000000000000000000e+00,0.000000000000000000e+00
3.293293293293293756e-09,0.000000000000000000e+00,0.000000000000000000e+00,1.925099751711440987e-01,0.000000000000000000e+00,0.000000000000000000e+00,0.000000000000000000e+00,0.000000000000000000e+00,0.000000000000000000e+00,1.988011757213356823e-01,0.000000000000000000e+00,0.000000000000000000e+00,0.000000000000000000e+00
3.310810810810811282e-09,0.000000000000000000e+00,0.000000000000000000e+00,1.935339644007778304e-01,0.000000000000000000e+00,0.000000000000000000e+00,0.000000000000000000e+00,0.000000000000000000e+00,0.000000000000000000e+00,1.988011757213356823e-01,0.000000000000000000e+00,0.000000000000000000e+00,0.000000000000000000e+00
3.328328328328328809e-09,0.000000000000000000e+00,0.000000000000000000e+00,1.945579536304115897e-01,0.000000000000000000e+00,0.000000000000000000e+00,0.000000000000000000e+00,0.000000000000000000e+00,0.000000000000000000e+00,1.988011757213356823e-01,0.000000000000000000e+00,0.000000000000000000e+00,0.000000000000000000e+00
3.345845845845846336e-09,0.000000000000000000e+00,0.000000000000000000e+00,1.955819428600453214e-01,0.000000000000000000e+00,0.000000000000000000e+00,0.000000000000000000e+00,0.000000000000000000e+00,0.000000000000000000e+00,1.988011757213356823e-01,0.000000000000000000e+00,0.000000000000000000e+00,0.000000000000000000e+00
3.363363363363363862e-09,0.000000000000000000e+00,0.000000000000000000e+00,1.966059320896790807e-01,0.000000000000000000e+00,0.000000000000000000e+00,0.000000000000000000e+00,0.000000000000000000e+00,0.000000000000000000e+00,1.988011757213356823e-01,0.000000000000000000e+00,0.000000000000000000e+00,0.000000000000000000e+00
3.380880880880881389e-09,0.000000000000000000e+00,0.000000000000000000e+00,1.976299213193128124e-01,0.000000000000000000e+00,0.000000000000000000e+00,0.000000000000000000e+00,0.000000000000000000e+00,0.000000000000000000e+00,1.988011757213356823e-01,0.000000000000000000e+00,0.000000000000000000e+00,0.000000000000000000e+00
3.398398398398398915e-09,0.000000000000000000e+00,0.000000000000000000e+00,1.986539105489465717e-01,0.000000000000000000e+00,0.000000000000000000e+00,0.000000000000000000e+00,0.000000000000000000e+00,0.000000000000000000e+00,1.988011757213356823e-01,0.000000000000000000e+00,0.000000000000000000e+00,0.000000000000000000e+00
3.415915915915916442e-09,0.000000000000000000e+00,0.000000000000000000e+00,1.996778997785803034e-01,0.000000000000000000e+00,0.000000000000000000e+00,0.000000000000000000e+00,0.000000000000000000e+00,0.000000000000000000e+00,1.988011757213356823e-01,0.000000000000000000e+00,0.000000000000000000e+00,0.000000000000000000e+00
3.433433433433433969e-09,0.000000000000000000e+00,0.000000000000000000e+00,2.007018890082140627e-01,0.000000000000000000e+00,0.000000000000000000e+00,0.000000000000000000e+00,0.000000000000000000e+00,0.000000000000000000e+00,1.988011757213356823e-01,0.000000000000000000e+00,0.000000000000000000e+00,0.000000000000000000e+00
3.450950950950951495e-09,0.000000000000000000e+00,0.000000000000000000e+00,2.017258782378477944e-01,0.000000000000000000e+00,0.000000000000000000e+00,0.000000000000000000e+00,0.000000000000000000e+00,0.000000000000000000e+00,1.988011757213356823e-01,0.000000000000000000e+00,0.000000000000000000e+00,0.000000000000000000e+00
3.468468468468469022e-09,0.000000000000000000e+00,0.000000000000000000e+00,2.027498674674815538e-01,0.000000000000000000e+00,0.000000000000000000e+00,0.000000000000000000e+00,0.000000000000000000e+00,0.000000000000000000e+00,1.988011757213356823e-01,0.000000000000000000e+00,0.000000000000000000e+00,0.000000000000000000e+00
3.485985985985986548e-09,0.000000000000000000e+00,0.000000000000000000e+00,2.037738566971152854e-01,0.000000000000000000e+00,0.000000000000000000e+00,0.000000000000000000e+00,0.000000000000000000e+00,0.000000000000000000e+00,1.988011757213356823e-01,0.000000000000000000e+00,0.000000000000000000e+00,0.000000000000000000e+00
3.503503503503504075e-09,0.000000000000000000e+00,0.000000000000000000e+00,2.047978459267490448e-01,0.000000000000000000e+00,0.000000000000000000e+00,0.000000000000000000e+00,0.000000000000000000e+00,0.000000000000000000e+00,1.988011757213356823e-01,0.000000000000000000e+00,0.000000000000000000e+00,0.000000000000000000e+00
3.521021021021021601e-09,0.000000000000000000e+00,0.000000000000000000e+00,2.058218351563827764e-01,0.000000000000000000e+00,0.000000000000000000e+00,0.000000000000000000e+00,0.000000000000000000e+00,0.000000000000000000e+00,1.988011757213356823e-01,0.000000000000000000e+00,0.000000000000000000e+00,0.000000000000000000e+00
3.538538538538539128e-09,0.000000000000000000e+00,0.000000000000000000e+00,2.068458243860165358e-01,0.000000000000000000e+00,0.000000000000000000e+00,0.000000000000000000e+00,0.000000000000000000e+00,0.000000000000000000e+00,1.988011757213356823e-01,0.000000000000000000e+00,0.000000000000000000e+00,0.000000000000000000e+00
3.556056056056056655e-09,0.000000000000000000e+00,0.000000000000000000e+00,2.078698136156502674e-01,0.000000000000000000e+00,0.000000000000000000e+00,0.000000000000000000e+00,0.000000000000000000e+00,0.000000000000000000e+00,1.988011757213356823e-01,0.000000000000000000e+00,0.000000000000000000e+00,0.000000000000000000e+00
3.573573573573574181e-09,0.000000000000000000e+00,0.000000000000000000e+00,2.088938028452840268e-01,0.000000000000000000e+00,0.000000000000000000e+00,0.000000000000000000e+00,0.000000000000000000e+00,0.000000000000000000e+00,1.988011757213356823e-01,0.000000000000000000e+00,0.000000000000000000e+00,0.000000000000000000e+00
3.591091091091091708e-09,0.000000000000000000e+00,0.000000000000000000e+00,2.099177920749177584e-01,0.000000000000000000e+00,0.000000000000000000e+00,0.000000000000000000e+00,0.000000000000000000e+00,0.000000000000000000e+00,1.988011757213356823e-01,0.000000000000000000e+00,0.000000000000000000e+00,0.000000000000000000e+00
3.608608608608609234e-09,0.000000000000000000e+00,0.000000000000000000e+00,2.109417813045515178e-01,0.000000000000000000e+00,0.000000000000000000e+00,0.000000000000000000e+00,0.000000000000000000e+00,0.000000000000000000e+00,1.988011757213356823e-01,0.000000000000000000e+00,0.000000000000000000e+00,0.000000000000000000e+00
3.626126126126126761e-09,0.000000000000000000e+00,0.000000000000000000e+00,2.119657705341852494e-01,0.000000000000000000e+00,0.000000000000000000e+00,0.000000000000000000e+00,0.000000000000000000e+00,0.000000000000000000e+00,1.988011757213356823e-01,0.000000000000000000e+00,0.000000000000000000e+00,0.000000000000000000e+00
3.643643643643644287e-09,0.000000000000000000e+00,0.000000000000000000e+00,2.129897597638190088e-01,0.000000000000000000e+00,0.000000000000000000e+00,0.000000000000000000e+00,0.000000000000000000e+00,0.000000000000000000e+00,1.988011757213356823e-01,0.000000000000000000e+00,0.000000000000000000e+00,0.000000000000000000e+00
3.661161161161161814e-09,0.000000000000000000e+00,0.000000000000000000e+00,2.140137489934527404e-01,0.000000000000000000e+00,0.000000000000000000e+00,0.000000000000000000e+00,0.000000000000000000e+00,0.000000000000000000e+00,1.988011757213356823e-01,0.000000000000000000e+00,0.000000000000000000e+00,0.000000000000000000e+00
3.678678678678679341e-09,0.000000000000000000e+00,0.000000000000000000e+00,2.150377382230864998e-01,0.000000000000000000e+00,0.000000000000000000e+00,0.000000000000000000e+00,0.000000000000000000e+00,0.000000000000000000e+00,1.988011757213356823e-01,0.000000000000000000e+00,0.000000000000000000e+00,0.000000000000000000e+00
3.696196196196196867e-09,0.000000000000000000e+00,0.000000000000000000e+00,2.160617274527202314e-01,0.000000000000000000e+00,0.000000000000000000e+00,0.000000000000000000e+00,0.000000000000000000e+00,0.000000000000000000e+00,1.988011757213356823e-01,0.000000000000000000e+00,0.000000000000000000e+00,0.000000000000000000e+00
3.713713713713714394e-09,0.000000000000000000e+00,0.000000000000000000e+00,2.170857166823539908e-01,0.000000000000000000e+00,0.000000000000000000e+00,0.000000000000000000e+00,0.000000000000000000e+00,0.000000000000000000e+00,1.988011757213356823e-01,0.000000000000000000e+00,0.000000000000000000e+00,0.000000000000000000e+00
3.731231231231231920e-09,0.000000000000000000e+00,0.000000000000000000e+00,2.181097059119877224e-01,0.000000000000000000e+00,0.000000000000000000e+00,0.000000000000000000e+00,0.000000000000000000e+00,0.000000000000000000e+00,1.988011757213356823e-01,0.000000000000000000e+00,0.000000000000000000e+00,0.000000000000000000e+00
3.748748748748749033e-09,0.000000000000000000e+00,0.000000000000000000e+00,2.191336951416214540e-01,0.000000000000000000e+00,0.000000000000000000e+00,0.000000000000000000e+00,0.000000000000000000e+00,0.000000000000000000e+00,1.988011757213356823e-01,0.000000000000000000e+00,0.000000000000000000e+00,0.000000000000000000e+00
3.766266266266266974e-09,0.000000000000000000e+00,0.000000000000000000e+00,2.201576843712552134e-01,0.000000000000000000e+00,0.000000000000000000e+00,0.000000000000000000e+00,0.000000000000000000e+00,0.000000000000000000e+00,1.988011757213356823e-01,0.000000000000000000e+00,0.000000000000000000e+00,0.000000000000000000e+00
3.783783783783784087e-09,0.000000000000000000e+00,0.000000000000000000e+00,2.211816736008889450e-01,0.000000000000000000e+00,0.000000000000000000e+00,0.000000000000000000e+00,0.000000000000000000e+00,0.000000000000000000e+00,1.988011757213356823e-01,0.000000000000000000e+00,0.000000000000000000e+00,0.000000000000000000e+00
3.801301301301302027e-09,0.000000000000000000e+00,0.000000000000000000e+00,2.222056628305227044e-01,0.000000000000000000e+00,0.000000000000000000e+00,0.000000000000000000e+00,0.000000000000000000e+00,0.000000000000000000e+00,1.988011757213356823e-01,0.000000000000000000e+00,0.000000000000000000e+00,0.000000000000000000e+00
3.818818818818819140e-09,0.000000000000000000e+00,0.000000000000000000e+00,2.232296520601564360e-01,0.000000000000000000e+00,0.000000000000000000e+00,0.000000000000000000e+00,0.000000000000000000e+00,0.000000000000000000e+00,1.988011757213356823e-01,0.000000000000000000e+00,0.000000000000000000e+00,0.000000000000000000e+00
3.836336336336337080e-09,0.000000000000000000e+00,0.000000000000000000e+00,2.242536412897901954e-01,0.000000000000000000e+00,0.000000000000000000e+00,0.000000000000000000e+00,0.000000000000000000e+00,0.000000000000000000e+00,1.988011757213356823e-01,0.000000000000000000e+00,0.000000000000000000e+00,0.000000000000000000e+00
3.853853853853854193e-09,0.000000000000000000e+00,0.000000000000000000e+00,2.252776305194239270e-01,0.000000000000000000e+00,0.000000000000000000e+00,0.000000000000000000e+00,0.000000000000000000e+00,0.000000000000000000e+00,1.988011757213356823e-01,0.000000000000000000e+00,0.000000000000000000e+00,0.000000000000000000e+00
3.871371371371372133e-09,0.000000000000000000e+00,0.000000000000000000e+00,2.263016197490576864e-01,0.000000000000000000e+00,0.000000000000000000e+00,0.000000000000000000e+00,0.000000000000000000e+00,0.000000000000000000e+00,1.988011757213356823e-01,0.000000000000000000e+00,0.000000000000000000e+00,0.000000000000000000e+00
3.888888888888889246e-09,0.000000000000000000e+00,0.000000000000000000e+00,2.273256089786914180e-01,0.000000000000000000e+00,0.000000000000000000e+00,0.000000000000000000e+00,0.000000000000000000e+00,0.000000000000000000e+00,1.988011757213356823e-01,0.000000000000000000e+00,0.000000000000000000e+00,0.000000000000000000e+00
3.906406406406407186e-09,0.000000000000000000e+00,0.000000000000000000e+00,2.283495982083251774e-01,0.000000000000000000e+00,0.000000000000000000e+00,0.000000000000000000e+00,0.000000000000000000e+00,0.000000000000000000e+00,1.988011757213356823e-01,0.000000000000000000e+00,0.000000000000000000e+00,0.000000000000000000e+00
3.923923923923924299e-09,0.000000000000000000e+00,0.000000000000000000e+00,2.293735874379589090e-01,0.000000000000000000e+00,0.000000000000000000e+00,0.000000000000000000e+00,0.000000000000000000e+00,0.000000000000000000e+00,1.988011757213356823e-01,0.000000000000000000e+00,0.000000000000000000e+00,0.000000000000000000e+00
3.941441441441442239e-09,0.000000000000000000e+00,0.000000000000000000e+00,2.303975766675926684e-01,0.000000000000000000e+00,0.000000000000000000e+00,0.000000000000000000e+00,0.000000000000000000e+00,0.000000000000000000e+00,1.988011757213356823e-01,0.000000000000000000e+00,0.000000000000000000e+00,0.000000000000000000e+00
3.958958958958959352e-09,0.000000000000000000e+00,0.000000000000000000e+00,2.314215658972264000e-01,0.000000000000000000e+00,0.000000000000000000e+00,0.000000000000000000e+00,0.000000000000000000e+00,0.000000000000000000e+00,1.988011757213356823e-01,0.000000000000000000e+00,0.000000000000000000e+00,0.000000000000000000e+00
3.976476476476477292e-09,0.000000000000000000e+00,0.000000000000000000e+00,2.324455551268601594e-01,0.000000000000000000e+00,0.000000000000000000e+00,0.000000000000000000e+00,0.000000000000000000e+00,0.000000000000000000e+00,1.988011757213356823e-01,0.000000000000000000e+00,0.000000000000000000e+00,0.000000000000000000e+00
3.993993993993994405e-09,0.000000000000000000e+00,0.000000000000000000e+00,2.334695443564938910e-01,0.000000000000000000e+00,0.000000000000000000e+00,0.000000000000000000e+00,0.000000000000000000e+00,0.000000000000000000e+00,1.988011757213356823e-01,0.000000000000000000e+00,0.000000000000000000e+00,0.000000000000000000e+00
4.011511511511512346e-09,0.000000000000000000e+00,0.000000000000000000e+00,2.344935335861276504e-01,0.000000000000000000e+00,0.000000000000000000e+00,0.000000000000000000e+00,0.000000000000000000e+00,0.000000000000000000e+00,1.988011757213356823e-01,0.000000000000000000e+00,0.000000000000000000e+00,0.000000000000000000e+00
4.029029029029029459e-09,0.000000000000000000e+00,0.000000000000000000e+00,2.355175228157613820e-01,0.000000000000000000e+00,0.000000000000000000e+00,0.000000000000000000e+00,0.000000000000000000e+00,0.000000000000000000e+00,1.988011757213356823e-01,0.000000000000000000e+00,0.000000000000000000e+00,0.000000000000000000e+00
4.046546546546547399e-09,0.000000000000000000e+00,0.000000000000000000e+00,2.365415120453951414e-01,0.000000000000000000e+00,0.000000000000000000e+00,0.000000000000000000e+00,0.000000000000000000e+00,0.000000000000000000e+00,1.988011757213356823e-01,0.000000000000000000e+00,0.000000000000000000e+00,0.000000000000000000e+00
4.064064064064064512e-09,0.000000000000000000e+00,0.000000000000000000e+00,2.375655012750288730e-01,0.000000000000000000e+00,0.000000000000000000e+00,0.000000000000000000e+00,0.000000000000000000e+00,0.000000000000000000e+00,1.988011757213356823e-01,0.000000000000000000e+00,0.000000000000000000e+00,0.000000000000000000e+00
4.081581581581582452e-09,0.000000000000000000e+00,0.000000000000000000e+00,2.385894905046626324e-01,0.000000000000000000e+00,0.000000000000000000e+00,0.000000000000000000e+00,0.000000000000000000e+00,0.000000000000000000e+00,1.988011757213356823e-01,0.000000000000000000e+00,0.000000000000000000e+00,0.000000000000000000e+00
4.099099099099099565e-09,0.000000000000000000e+00,0.000000000000000000e+00,2.396134797342963640e-01,0.000000000000000000e+00,0.000000000000000000e+00,0.000000000000000000e+00,0.000000000000000000e+00,0.000000000000000000e+00,1.988011757213356823e-01,0.000000000000000000e+00,0.000000000000000000e+00,0.000000000000000000e+00
4.116616616616617505e-09,0.000000000000000000e+00,0.000000000000000000e+00,2.406374689639301234e-01,0.000000000000000000e+00,0.000000000000000000e+00,0.000000000000000000e+00,0.000000000000000000e+00,0.000000000000000000e+00,1.988011757213356823e-01,0.000000000000000000e+00,0.000000000000000000e+00,0.000000000000000000e+00
4.134134134134134618e-09,0.000000000000000000e+00,0.000000000000000000e+00,2.416614581935638550e-01,0.000000000000000000e+00,0.000000000000000000e+00,0.000000000000000000e+00,0.000000000000000000e+00,0.000000000000000000e+00,1.988011757213356823e-01,0.000000000000000000e+00,0.000000000000000000e+00,0.000000000000000000e+00
4.151651651651652558e-09,0.000000000000000000e+00,0.000000000000000000e+00,2.426854474231976144e-01,0.000000000000000000e+00,0.000000000000000000e+00,0.000000000000000000e+00,0.000000000000000000e+00,0.000000000000000000e+00,1.988011757213356823e-01,0.000000000000000000e+00,0.000000000000000000e+00,0.000000000000000000e+00
4.169169169169169671e-09,0.000000000000000000e+00,0.000000000000000000e+00,2.437094366528313460e-01,0.000000000000000000e+00,0.000000000000000000e+00,0.000000000000000000e+00,0.000000000000000000e+00,0.000000000000000000e+00,1.988011757213356823e-01,0.000000000000000000e+00,0.000000000000000000e+00,0.000000000000000000e+00
4.186686686686687611e-09,0.000000000000000000e+00,0.000000000000000000e+00,2.447334258824651054e-01,0.000000000000000000e+00,0.000000000000000000e+00,0.000000000000000000e+00,0.000000000000000000e+00,0.000000000000000000e+00,1.988011757213356823e-01,0.000000000000000000e+00,0.000000000000000000e+00,0.000000000000000000e+00
4.204204204204204724e-09,0.000000000000000000e+00,0.000000000000000000e+00,2.457574151120988371e-01,0.000000000000000000e+00,0.000000000000000000e+00,0.000000000000000000e+00,0.000000000000000000e+00,0.000000000000000000e+00,1.988011757213356823e-01,0.000000000000000000e+00,0.000000000000000000e+00,0.000000000000000000e+00
4.221721721721722665e-09,0.000000000000000000e+00,0.000000000000000000e+00,2.467814043417325964e-01,0.000000000000000000e+00,0.000000000000000000e+00,0.000000000000000000e+00,0.000000000000000000e+00,0.000000000000000000e+00,1.988011757213356823e-01,0.000000000000000000e+00,0.000000000000000000e+00,0.000000000000000000e+00
4.239239239239239778e-09,0.000000000000000000e+00,0.000000000000000000e+00,2.478053935713663281e-01,0.000000000000000000e+00,0.000000000000000000e+00,0.000000000000000000e+00,0.000000000000000000e+00,0.000000000000000000e+00,1.988011757213356823e-01,0.000000000000000000e+00,0.000000000000000000e+00,0.000000000000000000e+00
4.256756756756757718e-09,0.000000000000000000e+00,0.000000000000000000e+00,2.488293828010000874e-01,0.000000000000000000e+00,0.000000000000000000e+00,0.000000000000000000e+00,0.000000000000000000e+00,0.000000000000000000e+00,1.988011757213356823e-01,0.000000000000000000e+00,0.000000000000000000e+00,0.000000000000000000e+00
4.274274274274274831e-09,0.000000000000000000e+00,0.000000000000000000e+00,2.498533720306338191e-01,0.000000000000000000e+00,0.000000000000000000e+00,0.000000000000000000e+00,0.000000000000000000e+00,0.000000000000000000e+00,1.988011757213356823e-01,0.000000000000000000e+00,0.000000000000000000e+00,0.000000000000000000e+00
4.291791791791792771e-09,0.000000000000000000e+00,0.000000000000000000e+00,2.508960213098726522e-01,0.000000000000000000e+00,0.000000000000000000e+00,0.000000000000000000e+00,0.000000000000000000e+00,0.000000000000000000e+00,2.076067042570256538e-01,0.000000000000000000e+00,0.000000000000000000e+00,0.000000000000000000e+00
4.309309309309309884e-09,0.000000000000000000e+00,0.000000000000000000e+00,2.519888086603724875e-01,0.000000000000000000e+00,0.000000000000000000e+00,0.000000000000000000e+00,0.000000000000000000e+00,0.000000000000000000e+00,2.178838463991675523e-01,0.000000000000000000e+00,0.000000000000000000e+00,0.000000000000000000e+00
4.326826826826827824e-09,0.000000000000000000e+00,0.000000000000000000e+00,2.531319394260287403e-01,0.000000000000000000e+00,0.000000000000000000e+00,0.000000000000000000e+00,0.000000000000000000e+00,0.000000000000000000e+00,2.281609885413099226e-01,0.000000000000000000e+00,0.000000000000000000e+00,0.000000000000000000e+00
4.344344344344344937e-09,0.000000000000000000e+00,0.000000000000000000e+00,2.543250849584079987e-01,0.000000000000000000e+00,0.000000000000000000e+00,0.000000000000000000e+00,0.000000000000000000e+00,0.000000000000000000e+00,2.384381306834518488e-01,0.000000000000000000e+00,0.000000000000000000e+00,0.000000000000000000e+00
4.361861861861862877e-09,0.000000000000000000e+00,0.000000000000000000e+00,2.555679052735748691e-01,0.000000000000000000e+00,0.000000000000000000e+00,0.000000000000000000e+00,0.000000000000000000e+00,0.000000000000000000e+00,2.487152728255942191e-01,0.000000000000000000e+00,0.000000000000000000e+00,0.000000000000000000e+00
4.379379379379379990e-09,0.000000000000000000e+00,0.000000000000000000e+00,2.568600495012066109e-01,0.000000000000000000e+00,0.000000000000000000e+00,0.000000000000000000e+00,0.000000000000000000e+00,0.000000000000000000e+00,2.589924149677361731e-01,0.000000000000000000e+00,0.000000000000000000e+00,0.000000000000000000e+00
4.396896896896897930e-09,0.000000000000000000e+00,0.000000000000000000e+00,2.582011563405788857e-01,0.000000000000000000e+00,0.000000000000000000e+00,0.000000000000000000e+00,0.000000000000000000e+00,0.000000000000000000e+00,2.692695571098784879e-01,0.000000000000000000e+00,0.000000000000000000e+00,0.000000000000000000e+00
4.414414414414415043e-09,0.000000000000000000e+00,0.000000000000000000e+00,2.595908545221723429e-01,0.000000000000000000e+00,0.000000000000000000e+00,0.000000000000000000e+00,0.000000000000000000e+00,0.000000000000000000e+00,2.795466992520204141e-01,0.000000000000000000e+00,0.000000000000000000e+00,0.000000000000000000e+00
4.431931931931932983e-09,0.000000000000000000e+00,0.000000000000000000e+00,2.610287632736656427e-01,0.000000000000000000e+00,0.000000000000000000e+00,0.000000000000000000e+00,0.000000000000000000e+00,0.000000000000000000e+00,2.898238413941628400e-01,0.000000000000000000e+00,0.000000000000000000e+00,0.000000000000000000e+00
4.449449449449450096e-09,0.000000000000000000e+00,0.000000000000000000e+00,2.625144927891059354e-01,0.000000000000000000e+00,0.000000000000000000e+00,0.000000000000000000e+00,0.000000000000000000e+00,0.000000000000000000e+00,3.001009835363047107e-01,0.000000000000000000e+00,0.000000000000000000e+00,0.000000000000000000e+00
4.466966966966968037e-09,0.000000000000000000e+00,0.000000000000000000e+00,2.640476447000785765e-01,0.000000000000000000e+00,0.000000000000000000e+00,0.000000000000000000e+00,0.000000000000000000e+00,0.000000000000000000e+00,3.103781256784471365e-01,0.000000000000000000e+00,0.000000000000000000e+00,0.000000000000000000e+00
4.484484484484485150e-09,0.000000000000000000e+00,0.000000000000000000e+00,2.656278125477283258e-01,0.000000000000000000e+00,0.000000000000000000e+00,0.000000000000000000e+00,0.000000000000000000e+00,0.000000000000000000e+00,3.206552678205890072e-01,0.000000000000000000e+00,0.000000000000000000e+00,0.000000000000000000e+00
4.502002002002002263e-09,0.000000000000000000e+00,0.000000000000000000e+00,2.672545822545237537e-01,0.000000000000000000e+00,0.000000000000000000e+00,0.000000000000000000e+00,0.000000000000000000e+00,0.000000000000000000e+00,3.309324099627309335e-01,0.000000000000000000e+00,0.000000000000000000e+00,0.000000000000000000e+00
4.519519519519520203e-09,0.000000000000000000e+00,0.000000000000000000e+00,2.689275325946972051e-01,0.000000000000000000e+00,0.000000000000000000e+00,0.000000000000000000e+00,0.000000000000000000e+00,0.000000000000000000e+00,3.412095521048733038e-01,0.000000000000000000e+00,0.000000000000000000e+00,0.000000000000000000e+00
4.537037037037037316e-09,0.000000000000000000e+00,0.000000000000000000e+00,2.706462356623346444e-01,0.000000000000000000e+00,0.000000000000000000e+00,0.000000000000000000e+00,0.000000000000000000e+00,0.000000000000000000e+00,3.514866942470152300e-01,0.000000000000000000e+00,0.000000000000000000e+00,0.000000000000000000e+00
4.554554554554555256e-09,0.000000000000000000e+00,0.000000000000000000e+00,2.724102573361408819e-01,0.000000000000000000e+00,0.000000000000000000e+00,0.000000000000000000e+00,0.000000000000000000e+00,0.000000000000000000e+00,3.617638363891576003e-01,0.000000000000000000e+00,0.000000000000000000e+00,0.000000000000000000e+00
4.572072072072072369e-09,0.000000000000000000e+00,0.000000000000000000e+00,2.742191577399477054e-01,0.000000000000000000e+00,0.000000000000000000e+00,0.000000000000000000e+00,0.000000000000000000e+00,0.000000000000000000e+00,3.720409785312995266e-01,0.000000000000000000e+00,0.000000000000000000e+00,0.000000000000000000e+00
4.589589589589590309e-09,0.000000000000000000e+00,0.000000000000000000e+00,2.760724916980919486e-01,0.000000000000000000e+00,0.000000000000000000e+00,0.000000000000000000e+00,0.000000000000000000e+00,0.000000000000000000e+00,3.823181206734418969e-01,0.000000000000000000e+00,0.000000000000000000e+00,0.000000000000000000e+00
4.607107107107107422e-09,0.000000000000000000e+00,0.000000000000000000e+00,2.779698091848344377e-01,0.000000000000000000e+00,0.000000000000000000e+00,0.000000000000000000e+00,0.000000000000000000e+00,0.000000000000000000e+00,3.925952628155838231e-01,0.000000000000000000e+00,0.000000000000000000e+00,0.000000000000000000e+00
4.624624624624625362e-09,0.000000000000000000e+00,0.000000000000000000e+00,2.799106557670507645e-01,0.000000000000000000e+00,0.000000000000000000e+00,0.000000000000000000e+00,0.000000000000000000e+00,0.000000000000000000e+00,4.028724049577261379e-01,0.000000000000000000e+00,0.000000000000000000e+00,0.000000000000000000e+00
4.642142142142142475e-09,0.000000000000000000e+00,0.000000000000000000e+00,2.818945730394757376e-01,0.000000000000000000e+00,0.000000000000000000e+00,0.000000000000000000e+00,0.000000000000000000e+00,0.000000000000000000e+00,4.131495470998681196e-01,0.000000000000000000e+00,0.000000000000000000e+00,0.000000000000000000e+00
4.659659659659660415e-09,0.000000000000000000e+00,0.000000000000000000e+00,2.839210990518382660e-01,0.000000000000000000e+00,0.000000000000000000e+00,0.000000000000000000e+00,0.000000000000000000e+00,0.000000000000000000e+00,4.234266892420104900e-01,0.000000000000000000e+00,0.000000000000000000e+00,0.000000000000000000e+00
4.677177177177177528e-09,0.000000000000000000e+00,0.000000000000000000e+00,2.859897687272807687e-01,0.000000000000000000e+00,0.000000000000000000e+00,0.000000000000000000e+00,0.000000000000000000e+00,0.000000000000000000e+00,4.337038313841524162e-01,0.000000000000000000e+00,0.000000000000000000e+00,0.000000000000000000e+00
4.694694694694695469e-09,0.000000000000000000e+00,0.000000000000000000e+00,2.881001142715078900e-01,0.000000000000000000e+00,0.000000000000000000e+00,0.000000000000000000e+00,0.000000000000000000e+00,0.000000000000000000e+00,4.439809735262947865e-01,0.000000000000000000e+00,0.000000000000000000e+00,0.000000000000000000e+00
4.712212212212212582e-09,0.000000000000000000e+00,0.000000000000000000e+00,2.902516655721658623e-01,0.000000000000000000e+00,0.000000000000000000e+00,0.000000000000000000e+00,0.000000000000000000e+00,0.000000000000000000e+00,4.542581156684367127e-01,0.000000000000000000e+00,0.000000000000000000e+00,0.000000000000000000e+00
4.729729729729730522e-09,0.000000000000000000e+00,0.000000000000000000e+00,2.924439505880078172e-01,0.000000000000000000e+00,0.000000000000000000e+00,0.000000000000000000e+00,0.000000000000000000e+00,0.000000000000000000e+00,4.645352578105790831e-01,0.000000000000000000e+00,0.000000000000000000e+00,0.000000000000000000e+00
4.747247247247247635e-09,0.000000000000000000e+00,0.000000000000000000e+00,2.946764957274485286e-01,0.000000000000000000e+00,0.000000000000000000e+00,0.000000000000000000e+00,0.000000000000000000e+00,0.000000000000000000e+00,4.748123999527210093e-01,0.000000000000000000e+00,0.000000000000000000e+00,0.000000000000000000e+00
4.764764764764765575e-09,0.000000000000000000e+00,0.000000000000000000e+00,2.969488262161695258e-01,0.000000000000000000e+00,0.000000000000000000e+00,0.000000000000000000e+00,0.000000000000000000e+00,0.000000000000000000e+00,4.850895420948633796e-01,0.000000000000000000e+00,0.000000000000000000e+00,0.000000000000000000e+00
4.782282282282282688e-09,0.000000000000000000e+00,0.000000000000000000e+00,2.992604664534767034e-01,0.000000000000000000e+00,0.000000000000000000e+00,0.000000000000000000e+00,0.000000000000000000e+00,0.000000000000000000e+00,4.953666842370053058e-01,0.000000000000000000e+00,0.000000000000000000e+00,0.000000000000000000e+00
4.799799799799800628e-09,0.000000000000000000e+00,0.000000000000000000e+00,3.016109403571703429e-01,0.000000000000000000e+00,0.000000000000000000e+00,0.000000000000000000e+00,0.000000000000000000e+00,0.000000000000000000e+00,5.056438263791476206e-01,0.000000000000000000e+00,0.000000000000000000e+00,0.000000000000000000e+00
4.817317317317317741e-09,0.000000000000000000e+00,0.000000000000000000e+00,3.039997716967220986e-01,0.000000000000000000e+00,0.000000000000000000e+00,0.000000000000000000e+00,0.000000000000000000e+00,0.000000000000000000e+00,5.159209685212895469e-01,0.000000000000000000e+00,0.000000000000000000e+00,0.000000000000000000e+00
4.834834834834835681e-09,0.000000000000000000e+00,0.000000000000000000e+00,3.064264844146104005e-01,0.000000000000000000e+00,0.000000000000000000e+00,0.000000000000000000e+00,0.000000000000000000e+00,0.000000000000000000e+00,5.261981106634320282e-01,0.000000000000000000e+00,0.000000000000000000e+00,0.000000000000000000e+00
4.852352352352352794e-09,0.000000000000000000e+00,0.000000000000000000e+00,3.088906029356947025e-01,0.000000000000000000e+00,0.000000000000000000e+00,0.000000000000000000e+00,0.000000000000000000e+00,0.000000000000000000e+00,5.364752528055738434e-01,0.000000000000000000e+00,0.000000000000000000e+00,0.000000000000000000e+00
4.869869869869870734e-09,0.000000000000000000e+00,0.000000000000000000e+00,3.113916524645632400e-01,0.000000000000000000e+00,0.000000000000000000e+00,0.000000000000000000e+00,0.000000000000000000e+00,0.000000000000000000e+00,5.467523949477163248e-01,0.000000000000000000e+00,0.000000000000000000e+00,0.000000000000000000e+00
4.887387387387387847e-09,0.000000000000000000e+00,0.000000000000000000e+00,3.139291592708123302e-01,0.000000000000000000e+00,0.000000000000000000e+00,0.000000000000000000e+00,0.000000000000000000e+00,0.000000000000000000e+00,5.570295370898581400e-01,0.000000000000000000e+00,0.000000000000000000e+00,0.000000000000000000e+00
4.904904904904905788e-09,0.000000000000000000e+00,0.000000000000000000e+00,3.165026509622641537e-01,0.000000000000000000e+00,0.000000000000000000e+00,0.000000000000000000e+00,0.000000000000000000e+00,0.000000000000000000e+00,5.673066792320006213e-01,0.000000000000000000e+00,0.000000000000000000e+00,0.000000000000000000e+00
4.922422422422422901e-09,0.000000000000000000e+00,0.000000000000000000e+00,3.191116567461536602e-01,0.000000000000000000e+00,0.000000000000000000e+00,0.000000000000000000e+00,0.000000000000000000e+00,0.000000000000000000e+00,5.775838213741424365e-01,0.000000000000000000e+00,0.000000000000000000e+00,0.000000000000000000e+00
4.939939939939940841e-09,0.000000000000000000e+00,0.000000000000000000e+00,3.217557076783541525e-01,0.000000000000000000e+00,0.000000000000000000e+00,0.000000000000000000e+00,0.000000000000000000e+00,0.000000000000000000e+00,5.878609635162848068e-01,0.000000000000000000e+00,0.000000000000000000e+00,0.000000000000000000e+00
4.957457457457457954e-09,0.000000000000000000e+00,0.000000000000000000e+00,3.244343369007335331e-01,0.000000000000000000e+00,0.000000000000000000e+00,0.000000000000000000e+00,0.000000000000000000e+00,0.000000000000000000e+00,5.981381056584268441e-01,0.000000000000000000e+00,0.000000000000000000e+00,0.000000000000000000e+00
4.974974974974975894e-09,0.000000000000000000e+00,0.000000000000000000e+00,3.271470798667664992e-01,0.000000000000000000e+00,0.000000000000000000e+00,0.000000000000000000e+00,0.000000000000000000e+00,0.000000000000000000e+00,6.084152478005691034e-01,0.000000000000000000e+00,0.000000000000000000e+00,0.000000000000000000e+00
4.992492492492493007e-09,0.000000000000000000e+00,0.000000000000000000e+00,3.298934745555465176e-01,0.000000000000000000e+00,0.000000000000000000e+00,0.000000000000000000e+00,0.000000000000000000e+00,0.000000000000000000e+00,6.186923899427110296e-01,0.000000000000000000e+00,0.000000000000000000e+00,0.000000000000000000e+00
5.010010010010010947e-09,0.000000000000000000e+00,0.000000000000000000e+00,3.326730616743706070e-01,0.000000000000000000e+00,0.000000000000000000e+00,0.000000000000000000e+00,0.000000000000000000e+00,0.000000000000000000e+00,6.289695320848533999e-01,0.000000000000000000e+00,0.000000000000000000e+00,0.000000000000000000e+00
5.027527527527528060e-09,0.000000000000000000e+00,0.000000000000000000e+00,3.354853848500830571e-01,0.000000000000000000e+00,0.000000000000000000e+00,0.000000000000000000e+00,0.000000000000000000e+00,0.000000000000000000e+00,6.392466742269954372e-01,0.000000000000000000e+00,0.000000000000000000e+00,0.000000000000000000e+00
5.045045045045046000e-09,0.000000000000000000e+00,0.000000000000000000e+00,3.383299908093905239e-01,0.000000000000000000e+00,0.000000000000000000e+00,0.000000000000000000e+00,0.000000000000000000e+00,0.000000000000000000e+00,6.495238163691376965e-01,0.000000000000000000e+00,0.000000000000000000e+00,0.000000000000000000e+00
5.062562562562563113e-09,0.000000000000000000e+00,0.000000000000000000e+00,3.412064295483708265e-01,0.000000000000000000e+00,0.000000000000000000e+00,0.000000000000000000e+00,0.000000000000000000e+00,0.000000000000000000e+00,6.598009585112796227e-01,0.000000000000000000e+00,0.000000000000000000e+00,0.000000000000000000e+00
5.080080080080081053e-09,0.000000000000000000e+00,0.000000000000000000e+00,3.441142544914161383e-01,0.000000000000000000e+00,0.000000000000000000e+00,0.000000000000000000e+00,0.000000000000000000e+00,0.000000000000000000e+00,6.700781006534219930e-01,0.000000000000000000e+00,0.000000000000000000e+00,0.000000000000000000e+00
5.097597597597598166e-09,0.000000000000000000e+00,0.000000000000000000e+00,3.470530226398625406e-01,0.000000000000000000e+00,0.000000000000000000e+00,0.000000000000000000e+00,0.000000000000000000e+00,0.000000000000000000e+00,6.803552427955640303e-01,0.000000000000000000e+00,0.000000000000000000e+00,0.000000000000000000e+00
5.115115115115116106e-09,0.000000000000000000e+00,0.000000000000000000e+00,3.500222947105717797e-01,0.000000000000000000e+00,0.000000000000000000e+00,0.000000000000000000e+00,0.000000000000000000e+00,0.000000000000000000e+00,6.906323849377062896e-01,0.000000000000000000e+00,0.000000000000000000e+00,0.000000000000000000e+00
5.132632632632633219e-09,0.000000000000000000e+00,0.000000000000000000e+00,3.530216352647331246e-01,0.000000000000000000e+00,0.000000000000000000e+00,0.000000000000000000e+00,0.000000000000000000e+00,0.000000000000000000e+00,7.009095270798482158e-01,0.000000000000000000e+00,0.000000000000000000e+00,0.000000000000000000e+00
5.150150150150151160e-09,0.000000000000000000e+00,0.000000000000000000e+00,3.560506128271728743e-01,0.000000000000000000e+00,0.000000000000000000e+00,0.000000000000000000e+00,0.000000000000000000e+00,0.000000000000000000e+00,7.111866692219906971e-01,0.000000000000000000e+00,0.000000000000000000e+00,0.000000000000000000e+00
5.167667667667668273e-09,0.000000000000000000e+00,0.000000000000000000e+00,3.591087999964512334e-01,0.000000000000000000e+00,0.000000000000000000e+00,0.000000000000000000e+00,0.000000000000000000e+00,0.000000000000000000e+00,7.214638113641325123e-01,0.000000000000000000e+00,0.000000000000000000e+00,0.000000000000000000e+00
5.185185185185186213e-09,0.000000000000000000e+00,0.000000000000000000e+00,3.621957735460468730e-01,0.000000000000000000e+00,0.000000000000000000e+00,0.000000000000000000e+00,0.000000000000000000e+00,0.000000000000000000e+00,7.317409535062748827e-01,0.000000000000000000e+00,0.000000000000000000e+00,0.000000000000000000e+00
5.202702702702703326e-09,0.000000000000000000e+00,0.000000000000000000e+00,3.653111145169154472e-01,0.000000000000000000e+00,0.000000000000000000e+00,0.000000000000000000e+00,0.000000000000000000e+00,0.000000000000000000e+00,7.420180956484166979e-01,0.000000000000000000e+00,0.000000000000000000e+00,0.000000000000000000e+00
5.220220220220221266e-09,0.000000000000000000e+00,0.000000000000000000e+00,3.684544083017299299e-01,0.000000000000000000e+00,0.000000000000000000e+00,0.000000000000000000e+00,0.000000000000000000e+00,0.000000000000000000e+00,7.522952377905592902e-01,0.000000000000000000e+00,0.000000000000000000e+00,0.000000000000000000e+00
5.237737737737738379e-09,0.000000000000000000e+00,0.000000000000000000e+00,3.716252447210934839e-01,0.000000000000000000e+00,0.000000000000000000e+00,0.000000000000000000e+00,0.000000000000000000e+00,0.000000000000000000e+00,7.625723799327011054e-01,0.000000000000000000e+00,0.000000000000000000e+00,0.000000000000000000e+00
5.255255255255256319e-09,0.000000000000000000e+00,0.000000000000000000e+00,3.748232180920326173e-01,0.000000000000000000e+00,0.000000000000000000e+00,0.000000000000000000e+00,0.000000000000000000e+00,0.000000000000000000e+00,7.728495220748434757e-01,0.000000000000000000e+00,0.000000000000000000e+00,0.000000000000000000e+00
5.272772772772773432e-09,0.000000000000000000e+00,0.000000000000000000e+00,3.780479272890613363e-01,0.000000000000000000e+00,0.000000000000000000e+00,0.000000000000000000e+00,0.000000000000000000e+00,0.000000000000000000e+00,7.831266642169852910e-01,0.000000000000000000e+00,0.000000000000000000e+00,0.000000000000000000e+00
5.290290290290291372e-09,0.000000000000000000e+00,0.000000000000000000e+00,3.812989757981213312e-01,0.000000000000000000e+00,0.000000000000000000e+00,0.000000000000000000e+00,0.000000000000000000e+00,0.000000000000000000e+00,7.934038063591278833e-01,0.000000000000000000e+00,0.000000000000000000e+00,0.000000000000000000e+00
5.307807807807808485e-09,0.000000000000000000e+00,0.000000000000000000e+00,3.845759717636874075e-01,0.000000000000000000e+00,0.000000000000000000e+00,0.000000000000000000e+00,0.000000000000000000e+00,0.000000000000000000e+00,8.036809485012696985e-01,0.000000000000000000e+00,0.000000000000000000e+00,0.000000000000000000e+00
5.325325325325326425e-09,0.000000000000000000e+00,0.000000000000000000e+00,3.878785280293340354e-01,0.000000000000000000e+00,0.000000000000000000e+00,0.000000000000000000e+00,0.000000000000000000e+00,0.000000000000000000e+00,8.139580906434120688e-01,0.000000000000000000e+00,0.000000000000000000e+00,0.000000000000000000e+00
5.342842842842843538e-09,0.000000000000000000e+00,0.000000000000000000e+00,3.912062621720474587e-01,0.000000000000000000e+00,0.000000000000000000e+00,0.000000000000000000e+00,0.000000000000000000e+00,0.000000000000000000e+00,8.242352327855538840e-01,0.000000000000000000e+00,0.000000000000000000e+00,0.000000000000000000e+00
5.360360360360361479e-09,0.000000000000000000e+00,0.000000000000000000e+00,3.945587965305701328e-01,0.000000000000000000e+00,0.000000000000000000e+00,0.000000000000000000e+00,0.000000000000000000e+00,0.000000000000000000e+00,8.345123749276963654e-01,0.000000000000000000e+00,0.000000000000000000e+00,0.000000000000000000e+00
5.377877877877878592e-09,0.000000000000000000e+00,0.000000000000000000e+00,3.979357582280536043e-01,0.000000000000000000e+00,0.000000000000000000e+00,0.000000000000000000e+00,0.000000000000000000e+00,0.000000000000000000e+00,8.447895170698382916e-01,0.000000000000000000e+00,0.000000000000000000e+00,0.000000000000000000e+00
5.395395395395396532e-09,0.000000000000000000e+00,0.000000000000000000e+00,4.013367791892950009e-01,0.000000000000000000e+00,0.000000000000000000e+00,0.000000000000000000e+00,0.000000000000000000e+00,0.000000000000000000e+00,8.550666592119805509e-01,0.000000000000000000e+00,0.000000000000000000e+00,0.000000000000000000e+00
5.412912912912913645e-09,0.000000000000000000e+00,0.000000000000000000e+00,4.047614961528233635e-01,0.000000000000000000e+00,0.000000000000000000e+00,0.000000000000000000e+00,0.000000000000000000e+00,0.000000000000000000e+00,8.653438013541226992e-01,0.000000000000000000e+00,0.000000000000000000e+00,0.000000000000000000e+00
5.430430430430431585e-09,0.000000000000000000e+00,0.000000000000000000e+00,4.082095506780980543e-01,0.000000000000000000e+00,0.000000000000000000e+00,0.000000000000000000e+00,0.000000000000000000e+00,0.000000000000000000e+00,8.756209434962649585e-01,0.000000000000000000e+00,0.000000000000000000e+00,0.000000000000000000e+00
5.447947947947948698e-09,0.000000000000000000e+00,0.000000000000000000e+00,4.116805891480721513e-01,0.000000000000000000e+00,0.000000000000000000e+00,0.000000000000000000e+00,0.000000000000000000e+00,0.000000000000000000e+00,8.858980856384068847e-01,0.000000000000000000e+00,0.000000000000000000e+00,0.000000000000000000e+00
5.465465465465466638e-09,0.000000000000000000e+00,0.000000000000000000e+00,4.151742627673729036e-01,0.000000000000000000e+00,0.000000000000000000e+00,0.000000000000000000e+00,0.000000000000000000e+00,0.000000000000000000e+00,8.961752277805491440e-01,0.000000000000000000e+00,0.000000000000000000e+00,0.000000000000000000e+00
5.482982982982983751e-09,0.000000000000000000e+00,0.000000000000000000e+00,4.186902275563358922e-01,0.000000000000000000e+00,0.000000000000000000e+00,0.000000000000000000e+00,0.000000000000000000e+00,0.000000000000000000e+00,9.064523699226912923e-01,0.000000000000000000e+00,0.000000000000000000e+00,0.000000000000000000e+00
5.500500500500501691e-09,0.000000000000000000e+00,0.000000000000000000e+00,4.222281443411303181e-01,0.000000000000000000e+00,0.000000000000000000e+00,0.000000000000000000e+00,0.000000000000000000e+00,0.000000000000000000e+00,9.167295120648335516e-01,0.000000000000000000e+00,0.000000000000000000e+00,0.000000000000000000e+00
5.518018018018018804e-09,0.000000000000000000e+00,0.000000000000000000e+00,4.257876787402006258e-01,0.000000000000000000e+00,0.000000000000000000e+00,0.000000000000000000e+00,0.000000000000000000e+00,0.000000000000000000e+00,9.270066542069754778e-01,0.000000000000000000e+00,0.000000000000000000e+00,0.000000000000000000e+00
5.535535535535536744e-09,0.000000000000000000e+00,0.000000000000000000e+00,4.293685011472468949e-01,0.000000000000000000e+00,0.000000000000000000e+00,0.000000000000000000e+00,0.000000000000000000e+00,0.000000000000000000e+00,9.372837963491179591e-01,0.000000000000000000e+00,0.000000000000000000e+00,0.000000000000000000e+00
5.553053053053053857e-09,0.000000000000000000e+00,0.000000000000000000e+00,4.329702867109511688e-01,0.000000000000000000e+00,0.000000000000000000e+00,0.000000000000000000e+00,0.000000000000000000e+00,0.000000000000000000e+00,9.475609384912598854e-01,0.000000000000000000e+00,0.000000000000000000e+00,0.000000000000000000e+00
5.570570570570571797e-09,0.000000000000000000e+00,0.000000000000000000e+00,4.365927153116616610e-01,0.000000000000000000e+00,0.000000000000000000e+00,0.000000000000000000e+00,0.000000000000000000e+00,0.000000000000000000e+00,9.578380806334021447e-01,0.000000000000000000e+00,0.000000000000000000e+00,0.000000000000000000e+00
5.588088088088088910e-09,0.000000000000000000e+00,0.000000000000000000e+00,4.402354715352260195e-01,0.000000000000000000e+00,0.000000000000000000e+00,0.000000000000000000e+00,0.000000000000000000e+00,0.000000000000000000e+00,9.681152227755439599e-01,0.000000000000000000e+00,0.000000000000000000e+00,0.000000000000000000e+00
5.605605605605606851e-09,0.000000000000000000e+00,0.000000000000000000e+00,4.438982446441692709e-01,0.000000000000000000e+00,0.000000000000000000e+00,0.000000000000000000e+00,0.000000000000000000e+00,0.000000000000000000e+00,9.783923649176865522e-01,0.000000000000000000e+00,0.000000000000000000e+00,0.000000000000000000e+00
5.623123123123123964e-09,0.000000000000000000e+00,0.000000000000000000e+00,4.475807285463945240e-01,0.000000000000000000e+00,0.000000000000000000e+00,0.000000000000000000e+00,0.000000000000000000e+00,0.000000000000000000e+00,9.886695070598283674e-01,0.000000000000000000e+00,0.000000000000000000e+00,0.000000000000000000e+00
5.640640640640641077e-09,0.000000000000000000e+00,0.000000000000000000e+00,4.512826217615881763e-01,0.000000000000000000e+00,0.000000000000000000e+00,0.000000000000000000e+00,0.000000000000000000e+00,0.000000000000000000e+00,9.989466492019702937e-01,0.000000000000000000e+00,0.000000000000000000e+00,0.000000000000000000e+00
5.658158158158159017e-09,0.000000000000000000e+00,0.000000000000000000e+00,4.550036273854930480e-01,0.000000000000000000e+00,0.000000000000000000e+00,0.000000000000000000e+00,0.000000000000000000e+00,0.000000000000000000e+00,1.009223791344112664e+00,0.000000000000000000e+00,0.000000000000000000e+00,0.000000000000000000e+00
5.675675675675676130e-09,0.000000000000000000e+00,0.000000000000000000e+00,4.587434530522131459e-01,0.000000000000000000e+00,0.000000000000000000e+00,0.000000000000000000e+00,0.000000000000000000e+00,0.000000000000000000e+00,1.019500933486254368e+00,0.000000000000000000e+00,0.000000000000000000e+00,0.000000000000000000e+00
5.693193193193194070e-09,0.000000000000000000e+00,0.000000000000000000e+00,4.625018108947077655e-01,0.000000000000000000e+00,0.000000000000000000e+00,0.000000000000000000e+00,0.000000000000000000e+00,0.000000000000000000e+00,1.029778075628396961e+00,0.000000000000000000e+00,0.000000000000000000e+00,0.000000000000000000e+00
5.710710710710711183e-09,0.000000000000000000e+00,0.000000000000000000e+00,4.662784175036165379e-01,0.000000000000000000e+00,0.000000000000000000e+00,0.000000000000000000e+00,0.000000000000000000e+00,0.000000000000000000e+00,1.040055217770538887e+00,0.000000000000000000e+00,0.000000000000000000e+00,0.000000000000000000e+00
5.728228228228229123e-09,0.000000000000000000e+00,0.000000000000000000e+00,4.700729938845650269e-01,0.000000000000000000e+00,0.000000000000000000e+00,0.000000000000000000e+00,0.000000000000000000e+00,0.000000000000000000e+00,1.050332359912681257e+00,0.000000000000000000e+00,0.000000000000000000e+00,0.000000000000000000e+00
5.745745745745746236e-09,0.000000000000000000e+00,0.000000000000000000e+00,4.738852654140779386e-01,0.000000000000000000e+00,0.000000000000000000e+00,0.000000000000000000e+00,0.000000000000000000e+00,0.000000000000000000e+00,1.060609502054822961e+00,0.000000000000000000e+00,0.000000000000000000e+00,0.000000000000000000e+00
5.763263263263264176e-09,0.000000000000000000e+00,0.000000000000000000e+00,4.777149617942361148e-01,0.000000000000000000e+00,0.000000000000000000e+00,0.000000000000000000e+00,0.000000000000000000e+00,0.000000000000000000e+00,1.070886644196965554e+00,0.000000000000000000e+00,0.000000000000000000e+00,0.000000000000000000e+00
5.780780780780781289e-09,0.000000000000000000e+00,0.000000000000000000e+00,4.815618170061917169e-01,0.000000000000000000e+00,0.000000000000000000e+00,0.000000000000000000e+00,0.000000000000000000e+00,0.000000000000000000e+00,1.081163786339107480e+00,0.000000000000000000e+00,0.000000000000000000e+00,0.000000000000000000e+00
5.798298298298299229e-09,0.000000000000000000e+00,0.000000000000000000e+00,4.854255692626677776e-01,0.000000000000000000e+00,0.000000000000000000e+00,0.000000000000000000e+00,0.000000000000000000e+00,0.000000000000000000e+00,1.091440928481249628e+00,0.000000000000000000e+00,0.000000000000000000e+00,0.000000000000000000e+00
5.815815815815816342e-09,0.000000000000000000e+00,0.000000000000000000e+00,4.893059609595437620e-01,0.000000000000000000e+00,0.000000000000000000e+00,0.000000000000000000e+00,0.000000000000000000e+00,0.000000000000000000e+00,1.101718070623391776e+00,0.000000000000000000e+00,0.000000000000000000e+00,0.000000000000000000e+00
5.833333333333334283e-09,0.000000000000000000e+00,0.000000000000000000e+00,4.932027386266376601e-01,0.000000000000000000e+00,0.000000000000000000e+00,0.000000000000000000e+00,0.000000000000000000e+00,0.000000000000000000e+00,1.111995212765534147e+00,0.000000000000000000e+00,0.000000000000000000e+00,0.000000000000000000e+00
5.850850850850851396e-09,0.000000000000000000e+00,0.000000000000000000e+00,4.971156528777842531e-01,0.000000000000000000e+00,0.000000000000000000e+00,0.000000000000000000e+00,0.000000000000000000e+00,0.000000000000000000e+00,1.122272354907676073e+00,0.000000000000000000e+00,0.000000000000000000e+00,0.000000000000000000e+00
5.868368368368369336e-09,0.000000000000000000e+00,0.000000000000000000e+00,5.010444583603008706e-01,0.000000000000000000e+00,0.000000000000000000e+00,0.000000000000000000e+00,0.000000000000000000e+00,0.000000000000000000e+00,1.132549497049818221e+00,0.000000000000000000e+00,0.000000000000000000e+00,0.000000000000000000e+00
5.885885885885886449e-09,0.000000000000000000e+00,0.000000000000000000e+00,5.049889137039325071e-01,0.000000000000000000e+00,0.000000000000000000e+00,0.000000000000000000e+00,0.000000000000000000e+00,0.000000000000000000e+00,1.142826639191960370e+00,0.000000000000000000e+00,0.000000000000000000e+00,0.000000000000000000e+00
5.903403403403404389e-09,0.000000000000000000e+00,0.000000000000000000e+00,5.089487814693618439e-01,0.000000000000000000e+00,0.000000000000000000e+00,0.000000000000000000e+00,0.000000000000000000e+00,0.000000000000000000e+00,1.153103781334102740e+00,0.000000000000000000e+00,0.000000000000000000e+00,0.000000000000000000e+00
5.920920920920921502e-09,0.000000000000000000e+00,0.000000000000000000e+00,5.129238280963583918e-01,0.000000000000000000e+00,0.000000000000000000e+00,0.000000000000000000e+00,0.000000000000000000e+00,0.000000000000000000e+00,1.163380923476244666e+00,0.000000000000000000e+00,0.000000000000000000e+00,0.000000000000000000e+00
5.938438438438439442e-09,0.000000000000000000e+00,0.000000000000000000e+00,5.169138238516501893e-01,0.000000000000000000e+00,0.000000000000000000e+00,0.000000000000000000e+00,0.000000000000000000e+00,0.000000000000000000e+00,1.173658065618387036e+00,0.000000000000000000e+00,0.000000000000000000e+00,0.000000000000000000e+00
5.955955955955956555e-09,0.000000000000000000e+00,0.000000000000000000e+00,5.209185427765807841e-01,0.000000000000000000e+00,0.000000000000000000e+00,0.000000000000000000e+00,0.000000000000000000e+00,0.000000000000000000e+00,1.183935207760528741e+00,0.000000000000000000e+00,0.000000000000000000e+00,0.000000000000000000e+00
5.973473473473474495e-09,0.000000000000000000e+00,0.000000000000000000e+00,5.249377626346243275e-01,0.000000000000000000e+00,0.000000000000000000e+00,0.000000000000000000e+00,0.000000000000000000e+00,0.000000000000000000e+00,1.194212349902671333e+00,0.000000000000000000e+00,0.000000000000000000e+00,0.000000000000000000e+00
5.990990990990991608e-09,0.000000000000000000e+00,0.000000000000000000e+00,5.289712648588155153e-01,0.000000000000000000e+00,0.000000000000000000e+00,0.000000000000000000e+00,0.000000000000000000e+00,0.000000000000000000e+00,1.204489492044813259e+00,0.000000000000000000e+00,0.000000000000000000e+00,0.000000000000000000e+00
6.008508508508509548e-09,0.000000000000000000e+00,0.000000000000000000e+00,5.330188344991605431e-01,0.000000000000000000e+00,0.000000000000000000e+00,0.000000000000000000e+00,0.000000000000000000e+00,0.000000000000000000e+00,1.214766634186955407e+00,0.000000000000000000e+00,0.000000000000000000e+00,0.000000000000000000e+00
6.026026026026026661e-09,0.000000000000000000e+00,0.000000000000000000e+00,5.370802601700760404e-01,0.000000000000000000e+00,0.000000000000000000e+00,0.000000000000000000e+00,0.000000000000000000e+00,0.000000000000000000e+00,1.225043776329097556e+00,0.000000000000000000e+00,0.000000000000000000e+00,0.000000000000000000e+00
6.043543543543544601e-09,0.000000000000000000e+00,0.000000000000000000e+00,5.411553339979124910e-01,0.000000000000000000e+00,0.000000000000000000e+00,0.000000000000000000e+00,0.000000000000000000e+00,0.000000000000000000e+00,1.235320918471239926e+00,0.000000000000000000e+00,0.000000000000000000e+00,0.000000000000000000e+00
6.061061061061061714e-09,0.000000000000000000e+00,0.000000000000000000e+00,5.452438515686089948e-01,0.000000000000000000e+00,0.000000000000000000e+00,0.000000000000000000e+00,0.000000000000000000e+00,0.000000000000000000e+00,1.245598060613381630e+00,0.000000000000000000e+00,0.000000000000000000e+00,0.000000000000000000e+00
6.078578578578579655e-09,0.000000000000000000e+00,0.000000000000000000e+00,5.493456118755241091e-01,0.000000000000000000e+00,0.000000000000000000e+00,0.000000000000000000e+00,0.000000000000000000e+00,0.000000000000000000e+00,1.255875202755524001e+00,0.000000000000000000e+00,0.000000000000000000e+00,0.000000000000000000e+00
6.096096096096096768e-09,0.000000000000000000e+00,0.000000000000000000e+00,5.534604172674830735e-01,0.000000000000000000e+00,0.000000000000000000e+00,0.000000000000000000e+00,0.000000000000000000e+00,0.000000000000000000e+00,1.266152344897666149e+00,0.000000000000000000e+00,0.000000000000000000e+00,0.000000000000000000e+00
6.113613613613614708e-09,0.000000000000000000e+00,0.000000000000000000e+00,5.575880733970832726e-01,0.000000000000000000e+00,0.000000000000000000e+00,0.000000000000000000e+00,0.000000000000000000e+00,0.000000000000000000e+00,1.276429487039808519e+00,0.000000000000000000e+00,0.000000000000000000e+00,0.000000000000000000e+00
6.131131131131131821e-09,0.000000000000000000e+00,0.000000000000000000e+00,5.617283891692907982e-01,0.000000000000000000e+00,0.000000000000000000e+00,0.000000000000000000e+00,0.000000000000000000e+00,0.000000000000000000e+00,1.286706629181950223e+00,0.000000000000000000e+00,0.000000000000000000e+00,0.000000000000000000e+00
6.148648648648649761e-09,0.000000000000000000e+00,0.000000000000000000e+00,5.658811766903635299e-01,0.000000000000000000e+00,0.000000000000000000e+00,0.000000000000000000e+00,0.000000000000000000e+00,0.000000000000000000e+00,1.296983771324092594e+00,0.000000000000000000e+00,0.000000000000000000e+00,0.000000000000000000e+00
6.166166166166166874e-09,0.000000000000000000e+00,0.000000000000000000e+00,5.700462512171295959e-01,0.000000000000000000e+00,0.000000000000000000e+00,0.000000000000000000e+00,0.000000000000000000e+00,0.000000000000000000e+00,1.307260913466234742e+00,0.000000000000000000e+00,0.000000000000000000e+00,0.000000000000000000e+00
6.183683683683684814e-09,0.000000000000000000e+00,0.000000000000000000e+00,5.742234311066513053e-01,0.000000000000000000e+00,0.000000000000000000e+00,0.000000000000000000e+00,0.000000000000000000e+00,0.000000000000000000e+00,1.317538055608377112e+00,0.000000000000000000e+00,0.000000000000000000e+00,0.000000000000000000e+00
6.201201201201201927e-09,0.000000000000000000e+00,0.000000000000000000e+00,5.784125377663003054e-01,0.000000000000000000e+00,0.000000000000000000e+00,0.000000000000000000e+00,0.000000000000000000e+00,0.000000000000000000e+00,1.327815197750518816e+00,0.000000000000000000e+00,0.000000000000000000e+00,0.000000000000000000e+00
6.218718718718719867e-09,0.000000000000000000e+00,0.000000000000000000e+00,5.826133956042675033e-01,0.000000000000000000e+00,0.000000000000000000e+00,0.000000000000000000e+00,0.000000000000000000e+00,0.000000000000000000e+00,1.338092339892661409e+00,0.000000000000000000e+00,0.000000000000000000e+00,0.000000000000000000e+00
6.236236236236236980e-09,0.000000000000000000e+00,0.000000000000000000e+00,5.868258319805259582e-01,0.000000000000000000e+00,0.000000000000000000e+00,0.000000000000000000e+00,0.000000000000000000e+00,0.000000000000000000e+00,1.348369482034803335e+00,0.000000000000000000e+00,0.000000000000000000e+00,0.000000000000000000e+00
6.253753753753754920e-09,0.000000000000000000e+00,0.000000000000000000e+00,5.910496771582771647e-01,0.000000000000000000e+00,0.000000000000000000e+00,0.000000000000000000e+00,0.000000000000000000e+00,0.000000000000000000e+00,1.358646624176945483e+00,0.000000000000000000e+00,0.000000000000000000e+00,0.000000000000000000e+00
6.271271271271272033e-09,0.000000000000000000e+00,0.000000000000000000e+00,5.952847642558833918e-01,0.000000000000000000e+00,0.000000000000000000e+00,0.000000000000000000e+00,0.000000000000000000e+00,0.000000000000000000e+00,1.368923766319087409e+00,0.000000000000000000e+00,0.000000000000000000e+00,0.000000000000000000e+00
6.288788788788789974e-09,0.000000000000000000e+00,0.000000000000000000e+00,5.995309291993176082e-01,0.000000000000000000e+00,0.000000000000000000e+00,0.000000000000000000e+00,0.000000000000000000e+00,0.000000000000000000e+00,1.379200908461230002e+00,0.000000000000000000e+00,0.000000000000000000e+00,0.000000000000000000e+00
6.306306306306307087e-09,0.000000000000000000e+00,0.000000000000000000e+00,6.037880106751331022e-01,0.000000000000000000e+00,0.000000000000000000e+00,0.000000000000000000e+00,0.000000000000000000e+00,0.000000000000000000e+00,1.389478050603371928e+00,0.000000000000000000e+00,0.000000000000000000e+00,0.000000000000000000e+00
6.323823823823825027e-09,0.000000000000000000e+00,0.000000000000000000e+00,6.080558500839750025e-01,0.000000000000000000e+00,0.000000000000000000e+00,0.000000000000000000e+00,0.000000000000000000e+00,0.000000000000000000e+00,1.399755192745514076e+00,0.000000000000000000e+00,0.000000000000000000e+00,0.000000000000000000e+00
6.341341341341342140e-09,0.000000000000000000e+00,0.000000000000000000e+00,6.123342914946394711e-01,0.000000000000000000e+00,0.000000000000000000e+00,0.000000000000000000e+00,0.000000000000000000e+00,0.000000000000000000e+00,1.410032334887656003e+00,0.000000000000000000e+00,0.000000000000000000e+00,0.000000000000000000e+00
6.358858858858860080e-09,0.000000000000000000e+00,0.000000000000000000e+00,6.166231815986937814e-01,0.000000000000000000e+00,0.000000000000000000e+00,0.000000000000000000e+00,0.000000000000000000e+00,0.000000000000000000e+00,1.420309477029798595e+00,0.000000000000000000e+00,0.000000000000000000e+00,0.000000000000000000e+00
6.376376376376377193e-09,0.000000000000000000e+00,0.000000000000000000e+00,6.209223696656631653e-01,0.000000000000000000e+00,0.000000000000000000e+00,0.000000000000000000e+00,0.000000000000000000e+00,0.000000000000000000e+00,1.430586619171940521e+00,0.000000000000000000e+00,0.000000000000000000e+00,0.000000000000000000e+00
6.393893893893895133e-09,0.000000000000000000e+00,0.000000000000000000e+00,6.252317074987974177e-01,0.000000000000000000e+00,0.000000000000000000e+00,0.000000000000000000e+00,0.000000000000000000e+00,0.000000000000000000e+00,1.440863761314082669e+00,0.000000000000000000e+00,0.000000000000000000e+00,0.000000000000000000e+00
6.411411411411412246e-09,0.000000000000000000e+00,0.000000000000000000e+00,6.295510493914167061e-01,0.000000000000000000e+00,0.000000000000000000e+00,0.000000000000000000e+00,0.000000000000000000e+00,0.000000000000000000e+00,1.451140903456224596e+00,0.000000000000000000e+00,0.000000000000000000e+00,0.000000000000000000e+00
6.428928928928930186e-09,0.000000000000000000e+00,0.000000000000000000e+00,6.338802520838476839e-01,0.000000000000000000e+00,0.000000000000000000e+00,0.000000000000000000e+00,0.000000000000000000e+00,0.000000000000000000e+00,1.461418045598367188e+00,0.000000000000000000e+00,0.000000000000000000e+00,0.000000000000000000e+00
6.446446446446447299e-09,0.000000000000000000e+00,0.000000000000000000e+00,6.382191747209509103e-01,0.000000000000000000e+00,0.000000000000000000e+00,0.000000000000000000e+00,0.000000000000000000e+00,0.000000000000000000e+00,1.471695187740508892e+00,0.000000000000000000e+00,0.000000000000000000e+00,0.000000000000000000e+00
6.463963963963965239e-09,0.000000000000000000e+00,0.000000000000000000e+00,6.425676788102456793e-01,0.000000000000000000e+00,0.000000000000000000e+00,0.000000000000000000e+00,0.000000000000000000e+00,0.000000000000000000e+00,1.481972329882651263e+00,0.000000000000000000e+00,0.000000000000000000e+00,0.000000000000000000e+00
6.481481481481482352e-09,0.000000000000000000e+00,0.000000000000000000e+00,6.469256281806317066e-01,0.000000000000000000e+00,0.000000000000000000e+00,0.000000000000000000e+00,0.000000000000000000e+00,0.000000000000000000e+00,1.492249472024793189e+00,0.000000000000000000e+00,0.000000000000000000e+00,0.000000000000000000e+00
6.498998998999000293e-09,0.000000000000000000e+00,0.000000000000000000e+00,6.512928889417115563e-01,0.000000000000000000e+00,0.000000000000000000e+00,0.000000000000000000e+00,0.000000000000000000e+00,0.000000000000000000e+00,1.502526614166935781e+00,0.000000000000000000e+00,0.000000000000000000e+00,0.000000000000000000e+00
6.516516516516517406e-09,0.000000000000000000e+00,0.000000000000000000e+00,6.556693294437139219e-01,0.000000000000000000e+00,0.000000000000000000e+00,0.000000000000000000e+00,0.000000000000000000e+00,0.000000000000000000e+00,1.512803756309077485e+00,0.000000000000000000e+00,0.000000000000000000e+00,0.000000000000000000e+00
6.534034034034035346e-09,0.000000000000000000e+00,0.000000000000000000e+00,6.600548202380196461e-01,0.000000000000000000e+00,0.000000000000000000e+00,0.000000000000000000e+00,0.000000000000000000e+00,0.000000000000000000e+00,1.523080898451219856e+00,0.000000000000000000e+00,0.000000000000000000e+00,0.000000000000000000e+00
6.551551551551552459e-09,0.000000000000000000e+00,0.000000000000000000e+00,6.644492340382841533e-01,0.000000000000000000e+00,0.000000000000000000e+00,0.000000000000000000e+00,0.000000000000000000e+00,0.000000000000000000e+00,1.533358040593361782e+00,0.000000000000000000e+00,0.000000000000000000e+00,0.000000000000000000e+00
6.569069069069070399e-09,0.000000000000000000e+00,0.000000000000000000e+00,6.688524456821660635e-01,0.000000000000000000e+00,0.000000000000000000e+00,0.000000000000000000e+00,0.000000000000000000e+00,0.000000000000000000e+00,1.543635182735504374e+00,0.000000000000000000e+00,0.000000000000000000e+00,0.000000000000000000e+00
6.586586586586587512e-09,0.000000000000000000e+00,0.000000000000000000e+00,6.732643320936453346e-01,0.000000000000000000e+00,0.000000000000000000e+00,0.000000000000000000e+00,0.000000000000000000e+00,0.000000000000000000e+00,1.553912324877646078e+00,0.000000000000000000e+00,0.000000000000000000e+00,0.000000000000000000e+00
6.604104104104105452e-09,0.000000000000000000e+00,0.000000000000000000e+00,6.776847722459455881e-01,0.000000000000000000e+00,0.000000000000000000e+00,0.000000000000000000e+00,0.000000000000000000e+00,0.000000000000000000e+00,1.564189467019788449e+00,0.000000000000000000e+00,0.000000000000000000e+00,0.000000000000000000e+00
6.621621621621622565e-09,0.000000000000000000e+00,0.000000000000000000e+00,6.821136471250417443e-01,0.000000000000000000e+00,0.000000000000000000e+00,0.000000000000000000e+00,0.000000000000000000e+00,0.000000000000000000e+00,1.574466609161930597e+00,0.000000000000000000e+00,0.000000000000000000e+00,0.000000000000000000e+00
6.639139139139140505e-09,0.000000000000000000e+00,0.000000000000000000e+00,6.865508396937622937e-01,0.000000000000000000e+00,0.000000000000000000e+00,0.000000000000000000e+00,0.000000000000000000e+00,0.000000000000000000e+00,1.584743751304072745e+00,0.000000000000000000e+00,0.000000000000000000e+00,0.000000000000000000e+00
6.656656656656657618e-09,0.000000000000000000e+00,0.000000000000000000e+00,6.909962348564747669e-01,0.000000000000000000e+00,0.000000000000000000e+00,0.000000000000000000e+00,0.000000000000000000e+00,0.000000000000000000e+00,1.595020893446214671e+00,0.000000000000000000e+00,0.000000000000000000e+00,0.000000000000000000e+00
6.674174174174175558e-09,0.000000000000000000e+00,0.000000000000000000e+00,6.954497194243538516e-01,0.000000000000000000e+00,0.000000000000000000e+00,0.000000000000000000e+00,0.000000000000000000e+00,0.000000000000000000e+00,1.605298035588357042e+00,0.000000000000000000e+00,0.000000000000000000e+00,0.000000000000000000e+00
6.691691691691692671e-09,0.000000000000000000e+00,0.000000000000000000e+00,6.999111820812264906e-01,0.000000000000000000e+00,0.000000000000000000e+00,0.000000000000000000e+00,0.000000000000000000e+00,0.000000000000000000e+00,1.615575177730499190e+00,0.000000000000000000e+00,0.000000000000000000e+00,0.000000000000000000e+00
6.709209209209210611e-09,0.000000000000000000e+00,0.000000000000000000e+00,7.043805133499900784e-01,0.000000000000000000e+00,0.000000000000000000e+00,0.000000000000000000e+00,0.000000000000000000e+00,0.000000000000000000e+00,1.625852319872641338e+00,0.000000000000000000e+00,0.000000000000000000e+00,0.000000000000000000e+00
6.726726726726727724e-09,0.000000000000000000e+00,0.000000000000000000e+00,7.088576055595985359e-01,0.000000000000000000e+00,0.000000000000000000e+00,0.000000000000000000e+00,0.000000000000000000e+00,0.000000000000000000e+00,1.636129462014783265e+00,0.000000000000000000e+00,0.000000000000000000e+00,0.000000000000000000e+00
6.744244244244244837e-09,0.000000000000000000e+00,0.000000000000000000e+00,7.133423528126090485e-01,0.000000000000000000e+00,0.000000000000000000e+00,0.000000000000000000e+00,0.000000000000000000e+00,0.000000000000000000e+00,1.646406604156925191e+00,0.000000000000000000e+00,0.000000000000000000e+00,0.000000000000000000e+00
6.761761761761762778e-09,0.000000000000000000e+00,0.000000000000000000e+00,7.178346509532878006e-01,0.000000000000000000e+00,0.000000000000000000e+00,0.000000000000000000e+00,0.000000000000000000e+00,0.000000000000000000e+00,1.656683746299067783e+00,0.000000000000000000e+00,0.000000000000000000e+00,0.000000000000000000e+00
6.779279279279279891e-09,0.000000000000000000e+00,0.000000000000000000e+00,7.223343975362631619e-01,0.000000000000000000e+00,0.000000000000000000e+00,0.000000000000000000e+00,0.000000000000000000e+00,0.000000000000000000e+00,1.666960888441209487e+00,0.000000000000000000e+00,0.000000000000000000e+00,0.000000000000000000e+00
6.796796796796797831e-09,0.000000000000000000e+00,0.000000000000000000e+00,7.268414917957288779e-01,0.000000000000000000e+00,0.000000000000000000e+00,0.000000000000000000e+00,0.000000000000000000e+00,0.000000000000000000e+00,1.677238030583351858e+00,0.000000000000000000e+00,0.000000000000000000e+00,0.000000000000000000e+00
6.814314314314314944e-09,0.000000000000000000e+00,0.000000000000000000e+00,7.313558346151800560e-01,0.000000000000000000e+00,0.000000000000000000e+00,0.000000000000000000e+00,0.000000000000000000e+00,0.000000000000000000e+00,1.687515172725493784e+00,0.000000000000000000e+00,0.000000000000000000e+00,0.000000000000000000e+00
6.831831831831832884e-09,0.000000000000000000e+00,0.000000000000000000e+00,7.358773284976858342e-01,0.000000000000000000e+00,0.000000000000000000e+00,0.000000000000000000e+00,0.000000000000000000e+00,0.000000000000000000e+00,1.697792314867636376e+00,0.000000000000000000e+00,0.000000000000000000e+00,0.000000000000000000e+00
6.849349349349349997e-09,0.000000000000000000e+00,0.000000000000000000e+00,7.404058775366851863e-01,0.000000000000000000e+00,0.000000000000000000e+00,0.000000000000000000e+00,0.000000000000000000e+00,0.000000000000000000e+00,1.708069457009778080e+00,0.000000000000000000e+00,0.000000000000000000e+00,0.000000000000000000e+00
6.866866866866867937e-09,0.000000000000000000e+00,0.000000000000000000e+00,7.449413873873049763e-01,0.000000000000000000e+00,0.000000000000000000e+00,0.000000000000000000e+00,0.000000000000000000e+00,0.000000000000000000e+00,1.718346599151920451e+00,0.000000000000000000e+00,0.000000000000000000e+00,0.000000000000000000e+00
6.884384384384385050e-09,0.000000000000000000e+00,0.000000000000000000e+00,7.494837652381860504e-01,0.000000000000000000e+00,0.000000000000000000e+00,0.000000000000000000e+00,0.000000000000000000e+00,0.000000000000000000e+00,1.728623741294062377e+00,0.000000000000000000e+00,0.000000000000000000e+00,0.000000000000000000e+00
6.901901901901902990e-09,0.000000000000000000e+00,0.000000000000000000e+00,7.540329197838196995e-01,0.000000000000000000e+00,0.000000000000000000e+00,0.000000000000000000e+00,0.000000000000000000e+00,0.000000000000000000e+00,1.738900883436204747e+00,0.000000000000000000e+00,0.000000000000000000e+00,0.000000000000000000e+00
6.919419419419420103e-09,0.000000000000000000e+00,0.000000000000000000e+00,7.585887611973789468e-01,0.000000000000000000e+00,0.000000000000000000e+00,0.000000000000000000e+00,0.000000000000000000e+00,0.000000000000000000e+00,1.749178025578346674e+00,0.000000000000000000e+00,0.000000000000000000e+00,0.000000000000000000e+00
6.936936936936938043e-09,0.000000000000000000e+00,0.000000000000000000e+00,7.631512011040448851e-01,0.000000000000000000e+00,0.000000000000000000e+00,0.000000000000000000e+00,0.000000000000000000e+00,0.000000000000000000e+00,1.759455167720489044e+00,0.000000000000000000e+00,0.000000000000000000e+00,0.000000000000000000e+00
6.954454454454455156e-09,0.000000000000000000e+00,0.000000000000000000e+00,7.677201525548145167e-01,0.000000000000000000e+00,0.000000000000000000e+00,0.000000000000000000e+00,0.000000000000000000e+00,0.000000000000000000e+00,1.769732309862630970e+00,0.000000000000000000e+00,0.000000000000000000e+00,0.000000000000000000e+00
6.971971971971973097e-09,0.000000000000000000e+00,0.000000000000000000e+00,7.722955300007899870e-01,0.000000000000000000e+00,0.000000000000000000e+00,0.000000000000000000e+00,0.000000000000000000e+00,0.000000000000000000e+00,1.780009452004773340e+00,0.000000000000000000e+00,0.000000000000000000e+00,0.000000000000000000e+00
6.989489489489490210e-09,0.000000000000000000e+00,0.000000000000000000e+00,7.768772492679356656e-01,0.000000000000000000e+00,0.000000000000000000e+00,0.000000000000000000e+00,0.000000000000000000e+00,0.000000000000000000e+00,1.790286594146915267e+00,0.000000000000000000e+00,0.000000000000000000e+00,0.000000000000000000e+00
7.007007007007008150e-09,0.000000000000000000e+00,0.000000000000000000e+00,7.814652275322996333e-01,0.000000000000000000e+00,0.000000000000000000e+00,0.000000000000000000e+00,0.000000000000000000e+00,0.000000000000000000e+00,1.800563736289057637e+00,0.000000000000000000e+00,0.000000000000000000e+00,0.000000000000000000e+00
7.024524524524525263e-09,0.000000000000000000e+00,0.000000000000000000e+00,7.860593832956921378e-01,0.000000000000000000e+00,0.000000000000000000e+00,0.000000000000000000e+00,0.000000000000000000e+00,0.000000000000000000e+00,1.810840878431199785e+00,0.000000000000000000e+00,0.000000000000000000e+00,0.000000000000000000e+00
7.042042042042043203e-09,0.000000000000000000e+00,0.000000000000000000e+00,7.906596363618126899e-01,0.000000000000000000e+00,0.000000000000000000e+00,0.000000000000000000e+00,0.000000000000000000e+00,0.000000000000000000e+00,1.821118020573341933e+00,0.000000000000000000e+00,0.000000000000000000e+00,0.000000000000000000e+00
7.059559559559560316e-09,0.000000000000000000e+00,0.000000000000000000e+00,7.952659078128198056e-01,0.000000000000000000e+00,0.000000000000000000e+00,0.000000000000000000e+00,0.000000000000000000e+00,0.000000000000000000e+00,1.831395162715483860e+00,0.000000000000000000e+00,0.000000000000000000e+00,0.000000000000000000e+00
7.077077077077078256e-09,0.000000000000000000e+00,0.000000000000000000e+00,7.998781199863371771e-01,0.000000000000000000e+00,0.000000000000000000e+00,0.000000000000000000e+00,0.000000000000000000e+00,0.000000000000000000e+00,1.841672304857626230e+00,0.000000000000000000e+00,0.000000000000000000e+00,0.000000000000000000e+00
7.094594594594595369e-09,0.000000000000000000e+00,0.000000000000000000e+00,8.044961964528840603e-01,0.000000000000000000e+00,0.000000000000000000e+00,0.000000000000000000e+00,0.000000000000000000e+00,0.000000000000000000e+00,1.851949446999768156e+00,0.000000000000000000e+00,0.000000000000000000e+00,0.000000000000000000e+00
7.112112112112113309e-09,0.000000000000000000e+00,0.000000000000000000e+00,8.091200619937318761e-01,0.000000000000000000e+00,0.000000000000000000e+00,0.000000000000000000e+00,0.000000000000000000e+00,0.000000000000000000e+00,1.862226589141910527e+00,0.000000000000000000e+00,0.000000000000000000e+00,0.000000000000000000e+00
7.129629629629630422e-09,0.000000000000000000e+00,0.000000000000000000e+00,8.137496425791707066e-01,0.000000000000000000e+00,0.000000000000000000e+00,0.000000000000000000e+00,0.000000000000000000e+00,0.000000000000000000e+00,1.872503731284052453e+00,0.000000000000000000e+00,0.000000000000000000e+00,0.000000000000000000e+00
7.147147147147148362e-09,0.000000000000000000e+00,0.000000000000000000e+00,8.183848653471871293e-01,0.000000000000000000e+00,0.000000000000000000e+00,0.000000000000000000e+00,0.000000000000000000e+00,0.000000000000000000e+00,1.882780873426195045e+00,0.000000000000000000e+00,0.000000000000000000e+00,0.000000000000000000e+00
7.164664664664665475e-09,0.000000000000000000e+00,0.000000000000000000e+00,8.230256585825361793e-01,0.000000000000000000e+00,0.000000000000000000e+00,0.000000000000000000e+00,0.000000000000000000e+00,0.000000000000000000e+00,1.893058015568336749e+00,0.000000000000000000e+00,0.000000000000000000e+00,0.000000000000000000e+00
7.182182182182183415e-09,0.000000000000000000e+00,0.000000000000000000e+00,8.276719516962148804e-01,0.000000000000000000e+00,0.000000000000000000e+00,0.000000000000000000e+00,0.000000000000000000e+00,0.000000000000000000e+00,1.903335157710479120e+00,0.000000000000000000e+00,0.000000000000000000e+00,0.000000000000000000e+00
7.199699699699700528e-09,0.000000000000000000e+00,0.000000000000000000e+00,8.323236752053138066e-01,0.000000000000000000e+00,0.000000000000000000e+00,0.000000000000000000e+00,0.000000000000000000e+00,0.000000000000000000e+00,1.913612299852621046e+00,0.000000000000000000e+00,0.000000000000000000e+00,0.000000000000000000e+00
7.217217217217218469e-09,0.000000000000000000e+00,0.000000000000000000e+00,8.369807607132563332e-01,0.000000000000000000e+00,0.000000000000000000e+00,0.000000000000000000e+00,0.000000000000000000e+00,0.000000000000000000e+00,1.923889441994763638e+00,0.000000000000000000e+00,0.000000000000000000e+00,0.000000000000000000e+00
7.234734734734735582e-09,0.000000000000000000e+00,0.000000000000000000e+00,8.416431408904043732e-01,0.000000000000000000e+00,0.000000000000000000e+00,0.000000000000000000e+00,0.000000000000000000e+00,0.000000000000000000e+00,1.934166584136905342e+00,0.000000000000000000e+00,0.000000000000000000e+00,0.000000000000000000e+00
7.252252252252253522e-09,0.000000000000000000e+00,0.000000000000000000e+00,8.463107494550373699e-01,0.000000000000000000e+00,0.000000000000000000e+00,0.000000000000000000e+00,0.000000000000000000e+00,0.000000000000000000e+00,1.944443726279047713e+00,0.000000000000000000e+00,0.000000000000000000e+00,0.000000000000000000e+00
7.269769769769770635e-09,0.000000000000000000e+00,0.000000000000000000e+00,8.509835211546840084e-01,0.000000000000000000e+00,0.000000000000000000e+00,0.000000000000000000e+00,0.000000000000000000e+00,0.000000000000000000e+00,1.954720868421189639e+00,0.000000000000000000e+00,0.000000000000000000e+00,0.000000000000000000e+00
7.287287287287288575e-09,0.000000000000000000e+00,0.000000000000000000e+00,8.556613917478148590e-01,0.000000000000000000e+00,0.000000000000000000e+00,0.000000000000000000e+00,0.000000000000000000e+00,0.000000000000000000e+00,1.964998010563332009e+00,0.000000000000000000e+00,0.000000000000000000e+00,0.000000000000000000e+00
7.304804804804805688e-09,0.000000000000000000e+00,0.000000000000000000e+00,8.603442979858770823e-01,0.000000000000000000e+00,0.000000000000000000e+00,0.000000000000000000e+00,0.000000000000000000e+00,0.000000000000000000e+00,1.975275152705474158e+00,0.000000000000000000e+00,0.000000000000000000e+00,0.000000000000000000e+00
7.322322322322323628e-09,0.000000000000000000e+00,0.000000000000000000e+00,8.650321775956718584e-01,0.000000000000000000e+00,0.000000000000000000e+00,0.000000000000000000e+00,0.000000000000000000e+00,0.000000000000000000e+00,1.985552294847616306e+00,0.000000000000000000e+00,0.000000000000000000e+00,0.000000000000000000e+00
7.339839839839840741e-09,0.000000000000000000e+00,0.000000000000000000e+00,8.697249692620676598e-01,0.000000000000000000e+00,0.000000000000000000e+00,0.000000000000000000e+00,0.000000000000000000e+00,0.000000000000000000e+00,1.995829436989758454e+00,0.000000000000000000e+00,0.000000000000000000e+00,0.000000000000000000e+00
7.357357357357358681e-09,0.000000000000000000e+00,0.000000000000000000e+00,8.744226126110401509e-01,0.000000000000000000e+00,0.000000000000000000e+00,0.000000000000000000e+00,0.000000000000000000e+00,0.000000000000000000e+00,2.006106579131901047e+00,0.000000000000000000e+00,0.000000000000000000e+00,0.000000000000000000e+00
7.374874874874875794e-09,0.000000000000000000e+00,0.000000000000000000e+00,8.791250481930341643e-01,0.000000000000000000e+00,0.000000000000000000e+00,0.000000000000000000e+00,0.000000000000000000e+00,0.000000000000000000e+00,2.016383721274042529e+00,0.000000000000000000e+00,0.000000000000000000e+00,0.000000000000000000e+00
7.392392392392393734e-09,0.000000000000000000e+00,0.000000000000000000e+00,8.838322174666463082e-01,0.000000000000000000e+00,0.000000000000000000e+00,0.000000000000000000e+00,0.000000000000000000e+00,0.000000000000000000e+00,2.026660863416184899e+00,0.000000000000000000e+00,0.000000000000000000e+00,0.000000000000000000e+00
7.409909909909910847e-09,0.000000000000000000e+00,0.000000000000000000e+00,8.885440627826127757e-01,0.000000000000000000e+00,0.000000000000000000e+00,0.000000000000000000e+00,0.000000000000000000e+00,0.000000000000000000e+00,2.036938005558326825e+00,0.000000000000000000e+00,0.000000000000000000e+00,0.000000000000000000e+00
7.427427427427428788e-09,0.000000000000000000e+00,0.000000000000000000e+00,8.932605273681049063e-01,0.000000000000000000e+00,0.000000000000000000e+00,0.000000000000000000e+00,0.000000000000000000e+00,0.000000000000000000e+00,2.047215147700469196e+00,0.000000000000000000e+00,0.000000000000000000e+00,0.000000000000000000e+00
7.444944944944945901e-09,0.000000000000000000e+00,0.000000000000000000e+00,8.979815553113239535e-01,0.000000000000000000e+00,0.000000000000000000e+00,0.000000000000000000e+00,0.000000000000000000e+00,0.000000000000000000e+00,2.057492289842611566e+00,0.000000000000000000e+00,0.000000000000000000e+00,0.000000000000000000e+00
7.462462462462463841e-09,0.000000000000000000e+00,0.000000000000000000e+00,9.027070915463870637e-01,0.000000000000000000e+00,0.000000000000000000e+00,0.000000000000000000e+00,0.000000000000000000e+00,0.000000000000000000e+00,2.067769431984753492e+00,0.000000000000000000e+00,0.000000000000000000e+00,0.000000000000000000e+00
7.479979979979980954e-09,0.000000000000000000e+00,0.000000000000000000e+00,9.074370818385046888e-01,0.000000000000000000e+00,0.000000000000000000e+00,0.000000000000000000e+00,0.000000000000000000e+00,0.000000000000000000e+00,2.078046574126895418e+00,0.000000000000000000e+00,0.000000000000000000e+00,0.000000000000000000e+00
7.497497497497498067e-09,0.000000000000000000e+00,0.000000000000000000e+00,9.121714727694357761e-01,0.000000000000000000e+00,0.000000000000000000e+00,0.000000000000000000e+00,0.000000000000000000e+00,0.000000000000000000e+00,2.088323716269037789e+00,0.000000000000000000e+00,0.000000000000000000e+00,0.000000000000000000e+00
7.515015015015016834e-09,0.000000000000000000e+00,0.000000000000000000e+00,9.169102117232239557e-01,0.000000000000000000e+00,0.000000000000000000e+00,0.000000000000000000e+00,0.000000000000000000e+00,0.000000000000000000e+00,2.098600858411180159e+00,0.000000000000000000e+00,0.000000000000000000e+00,0.000000000000000000e+00
7.532532532532533947e-09,0.000000000000000000e+00,0.000000000000000000e+00,9.216532468722026250e-01,0.000000000000000000e+00,0.000000000000000000e+00,0.000000000000000000e+00,0.000000000000000000e+00,0.000000000000000000e+00,2.108878000553322085e+00,0.000000000000000000e+00,0.000000000000000000e+00,0.000000000000000000e+00
7.550050050050051060e-09,0.000000000000000000e+00,0.000000000000000000e+00,9.264005271632687055e-01,0.000000000000000000e+00,0.000000000000000000e+00,0.000000000000000000e+00,0.000000000000000000e+00,0.000000000000000000e+00,2.119155142695464455e+00,0.000000000000000000e+00,0.000000000000000000e+00,0.000000000000000000e+00
7.567567567567568173e-09,0.000000000000000000e+00,0.000000000000000000e+00,9.311520023044146388e-01,0.000000000000000000e+00,0.000000000000000000e+00,0.000000000000000000e+00,0.000000000000000000e+00,0.000000000000000000e+00,2.129432284837605938e+00,0.000000000000000000e+00,0.000000000000000000e+00,0.000000000000000000e+00
7.585085085085086940e-09,0.000000000000000000e+00,0.000000000000000000e+00,9.359076227515210622e-01,0.000000000000000000e+00,0.000000000000000000e+00,0.000000000000000000e+00,0.000000000000000000e+00,0.000000000000000000e+00,2.139709426979748752e+00,0.000000000000000000e+00,0.000000000000000000e+00,0.000000000000000000e+00
7.602602602602604053e-09,0.000000000000000000e+00,0.000000000000000000e+00,9.406673396953948441e-01,0.000000000000000000e+00,0.000000000000000000e+00,0.000000000000000000e+00,0.000000000000000000e+00,0.000000000000000000e+00,2.149986569121890678e+00,0.000000000000000000e+00,0.000000000000000000e+00,0.000000000000000000e+00
7.620120120120121166e-09,0.000000000000000000e+00,0.000000000000000000e+00,9.454311050490596946e-01,0.000000000000000000e+00,0.000000000000000000e+00,0.000000000000000000e+00,0.000000000000000000e+00,0.000000000000000000e+00,2.160263711264032604e+00,0.000000000000000000e+00,0.000000000000000000e+00,0.000000000000000000e+00
7.637637637637638279e-09,0.000000000000000000e+00,0.000000000000000000e+00,9.501988714352842536e-01,0.000000000000000000e+00,0.000000000000000000e+00,0.000000000000000000e+00,0.000000000000000000e+00,0.000000000000000000e+00,2.170540853406174975e+00,0.000000000000000000e+00,0.000000000000000000e+00,0.000000000000000000e+00
7.655155155155157047e-09,0.000000000000000000e+00,0.000000000000000000e+00,9.549705921743479875e-01,0.000000000000000000e+00,0.000000000000000000e+00,0.000000000000000000e+00,0.000000000000000000e+00,0.000000000000000000e+00,2.180817995548317789e+00,0.000000000000000000e+00,0.000000000000000000e+00,0.000000000000000000e+00
7.672672672672674160e-09,0.000000000000000000e+00,0.000000000000000000e+00,9.597462212720391239e-01,0.000000000000000000e+00,0.000000000000000000e+00,0.000000000000000000e+00,0.000000000000000000e+00,0.000000000000000000e+00,2.191095137690459271e+00,0.000000000000000000e+00,0.000000000000000000e+00,0.000000000000000000e+00
7.690190190190191273e-09,0.000000000000000000e+00,0.000000000000000000e+00,9.645257134078837336e-01,0.000000000000000000e+00,0.000000000000000000e+00,0.000000000000000000e+00,0.000000000000000000e+00,0.000000000000000000e+00,2.201372279832601642e+00,0.000000000000000000e+00,0.000000000000000000e+00,0.000000000000000000e+00
7.707707707707708386e-09,0.000000000000000000e+00,0.000000000000000000e+00,9.693090239235904182e-01,0.000000000000000000e+00,0.000000000000000000e+00,0.000000000000000000e+00,0.000000000000000000e+00,0.000000000000000000e+00,2.211649421974743124e+00,0.000000000000000000e+00,0.000000000000000000e+00,0.000000000000000000e+00
7.725225225225227153e-09,0.000000000000000000e+00,0.000000000000000000e+00,9.740961088117230382e-01,0.000000000000000000e+00,0.000000000000000000e+00,0.000000000000000000e+00,0.000000000000000000e+00,0.000000000000000000e+00,2.221926564116885938e+00,0.000000000000000000e+00,0.000000000000000000e+00,0.000000000000000000e+00
7.742742742742744266e-09,0.000000000000000000e+00,0.000000000000000000e+00,9.788869247045798305e-01,0.000000000000000000e+00,0.000000000000000000e+00,0.000000000000000000e+00,0.000000000000000000e+00,0.000000000000000000e+00,2.232203706259028309e+00,0.000000000000000000e+00,0.000000000000000000e+00,0.000000000000000000e+00
7.760260260260261379e-09,0.000000000000000000e+00,0.000000000000000000e+00,9.836814288632883541e-01,0.000000000000000000e+00,0.000000000000000000e+00,0.000000000000000000e+00,0.000000000000000000e+00,0.000000000000000000e+00,2.242480848401169791e+00,0.000000000000000000e+00,0.000000000000000000e+00,0.000000000000000000e+00
7.777777777777778492e-09,0.000000000000000000e+00,0.000000000000000000e+00,9.884795791671049381e-01,0.000000000000000000e+00,0.000000000000000000e+00,0.000000000000000000e+00,0.000000000000000000e+00,0.000000000000000000e+00,2.252757990543311717e+00,0.000000000000000000e+00,0.000000000000000000e+00,0.000000000000000000e+00
7.795295295295297259e-09,0.000000000000000000e+00,0.000000000000000000e+00,9.932813341029155252e-01,0.000000000000000000e+00,0.000000000000000000e+00,0.000000000000000000e+00,0.000000000000000000e+00,0.000000000000000000e+00,2.263035132685454975e+00,0.000000000000000000e+00,0.000000000000000000e+00,0.000000000000000000e+00
7.812812812812814372e-09,0.000000000000000000e+00,0.000000000000000000e+00,9.980866527549330236e-01,0.000000000000000000e+00,0.000000000000000000e+00,0.000000000000000000e+00,0.000000000000000000e+00,0.000000000000000000e+00,2.273312274827596458e+00,0.000000000000000000e+00,0.000000000000000000e+00,0.000000000000000000e+00
7.830330330330331485e-09,0.000000000000000000e+00,0.000000000000000000e+00,1.002895494794595166e+00,0.000000000000000000e+00,0.000000000000000000e+00,0.000000000000000000e+00,0.000000000000000000e+00,0.000000000000000000e+00,2.283589416969738828e+00,0.000000000000000000e+00,0.000000000000000000e+00,0.000000000000000000e+00
7.847847847847848598e-09,0.000000000000000000e+00,0.000000000000000000e+00,1.007707820470644666e+00,0.000000000000000000e+00,0.000000000000000000e+00,0.000000000000000000e+00,0.000000000000000000e+00,0.000000000000000000e+00,2.293866559111880310e+00,0.000000000000000000e+00,0.000000000000000000e+00,0.000000000000000000e+00
7.865365365365365711e-09,0.000000000000000000e+00,0.000000000000000000e+00,1.012523590599401224e+00,0.000000000000000000e+00,0.000000000000000000e+00,0.000000000000000000e+00,0.000000000000000000e+00,0.000000000000000000e+00,2.304143701254022236e+00,0.000000000000000000e+00,0.000000000000000000e+00,0.000000000000000000e+00
7.882882882882884479e-09,0.000000000000000000e+00,0.000000000000000000e+00,1.017342766555216604e+00,0.000000000000000000e+00,0.000000000000000000e+00,0.000000000000000000e+00,0.000000000000000000e+00,0.000000000000000000e+00,2.314420843396165495e+00,0.000000000000000000e+00,0.000000000000000000e+00,0.000000000000000000e+00
7.900400400400401592e-09,0.000000000000000000e+00,0.000000000000000000e+00,1.022165310261101023e+00,0.000000000000000000e+00,0.000000000000000000e+00,0.000000000000000000e+00,0.000000000000000000e+00,0.000000000000000000e+00,2.324697985538306977e+00,0.000000000000000000e+00,0.000000000000000000e+00,0.000000000000000000e+00
7.917917917917918705e-09,0.000000000000000000e+00,0.000000000000000000e+00,1.026991184179540051e+00,0.000000000000000000e+00,0.000000000000000000e+00,0.000000000000000000e+00,0.000000000000000000e+00,0.000000000000000000e+00,2.334975127680448903e+00,0.000000000000000000e+00,0.000000000000000000e+00,0.000000000000000000e+00
7.935435435435435818e-09,0.000000000000000000e+00,0.000000000000000000e+00,1.031820351303469163e+00,0.000000000000000000e+00,0.000000000000000000e+00,0.000000000000000000e+00,0.000000000000000000e+00,0.000000000000000000e+00,2.345252269822591273e+00,0.000000000000000000e+00,0.000000000000000000e+00,0.000000000000000000e+00
7.952952952952954585e-09,0.000000000000000000e+00,0.000000000000000000e+00,1.036652775147423267e+00,0.000000000000000000e+00,0.000000000000000000e+00,0.000000000000000000e+00,0.000000000000000000e+00,0.000000000000000000e+00,2.355529411964733644e+00,0.000000000000000000e+00,0.000000000000000000e+00,0.000000000000000000e+00
7.970470470470471698e-09,0.000000000000000000e+00,0.000000000000000000e+00,1.041488419738853644e+00,0.000000000000000000e+00,0.000000000000000000e+00,0.000000000000000000e+00,0.000000000000000000e+00,0.000000000000000000e+00,2.365806554106875570e+00,0.000000000000000000e+00,0.000000000000000000e+00,0.000000000000000000e+00
7.987987987987988811e-09,0.000000000000000000e+00,0.000000000000000000e+00,1.046327249609604104e+00,0.000000000000000000e+00,0.000000000000000000e+00,0.000000000000000000e+00,0.000000000000000000e+00,0.000000000000000000e+00,2.376083696249017940e+00,0.000000000000000000e+00,0.000000000000000000e+00,0.000000000000000000e+00
8.005505505505505924e-09,0.000000000000000000e+00,0.000000000000000000e+00,1.051169229787544124e+00,0.000000000000000000e+00,0.000000000000000000e+00,0.000000000000000000e+00,0.000000000000000000e+00,0.000000000000000000e+00,2.386360838391159422e+00,0.000000000000000000e+00,0.000000000000000000e+00,0.000000000000000000e+00
8.023023023023024691e-09,0.000000000000000000e+00,0.000000000000000000e+00,1.056014325788364072e+00,0.000000000000000000e+00,0.000000000000000000e+00,0.000000000000000000e+00,0.000000000000000000e+00,0.000000000000000000e+00,2.396637980533302681e+00,0.000000000000000000e+00,0.000000000000000000e+00,0.000000000000000000e+00
8.040540540540541804e-09,0.000000000000000000e+00,0.000000000000000000e+00,1.060862503607514995e+00,0.000000000000000000e+00,0.000000000000000000e+00,0.000000000000000000e+00,0.000000000000000000e+00,0.000000000000000000e+00,2.406915122675444607e+00,0.000000000000000000e+00,0.000000000000000000e+00,0.000000000000000000e+00
8.058058058058058917e-09,0.000000000000000000e+00,0.000000000000000000e+00,1.065713729712305380e+00,0.000000000000000000e+00,0.000000000000000000e+00,0.000000000000000000e+00,0.000000000000000000e+00,0.000000000000000000e+00,2.417192264817586089e+00,0.000000000000000000e+00,0.000000000000000000e+00,0.000000000000000000e+00
8.075575575575576030e-09,0.000000000000000000e+00,0.000000000000000000e+00,1.070567971034141141e+00,0.000000000000000000e+00,0.000000000000000000e+00,0.000000000000000000e+00,0.000000000000000000e+00,0.000000000000000000e+00,2.427469406959728460e+00,0.000000000000000000e+00,0.000000000000000000e+00,0.000000000000000000e+00
8.093093093093094798e-09,0.000000000000000000e+00,0.000000000000000000e+00,1.075425194960906605e+00,0.000000000000000000e+00,0.000000000000000000e+00,0.000000000000000000e+00,0.000000000000000000e+00,0.000000000000000000e+00,2.437746549101870830e+00,0.000000000000000000e+00,0.000000000000000000e+00,0.000000000000000000e+00
8.110610610610611911e-09,0.000000000000000000e+00,0.000000000000000000e+00,1.080285369329492040e+00,0.000000000000000000e+00,0.000000000000000000e+00,0.000000000000000000e+00,0.000000000000000000e+00,0.000000000000000000e+00,2.448023691244012756e+00,0.000000000000000000e+00,0.000000000000000000e+00,0.000000000000000000e+00
8.128128128128129024e-09,0.000000000000000000e+00,0.000000000000000000e+00,1.085148462418456194e+00,0.000000000000000000e+00,0.000000000000000000e+00,0.000000000000000000e+00,0.000000000000000000e+00,0.000000000000000000e+00,2.458300833386155126e+00,0.000000000000000000e+00,0.000000000000000000e+00,0.000000000000000000e+00
8.145645645645646137e-09,0.000000000000000000e+00,0.000000000000000000e+00,1.090014442940821837e+00,0.000000000000000000e+00,0.000000000000000000e+00,0.000000000000000000e+00,0.000000000000000000e+00,0.000000000000000000e+00,2.468577975528296609e+00,0.000000000000000000e+00,0.000000000000000000e+00,0.000000000000000000e+00
8.163163163163164904e-09,0.000000000000000000e+00,0.000000000000000000e+00,1.094883280037011186e+00,0.000000000000000000e+00,0.000000000000000000e+00,0.000000000000000000e+00,0.000000000000000000e+00,0.000000000000000000e+00,2.478855117670439423e+00,0.000000000000000000e+00,0.000000000000000000e+00,0.000000000000000000e+00
8.180680680680682017e-09,0.000000000000000000e+00,0.000000000000000000e+00,1.099754943267901020e+00,0.000000000000000000e+00,0.000000000000000000e+00,0.000000000000000000e+00,0.000000000000000000e+00,0.000000000000000000e+00,2.489132259812581793e+00,0.000000000000000000e+00,0.000000000000000000e+00,0.000000000000000000e+00
8.198198198198199130e-09,0.000000000000000000e+00,0.000000000000000000e+00,1.104629402608014122e+00,0.000000000000000000e+00,0.000000000000000000e+00,0.000000000000000000e+00,0.000000000000000000e+00,0.000000000000000000e+00,2.499409401954723275e+00,0.000000000000000000e+00,0.000000000000000000e+00,0.000000000000000000e+00
8.215715715715716243e-09,0.000000000000000000e+00,0.000000000000000000e+00,1.109506628438831743e+00,0.000000000000000000e+00,0.000000000000000000e+00,0.000000000000000000e+00,0.000000000000000000e+00,0.000000000000000000e+00,2.509686544096865646e+00,0.000000000000000000e+00,0.000000000000000000e+00,0.000000000000000000e+00
8.233233233233235010e-09,0.000000000000000000e+00,0.000000000000000000e+00,1.114386591542229077e+00,0.000000000000000000e+00,0.000000000000000000e+00,0.000000000000000000e+00,0.000000000000000000e+00,0.000000000000000000e+00,2.519963686239008460e+00,0.000000000000000000e+00,0.000000000000000000e+00,0.000000000000000000e+00
8.250750750750752123e-09,0.000000000000000000e+00,0.000000000000000000e+00,1.119269263094027522e+00,0.000000000000000000e+00,0.000000000000000000e+00,0.000000000000000000e+00,0.000000000000000000e+00,0.000000000000000000e+00,2.530240828381149942e+00,0.000000000000000000e+00,0.000000000000000000e+00,0.000000000000000000e+00
8.268268268268269236e-09,0.000000000000000000e+00,0.000000000000000000e+00,1.124154614657673523e+00,0.000000000000000000e+00,0.000000000000000000e+00,0.000000000000000000e+00,0.000000000000000000e+00,0.000000000000000000e+00,2.540517970523292313e+00,0.000000000000000000e+00,0.000000000000000000e+00,0.000000000000000000e+00
8.285785785785786349e-09,0.000000000000000000e+00,0.000000000000000000e+00,1.129042618178019985e+00,0.000000000000000000e+00,0.000000000000000000e+00,0.000000000000000000e+00,0.000000000000000000e+00,0.000000000000000000e+00,2.550795112665433795e+00,0.000000000000000000e+00,0.000000000000000000e+00,0.000000000000000000e+00
8.303303303303305116e-09,0.000000000000000000e+00,0.000000000000000000e+00,1.133933245975232484e+00,0.000000000000000000e+00,0.000000000000000000e+00,0.000000000000000000e+00,0.000000000000000000e+00,0.000000000000000000e+00,2.561072254807576609e+00,0.000000000000000000e+00,0.000000000000000000e+00,0.000000000000000000e+00
8.320820820820822229e-09,0.000000000000000000e+00,0.000000000000000000e+00,1.138826470738798502e+00,0.000000000000000000e+00,0.000000000000000000e+00,0.000000000000000000e+00,0.000000000000000000e+00,0.000000000000000000e+00,2.571349396949718979e+00,0.000000000000000000e+00,0.000000000000000000e+00,0.000000000000000000e+00
8.338338338338339342e-09,0.000000000000000000e+00,0.000000000000000000e+00,1.143722265521646575e+00,0.000000000000000000e+00,0.000000000000000000e+00,0.000000000000000000e+00,0.000000000000000000e+00,0.000000000000000000e+00,2.581626539091860462e+00,0.000000000000000000e+00,0.000000000000000000e+00,0.000000000000000000e+00
8.355855855855856455e-09,0.000000000000000000e+00,0.000000000000000000e+00,1.148620603734378021e+00,0.000000000000000000e+00,0.000000000000000000e+00,0.000000000000000000e+00,0.000000000000000000e+00,0.000000000000000000e+00,2.591903681234002832e+00,0.000000000000000000e+00,0.000000000000000000e+00,0.000000000000000000e+00
8.373373373373375223e-09,0.000000000000000000e+00,0.000000000000000000e+00,1.153521459139592586e+00,0.000000000000000000e+00,0.000000000000000000e+00,0.000000000000000000e+00,0.000000000000000000e+00,0.000000000000000000e+00,2.602180823376145646e+00,0.000000000000000000e+00,0.000000000000000000e+00,0.000000000000000000e+00
8.390890890890892336e-09,0.000000000000000000e+00,0.000000000000000000e+00,1.158424805846323569e+00,0.000000000000000000e+00,0.000000000000000000e+00,0.000000000000000000e+00,0.000000000000000000e+00,0.000000000000000000e+00,2.612457965518287129e+00,0.000000000000000000e+00,0.000000000000000000e+00,0.000000000000000000e+00
8.408408408408409449e-09,0.000000000000000000e+00,0.000000000000000000e+00,1.163330618304573738e+00,0.000000000000000000e+00,0.000000000000000000e+00,0.000000000000000000e+00,0.000000000000000000e+00,0.000000000000000000e+00,2.622735107660429499e+00,0.000000000000000000e+00,0.000000000000000000e+00,0.000000000000000000e+00
8.425925925925926562e-09,0.000000000000000000e+00,0.000000000000000000e+00,1.168238871299943193e+00,0.000000000000000000e+00,0.000000000000000000e+00,0.000000000000000000e+00,0.000000000000000000e+00,0.000000000000000000e+00,2.633012249802570981e+00,0.000000000000000000e+00,0.000000000000000000e+00,0.000000000000000000e+00
8.443443443443445329e-09,0.000000000000000000e+00,0.000000000000000000e+00,1.173149539948361131e+00,0.000000000000000000e+00,0.000000000000000000e+00,0.000000000000000000e+00,0.000000000000000000e+00,0.000000000000000000e+00,2.643289391944713795e+00,0.000000000000000000e+00,0.000000000000000000e+00,0.000000000000000000e+00
8.460960960960962442e-09,0.000000000000000000e+00,0.000000000000000000e+00,1.178062599690905543e+00,0.000000000000000000e+00,0.000000000000000000e+00,0.000000000000000000e+00,0.000000000000000000e+00,0.000000000000000000e+00,2.653566534086856166e+00,0.000000000000000000e+00,0.000000000000000000e+00,0.000000000000000000e+00
8.478478478478479555e-09,0.000000000000000000e+00,0.000000000000000000e+00,1.182978026288719509e+00,0.000000000000000000e+00,0.000000000000000000e+00,0.000000000000000000e+00,0.000000000000000000e+00,0.000000000000000000e+00,2.663843676228997648e+00,0.000000000000000000e+00,0.000000000000000000e+00,0.000000000000000000e+00
8.495995995995996668e-09,0.000000000000000000e+00,0.000000000000000000e+00,1.187895795818018296e+00,0.000000000000000000e+00,0.000000000000000000e+00,0.000000000000000000e+00,0.000000000000000000e+00,0.000000000000000000e+00,2.674120818371139574e+00,0.000000000000000000e+00,0.000000000000000000e+00,0.000000000000000000e+00
8.513513513513515435e-09,0.000000000000000000e+00,0.000000000000000000e+00,1.192815884665183512e+00,0.000000000000000000e+00,0.000000000000000000e+00,0.000000000000000000e+00,0.000000000000000000e+00,0.000000000000000000e+00,2.684397960513282833e+00,0.000000000000000000e+00,0.000000000000000000e+00,0.000000000000000000e+00
8.531031031031032548e-09,0.000000000000000000e+00,0.000000000000000000e+00,1.197738269521942289e+00,0.000000000000000000e+00,0.000000000000000000e+00,0.000000000000000000e+00,0.000000000000000000e+00,0.000000000000000000e+00,2.694675102655424315e+00,0.000000000000000000e+00,0.000000000000000000e+00,0.000000000000000000e+00
8.548548548548549661e-09,0.000000000000000000e+00,0.000000000000000000e+00,1.202662927380641289e+00,0.000000000000000000e+00,0.000000000000000000e+00,0.000000000000000000e+00,0.000000000000000000e+00,0.000000000000000000e+00,2.704952244797566685e+00,0.000000000000000000e+00,0.000000000000000000e+00,0.000000000000000000e+00
8.566066066066066774e-09,0.000000000000000000e+00,0.000000000000000000e+00,1.207589835529591316e+00,0.000000000000000000e+00,0.000000000000000000e+00,0.000000000000000000e+00,0.000000000000000000e+00,0.000000000000000000e+00,2.715229386939708167e+00,0.000000000000000000e+00,0.000000000000000000e+00,0.000000000000000000e+00
8.583583583583585542e-09,0.000000000000000000e+00,0.000000000000000000e+00,1.212518971548508073e+00,0.000000000000000000e+00,0.000000000000000000e+00,0.000000000000000000e+00,0.000000000000000000e+00,0.000000000000000000e+00,2.725506529081850982e+00,0.000000000000000000e+00,0.000000000000000000e+00,0.000000000000000000e+00
8.601101101101102655e-09,0.000000000000000000e+00,0.000000000000000000e+00,1.217450313304020204e+00,0.000000000000000000e+00,0.000000000000000000e+00,0.000000000000000000e+00,0.000000000000000000e+00,0.000000000000000000e+00,2.735783671223993352e+00,0.000000000000000000e+00,0.000000000000000000e+00,0.000000000000000000e+00
8.618618618618619768e-09,0.000000000000000000e+00,0.000000000000000000e+00,1.222383838945265921e+00,0.000000000000000000e+00,0.000000000000000000e+00,0.000000000000000000e+00,0.000000000000000000e+00,0.000000000000000000e+00,2.746060813366134834e+00,0.000000000000000000e+00,0.000000000000000000e+00,0.000000000000000000e+00
8.636136136136136881e-09,0.000000000000000000e+00,0.000000000000000000e+00,1.227319526899566249e+00,0.000000000000000000e+00,0.000000000000000000e+00,0.000000000000000000e+00,0.000000000000000000e+00,0.000000000000000000e+00,2.756337955508276760e+00,0.000000000000000000e+00,0.000000000000000000e+00,0.000000000000000000e+00
8.653653653653655648e-09,0.000000000000000000e+00,0.000000000000000000e+00,1.232257355868167537e+00,0.000000000000000000e+00,0.000000000000000000e+00,0.000000000000000000e+00,0.000000000000000000e+00,0.000000000000000000e+00,2.766615097650420019e+00,0.000000000000000000e+00,0.000000000000000000e+00,0.000000000000000000e+00
8.671171171171172761e-09,0.000000000000000000e+00,0.000000000000000000e+00,1.237197304822064803e+00,0.000000000000000000e+00,0.000000000000000000e+00,0.000000000000000000e+00,0.000000000000000000e+00,0.000000000000000000e+00,2.776892239792561501e+00,0.000000000000000000e+00,0.000000000000000000e+00,0.000000000000000000e+00
8.688688688688689874e-09,0.000000000000000000e+00,0.000000000000000000e+00,1.242139352997899238e+00,0.000000000000000000e+00,0.000000000000000000e+00,0.000000000000000000e+00,0.000000000000000000e+00,0.000000000000000000e+00,2.787169381934703427e+00,0.000000000000000000e+00,0.000000000000000000e+00,0.000000000000000000e+00
8.706206206206206987e-09,0.000000000000000000e+00,0.000000000000000000e+00,1.247083479893920543e+00,0.000000000000000000e+00,0.000000000000000000e+00,0.000000000000000000e+00,0.000000000000000000e+00,0.000000000000000000e+00,2.797446524076845353e+00,0.000000000000000000e+00,0.000000000000000000e+00,0.000000000000000000e+00
8.723723723723725754e-09,0.000000000000000000e+00,0.000000000000000000e+00,1.252029665266026548e+00,0.000000000000000000e+00,0.000000000000000000e+00,0.000000000000000000e+00,0.000000000000000000e+00,0.000000000000000000e+00,2.807723666218988168e+00,0.000000000000000000e+00,0.000000000000000000e+00,0.000000000000000000e+00
8.741241241241242867e-09,0.000000000000000000e+00,0.000000000000000000e+00,1.256977889123866321e+00,0.000000000000000000e+00,0.000000000000000000e+00,0.000000000000000000e+00,0.000000000000000000e+00,0.000000000000000000e+00,2.818000808361130538e+00,0.000000000000000000e+00,0.000000000000000000e+00,0.000000000000000000e+00
8.758758758758759980e-09,0.000000000000000000e+00,0.000000000000000000e+00,1.261928131727016567e+00,0.000000000000000000e+00,0.000000000000000000e+00,0.000000000000000000e+00,0.000000000000000000e+00,0.000000000000000000e+00,2.828277950503272020e+00,0.000000000000000000e+00,0.000000000000000000e+00,0.000000000000000000e+00
8.776276276276277093e-09,0.000000000000000000e+00,0.000000000000000000e+00,1.266880373581219299e+00,0.000000000000000000e+00,0.000000000000000000e+00,0.000000000000000000e+00,0.000000000000000000e+00,0.000000000000000000e+00,2.838555092645413946e+00,0.000000000000000000e+00,0.000000000000000000e+00,0.000000000000000000e+00
8.793793793793795861e-09,0.000000000000000000e+00,0.000000000000000000e+00,1.271834595434687465e+00,0.000000000000000000e+00,0.000000000000000000e+00,0.000000000000000000e+00,0.000000000000000000e+00,0.000000000000000000e+00,2.848832234787557205e+00,0.000000000000000000e+00,0.000000000000000000e+00,0.000000000000000000e+00
8.811311311311312974e-09,0.000000000000000000e+00,0.000000000000000000e+00,1.276790778274470517e+00,0.000000000000000000e+00,0.000000000000000000e+00,0.000000000000000000e+00,0.000000000000000000e+00,0.000000000000000000e+00,2.859109376929698687e+00,0.000000000000000000e+00,0.000000000000000000e+00,0.000000000000000000e+00
8.828828828828830087e-09,0.000000000000000000e+00,0.000000000000000000e+00,1.281748903322891486e+00,0.000000000000000000e+00,0.000000000000000000e+00,0.000000000000000000e+00,0.000000000000000000e+00,0.000000000000000000e+00,2.869386519071840613e+00,0.000000000000000000e+00,0.000000000000000000e+00,0.000000000000000000e+00
8.846346346346347200e-09,0.000000000000000000e+00,0.000000000000000000e+00,1.286708952034033571e+00,0.000000000000000000e+00,0.000000000000000000e+00,0.000000000000000000e+00,0.000000000000000000e+00,0.000000000000000000e+00,2.879663661213982984e+00,0.000000000000000000e+00,0.000000000000000000e+00,0.000000000000000000e+00
8.863863863863865967e-09,0.000000000000000000e+00,0.000000000000000000e+00,1.291670906090295556e+00,0.000000000000000000e+00,0.000000000000000000e+00,0.000000000000000000e+00,0.000000000000000000e+00,0.000000000000000000e+00,2.889940803356125354e+00,0.000000000000000000e+00,0.000000000000000000e+00,0.000000000000000000e+00
8.881381381381383080e-09,0.000000000000000000e+00,0.000000000000000000e+00,1.296634747399003862e+00,0.000000000000000000e+00,0.000000000000000000e+00,0.000000000000000000e+00,0.000000000000000000e+00,0.000000000000000000e+00,2.900217945498267280e+00,0.000000000000000000e+00,0.000000000000000000e+00,0.000000000000000000e+00
8.898898898898900193e-09,0.000000000000000000e+00,0.000000000000000000e+00,1.301600458089079648e+00,0.000000000000000000e+00,0.000000000000000000e+00,0.000000000000000000e+00,0.000000000000000000e+00,0.000000000000000000e+00,2.910495087640409206e+00,0.000000000000000000e+00,0.000000000000000000e+00,0.000000000000000000e+00
8.916416416416417306e-09,0.000000000000000000e+00,0.000000000000000000e+00,1.306568020507769434e+00,0.000000000000000000e+00,0.000000000000000000e+00,0.000000000000000000e+00,0.000000000000000000e+00,0.000000000000000000e+00,2.920772229782551133e+00,0.000000000000000000e+00,0.000000000000000000e+00,0.000000000000000000e+00
8.933933933933936073e-09,0.000000000000000000e+00,0.000000000000000000e+00,1.311537417217425006e+00,0.000000000000000000e+00,0.000000000000000000e+00,0.000000000000000000e+00,0.000000000000000000e+00,0.000000000000000000e+00,2.931049371924694391e+00,0.000000000000000000e+00,0.000000000000000000e+00,0.000000000000000000e+00
8.951451451451453186e-09,0.000000000000000000e+00,0.000000000000000000e+00,1.316508630992337059e+00,0.000000000000000000e+00,0.000000000000000000e+00,0.000000000000000000e+00,0.000000000000000000e+00,0.000000000000000000e+00,2.941326514066835873e+00,0.000000000000000000e+00,0.000000000000000000e+00,0.000000000000000000e+00
8.968968968968970299e-09,0.000000000000000000e+00,0.000000000000000000e+00,1.321481644815633016e+00,0.000000000000000000e+00,0.000000000000000000e+00,0.000000000000000000e+00,0.000000000000000000e+00,0.000000000000000000e+00,2.951603656208977799e+00,0.000000000000000000e+00,0.000000000000000000e+00,0.000000000000000000e+00
8.986486486486487412e-09,0.000000000000000000e+00,0.000000000000000000e+00,1.326456441876215475e+00,0.000000000000000000e+00,0.000000000000000000e+00,0.000000000000000000e+00,0.000000000000000000e+00,0.000000000000000000e+00,2.961880798351120170e+00,0.000000000000000000e+00,0.000000000000000000e+00,0.000000000000000000e+00
9.004004004004004525e-09,0.000000000000000000e+00,0.000000000000000000e+00,1.331433005565757499e+00,0.000000000000000000e+00,0.000000000000000000e+00,0.000000000000000000e+00,0.000000000000000000e+00,0.000000000000000000e+00,2.972157940493261652e+00,0.000000000000000000e+00,0.000000000000000000e+00,0.000000000000000000e+00
9.021521521521523293e-09,0.000000000000000000e+00,0.000000000000000000e+00,1.336411319475749426e+00,0.000000000000000000e+00,0.000000000000000000e+00,0.000000000000000000e+00,0.000000000000000000e+00,0.000000000000000000e+00,2.982435082635404466e+00,0.000000000000000000e+00,0.000000000000000000e+00,0.000000000000000000e+00
9.039039039039040406e-09,0.000000000000000000e+00,0.000000000000000000e+00,1.341391367394593415e+00,0.000000000000000000e+00,0.000000000000000000e+00,0.000000000000000000e+00,0.000000000000000000e+00,0.000000000000000000e+00,2.992712224777546837e+00,0.000000000000000000e+00,0.000000000000000000e+00,0.000000000000000000e+00
9.056556556556557519e-09,0.000000000000000000e+00,0.000000000000000000e+00,1.346373133304747283e+00,0.000000000000000000e+00,0.000000000000000000e+00,0.000000000000000000e+00,0.000000000000000000e+00,0.000000000000000000e+00,3.002989366919688319e+00,0.000000000000000000e+00,0.000000000000000000e+00,0.000000000000000000e+00
9.074074074074074632e-09,0.000000000000000000e+00,0.000000000000000000e+00,1.351356601379917866e+00,0.000000000000000000e+00,0.000000000000000000e+00,0.000000000000000000e+00,0.000000000000000000e+00,0.000000000000000000e+00,3.013266509061830245e+00,0.000000000000000000e+00,0.000000000000000000e+00,0.000000000000000000e+00
9.091591591591593399e-09,0.000000000000000000e+00,0.000000000000000000e+00,1.356341755982300334e+00,0.000000000000000000e+00,0.000000000000000000e+00,0.000000000000000000e+00,0.000000000000000000e+00,0.000000000000000000e+00,3.023543651203973059e+00,0.000000000000000000e+00,0.000000000000000000e+00,0.000000000000000000e+00
9.109109109109110512e-09,0.000000000000000000e+00,0.000000000000000000e+00,1.361328581659858816e+00,0.000000000000000000e+00,0.000000000000000000e+00,0.000000000000000000e+00,0.000000000000000000e+00,0.000000000000000000e+00,3.033820793346114986e+00,0.000000000000000000e+00,0.000000000000000000e+00,0.000000000000000000e+00
9.126626626626627625e-09,0.000000000000000000e+00,0.000000000000000000e+00,1.366317063143663857e+00,0.000000000000000000e+00,0.000000000000000000e+00,0.000000000000000000e+00,0.000000000000000000e+00,0.000000000000000000e+00,3.044097935488257356e+00,0.000000000000000000e+00,0.000000000000000000e+00,0.000000000000000000e+00
9.144144144144144738e-09,0.000000000000000000e+00,0.000000000000000000e+00,1.371307185345259638e+00,0.000000000000000000e+00,0.000000000000000000e+00,0.000000000000000000e+00,0.000000000000000000e+00,0.000000000000000000e+00,3.054375077630398838e+00,0.000000000000000000e+00,0.000000000000000000e+00,0.000000000000000000e+00
9.161661661661663505e-09,0.000000000000000000e+00,0.000000000000000000e+00,1.376298933354090037e+00,0.000000000000000000e+00,0.000000000000000000e+00,0.000000000000000000e+00,0.000000000000000000e+00,0.000000000000000000e+00,3.064652219772541653e+00,0.000000000000000000e+00,0.000000000000000000e+00,0.000000000000000000e+00
9.179179179179180618e-09,0.000000000000000000e+00,0.000000000000000000e+00,1.381292292434952440e+00,0.000000000000000000e+00,0.000000000000000000e+00,0.000000000000000000e+00,0.000000000000000000e+00,0.000000000000000000e+00,3.074929361914684023e+00,0.000000000000000000e+00,0.000000000000000000e+00,0.000000000000000000e+00
9.196696696696697731e-09,0.000000000000000000e+00,0.000000000000000000e+00,1.386287248025503738e+00,0.000000000000000000e+00,0.000000000000000000e+00,0.000000000000000000e+00,0.000000000000000000e+00,0.000000000000000000e+00,3.085206504056825505e+00,0.000000000000000000e+00,0.000000000000000000e+00,0.000000000000000000e+00
9.214214214214214844e-09,0.000000000000000000e+00,0.000000000000000000e+00,1.391283785733808065e+00,0.000000000000000000e+00,0.000000000000000000e+00,0.000000000000000000e+00,0.000000000000000000e+00,0.000000000000000000e+00,3.095483646198967431e+00,0.000000000000000000e+00,0.000000000000000000e+00,0.000000000000000000e+00
9.231731731731733612e-09,0.000000000000000000e+00,0.000000000000000000e+00,1.396281891335916514e+00,0.000000000000000000e+00,0.000000000000000000e+00,0.000000000000000000e+00,0.000000000000000000e+00,0.000000000000000000e+00,3.105760788341110690e+00,0.000000000000000000e+00,0.000000000000000000e+00,0.000000000000000000e+00
9.249249249249250725e-09,0.000000000000000000e+00,0.000000000000000000e+00,1.401281550773490592e+00,0.000000000000000000e+00,0.000000000000000000e+00,0.000000000000000000e+00,0.000000000000000000e+00,0.000000000000000000e+00,3.116037930483252172e+00,0.000000000000000000e+00,0.000000000000000000e+00,0.000000000000000000e+00
9.266766766766767838e-09,0.000000000000000000e+00,0.000000000000000000e+00,1.406282750151471861e+00,0.000000000000000000e+00,0.000000000000000000e+00,0.000000000000000000e+00,0.000000000000000000e+00,0.000000000000000000e+00,3.126315072625394098e+00,0.000000000000000000e+00,0.000000000000000000e+00,0.000000000000000000e+00
9.284284284284284951e-09,0.000000000000000000e+00,0.000000000000000000e+00,1.411285475735778228e+00,0.000000000000000000e+00,0.000000000000000000e+00,0.000000000000000000e+00,0.000000000000000000e+00,0.000000000000000000e+00,3.136592214767536024e+00,0.000000000000000000e+00,0.000000000000000000e+00,0.000000000000000000e+00
9.301801801801803718e-09,0.000000000000000000e+00,0.000000000000000000e+00,1.416289713951044416e+00,0.000000000000000000e+00,0.000000000000000000e+00,0.000000000000000000e+00,0.000000000000000000e+00,0.000000000000000000e+00,3.146869356909678839e+00,0.000000000000000000e+00,0.000000000000000000e+00,0.000000000000000000e+00
9.319319319319320831e-09,0.000000000000000000e+00,0.000000000000000000e+00,1.421295451378397079e+00,0.000000000000000000e+00,0.000000000000000000e+00,0.000000000000000000e+00,0.000000000000000000e+00,0.000000000000000000e+00,3.157146499051821209e+00,0.000000000000000000e+00,0.000000000000000000e+00,0.000000000000000000e+00
9.336836836836837944e-09,0.000000000000000000e+00,0.000000000000000000e+00,1.426302674753268995e+00,0.000000000000000000e+00,0.000000000000000000e+00,0.000000000000000000e+00,0.000000000000000000e+00,0.000000000000000000e+00,3.167423641193962691e+00,0.000000000000000000e+00,0.000000000000000000e+00,0.000000000000000000e+00
9.354354354354355057e-09,0.000000000000000000e+00,0.000000000000000000e+00,1.431311370963245455e+00,0.000000000000000000e+00,0.000000000000000000e+00,0.000000000000000000e+00,0.000000000000000000e+00,0.000000000000000000e+00,3.177700783336104617e+00,0.000000000000000000e+00,0.000000000000000000e+00,0.000000000000000000e+00
9.371871871871873824e-09,0.000000000000000000e+00,0.000000000000000000e+00,1.436321527045946844e+00,0.000000000000000000e+00,0.000000000000000000e+00,0.000000000000000000e+00,0.000000000000000000e+00,0.000000000000000000e+00,3.187977925478247876e+00,0.000000000000000000e+00,0.000000000000000000e+00,0.000000000000000000e+00
9.389389389389390937e-09,0.000000000000000000e+00,0.000000000000000000e+00,1.441333130186942979e+00,0.000000000000000000e+00,0.000000000000000000e+00,0.000000000000000000e+00,0.000000000000000000e+00,0.000000000000000000e+00,3.198255067620389358e+00,0.000000000000000000e+00,0.000000000000000000e+00,0.000000000000000000e+00
9.406906906906908050e-09,0.000000000000000000e+00,0.000000000000000000e+00,1.446346167717708298e+00,0.000000000000000000e+00,0.000000000000000000e+00,0.000000000000000000e+00,0.000000000000000000e+00,0.000000000000000000e+00,3.208532209762531284e+00,0.000000000000000000e+00,0.000000000000000000e+00,0.000000000000000000e+00
9.424424424424425163e-09,0.000000000000000000e+00,0.000000000000000000e+00,1.451360627113601032e+00,0.000000000000000000e+00,0.000000000000000000e+00,0.000000000000000000e+00,0.000000000000000000e+00,0.000000000000000000e+00,3.218809351904673210e+00,0.000000000000000000e+00,0.000000000000000000e+00,0.000000000000000000e+00
9.441941941941943930e-09,0.000000000000000000e+00,0.000000000000000000e+00,1.456376495991881459e+00,0.000000000000000000e+00,0.000000000000000000e+00,0.000000000000000000e+00,0.000000000000000000e+00,0.000000000000000000e+00,3.229086494046816025e+00,0.000000000000000000e+00,0.000000000000000000e+00,0.000000000000000000e+00
9.459459459459461043e-09,0.000000000000000000e+00,0.000000000000000000e+00,1.461393762109756800e+00,0.000000000000000000e+00,0.000000000000000000e+00,0.000000000000000000e+00,0.000000000000000000e+00,0.000000000000000000e+00,3.239363636188957951e+00,0.000000000000000000e+00,0.000000000000000000e+00,0.000000000000000000e+00
9.476976976976978156e-09,0.000000000000000000e+00,0.000000000000000000e+00,1.466412413362462530e+00,0.000000000000000000e+00,0.000000000000000000e+00,0.000000000000000000e+00,0.000000000000000000e+00,0.000000000000000000e+00,3.249640778331099877e+00,0.000000000000000000e+00,0.000000000000000000e+00,0.000000000000000000e+00
9.494494494494495269e-09,0.000000000000000000e+00,0.000000000000000000e+00,1.471432437781370561e+00,0.000000000000000000e+00,0.000000000000000000e+00,0.000000000000000000e+00,0.000000000000000000e+00,0.000000000000000000e+00,3.259917920473241804e+00,0.000000000000000000e+00,0.000000000000000000e+00,0.000000000000000000e+00
9.512012012012014037e-09,0.000000000000000000e+00,0.000000000000000000e+00,1.476453823532129617e+00,0.000000000000000000e+00,0.000000000000000000e+00,0.000000000000000000e+00,0.000000000000000000e+00,0.000000000000000000e+00,3.270195062615385062e+00,0.000000000000000000e+00,0.000000000000000000e+00,0.000000000000000000e+00
9.529529529529531150e-09,0.000000000000000000e+00,0.000000000000000000e+00,1.481476558912831365e+00,0.000000000000000000e+00,0.000000000000000000e+00,0.000000000000000000e+00,0.000000000000000000e+00,0.000000000000000000e+00,3.280472204757526544e+00,0.000000000000000000e+00,0.000000000000000000e+00,0.000000000000000000e+00
9.547047047047048263e-09,0.000000000000000000e+00,0.000000000000000000e+00,1.486500632352214524e+00,0.000000000000000000e+00,0.000000000000000000e+00,0.000000000000000000e+00,0.000000000000000000e+00,0.000000000000000000e+00,3.290749346899668470e+00,0.000000000000000000e+00,0.000000000000000000e+00,0.000000000000000000e+00
9.564564564564565376e-09,0.000000000000000000e+00,0.000000000000000000e+00,1.491526032407885394e+00,0.000000000000000000e+00,0.000000000000000000e+00,0.000000000000000000e+00,0.000000000000000000e+00,0.000000000000000000e+00,3.301026489041810397e+00,0.000000000000000000e+00,0.000000000000000000e+00,0.000000000000000000e+00
9.582082082082084143e-09,0.000000000000000000e+00,0.000000000000000000e+00,1.496552747764576807e+00,0.000000000000000000e+00,0.000000000000000000e+00,0.000000000000000000e+00,0.000000000000000000e+00,0.000000000000000000e+00,3.311303631183953211e+00,0.000000000000000000e+00,0.000000000000000000e+00,0.000000000000000000e+00
9.599599599599601256e-09,0.000000000000000000e+00,0.000000000000000000e+00,1.501580767232427727e+00,0.000000000000000000e+00,0.000000000000000000e+00,0.000000000000000000e+00,0.000000000000000000e+00,0.000000000000000000e+00,3.321580773326095137e+00,0.000000000000000000e+00,0.000000000000000000e+00,0.000000000000000000e+00
9.617117117117118369e-09,0.000000000000000000e+00,0.000000000000000000e+00,1.506610079745294373e+00,0.000000000000000000e+00,0.000000000000000000e+00,0.000000000000000000e+00,0.000000000000000000e+00,0.000000000000000000e+00,3.331857915468237064e+00,0.000000000000000000e+00,0.000000000000000000e+00,0.000000000000000000e+00
9.634634634634635482e-09,0.000000000000000000e+00,0.000000000000000000e+00,1.511640674359085557e+00,0.000000000000000000e+00,0.000000000000000000e+00,0.000000000000000000e+00,0.000000000000000000e+00,0.000000000000000000e+00,3.342135057610378990e+00,0.000000000000000000e+00,0.000000000000000000e+00,0.000000000000000000e+00
9.652152152152154249e-09,0.000000000000000000e+00,0.000000000000000000e+00,1.516672540250124435e+00,0.000000000000000000e+00,0.000000000000000000e+00,0.000000000000000000e+00,0.000000000000000000e+00,0.000000000000000000e+00,3.352412199752521804e+00,0.000000000000000000e+00,0.000000000000000000e+00,0.000000000000000000e+00
9.669669669669671362e-09,0.000000000000000000e+00,0.000000000000000000e+00,1.521705666713536242e+00,0.000000000000000000e+00,0.000000000000000000e+00,0.000000000000000000e+00,0.000000000000000000e+00,0.000000000000000000e+00,3.362689341894663730e+00,0.000000000000000000e+00,0.000000000000000000e+00,0.000000000000000000e+00
9.687187187187188475e-09,0.000000000000000000e+00,0.000000000000000000e+00,1.526740043161660454e+00,0.000000000000000000e+00,0.000000000000000000e+00,0.000000000000000000e+00,0.000000000000000000e+00,0.000000000000000000e+00,3.372966484036805657e+00,0.000000000000000000e+00,0.000000000000000000e+00,0.000000000000000000e+00
9.704704704704705588e-09,0.000000000000000000e+00,0.000000000000000000e+00,1.531775659122489808e+00,0.000000000000000000e+00,0.000000000000000000e+00,0.000000000000000000e+00,0.000000000000000000e+00,0.000000000000000000e+00,3.383243626178947583e+00,0.000000000000000000e+00,0.000000000000000000e+00,0.000000000000000000e+00
9.722222222222224356e-09,0.000000000000000000e+00,0.000000000000000000e+00,1.536812504238130872e+00,0.000000000000000000e+00,0.000000000000000000e+00,0.000000000000000000e+00,0.000000000000000000e+00,0.000000000000000000e+00,3.393520768321090397e+00,0.000000000000000000e+00,0.000000000000000000e+00,0.000000000000000000e+00
9.739739739739741469e-09,0.000000000000000000e+00,0.000000000000000000e+00,1.541850568263288368e+00,0.000000000000000000e+00,0.000000000000000000e+00,0.000000000000000000e+00,0.000000000000000000e+00,0.000000000000000000e+00,3.403797910463232324e+00,0.000000000000000000e+00,0.000000000000000000e+00,0.000000000000000000e+00
9.757257257257258582e-09,0.000000000000000000e+00,0.000000000000000000e+00,1.546889841063777471e+00,0.000000000000000000e+00,0.000000000000000000e+00,0.000000000000000000e+00,0.000000000000000000e+00,0.000000000000000000e+00,3.414075052605374250e+00,0.000000000000000000e+00,0.000000000000000000e+00,0.000000000000000000e+00
9.774774774774775695e-09,0.000000000000000000e+00,0.000000000000000000e+00,1.551930312615054319e+00,0.000000000000000000e+00,0.000000000000000000e+00,0.000000000000000000e+00,0.000000000000000000e+00,0.000000000000000000e+00,3.424352194747516176e+00,0.000000000000000000e+00,0.000000000000000000e+00,0.000000000000000000e+00
9.792292292292294462e-09,0.000000000000000000e+00,0.000000000000000000e+00,1.556971973000770504e+00,0.000000000000000000e+00,0.000000000000000000e+00,0.000000000000000000e+00,0.000000000000000000e+00,0.000000000000000000e+00,3.434629336889658990e+00,0.000000000000000000e+00,0.000000000000000000e+00,0.000000000000000000e+00
9.809809809809811575e-09,0.000000000000000000e+00,0.000000000000000000e+00,1.562014812411348430e+00,0.000000000000000000e+00,0.000000000000000000e+00,0.000000000000000000e+00,0.000000000000000000e+00,0.000000000000000000e+00,3.444906479031800917e+00,0.000000000000000000e+00,0.000000000000000000e+00,0.000000000000000000e+00
9.827327327327328688e-09,0.000000000000000000e+00,0.000000000000000000e+00,1.567058821142583769e+00,0.000000000000000000e+00,0.000000000000000000e+00,0.000000000000000000e+00,0.000000000000000000e+00,0.000000000000000000e+00,3.455183621173942843e+00,0.000000000000000000e+00,0.000000000000000000e+00,0.000000000000000000e+00
9.844844844844845801e-09,0.000000000000000000e+00,0.000000000000000000e+00,1.572103989594264339e+00,0.000000000000000000e+00,0.000000000000000000e+00,0.000000000000000000e+00,0.000000000000000000e+00,0.000000000000000000e+00,3.465460763316085213e+00,0.000000000000000000e+00,0.000000000000000000e+00,0.000000000000000000e+00
9.862362362362364568e-09,0.000000000000000000e+00,0.000000000000000000e+00,1.577150308268809864e+00,0.000000000000000000e+00,0.000000000000000000e+00,0.000000000000000000e+00,0.000000000000000000e+00,0.000000000000000000e+00,3.475737905458227583e+00,0.000000000000000000e+00,0.000000000000000000e+00,0.000000000000000000e+00
9.879879879879881681e-09,0.000000000000000000e+00,0.000000000000000000e+00,1.582197767769935925e+00,0.000000000000000000e+00,0.000000000000000000e+00,0.000000000000000000e+00,0.000000000000000000e+00,0.000000000000000000e+00,3.486015047600369510e+00,0.000000000000000000e+00,0.000000000000000000e+00,0.000000000000000000e+00
9.897397397397398794e-09,0.000000000000000000e+00,0.000000000000000000e+00,1.587246358801336132e+00,0.000000000000000000e+00,0.000000000000000000e+00,0.000000000000000000e+00,0.000000000000000000e+00,0.000000000000000000e+00,3.496292189742511436e+00,0.000000000000000000e+00,0.000000000000000000e+00,0.000000000000000000e+00
9.914914914914915907e-09,0.000000000000000000e+00,0.000000000000000000e+00,1.592296072165383825e+00,0.000000000000000000e+00,0.000000000000000000e+00,0.000000000000000000e+00,0.000000000000000000e+00,0.000000000000000000e+00,3.506569331884653362e+00,0.000000000000000000e+00,0.000000000000000000e+00,0.000000000000000000e+00
9.932432432432434675e-09,0.000000000000000000e+00,0.000000000000000000e+00,1.597346898761856204e+00,0.000000000000000000e+00,0.000000000000000000e+00,0.000000000000000000e+00,0.000000000000000000e+00,0.000000000000000000e+00,3.516846474026796177e+00,0.000000000000000000e+00,0.000000000000000000e+00,0.000000000000000000e+00
9.949949949949951788e-09,0.000000000000000000e+00,0.000000000000000000e+00,1.602398829586673346e+00,0.000000000000000000e+00,0.000000000000000000e+00,0.000000000000000000e+00,0.000000000000000000e+00,0.000000000000000000e+00,3.527123616168938103e+00,0.000000000000000000e+00,0.000000000000000000e+00,0.000000000000000000e+00
9.967467467467468901e-09,0.000000000000000000e+00,0.000000000000000000e+00,1.607451855730660073e+00,0.000000000000000000e+00,0.000000000000000000e+00,0.000000000000000000e+00,0.000000000000000000e+00,0.000000000000000000e+00,3.537400758311080029e+00,0.000000000000000000e+00,0.000000000000000000e+00,0.000000000000000000e+00
9.984984984984986014e-09,0.000000000000000000e+00,0.000000000000000000e+00,1.612505968378327381e+00,0.000000000000000000e+00,0.000000000000000000e+00,0.000000000000000000e+00,0.000000000000000000e+00,0.000000000000000000e+00,3.547677900453221955e+00,0.000000000000000000e+00,0.000000000000000000e+00,0.000000000000000000e+00
1.000250250250250478e-08,0.000000000000000000e+00,0.000000000000000000e+00,1.617561158806665178e+00,0.000000000000000000e+00,0.000000000000000000e+00,0.000000000000000000e+00,0.000000000000000000e+00,0.000000000000000000e+00,3.557955042595364770e+00,0.000000000000000000e+00,0.000000000000000000e+00,0.000000000000000000e+00
1.002002002002002189e-08,0.000000000000000000e+00,0.000000000000000000e+00,1.622617418383961896e+00,0.000000000000000000e+00,0.000000000000000000e+00,0.000000000000000000e+00,0.000000000000000000e+00,0.000000000000000000e+00,3.568232184737506696e+00,0.000000000000000000e+00,0.000000000000000000e+00,0.000000000000000000e+00
1.003753753753753901e-08,0.000000000000000000e+00,0.000000000000000000e+00,1.627674738568636759e+00,0.000000000000000000e+00,0.000000000000000000e+00,0.000000000000000000e+00,0.000000000000000000e+00,0.000000000000000000e+00,3.578509326879649066e+00,0.000000000000000000e+00,0.000000000000000000e+00,0.000000000000000000e+00
1.005505505505505612e-08,0.000000000000000000e+00,0.000000000000000000e+00,1.632733110908090257e+00,0.000000000000000000e+00,0.000000000000000000e+00,0.000000000000000000e+00,0.000000000000000000e+00,0.000000000000000000e+00,3.588786469021790548e+00,0.000000000000000000e+00,0.000000000000000000e+00,0.000000000000000000e+00
1.007257257257257489e-08,0.000000000000000000e+00,0.000000000000000000e+00,1.637792527037572610e+00,0.000000000000000000e+00,0.000000000000000000e+00,0.000000000000000000e+00,0.000000000000000000e+00,0.000000000000000000e+00,3.599063611163933363e+00,0.000000000000000000e+00,0.000000000000000000e+00,0.000000000000000000e+00
1.009009009009009200e-08,0.000000000000000000e+00,0.000000000000000000e+00,1.642852978679069098e+00,0.000000000000000000e+00,0.000000000000000000e+00,0.000000000000000000e+00,0.000000000000000000e+00,0.000000000000000000e+00,3.609340753306075733e+00,0.000000000000000000e+00,0.000000000000000000e+00,0.000000000000000000e+00
1.010760760760760911e-08,0.000000000000000000e+00,0.000000000000000000e+00,1.647914457640198949e+00,0.000000000000000000e+00,0.000000000000000000e+00,0.000000000000000000e+00,0.000000000000000000e+00,0.000000000000000000e+00,3.619617895448217215e+00,0.000000000000000000e+00,0.000000000000000000e+00,0.000000000000000000e+00
1.012512512512512623e-08,0.000000000000000000e+00,0.000000000000000000e+00,1.652976955813137527e+00,0.000000000000000000e+00,0.000000000000000000e+00,0.000000000000000000e+00,0.000000000000000000e+00,0.000000000000000000e+00,3.629895037590359141e+00,0.000000000000000000e+00,0.000000000000000000e+00,0.000000000000000000e+00
1.014264264264264334e-08,0.000000000000000000e+00,0.000000000000000000e+00,1.658040465173545863e+00,0.000000000000000000e+00,0.000000000000000000e+00,0.000000000000000000e+00,0.000000000000000000e+00,0.000000000000000000e+00,3.640172179732501068e+00,0.000000000000000000e+00,0.000000000000000000e+00,0.000000000000000000e+00
1.016016016016016211e-08,0.000000000000000000e+00,0.000000000000000000e+00,1.663104977779522820e+00,0.000000000000000000e+00,0.000000000000000000e+00,0.000000000000000000e+00,0.000000000000000000e+00,0.000000000000000000e+00,3.650449321874643882e+00,0.000000000000000000e+00,0.000000000000000000e+00,0.000000000000000000e+00
1.017767767767767922e-08,0.000000000000000000e+00,0.000000000000000000e+00,1.668170485770567257e+00,0.000000000000000000e+00,0.000000000000000000e+00,0.000000000000000000e+00,0.000000000000000000e+00,0.000000000000000000e+00,3.660726464016785808e+00,0.000000000000000000e+00,0.000000000000000000e+00,0.000000000000000000e+00
1.019519519519519633e-08,0.000000000000000000e+00,0.000000000000000000e+00,1.673236981366562182e+00,0.000000000000000000e+00,0.000000000000000000e+00,0.000000000000000000e+00,0.000000000000000000e+00,0.000000000000000000e+00,3.671003606158927735e+00,0.000000000000000000e+00,0.000000000000000000e+00,0.000000000000000000e+00
1.021271271271271345e-08,0.000000000000000000e+00,0.000000000000000000e+00,1.678304456866766214e+00,0.000000000000000000e+00,0.000000000000000000e+00,0.000000000000000000e+00,0.000000000000000000e+00,0.000000000000000000e+00,3.681280748301069661e+00,0.000000000000000000e+00,0.000000000000000000e+00,0.000000000000000000e+00
1.023023023023023221e-08,0.000000000000000000e+00,0.000000000000000000e+00,1.683372904648826829e+00,0.000000000000000000e+00,0.000000000000000000e+00,0.000000000000000000e+00,0.000000000000000000e+00,0.000000000000000000e+00,3.691557890443212919e+00,0.000000000000000000e+00,0.000000000000000000e+00,0.000000000000000000e+00
1.024774774774774933e-08,0.000000000000000000e+00,0.000000000000000000e+00,1.688442317167799578e+00,0.000000000000000000e+00,0.000000000000000000e+00,0.000000000000000000e+00,0.000000000000000000e+00,0.000000000000000000e+00,3.701835032585354401e+00,0.000000000000000000e+00,0.000000000000000000e+00,0.000000000000000000e+00
1.026526526526526644e-08,0.000000000000000000e+00,0.000000000000000000e+00,1.693512686955193969e+00,0.000000000000000000e+00,0.000000000000000000e+00,0.000000000000000000e+00,0.000000000000000000e+00,0.000000000000000000e+00,3.712112174727496328e+00,0.000000000000000000e+00,0.000000000000000000e+00,0.000000000000000000e+00
1.028278278278278355e-08,0.000000000000000000e+00,0.000000000000000000e+00,1.698584006618018893e+00,0.000000000000000000e+00,0.000000000000000000e+00,0.000000000000000000e+00,0.000000000000000000e+00,0.000000000000000000e+00,3.722389316869638254e+00,0.000000000000000000e+00,0.000000000000000000e+00,0.000000000000000000e+00
1.030030030030030232e-08,0.000000000000000000e+00,0.000000000000000000e+00,1.703656268837854260e+00,0.000000000000000000e+00,0.000000000000000000e+00,0.000000000000000000e+00,0.000000000000000000e+00,0.000000000000000000e+00,3.732666459011781068e+00,0.000000000000000000e+00,0.000000000000000000e+00,0.000000000000000000e+00
1.031781781781781943e-08,0.000000000000000000e+00,0.000000000000000000e+00,1.708729466369927286e+00,0.000000000000000000e+00,0.000000000000000000e+00,0.000000000000000000e+00,0.000000000000000000e+00,0.000000000000000000e+00,3.742943601153922994e+00,0.000000000000000000e+00,0.000000000000000000e+00,0.000000000000000000e+00
1.033533533533533655e-08,0.000000000000000000e+00,0.000000000000000000e+00,1.713803592042207224e+00,0.000000000000000000e+00,0.000000000000000000e+00,0.000000000000000000e+00,0.000000000000000000e+00,0.000000000000000000e+00,3.753220743296064921e+00,0.000000000000000000e+00,0.000000000000000000e+00,0.000000000000000000e+00
1.035285285285285366e-08,0.000000000000000000e+00,0.000000000000000000e+00,1.718878638754514077e+00,0.000000000000000000e+00,0.000000000000000000e+00,0.000000000000000000e+00,0.000000000000000000e+00,0.000000000000000000e+00,3.763497885438206847e+00,0.000000000000000000e+00,0.000000000000000000e+00,0.000000000000000000e+00
1.037037037037037243e-08,0.000000000000000000e+00,0.000000000000000000e+00,1.723954599477632188e+00,0.000000000000000000e+00,0.000000000000000000e+00,0.000000000000000000e+00,0.000000000000000000e+00,0.000000000000000000e+00,3.773775027580349661e+00,0.000000000000000000e+00,0.000000000000000000e+00,0.000000000000000000e+00
1.038788788788788954e-08,0.000000000000000000e+00,0.000000000000000000e+00,1.729031467252446941e+00,0.000000000000000000e+00,0.000000000000000000e+00,0.000000000000000000e+00,0.000000000000000000e+00,0.000000000000000000e+00,3.784052169722491588e+00,0.000000000000000000e+00,0.000000000000000000e+00,0.000000000000000000e+00
1.040540540540540665e-08,0.000000000000000000e+00,0.000000000000000000e+00,1.734109235189086551e+00,0.000000000000000000e+00,0.000000000000000000e+00,0.000000000000000000e+00,0.000000000000000000e+00,0.000000000000000000e+00,3.794329311864633514e+00,0.000000000000000000e+00,0.000000000000000000e+00,0.000000000000000000e+00
1.042292292292292376e-08,0.000000000000000000e+00,0.000000000000000000e+00,1.739187896466080741e+00,0.000000000000000000e+00,0.000000000000000000e+00,0.000000000000000000e+00,0.000000000000000000e+00,0.000000000000000000e+00,3.804606454006775440e+00,0.000000000000000000e+00,0.000000000000000000e+00,0.000000000000000000e+00
1.044044044044044253e-08,0.000000000000000000e+00,0.000000000000000000e+00,1.744267444329527628e+00,0.000000000000000000e+00,0.000000000000000000e+00,0.000000000000000000e+00,0.000000000000000000e+00,0.000000000000000000e+00,3.814883596148918254e+00,0.000000000000000000e+00,0.000000000000000000e+00,0.000000000000000000e+00
1.045795795795795964e-08,0.000000000000000000e+00,0.000000000000000000e+00,1.749347872092272826e+00,0.000000000000000000e+00,0.000000000000000000e+00,0.000000000000000000e+00,0.000000000000000000e+00,0.000000000000000000e+00,3.825160738291060181e+00,0.000000000000000000e+00,0.000000000000000000e+00,0.000000000000000000e+00
1.047547547547547676e-08,0.000000000000000000e+00,0.000000000000000000e+00,1.754429173133106534e+00,0.000000000000000000e+00,0.000000000000000000e+00,0.000000000000000000e+00,0.000000000000000000e+00,0.000000000000000000e+00,3.835437880433202107e+00,0.000000000000000000e+00,0.000000000000000000e+00,0.000000000000000000e+00
1.049299299299299387e-08,0.000000000000000000e+00,0.000000000000000000e+00,1.759511340895961728e+00,0.000000000000000000e+00,0.000000000000000000e+00,0.000000000000000000e+00,0.000000000000000000e+00,0.000000000000000000e+00,3.845715022575344033e+00,0.000000000000000000e+00,0.000000000000000000e+00,0.000000000000000000e+00
1.051051051051051264e-08,0.000000000000000000e+00,0.000000000000000000e+00,1.764594368889133458e+00,0.000000000000000000e+00,0.000000000000000000e+00,0.000000000000000000e+00,0.000000000000000000e+00,0.000000000000000000e+00,3.855992164717486848e+00,0.000000000000000000e+00,0.000000000000000000e+00,0.000000000000000000e+00
1.052802802802802975e-08,0.000000000000000000e+00,0.000000000000000000e+00,1.769678250684500798e+00,0.000000000000000000e+00,0.000000000000000000e+00,0.000000000000000000e+00,0.000000000000000000e+00,0.000000000000000000e+00,3.866269306859628774e+00,0.000000000000000000e+00,0.000000000000000000e+00,0.000000000000000000e+00
1.054554554554554686e-08,0.000000000000000000e+00,0.000000000000000000e+00,1.774762979916767680e+00,0.000000000000000000e+00,0.000000000000000000e+00,0.000000000000000000e+00,0.000000000000000000e+00,0.000000000000000000e+00,3.876546449001770700e+00,0.000000000000000000e+00,0.000000000000000000e+00,0.000000000000000000e+00
1.056306306306306398e-08,0.000000000000000000e+00,0.000000000000000000e+00,1.779848550282707720e+00,0.000000000000000000e+00,0.000000000000000000e+00,0.000000000000000000e+00,0.000000000000000000e+00,0.000000000000000000e+00,3.886823591143912182e+00,0.000000000000000000e+00,0.000000000000000000e+00,0.000000000000000000e+00
1.058058058058058274e-08,0.000000000000000000e+00,0.000000000000000000e+00,1.784934955540425916e+00,0.000000000000000000e+00,0.000000000000000000e+00,0.000000000000000000e+00,0.000000000000000000e+00,0.000000000000000000e+00,3.897100733286055441e+00,0.000000000000000000e+00,0.000000000000000000e+00,0.000000000000000000e+00
1.059809809809809986e-08,0.000000000000000000e+00,0.000000000000000000e+00,1.790022189508622130e+00,0.000000000000000000e+00,0.000000000000000000e+00,0.000000000000000000e+00,0.000000000000000000e+00,0.000000000000000000e+00,3.907377875428197367e+00,0.000000000000000000e+00,0.000000000000000000e+00,0.000000000000000000e+00
1.061561561561561697e-08,0.000000000000000000e+00,0.000000000000000000e+00,1.795110246065874549e+00,0.000000000000000000e+00,0.000000000000000000e+00,0.000000000000000000e+00,0.000000000000000000e+00,0.000000000000000000e+00,3.917655017570339293e+00,0.000000000000000000e+00,0.000000000000000000e+00,0.000000000000000000e+00
1.063313313313313408e-08,0.000000000000000000e+00,0.000000000000000000e+00,1.800199119149927807e+00,0.000000000000000000e+00,0.000000000000000000e+00,0.000000000000000000e+00,0.000000000000000000e+00,0.000000000000000000e+00,3.927932159712481219e+00,0.000000000000000000e+00,0.000000000000000000e+00,0.000000000000000000e+00
1.065065065065065285e-08,0.000000000000000000e+00,0.000000000000000000e+00,1.805288802756990885e+00,0.000000000000000000e+00,0.000000000000000000e+00,0.000000000000000000e+00,0.000000000000000000e+00,0.000000000000000000e+00,3.938209301854624034e+00,0.000000000000000000e+00,0.000000000000000000e+00,0.000000000000000000e+00
1.066816816816816996e-08,0.000000000000000000e+00,0.000000000000000000e+00,1.810379290941046104e+00,0.000000000000000000e+00,0.000000000000000000e+00,0.000000000000000000e+00,0.000000000000000000e+00,0.000000000000000000e+00,3.948486443996765516e+00,0.000000000000000000e+00,0.000000000000000000e+00,0.000000000000000000e+00
1.068568568568568708e-08,0.000000000000000000e+00,0.000000000000000000e+00,1.815470577813169895e+00,0.000000000000000000e+00,0.000000000000000000e+00,0.000000000000000000e+00,0.000000000000000000e+00,0.000000000000000000e+00,3.958763586138907442e+00,0.000000000000000000e+00,0.000000000000000000e+00,0.000000000000000000e+00
1.070320320320320419e-08,0.000000000000000000e+00,0.000000000000000000e+00,1.820562657540854890e+00,0.000000000000000000e+00,0.000000000000000000e+00,0.000000000000000000e+00,0.000000000000000000e+00,0.000000000000000000e+00,3.969040728281049368e+00,0.000000000000000000e+00,0.000000000000000000e+00,0.000000000000000000e+00
1.072072072072072296e-08,0.000000000000000000e+00,0.000000000000000000e+00,1.825655524347355341e+00,0.000000000000000000e+00,0.000000000000000000e+00,0.000000000000000000e+00,0.000000000000000000e+00,0.000000000000000000e+00,3.979317870423192627e+00,0.000000000000000000e+00,0.000000000000000000e+00,0.000000000000000000e+00
1.073823823823824007e-08,0.000000000000000000e+00,0.000000000000000000e+00,1.830749172511024092e+00,0.000000000000000000e+00,0.000000000000000000e+00,0.000000000000000000e+00,0.000000000000000000e+00,0.000000000000000000e+00,3.989595012565334553e+00,0.000000000000000000e+00,0.000000000000000000e+00,0.000000000000000000e+00
1.075575575575575718e-08,0.000000000000000000e+00,0.000000000000000000e+00,1.835843596364675090e+00,0.000000000000000000e+00,0.000000000000000000e+00,0.000000000000000000e+00,0.000000000000000000e+00,0.000000000000000000e+00,3.999872154707476035e+00,0.000000000000000000e+00,0.000000000000000000e+00,0.000000000000000000e+00
1.077327327327327430e-08,0.000000000000000000e+00,0.000000000000000000e+00,1.840938790294944782e+00,0.000000000000000000e+00,0.000000000000000000e+00,0.000000000000000000e+00,0.000000000000000000e+00,0.000000000000000000e+00,4.010149296849617961e+00,0.000000000000000000e+00,0.000000000000000000e+00,0.000000000000000000e+00
1.079079079079079306e-08,0.000000000000000000e+00,0.000000000000000000e+00,1.846034748741665732e+00,0.000000000000000000e+00,0.000000000000000000e+00,0.000000000000000000e+00,0.000000000000000000e+00,0.000000000000000000e+00,4.020426438991760776e+00,0.000000000000000000e+00,0.000000000000000000e+00,0.000000000000000000e+00
1.080830830830831018e-08,0.000000000000000000e+00,0.000000000000000000e+00,1.851131466197246223e+00,0.000000000000000000e+00,0.000000000000000000e+00,0.000000000000000000e+00,0.000000000000000000e+00,0.000000000000000000e+00,4.030703581133902702e+00,0.000000000000000000e+00,0.000000000000000000e+00,0.000000000000000000e+00
1.082582582582582729e-08,0.000000000000000000e+00,0.000000000000000000e+00,1.856228937206062302e+00,0.000000000000000000e+00,0.000000000000000000e+00,0.000000000000000000e+00,0.000000000000000000e+00,0.000000000000000000e+00,4.040980723276044628e+00,0.000000000000000000e+00,0.000000000000000000e+00,0.000000000000000000e+00
1.084334334334334440e-08,0.000000000000000000e+00,0.000000000000000000e+00,1.861327156363855817e+00,0.000000000000000000e+00,0.000000000000000000e+00,0.000000000000000000e+00,0.000000000000000000e+00,0.000000000000000000e+00,4.051257865418187443e+00,0.000000000000000000e+00,0.000000000000000000e+00,0.000000000000000000e+00
1.086086086086086317e-08,0.000000000000000000e+00,0.000000000000000000e+00,1.866426118317139116e+00,0.000000000000000000e+00,0.000000000000000000e+00,0.000000000000000000e+00,0.000000000000000000e+00,0.000000000000000000e+00,4.061535007560329369e+00,0.000000000000000000e+00,0.000000000000000000e+00,0.000000000000000000e+00
1.087837837837838028e-08,0.000000000000000000e+00,0.000000000000000000e+00,1.871525817762613064e+00,0.000000000000000000e+00,0.000000000000000000e+00,0.000000000000000000e+00,0.000000000000000000e+00,0.000000000000000000e+00,4.071812149702471295e+00,0.000000000000000000e+00,0.000000000000000000e+00,0.000000000000000000e+00
1.089589589589589740e-08,0.000000000000000000e+00,0.000000000000000000e+00,1.876626249446585515e+00,0.000000000000000000e+00,0.000000000000000000e+00,0.000000000000000000e+00,0.000000000000000000e+00,0.000000000000000000e+00,4.082089291844613221e+00,0.000000000000000000e+00,0.000000000000000000e+00,0.000000000000000000e+00
1.091341341341341451e-08,0.000000000000000000e+00,0.000000000000000000e+00,1.881727408164404869e+00,0.000000000000000000e+00,0.000000000000000000e+00,0.000000000000000000e+00,0.000000000000000000e+00,0.000000000000000000e+00,4.092366433986755148e+00,0.000000000000000000e+00,0.000000000000000000e+00,0.000000000000000000e+00
1.093093093093093328e-08,0.000000000000000000e+00,0.000000000000000000e+00,1.886829288759896306e+00,0.000000000000000000e+00,0.000000000000000000e+00,0.000000000000000000e+00,0.000000000000000000e+00,0.000000000000000000e+00,4.102643576128898850e+00,0.000000000000000000e+00,0.000000000000000000e+00,0.000000000000000000e+00
1.094844844844845039e-08,0.000000000000000000e+00,0.000000000000000000e+00,1.891931886124807338e+00,0.000000000000000000e+00,0.000000000000000000e+00,0.000000000000000000e+00,0.000000000000000000e+00,0.000000000000000000e+00,4.112920718271040776e+00,0.000000000000000000e+00,0.000000000000000000e+00,0.000000000000000000e+00
1.096596596596596750e-08,0.000000000000000000e+00,0.000000000000000000e+00,1.897035195198262025e+00,0.000000000000000000e+00,0.000000000000000000e+00,0.000000000000000000e+00,0.000000000000000000e+00,0.000000000000000000e+00,4.123197860413182703e+00,0.000000000000000000e+00,0.000000000000000000e+00,0.000000000000000000e+00
1.098348348348348461e-08,0.000000000000000000e+00,0.000000000000000000e+00,1.902139210966220073e+00,0.000000000000000000e+00,0.000000000000000000e+00,0.000000000000000000e+00,0.000000000000000000e+00,0.000000000000000000e+00,4.133475002555323741e+00,0.000000000000000000e+00,0.000000000000000000e+00,0.000000000000000000e+00
1.100100100100100338e-08,0.000000000000000000e+00,0.000000000000000000e+00,1.907243928460948368e+00,0.000000000000000000e+00,0.000000000000000000e+00,0.000000000000000000e+00,0.000000000000000000e+00,0.000000000000000000e+00,4.143752144697466555e+00,0.000000000000000000e+00,0.000000000000000000e+00,0.000000000000000000e+00
1.101851851851852050e-08,0.000000000000000000e+00,0.000000000000000000e+00,1.912349342760488291e+00,0.000000000000000000e+00,0.000000000000000000e+00,0.000000000000000000e+00,0.000000000000000000e+00,0.000000000000000000e+00,4.154029286839608481e+00,0.000000000000000000e+00,0.000000000000000000e+00,0.000000000000000000e+00
1.103603603603603761e-08,0.000000000000000000e+00,0.000000000000000000e+00,1.917455448988144795e+00,0.000000000000000000e+00,0.000000000000000000e+00,0.000000000000000000e+00,0.000000000000000000e+00,0.000000000000000000e+00,4.164306428981751296e+00,0.000000000000000000e+00,0.000000000000000000e+00,0.000000000000000000e+00
1.105355355355355472e-08,0.000000000000000000e+00,0.000000000000000000e+00,1.922562242311970149e+00,0.000000000000000000e+00,0.000000000000000000e+00,0.000000000000000000e+00,0.000000000000000000e+00,0.000000000000000000e+00,4.174583571123893222e+00,0.000000000000000000e+00,0.000000000000000000e+00,0.000000000000000000e+00
1.107107107107107349e-08,0.000000000000000000e+00,0.000000000000000000e+00,1.927669717944264116e+00,0.000000000000000000e+00,0.000000000000000000e+00,0.000000000000000000e+00,0.000000000000000000e+00,0.000000000000000000e+00,4.184860713266035148e+00,0.000000000000000000e+00,0.000000000000000000e+00,0.000000000000000000e+00
1.108858858858859060e-08,0.000000000000000000e+00,0.000000000000000000e+00,1.932777871141072357e+00,0.000000000000000000e+00,0.000000000000000000e+00,0.000000000000000000e+00,0.000000000000000000e+00,0.000000000000000000e+00,4.195137855408177074e+00,0.000000000000000000e+00,0.000000000000000000e+00,0.000000000000000000e+00
1.110610610610610771e-08,0.000000000000000000e+00,0.000000000000000000e+00,1.937886697201695485e+00,0.000000000000000000e+00,0.000000000000000000e+00,0.000000000000000000e+00,0.000000000000000000e+00,0.000000000000000000e+00,4.205414997550319001e+00,0.000000000000000000e+00,0.000000000000000000e+00,0.000000000000000000e+00
1.112362362362362483e-08,0.000000000000000000e+00,0.000000000000000000e+00,1.942996191468208123e+00,0.000000000000000000e+00,0.000000000000000000e+00,0.000000000000000000e+00,0.000000000000000000e+00,0.000000000000000000e+00,4.215692139692461815e+00,0.000000000000000000e+00,0.000000000000000000e+00,0.000000000000000000e+00
1.114114114114114359e-08,0.000000000000000000e+00,0.000000000000000000e+00,1.948106349324975062e+00,0.000000000000000000e+00,0.000000000000000000e+00,0.000000000000000000e+00,0.000000000000000000e+00,0.000000000000000000e+00,4.225969281834604629e+00,0.000000000000000000e+00,0.000000000000000000e+00,0.000000000000000000e+00
1.115865865865866071e-08,0.000000000000000000e+00,0.000000000000000000e+00,1.953217166198183863e+00,0.000000000000000000e+00,0.000000000000000000e+00,0.000000000000000000e+00,0.000000000000000000e+00,0.000000000000000000e+00,4.236246423976746556e+00,0.000000000000000000e+00,0.000000000000000000e+00,0.000000000000000000e+00
1.117617617617617782e-08,0.000000000000000000e+00,0.000000000000000000e+00,1.958328637555376561e+00,0.000000000000000000e+00,0.000000000000000000e+00,0.000000000000000000e+00,0.000000000000000000e+00,0.000000000000000000e+00,4.246523566118887594e+00,0.000000000000000000e+00,0.000000000000000000e+00,0.000000000000000000e+00
1.119369369369369493e-08,0.000000000000000000e+00,0.000000000000000000e+00,1.963440758904992478e+00,0.000000000000000000e+00,0.000000000000000000e+00,0.000000000000000000e+00,0.000000000000000000e+00,0.000000000000000000e+00,4.256800708261029520e+00,0.000000000000000000e+00,0.000000000000000000e+00,0.000000000000000000e+00
1.121121121121121370e-08,0.000000000000000000e+00,0.000000000000000000e+00,1.968553525795912584e+00,0.000000000000000000e+00,0.000000000000000000e+00,0.000000000000000000e+00,0.000000000000000000e+00,0.000000000000000000e+00,4.267077850403172334e+00,0.000000000000000000e+00,0.000000000000000000e+00,0.000000000000000000e+00
1.122872872872873081e-08,0.000000000000000000e+00,0.000000000000000000e+00,1.973666933817010749e+00,0.000000000000000000e+00,0.000000000000000000e+00,0.000000000000000000e+00,0.000000000000000000e+00,0.000000000000000000e+00,4.277354992545315149e+00,0.000000000000000000e+00,0.000000000000000000e+00,0.000000000000000000e+00
1.124624624624624793e-08,0.000000000000000000e+00,0.000000000000000000e+00,1.978780978596714313e+00,0.000000000000000000e+00,0.000000000000000000e+00,0.000000000000000000e+00,0.000000000000000000e+00,0.000000000000000000e+00,4.287632134687457075e+00,0.000000000000000000e+00,0.000000000000000000e+00,0.000000000000000000e+00
1.126376376376376504e-08,0.000000000000000000e+00,0.000000000000000000e+00,1.983895655802567770e+00,0.000000000000000000e+00,0.000000000000000000e+00,0.000000000000000000e+00,0.000000000000000000e+00,0.000000000000000000e+00,4.297909276829598113e+00,0.000000000000000000e+00,0.000000000000000000e+00,0.000000000000000000e+00
1.128128128128128215e-08,0.000000000000000000e+00,0.000000000000000000e+00,1.989010961140801115e+00,0.000000000000000000e+00,0.000000000000000000e+00,0.000000000000000000e+00,0.000000000000000000e+00,0.000000000000000000e+00,4.308186418971740039e+00,0.000000000000000000e+00,0.000000000000000000e+00,0.000000000000000000e+00
1.129879879879880092e-08,0.000000000000000000e+00,0.000000000000000000e+00,1.994126890355906845e+00,0.000000000000000000e+00,0.000000000000000000e+00,0.000000000000000000e+00,0.000000000000000000e+00,0.000000000000000000e+00,4.318463561113882854e+00,0.000000000000000000e+00,0.000000000000000000e+00,0.000000000000000000e+00
1.131631631631631803e-08,0.000000000000000000e+00,0.000000000000000000e+00,1.999243439230217412e+00,0.000000000000000000e+00,0.000000000000000000e+00,0.000000000000000000e+00,0.000000000000000000e+00,0.000000000000000000e+00,4.328740703256025668e+00,0.000000000000000000e+00,0.000000000000000000e+00,0.000000000000000000e+00
1.133383383383383515e-08,0.000000000000000000e+00,0.000000000000000000e+00,2.004360603583494438e+00,0.000000000000000000e+00,0.000000000000000000e+00,0.000000000000000000e+00,0.000000000000000000e+00,0.000000000000000000e+00,4.339017845398167594e+00,0.000000000000000000e+00,0.000000000000000000e+00,0.000000000000000000e+00
1.135135135135135226e-08,0.000000000000000000e+00,0.000000000000000000e+00,2.009478379272518822e+00,0.000000000000000000e+00,0.000000000000000000e+00,0.000000000000000000e+00,0.000000000000000000e+00,0.000000000000000000e+00,4.349294987540308632e+00,0.000000000000000000e+00,0.000000000000000000e+00,0.000000000000000000e+00
1.136886886886887103e-08,0.000000000000000000e+00,0.000000000000000000e+00,2.014596762190689283e+00,0.000000000000000000e+00,0.000000000000000000e+00,0.000000000000000000e+00,0.000000000000000000e+00,0.000000000000000000e+00,4.359572129682451447e+00,0.000000000000000000e+00,0.000000000000000000e+00,0.000000000000000000e+00
1.138638638638638814e-08,0.000000000000000000e+00,0.000000000000000000e+00,2.019715748267620015e+00,0.000000000000000000e+00,0.000000000000000000e+00,0.000000000000000000e+00,0.000000000000000000e+00,0.000000000000000000e+00,4.369849271824593373e+00,0.000000000000000000e+00,0.000000000000000000e+00,0.000000000000000000e+00
1.140390390390390525e-08,0.000000000000000000e+00,0.000000000000000000e+00,2.024835333468751664e+00,0.000000000000000000e+00,0.000000000000000000e+00,0.000000000000000000e+00,0.000000000000000000e+00,0.000000000000000000e+00,4.380126413966735299e+00,0.000000000000000000e+00,0.000000000000000000e+00,0.000000000000000000e+00
1.142142142142142237e-08,0.000000000000000000e+00,0.000000000000000000e+00,2.029955513794963196e+00,0.000000000000000000e+00,0.000000000000000000e+00,0.000000000000000000e+00,0.000000000000000000e+00,0.000000000000000000e+00,4.390403556108878114e+00,0.000000000000000000e+00,0.000000000000000000e+00,0.000000000000000000e+00
1.143893893893894113e-08,0.000000000000000000e+00,0.000000000000000000e+00,2.035076285282185982e+00,0.000000000000000000e+00,0.000000000000000000e+00,0.000000000000000000e+00,0.000000000000000000e+00,0.000000000000000000e+00,4.400680698251020928e+00,0.000000000000000000e+00,0.000000000000000000e+00,0.000000000000000000e+00
1.145645645645645825e-08,0.000000000000000000e+00,0.000000000000000000e+00,2.040197644001026767e+00,0.000000000000000000e+00,0.000000000000000000e+00,0.000000000000000000e+00,0.000000000000000000e+00,0.000000000000000000e+00,4.410957840393161966e+00,0.000000000000000000e+00,0.000000000000000000e+00,0.000000000000000000e+00
1.147397397397397536e-08,0.000000000000000000e+00,0.000000000000000000e+00,2.045319586056398631e+00,0.000000000000000000e+00,0.000000000000000000e+00,0.000000000000000000e+00,0.000000000000000000e+00,0.000000000000000000e+00,4.421234982535303892e+00,0.000000000000000000e+00,0.000000000000000000e+00,0.000000000000000000e+00
1.149149149149149247e-08,0.000000000000000000e+00,0.000000000000000000e+00,2.050442107587145735e+00,0.000000000000000000e+00,0.000000000000000000e+00,0.000000000000000000e+00,0.000000000000000000e+00,0.000000000000000000e+00,4.431512124677445819e+00,0.000000000000000000e+00,0.000000000000000000e+00,0.000000000000000000e+00
1.150900900900901124e-08,0.000000000000000000e+00,0.000000000000000000e+00,2.055565204765683607e+00,0.000000000000000000e+00,0.000000000000000000e+00,0.000000000000000000e+00,0.000000000000000000e+00,0.000000000000000000e+00,4.441789266819589521e+00,0.000000000000000000e+00,0.000000000000000000e+00,0.000000000000000000e+00
1.152652652652652835e-08,0.000000000000000000e+00,0.000000000000000000e+00,2.060688873797637655e+00,0.000000000000000000e+00,0.000000000000000000e+00,0.000000000000000000e+00,0.000000000000000000e+00,0.000000000000000000e+00,4.452066408961731447e+00,0.000000000000000000e+00,0.000000000000000000e+00,0.000000000000000000e+00
1.154404404404404547e-08,0.000000000000000000e+00,0.000000000000000000e+00,2.065813110921491003e+00,0.000000000000000000e+00,0.000000000000000000e+00,0.000000000000000000e+00,0.000000000000000000e+00,0.000000000000000000e+00,4.462343551103872485e+00,0.000000000000000000e+00,0.000000000000000000e+00,0.000000000000000000e+00
1.156156156156156258e-08,0.000000000000000000e+00,0.000000000000000000e+00,2.070937912408233217e+00,0.000000000000000000e+00,0.000000000000000000e+00,0.000000000000000000e+00,0.000000000000000000e+00,0.000000000000000000e+00,4.472620693246014412e+00,0.000000000000000000e+00,0.000000000000000000e+00,0.000000000000000000e+00
1.157907907907908135e-08,0.000000000000000000e+00,0.000000000000000000e+00,2.076063274561013472e+00,0.000000000000000000e+00,0.000000000000000000e+00,0.000000000000000000e+00,0.000000000000000000e+00,0.000000000000000000e+00,4.482897835388157226e+00,0.000000000000000000e+00,0.000000000000000000e+00,0.000000000000000000e+00
1.159659659659659846e-08,0.000000000000000000e+00,0.000000000000000000e+00,2.081189193714798158e+00,0.000000000000000000e+00,0.000000000000000000e+00,0.000000000000000000e+00,0.000000000000000000e+00,0.000000000000000000e+00,4.493174977530299152e+00,0.000000000000000000e+00,0.000000000000000000e+00,0.000000000000000000e+00
1.161411411411411557e-08,0.000000000000000000e+00,0.000000000000000000e+00,2.086315666236037369e+00,0.000000000000000000e+00,0.000000000000000000e+00,0.000000000000000000e+00,0.000000000000000000e+00,0.000000000000000000e+00,4.503452119672441967e+00,0.000000000000000000e+00,0.000000000000000000e+00,0.000000000000000000e+00
1.163163163163163268e-08,0.000000000000000000e+00,0.000000000000000000e+00,2.091442688522327842e+00,0.000000000000000000e+00,0.000000000000000000e+00,0.000000000000000000e+00,0.000000000000000000e+00,0.000000000000000000e+00,4.513729261814583893e+00,0.000000000000000000e+00,0.000000000000000000e+00,0.000000000000000000e+00
1.164914914914915145e-08,0.000000000000000000e+00,0.000000000000000000e+00,2.096570257002086990e+00,0.000000000000000000e+00,0.000000000000000000e+00,0.000000000000000000e+00,0.000000000000000000e+00,0.000000000000000000e+00,4.524006403956725819e+00,0.000000000000000000e+00,0.000000000000000000e+00,0.000000000000000000e+00
1.166666666666666857e-08,0.000000000000000000e+00,0.000000000000000000e+00,2.101698368134227835e+00,0.000000000000000000e+00,0.000000000000000000e+00,0.000000000000000000e+00,0.000000000000000000e+00,0.000000000000000000e+00,4.534283546098867745e+00,0.000000000000000000e+00,0.000000000000000000e+00,0.000000000000000000e+00
1.168418418418418568e-08,0.000000000000000000e+00,0.000000000000000000e+00,2.106827018407836594e+00,0.000000000000000000e+00,0.000000000000000000e+00,0.000000000000000000e+00,0.000000000000000000e+00,0.000000000000000000e+00,4.544560688241009672e+00,0.000000000000000000e+00,0.000000000000000000e+00,0.000000000000000000e+00
1.170170170170170279e-08,0.000000000000000000e+00,0.000000000000000000e+00,2.111956204341857379e+00,0.000000000000000000e+00,0.000000000000000000e+00,0.000000000000000000e+00,0.000000000000000000e+00,0.000000000000000000e+00,4.554837830383152486e+00,0.000000000000000000e+00,0.000000000000000000e+00,0.000000000000000000e+00
1.171921921921922156e-08,0.000000000000000000e+00,0.000000000000000000e+00,2.117085922484778671e+00,0.000000000000000000e+00,0.000000000000000000e+00,0.000000000000000000e+00,0.000000000000000000e+00,0.000000000000000000e+00,4.565114972525295300e+00,0.000000000000000000e+00,0.000000000000000000e+00,0.000000000000000000e+00
1.173673673673673867e-08,0.000000000000000000e+00,0.000000000000000000e+00,2.122216169414323339e+00,0.000000000000000000e+00,0.000000000000000000e+00,0.000000000000000000e+00,0.000000000000000000e+00,0.000000000000000000e+00,4.575392114667437227e+00,0.000000000000000000e+00,0.000000000000000000e+00,0.000000000000000000e+00
1.175425425425425578e-08,0.000000000000000000e+00,0.000000000000000000e+00,2.127346941737148889e+00,0.000000000000000000e+00,0.000000000000000000e+00,0.000000000000000000e+00,0.000000000000000000e+00,0.000000000000000000e+00,4.585669256809578265e+00,0.000000000000000000e+00,0.000000000000000000e+00,0.000000000000000000e+00
1.177177177177177290e-08,0.000000000000000000e+00,0.000000000000000000e+00,2.132478236088539703e+00,0.000000000000000000e+00,0.000000000000000000e+00,0.000000000000000000e+00,0.000000000000000000e+00,0.000000000000000000e+00,4.595946398951721079e+00,0.000000000000000000e+00,0.000000000000000000e+00,0.000000000000000000e+00
1.178928928928929166e-08,0.000000000000000000e+00,0.000000000000000000e+00,2.137610049132112167e+00,0.000000000000000000e+00,0.000000000000000000e+00,0.000000000000000000e+00,0.000000000000000000e+00,0.000000000000000000e+00,4.606223541093863005e+00,0.000000000000000000e+00,0.000000000000000000e+00,0.000000000000000000e+00
1.180680680680680878e-08,0.000000000000000000e+00,0.000000000000000000e+00,2.142742377559520239e+00,0.000000000000000000e+00,0.000000000000000000e+00,0.000000000000000000e+00,0.000000000000000000e+00,0.000000000000000000e+00,4.616500683236004932e+00,0.000000000000000000e+00,0.000000000000000000e+00,0.000000000000000000e+00
1.182432432432432589e-08,0.000000000000000000e+00,0.000000000000000000e+00,2.147875218090166349e+00,0.000000000000000000e+00,0.000000000000000000e+00,0.000000000000000000e+00,0.000000000000000000e+00,0.000000000000000000e+00,4.626777825378147746e+00,0.000000000000000000e+00,0.000000000000000000e+00,0.000000000000000000e+00
1.184184184184184300e-08,0.000000000000000000e+00,0.000000000000000000e+00,2.153008567470912737e+00,0.000000000000000000e+00,0.000000000000000000e+00,0.000000000000000000e+00,0.000000000000000000e+00,0.000000000000000000e+00,4.637054967520288784e+00,0.000000000000000000e+00,0.000000000000000000e+00,0.000000000000000000e+00
1.185935935935936177e-08,0.000000000000000000e+00,0.000000000000000000e+00,2.158142422475799904e+00,0.000000000000000000e+00,0.000000000000000000e+00,0.000000000000000000e+00,0.000000000000000000e+00,0.000000000000000000e+00,4.647332109662431598e+00,0.000000000000000000e+00,0.000000000000000000e+00,0.000000000000000000e+00
1.187687687687687888e-08,0.000000000000000000e+00,0.000000000000000000e+00,2.163276779905766389e+00,0.000000000000000000e+00,0.000000000000000000e+00,0.000000000000000000e+00,0.000000000000000000e+00,0.000000000000000000e+00,4.657609251804574413e+00,0.000000000000000000e+00,0.000000000000000000e+00,0.000000000000000000e+00
1.189439439439439600e-08,0.000000000000000000e+00,0.000000000000000000e+00,2.168411636588368108e+00,0.000000000000000000e+00,0.000000000000000000e+00,0.000000000000000000e+00,0.000000000000000000e+00,0.000000000000000000e+00,4.667886393946715451e+00,0.000000000000000000e+00,0.000000000000000000e+00,0.000000000000000000e+00
1.191191191191191311e-08,0.000000000000000000e+00,0.000000000000000000e+00,2.173546989377515004e+00,0.000000000000000000e+00,0.000000000000000000e+00,0.000000000000000000e+00,0.000000000000000000e+00,0.000000000000000000e+00,4.678163536088858265e+00,0.000000000000000000e+00,0.000000000000000000e+00,0.000000000000000000e+00
1.192942942942943188e-08,0.000000000000000000e+00,0.000000000000000000e+00,2.178682835153192610e+00,0.000000000000000000e+00,0.000000000000000000e+00,0.000000000000000000e+00,0.000000000000000000e+00,0.000000000000000000e+00,4.688440678231001080e+00,0.000000000000000000e+00,0.000000000000000000e+00,0.000000000000000000e+00
1.194694694694694899e-08,0.000000000000000000e+00,0.000000000000000000e+00,2.183819170821195144e+00,0.000000000000000000e+00,0.000000000000000000e+00,0.000000000000000000e+00,0.000000000000000000e+00,0.000000000000000000e+00,4.698717820373142118e+00,0.000000000000000000e+00,0.000000000000000000e+00,0.000000000000000000e+00
1.196446446446446610e-08,0.000000000000000000e+00,0.000000000000000000e+00,2.188955993312871051e+00,0.000000000000000000e+00,0.000000000000000000e+00,0.000000000000000000e+00,0.000000000000000000e+00,0.000000000000000000e+00,4.708994962515284932e+00,0.000000000000000000e+00,0.000000000000000000e+00,0.000000000000000000e+00
1.198198198198198322e-08,0.000000000000000000e+00,0.000000000000000000e+00,2.194093299584853440e+00,0.000000000000000000e+00,0.000000000000000000e+00,0.000000000000000000e+00,0.000000000000000000e+00,0.000000000000000000e+00,4.719272104657425970e+00,0.000000000000000000e+00,0.000000000000000000e+00,0.000000000000000000e+00
1.199949949949950198e-08,0.000000000000000000e+00,0.000000000000000000e+00,2.199231086618809616e+00,0.000000000000000000e+00,0.000000000000000000e+00,0.000000000000000000e+00,0.000000000000000000e+00,0.000000000000000000e+00,4.729549246799568785e+00,0.000000000000000000e+00,0.000000000000000000e+00,0.000000000000000000e+00
1.201701701701701910e-08,0.000000000000000000e+00,0.000000000000000000e+00,2.204369351421181733e+00,0.000000000000000000e+00,0.000000000000000000e+00,0.000000000000000000e+00,0.000000000000000000e+00,0.000000000000000000e+00,4.739826388941711599e+00,0.000000000000000000e+00,0.000000000000000000e+00,0.000000000000000000e+00
1.203453453453453621e-08,0.000000000000000000e+00,0.000000000000000000e+00,2.209508091022939436e+00,0.000000000000000000e+00,0.000000000000000000e+00,0.000000000000000000e+00,0.000000000000000000e+00,0.000000000000000000e+00,4.750103531083852637e+00,0.000000000000000000e+00,0.000000000000000000e+00,0.000000000000000000e+00
1.205205205205205332e-08,0.000000000000000000e+00,0.000000000000000000e+00,2.214647302479334279e+00,0.000000000000000000e+00,0.000000000000000000e+00,0.000000000000000000e+00,0.000000000000000000e+00,0.000000000000000000e+00,4.760380673225995452e+00,0.000000000000000000e+00,0.000000000000000000e+00,0.000000000000000000e+00
1.206956956956957209e-08,0.000000000000000000e+00,0.000000000000000000e+00,2.219786982869648817e+00,0.000000000000000000e+00,0.000000000000000000e+00,0.000000000000000000e+00,0.000000000000000000e+00,0.000000000000000000e+00,4.770657815368138266e+00,0.000000000000000000e+00,0.000000000000000000e+00,0.000000000000000000e+00
1.208708708708708920e-08,0.000000000000000000e+00,0.000000000000000000e+00,2.224927129296959016e+00,0.000000000000000000e+00,0.000000000000000000e+00,0.000000000000000000e+00,0.000000000000000000e+00,0.000000000000000000e+00,4.780934957510279304e+00,0.000000000000000000e+00,0.000000000000000000e+00,0.000000000000000000e+00
1.210460460460460632e-08,0.000000000000000000e+00,0.000000000000000000e+00,2.230067738887894002e+00,0.000000000000000000e+00,0.000000000000000000e+00,0.000000000000000000e+00,0.000000000000000000e+00,0.000000000000000000e+00,4.791212099652422118e+00,0.000000000000000000e+00,0.000000000000000000e+00,0.000000000000000000e+00
1.212212212212212343e-08,0.000000000000000000e+00,0.000000000000000000e+00,2.235208808792399360e+00,0.000000000000000000e+00,0.000000000000000000e+00,0.000000000000000000e+00,0.000000000000000000e+00,0.000000000000000000e+00,4.801489241794563156e+00,0.000000000000000000e+00,0.000000000000000000e+00,0.000000000000000000e+00
1.213963963963964220e-08,0.000000000000000000e+00,0.000000000000000000e+00,2.240350336183506208e+00,0.000000000000000000e+00,0.000000000000000000e+00,0.000000000000000000e+00,0.000000000000000000e+00,0.000000000000000000e+00,4.811766383936705971e+00,0.000000000000000000e+00,0.000000000000000000e+00,0.000000000000000000e+00
1.215715715715715931e-08,0.000000000000000000e+00,0.000000000000000000e+00,2.245492318257096720e+00,0.000000000000000000e+00,0.000000000000000000e+00,0.000000000000000000e+00,0.000000000000000000e+00,0.000000000000000000e+00,4.822043526078848785e+00,0.000000000000000000e+00,0.000000000000000000e+00,0.000000000000000000e+00
1.217467467467467642e-08,0.000000000000000000e+00,0.000000000000000000e+00,2.250634752231677638e+00,0.000000000000000000e+00,0.000000000000000000e+00,0.000000000000000000e+00,0.000000000000000000e+00,0.000000000000000000e+00,4.832320668220989823e+00,0.000000000000000000e+00,0.000000000000000000e+00,0.000000000000000000e+00
1.219219219219219354e-08,0.000000000000000000e+00,0.000000000000000000e+00,2.255777635348157784e+00,0.000000000000000000e+00,0.000000000000000000e+00,0.000000000000000000e+00,0.000000000000000000e+00,0.000000000000000000e+00,4.842597810363132638e+00,0.000000000000000000e+00,0.000000000000000000e+00,0.000000000000000000e+00
1.220970970970971230e-08,0.000000000000000000e+00,0.000000000000000000e+00,2.260920964869621574e+00,0.000000000000000000e+00,0.000000000000000000e+00,0.000000000000000000e+00,0.000000000000000000e+00,0.000000000000000000e+00,4.852874952505275452e+00,0.000000000000000000e+00,0.000000000000000000e+00,0.000000000000000000e+00
1.222722722722722942e-08,0.000000000000000000e+00,0.000000000000000000e+00,2.266064738081110530e+00,0.000000000000000000e+00,0.000000000000000000e+00,0.000000000000000000e+00,0.000000000000000000e+00,0.000000000000000000e+00,4.863152094647416490e+00,0.000000000000000000e+00,0.000000000000000000e+00,0.000000000000000000e+00
1.224474474474474653e-08,0.000000000000000000e+00,0.000000000000000000e+00,2.271208952289407890e+00,0.000000000000000000e+00,0.000000000000000000e+00,0.000000000000000000e+00,0.000000000000000000e+00,0.000000000000000000e+00,4.873429236789559305e+00,0.000000000000000000e+00,0.000000000000000000e+00,0.000000000000000000e+00
1.226226226226226364e-08,0.000000000000000000e+00,0.000000000000000000e+00,2.276353604822819676e+00,0.000000000000000000e+00,0.000000000000000000e+00,0.000000000000000000e+00,0.000000000000000000e+00,0.000000000000000000e+00,4.883706378931699454e+00,0.000000000000000000e+00,0.000000000000000000e+00,0.000000000000000000e+00
1.227977977977978241e-08,0.000000000000000000e+00,0.000000000000000000e+00,2.281498693030967306e+00,0.000000000000000000e+00,0.000000000000000000e+00,0.000000000000000000e+00,0.000000000000000000e+00,0.000000000000000000e+00,4.893983521073843157e+00,0.000000000000000000e+00,0.000000000000000000e+00,0.000000000000000000e+00
1.229729729729729952e-08,0.000000000000000000e+00,0.000000000000000000e+00,2.286644214284573540e+00,0.000000000000000000e+00,0.000000000000000000e+00,0.000000000000000000e+00,0.000000000000000000e+00,0.000000000000000000e+00,4.904260663215985971e+00,0.000000000000000000e+00,0.000000000000000000e+00,0.000000000000000000e+00
1.231481481481481663e-08,0.000000000000000000e+00,0.000000000000000000e+00,2.291790165975255977e+00,0.000000000000000000e+00,0.000000000000000000e+00,0.000000000000000000e+00,0.000000000000000000e+00,0.000000000000000000e+00,4.914537805358127009e+00,0.000000000000000000e+00,0.000000000000000000e+00,0.000000000000000000e+00
1.233233233233233375e-08,0.000000000000000000e+00,0.000000000000000000e+00,2.296936545515325889e+00,0.000000000000000000e+00,0.000000000000000000e+00,0.000000000000000000e+00,0.000000000000000000e+00,0.000000000000000000e+00,4.924814947500269824e+00,0.000000000000000000e+00,0.000000000000000000e+00,0.000000000000000000e+00
1.234984984984985086e-08,0.000000000000000000e+00,0.000000000000000000e+00,2.302083350337578604e+00,0.000000000000000000e+00,0.000000000000000000e+00,0.000000000000000000e+00,0.000000000000000000e+00,0.000000000000000000e+00,4.935092089642409974e+00,0.000000000000000000e+00,0.000000000000000000e+00,0.000000000000000000e+00
1.236736736736736963e-08,0.000000000000000000e+00,0.000000000000000000e+00,2.307230577895101664e+00,0.000000000000000000e+00,0.000000000000000000e+00,0.000000000000000000e+00,0.000000000000000000e+00,0.000000000000000000e+00,4.945369231784553676e+00,0.000000000000000000e+00,0.000000000000000000e+00,0.000000000000000000e+00
1.238488488488488674e-08,0.000000000000000000e+00,0.000000000000000000e+00,2.312378225661070097e+00,0.000000000000000000e+00,0.000000000000000000e+00,0.000000000000000000e+00,0.000000000000000000e+00,0.000000000000000000e+00,4.955646373926696491e+00,0.000000000000000000e+00,0.000000000000000000e+00,0.000000000000000000e+00
1.240240240240240385e-08,0.000000000000000000e+00,0.000000000000000000e+00,2.317526291128551019e+00,0.000000000000000000e+00,0.000000000000000000e+00,0.000000000000000000e+00,0.000000000000000000e+00,0.000000000000000000e+00,4.965923516068837529e+00,0.000000000000000000e+00,0.000000000000000000e+00,0.000000000000000000e+00
1.241991991991992097e-08,0.000000000000000000e+00,0.000000000000000000e+00,2.322674771810318006e+00,0.000000000000000000e+00,0.000000000000000000e+00,0.000000000000000000e+00,0.000000000000000000e+00,0.000000000000000000e+00,4.976200658210980343e+00,0.000000000000000000e+00,0.000000000000000000e+00,0.000000000000000000e+00
1.243743743743743973e-08,0.000000000000000000e+00,0.000000000000000000e+00,2.327823665238650364e+00,0.000000000000000000e+00,0.000000000000000000e+00,0.000000000000000000e+00,0.000000000000000000e+00,0.000000000000000000e+00,4.986477800353123158e+00,0.000000000000000000e+00,0.000000000000000000e+00,0.000000000000000000e+00
1.245495495495495685e-08,0.000000000000000000e+00,0.000000000000000000e+00,2.332972968965147942e+00,0.000000000000000000e+00,0.000000000000000000e+00,0.000000000000000000e+00,0.000000000000000000e+00,0.000000000000000000e+00,4.996754942495263307e+00,0.000000000000000000e+00,0.000000000000000000e+00,0.000000000000000000e+00
1.247247247247247396e-08,0.000000000000000000e+00,0.000000000000000000e+00,2.338122680560548616e+00,0.000000000000000000e+00,0.000000000000000000e+00,0.000000000000000000e+00,0.000000000000000000e+00,0.000000000000000000e+00,5.007032084637407010e+00,0.000000000000000000e+00,0.000000000000000000e+00,0.000000000000000000e+00
1.248998998998999107e-08,0.000000000000000000e+00,0.000000000000000000e+00,2.343272797614535108e+00,0.000000000000000000e+00,0.000000000000000000e+00,0.000000000000000000e+00,0.000000000000000000e+00,0.000000000000000000e+00,5.017309226779548048e+00,0.000000000000000000e+00,0.000000000000000000e+00,0.000000000000000000e+00
1.250750750750750984e-08,0.000000000000000000e+00,0.000000000000000000e+00,2.348423317735560456e+00,0.000000000000000000e+00,0.000000000000000000e+00,0.000000000000000000e+00,0.000000000000000000e+00,0.000000000000000000e+00,5.027586368921690863e+00,0.000000000000000000e+00,0.000000000000000000e+00,0.000000000000000000e+00
1.252502502502502695e-08,0.000000000000000000e+00,0.000000000000000000e+00,2.353574238550661502e+00,0.000000000000000000e+00,0.000000000000000000e+00,0.000000000000000000e+00,0.000000000000000000e+00,0.000000000000000000e+00,5.037863511063833677e+00,0.000000000000000000e+00,0.000000000000000000e+00,0.000000000000000000e+00
1.254254254254254407e-08,0.000000000000000000e+00,0.000000000000000000e+00,2.358725557705284359e+00,0.000000000000000000e+00,0.000000000000000000e+00,0.000000000000000000e+00,0.000000000000000000e+00,0.000000000000000000e+00,5.048140653205973827e+00,0.000000000000000000e+00,0.000000000000000000e+00,0.000000000000000000e+00
1.256006006006006118e-08,0.000000000000000000e+00,0.000000000000000000e+00,2.363877272863109003e+00,0.000000000000000000e+00,0.000000000000000000e+00,0.000000000000000000e+00,0.000000000000000000e+00,0.000000000000000000e+00,5.058417795348117529e+00,0.000000000000000000e+00,0.000000000000000000e+00,0.000000000000000000e+00
1.257757757757757995e-08,0.000000000000000000e+00,0.000000000000000000e+00,2.369029381705868520e+00,0.000000000000000000e+00,0.000000000000000000e+00,0.000000000000000000e+00,0.000000000000000000e+00,0.000000000000000000e+00,5.068694937490260344e+00,0.000000000000000000e+00,0.000000000000000000e+00,0.000000000000000000e+00
1.259509509509509706e-08,0.000000000000000000e+00,0.000000000000000000e+00,2.374181881933183469e+00,0.000000000000000000e+00,0.000000000000000000e+00,0.000000000000000000e+00,0.000000000000000000e+00,0.000000000000000000e+00,5.078972079632401382e+00,0.000000000000000000e+00,0.000000000000000000e+00,0.000000000000000000e+00
1.261261261261261417e-08,0.000000000000000000e+00,0.000000000000000000e+00,2.379334771262389125e+00,0.000000000000000000e+00,0.000000000000000000e+00,0.000000000000000000e+00,0.000000000000000000e+00,0.000000000000000000e+00,5.089249221774544196e+00,0.000000000000000000e+00,0.000000000000000000e+00,0.000000000000000000e+00
1.263013013013013129e-08,0.000000000000000000e+00,0.000000000000000000e+00,2.384488047428365398e+00,0.000000000000000000e+00,0.000000000000000000e+00,0.000000000000000000e+00,0.000000000000000000e+00,0.000000000000000000e+00,5.099526363916684346e+00,0.000000000000000000e+00,0.000000000000000000e+00,0.000000000000000000e+00
1.264764764764765005e-08,0.000000000000000000e+00,0.000000000000000000e+00,2.389641708183374735e+00,0.000000000000000000e+00,0.000000000000000000e+00,0.000000000000000000e+00,0.000000000000000000e+00,0.000000000000000000e+00,5.109803506058827161e+00,0.000000000000000000e+00,0.000000000000000000e+00,0.000000000000000000e+00
1.266516516516516717e-08,0.000000000000000000e+00,0.000000000000000000e+00,2.394795751296890707e+00,0.000000000000000000e+00,0.000000000000000000e+00,0.000000000000000000e+00,0.000000000000000000e+00,0.000000000000000000e+00,5.120080648200970863e+00,0.000000000000000000e+00,0.000000000000000000e+00,0.000000000000000000e+00
1.268268268268268428e-08,0.000000000000000000e+00,0.000000000000000000e+00,2.399950174555439020e+00,0.000000000000000000e+00,0.000000000000000000e+00,0.000000000000000000e+00,0.000000000000000000e+00,0.000000000000000000e+00,5.130357790343111901e+00,0.000000000000000000e+00,0.000000000000000000e+00,0.000000000000000000e+00
1.270020020020020139e-08,0.000000000000000000e+00,0.000000000000000000e+00,2.405104975762438535e+00,0.000000000000000000e+00,0.000000000000000000e+00,0.000000000000000000e+00,0.000000000000000000e+00,0.000000000000000000e+00,5.140634932485254716e+00,0.000000000000000000e+00,0.000000000000000000e+00,0.000000000000000000e+00
1.271771771771772016e-08,0.000000000000000000e+00,0.000000000000000000e+00,2.410260152738038730e+00,0.000000000000000000e+00,0.000000000000000000e+00,0.000000000000000000e+00,0.000000000000000000e+00,0.000000000000000000e+00,5.150912074627397530e+00,0.000000000000000000e+00,0.000000000000000000e+00,0.000000000000000000e+00
1.273523523523523727e-08,0.000000000000000000e+00,0.000000000000000000e+00,2.415415703318960716e+00,0.000000000000000000e+00,0.000000000000000000e+00,0.000000000000000000e+00,0.000000000000000000e+00,0.000000000000000000e+00,5.161189216769537680e+00,0.000000000000000000e+00,0.000000000000000000e+00,0.000000000000000000e+00
1.275275275275275439e-08,0.000000000000000000e+00,0.000000000000000000e+00,2.420571625358348467e+00,0.000000000000000000e+00,0.000000000000000000e+00,0.000000000000000000e+00,0.000000000000000000e+00,0.000000000000000000e+00,5.171466358911681382e+00,0.000000000000000000e+00,0.000000000000000000e+00,0.000000000000000000e+00
1.277027027027027150e-08,0.000000000000000000e+00,0.000000000000000000e+00,2.425727916725605837e+00,0.000000000000000000e+00,0.000000000000000000e+00,0.000000000000000000e+00,0.000000000000000000e+00,0.000000000000000000e+00,5.181743501053822420e+00,0.000000000000000000e+00,0.000000000000000000e+00,0.000000000000000000e+00
1.278778778778779027e-08,0.000000000000000000e+00,0.000000000000000000e+00,2.430884575306252682e+00,0.000000000000000000e+00,0.000000000000000000e+00,0.000000000000000000e+00,0.000000000000000000e+00,0.000000000000000000e+00,5.192020643195965235e+00,0.000000000000000000e+00,0.000000000000000000e+00,0.000000000000000000e+00
1.280530530530530738e-08,0.000000000000000000e+00,0.000000000000000000e+00,2.436041599001767199e+00,0.000000000000000000e+00,0.000000000000000000e+00,0.000000000000000000e+00,0.000000000000000000e+00,0.000000000000000000e+00,5.202297785338108049e+00,0.000000000000000000e+00,0.000000000000000000e+00,0.000000000000000000e+00
1.282282282282282449e-08,0.000000000000000000e+00,0.000000000000000000e+00,2.441198985729440718e+00,0.000000000000000000e+00,0.000000000000000000e+00,0.000000000000000000e+00,0.000000000000000000e+00,0.000000000000000000e+00,5.212574927480248199e+00,0.000000000000000000e+00,0.000000000000000000e+00,0.000000000000000000e+00
1.284034034034034161e-08,0.000000000000000000e+00,0.000000000000000000e+00,2.446356733422233365e+00,0.000000000000000000e+00,0.000000000000000000e+00,0.000000000000000000e+00,0.000000000000000000e+00,0.000000000000000000e+00,5.222852069622391014e+00,0.000000000000000000e+00,0.000000000000000000e+00,0.000000000000000000e+00
1.285785785785786037e-08,0.000000000000000000e+00,0.000000000000000000e+00,2.451514840028621744e+00,0.000000000000000000e+00,0.000000000000000000e+00,0.000000000000000000e+00,0.000000000000000000e+00,0.000000000000000000e+00,5.233129211764534716e+00,0.000000000000000000e+00,0.000000000000000000e+00,0.000000000000000000e+00
1.287537537537537749e-08,0.000000000000000000e+00,0.000000000000000000e+00,2.456673303512456386e+00,0.000000000000000000e+00,0.000000000000000000e+00,0.000000000000000000e+00,0.000000000000000000e+00,0.000000000000000000e+00,5.243406353906675754e+00,0.000000000000000000e+00,0.000000000000000000e+00,0.000000000000000000e+00
1.289289289289289460e-08,0.000000000000000000e+00,0.000000000000000000e+00,2.461832121852826294e+00,0.000000000000000000e+00,0.000000000000000000e+00,0.000000000000000000e+00,0.000000000000000000e+00,0.000000000000000000e+00,5.253683496048818569e+00,0.000000000000000000e+00,0.000000000000000000e+00,0.000000000000000000e+00
1.291041041041041171e-08,0.000000000000000000e+00,0.000000000000000000e+00,2.466991293043908851e+00,0.000000000000000000e+00,0.000000000000000000e+00,0.000000000000000000e+00,0.000000000000000000e+00,0.000000000000000000e+00,5.263960638190959607e+00,0.000000000000000000e+00,0.000000000000000000e+00,0.000000000000000000e+00
1.292792792792793048e-08,0.000000000000000000e+00,0.000000000000000000e+00,2.472150815094836140e+00,0.000000000000000000e+00,0.000000000000000000e+00,0.000000000000000000e+00,0.000000000000000000e+00,0.000000000000000000e+00,5.274237780333101533e+00,0.000000000000000000e+00,0.000000000000000000e+00,0.000000000000000000e+00
1.294544544544544759e-08,0.000000000000000000e+00,0.000000000000000000e+00,2.477310686029556841e+00,0.000000000000000000e+00,0.000000000000000000e+00,0.000000000000000000e+00,0.000000000000000000e+00,0.000000000000000000e+00,5.284514922475245235e+00,0.000000000000000000e+00,0.000000000000000000e+00,0.000000000000000000e+00
1.296296296296296470e-08,0.000000000000000000e+00,0.000000000000000000e+00,2.482470903886694558e+00,0.000000000000000000e+00,0.000000000000000000e+00,0.000000000000000000e+00,0.000000000000000000e+00,0.000000000000000000e+00,5.294792064617386274e+00,0.000000000000000000e+00,0.000000000000000000e+00,0.000000000000000000e+00
1.298048048048048182e-08,0.000000000000000000e+00,0.000000000000000000e+00,2.487631466719420814e+00,0.000000000000000000e+00,0.000000000000000000e+00,0.000000000000000000e+00,0.000000000000000000e+00,0.000000000000000000e+00,5.305069206759529088e+00,0.000000000000000000e+00,0.000000000000000000e+00,0.000000000000000000e+00
1.299799799799800059e-08,0.000000000000000000e+00,0.000000000000000000e+00,2.492792372595316941e+00,0.000000000000000000e+00,0.000000000000000000e+00,0.000000000000000000e+00,0.000000000000000000e+00,0.000000000000000000e+00,5.315346348901671902e+00,0.000000000000000000e+00,0.000000000000000000e+00,0.000000000000000000e+00
1.301551551551551770e-08,0.000000000000000000e+00,0.000000000000000000e+00,2.497953619596240848e+00,0.000000000000000000e+00,0.000000000000000000e+00,0.000000000000000000e+00,0.000000000000000000e+00,0.000000000000000000e+00,5.325623491043812052e+00,0.000000000000000000e+00,0.000000000000000000e+00,0.000000000000000000e+00
1.303303303303303481e-08,0.000000000000000000e+00,0.000000000000000000e+00,2.503115205818204458e+00,0.000000000000000000e+00,0.000000000000000000e+00,0.000000000000000000e+00,0.000000000000000000e+00,0.000000000000000000e+00,5.335900633185954867e+00,0.000000000000000000e+00,0.000000000000000000e+00,0.000000000000000000e+00
1.305055055055055192e-08,0.000000000000000000e+00,0.000000000000000000e+00,2.508277129371234260e+00,0.000000000000000000e+00,0.000000000000000000e+00,0.000000000000000000e+00,0.000000000000000000e+00,0.000000000000000000e+00,5.346177775328096793e+00,0.000000000000000000e+00,0.000000000000000000e+00,0.000000000000000000e+00
1.306806806806807069e-08,0.000000000000000000e+00,0.000000000000000000e+00,2.513439388379249628e+00,0.000000000000000000e+00,0.000000000000000000e+00,0.000000000000000000e+00,0.000000000000000000e+00,0.000000000000000000e+00,5.356454917470239607e+00,0.000000000000000000e+00,0.000000000000000000e+00,0.000000000000000000e+00
1.308558558558558780e-08,0.000000000000000000e+00,0.000000000000000000e+00,2.518601980979936261e+00,0.000000000000000000e+00,0.000000000000000000e+00,0.000000000000000000e+00,0.000000000000000000e+00,0.000000000000000000e+00,5.366732059612382422e+00,0.000000000000000000e+00,0.000000000000000000e+00,0.000000000000000000e+00
1.310310310310310492e-08,0.000000000000000000e+00,0.000000000000000000e+00,2.523764905324619612e+00,0.000000000000000000e+00,0.000000000000000000e+00,0.000000000000000000e+00,0.000000000000000000e+00,0.000000000000000000e+00,5.377009201754523460e+00,0.000000000000000000e+00,0.000000000000000000e+00,0.000000000000000000e+00
1.312062062062062203e-08,0.000000000000000000e+00,0.000000000000000000e+00,2.528928159578144097e+00,0.000000000000000000e+00,0.000000000000000000e+00,0.000000000000000000e+00,0.000000000000000000e+00,0.000000000000000000e+00,5.387286343896665386e+00,0.000000000000000000e+00,0.000000000000000000e+00,0.000000000000000000e+00
1.313813813813814080e-08,0.000000000000000000e+00,0.000000000000000000e+00,2.534091741918747420e+00,0.000000000000000000e+00,0.000000000000000000e+00,0.000000000000000000e+00,0.000000000000000000e+00,0.000000000000000000e+00,5.397563486038809089e+00,0.000000000000000000e+00,0.000000000000000000e+00,0.000000000000000000e+00
1.315565565565565791e-08,0.000000000000000000e+00,0.000000000000000000e+00,2.539255650537939779e+00,0.000000000000000000e+00,0.000000000000000000e+00,0.000000000000000000e+00,0.000000000000000000e+00,0.000000000000000000e+00,5.407840628180950127e+00,0.000000000000000000e+00,0.000000000000000000e+00,0.000000000000000000e+00
1.317317317317317502e-08,0.000000000000000000e+00,0.000000000000000000e+00,2.544419883640389290e+00,0.000000000000000000e+00,0.000000000000000000e+00,0.000000000000000000e+00,0.000000000000000000e+00,0.000000000000000000e+00,5.418117770323092941e+00,0.000000000000000000e+00,0.000000000000000000e+00,0.000000000000000000e+00
1.319069069069069214e-08,0.000000000000000000e+00,0.000000000000000000e+00,2.549584439443796757e+00,0.000000000000000000e+00,0.000000000000000000e+00,0.000000000000000000e+00,0.000000000000000000e+00,0.000000000000000000e+00,5.428394912465233979e+00,0.000000000000000000e+00,0.000000000000000000e+00,0.000000000000000000e+00
1.320820820820821090e-08,0.000000000000000000e+00,0.000000000000000000e+00,2.554749316178784202e+00,0.000000000000000000e+00,0.000000000000000000e+00,0.000000000000000000e+00,0.000000000000000000e+00,0.000000000000000000e+00,5.438672054607375905e+00,0.000000000000000000e+00,0.000000000000000000e+00,0.000000000000000000e+00
1.322572572572572802e-08,0.000000000000000000e+00,0.000000000000000000e+00,2.559914512088776739e+00,0.000000000000000000e+00,0.000000000000000000e+00,0.000000000000000000e+00,0.000000000000000000e+00,0.000000000000000000e+00,5.448949196749518720e+00,0.000000000000000000e+00,0.000000000000000000e+00,0.000000000000000000e+00
1.324324324324324513e-08,0.000000000000000000e+00,0.000000000000000000e+00,2.565080025429884447e+00,0.000000000000000000e+00,0.000000000000000000e+00,0.000000000000000000e+00,0.000000000000000000e+00,0.000000000000000000e+00,5.459226338891660646e+00,0.000000000000000000e+00,0.000000000000000000e+00,0.000000000000000000e+00
1.326076076076076224e-08,0.000000000000000000e+00,0.000000000000000000e+00,2.570245854470796676e+00,0.000000000000000000e+00,0.000000000000000000e+00,0.000000000000000000e+00,0.000000000000000000e+00,0.000000000000000000e+00,5.469503481033803460e+00,0.000000000000000000e+00,0.000000000000000000e+00,0.000000000000000000e+00
1.327827827827828101e-08,0.000000000000000000e+00,0.000000000000000000e+00,2.575411997492663474e+00,0.000000000000000000e+00,0.000000000000000000e+00,0.000000000000000000e+00,0.000000000000000000e+00,0.000000000000000000e+00,5.479780623175946275e+00,0.000000000000000000e+00,0.000000000000000000e+00,0.000000000000000000e+00
1.329579579579579812e-08,0.000000000000000000e+00,0.000000000000000000e+00,2.580578452788986787e+00,0.000000000000000000e+00,0.000000000000000000e+00,0.000000000000000000e+00,0.000000000000000000e+00,0.000000000000000000e+00,5.490057765318087313e+00,0.000000000000000000e+00,0.000000000000000000e+00,0.000000000000000000e+00
1.331331331331331524e-08,0.000000000000000000e+00,0.000000000000000000e+00,2.585745218665512102e+00,0.000000000000000000e+00,0.000000000000000000e+00,0.000000000000000000e+00,0.000000000000000000e+00,0.000000000000000000e+00,5.500334907460229239e+00,0.000000000000000000e+00,0.000000000000000000e+00,0.000000000000000000e+00
1.333083083083083235e-08,0.000000000000000000e+00,0.000000000000000000e+00,2.590912293440116976e+00,0.000000000000000000e+00,0.000000000000000000e+00,0.000000000000000000e+00,0.000000000000000000e+00,0.000000000000000000e+00,5.510612049602371165e+00,0.000000000000000000e+00,0.000000000000000000e+00,0.000000000000000000e+00
1.334834834834835112e-08,0.000000000000000000e+00,0.000000000000000000e+00,2.596079675442706236e+00,0.000000000000000000e+00,0.000000000000000000e+00,0.000000000000000000e+00,0.000000000000000000e+00,0.000000000000000000e+00,5.520889191744513980e+00,0.000000000000000000e+00,0.000000000000000000e+00,0.000000000000000000e+00
1.336586586586586823e-08,0.000000000000000000e+00,0.000000000000000000e+00,2.601247363015102287e+00,0.000000000000000000e+00,0.000000000000000000e+00,0.000000000000000000e+00,0.000000000000000000e+00,0.000000000000000000e+00,5.531166333886656794e+00,0.000000000000000000e+00,0.000000000000000000e+00,0.000000000000000000e+00
1.338338338338338534e-08,0.000000000000000000e+00,0.000000000000000000e+00,2.606415354510942972e+00,0.000000000000000000e+00,0.000000000000000000e+00,0.000000000000000000e+00,0.000000000000000000e+00,0.000000000000000000e+00,5.541443476028797832e+00,0.000000000000000000e+00,0.000000000000000000e+00,0.000000000000000000e+00
1.340090090090090246e-08,0.000000000000000000e+00,0.000000000000000000e+00,2.611583648295577209e+00,0.000000000000000000e+00,0.000000000000000000e+00,0.000000000000000000e+00,0.000000000000000000e+00,0.000000000000000000e+00,5.551720618170940647e+00,0.000000000000000000e+00,0.000000000000000000e+00,0.000000000000000000e+00
1.341841841841842122e-08,0.000000000000000000e+00,0.000000000000000000e+00,2.616752242745958412e+00,0.000000000000000000e+00,0.000000000000000000e+00,0.000000000000000000e+00,0.000000000000000000e+00,0.000000000000000000e+00,5.561997760313082573e+00,0.000000000000000000e+00,0.000000000000000000e+00,0.000000000000000000e+00
1.343593593593593834e-08,0.000000000000000000e+00,0.000000000000000000e+00,2.621921136250548567e+00,0.000000000000000000e+00,0.000000000000000000e+00,0.000000000000000000e+00,0.000000000000000000e+00,0.000000000000000000e+00,5.572274902455224499e+00,0.000000000000000000e+00,0.000000000000000000e+00,0.000000000000000000e+00
1.345345345345345545e-08,0.000000000000000000e+00,0.000000000000000000e+00,2.627090327209210763e+00,0.000000000000000000e+00,0.000000000000000000e+00,0.000000000000000000e+00,0.000000000000000000e+00,0.000000000000000000e+00,5.582552044597367313e+00,0.000000000000000000e+00,0.000000000000000000e+00,0.000000000000000000e+00
1.347097097097097256e-08,0.000000000000000000e+00,0.000000000000000000e+00,2.632259814033112821e+00,0.000000000000000000e+00,0.000000000000000000e+00,0.000000000000000000e+00,0.000000000000000000e+00,0.000000000000000000e+00,5.592829186739508351e+00,0.000000000000000000e+00,0.000000000000000000e+00,0.000000000000000000e+00
1.348848848848848967e-08,0.000000000000000000e+00,0.000000000000000000e+00,2.637429595144630046e+00,0.000000000000000000e+00,0.000000000000000000e+00,0.000000000000000000e+00,0.000000000000000000e+00,0.000000000000000000e+00,5.603106328881651166e+00,0.000000000000000000e+00,0.000000000000000000e+00,0.000000000000000000e+00
1.350600600600600844e-08,0.000000000000000000e+00,0.000000000000000000e+00,2.642599668977243077e+00,0.000000000000000000e+00,0.000000000000000000e+00,0.000000000000000000e+00,0.000000000000000000e+00,0.000000000000000000e+00,5.613383471023793092e+00,0.000000000000000000e+00,0.000000000000000000e+00,0.000000000000000000e+00
1.352352352352352556e-08,0.000000000000000000e+00,0.000000000000000000e+00,2.647770033975444637e+00,0.000000000000000000e+00,0.000000000000000000e+00,0.000000000000000000e+00,0.000000000000000000e+00,0.000000000000000000e+00,5.623660613165935018e+00,0.000000000000000000e+00,0.000000000000000000e+00,0.000000000000000000e+00
1.354104104104104267e-08,0.000000000000000000e+00,0.000000000000000000e+00,2.652940688594642715e+00,0.000000000000000000e+00,0.000000000000000000e+00,0.000000000000000000e+00,0.000000000000000000e+00,0.000000000000000000e+00,5.633937755308077833e+00,0.000000000000000000e+00,0.000000000000000000e+00,0.000000000000000000e+00
1.355855855855855978e-08,0.000000000000000000e+00,0.000000000000000000e+00,2.658111631301062872e+00,0.000000000000000000e+00,0.000000000000000000e+00,0.000000000000000000e+00,0.000000000000000000e+00,0.000000000000000000e+00,5.644214897450218871e+00,0.000000000000000000e+00,0.000000000000000000e+00,0.000000000000000000e+00
1.357607607607607855e-08,0.000000000000000000e+00,0.000000000000000000e+00,2.663282860571662081e+00,0.000000000000000000e+00,0.000000000000000000e+00,0.000000000000000000e+00,0.000000000000000000e+00,0.000000000000000000e+00,5.654492039592361685e+00,0.000000000000000000e+00,0.000000000000000000e+00,0.000000000000000000e+00
1.359359359359359566e-08,0.000000000000000000e+00,0.000000000000000000e+00,2.668454374894026149e+00,0.000000000000000000e+00,0.000000000000000000e+00,0.000000000000000000e+00,0.000000000000000000e+00,0.000000000000000000e+00,5.664769181734504500e+00,0.000000000000000000e+00,0.000000000000000000e+00,0.000000000000000000e+00
1.361111111111111277e-08,0.000000000000000000e+00,0.000000000000000000e+00,2.673626172766284448e+00,0.000000000000000000e+00,0.000000000000000000e+00,0.000000000000000000e+00,0.000000000000000000e+00,0.000000000000000000e+00,5.675046323876644649e+00,0.000000000000000000e+00,0.000000000000000000e+00,0.000000000000000000e+00
1.362862862862862989e-08,0.000000000000000000e+00,0.000000000000000000e+00,2.678798252697017990e+00,0.000000000000000000e+00,0.000000000000000000e+00,0.000000000000000000e+00,0.000000000000000000e+00,0.000000000000000000e+00,5.685323466018788352e+00,0.000000000000000000e+00,0.000000000000000000e+00,0.000000000000000000e+00
1.364614614614614865e-08,0.000000000000000000e+00,0.000000000000000000e+00,2.683970613205166167e+00,0.000000000000000000e+00,0.000000000000000000e+00,0.000000000000000000e+00,0.000000000000000000e+00,0.000000000000000000e+00,5.695600608160931166e+00,0.000000000000000000e+00,0.000000000000000000e+00,0.000000000000000000e+00
1.366366366366366577e-08,0.000000000000000000e+00,0.000000000000000000e+00,2.689143252819940599e+00,0.000000000000000000e+00,0.000000000000000000e+00,0.000000000000000000e+00,0.000000000000000000e+00,0.000000000000000000e+00,5.705877750303072204e+00,0.000000000000000000e+00,0.000000000000000000e+00,0.000000000000000000e+00
1.368118118118118288e-08,0.000000000000000000e+00,0.000000000000000000e+00,2.694316170080739425e+00,0.000000000000000000e+00,0.000000000000000000e+00,0.000000000000000000e+00,0.000000000000000000e+00,0.000000000000000000e+00,5.716154892445215019e+00,0.000000000000000000e+00,0.000000000000000000e+00,0.000000000000000000e+00
1.369869869869869999e-08,0.000000000000000000e+00,0.000000000000000000e+00,2.699489363537051378e+00,0.000000000000000000e+00,0.000000000000000000e+00,0.000000000000000000e+00,0.000000000000000000e+00,0.000000000000000000e+00,5.726432034587355169e+00,0.000000000000000000e+00,0.000000000000000000e+00,0.000000000000000000e+00
1.371621621621621876e-08,0.000000000000000000e+00,0.000000000000000000e+00,2.704662831748380292e+00,0.000000000000000000e+00,0.000000000000000000e+00,0.000000000000000000e+00,0.000000000000000000e+00,0.000000000000000000e+00,5.736709176729498871e+00,0.000000000000000000e+00,0.000000000000000000e+00,0.000000000000000000e+00
1.373373373373373587e-08,0.000000000000000000e+00,0.000000000000000000e+00,2.709836573284150507e+00,0.000000000000000000e+00,0.000000000000000000e+00,0.000000000000000000e+00,0.000000000000000000e+00,0.000000000000000000e+00,5.746986318871641686e+00,0.000000000000000000e+00,0.000000000000000000e+00,0.000000000000000000e+00
1.375125125125125299e-08,0.000000000000000000e+00,0.000000000000000000e+00,2.715010586723625607e+00,0.000000000000000000e+00,0.000000000000000000e+00,0.000000000000000000e+00,0.000000000000000000e+00,0.000000000000000000e+00,5.757263461013782724e+00,0.000000000000000000e+00,0.000000000000000000e+00,0.000000000000000000e+00
1.376876876876877010e-08,0.000000000000000000e+00,0.000000000000000000e+00,2.720184870655828036e+00,0.000000000000000000e+00,0.000000000000000000e+00,0.000000000000000000e+00,0.000000000000000000e+00,0.000000000000000000e+00,5.767540603155925538e+00,0.000000000000000000e+00,0.000000000000000000e+00,0.000000000000000000e+00
1.378628628628628887e-08,0.000000000000000000e+00,0.000000000000000000e+00,2.725359423679450721e+00,0.000000000000000000e+00,0.000000000000000000e+00,0.000000000000000000e+00,0.000000000000000000e+00,0.000000000000000000e+00,5.777817745298068353e+00,0.000000000000000000e+00,0.000000000000000000e+00,0.000000000000000000e+00
1.380380380380380598e-08,0.000000000000000000e+00,0.000000000000000000e+00,2.730534244402775812e+00,0.000000000000000000e+00,0.000000000000000000e+00,0.000000000000000000e+00,0.000000000000000000e+00,0.000000000000000000e+00,5.788094887440208502e+00,0.000000000000000000e+00,0.000000000000000000e+00,0.000000000000000000e+00
1.382132132132132309e-08,0.000000000000000000e+00,0.000000000000000000e+00,2.735709331443600068e+00,0.000000000000000000e+00,0.000000000000000000e+00,0.000000000000000000e+00,0.000000000000000000e+00,0.000000000000000000e+00,5.798372029582352205e+00,0.000000000000000000e+00,0.000000000000000000e+00,0.000000000000000000e+00
1.383883883883884021e-08,0.000000000000000000e+00,0.000000000000000000e+00,2.740884683429142044e+00,0.000000000000000000e+00,0.000000000000000000e+00,0.000000000000000000e+00,0.000000000000000000e+00,0.000000000000000000e+00,5.808649171724493243e+00,0.000000000000000000e+00,0.000000000000000000e+00,0.000000000000000000e+00
1.385635635635635897e-08,0.000000000000000000e+00,0.000000000000000000e+00,2.746060298995975479e+00,0.000000000000000000e+00,0.000000000000000000e+00,0.000000000000000000e+00,0.000000000000000000e+00,0.000000000000000000e+00,5.818926313866636058e+00,0.000000000000000000e+00,0.000000000000000000e+00,0.000000000000000000e+00
1.387387387387387609e-08,0.000000000000000000e+00,0.000000000000000000e+00,2.751236176789940924e+00,0.000000000000000000e+00,0.000000000000000000e+00,0.000000000000000000e+00,0.000000000000000000e+00,0.000000000000000000e+00,5.829203456008778872e+00,0.000000000000000000e+00,0.000000000000000000e+00,0.000000000000000000e+00
1.389139139139139320e-08,0.000000000000000000e+00,0.000000000000000000e+00,2.756412315466071572e+00,0.000000000000000000e+00,0.000000000000000000e+00,0.000000000000000000e+00,0.000000000000000000e+00,0.000000000000000000e+00,5.839480598150919022e+00,0.000000000000000000e+00,0.000000000000000000e+00,0.000000000000000000e+00
1.390890890890891031e-08,0.000000000000000000e+00,0.000000000000000000e+00,2.761588713688519103e+00,0.000000000000000000e+00,0.000000000000000000e+00,0.000000000000000000e+00,0.000000000000000000e+00,0.000000000000000000e+00,5.849757740293062724e+00,0.000000000000000000e+00,0.000000000000000000e+00,0.000000000000000000e+00
1.392642642642642908e-08,0.000000000000000000e+00,0.000000000000000000e+00,2.766765370130469304e+00,0.000000000000000000e+00,0.000000000000000000e+00,0.000000000000000000e+00,0.000000000000000000e+00,0.000000000000000000e+00,5.860034882435205539e+00,0.000000000000000000e+00,0.000000000000000000e+00,0.000000000000000000e+00
1.394394394394394619e-08,0.000000000000000000e+00,0.000000000000000000e+00,2.771942283474070567e+00,0.000000000000000000e+00,0.000000000000000000e+00,0.000000000000000000e+00,0.000000000000000000e+00,0.000000000000000000e+00,5.870312024577346577e+00,0.000000000000000000e+00,0.000000000000000000e+00,0.000000000000000000e+00
1.396146146146146331e-08,0.000000000000000000e+00,0.000000000000000000e+00,2.777119452410363731e+00,0.000000000000000000e+00,0.000000000000000000e+00,0.000000000000000000e+00,0.000000000000000000e+00,0.000000000000000000e+00,5.880589166719489391e+00,0.000000000000000000e+00,0.000000000000000000e+00,0.000000000000000000e+00
1.397897897897898042e-08,0.000000000000000000e+00,0.000000000000000000e+00,2.782296875639197697e+00,0.000000000000000000e+00,0.000000000000000000e+00,0.000000000000000000e+00,0.000000000000000000e+00,0.000000000000000000e+00,5.890866308861629541e+00,0.000000000000000000e+00,0.000000000000000000e+00,0.000000000000000000e+00
1.399649649649649919e-08,0.000000000000000000e+00,0.000000000000000000e+00,2.787474551869165929e+00,0.000000000000000000e+00,0.000000000000000000e+00,0.000000000000000000e+00,0.000000000000000000e+00,0.000000000000000000e+00,5.901143451003772356e+00,0.000000000000000000e+00,0.000000000000000000e+00,0.000000000000000000e+00
1.401401401401401630e-08,0.000000000000000000e+00,0.000000000000000000e+00,2.792652479817527844e+00,0.000000000000000000e+00,0.000000000000000000e+00,0.000000000000000000e+00,0.000000000000000000e+00,0.000000000000000000e+00,5.911420593145916058e+00,0.000000000000000000e+00,0.000000000000000000e+00,0.000000000000000000e+00
1.403153153153153341e-08,0.000000000000000000e+00,0.000000000000000000e+00,2.797830658210133326e+00,0.000000000000000000e+00,0.000000000000000000e+00,0.000000000000000000e+00,0.000000000000000000e+00,0.000000000000000000e+00,5.921697735288057096e+00,0.000000000000000000e+00,0.000000000000000000e+00,0.000000000000000000e+00
1.404904904904905053e-08,0.000000000000000000e+00,0.000000000000000000e+00,2.803009085781363652e+00,0.000000000000000000e+00,0.000000000000000000e+00,0.000000000000000000e+00,0.000000000000000000e+00,0.000000000000000000e+00,5.931974877430199911e+00,0.000000000000000000e+00,0.000000000000000000e+00,0.000000000000000000e+00
1.406656656656656929e-08,0.000000000000000000e+00,0.000000000000000000e+00,2.808187761274047567e+00,0.000000000000000000e+00,0.000000000000000000e+00,0.000000000000000000e+00,0.000000000000000000e+00,0.000000000000000000e+00,5.942252019572342725e+00,0.000000000000000000e+00,0.000000000000000000e+00,0.000000000000000000e+00
1.408408408408408641e-08,0.000000000000000000e+00,0.000000000000000000e+00,2.813366683439398219e+00,0.000000000000000000e+00,0.000000000000000000e+00,0.000000000000000000e+00,0.000000000000000000e+00,0.000000000000000000e+00,5.952529161714482875e+00,0.000000000000000000e+00,0.000000000000000000e+00,0.000000000000000000e+00
1.410160160160160352e-08,0.000000000000000000e+00,0.000000000000000000e+00,2.818545851036946548e+00,0.000000000000000000e+00,0.000000000000000000e+00,0.000000000000000000e+00,0.000000000000000000e+00,0.000000000000000000e+00,5.962806303856626577e+00,0.000000000000000000e+00,0.000000000000000000e+00,0.000000000000000000e+00
1.411911911911912063e-08,0.000000000000000000e+00,0.000000000000000000e+00,2.823725262834462235e+00,0.000000000000000000e+00,0.000000000000000000e+00,0.000000000000000000e+00,0.000000000000000000e+00,0.000000000000000000e+00,5.973083445998767615e+00,0.000000000000000000e+00,0.000000000000000000e+00,0.000000000000000000e+00
1.413663663663663940e-08,0.000000000000000000e+00,0.000000000000000000e+00,2.828904917607899083e+00,0.000000000000000000e+00,0.000000000000000000e+00,0.000000000000000000e+00,0.000000000000000000e+00,0.000000000000000000e+00,5.983360588140910430e+00,0.000000000000000000e+00,0.000000000000000000e+00,0.000000000000000000e+00
1.415415415415415651e-08,0.000000000000000000e+00,0.000000000000000000e+00,2.834084814141316411e+00,0.000000000000000000e+00,0.000000000000000000e+00,0.000000000000000000e+00,0.000000000000000000e+00,0.000000000000000000e+00,5.993637730283053244e+00,0.000000000000000000e+00,0.000000000000000000e+00,0.000000000000000000e+00
1.417167167167167363e-08,0.000000000000000000e+00,0.000000000000000000e+00,2.839264951226816880e+00,0.000000000000000000e+00,0.000000000000000000e+00,0.000000000000000000e+00,0.000000000000000000e+00,0.000000000000000000e+00,6.003914872425193394e+00,0.000000000000000000e+00,0.000000000000000000e+00,0.000000000000000000e+00
1.418918918918919074e-08,0.000000000000000000e+00,0.000000000000000000e+00,2.844445327664485657e+00,0.000000000000000000e+00,0.000000000000000000e+00,0.000000000000000000e+00,0.000000000000000000e+00,0.000000000000000000e+00,6.014192014567336209e+00,0.000000000000000000e+00,0.000000000000000000e+00,0.000000000000000000e+00
1.420670670670670951e-08,0.000000000000000000e+00,0.000000000000000000e+00,2.849625942262317579e+00,0.000000000000000000e+00,0.000000000000000000e+00,0.000000000000000000e+00,0.000000000000000000e+00,0.000000000000000000e+00,6.024469156709479911e+00,0.000000000000000000e+00,0.000000000000000000e+00,0.000000000000000000e+00
1.422422422422422662e-08,0.000000000000000000e+00,0.000000000000000000e+00,2.854806793836151879e+00,0.000000000000000000e+00,0.000000000000000000e+00,0.000000000000000000e+00,0.000000000000000000e+00,0.000000000000000000e+00,6.034746298851620949e+00,0.000000000000000000e+00,0.000000000000000000e+00,0.000000000000000000e+00
1.424174174174174373e-08,0.000000000000000000e+00,0.000000000000000000e+00,2.859987881209617111e+00,0.000000000000000000e+00,0.000000000000000000e+00,0.000000000000000000e+00,0.000000000000000000e+00,0.000000000000000000e+00,6.045023440993763764e+00,0.000000000000000000e+00,0.000000000000000000e+00,0.000000000000000000e+00
1.425925925925926084e-08,0.000000000000000000e+00,0.000000000000000000e+00,2.865169203214057436e+00,0.000000000000000000e+00,0.000000000000000000e+00,0.000000000000000000e+00,0.000000000000000000e+00,0.000000000000000000e+00,6.055300583135903914e+00,0.000000000000000000e+00,0.000000000000000000e+00,0.000000000000000000e+00
1.427677677677677961e-08,0.000000000000000000e+00,0.000000000000000000e+00,2.870350758688480219e+00,0.000000000000000000e+00,0.000000000000000000e+00,0.000000000000000000e+00,0.000000000000000000e+00,0.000000000000000000e+00,6.065577725278046728e+00,0.000000000000000000e+00,0.000000000000000000e+00,0.000000000000000000e+00
1.429429429429429672e-08,0.000000000000000000e+00,0.000000000000000000e+00,2.875532546479482754e+00,0.000000000000000000e+00,0.000000000000000000e+00,0.000000000000000000e+00,0.000000000000000000e+00,0.000000000000000000e+00,6.075854867420190430e+00,0.000000000000000000e+00,0.000000000000000000e+00,0.000000000000000000e+00
1.431181181181181384e-08,0.000000000000000000e+00,0.000000000000000000e+00,2.880714565441196751e+00,0.000000000000000000e+00,0.000000000000000000e+00,0.000000000000000000e+00,0.000000000000000000e+00,0.000000000000000000e+00,6.086132009562331469e+00,0.000000000000000000e+00,0.000000000000000000e+00,0.000000000000000000e+00
1.432932932932933095e-08,0.000000000000000000e+00,0.000000000000000000e+00,2.885896814435230162e+00,0.000000000000000000e+00,0.000000000000000000e+00,0.000000000000000000e+00,0.000000000000000000e+00,0.000000000000000000e+00,6.096409151704474283e+00,0.000000000000000000e+00,0.000000000000000000e+00,0.000000000000000000e+00
1.434684684684684972e-08,0.000000000000000000e+00,0.000000000000000000e+00,2.891079292330600570e+00,0.000000000000000000e+00,0.000000000000000000e+00,0.000000000000000000e+00,0.000000000000000000e+00,0.000000000000000000e+00,6.106686293846617097e+00,0.000000000000000000e+00,0.000000000000000000e+00,0.000000000000000000e+00
1.436436436436436683e-08,0.000000000000000000e+00,0.000000000000000000e+00,2.896261998003677451e+00,0.000000000000000000e+00,0.000000000000000000e+00,0.000000000000000000e+00,0.000000000000000000e+00,0.000000000000000000e+00,6.116963435988757247e+00,0.000000000000000000e+00,0.000000000000000000e+00,0.000000000000000000e+00
1.438188188188188394e-08,0.000000000000000000e+00,0.000000000000000000e+00,2.901444930338126227e+00,0.000000000000000000e+00,0.000000000000000000e+00,0.000000000000000000e+00,0.000000000000000000e+00,0.000000000000000000e+00,6.127240578130900062e+00,0.000000000000000000e+00,0.000000000000000000e+00,0.000000000000000000e+00
1.439939939939940106e-08,0.000000000000000000e+00,0.000000000000000000e+00,2.906628088224845197e+00,0.000000000000000000e+00,0.000000000000000000e+00,0.000000000000000000e+00,0.000000000000000000e+00,0.000000000000000000e+00,6.137517720273041988e+00,0.000000000000000000e+00,0.000000000000000000e+00,0.000000000000000000e+00
1.441691691691691982e-08,0.000000000000000000e+00,0.000000000000000000e+00,2.911811470561910475e+00,0.000000000000000000e+00,0.000000000000000000e+00,0.000000000000000000e+00,0.000000000000000000e+00,0.000000000000000000e+00,6.147794862415184802e+00,0.000000000000000000e+00,0.000000000000000000e+00,0.000000000000000000e+00
1.443443443443443694e-08,0.000000000000000000e+00,0.000000000000000000e+00,2.916995076254514263e+00,0.000000000000000000e+00,0.000000000000000000e+00,0.000000000000000000e+00,0.000000000000000000e+00,0.000000000000000000e+00,6.158072004557327617e+00,0.000000000000000000e+00,0.000000000000000000e+00,0.000000000000000000e+00
1.445195195195195405e-08,0.000000000000000000e+00,0.000000000000000000e+00,2.922178904214912443e+00,0.000000000000000000e+00,0.000000000000000000e+00,0.000000000000000000e+00,0.000000000000000000e+00,0.000000000000000000e+00,6.168349146699467767e+00,0.000000000000000000e+00,0.000000000000000000e+00,0.000000000000000000e+00
1.446946946946947116e-08,0.000000000000000000e+00,0.000000000000000000e+00,2.927362953362368181e+00,0.000000000000000000e+00,0.000000000000000000e+00,0.000000000000000000e+00,0.000000000000000000e+00,0.000000000000000000e+00,6.178626288841610581e+00,0.000000000000000000e+00,0.000000000000000000e+00,0.000000000000000000e+00
1.448698698698698993e-08,0.000000000000000000e+00,0.000000000000000000e+00,2.932547222623092864e+00,0.000000000000000000e+00,0.000000000000000000e+00,0.000000000000000000e+00,0.000000000000000000e+00,0.000000000000000000e+00,6.188903430983754284e+00,0.000000000000000000e+00,0.000000000000000000e+00,0.000000000000000000e+00
1.450450450450450704e-08,0.000000000000000000e+00,0.000000000000000000e+00,2.937731710930188811e+00,0.000000000000000000e+00,0.000000000000000000e+00,0.000000000000000000e+00,0.000000000000000000e+00,0.000000000000000000e+00,6.199180573125895322e+00,0.000000000000000000e+00,0.000000000000000000e+00,0.000000000000000000e+00
1.452202202202202416e-08,0.000000000000000000e+00,0.000000000000000000e+00,2.942916417223603087e+00,0.000000000000000000e+00,0.000000000000000000e+00,0.000000000000000000e+00,0.000000000000000000e+00,0.000000000000000000e+00,6.209457715268038136e+00,0.000000000000000000e+00,0.000000000000000000e+00,0.000000000000000000e+00
1.453953953953954127e-08,0.000000000000000000e+00,0.000000000000000000e+00,2.948101340450063113e+00,0.000000000000000000e+00,0.000000000000000000e+00,0.000000000000000000e+00,0.000000000000000000e+00,0.000000000000000000e+00,6.219734857410178286e+00,0.000000000000000000e+00,0.000000000000000000e+00,0.000000000000000000e+00
1.455705705705706004e-08,0.000000000000000000e+00,0.000000000000000000e+00,2.953286479563031364e+00,0.000000000000000000e+00,0.000000000000000000e+00,0.000000000000000000e+00,0.000000000000000000e+00,0.000000000000000000e+00,6.230011999552321100e+00,0.000000000000000000e+00,0.000000000000000000e+00,0.000000000000000000e+00
1.457457457457457715e-08,0.000000000000000000e+00,0.000000000000000000e+00,2.958471833522644534e+00,0.000000000000000000e+00,0.000000000000000000e+00,0.000000000000000000e+00,0.000000000000000000e+00,0.000000000000000000e+00,6.240289141694463915e+00,0.000000000000000000e+00,0.000000000000000000e+00,0.000000000000000000e+00
1.459209209209209426e-08,0.000000000000000000e+00,0.000000000000000000e+00,2.963657401295665572e+00,0.000000000000000000e+00,0.000000000000000000e+00,0.000000000000000000e+00,0.000000000000000000e+00,0.000000000000000000e+00,6.250566283836605841e+00,0.000000000000000000e+00,0.000000000000000000e+00,0.000000000000000000e+00
1.460960960960961138e-08,0.000000000000000000e+00,0.000000000000000000e+00,2.968843181855430835e+00,0.000000000000000000e+00,0.000000000000000000e+00,0.000000000000000000e+00,0.000000000000000000e+00,0.000000000000000000e+00,6.260843425978748655e+00,0.000000000000000000e+00,0.000000000000000000e+00,0.000000000000000000e+00
1.462712712712712849e-08,0.000000000000000000e+00,0.000000000000000000e+00,2.974029174181794577e+00,0.000000000000000000e+00,0.000000000000000000e+00,0.000000000000000000e+00,0.000000000000000000e+00,0.000000000000000000e+00,6.271120568120888805e+00,0.000000000000000000e+00,0.000000000000000000e+00,0.000000000000000000e+00
1.464464464464464726e-08,0.000000000000000000e+00,0.000000000000000000e+00,2.979215377261085873e+00,0.000000000000000000e+00,0.000000000000000000e+00,0.000000000000000000e+00,0.000000000000000000e+00,0.000000000000000000e+00,6.281397710263031620e+00,0.000000000000000000e+00,0.000000000000000000e+00,0.000000000000000000e+00
1.466216216216216437e-08,0.000000000000000000e+00,0.000000000000000000e+00,2.984401790086046891e+00,0.000000000000000000e+00,0.000000000000000000e+00,0.000000000000000000e+00,0.000000000000000000e+00,0.000000000000000000e+00,6.291674852405174434e+00,0.000000000000000000e+00,0.000000000000000000e+00,0.000000000000000000e+00
1.467967967967968148e-08,0.000000000000000000e+00,0.000000000000000000e+00,2.989588411655789368e+00,0.000000000000000000e+00,0.000000000000000000e+00,0.000000000000000000e+00,0.000000000000000000e+00,0.000000000000000000e+00,6.301951994547316360e+00,0.000000000000000000e+00,0.000000000000000000e+00,0.000000000000000000e+00
1.469719719719719860e-08,0.000000000000000000e+00,0.000000000000000000e+00,2.994775240975744879e+00,0.000000000000000000e+00,0.000000000000000000e+00,0.000000000000000000e+00,0.000000000000000000e+00,0.000000000000000000e+00,6.312229136689459175e+00,0.000000000000000000e+00,0.000000000000000000e+00,0.000000000000000000e+00
1.471471471471471736e-08,0.000000000000000000e+00,0.000000000000000000e+00,2.999962277057612425e+00,0.000000000000000000e+00,0.000000000000000000e+00,0.000000000000000000e+00,0.000000000000000000e+00,0.000000000000000000e+00,6.322506278831601989e+00,0.000000000000000000e+00,0.000000000000000000e+00,0.000000000000000000e+00
1.473223223223223448e-08,0.000000000000000000e+00,0.000000000000000000e+00,3.005149518919309592e+00,0.000000000000000000e+00,0.000000000000000000e+00,0.000000000000000000e+00,0.000000000000000000e+00,0.000000000000000000e+00,6.332783420973742139e+00,0.000000000000000000e+00,0.000000000000000000e+00,0.000000000000000000e+00
1.474974974974975159e-08,0.000000000000000000e+00,0.000000000000000000e+00,3.010336965584928581e+00,0.000000000000000000e+00,0.000000000000000000e+00,0.000000000000000000e+00,0.000000000000000000e+00,0.000000000000000000e+00,6.343060563115884953e+00,0.000000000000000000e+00,0.000000000000000000e+00,0.000000000000000000e+00
1.476726726726726870e-08,0.000000000000000000e+00,0.000000000000000000e+00,3.015524616084681142e+00,0.000000000000000000e+00,0.000000000000000000e+00,0.000000000000000000e+00,0.000000000000000000e+00,0.000000000000000000e+00,6.353337705258026880e+00,0.000000000000000000e+00,0.000000000000000000e+00,0.000000000000000000e+00
1.478478478478478747e-08,0.000000000000000000e+00,0.000000000000000000e+00,3.020712469454856830e+00,0.000000000000000000e+00,0.000000000000000000e+00,0.000000000000000000e+00,0.000000000000000000e+00,0.000000000000000000e+00,6.363614847400169694e+00,0.000000000000000000e+00,0.000000000000000000e+00,0.000000000000000000e+00
1.480230230230230458e-08,0.000000000000000000e+00,0.000000000000000000e+00,3.025900524737772379e+00,0.000000000000000000e+00,0.000000000000000000e+00,0.000000000000000000e+00,0.000000000000000000e+00,0.000000000000000000e+00,6.373891989542312508e+00,0.000000000000000000e+00,0.000000000000000000e+00,0.000000000000000000e+00
1.481981981981982169e-08,0.000000000000000000e+00,0.000000000000000000e+00,3.031088780981724184e+00,0.000000000000000000e+00,0.000000000000000000e+00,0.000000000000000000e+00,0.000000000000000000e+00,0.000000000000000000e+00,6.384169131684452658e+00,0.000000000000000000e+00,0.000000000000000000e+00,0.000000000000000000e+00
1.483733733733733881e-08,0.000000000000000000e+00,0.000000000000000000e+00,3.036277237240948335e+00,0.000000000000000000e+00,0.000000000000000000e+00,0.000000000000000000e+00,0.000000000000000000e+00,0.000000000000000000e+00,6.394446273826595473e+00,0.000000000000000000e+00,0.000000000000000000e+00,0.000000000000000000e+00
1.485485485485485758e-08,0.000000000000000000e+00,0.000000000000000000e+00,3.041465892575567320e+00,0.000000000000000000e+00,0.000000000000000000e+00,0.000000000000000000e+00,0.000000000000000000e+00,0.000000000000000000e+00,6.404723415968738287e+00,0.000000000000000000e+00,0.000000000000000000e+00,0.000000000000000000e+00
1.487237237237237469e-08,0.000000000000000000e+00,0.000000000000000000e+00,3.046654746051545182e+00,0.000000000000000000e+00,0.000000000000000000e+00,0.000000000000000000e+00,0.000000000000000000e+00,0.000000000000000000e+00,6.415000558110880213e+00,0.000000000000000000e+00,0.000000000000000000e+00,0.000000000000000000e+00
1.488988988988989180e-08,0.000000000000000000e+00,0.000000000000000000e+00,3.051843796740650205e+00,0.000000000000000000e+00,0.000000000000000000e+00,0.000000000000000000e+00,0.000000000000000000e+00,0.000000000000000000e+00,6.425277700253023028e+00,0.000000000000000000e+00,0.000000000000000000e+00,0.000000000000000000e+00
1.490740740740740891e-08,0.000000000000000000e+00,0.000000000000000000e+00,3.057033043720398524e+00,0.000000000000000000e+00,0.000000000000000000e+00,0.000000000000000000e+00,0.000000000000000000e+00,0.000000000000000000e+00,6.435554842395164066e+00,0.000000000000000000e+00,0.000000000000000000e+00,0.000000000000000000e+00
1.492492492492492768e-08,0.000000000000000000e+00,0.000000000000000000e+00,3.062222486074021255e+00,0.000000000000000000e+00,0.000000000000000000e+00,0.000000000000000000e+00,0.000000000000000000e+00,0.000000000000000000e+00,6.445831984537305992e+00,0.000000000000000000e+00,0.000000000000000000e+00,0.000000000000000000e+00
1.494244244244244314e-08,0.000000000000000000e+00,0.000000000000000000e+00,3.067412122890412096e+00,0.000000000000000000e+00,0.000000000000000000e+00,0.000000000000000000e+00,0.000000000000000000e+00,0.000000000000000000e+00,6.456109126679447030e+00,0.000000000000000000e+00,0.000000000000000000e+00,0.000000000000000000e+00
1.495995995995996191e-08,0.000000000000000000e+00,0.000000000000000000e+00,3.072601953264090024e+00,0.000000000000000000e+00,0.000000000000000000e+00,0.000000000000000000e+00,0.000000000000000000e+00,0.000000000000000000e+00,6.466386268821590733e+00,0.000000000000000000e+00,0.000000000000000000e+00,0.000000000000000000e+00
1.497747747747748067e-08,0.000000000000000000e+00,0.000000000000000000e+00,3.077791976295151333e+00,0.000000000000000000e+00,0.000000000000000000e+00,0.000000000000000000e+00,0.000000000000000000e+00,0.000000000000000000e+00,6.476663410963733547e+00,0.000000000000000000e+00,0.000000000000000000e+00,0.000000000000000000e+00
1.499499499499499613e-08,0.000000000000000000e+00,0.000000000000000000e+00,3.082982191089227442e+00,0.000000000000000000e+00,0.000000000000000000e+00,0.000000000000000000e+00,0.000000000000000000e+00,0.000000000000000000e+00,6.486940553105874585e+00,0.000000000000000000e+00,0.000000000000000000e+00,0.000000000000000000e+00
1.501251251251251490e-08,0.000000000000000000e+00,0.000000000000000000e+00,3.088172596757449373e+00,0.000000000000000000e+00,0.000000000000000000e+00,0.000000000000000000e+00,0.000000000000000000e+00,0.000000000000000000e+00,6.497217695248017399e+00,0.000000000000000000e+00,0.000000000000000000e+00,0.000000000000000000e+00
1.503003003003003367e-08,0.000000000000000000e+00,0.000000000000000000e+00,3.093363192416396235e+00,0.000000000000000000e+00,0.000000000000000000e+00,0.000000000000000000e+00,0.000000000000000000e+00,0.000000000000000000e+00,6.507494837390159326e+00,0.000000000000000000e+00,0.000000000000000000e+00,0.000000000000000000e+00
1.504754754754754913e-08,0.000000000000000000e+00,0.000000000000000000e+00,3.098553977188060582e+00,0.000000000000000000e+00,0.000000000000000000e+00,0.000000000000000000e+00,0.000000000000000000e+00,0.000000000000000000e+00,6.517771979532300364e+00,0.000000000000000000e+00,0.000000000000000000e+00,0.000000000000000000e+00
1.506506506506506789e-08,0.000000000000000000e+00,0.000000000000000000e+00,3.103744950199806674e+00,0.000000000000000000e+00,0.000000000000000000e+00,0.000000000000000000e+00,0.000000000000000000e+00,0.000000000000000000e+00,6.528049121674444066e+00,0.000000000000000000e+00,0.000000000000000000e+00,0.000000000000000000e+00
1.508258258258258335e-08,0.000000000000000000e+00,0.000000000000000000e+00,3.108936110584321622e+00,0.000000000000000000e+00,0.000000000000000000e+00,0.000000000000000000e+00,0.000000000000000000e+00,0.000000000000000000e+00,6.538326263816585104e+00,0.000000000000000000e+00,0.000000000000000000e+00,0.000000000000000000e+00
1.510010010010010212e-08,0.000000000000000000e+00,0.000000000000000000e+00,3.114127457479589633e+00,0.000000000000000000e+00,0.000000000000000000e+00,0.000000000000000000e+00,0.000000000000000000e+00,0.000000000000000000e+00,6.548603405958727919e+00,0.000000000000000000e+00,0.000000000000000000e+00,0.000000000000000000e+00
1.511761761761762089e-08,0.000000000000000000e+00,0.000000000000000000e+00,3.119318990028837835e+00,0.000000000000000000e+00,0.000000000000000000e+00,0.000000000000000000e+00,0.000000000000000000e+00,0.000000000000000000e+00,6.558880548100869845e+00,0.000000000000000000e+00,0.000000000000000000e+00,0.000000000000000000e+00
1.513513513513513635e-08,0.000000000000000000e+00,0.000000000000000000e+00,3.124510707380505625e+00,0.000000000000000000e+00,0.000000000000000000e+00,0.000000000000000000e+00,0.000000000000000000e+00,0.000000000000000000e+00,6.569157690243010883e+00,0.000000000000000000e+00,0.000000000000000000e+00,0.000000000000000000e+00
1.515265265265265511e-08,0.000000000000000000e+00,0.000000000000000000e+00,3.129702608688202492e+00,0.000000000000000000e+00,0.000000000000000000e+00,0.000000000000000000e+00,0.000000000000000000e+00,0.000000000000000000e+00,6.579434832385154586e+00,0.000000000000000000e+00,0.000000000000000000e+00,0.000000000000000000e+00
1.517017017017017388e-08,0.000000000000000000e+00,0.000000000000000000e+00,3.134894693110666708e+00,0.000000000000000000e+00,0.000000000000000000e+00,0.000000000000000000e+00,0.000000000000000000e+00,0.000000000000000000e+00,6.589711974527297400e+00,0.000000000000000000e+00,0.000000000000000000e+00,0.000000000000000000e+00
1.518768768768768934e-08,0.000000000000000000e+00,0.000000000000000000e+00,3.140086959811728917e+00,0.000000000000000000e+00,0.000000000000000000e+00,0.000000000000000000e+00,0.000000000000000000e+00,0.000000000000000000e+00,6.599989116669438438e+00,0.000000000000000000e+00,0.000000000000000000e+00,0.000000000000000000e+00
1.520520520520520811e-08,0.000000000000000000e+00,0.000000000000000000e+00,3.145279407960277496e+00,0.000000000000000000e+00,0.000000000000000000e+00,0.000000000000000000e+00,0.000000000000000000e+00,0.000000000000000000e+00,6.610266258811581253e+00,0.000000000000000000e+00,0.000000000000000000e+00,0.000000000000000000e+00
1.522272272272272357e-08,0.000000000000000000e+00,0.000000000000000000e+00,3.150472036730212810e+00,0.000000000000000000e+00,0.000000000000000000e+00,0.000000000000000000e+00,0.000000000000000000e+00,0.000000000000000000e+00,6.620543400953721402e+00,0.000000000000000000e+00,0.000000000000000000e+00,0.000000000000000000e+00
1.524024024024024233e-08,0.000000000000000000e+00,0.000000000000000000e+00,3.155664845300418353e+00,0.000000000000000000e+00,0.000000000000000000e+00,0.000000000000000000e+00,0.000000000000000000e+00,0.000000000000000000e+00,6.630820543095864217e+00,0.000000000000000000e+00,0.000000000000000000e+00,0.000000000000000000e+00
1.525775775775776110e-08,0.000000000000000000e+00,0.000000000000000000e+00,3.160857832854715888e+00,0.000000000000000000e+00,0.000000000000000000e+00,0.000000000000000000e+00,0.000000000000000000e+00,0.000000000000000000e+00,6.641097685238007919e+00,0.000000000000000000e+00,0.000000000000000000e+00,0.000000000000000000e+00
1.527527527527527656e-08,0.000000000000000000e+00,0.000000000000000000e+00,3.166050998581830367e+00,0.000000000000000000e+00,0.000000000000000000e+00,0.000000000000000000e+00,0.000000000000000000e+00,0.000000000000000000e+00,6.651374827380148957e+00,0.000000000000000000e+00,0.000000000000000000e+00,0.000000000000000000e+00
1.529279279279279533e-08,0.000000000000000000e+00,0.000000000000000000e+00,3.171244341675359291e+00,0.000000000000000000e+00,0.000000000000000000e+00,0.000000000000000000e+00,0.000000000000000000e+00,0.000000000000000000e+00,6.661651969522291772e+00,0.000000000000000000e+00,0.000000000000000000e+00,0.000000000000000000e+00
1.531031031031031409e-08,0.000000000000000000e+00,0.000000000000000000e+00,3.176437861333728296e+00,0.000000000000000000e+00,0.000000000000000000e+00,0.000000000000000000e+00,0.000000000000000000e+00,0.000000000000000000e+00,6.671929111664433698e+00,0.000000000000000000e+00,0.000000000000000000e+00,0.000000000000000000e+00
1.532782782782782955e-08,0.000000000000000000e+00,0.000000000000000000e+00,3.181631556760159185e+00,0.000000000000000000e+00,0.000000000000000000e+00,0.000000000000000000e+00,0.000000000000000000e+00,0.000000000000000000e+00,6.682206253806574736e+00,0.000000000000000000e+00,0.000000000000000000e+00,0.000000000000000000e+00
1.534534534534534832e-08,0.000000000000000000e+00,0.000000000000000000e+00,3.186825427162637059e+00,0.000000000000000000e+00,0.000000000000000000e+00,0.000000000000000000e+00,0.000000000000000000e+00,0.000000000000000000e+00,6.692483395948718439e+00,0.000000000000000000e+00,0.000000000000000000e+00,0.000000000000000000e+00
1.536286286286286378e-08,0.000000000000000000e+00,0.000000000000000000e+00,3.192019471753867244e+00,0.000000000000000000e+00,0.000000000000000000e+00,0.000000000000000000e+00,0.000000000000000000e+00,0.000000000000000000e+00,6.702760538090859477e+00,0.000000000000000000e+00,0.000000000000000000e+00,0.000000000000000000e+00
1.538038038038038255e-08,0.000000000000000000e+00,0.000000000000000000e+00,3.197213689751249088e+00,0.000000000000000000e+00,0.000000000000000000e+00,0.000000000000000000e+00,0.000000000000000000e+00,0.000000000000000000e+00,6.713037680233002291e+00,0.000000000000000000e+00,0.000000000000000000e+00,0.000000000000000000e+00
1.539789789789790131e-08,0.000000000000000000e+00,0.000000000000000000e+00,3.202408080376834221e+00,0.000000000000000000e+00,0.000000000000000000e+00,0.000000000000000000e+00,0.000000000000000000e+00,0.000000000000000000e+00,6.723314822375145106e+00,0.000000000000000000e+00,0.000000000000000000e+00,0.000000000000000000e+00
1.541541541541541677e-08,0.000000000000000000e+00,0.000000000000000000e+00,3.207602642857295905e+00,0.000000000000000000e+00,0.000000000000000000e+00,0.000000000000000000e+00,0.000000000000000000e+00,0.000000000000000000e+00,6.733591964517285255e+00,0.000000000000000000e+00,0.000000000000000000e+00,0.000000000000000000e+00
1.543293293293293554e-08,0.000000000000000000e+00,0.000000000000000000e+00,3.212797376423896623e+00,0.000000000000000000e+00,0.000000000000000000e+00,0.000000000000000000e+00,0.000000000000000000e+00,0.000000000000000000e+00,6.743869106659428070e+00,0.000000000000000000e+00,0.000000000000000000e+00,0.000000000000000000e+00
1.545045045045045431e-08,0.000000000000000000e+00,0.000000000000000000e+00,3.217992280312448994e+00,0.000000000000000000e+00,0.000000000000000000e+00,0.000000000000000000e+00,0.000000000000000000e+00,0.000000000000000000e+00,6.754146248801571772e+00,0.000000000000000000e+00,0.000000000000000000e+00,0.000000000000000000e+00
1.546796796796796976e-08,0.000000000000000000e+00,0.000000000000000000e+00,3.223187353763284690e+00,0.000000000000000000e+00,0.000000000000000000e+00,0.000000000000000000e+00,0.000000000000000000e+00,0.000000000000000000e+00,6.764423390943712810e+00,0.000000000000000000e+00,0.000000000000000000e+00,0.000000000000000000e+00
1.548548548548548853e-08,0.000000000000000000e+00,0.000000000000000000e+00,3.228382596021224682e+00,0.000000000000000000e+00,0.000000000000000000e+00,0.000000000000000000e+00,0.000000000000000000e+00,0.000000000000000000e+00,6.774700533085855625e+00,0.000000000000000000e+00,0.000000000000000000e+00,0.000000000000000000e+00
1.550300300300300399e-08,0.000000000000000000e+00,0.000000000000000000e+00,3.233578006335540600e+00,0.000000000000000000e+00,0.000000000000000000e+00,0.000000000000000000e+00,0.000000000000000000e+00,0.000000000000000000e+00,6.784977675227995775e+00,0.000000000000000000e+00,0.000000000000000000e+00,0.000000000000000000e+00
1.552052052052052276e-08,0.000000000000000000e+00,0.000000000000000000e+00,3.238773583959928981e+00,0.000000000000000000e+00,0.000000000000000000e+00,0.000000000000000000e+00,0.000000000000000000e+00,0.000000000000000000e+00,6.795254817370138589e+00,0.000000000000000000e+00,0.000000000000000000e+00,0.000000000000000000e+00
1.553803803803804153e-08,0.000000000000000000e+00,0.000000000000000000e+00,3.243969328152470410e+00,0.000000000000000000e+00,0.000000000000000000e+00,0.000000000000000000e+00,0.000000000000000000e+00,0.000000000000000000e+00,6.805531959512282292e+00,0.000000000000000000e+00,0.000000000000000000e+00,0.000000000000000000e+00
1.555555555555555698e-08,0.000000000000000000e+00,0.000000000000000000e+00,3.249165238175603321e+00,0.000000000000000000e+00,0.000000000000000000e+00,0.000000000000000000e+00,0.000000000000000000e+00,0.000000000000000000e+00,6.815809101654423330e+00,0.000000000000000000e+00,0.000000000000000000e+00,0.000000000000000000e+00
1.557307307307307575e-08,0.000000000000000000e+00,0.000000000000000000e+00,3.254361313296092462e+00,0.000000000000000000e+00,0.000000000000000000e+00,0.000000000000000000e+00,0.000000000000000000e+00,0.000000000000000000e+00,6.826086243796566144e+00,0.000000000000000000e+00,0.000000000000000000e+00,0.000000000000000000e+00
1.559059059059059452e-08,0.000000000000000000e+00,0.000000000000000000e+00,3.259557552784995593e+00,0.000000000000000000e+00,0.000000000000000000e+00,0.000000000000000000e+00,0.000000000000000000e+00,0.000000000000000000e+00,6.836363385938708959e+00,0.000000000000000000e+00,0.000000000000000000e+00,0.000000000000000000e+00
1.560810810810810998e-08,0.000000000000000000e+00,0.000000000000000000e+00,3.264753955917629291e+00,0.000000000000000000e+00,0.000000000000000000e+00,0.000000000000000000e+00,0.000000000000000000e+00,0.000000000000000000e+00,6.846640528080849109e+00,0.000000000000000000e+00,0.000000000000000000e+00,0.000000000000000000e+00
1.562562562562562874e-08,0.000000000000000000e+00,0.000000000000000000e+00,3.269950521973547186e+00,0.000000000000000000e+00,0.000000000000000000e+00,0.000000000000000000e+00,0.000000000000000000e+00,0.000000000000000000e+00,6.856917670222991923e+00,0.000000000000000000e+00,0.000000000000000000e+00,0.000000000000000000e+00
1.564314314314314420e-08,0.000000000000000000e+00,0.000000000000000000e+00,3.275147250236498664e+00,0.000000000000000000e+00,0.000000000000000000e+00,0.000000000000000000e+00,0.000000000000000000e+00,0.000000000000000000e+00,6.867194812365133849e+00,0.000000000000000000e+00,0.000000000000000000e+00,0.000000000000000000e+00
1.566066066066066297e-08,0.000000000000000000e+00,0.000000000000000000e+00,3.280344139994404884e+00,0.000000000000000000e+00,0.000000000000000000e+00,0.000000000000000000e+00,0.000000000000000000e+00,0.000000000000000000e+00,6.877471954507276664e+00,0.000000000000000000e+00,0.000000000000000000e+00,0.000000000000000000e+00
1.567817817817818174e-08,0.000000000000000000e+00,0.000000000000000000e+00,3.285541190539326806e+00,0.000000000000000000e+00,0.000000000000000000e+00,0.000000000000000000e+00,0.000000000000000000e+00,0.000000000000000000e+00,6.887749096649419478e+00,0.000000000000000000e+00,0.000000000000000000e+00,0.000000000000000000e+00
1.569569569569569720e-08,0.000000000000000000e+00,0.000000000000000000e+00,3.290738401167434102e+00,0.000000000000000000e+00,0.000000000000000000e+00,0.000000000000000000e+00,0.000000000000000000e+00,0.000000000000000000e+00,6.898026238791559628e+00,0.000000000000000000e+00,0.000000000000000000e+00,0.000000000000000000e+00
1.571321321321321596e-08,0.000000000000000000e+00,0.000000000000000000e+00,3.295935771178980733e+00,0.000000000000000000e+00,0.000000000000000000e+00,0.000000000000000000e+00,0.000000000000000000e+00,0.000000000000000000e+00,6.908303380933702442e+00,0.000000000000000000e+00,0.000000000000000000e+00,0.000000000000000000e+00
1.573073073073073142e-08,0.000000000000000000e+00,0.000000000000000000e+00,3.301133299878268090e+00,0.000000000000000000e+00,0.000000000000000000e+00,0.000000000000000000e+00,0.000000000000000000e+00,0.000000000000000000e+00,6.918580523075844368e+00,0.000000000000000000e+00,0.000000000000000000e+00,0.000000000000000000e+00
1.574824824824825019e-08,0.000000000000000000e+00,0.000000000000000000e+00,3.306330986573620123e+00,0.000000000000000000e+00,0.000000000000000000e+00,0.000000000000000000e+00,0.000000000000000000e+00,0.000000000000000000e+00,6.928857665217987183e+00,0.000000000000000000e+00,0.000000000000000000e+00,0.000000000000000000e+00
1.576576576576576896e-08,0.000000000000000000e+00,0.000000000000000000e+00,3.311528830577354920e+00,0.000000000000000000e+00,0.000000000000000000e+00,0.000000000000000000e+00,0.000000000000000000e+00,0.000000000000000000e+00,6.939134807360129997e+00,0.000000000000000000e+00,0.000000000000000000e+00,0.000000000000000000e+00
1.578328328328328442e-08,0.000000000000000000e+00,0.000000000000000000e+00,3.316726831205753623e+00,0.000000000000000000e+00,0.000000000000000000e+00,0.000000000000000000e+00,0.000000000000000000e+00,0.000000000000000000e+00,6.949411949502270147e+00,0.000000000000000000e+00,0.000000000000000000e+00,0.000000000000000000e+00
1.580080080080080318e-08,0.000000000000000000e+00,0.000000000000000000e+00,3.321924987779036442e+00,0.000000000000000000e+00,0.000000000000000000e+00,0.000000000000000000e+00,0.000000000000000000e+00,0.000000000000000000e+00,6.959689091644412962e+00,0.000000000000000000e+00,0.000000000000000000e+00,0.000000000000000000e+00
1.581831831831832195e-08,0.000000000000000000e+00,0.000000000000000000e+00,3.327123299621328023e+00,0.000000000000000000e+00,0.000000000000000000e+00,0.000000000000000000e+00,0.000000000000000000e+00,0.000000000000000000e+00,6.969966233786555776e+00,0.000000000000000000e+00,0.000000000000000000e+00,0.000000000000000000e+00
1.583583583583583741e-08,0.000000000000000000e+00,0.000000000000000000e+00,3.332321766060634349e+00,0.000000000000000000e+00,0.000000000000000000e+00,0.000000000000000000e+00,0.000000000000000000e+00,0.000000000000000000e+00,6.980243375928697702e+00,0.000000000000000000e+00,0.000000000000000000e+00,0.000000000000000000e+00
1.585335335335335618e-08,0.000000000000000000e+00,0.000000000000000000e+00,3.337520386428813879e+00,0.000000000000000000e+00,0.000000000000000000e+00,0.000000000000000000e+00,0.000000000000000000e+00,0.000000000000000000e+00,6.990520518070840517e+00,0.000000000000000000e+00,0.000000000000000000e+00,0.000000000000000000e+00
1.587087087087087164e-08,0.000000000000000000e+00,0.000000000000000000e+00,3.342719160061549566e+00,0.000000000000000000e+00,0.000000000000000000e+00,0.000000000000000000e+00,0.000000000000000000e+00,0.000000000000000000e+00,7.000797660212980666e+00,0.000000000000000000e+00,0.000000000000000000e+00,0.000000000000000000e+00
1.588838838838839040e-08,0.000000000000000000e+00,0.000000000000000000e+00,3.347918086298324880e+00,0.000000000000000000e+00,0.000000000000000000e+00,0.000000000000000000e+00,0.000000000000000000e+00,0.000000000000000000e+00,7.011074802355123481e+00,0.000000000000000000e+00,0.000000000000000000e+00,0.000000000000000000e+00
1.590590590590590917e-08,0.000000000000000000e+00,0.000000000000000000e+00,3.353117164482390500e+00,0.000000000000000000e+00,0.000000000000000000e+00,0.000000000000000000e+00,0.000000000000000000e+00,0.000000000000000000e+00,7.021351944497266295e+00,0.000000000000000000e+00,0.000000000000000000e+00,0.000000000000000000e+00
1.592342342342342463e-08,0.000000000000000000e+00,0.000000000000000000e+00,3.358316393960742552e+00,0.000000000000000000e+00,0.000000000000000000e+00,0.000000000000000000e+00,0.000000000000000000e+00,0.000000000000000000e+00,7.031629086639408222e+00,0.000000000000000000e+00,0.000000000000000000e+00,0.000000000000000000e+00
1.594094094094094340e-08,0.000000000000000000e+00,0.000000000000000000e+00,3.363515774084094634e+00,0.000000000000000000e+00,0.000000000000000000e+00,0.000000000000000000e+00,0.000000000000000000e+00,0.000000000000000000e+00,7.041906228781551036e+00,0.000000000000000000e+00,0.000000000000000000e+00,0.000000000000000000e+00
1.595845845845846216e-08,0.000000000000000000e+00,0.000000000000000000e+00,3.368715304206852501e+00,0.000000000000000000e+00,0.000000000000000000e+00,0.000000000000000000e+00,0.000000000000000000e+00,0.000000000000000000e+00,7.052183370923693850e+00,0.000000000000000000e+00,0.000000000000000000e+00,0.000000000000000000e+00
1.597597597597597762e-08,0.000000000000000000e+00,0.000000000000000000e+00,3.373914983687084312e+00,0.000000000000000000e+00,0.000000000000000000e+00,0.000000000000000000e+00,0.000000000000000000e+00,0.000000000000000000e+00,7.062460513065834000e+00,0.000000000000000000e+00,0.000000000000000000e+00,0.000000000000000000e+00
1.599349349349349639e-08,0.000000000000000000e+00,0.000000000000000000e+00,3.379114811886502423e+00,0.000000000000000000e+00,0.000000000000000000e+00,0.000000000000000000e+00,0.000000000000000000e+00,0.000000000000000000e+00,7.072737655207976815e+00,0.000000000000000000e+00,0.000000000000000000e+00,0.000000000000000000e+00
1.601101101101101185e-08,0.000000000000000000e+00,0.000000000000000000e+00,3.384314788170428745e+00,0.000000000000000000e+00,0.000000000000000000e+00,0.000000000000000000e+00,0.000000000000000000e+00,0.000000000000000000e+00,7.083014797350117853e+00,0.000000000000000000e+00,0.000000000000000000e+00,0.000000000000000000e+00
1.602852852852853062e-08,0.000000000000000000e+00,0.000000000000000000e+00,3.389514911907776984e+00,0.000000000000000000e+00,0.000000000000000000e+00,0.000000000000000000e+00,0.000000000000000000e+00,0.000000000000000000e+00,7.093291939492261555e+00,0.000000000000000000e+00,0.000000000000000000e+00,0.000000000000000000e+00
1.604604604604604938e-08,0.000000000000000000e+00,0.000000000000000000e+00,3.394715182471019777e+00,0.000000000000000000e+00,0.000000000000000000e+00,0.000000000000000000e+00,0.000000000000000000e+00,0.000000000000000000e+00,7.103569081634404370e+00,0.000000000000000000e+00,0.000000000000000000e+00,0.000000000000000000e+00
1.606356356356356484e-08,0.000000000000000000e+00,0.000000000000000000e+00,3.399915599236170038e+00,0.000000000000000000e+00,0.000000000000000000e+00,0.000000000000000000e+00,0.000000000000000000e+00,0.000000000000000000e+00,7.113846223776544520e+00,0.000000000000000000e+00,0.000000000000000000e+00,0.000000000000000000e+00
1.608108108108108361e-08,0.000000000000000000e+00,0.000000000000000000e+00,3.405116161582756096e+00,0.000000000000000000e+00,0.000000000000000000e+00,0.000000000000000000e+00,0.000000000000000000e+00,0.000000000000000000e+00,7.124123365918687334e+00,0.000000000000000000e+00,0.000000000000000000e+00,0.000000000000000000e+00
1.609859859859860238e-08,0.000000000000000000e+00,0.000000000000000000e+00,3.410316868893792819e+00,0.000000000000000000e+00,0.000000000000000000e+00,0.000000000000000000e+00,0.000000000000000000e+00,0.000000000000000000e+00,7.134400508060830148e+00,0.000000000000000000e+00,0.000000000000000000e+00,0.000000000000000000e+00
1.611611611611611783e-08,0.000000000000000000e+00,0.000000000000000000e+00,3.415517720555760306e+00,0.000000000000000000e+00,0.000000000000000000e+00,0.000000000000000000e+00,0.000000000000000000e+00,0.000000000000000000e+00,7.144677650202972075e+00,0.000000000000000000e+00,0.000000000000000000e+00,0.000000000000000000e+00
1.613363363363363660e-08,0.000000000000000000e+00,0.000000000000000000e+00,3.420718715958577683e+00,0.000000000000000000e+00,0.000000000000000000e+00,0.000000000000000000e+00,0.000000000000000000e+00,0.000000000000000000e+00,7.154954792345114889e+00,0.000000000000000000e+00,0.000000000000000000e+00,0.000000000000000000e+00
1.615115115115115206e-08,0.000000000000000000e+00,0.000000000000000000e+00,3.425919854495580452e+00,0.000000000000000000e+00,0.000000000000000000e+00,0.000000000000000000e+00,0.000000000000000000e+00,0.000000000000000000e+00,7.165231934487255039e+00,0.000000000000000000e+00,0.000000000000000000e+00,0.000000000000000000e+00
1.616866866866867083e-08,0.000000000000000000e+00,0.000000000000000000e+00,3.431121135563500513e+00,0.000000000000000000e+00,0.000000000000000000e+00,0.000000000000000000e+00,0.000000000000000000e+00,0.000000000000000000e+00,7.175509076629397853e+00,0.000000000000000000e+00,0.000000000000000000e+00,0.000000000000000000e+00
1.618618618618618960e-08,0.000000000000000000e+00,0.000000000000000000e+00,3.436322558562434182e+00,0.000000000000000000e+00,0.000000000000000000e+00,0.000000000000000000e+00,0.000000000000000000e+00,0.000000000000000000e+00,7.185786218771540668e+00,0.000000000000000000e+00,0.000000000000000000e+00,0.000000000000000000e+00
1.620370370370370505e-08,0.000000000000000000e+00,0.000000000000000000e+00,3.441524122895824878e+00,0.000000000000000000e+00,0.000000000000000000e+00,0.000000000000000000e+00,0.000000000000000000e+00,0.000000000000000000e+00,7.196063360913681706e+00,0.000000000000000000e+00,0.000000000000000000e+00,0.000000000000000000e+00
1.622122122122122382e-08,0.000000000000000000e+00,0.000000000000000000e+00,3.446725827970440470e+00,0.000000000000000000e+00,0.000000000000000000e+00,0.000000000000000000e+00,0.000000000000000000e+00,0.000000000000000000e+00,7.206340503055825408e+00,0.000000000000000000e+00,0.000000000000000000e+00,0.000000000000000000e+00
1.623873873873874259e-08,0.000000000000000000e+00,0.000000000000000000e+00,3.451927673196344859e+00,0.000000000000000000e+00,0.000000000000000000e+00,0.000000000000000000e+00,0.000000000000000000e+00,0.000000000000000000e+00,7.216617645197968223e+00,0.000000000000000000e+00,0.000000000000000000e+00,0.000000000000000000e+00
1.625625625625625805e-08,0.000000000000000000e+00,0.000000000000000000e+00,3.457129657986879767e+00,0.000000000000000000e+00,0.000000000000000000e+00,0.000000000000000000e+00,0.000000000000000000e+00,0.000000000000000000e+00,7.226894787340108373e+00,0.000000000000000000e+00,0.000000000000000000e+00,0.000000000000000000e+00
1.627377377377377681e-08,0.000000000000000000e+00,0.000000000000000000e+00,3.462331781758643867e+00,0.000000000000000000e+00,0.000000000000000000e+00,0.000000000000000000e+00,0.000000000000000000e+00,0.000000000000000000e+00,7.237171929482251187e+00,0.000000000000000000e+00,0.000000000000000000e+00,0.000000000000000000e+00
1.629129129129129227e-08,0.000000000000000000e+00,0.000000000000000000e+00,3.467534043931463028e+00,0.000000000000000000e+00,0.000000000000000000e+00,0.000000000000000000e+00,0.000000000000000000e+00,0.000000000000000000e+00,7.247449071624392225e+00,0.000000000000000000e+00,0.000000000000000000e+00,0.000000000000000000e+00
1.630880880880881104e-08,0.000000000000000000e+00,0.000000000000000000e+00,3.472736443928377437e+00,0.000000000000000000e+00,0.000000000000000000e+00,0.000000000000000000e+00,0.000000000000000000e+00,0.000000000000000000e+00,7.257726213766535928e+00,0.000000000000000000e+00,0.000000000000000000e+00,0.000000000000000000e+00
1.632632632632632981e-08,0.000000000000000000e+00,0.000000000000000000e+00,3.477938981175609179e+00,0.000000000000000000e+00,0.000000000000000000e+00,0.000000000000000000e+00,0.000000000000000000e+00,0.000000000000000000e+00,7.268003355908678742e+00,0.000000000000000000e+00,0.000000000000000000e+00,0.000000000000000000e+00
1.634384384384384527e-08,0.000000000000000000e+00,0.000000000000000000e+00,3.483141655102548029e+00,0.000000000000000000e+00,0.000000000000000000e+00,0.000000000000000000e+00,0.000000000000000000e+00,0.000000000000000000e+00,7.278280498050818892e+00,0.000000000000000000e+00,0.000000000000000000e+00,0.000000000000000000e+00
1.636136136136136403e-08,0.000000000000000000e+00,0.000000000000000000e+00,3.488344465141731465e+00,0.000000000000000000e+00,0.000000000000000000e+00,0.000000000000000000e+00,0.000000000000000000e+00,0.000000000000000000e+00,7.288557640192961706e+00,0.000000000000000000e+00,0.000000000000000000e+00,0.000000000000000000e+00
1.637887887887888280e-08,0.000000000000000000e+00,0.000000000000000000e+00,3.493547410728813141e+00,0.000000000000000000e+00,0.000000000000000000e+00,0.000000000000000000e+00,0.000000000000000000e+00,0.000000000000000000e+00,7.298834782335104521e+00,0.000000000000000000e+00,0.000000000000000000e+00,0.000000000000000000e+00
1.639639639639639826e-08,0.000000000000000000e+00,0.000000000000000000e+00,3.498750491302550891e+00,0.000000000000000000e+00,0.000000000000000000e+00,0.000000000000000000e+00,0.000000000000000000e+00,0.000000000000000000e+00,7.309111924477245559e+00,0.000000000000000000e+00,0.000000000000000000e+00,0.000000000000000000e+00
1.641391391391391703e-08,0.000000000000000000e+00,0.000000000000000000e+00,3.503953706304783200e+00,0.000000000000000000e+00,0.000000000000000000e+00,0.000000000000000000e+00,0.000000000000000000e+00,0.000000000000000000e+00,7.319389066619389261e+00,0.000000000000000000e+00,0.000000000000000000e+00,0.000000000000000000e+00
1.643143143143143249e-08,0.000000000000000000e+00,0.000000000000000000e+00,3.509157055180403439e+00,0.000000000000000000e+00,0.000000000000000000e+00,0.000000000000000000e+00,0.000000000000000000e+00,0.000000000000000000e+00,7.329666208761530299e+00,0.000000000000000000e+00,0.000000000000000000e+00,0.000000000000000000e+00
1.644894894894895125e-08,0.000000000000000000e+00,0.000000000000000000e+00,3.514360537377346549e+00,0.000000000000000000e+00,0.000000000000000000e+00,0.000000000000000000e+00,0.000000000000000000e+00,0.000000000000000000e+00,7.339943350903672226e+00,0.000000000000000000e+00,0.000000000000000000e+00,0.000000000000000000e+00
1.646646646646647002e-08,0.000000000000000000e+00,0.000000000000000000e+00,3.519564152346564168e+00,0.000000000000000000e+00,0.000000000000000000e+00,0.000000000000000000e+00,0.000000000000000000e+00,0.000000000000000000e+00,7.350220493045815040e+00,0.000000000000000000e+00,0.000000000000000000e+00,0.000000000000000000e+00
1.648398398398398548e-08,0.000000000000000000e+00,0.000000000000000000e+00,3.524767899542002425e+00,0.000000000000000000e+00,0.000000000000000000e+00,0.000000000000000000e+00,0.000000000000000000e+00,0.000000000000000000e+00,7.360497635187956078e+00,0.000000000000000000e+00,0.000000000000000000e+00,0.000000000000000000e+00
1.650150150150150425e-08,0.000000000000000000e+00,0.000000000000000000e+00,3.529971778420588180e+00,0.000000000000000000e+00,0.000000000000000000e+00,0.000000000000000000e+00,0.000000000000000000e+00,0.000000000000000000e+00,7.370774777330099781e+00,0.000000000000000000e+00,0.000000000000000000e+00,0.000000000000000000e+00
1.651901901901902301e-08,0.000000000000000000e+00,0.000000000000000000e+00,3.535175788442200151e+00,0.000000000000000000e+00,0.000000000000000000e+00,0.000000000000000000e+00,0.000000000000000000e+00,0.000000000000000000e+00,7.381051919472242595e+00,0.000000000000000000e+00,0.000000000000000000e+00,0.000000000000000000e+00
1.653653653653653847e-08,0.000000000000000000e+00,0.000000000000000000e+00,3.540379929069653819e+00,0.000000000000000000e+00,0.000000000000000000e+00,0.000000000000000000e+00,0.000000000000000000e+00,0.000000000000000000e+00,7.391329061614382745e+00,0.000000000000000000e+00,0.000000000000000000e+00,0.000000000000000000e+00
1.655405405405405724e-08,0.000000000000000000e+00,0.000000000000000000e+00,3.545584199768685885e+00,0.000000000000000000e+00,0.000000000000000000e+00,0.000000000000000000e+00,0.000000000000000000e+00,0.000000000000000000e+00,7.401606203756525559e+00,0.000000000000000000e+00,0.000000000000000000e+00,0.000000000000000000e+00
1.657157157157157270e-08,0.000000000000000000e+00,0.000000000000000000e+00,3.550788600007924511e+00,0.000000000000000000e+00,0.000000000000000000e+00,0.000000000000000000e+00,0.000000000000000000e+00,0.000000000000000000e+00,7.411883345898666597e+00,0.000000000000000000e+00,0.000000000000000000e+00,0.000000000000000000e+00
1.658908908908909147e-08,0.000000000000000000e+00,0.000000000000000000e+00,3.555993129258878227e+00,0.000000000000000000e+00,0.000000000000000000e+00,0.000000000000000000e+00,0.000000000000000000e+00,0.000000000000000000e+00,7.422160488040809412e+00,0.000000000000000000e+00,0.000000000000000000e+00,0.000000000000000000e+00
1.660660660660661023e-08,0.000000000000000000e+00,0.000000000000000000e+00,3.561197786995911940e+00,0.000000000000000000e+00,0.000000000000000000e+00,0.000000000000000000e+00,0.000000000000000000e+00,0.000000000000000000e+00,7.432437630182953114e+00,0.000000000000000000e+00,0.000000000000000000e+00,0.000000000000000000e+00
1.662412412412412569e-08,0.000000000000000000e+00,0.000000000000000000e+00,3.566402572696228734e+00,0.000000000000000000e+00,0.000000000000000000e+00,0.000000000000000000e+00,0.000000000000000000e+00,0.000000000000000000e+00,7.442714772325094152e+00,0.000000000000000000e+00,0.000000000000000000e+00,0.000000000000000000e+00
1.664164164164164446e-08,0.000000000000000000e+00,0.000000000000000000e+00,3.571607485839853879e+00,0.000000000000000000e+00,0.000000000000000000e+00,0.000000000000000000e+00,0.000000000000000000e+00,0.000000000000000000e+00,7.452991914467236079e+00,0.000000000000000000e+00,0.000000000000000000e+00,0.000000000000000000e+00
1.665915915915916323e-08,0.000000000000000000e+00,0.000000000000000000e+00,3.576812525909611740e+00,0.000000000000000000e+00,0.000000000000000000e+00,0.000000000000000000e+00,0.000000000000000000e+00,0.000000000000000000e+00,7.463269056609378893e+00,0.000000000000000000e+00,0.000000000000000000e+00,0.000000000000000000e+00
1.667667667667667868e-08,0.000000000000000000e+00,0.000000000000000000e+00,3.582017692391107566e+00,0.000000000000000000e+00,0.000000000000000000e+00,0.000000000000000000e+00,0.000000000000000000e+00,0.000000000000000000e+00,7.473546198751519931e+00,0.000000000000000000e+00,0.000000000000000000e+00,0.000000000000000000e+00
1.669419419419419745e-08,0.000000000000000000e+00,0.000000000000000000e+00,3.587222984772714618e+00,0.000000000000000000e+00,0.000000000000000000e+00,0.000000000000000000e+00,0.000000000000000000e+00,0.000000000000000000e+00,7.483823340893663634e+00,0.000000000000000000e+00,0.000000000000000000e+00,0.000000000000000000e+00
1.671171171171171291e-08,0.000000000000000000e+00,0.000000000000000000e+00,3.592428402545543964e+00,0.000000000000000000e+00,0.000000000000000000e+00,0.000000000000000000e+00,0.000000000000000000e+00,0.000000000000000000e+00,7.494100483035804672e+00,0.000000000000000000e+00,0.000000000000000000e+00,0.000000000000000000e+00
1.672922922922923168e-08,0.000000000000000000e+00,0.000000000000000000e+00,3.597633945203439154e+00,0.000000000000000000e+00,0.000000000000000000e+00,0.000000000000000000e+00,0.000000000000000000e+00,0.000000000000000000e+00,7.504377625177946598e+00,0.000000000000000000e+00,0.000000000000000000e+00,0.000000000000000000e+00
1.674674674674675045e-08,0.000000000000000000e+00,0.000000000000000000e+00,3.602839612242951350e+00,0.000000000000000000e+00,0.000000000000000000e+00,0.000000000000000000e+00,0.000000000000000000e+00,0.000000000000000000e+00,7.514654767320089412e+00,0.000000000000000000e+00,0.000000000000000000e+00,0.000000000000000000e+00
1.676426426426426590e-08,0.000000000000000000e+00,0.000000000000000000e+00,3.608045403163319786e+00,0.000000000000000000e+00,0.000000000000000000e+00,0.000000000000000000e+00,0.000000000000000000e+00,0.000000000000000000e+00,7.524931909462230450e+00,0.000000000000000000e+00,0.000000000000000000e+00,0.000000000000000000e+00
1.678178178178178467e-08,0.000000000000000000e+00,0.000000000000000000e+00,3.613251317466458890e+00,0.000000000000000000e+00,0.000000000000000000e+00,0.000000000000000000e+00,0.000000000000000000e+00,0.000000000000000000e+00,7.535209051604373265e+00,0.000000000000000000e+00,0.000000000000000000e+00,0.000000000000000000e+00
1.679929929929930344e-08,0.000000000000000000e+00,0.000000000000000000e+00,3.618457354656936964e+00,0.000000000000000000e+00,0.000000000000000000e+00,0.000000000000000000e+00,0.000000000000000000e+00,0.000000000000000000e+00,7.545486193746516967e+00,0.000000000000000000e+00,0.000000000000000000e+00,0.000000000000000000e+00
1.681681681681681890e-08,0.000000000000000000e+00,0.000000000000000000e+00,3.623663514241958428e+00,0.000000000000000000e+00,0.000000000000000000e+00,0.000000000000000000e+00,0.000000000000000000e+00,0.000000000000000000e+00,7.555763335888658006e+00,0.000000000000000000e+00,0.000000000000000000e+00,0.000000000000000000e+00
1.683433433433433766e-08,0.000000000000000000e+00,0.000000000000000000e+00,3.628869795731349601e+00,0.000000000000000000e+00,0.000000000000000000e+00,0.000000000000000000e+00,0.000000000000000000e+00,0.000000000000000000e+00,7.566040478030799932e+00,0.000000000000000000e+00,0.000000000000000000e+00,0.000000000000000000e+00
1.685185185185185312e-08,0.000000000000000000e+00,0.000000000000000000e+00,3.634076198637538280e+00,0.000000000000000000e+00,0.000000000000000000e+00,0.000000000000000000e+00,0.000000000000000000e+00,0.000000000000000000e+00,7.576317620172940970e+00,0.000000000000000000e+00,0.000000000000000000e+00,0.000000000000000000e+00
1.686936936936937189e-08,0.000000000000000000e+00,0.000000000000000000e+00,3.639282722475539522e+00,0.000000000000000000e+00,0.000000000000000000e+00,0.000000000000000000e+00,0.000000000000000000e+00,0.000000000000000000e+00,7.586594762315083784e+00,0.000000000000000000e+00,0.000000000000000000e+00,0.000000000000000000e+00
1.688688688688689066e-08,0.000000000000000000e+00,0.000000000000000000e+00,3.644489366762934335e+00,0.000000000000000000e+00,0.000000000000000000e+00,0.000000000000000000e+00,0.000000000000000000e+00,0.000000000000000000e+00,7.596871904457227487e+00,0.000000000000000000e+00,0.000000000000000000e+00,0.000000000000000000e+00
1.690440440440440612e-08,0.000000000000000000e+00,0.000000000000000000e+00,3.649696131019854128e+00,0.000000000000000000e+00,0.000000000000000000e+00,0.000000000000000000e+00,0.000000000000000000e+00,0.000000000000000000e+00,7.607149046599368525e+00,0.000000000000000000e+00,0.000000000000000000e+00,0.000000000000000000e+00
1.692192192192192488e-08,0.000000000000000000e+00,0.000000000000000000e+00,3.654903014768968728e+00,0.000000000000000000e+00,0.000000000000000000e+00,0.000000000000000000e+00,0.000000000000000000e+00,0.000000000000000000e+00,7.617426188741510451e+00,0.000000000000000000e+00,0.000000000000000000e+00,0.000000000000000000e+00
1.693943943943944034e-08,0.000000000000000000e+00,0.000000000000000000e+00,3.660110017535464166e+00,0.000000000000000000e+00,0.000000000000000000e+00,0.000000000000000000e+00,0.000000000000000000e+00,0.000000000000000000e+00,7.627703330883651489e+00,0.000000000000000000e+00,0.000000000000000000e+00,0.000000000000000000e+00
1.695695695695695911e-08,0.000000000000000000e+00,0.000000000000000000e+00,3.665317138847028477e+00,0.000000000000000000e+00,0.000000000000000000e+00,0.000000000000000000e+00,0.000000000000000000e+00,0.000000000000000000e+00,7.637980473025794304e+00,0.000000000000000000e+00,0.000000000000000000e+00,0.000000000000000000e+00
1.697447447447447788e-08,0.000000000000000000e+00,0.000000000000000000e+00,3.670524378233833485e+00,0.000000000000000000e+00,0.000000000000000000e+00,0.000000000000000000e+00,0.000000000000000000e+00,0.000000000000000000e+00,7.648257615167937118e+00,0.000000000000000000e+00,0.000000000000000000e+00,0.000000000000000000e+00
1.699199199199199334e-08,0.000000000000000000e+00,0.000000000000000000e+00,3.675731735228520591e+00,0.000000000000000000e+00,0.000000000000000000e+00,0.000000000000000000e+00,0.000000000000000000e+00,0.000000000000000000e+00,7.658534757310079044e+00,0.000000000000000000e+00,0.000000000000000000e+00,0.000000000000000000e+00
1.700950950950951210e-08,0.000000000000000000e+00,0.000000000000000000e+00,3.680939209366185239e+00,0.000000000000000000e+00,0.000000000000000000e+00,0.000000000000000000e+00,0.000000000000000000e+00,0.000000000000000000e+00,7.668811899452221859e+00,0.000000000000000000e+00,0.000000000000000000e+00,0.000000000000000000e+00
1.702702702702703087e-08,0.000000000000000000e+00,0.000000000000000000e+00,3.686146800184357364e+00,0.000000000000000000e+00,0.000000000000000000e+00,0.000000000000000000e+00,0.000000000000000000e+00,0.000000000000000000e+00,7.679089041594363785e+00,0.000000000000000000e+00,0.000000000000000000e+00,0.000000000000000000e+00
1.704454454454454633e-08,0.000000000000000000e+00,0.000000000000000000e+00,3.691354507222989412e+00,0.000000000000000000e+00,0.000000000000000000e+00,0.000000000000000000e+00,0.000000000000000000e+00,0.000000000000000000e+00,7.689366183736504823e+00,0.000000000000000000e+00,0.000000000000000000e+00,0.000000000000000000e+00
1.706206206206206510e-08,0.000000000000000000e+00,0.000000000000000000e+00,3.696562330024439458e+00,0.000000000000000000e+00,0.000000000000000000e+00,0.000000000000000000e+00,0.000000000000000000e+00,0.000000000000000000e+00,7.699643325878647637e+00,0.000000000000000000e+00,0.000000000000000000e+00,0.000000000000000000e+00
1.707957957957958056e-08,0.000000000000000000e+00,0.000000000000000000e+00,3.701770268133453445e+00,0.000000000000000000e+00,0.000000000000000000e+00,0.000000000000000000e+00,0.000000000000000000e+00,0.000000000000000000e+00,7.709920468020789563e+00,0.000000000000000000e+00,0.000000000000000000e+00,0.000000000000000000e+00
1.709709709709709932e-08,0.000000000000000000e+00,0.000000000000000000e+00,3.706978321097152307e+00,0.000000000000000000e+00,0.000000000000000000e+00,0.000000000000000000e+00,0.000000000000000000e+00,0.000000000000000000e+00,7.720197610162932378e+00,0.000000000000000000e+00,0.000000000000000000e+00,0.000000000000000000e+00
1.711461461461461809e-08,0.000000000000000000e+00,0.000000000000000000e+00,3.712186488465015088e+00,0.000000000000000000e+00,0.000000000000000000e+00,0.000000000000000000e+00,0.000000000000000000e+00,0.000000000000000000e+00,7.730474752305074304e+00,0.000000000000000000e+00,0.000000000000000000e+00,0.000000000000000000e+00
1.713213213213213355e-08,0.000000000000000000e+00,0.000000000000000000e+00,3.717394769788863851e+00,0.000000000000000000e+00,0.000000000000000000e+00,0.000000000000000000e+00,0.000000000000000000e+00,0.000000000000000000e+00,7.740751894447215342e+00,0.000000000000000000e+00,0.000000000000000000e+00,0.000000000000000000e+00
1.714964964964965232e-08,0.000000000000000000e+00,0.000000000000000000e+00,3.722603164622851679e+00,0.000000000000000000e+00,0.000000000000000000e+00,0.000000000000000000e+00,0.000000000000000000e+00,0.000000000000000000e+00,7.751029036589358157e+00,0.000000000000000000e+00,0.000000000000000000e+00,0.000000000000000000e+00
1.716716716716717108e-08,0.000000000000000000e+00,0.000000000000000000e+00,3.727811672523440922e+00,0.000000000000000000e+00,0.000000000000000000e+00,0.000000000000000000e+00,0.000000000000000000e+00,0.000000000000000000e+00,7.761306178731500971e+00,0.000000000000000000e+00,0.000000000000000000e+00,0.000000000000000000e+00
1.718468468468468654e-08,0.000000000000000000e+00,0.000000000000000000e+00,3.733020293049393867e+00,0.000000000000000000e+00,0.000000000000000000e+00,0.000000000000000000e+00,0.000000000000000000e+00,0.000000000000000000e+00,7.771583320873642897e+00,0.000000000000000000e+00,0.000000000000000000e+00,0.000000000000000000e+00
1.720220220220220531e-08,0.000000000000000000e+00,0.000000000000000000e+00,3.738229025761756308e+00,0.000000000000000000e+00,0.000000000000000000e+00,0.000000000000000000e+00,0.000000000000000000e+00,0.000000000000000000e+00,7.781860463015785712e+00,0.000000000000000000e+00,0.000000000000000000e+00,0.000000000000000000e+00
1.721971971971972077e-08,0.000000000000000000e+00,0.000000000000000000e+00,3.743437870223842001e+00,0.000000000000000000e+00,0.000000000000000000e+00,0.000000000000000000e+00,0.000000000000000000e+00,0.000000000000000000e+00,7.792137605157925861e+00,0.000000000000000000e+00,0.000000000000000000e+00,0.000000000000000000e+00
1.723723723723723954e-08,0.000000000000000000e+00,0.000000000000000000e+00,3.748646826001222010e+00,0.000000000000000000e+00,0.000000000000000000e+00,0.000000000000000000e+00,0.000000000000000000e+00,0.000000000000000000e+00,7.802414747300068676e+00,0.000000000000000000e+00,0.000000000000000000e+00,0.000000000000000000e+00
1.725475475475475830e-08,0.000000000000000000e+00,0.000000000000000000e+00,3.753855892661702054e+00,0.000000000000000000e+00,0.000000000000000000e+00,0.000000000000000000e+00,0.000000000000000000e+00,0.000000000000000000e+00,7.812691889442211490e+00,0.000000000000000000e+00,0.000000000000000000e+00,0.000000000000000000e+00
1.727227227227227376e-08,0.000000000000000000e+00,0.000000000000000000e+00,3.759065069775316736e+00,0.000000000000000000e+00,0.000000000000000000e+00,0.000000000000000000e+00,0.000000000000000000e+00,0.000000000000000000e+00,7.822969031584353417e+00,0.000000000000000000e+00,0.000000000000000000e+00,0.000000000000000000e+00
1.728978978978979253e-08,0.000000000000000000e+00,0.000000000000000000e+00,3.764274356914310893e+00,0.000000000000000000e+00,0.000000000000000000e+00,0.000000000000000000e+00,0.000000000000000000e+00,0.000000000000000000e+00,7.833246173726495343e+00,0.000000000000000000e+00,0.000000000000000000e+00,0.000000000000000000e+00
1.730730730730731130e-08,0.000000000000000000e+00,0.000000000000000000e+00,3.769483753653126712e+00,0.000000000000000000e+00,0.000000000000000000e+00,0.000000000000000000e+00,0.000000000000000000e+00,0.000000000000000000e+00,7.843523315868639045e+00,0.000000000000000000e+00,0.000000000000000000e+00,0.000000000000000000e+00
1.732482482482482675e-08,0.000000000000000000e+00,0.000000000000000000e+00,3.774693259568386861e+00,0.000000000000000000e+00,0.000000000000000000e+00,0.000000000000000000e+00,0.000000000000000000e+00,0.000000000000000000e+00,7.853800458010779195e+00,0.000000000000000000e+00,0.000000000000000000e+00,0.000000000000000000e+00
1.734234234234234552e-08,0.000000000000000000e+00,0.000000000000000000e+00,3.779902874238886934e+00,0.000000000000000000e+00,0.000000000000000000e+00,0.000000000000000000e+00,0.000000000000000000e+00,0.000000000000000000e+00,7.864077600152921121e+00,0.000000000000000000e+00,0.000000000000000000e+00,0.000000000000000000e+00
1.735985985985986098e-08,0.000000000000000000e+00,0.000000000000000000e+00,3.785112597245575472e+00,0.000000000000000000e+00,0.000000000000000000e+00,0.000000000000000000e+00,0.000000000000000000e+00,0.000000000000000000e+00,7.874354742295063936e+00,0.000000000000000000e+00,0.000000000000000000e+00,0.000000000000000000e+00
1.737737737737737975e-08,0.000000000000000000e+00,0.000000000000000000e+00,3.790322428171542413e+00,0.000000000000000000e+00,0.000000000000000000e+00,0.000000000000000000e+00,0.000000000000000000e+00,0.000000000000000000e+00,7.884631884437205862e+00,0.000000000000000000e+00,0.000000000000000000e+00,0.000000000000000000e+00
1.739489489489489852e-08,0.000000000000000000e+00,0.000000000000000000e+00,3.795532366602007102e+00,0.000000000000000000e+00,0.000000000000000000e+00,0.000000000000000000e+00,0.000000000000000000e+00,0.000000000000000000e+00,7.894909026579349565e+00,0.000000000000000000e+00,0.000000000000000000e+00,0.000000000000000000e+00
1.741241241241241397e-08,0.000000000000000000e+00,0.000000000000000000e+00,3.800742412124298752e+00,0.000000000000000000e+00,0.000000000000000000e+00,0.000000000000000000e+00,0.000000000000000000e+00,0.000000000000000000e+00,7.905186168721489715e+00,0.000000000000000000e+00,0.000000000000000000e+00,0.000000000000000000e+00
1.742992992992993274e-08,0.000000000000000000e+00,0.000000000000000000e+00,3.805952564327854670e+00,0.000000000000000000e+00,0.000000000000000000e+00,0.000000000000000000e+00,0.000000000000000000e+00,0.000000000000000000e+00,7.915463310863631641e+00,0.000000000000000000e+00,0.000000000000000000e+00,0.000000000000000000e+00
1.744744744744745151e-08,0.000000000000000000e+00,0.000000000000000000e+00,3.811162822804195827e+00,0.000000000000000000e+00,0.000000000000000000e+00,0.000000000000000000e+00,0.000000000000000000e+00,0.000000000000000000e+00,7.925740453005775343e+00,0.000000000000000000e+00,0.000000000000000000e+00,0.000000000000000000e+00
1.746496496496496697e-08,0.000000000000000000e+00,0.000000000000000000e+00,3.816373187146915313e+00,0.000000000000000000e+00,0.000000000000000000e+00,0.000000000000000000e+00,0.000000000000000000e+00,0.000000000000000000e+00,7.936017595147916381e+00,0.000000000000000000e+00,0.000000000000000000e+00,0.000000000000000000e+00
1.748248248248248573e-08,0.000000000000000000e+00,0.000000000000000000e+00,3.821583656951673014e+00,0.000000000000000000e+00,0.000000000000000000e+00,0.000000000000000000e+00,0.000000000000000000e+00,0.000000000000000000e+00,7.946294737290060084e+00,0.000000000000000000e+00,0.000000000000000000e+00,0.000000000000000000e+00
1.750000000000000119e-08,0.000000000000000000e+00,0.000000000000000000e+00,3.826794231816170289e+00,0.000000000000000000e+00,0.000000000000000000e+00,0.000000000000000000e+00,0.000000000000000000e+00,0.000000000000000000e+00,7.956571879432200234e+00,0.000000000000000000e+00,0.000000000000000000e+00,0.000000000000000000e+00
