time_s,mean_x_m,mean_y_m,mean_z_m,rms_x_m,rms_y_m,rms_z_m,mean_px_beta_gamma,mean_py_beta_gamma,mean_pz_beta_gamma,rms_px_beta_gamma,rms_py_beta_gamma,rms_pz_beta_gamma
0.000000000000000000e+00,1.119079758458588146e-06,1.058804203905868395e-05,1.423984678961471068e-06,9.976120114356362267e-04,9.949013330296692381e-04,1.002062657438317289e-03,1.612109989313921806e-09,-4.577015676965029425e-09,2.076013450820437811e-01,6.841876539360571977e-06,6.851774115271454155e-06,7.112678809390364658e-06
0.000000000000000000e+00,1.119086862755226854e-06,1.058802186894430051e-05,8.968966905248169051e-04,9.976265534170861843e-04,9.949159019961150308e-04,1.002077436503363709e-03,1.612109989313921806e-09,-4.577015676965029425e-09,2.076013450820437811e-01,6.841876539360571977e-06,6.851774115271454155e-06,7.112678809390364658e-06
1.499999999999999990e-11,1.119093954794651047e-06,1.058800173407577794e-05,1.829515388002402650e-03,9.976712542861562553e-04,9.949606442557503393e-04,1.002121537777944920e-03,1.612126942685789597e-09,-4.577020728362615545e-09,2.164015151098549750e-01,1.365209820211231080e-05,1.366564858910043528e-05,1.407394852305826823e-05
2.999999999999999980e-11,1.119101034181381466e-06,1.058798163572800753e-05,2.799081657268779038e-03,9.977459503116385946e-04,9.950353959984779492e-04,1.002194636096932160e-03,1.612147707560493615e-09,-4.577027346830446393e-09,2.252016851563305999e-01,2.049509949062257105e-05,2.051252234748542142e-05,2.107667500031781618e-05
4.499999999999999970e-11,1.119108100531166060e-06,1.058796157515178931e-05,3.805390713018011895e-03,9.978504708398146152e-04,9.951399864885012662e-04,1.002296389797284470e-03,1.612172233036591438e-09,-4.577035511430728605e-09,2.340018552213546377e-01,2.733294976589004154e-05,2.735428574135046140e-05,2.808537231582394972e-05
5.999999999999999960e-11,1.119115153470936156e-06,1.058794155357353210e-05,4.848231606652279348e-03,9.979846384966135908e-04,9.952742382665390793e-04,1.002426441423817909e-03,1.612200465330331454e-09,-4.577045199845929907e-09,2.428020253048043531e-01,3.416054039790405609e-05,3.418579979316082289e-05,3.509502771303002678e-05
7.499999999999999950e-11,1.119122192638726835e-06,1.058792157219451666e-05,5.927387431804868878e-03,9.981482693941386413e-04,9.954379673564536790e-04,1.002584418450309066e-03,1.612232347905086981e-09,-4.577056388446288622e-09,2.516021954065514876e-01,4.097613459876838518e-05,4.100531796054327524e-05,4.210385988272430987e-05
8.999999999999999940e-11,1.119129217683745544e-06,1.058790163219107187e-05,7.042635532786903352e-03,9.983411733410166994e-04,9.956309834757031720e-04,1.002769934013787462e-03,1.612267821606049808e-09,-4.577069052348351595e-09,2.604023655264608439e-01,4.777884020498432470e-05,4.781194380582457724e-05,4.911090240996741912e-05
1.049999999999999993e-10,1.119136228266325929e-06,1.058788173471348201e-05,8.193747715532335996e-03,9.985631540562077326e-04,9.958530902492675804e-04,1.002982587659503660e-03,1.612306824812543305e-09,-4.577083165471987617e-09,2.692025356643887868e-01,5.456806724440856505e-05,5.460508507929534409e-05,5.611547998811879790e-05
1.199999999999999992e-10,1.119143224057656153e-06,1.058786188088651197e-05,9.380490460619245879e-03,9.988140093857610438e-04,9.961040854264884090e-04,1.003221966094392306e-03,1.612349293555396871e-09,-4.577098700674076350e-09,2.780027058201855472e-01,6.134335983490948061e-05,6.138428449650534064e-05,6.311704537311558269e-05
1.349999999999999991e-10,1.119150204740057356e-06,1.058784207180832134e-05,1.060262513795448731e-02,9.990935315220223021e-04,9.963837611004070817e-04,1.003487643946742456e-03,1.612395161638470551e-09,-4.577115629888243952e-09,2.868028759936961380e-01,6.810433169691023779e-05,6.814915483752415082e-05,7.011511655985125054e-05
1.499999999999999990e-10,1.119157170006590633e-06,1.058782230855087773e-05,1.185990822271170211e-02,9.994015072248424447e-04,9.966919039291596751e-04,1.003779184529824797e-03,1.612444360896010571e-09,-4.577133924051291979e-09,2.956030461847556357e-01,7.485063766823191449e-05,7.489935024484735502e-05,7.710924917782862209e-05
1.649999999999999989e-10,1.119164119561044750e-06,1.058780259215895056e-05,1.315209151212645526e-02,9.997377180445239046e-04,9.970282953589465653e-04,1.004096140607475644e-03,1.612496821260113983e-09,-4.577153553189672500e-09,3.044032163931985613e-01,8.158195974496163536e-05,8.163455214473542133e-05,8.409902317763858273e-05
1.799999999999999988e-10,1.119171053117907771e-06,1.058778292365097836e-05,1.447892234275604227e-02,1.000101940545802251e-03,9.973927118481498103e-04,1.004438055159472985e-03,1.612552470853195671e-09,-4.577174486602013769e-09,3.132033866188547733e-01,8.829799962681578326e-05,8.835446177580884948e-05,9.108403558721282073e-05
1.949999999999999987e-10,1.119177970402083087e-06,1.058776330401833187e-05,1.584014380782650111e-02,1.000493946532567255e-03,9.977849250921994994e-04,1.004804462144728069e-03,1.612611235914170336e-09,-4.577196693024739985e-09,3.220035568615446375e-01,9.499847452326543582e-05,9.505879596756266429e-05,9.806389632840910417e-05
2.099999999999999986e-10,1.119184871148859351e-06,1.058774373422506164e-05,1.723549497429804206e-02,1.000913503272962126e-03,9.982047022487313195e-04,1.005194887260155157e-03,1.612673041072877731e-09,-4.577220140737259713e-09,3.308037271210825803e-01,1.016831146760794594e-04,1.017472846130225623e-04,1.050382259934412252e-04
2.249999999999999985e-10,1.119191755103787230e-06,1.058772421520804541e-05,1.866471109929443428e-02,1.001360373724281523e-03,9.986518061626294129e-04,1.005608848693743604e-03,1.612737810022383012e-09,-4.577244797172742663e-09,3.396038973972804742e-01,1.083516618036010090e-04,1.084196690953206867e-04,1.120066545267140893e-04
2.399999999999999984e-10,1.119198622022442026e-06,1.058770474787722526e-05,2.012752384555178270e-02,1.001834316757502664e-03,9.991259955906238444e-04,1.006045857869926471e-03,1.612805465826394686e-09,-4.577270628874191437e-09,3.484040676899437528e-01,1.150038681091431066e-04,1.150757012915499291e-04,1.189688203355392608e-04
2.549999999999999983e-10,1.119205471670228223e-06,1.058768533311512991e-05,2.162366149556037981e-02,1.002335087381009578e-03,9.996270254250738327e-04,1.006505420185450656e-03,1.612875930605096042e-09,-4.577297602048747668e-09,3.572042379988773497e-01,1.216394955798354209e-04,1.217151428919973028e-04,1.259243697109317867e-04
2.699999999999999982e-10,1.119212303822397911e-06,1.058766597177716098e-05,2.315284916408210519e-02,1.002862436963028459e-03,1.000154646916447121e-03,1.006987035734316751e-03,1.612949125204319017e-09,-4.577325682673208829e-09,3.660044083238827572e-01,1.282583154909684915e-04,1.283377649185065068e-04,1.328729563037079860e-04
2.849999999999999981e-10,1.119219118263731877e-06,1.058764666469154898e-05,2.471480900874407222e-02,1.003416113452442133e-03,1.000708607894383378e-03,1.007490200020332754e-03,1.613024969486302529e-09,-4.577354836452606340e-09,3.748045786647538069e-01,1.348601080873679877e-04,1.349433473805458769e-04,1.398142412245923980e-04
2.999999999999999980e-10,1.119225914788316198e-06,1.058762741265955489e-05,2.630926043842510623e-02,1.003995861597834676e-03,1.001288652986796063e-03,1.008014404656137593e-03,1.613103382640960743e-09,-4.577385028769578804e-09,3.836047490212781130e-01,1.414446623320282084e-04,1.415316789862692789e-04,1.467478929020354819e-04
3.149999999999999979e-10,1.119232693199520436e-06,1.058760821645558706e-05,2.793592031916122820e-02,1.004601423164379771e-03,1.001894523836744082e-03,1.008559138046918099e-03,1.613184283385161638e-09,-4.577416224713650891e-09,3.924049193932467872e-01,1.480117756768884190e-04,1.481025569362809467e-04,1.536735869176516632e-04
3.299999999999999978e-10,1.119239453309535786e-06,1.058758907682666079e-05,2.959450317732048932e-02,1.005232537148123724e-03,1.002525959316851421e-03,1.009123886058107102e-03,1.613267590062793111e-09,-4.577448389634834719e-09,4.012050897804487204e-01,1.545612538621429224e-04,1.546557867724936066e-04,1.605910061954429161e-04
3.449999999999999977e-10,1.119246194939565663e-06,1.058756999449405173e-05,3.128472139980603695e-02,1.005888939987513312e-03,1.003182695741020600e-03,1.009708132665875033e-03,1.613353221609460506e-09,-4.577481488364567165e-09,4.100052601826619791e-01,1.610929107648854334e-04,1.611911821816284075e-04,1.674998408376992892e-04
3.599999999999999976e-10,1.119252917919317482e-06,1.058755097015172042e-05,3.300628543106400720e-02,1.006570365771984133e-03,1.003864467072906538e-03,1.010311360589365940e-03,1.613441096742984302e-09,-4.577515484588577916e-09,4.188054305996640747e-01,1.676065682561012125e-04,1.677085648336376536e-04,1.743997881183526109e-04
3.749999999999999975e-10,1.119259622086916470e-06,1.058753200446801991e-05,3.475890396669121390e-02,1.007276546447109442e-03,1.004571005131303912e-03,1.010933051903991405e-03,1.613531134346515632e-09,-4.577550342014979342e-09,4.276056010312349609e-01,1.741020560802966372e-04,1.742077643039104519e-04,1.812905525019076083e-04
3.899999999999999974e-10,1.119266307288733296e-06,1.058751309808510112e-05,3.654228414345176562e-02,1.008007212016384267e-03,1.005302039792057038e-03,1.011572688634959031e-03,1.613623253842885972e-09,-4.577586025168766852e-09,4.364057714771515384e-01,1.805792117266368131e-04,1.806886179629717845e-04,1.881718455165193456e-04
4.049999999999999973e-10,1.119272973379143727e-06,1.058749425161884679e-05,3.835613172552704980e-02,1.008762090739048940e-03,1.006057299186250949e-03,1.012229753330504871e-03,1.613717374108224313e-09,-4.577622498935397178e-09,4.452059419371872662e-01,1.870378803404213613e-04,1.871509708082705467e-04,1.950433857470328363e-04
4.199999999999999972e-10,1.119279620220241271e-06,1.058747546566045372e-05,4.020015128683427502e-02,1.009540909324468331e-03,1.006836509894402628e-03,1.012903729613895236e-03,1.613813414458117130e-09,-4.577659727894658175e-09,4.540061124111156587e-01,1.934779146521792227e-04,1.935946753967893348e-04,2.019048988693917439e-04
4.349999999999999971e-10,1.119286247681899008e-06,1.058745674077506230e-05,4.207404638928002177e-02,1.010343393122356201e-03,1.007639397136767543e-03,1.013594102714255978e-03,1.613911295059684123e-09,-4.577697677132781507e-09,4.628062828987055122e-01,1.998991748002413844e-04,2.000195917267032642e-04,2.087561179132504713e-04
4.499999999999999970e-10,1.119292855641238503e-06,1.058743807750324896e-05,4.397751975680868480e-02,1.011169266308526360e-03,1.008465684959323474e-03,1.014300359975720336e-03,1.614010935832322182e-09,-4.577736312801496804e-09,4.716064533997238462e-01,2.063015281530010316e-04,2.064255870376568644e-04,2.155967830689671733e-04
4.649999999999999969e-10,1.119299443982666442e-06,1.058741947636110071e-05,4.591027344513415320e-02,1.012018252066377915e-03,1.009315096415232347e-03,1.015021991344341101e-03,1.614112255999251279e-09,-4.577775601244530588e-09,4.804066239139408445e-01,2.126848492460797757e-04,2.128125357237947203e-04,2.224266413739144424e-04
4.799999999999999968e-10,1.119306012597513156e-06,1.058740093783973741e-05,4.787200900705589068e-02,1.012890072764009025e-03,1.010187353741944004e-03,1.015758489832874418e-03,1.614215175421428202e-09,-4.577815508335106566e-09,4.892067944411239711e-01,2.190490196913103460e-04,2.191803192530034268e-04,2.292454471406837370e-04
4.950000000000000484e-10,1.119312561384108432e-06,1.058738246240713292e-05,4.986242765327700277e-02,1.013784450126691992e-03,1.011082178533708820e-03,1.016509351963237277e-03,1.614319614773614838e-09,-4.577856000287047509e-09,4.980069649810409671e-01,2.253939280187857070e-04,2.255288260218172029e-04,2.360529619478281651e-04
5.100000000000001000e-10,1.119319090247018129e-06,1.058736405050726123e-05,5.188123040863501512e-02,1.014701105404530171e-03,1.011999291909339337e-03,1.017274078186536108e-03,1.614425496120829801e-09,-4.577897044121296013e-09,5.068071355334632377e-01,2.317194695709195779e-04,2.318579512021849427e-04,2.428489543563320152e-04
5.250000000000001516e-10,1.119325599097713749e-06,1.058734570256075384e-05,5.392811826370816353e-02,1.015639759535509178e-03,1.012938414675252589e-03,1.018052173280864893e-03,1.614532744141194549e-09,-4.577938606335769203e-09,5.156073060981525291e-01,2.380255463116852605e-04,2.381675965674544379e-04,2.496331995743726259e-04
5.400000000000002032e-10,1.119332087853495443e-06,1.058732741896593645e-05,5.600279232172773736e-02,1.016600133303407908e-03,1.013899267483405397e-03,1.018843146726410281e-03,1.614641285251987706e-09,-4.577980654265884720e-09,5.244074766748728633e-01,2.443120666826474694e-04,2.444576704130145529e-04,2.564054792216309878e-04
5.550000000000002548e-10,1.119338556437980110e-06,1.058730920009812090e-05,5.810495394077991316e-02,1.017581947491010387e-03,1.014881570984718737e-03,1.019646513058536765e-03,1.614751045728586716e-09,-4.578023157205954591e-09,5.332076472633929809e-01,2.505789455380784425e-04,2.507280874684527576e-04,2.631655816906240458e-04
5.700000000000003064e-10,1.119345004780373370e-06,1.058729104631070796e-05,6.023430487125881055e-02,1.018584923028465188e-03,1.015885045977396161e-03,1.020461792199412040e-03,1.614861952221838916e-09,-4.578066084800859084e-09,5.420078178634847310e-01,2.568261039799409062e-04,2.569787687414720008e-04,2.699133024750094379e-04
5.850000000000003580e-10,1.119351432815804359e-06,1.058727295793557192e-05,6.239054738856181920e-02,1.019608781136331806e-03,1.016909413550302161e-03,1.021288509767927059e-03,1.614973932196602507e-09,-4.578109406386809408e-09,5.508079884749100819e-01,2.630534692588939127e-04,2.632096414052363578e-04,2.766484439095765759e-04
6.000000000000004096e-10,1.119357840484733648e-06,1.058725493528299450e-05,6.457338442103660592e-02,1.020653243464129121e-03,1.017954395221364701e-03,1.022126197368195075e-03,1.615086914337452795e-09,-4.578153091542709076e-09,5.596081590974361086e-01,2.692609746159758759e-04,2.694206386172853882e-04,2.833708148135983401e-04
6.150000000000004612e-10,1.119364227732960658e-06,1.058723697864268808e-05,6.678251967316366222e-02,1.021718032223509253e-03,1.019019713070861387e-03,1.022974392857151603e-03,1.615200830845777433e-09,-4.578197111199735646e-09,5.684083297308374361e-01,2.754485590855781495e-04,2.756116993310715009e-04,2.900802310350519440e-04
6.300000000000005128e-10,1.119370594511536625e-06,1.058721908828379059e-05,6.901765774401423525e-02,1.022802870316555975e-03,1.020105089869735669e-03,1.023832640592127648e-03,1.615315617067389017e-09,-4.578241437601983454e-09,5.772085003748784748e-01,2.816161673786535214e-04,2.817827682339067805e-04,2.967765150842147613e-04
6.450000000000005644e-10,1.119376940776522351e-06,1.058720126445537208e-05,7.127850424099560489e-02,1.023907481459193159e-03,1.021210249203180053e-03,1.024700491657729202e-03,1.615431208672740821e-09,-4.578286041516906199e-09,5.860086710293332946e-01,2.877637497712706932e-04,2.879337956515942883e-04,3.034594953923032521e-04
6.600000000000006160e-10,1.119383266488934202e-06,1.058718350738701913e-05,7.356476588892239821e-02,1.025031590299607187e-03,1.022334915589109914e-03,1.025577504073372408e-03,1.615547541496950896e-09,-4.578330892500457269e-09,5.948088416939769640e-01,2.938912620058131589e-04,2.940647373166187521e-04,3.101290068293927624e-04
6.750000000000006676e-10,1.119389571614360407e-06,1.058716581728884673e-05,7.587615063445792007e-02,1.026174922531894983e-03,1.023478814591702877e-03,1.026463242981862740e-03,1.615664553528996909e-09,-4.578375962240735766e-09,6.036090123685768916e-01,2.999986651567114449e-04,3.001755542527683742e-04,3.167848908450225545e-04
6.900000000000007192e-10,1.119395856122869574e-06,1.058714819435268583e-05,7.821236774596428132e-02,1.027337205004704313e-03,1.024641672930297820e-03,1.027357280819482478e-03,1.615782184561742435e-09,-4.578421222969372898e-09,6.124091830529088121e-01,3.060859254343108833e-04,3.062662126860977085e-04,3.234269952171741095e-04
7.050000000000007708e-10,1.119402119989070409e-06,1.058713063875178176e-05,8.057312790883246201e-02,1.028518165825088437e-03,1.025823218583326712e-03,1.028259197468238710e-03,1.615900375086611692e-09,-4.578466647212211474e-09,6.212093537467521243e-01,3.121530140522349797e-04,3.123366838148858727e-04,3.300551736588607800e-04
7.200000000000008224e-10,1.119408363191552882e-06,1.058711315064128386e-05,8.295814331633802330e-02,1.029717534457802106e-03,1.027023180887369925e-03,1.029168580390295729e-03,1.616019065294536517e-09,-4.578512209562965599e-09,6.300095244498876701e-01,3.181999071267847877e-04,3.183869436863339753e-04,3.366692852733714383e-04
7.350000000000008740e-10,1.119414585712887597e-06,1.058709573015916533e-05,8.536712775610247328e-02,1.030935041819767885e-03,1.028241290631717745e-03,1.030085024745721776e-03,1.616138195998395303e-09,-4.578557885960499736e-09,6.388096951620915176e-01,3.242265855524149821e-04,3.244169731137920261e-04,3.432691948458082665e-04
7.500000000000009256e-10,1.119420787539670046e-06,1.058707837742641296e-05,8.779979669222057193e-02,1.032170420369912496e-03,1.029477280148386256e-03,1.031008133494392114e-03,1.616257711903931019e-09,-4.578603653465910976e-09,6.476098658831429544e-01,3.302330348267397799e-04,3.304267575413727138e-04,3.498547730623763493e-04
7.650000000000009772e-10,1.119426968662016836e-06,1.058706109254712371e-05,9.025586734314676451e-02,1.033423404194393344e-03,1.030730883397396134e-03,1.031937517482120438e-03,1.616377559017497454e-09,-4.578649489404736953e-09,6.564100366128281516e-01,3.362192449124975233e-04,3.364162869133640785e-04,3.564258962900592647e-04
7.800000000000010288e-10,1.119433129073829967e-06,1.058704387560938731e-05,9.273505875539851673e-02,1.034693729087609671e-03,1.032001836047734787e-03,1.032872795512017805e-03,1.616497682512821007e-09,-4.578695372339482843e-09,6.652102073509308378e-01,3.421852101713219194e-04,3.423855555087972286e-04,3.629824468367582159e-04
7.950000000000010804e-10,1.119439268772443400e-06,1.058702672668486107e-05,9.523709187318801783e-02,1.035981132628798406e-03,1.033289875553875881e-03,1.033813594401694711e-03,1.616618030475593552e-09,-4.578741281656537294e-09,6.740103780972448444e-01,3.481309291600356848e-04,3.483345618293875404e-04,3.695243128999695331e-04
8.100000000000011320e-10,1.119445387758470813e-06,1.058700964583032328e-05,9.776168960404996167e-02,1.037285354254188687e-03,1.034594741228119473e-03,1.034759549026604891e-03,1.616738553668289276e-09,-4.578787196566363353e-09,6.828105488515571198e-01,3.540564045117280956e-04,3.542633084881501243e-04,3.760513882165991890e-04
8.250000000000011836e-10,1.119451486035799661e-06,1.058699263308709562e-05,1.003085768805663247e-01,1.038606135325104282e-03,1.035916174308737807e-03,1.035710302350260513e-03,1.616859202725873301e-09,-4.578833097033694499e-09,6.916107196136573876e-01,3.599616427928324213e-04,3.601718020276008041e-04,3.825635713501592309e-04
8.400000000000012352e-10,1.119457563611356135e-06,1.058697568848224416e-05,1.028774807182738366e-01,1.039943219191759131e-03,1.037253918023832433e-03,1.036665505441865427e-03,1.616979929424625400e-09,-4.578878963184043306e-09,7.004108903833465849e-01,3.658466543972788447e-04,3.660600528418198160e-04,3.890607656184700354e-04
8.550000000000012868e-10,1.119463620495178210e-06,1.058695881202880983e-05,1.054681302698661227e-01,1.041296351253550917e-03,1.038607717651579207e-03,1.037624817482277412e-03,1.617100686438929252e-09,-4.578924775652600438e-09,7.092110611604155457e-01,3.717114534597041318e-04,3.719280750701392806e-04,3.955428797624267832e-04
8.700000000000013384e-10,1.119469656700046130e-06,1.058694200372569995e-05,1.080802568757593951e-01,1.042665279015150088e-03,1.039977320576280237e-03,1.038587905758976389e-03,1.617221427666686328e-09,-4.578970515786987366e-09,7.180112319446612101e-01,3.775560576515325025e-04,3.777758864239664084e-04,4.020098275710937315e-04
8.850000000000013900e-10,1.119475672241725931e-06,1.058692526355870809e-05,1.107135941111536542e-01,1.044049752138678832e-03,1.041362476340864209e-03,1.039554445650163299e-03,1.617342109735407474e-09,-4.579016166238533344e-09,7.268114027358948404e-01,3.833804880919877852e-04,3.836035080661765796e-04,4.084615274953757127e-04
9.000000000000014416e-10,1.119481667138494256e-06,1.058690859150094773e-05,1.133678778296695194e-01,1.045449522492585166e-03,1.042762936695499189e-03,1.040524120599036536e-03,1.617462690589325970e-09,-4.579061712020997112e-09,7.356115735339113781e-01,3.891847692442731987e-04,3.894109644834334674e-04,4.148979028438207098e-04
9.150000000000014932e-10,1.119487641411389920e-06,1.058689198751270996e-05,1.160428462036543901e-01,1.046864344196660104e-03,1.044178455642705847e-03,1.041496622078609807e-03,1.617583129369642048e-09,-4.579107139626758321e-09,7.444117443385213084e-01,3.949689287915601993e-04,3.951982833469806777e-04,4.213188813163301432e-04
9.300000000000015448e-10,1.119493595083804797e-06,1.058687545154171252e-05,1.187382397612784107e-01,1.048293973663771408e-03,1.045608789478878276e-03,1.042471649547433961e-03,1.617703387039745490e-09,-4.579152433664173665e-09,7.532119151495401121e-01,4.007329975172760806e-04,4.009654954198278091e-04,4.277243949643523883e-04
9.450000000000015964e-10,1.119499528181738563e-06,1.058685898352464648e-05,1.214538014205094191e-01,1.049738169637977640e-03,1.047053696832782928e-03,1.043448910397349076e-03,1.617823425949082384e-09,-4.579197579015724182e-09,7.620120859667752766e-01,4.064770091866099465e-04,4.067126345315790728e-04,4.341143805075949264e-04
9.600000000000016480e-10,1.119505440733496730e-06,1.058684258338619028e-05,1.241892765200777460e-01,1.051196693229692085e-03,1.048512938700788032e-03,1.044428119893445455e-03,1.617943208830253423e-09,-4.579242562111524333e-09,7.708122567900350663e-01,4.122010005152824301e-04,4.124397374875421853e-04,4.404887790041197302e-04
9.750000000000016996e-10,1.119511332769409218e-06,1.058682625103972463e-05,1.269444128475076539e-01,1.052669307947716590e-03,1.049986278478881379e-03,1.045409001106814475e-03,1.618062700216086177e-09,-4.579287368901359682e-09,7.796124276191449542e-01,4.179050110627827337e-04,4.181468438347988475e-04,4.468475355527175698e-04
9.900000000000017512e-10,1.119517204322081926e-06,1.058680998638842350e-05,1.297189606643525395e-01,1.054155779728092402e-03,1.051473481991262475e-03,1.046391284840443581e-03,1.618181864987060439e-09,-4.579331987727181596e-09,7.884125984539270826e-01,4.235890830710932844e-04,4.238339957356501079e-04,4.531905992238246020e-04
1.005000000000001803e-09,1.119523055425857381e-06,1.058679378932513892e-05,1.325126727286982664e-01,1.055655876960143787e-03,1.052974317516316548e-03,1.047374709548912035e-03,1.618300668033818745e-09,-4.579376407811658010e-09,7.972127692941960442e-01,4.292532613380352965e-04,4.295012378855259951e-04,4.595179233657329396e-04
1.020000000000001854e-09,1.119528886117179175e-06,1.058677765973228240e-05,1.353253043150585144e-01,1.057169370509525568e-03,1.054488555809560829e-03,1.048359021252564388e-03,1.618419076257148470e-09,-4.579420617833428442e-09,8.060129401397840843e-01,4.348975930766389134e-04,4.351486174405371225e-04,4.658294652626989883e-04
1.035000000000001906e-09,1.119534696434395455e-06,1.058676159748273121e-05,1.381566132317520734e-01,1.058696033738572295e-03,1.056015970124225302e-03,1.049343973446177289e-03,1.618537057548229644e-09,-4.579464606903546038e-09,8.148131109905167868e-01,4.405221277544042182e-04,4.407761839540909289e-04,4.721251859071267667e-04
1.050000000000001958e-09,1.119540486417670405e-06,1.058674560244034854e-05,1.410063598358425041e-01,1.060235642523828931e-03,1.057556336228992208e-03,1.050329327003056380e-03,1.618654582508859189e-09,-4.579508364726512267e-09,8.236132818462195138e-01,4.461269170291190674e-04,4.463839892600569132e-04,4.784050499496367639e-04
1.065000000000002009e-09,1.119546256108885570e-06,1.058672967445980556e-05,1.438743070457787487e-01,1.061787975271241604e-03,1.059109432423315606e-03,1.051314850074543334e-03,1.618771623247836957e-09,-4.579551881999133485e-09,8.324134527067306166e-01,4.517120147749795265e-04,4.519720873564416082e-04,4.846690255033511306e-04
1.080000000000002061e-09,1.119552005551618253e-06,1.058671381338728954e-05,1.467602203517542336e-01,1.063352812929158064e-03,1.060675039550175490e-03,1.052300317985651419e-03,1.618888152616626232e-09,-4.579595150015021900e-09,8.412136235718893351e-01,4.572774769790269333e-04,4.575405342186809974e-04,4.909170842681855312e-04
1.095000000000002112e-09,1.119557734790913878e-06,1.058669801906032941e-05,1.496638678239876896e-01,1.064929938998883255e-03,1.062252941006409804e-03,1.053285513127061616e-03,1.619004145909206376e-09,-4.579638161650671782e-09,8.500137944415296909e-01,4.628233616388538561e-04,4.630893878183429480e-04,4.971492014559172759e-04
1.110000000000002164e-09,1.119563443873383186e-06,1.058668229130856990e-05,1.525850201188954369e-01,1.066519139543023551e-03,1.063842922751255136e-03,1.054270224844038517e-03,1.619119581079978463e-09,-4.579680910052915746e-09,8.588139653154971409e-01,4.683497286713025616e-04,4.686187081243139789e-04,5.033653554720430526e-04
1.125000000000002216e-09,1.119569132847261527e-06,1.058666662995410191e-05,1.555234504833283571e-01,1.068120203191706826e-03,1.065444773312689301e-03,1.055254249322389168e-03,1.619234437486789067e-09,-4.579723388237569268e-09,8.676141361936379193e-01,4.738566397923858840e-04,4.741285569341587686e-04,5.095655277641897903e-04
1.140000000000002267e-09,1.119574801762125952e-06,1.058665103481125241e-05,1.584789347569407203e-01,1.069732921146702423e-03,1.067058283791501002e-03,1.056237389471902663e-03,1.619348693872468736e-09,-4.579765590593676000e-09,8.764143070757930420e-01,4.793441584963216277e-04,4.796189977598770129e-04,5.157497029302352031e-04
1.155000000000002319e-09,1.119580450668981184e-06,1.058663550568741630e-05,1.614512513727485721e-01,1.071357087183814200e-03,1.068683247863520249e-03,1.057219454807746886e-03,1.619462331253504070e-09,-4.579807512087894856e-09,8.852144779618162929e-01,4.848123499718922790e-04,4.850900957200846692e-04,5.219178683718908845e-04
1.170000000000002370e-09,1.119586079620114144e-06,1.058662004238305970e-05,1.644401813559888681e-01,1.072992497653189100e-03,1.070319461779738928e-03,1.058200261329825210e-03,1.619575333200633710e-09,-4.579849146439010828e-09,8.940146488515672285e-01,4.902612809966067076e-04,4.905419174560675432e-04,5.280700142575298940e-04
1.185000000000002422e-09,1.119591688669311423e-06,1.058660464469254844e-05,1.674455083213651219e-01,1.074638951478092868e-03,1.071966724364860997e-03,1.059179631400882686e-03,1.619687683304774340e-09,-4.579890486887633169e-09,9.028148197448925272e-01,4.956910197753333159e-04,4.959745311348458946e-04,5.342061337560489488e-04
1.200000000000002474e-09,1.119597277871408877e-06,1.058658931240334500e-05,1.704670184687204215e-01,1.076296250151458382e-03,1.073624837014534308e-03,1.060157393623165252e-03,1.619799365843256965e-09,-4.579931528416901537e-09,9.116149906416439741e-01,5.011016359129029547e-04,5.013880064127830289e-04,5.403262229297752699e-04
1.215000000000002525e-09,1.119602847282519896e-06,1.058657404529729096e-05,1.735045005772662963e-01,1.077964197731523478e-03,1.075293603690742096e-03,1.061133382714197918e-03,1.619910364669006279e-09,-4.579972267043825478e-09,9.204151615416920063e-01,5.064932003758486215e-04,5.067824142941756808e-04,5.464302803597058129e-04
1.230000000000002577e-09,1.119608396959771348e-06,1.058655884315013436e-05,1.765577459983976305e-01,1.079642600835525011e-03,1.076972830915574018e-03,1.062107439381570258e-03,1.620020664583497315e-09,-4.580012698959755259e-09,9.292153324448960694e-01,5.118657853411017400e-04,5.121578270097236789e-04,5.525183070992514085e-04
1.245000000000002628e-09,1.119613926961495427e-06,1.058654370573255965e-05,1.796265486471961270e-01,1.081331268631957653e-03,1.078662327763515527e-03,1.063079410197436759e-03,1.620130252861903208e-09,-4.580052819980634325e-09,9.380155033511219376e-01,5.172194641751374231e-04,5.175143179849780355e-04,5.585903066273362368e-04
1.260000000000002680e-09,1.119619437346998203e-06,1.058652863280940000e-05,1.827107049926818272e-01,1.083030012831649389e-03,1.080361905852541800e-03,1.064049147472501729e-03,1.620239117636806811e-09,-4.580092625958591963e-09,9.468156742602480413e-01,5.225543113264094746e-04,5.228519617376704712e-04,5.646462844521714809e-04
1.275000000000002732e-09,1.119624928176660208e-06,1.058651362414090442e-05,1.858100140468696981e-01,1.084738647677272513e-03,1.082071379333503615e-03,1.065016509130112645e-03,1.620347245791818356e-09,-4.580132113381391170e-09,9.556158451721341596e-01,5.278704023472430328e-04,5.281708338845149397e-04,5.706862482920682655e-04
1.290000000000002783e-09,1.119630399511602493e-06,1.058649867948259042e-05,1.889242773527155250e-01,1.086456989932131677e-03,1.083790564878973515e-03,1.065981358580411374e-03,1.620454624656507408e-09,-4.580171278915897739e-09,9.644160160866543929e-01,5.331678138968283780e-04,5.334710111730949899e-04,5.767102080824701178e-04
1.305000000000002835e-09,1.119635851413896055e-06,1.058648379858537947e-05,1.920532989710274641e-01,1.088184858867545729e-03,1.085519281670827138e-03,1.066943564594756465e-03,1.620561244490155545e-09,-4.580210119042139702e-09,9.732161870036857287e-01,5.384466235648286119e-04,5.387525713188432352e-04,5.827181759693664384e-04
1.320000000000002886e-09,1.119641283946556335e-06,1.058646898119557505e-05,1.951968854663510555e-01,1.089922076249028038e-03,1.087257351386353502e-03,1.067903001180707913e-03,1.620667096424744503e-09,-4.580248631657223762e-09,9.820163579231074857e-01,5.437069097723824579e-04,5.440155928550145532e-04,5.887101665223422407e-04
1.335000000000002938e-09,1.119646697173527332e-06,1.058645422705561477e-05,1.983548458919554558e-01,1.091668466321572785e-03,1.089004598183448275e-03,1.068859547457553377e-03,1.620772171691998901e-09,-4.580286817086020142e-09,9.908165288448040897e-01,5.489487517462824685e-04,5.492601551041880479e-04,5.946861961887877409e-04
1.350000000000002990e-09,1.119652091159431730e-06,1.058643953590390944e-05,2.015269917739304084e-01,1.093423855793874836e-03,1.090760848684924284e-03,1.069813087532634974e-03,1.620876461183424389e-09,-4.580324675525589734e-09,9.996166997686498634e-01,5.541722295530293824e-04,5.544863382095333807e-04,6.006462831768896336e-04
1.365000000000003041e-09,1.119657465969488101e-06,1.058642490747524797e-05,2.047131370944646478e-01,1.095188073822041556e-03,1.092525931962021234e-03,1.070763510378462116e-03,1.620979957783514487e-09,-4.580362204792558706e-09,1.008416870694532674e+00,5.593774240570274564e-04,5.596942230665340060e-04,6.065904477930387107e-04
1.380000000000003093e-09,1.119662821669793392e-06,1.058641034150039415e-05,2.079130982743870037e-01,1.096960951992127179e-03,1.094299679517030501e-03,1.071710709711085497e-03,1.621082655935850316e-09,-4.580399402298160277e-09,1.017217041622356932e+00,5.645644167908898167e-04,5.648838912132004252e-04,6.125187121140005181e-04
1.395000000000003144e-09,1.119668158326947897e-06,1.058639583770751648e-05,2.111266941549587162e-01,1.098742324302000176e-03,1.096081925265018952e-03,1.072654583869337786e-03,1.621184550288669058e-09,-4.580436266168998280e-09,1.026017212552002622e+00,5.697332898937451868e-04,5.700554248386580439e-04,6.184310998387701876e-04
1.410000000000003196e-09,1.119673476008334781e-06,1.058638139582137499e-05,2.143537459790319233e-01,1.100532027142361044e-03,1.097872505515047527e-03,1.073595035695522164e-03,1.621285635420710249e-09,-4.580472794260573061e-09,1.034817383483353392e+00,5.748841260720969964e-04,5.752089067551401699e-04,6.243276363972729203e-04
1.425000000000003248e-09,1.119678774781876133e-06,1.058636701556416658e-05,2.175940773715888399e-01,1.102329899277231223e-03,1.099671258950581229e-03,1.074531972417353117e-03,1.621385904994292846e-09,-4.580508984962510378e-09,1.043617554416310211e+00,5.800170085583852830e-04,5.803444203104026920e-04,6.302083489807937472e-04
1.440000000000003299e-09,1.119684054716155154e-06,1.058635269665511001e-05,2.208475143197173862e-01,1.104135781823698025e-03,1.101478026609376730e-03,1.075465305531333148e-03,1.621485353948919835e-09,-4.580544836976257438e-09,1.052417725350773159e+00,5.851320210883147232e-04,5.854620493461117504e-04,6.360732663803536678e-04
1.455000000000003351e-09,1.119689315880206086e-06,1.058633843881079991e-05,2.241138851520587671e-01,1.105949518231258422e-03,1.103292651862650738e-03,1.076394950687694415e-03,1.621583978466552155e-09,-4.580580349594822145e-09,1.061217896286644535e+00,5.902292478733969956e-04,5.905618781562080961e-04,6.419224188932517484e-04
1.470000000000003402e-09,1.119694558343662449e-06,1.058632424174556933e-05,2.273930205177654984e-01,1.107770954260542439e-03,1.105114980393881669e-03,1.077320827576882991e-03,1.621681775070176220e-09,-4.580615522380980815e-09,1.070018067223818647e+00,5.953087734984820753e-04,5.956439914193775590e-04,6.477558382077645577e-04
1.485000000000003454e-09,1.119699782176523259e-06,1.058631010517104422e-05,2.306847533650561444e-01,1.109599937961413792e-03,1.106944860176871468e-03,1.078242859817636883e-03,1.621778741313351188e-09,-4.580650354240202271e-09,1.078818238162198462e+00,6.003706829065824386e-04,6.007084741741068080e-04,6.535735571361231096e-04
1.500000000000003506e-09,1.119704987449164247e-06,1.058629602879746306e-05,2.339889189193364583e-01,1.111436319650908758e-03,1.108782141453649572e-03,1.079160974846780571e-03,1.621874875617046139e-09,-4.580684844540226876e-09,1.087618409101696271e+00,6.054150613599737323e-04,6.057554118108051050e-04,6.593756097123361967e-04
1.515000000000003557e-09,1.119710174232609973e-06,1.058628201233237588e-05,2.373053546609698583e-01,1.113279951890458171e-03,1.110626676711868590e-03,1.080075103810825823e-03,1.621970176758490017e-09,-4.580718993471195329e-09,1.096418580042226587e+00,6.104419944128127058e-04,6.107848900338134265e-04,6.651620312685853353e-04
1.530000000000003609e-09,1.119715342598044239e-06,1.058626805548222478e-05,2.406339003027223311e-01,1.115130689463080579e-03,1.112478320661849148e-03,1.080985181459356240e-03,1.622064644058113417e-09,-4.580752802021053275e-09,1.105218750983685272e+00,6.154515679376677470e-04,6.157969948348557135e-04,6.709328584023955579e-04
1.545000000000003660e-09,1.119720492617060599e-06,1.058625415795144438e-05,2.439743977669180386e-01,1.116988389350134997e-03,1.114336930213373185e-03,1.081891146040274247e-03,1.622158277535103621e-09,-4.580786271737883294e-09,1.114018921925984174e+00,6.204438680383936961e-04,6.207918124334227145e-04,6.766881289671539557e-04
1.560000000000003712e-09,1.119725624361724192e-06,1.058624031944279558e-05,2.473266911623255571e-01,1.118852910707724118e-03,1.116202364452092369e-03,1.082792939196900979e-03,1.622251078555704507e-09,-4.580819403429990563e-09,1.122819092869049573e+00,6.254189809833582197e-04,6.257694291956906844e-04,6.824278820497431310e-04
1.575000000000003764e-09,1.119730737904358504e-06,1.058622653965810076e-05,2.506906267608330907e-01,1.120724114842859206e-03,1.118074484615552916e-03,1.083690505866937099e-03,1.622343048458974662e-09,-4.580852197850419633e-09,1.131619263812797316e+00,6.303769932064952211e-04,6.307299316212957446e-04,6.881521578598142307e-04
1.590000000000003815e-09,1.119735833317710748e-06,1.058621281829743232e-05,2.540660529738974494e-01,1.122601865189500970e-03,1.119953154069215639e-03,1.084583794183323346e-03,1.622434187870549660e-09,-4.580884656113511829e-09,1.140419434757130812e+00,6.353179912943276997e-04,6.356734063663854305e-04,6.938609974714869460e-04
1.605000000000003867e-09,1.119740910674753022e-06,1.058619915505970902e-05,2.574528203288659611e-01,1.124486027284272776e-03,1.121838238282205384e-03,1.085472755377016882e-03,1.622524498306838715e-09,-4.580916778944424133e-09,1.149219605701975233e+00,6.402420619401403678e-04,6.405999401784919682e-04,6.995544427512886661e-04
1.620000000000003918e-09,1.119745970048895768e-06,1.058618554964337696e-05,2.608507814451044293e-01,1.126376468742146556e-03,1.123729604802847304e-03,1.086357343681773396e-03,1.622613981833938818e-09,-4.580948567740560732e-09,1.158019776647268406e+00,6.451492918841135850e-04,6.455096198590936892e-04,7.052325365166556195e-04
1.635000000000003970e-09,1.119751011513637304e-06,1.058617200174512212e-05,2.642597910100386582e-01,1.128273059231781972e-03,1.125627123234161078e-03,1.087237516240804240e-03,1.622702640733940984e-09,-4.580980024027547904e-09,1.166819947592916851e+00,6.500397678785030126e-04,6.504025322649956533e-04,7.108953225704128884e-04
1.650000000000004022e-09,1.119756035142829799e-06,1.058615851106160844e-05,2.676797057551083547e-01,1.130175670450869925e-03,1.127530665209222193e-03,1.088113233015511978e-03,1.622790477242926374e-09,-4.581011148318785223e-09,1.175620118538855507e+00,6.549135766727675039e-04,6.552787642872207746e-04,7.165428456125575406e-04
1.665000000000004073e-09,1.119761041010503719e-06,1.058614507728787018e-05,2.711103844316100631e-01,1.132084176101348346e-03,1.129440104366427828e-03,1.088984456696112223e-03,1.622877492854745537e-09,-4.581041941612769850e-09,1.184420289485011990e+00,6.597708050332609262e-04,6.601384028282394076e-04,7.221751512939908208e-04
1.680000000000004125e-09,1.119766029190719813e-06,1.058613170011937698e-05,2.745516877865596950e-01,1.133998451864756543e-03,1.131355316324741695e-03,1.089851152614254104e-03,1.622963689462187892e-09,-4.581072405897076178e-09,1.193220460431301033e+00,6.646115397398104190e-04,6.649815347409286561e-04,7.277922860372453224e-04
1.695000000000004176e-09,1.119770999757872775e-06,1.058611837925036518e-05,2.780034785384482010e-01,1.135918375377397652e-03,1.133276178658739180e-03,1.090713288657538943e-03,1.623049069777524902e-09,-4.581102542958332437e-09,1.202020631377666238e+00,6.694358675254450525e-04,6.698082468227098754e-04,7.333942968514685964e-04
1.710000000000004228e-09,1.119775952786507645e-06,1.058610511437518295e-05,2.814656213530561946e-01,1.137843826205536639e-03,1.135202570873898370e-03,1.091570835185980094e-03,1.623133636672319439e-09,-4.581132353852868951e-09,1.210820802324041434e+00,6.742438750304974304e-04,6.746186258314510993e-04,7.389812315040882431e-04
1.725000000000004280e-09,1.119780888351254165e-06,1.058609190518774647e-05,2.849379828192303288e-01,1.139774685820436765e-03,1.137134374381685740e-03,1.092423764950418031e-03,1.623217393057370862e-09,-4.581161839792856041e-09,1.219620973270352682e+00,6.790356487776230210e-04,6.794127584135386828e-04,7.445531384461270786e-04
1.740000000000004331e-09,1.119785806526767702e-06,1.058607875138137898e-05,2.884204314247308942e-01,1.141710837573643462e-03,1.139071472474749176e-03,1.093272053012857075e-03,1.623300341810130329e-09,-4.581191002599768576e-09,1.228421144216548022e+00,6.838112751677612872e-04,6.841907310903078609e-04,7.501100667938993089e-04
1.755000000000004383e-09,1.119790707387763975e-06,1.058606565265016267e-05,2.919128375320843016e-01,1.143652166672074789e-03,1.141013750302104484e-03,1.094115676668696658e-03,1.623382486439112119e-09,-4.581219844336683513e-09,1.237221315162556845e+00,6.885708404888651402e-04,6.889526302603643515e-04,7.556520663216296065e-04
1.770000000000004434e-09,1.119795591009342194e-06,1.058605260868750720e-05,2.954150733545241048e-01,1.145598560153511742e-03,1.142961094844467196e-03,1.094954615370923035e-03,1.623463831025137338e-09,-4.581248366739321081e-09,1.246021486108305432e+00,6.933144309401844665e-04,6.936985421402315499e-04,7.611791873438040557e-04
1.785000000000004486e-09,1.119800457466424964e-06,1.058603961918694588e-05,2.989270129319911429e-01,1.147549906861929179e-03,1.144913394889491339e-03,1.095788850656068689e-03,1.623544379457030405e-09,-4.581276571779712947e-09,1.254821657053753148e+00,6.980421325310436033e-04,6.984285527820852579e-04,7.666914807129104588e-04
1.800000000000004538e-09,1.119805306834165285e-06,1.058602668384232373e-05,3.024485321072241106e-01,1.149506097422864272e-03,1.146870541007318943e-03,1.096618366072096189e-03,1.623624134936588270e-09,-4.581304462125925213e-09,1.263621827998847813e+00,7.027540310010907875e-04,7.031427480803670998e-04,7.721889977848952211e-04
1.815000000000004589e-09,1.119810139187644792e-06,1.058601380234758234e-05,3.059795085019811345e-01,1.151467024218883395e-03,1.148832425526089430e-03,1.097443147108083340e-03,1.623703100943070729e-09,-4.581332040441564652e-09,1.272421998943513488e+00,7.074502119120009520e-04,7.078412137184049132e-04,7.776717903752391765e-04
1.830000000000004641e-09,1.119814954601952743e-06,1.058600097439692079e-05,3.095198214933088665e-01,1.153432581365376871e-03,1.150798942507569571e-03,1.098263181125697053e-03,1.623781281926742149e-09,-4.581359309500029719e-09,1.281222169887697104e+00,7.121307606704849885e-04,7.125240351664294172e-04,7.831399107674350728e-04
1.845000000000004692e-09,1.119819753152208679e-06,1.058598819968495999e-05,3.130693521900170251e-01,1.155402664686371733e-03,1.152769987722927205e-03,1.099078457292447042e-03,1.623858682727206340e-09,-4.581386272043534986e-09,1.290022340831351810e+00,7.167957624687091526e-04,7.171912976857151064e-04,7.885934115873497905e-04
1.860000000000004744e-09,1.119824534913572799e-06,1.058597547790672742e-05,3.166279834092203815e-01,1.157377171690539622e-03,1.154745458628731337e-03,1.099888966516696575e-03,1.623935308434617841e-09,-4.581412931112055231e-09,1.298822511774423427e+00,7.214453022534020234e-04,7.218430862878936127e-04,7.940323456772790814e-04
1.875000000000004796e-09,1.119829299961270522e-06,1.058596280875743352e-05,3.201955996530771453e-01,1.159356001547134658e-03,1.156725254342965033e-03,1.100694701384371523e-03,1.624011163692760547e-09,-4.581439290335277180e-09,1.307622682716864659e+00,7.260794647021099344e-04,7.264794856750750622e-04,7.994567662829109691e-04
1.890000000000004847e-09,1.119834048370405294e-06,1.058595019193319844e-05,3.237720870856584110e-01,1.161339055062312947e-03,1.158709275621184684e-03,1.101495656097480460e-03,1.624086253199007041e-09,-4.581465352715132748e-09,1.316422853658617775e+00,7.306983341914365711e-04,7.311005802316526995e-04,8.048667270485870264e-04
1.905000000000004899e-09,1.119838780216042869e-06,1.058593762713036764e-05,3.273573335099639325e-01,1.163326234655390505e-03,1.160697424832866399e-03,1.102291826414198176e-03,1.624160582684661210e-09,-4.581491120447132988e-09,1.325223024599637034e+00,7.353019948209720729e-04,7.357064540781606309e-04,8.102622819713812099e-04
1.920000000000004950e-09,1.119843495573291777e-06,1.058592511404619971e-05,3.309512283451653269e-01,1.165317444335551775e-03,1.162689605938058797e-03,1.103083209590687182e-03,1.624234157698235122e-09,-4.581516595485530147e-09,1.334023195539882911e+00,7.398905304111359034e-04,7.402971910848019565e-04,8.156434853948907413e-04
1.935000000000005002e-09,1.119848194517209301e-06,1.058591265237833435e-05,3.345536626039724015e-01,1.167312589678588938e-03,1.164685724464206663e-03,1.103869804324433823e-03,1.624306983688654919e-09,-4.581541779999139680e-09,1.342823366479310554e+00,7.444640244629479632e-04,7.448728748334776254e-04,8.210103919013253581e-04
1.950000000000005054e-09,1.119852877122625085e-06,1.058590024182561241e-05,3.381645288701912722e-01,1.169311577803863918e-03,1.166685687483056582e-03,1.104651610699253217e-03,1.624379066487742235e-09,-4.581566676499285234e-09,1.351623537417865339e+00,7.490225601719357595e-04,7.494335885930721551e-04,8.263630564097661701e-04
1.965000000000005105e-09,1.119857543464436111e-06,1.058588788208694246e-05,3.417837212765250099e-01,1.171314317351505006e-03,1.168689403587813008e-03,1.105428630131830925e-03,1.624450412127815291e-09,-4.581591287034259567e-09,1.360423708355501971e+00,7.535662204237822013e-04,7.539794153256831324e-04,8.317015341826148201e-04
1.980000000000005157e-09,1.119862193617444705e-06,1.058587557286303388e-05,3.454111354825223912e-01,1.173320718459782168e-03,1.170696782870567134e-03,1.106200865319780131e-03,1.624521026837666937e-09,-4.581615613803768365e-09,1.369223879292182255e+00,7.580950877784897431e-04,7.585104376789578553e-04,8.370258806473518387e-04
1.995000000000005208e-09,1.119866827656221742e-06,1.058586331385481290e-05,3.490466686527232687e-01,1.175330692742752089e-03,1.172707736899893799e-03,1.106968320191181352e-03,1.624590916860700512e-09,-4.581639659631263610e-09,1.378024050227871555e+00,7.626092444295163707e-04,7.630267379626162359e-04,8.423361513356580422e-04
2.010000000000005260e-09,1.119871445655349744e-06,1.058585110476423233e-05,3.526902194350728936e-01,1.177344153267880682e-03,1.174722178698625998e-03,1.107730999855630061e-03,1.624660088465127744e-09,-4.581663427369387657e-09,1.386824221162523685e+00,7.671087722048285790e-04,7.675283981427870371e-04,8.476324019409156281e-04
2.025000000000005312e-09,1.119876047689390481e-06,1.058583894529476796e-05,3.563416879394754044e-01,1.179361014534175160e-03,1.176740022721924506e-03,1.108488910556636739e-03,1.624728547527507090e-09,-4.581686919912772208e-09,1.395624392096105559e+00,7.715937525871143692e-04,7.720154998103502531e-04,8.529146883419232552e-04
2.040000000000005363e-09,1.119880633832711115e-06,1.058582683514991083e-05,3.600009757166084401e-01,1.181381192450414340e-03,1.178761184835431641e-03,1.109242059625571274e-03,1.624796299604668334e-09,-4.581710140033626230e-09,1.404424563028580764e+00,7.760642666912834524e-04,7.764881241832550249e-04,8.581830665597399172e-04
2.055000000000005415e-09,1.119885204159581190e-06,1.058581477403530513e-05,3.636679857369543023e-01,1.183404604313592970e-03,1.180785582293747459e-03,1.109990455436820136e-03,1.624863350537009732e-09,-4.581733090695540991e-09,1.413224733959899782e+00,7.805203952547198377e-04,7.809463521224444026e-04,8.634375926791584572e-04
2.070000000000005466e-09,1.119889758744234038e-06,1.058580276165694742e-05,3.673426223700397286e-01,1.185431168787630168e-03,1.182813133719195662e-03,1.110734107364364951e-03,1.624929706291420967e-09,-4.581755774905404042e-09,1.422024904890031083e+00,7.849622186434055153e-04,7.853902641000663201e-04,8.686783228562332910e-04
2.085000000000005518e-09,1.119894297660711138e-06,1.058579079772193540e-05,3.710247913638916595e-01,1.187460805882374713e-03,1.184843759080661920e-03,1.111473025739685315e-03,1.624995372686605211e-09,-4.581778195512427425e-09,1.430825075818952463e+00,7.893898168598219040e-04,7.898199401871310379e-04,8.739053133574454764e-04
2.100000000000005570e-09,1.119898820982821034e-06,1.058577888193862546e-05,3.747143998247722818e-01,1.189493436932820454e-03,1.186877379672765910e-03,1.112207221810913860e-03,1.625060355647832346e-09,-4.581800355859508555e-09,1.439625246746621956e+00,7.938032695365062220e-04,7.942354600588985439e-04,8.791186204653757144e-04
2.115000000000005621e-09,1.119903328784202020e-06,1.058576701401682750e-05,3.784113561970736117e-01,1.191528984578551359e-03,1.188913918095313525e-03,1.112936707703269168e-03,1.625124661034715208e-09,-4.581822258980130497e-09,1.448425417673001148e+00,7.982026559024497838e-04,7.986369029865297625e-04,8.843183005250047695e-04
2.130000000000005673e-09,1.119907821138385872e-06,1.058575519366731196e-05,3.821155702434864687e-01,1.193567372743357426e-03,1.190953298232896732e-03,1.113661496380737026e-03,1.625188295160618420e-09,-4.581843907545430677e-09,1.457225588598061616e+00,8.025880547787421103e-04,8.030243478328927525e-04,8.895044099533198261e-04
2.145000000000005724e-09,1.119912298118780911e-06,1.058574342060205375e-05,3.858269530254261337e-01,1.195608526615164367e-03,1.192995445234799196e-03,1.114381601608879042e-03,1.625251264431126073e-09,-4.581865304636608898e-09,1.466025759521774496e+00,8.069595445639851563e-04,8.073978730600627840e-04,8.946770051193845977e-04
2.160000000000005776e-09,1.119916759798614196e-06,1.058573169453449147e-05,3.895454168836260389e-01,1.197652372626164304e-03,1.195040285495156240e-03,1.115097037918826722e-03,1.625313574842806884e-09,-4.581886453329738101e-09,1.474825930444119582e+00,8.113172032467770318e-04,8.117575567279468112e-04,8.998361424573694638e-04
2.175000000000005827e-09,1.119921206250795146e-06,1.058572001517930714e-05,3.932708754190039069e-01,1.199698838433206237e-03,1.197087746633409503e-03,1.115807820572456898e-03,1.625375232556689826e-09,-4.581907356311452112e-09,1.483626101365063343e+00,8.156611084168551061e-04,8.161034764918522573e-04,9.049818784854699299e-04
2.190000000000005879e-09,1.119925637548021634e-06,1.058570838225232291e-05,3.970032434737912896e-01,1.201747852898489436e-03,1.199137757474888011e-03,1.116513965528615360e-03,1.625436244148570428e-09,-4.581928016087696250e-09,1.492426272284560262e+00,8.199913372231896428e-04,8.204357095824375140e-04,9.101142697462552339e-04
2.205000000000005931e-09,1.119930053763021603e-06,1.058569679547094148e-05,4.007424371128338603e-01,1.203799346070379356e-03,1.201190248031751371e-03,1.117215489410507308e-03,1.625496616051486288e-09,-4.581948435118731478e-09,1.501226443202593908e+00,8.243079663684671618e-04,8.247543327979795207e-04,9.152333727925093159e-04
2.220000000000005982e-09,1.119934454968215311e-06,1.058568525455395977e-05,4.044883736052206080e-01,1.205853249164543384e-03,1.203245149484040303e-03,1.117912409473994628e-03,1.625556354634903070e-09,-4.581968615803151617e-09,1.510026614119148958e+00,8.286110721279497026e-04,8.290594225202570005e-04,9.203392440786730159e-04
2.235000000000006034e-09,1.119938841235608818e-06,1.058567375922138596e-05,4.082409714060327155e-01,1.207909494545394502e-03,1.205302394161149792e-03,1.118604743577065845e-03,1.625615466329952547e-09,-4.581988560787553295e-09,1.518826785034190996e+00,8.329007303705831568e-04,8.333510547139332241e-04,9.254319400041209794e-04
2.250000000000006085e-09,1.119943212637340108e-06,1.058566230919459026e-05,4.120001501384467080e-01,1.209968015707735094e-03,1.207361915523455769e-03,1.119292510150153054e-03,1.625673957061060880e-09,-4.582008273000710093e-09,1.527626955947692711e+00,8.371770165423840374e-04,8.376293049135227070e-04,9.305115169337824232e-04
2.265000000000006137e-09,1.119947569245166000e-06,1.058565090419671824e-05,4.157658305759682760e-01,1.212028747258675054e-03,1.209423648144167078e-03,1.119975728167575115e-03,1.625731832646078415e-09,-4.582027755292453608e-09,1.536427126859630565e+00,8.414400056712762139e-04,8.418942482234714406e-04,9.355780311730160521e-04
2.280000000000006189e-09,1.119951911130509371e-06,1.058563954395199801e-05,4.195379346250098229e-01,1.214091624899770209e-03,1.211487527691545432e-03,1.120654417119799646e-03,1.625789099075052584e-09,-4.582047010435326990e-09,1.545227297770002783e+00,8.456897723608636881e-04,8.461459593118796866e-04,9.406315389936384993e-04
2.295000000000006240e-09,1.119956238364804745e-06,1.058562822818603325e-05,4.233163853075981864e-01,1.216156585409378663e-03,1.213553490911181741e-03,1.121328596986714181e-03,1.625845762367912924e-09,-4.582066041215554956e-09,1.554027468678764068e+00,8.499263907674101635e-04,8.503845124024719425e-04,9.456720965934725274e-04
2.310000000000006292e-09,1.119960551019084941e-06,1.058561695662617929e-05,4.271011067444074882e-01,1.218223566625313775e-03,1.215621475608679673e-03,1.121998288211727623e-03,1.625901828626923635e-09,-4.582084850408323499e-09,1.562827639585878226e+00,8.541499346287388878e-04,8.546099812908620336e-04,9.506997600939257878e-04
2.325000000000006343e-09,1.119964849164206170e-06,1.058560572900125007e-05,4.308920241379398108e-01,1.220292507427766680e-03,1.217691420632567752e-03,1.122663511676806050e-03,1.625957303912828173e-09,-4.582103440697471400e-09,1.571627810491348809e+00,8.583604772396478261e-04,8.588224393564483292e-04,9.557145854977788183e-04
2.340000000000006395e-09,1.119969132870774980e-06,1.058559454504129787e-05,4.346890637560195669e-01,1.222363347722376899e-03,1.219763265857391017e-03,1.123324288678259879e-03,1.626012194012882164e-09,-4.582121814527135391e-09,1.580427981395158499e+00,8.625580914502390143e-04,8.630219595457177878e-04,9.607166286861119810e-04
2.355000000000006447e-09,1.119973402209096590e-06,1.058558340447804535e-05,4.384921529154744424e-01,1.224436028423630390e-03,1.221836952167106461e-03,1.123980640903446968e-03,1.626066504658301608e-09,-4.582139974355904702e-09,1.589228152297274432e+00,8.667428496936412834e-04,8.672086143632288645e-04,9.657059454524297495e-04
2.370000000000006498e-09,1.119977657249185683e-06,1.058557230704469914e-05,4.423012199660326105e-01,1.226510491438474650e-03,1.223912421438598172e-03,1.124632590408269992e-03,1.626120241677527038e-09,-4.582157922822064451e-09,1.598028323197681733e+00,8.709148239505723520e-04,8.713824758680217180e-04,9.706825914833714514e-04
2.385000000000006550e-09,1.119981898060948524e-06,1.058556125247594821e-05,4.461161942744892306e-01,1.228586679650132225e-03,1.225989616525549391e-03,1.125280159595363604e-03,1.626173411117037594e-09,-4.582175662593235718e-09,1.606828494096360194e+00,8.750740857478541204e-04,8.755436156511220988e-04,9.756466223761390590e-04
2.400000000000006601e-09,1.119986124713915930e-06,1.058555024050801632e-05,4.499370062090704558e-01,1.230664536902189394e-03,1.228068481242453134e-03,1.125923371193141790e-03,1.626226019091184861e-09,-4.582193196225419004e-09,1.615628664993284724e+00,8.792207061646994167e-04,8.796921048580069952e-04,9.805980936169024845e-04
2.415000000000006653e-09,1.119990337277406113e-06,1.058553927087873491e-05,4.537635871240499608e-01,1.232744007982832304e-03,1.230148960348938312e-03,1.126562248235524156e-03,1.626278071567601743e-09,-4.582210526204190305e-09,1.624428835888459322e+00,8.833547558500000341e-04,8.838280142262601663e-04,9.855370605575163381e-04
2.430000000000006705e-09,1.119994535820531879e-06,1.058552834332717042e-05,4.575958693445476011e-01,1.234825038609524590e-03,1.232230999534379918e-03,1.127196814042360443e-03,1.626329574326461958e-09,-4.582227655132868990e-09,1.633229006781855785e+00,8.874763050360766911e-04,8.879514140636024120e-04,9.904635783764934205e-04
2.445000000000006756e-09,1.119998720412139219e-06,1.058551745759445601e-05,4.614337861515766526e-01,1.236907575413786044e-03,1.234314545402682029e-03,1.127827092200579719e-03,1.626380533441000423e-09,-4.582244585504384692e-09,1.642029177673454354e+00,8.915854234982470731e-04,8.920623742257272277e-04,9.953777020829085009e-04
2.460000000000006808e-09,1.120002891120796509e-06,1.058550661342275486e-05,4.652772717673064884e-01,1.238991565926127626e-03,1.236399545457234289e-03,1.128453106545982071e-03,1.626430955050410611e-09,-4.582261319411093252e-09,1.650829348563248145e+00,8.956821805630882111e-04,8.961609641267794012e-04,1.000279486523500492e-03
2.475000000000006859e-09,1.120007048014927282e-06,1.058549581055605803e-05,4.691262613405717818e-01,1.241076958561389797e-03,1.238485948086183886e-03,1.129074881145665857e-03,1.626480844803797611e-09,-4.582277859089289035e-09,1.659629519451218504e+00,8.997666451302582195e-04,9.002472527443359466e-04,1.005168986361284827e-03
2.490000000000006911e-09,1.120011191162535155e-06,1.058548504873999815e-05,4.729806909325373065e-01,1.243163702604152413e-03,1.240573702547897485e-03,1.129692440281151447e-03,1.626530207944433918e-09,-4.582294206992919963e-09,1.668429690337347449e+00,9.038388856497805253e-04,9.043213086141485904e-04,1.010046256103951968e-03
2.505000000000006963e-09,1.120015320631416644e-06,1.058547432772173757e-05,4.768404975026012127e-01,1.245251748194430193e-03,1.242662758956630895e-03,1.130305808432069403e-03,1.626579049833298796e-09,-4.582310365463634259e-09,1.677229861221620988e+00,9.078989701251878380e-04,9.083831998218747789e-04,1.014911350120728485e-03
2.520000000000007014e-09,1.120019436489057407e-06,1.058546364724984811e-05,4.807056188945620367e-01,1.247341046313532121e-03,1.244753068268381318e-03,1.130915010260419816e-03,1.626627376019257935e-09,-4.582326336827800470e-09,1.686030032104041121e+00,9.119469661382007594e-04,9.124329940229453572e-04,1.019764322625788325e-03
2.535000000000007066e-09,1.120023538802793173e-06,1.058545300707463633e-05,4.845759938228957897e-01,1.249431548770295981e-03,1.246844582267150284e-03,1.131520070595505361e-03,1.626675192005771836e-09,-4.582342123426869124e-09,1.694830202984574985e+00,9.159829408298126837e-04,9.164707584362842205e-04,1.024605227664844272e-03
2.550000000000007117e-09,1.120027627639522183e-06,1.058544240694806555e-05,4.884515618593459063e-01,1.251523208187354120e-03,1.248937253551138729e-03,1.132121014419313872e-03,1.626722503332425015e-09,-4.582357727627188060e-09,1.703630373863213254e+00,9.200069608945472127e-04,9.204965598244271895e-04,1.029434119151134567e-03
2.565000000000007169e-09,1.120031703066010960e-06,1.058543184662325618e-05,4.923322634196291570e-01,1.253615977987725116e-03,1.251031035519373355e-03,1.132717866852508493e-03,1.626769315223921831e-09,-4.582373151757895222e-09,1.712430544739962812e+00,9.240190925815015919e-04,9.245104644929033654e-04,1.034251050841398937e-03
2.580000000000007221e-09,1.120035765148515269e-06,1.058542132585545295e-05,4.962180397503946350e-01,1.255709812381560061e-03,1.253125882358378969e-03,1.133310653140917222e-03,1.626815632961411382e-09,-4.582388398294435302e-09,1.721230715614796125e+00,9.280194017051716015e-04,9.285125383190806535e-04,1.039056076288369292e-03
2.595000000000007272e-09,1.120039813953190077e-06,1.058541084440121014e-05,5.001088329163813073e-01,1.257804666353131698e-03,1.255221749029212510e-03,1.133899398642519664e-03,1.626861462018538238e-09,-4.582403469474868695e-09,1.730030886487704089e+00,9.320079536631235102e-04,9.325028467667574985e-04,1.043849248854106498e-03
2.610000000000007324e-09,1.120043849545802410e-06,1.058540040201851517e-05,5.040045857877571978e-01,1.259900495648090708e-03,1.257318591254733432e-03,1.134484128814968731e-03,1.626906807682419604e-09,-4.582418367161276569e-09,1.738831057358681376e+00,9.359848134109894453e-04,9.364814548655204336e-04,1.048630621704986585e-03
2.625000000000007375e-09,1.120047871991823681e-06,1.058538999846685644e-05,5.079052420276380930e-01,1.261997256760773612e-03,1.259416365506904004e-03,1.135064869203520005e-03,1.626951675238830377e-09,-4.582433093373222042e-09,1.747631228227705558e+00,9.399500454724832527e-04,9.404484272118295842e-04,1.053400247766459168e-03
2.640000000000007427e-09,1.120051881356392840e-06,1.058537963350808555e-05,5.118107460798703157e-01,1.264094906921879070e-03,1.261515028994389083e-03,1.135641645429505148e-03,1.626996070126365833e-09,-4.582447649999613403e-09,1.756431399094789292e+00,9.439037139542233836e-04,9.444038279574460022e-04,1.058158179723247584e-03
2.655000000000007479e-09,1.120055877704452114e-06,1.058536930690460467e-05,5.157210431569160258e-01,1.266193404086205778e-03,1.263614539650343002e-03,1.136214483179173729e-03,1.627039997875433124e-09,-4.582462038895048315e-09,1.765231569959915481e+00,9.478458825477727124e-04,9.483477208247641276e-04,1.062904470065932942e-03
2.670000000000007530e-09,1.120059861100543086e-06,1.058535901842108602e-05,5.196360792279728358e-01,1.268292706920767223e-03,1.265714856120409623e-03,1.136783408193044621e-03,1.627083464034037876e-09,-4.582476262061470950e-09,1.774031740823055481e+00,9.517766145159906000e-04,9.522801691156508553e-04,1.067639171109152239e-03
2.685000000000007582e-09,1.120063831609142962e-06,1.058534876782335889e-05,5.235558010072997037e-01,1.270392774792854403e-03,1.267815937750886319e-03,1.137348446255609553e-03,1.627126473823518239e-09,-4.582490321589892155e-09,1.782831911684230386e+00,9.556959726879346497e-04,9.562012357063506525e-04,1.072362334980267581e-03
2.700000000000007633e-09,1.120067789294207600e-06,1.058533855487922781e-05,5.274801559426726127e-01,1.272493567758497743e-03,1.269917744577140793e-03,1.137909623185519564e-03,1.627169032256649521e-09,-4.582504219675716276e-09,1.791632082543427762e+00,9.596040194690844084e-04,9.601109830513132257e-04,1.077074013579212321e-03
2.715000000000007685e-09,1.120071734219585920e-06,1.058532837935778654e-05,5.314090922040743958e-01,1.274595046550968920e-03,1.272020237312139132e-03,1.138466964826102996e-03,1.627211144280154387e-09,-4.582517958356089812e-09,1.800432253400615412e+00,9.635008168455299650e-04,9.640094731836822790e-04,1.081774258552279169e-03
2.730000000000007737e-09,1.120075666448654833e-06,1.058531824102951285e-05,5.353425586725280017e-01,1.276697172569575198e-03,1.274123377335243832e-03,1.139020497036278808e-03,1.627252814895884811e-09,-4.582531539410588452e-09,1.809232424255809546e+00,9.673864263871396639e-04,9.678967677203885542e-04,1.086463121333837694e-03
2.745000000000007788e-09,1.120079586044584150e-06,1.058530813966709190e-05,5.392805049291146124e-01,1.278799907868610102e-03,1.276227126681107665e-03,1.139570245681835242e-03,1.627294049180293916e-09,-4.582544964462798168e-09,1.818032595109015936e+00,9.712609092394618735e-04,9.717729278538373610e-04,1.091140653172095396e-03
2.760000000000007840e-09,1.120083493070186447e-06,1.058529807504390342e-05,5.432228812441786125e-01,1.280903215146438111e-03,1.278331448028767253e-03,1.140116236627117035e-03,1.627334851878758678e-09,-4.582558235291063805e-09,1.826832765960188620e+00,9.751243261181270338e-04,9.756380143633221896e-04,1.095806905072514064e-03
2.775000000000007891e-09,1.120087387588013836e-06,1.058528804693571407e-05,5.471696385666969809e-01,1.283007057734785340e-03,1.280436304690983412e-03,1.140658495726971531e-03,1.627375227689554959e-09,-4.582571353761281486e-09,1.835632936809335369e+00,9.789767373128595296e-04,9.794920876070767508e-04,1.100461927787309497e-03
2.790000000000007943e-09,1.120091269660231336e-06,1.058527805511923918e-05,5.511207285138221001e-01,1.285111399588215837e-03,1.282541660603697935e-03,1.141197048819056698e-03,1.627415181330975156e-09,-4.582584321455485418e-09,1.844433107656468618e+00,9.828182027175912973e-04,9.833352075275382347e-04,1.105105771857657973e-03
2.805000000000007995e-09,1.120095139348897027e-06,1.058526809937329473e-05,5.550761033605750017e-01,1.287216205273853352e-03,1.284647480315676644e-03,1.141731921716546833e-03,1.627454717414654166e-09,-4.582597140084691252e-09,1.853233278501573489e+00,9.866487818312624000e-04,9.871674336534757080e-04,1.109738487618390848e-03
2.820000000000008046e-09,1.120098996715627262e-06,1.058525817947724729e-05,5.590357160297195760e-01,1.289321439961140610e-03,1.286753728978306827e-03,1.142263140201044483e-03,1.627493840564270018e-09,-4.582609811621454264e-09,1.862033449344641989e+00,9.904685337509746158e-04,9.909888251068811951e-04,1.114360125187680104e-03
2.835000000000008098e-09,1.120102841821694076e-06,1.058524829521328232e-05,5.629995200818003198e-01,1.291427069411904549e-03,1.288860372335625835e-03,1.142790730015877908e-03,1.627532555407836822e-09,-4.582622338006575087e-09,1.870833620185672563e+00,9.942775171664511649e-04,9.947994406199981571e-04,1.118970734459177451e-03
2.850000000000008149e-09,1.120106674728135509e-06,1.058523844636393090e-05,5.669674697053480594e-01,1.293533059970474906e-03,1.290967376714502761e-03,1.143314716859617766e-03,1.627570866579020397e-09,-4.582634721122998038e-09,1.879633791024662992e+00,9.980757903569558408e-04,9.985993385234156507e-04,1.123570365100758387e-03
2.865000000000008201e-09,1.120110495495563546e-06,1.058522863271402971e-05,5.709395197071928107e-01,1.295639378553986674e-03,1.293074709014889728e-03,1.143835126379953108e-03,1.627608778702457061e-09,-4.582646962859200445e-09,1.888433961861602839e+00,1.001863411198718710e-03,1.002388576738663445e-03,1.128159066527860584e-03
2.880000000000008253e-09,1.120114304184518595e-06,1.058521885404967921e-05,5.749156255029985729e-01,1.297745992642894636e-03,1.295182336700382610e-03,1.144351984167753635e-03,1.627646296413094351e-09,-4.582659064967489160e-09,1.897234132696494990e+00,1.005640437163230231e-03,1.006167212786036706e-03,1.132736887908342410e-03
2.895000000000008304e-09,1.120118100855083033e-06,1.058520911015812846e-05,5.788957431079340132e-01,1.299852870271582224e-03,1.297290227788793025e-03,1.144865315751473914e-03,1.627683424257463088e-09,-4.582671029023196573e-09,1.906034303529333007e+00,1.009406925318334343e-03,1.009935303787019845e-03,1.137303878206120120e-03
2.910000000000008356e-09,1.120121885566966542e-06,1.058519940082874576e-05,5.828798291274589483e-01,1.301959980019171386e-03,1.299398350842969046e-03,1.145375146591769665e-03,1.627720166792847649e-09,-4.582682856725164721e-09,1.914834474360107786e+00,1.013162932334241238e-03,1.013692906461362200e-03,1.141860086166647569e-03
2.925000000000008407e-09,1.120125658379688432e-06,1.058518972585211408e-05,5.868678407482890158e-01,1.304067291000464510e-03,1.301506674961717611e-03,1.145881502076349532e-03,1.627756528317527064e-09,-4.582694549848267597e-09,1.923634645188816883e+00,1.016908514491512939e-03,1.017440077141001801e-03,1.146405560277904013e-03
2.940000000000008459e-09,1.120129419352459061e-06,1.058518008502022923e-05,5.908597357295095609e-01,1.306174772857083676e-03,1.303615169770937698e-03,1.146384407515124585e-03,1.627792512815343785e-09,-4.582706110174446630e-09,1.932434816015464074e+00,1.020643727674916965e-03,1.021176871768045497e-03,1.150940348778832891e-03
2.955000000000008511e-09,1.120133168544139381e-06,1.058517047812657949e-05,5.948554723938245248e-01,1.308282395748698807e-03,1.305723805414866481e-03,1.146883888135523475e-03,1.627828124453066705e-09,-4.582717539412085384e-09,1.941234986840056465e+00,1.024368627387575812e-03,1.024903345899551808e-03,1.155464499685124585e-03
2.970000000000008562e-09,1.120136906013239889e-06,1.058516090496634723e-05,5.988550096189454441e-01,1.310390130344452715e-03,1.307832552547494396e-03,1.147379969078054585e-03,1.627863367475418218e-09,-4.582728839227135537e-09,1.950035157662587615e+00,1.028083268768077187e-03,1.028619554707025253e-03,1.159978060777858535e-03
2.985000000000008614e-09,1.120140631818055933e-06,1.058515136533593112e-05,6.028583068291135660e-01,1.312497947814557451e-03,1.309941382324075190e-03,1.147872675392088045e-03,1.627898246095111105e-09,-4.582740011206319756e-09,1.958835328483044202e+00,1.031787706565986430e-03,1.032325552972785570e-03,1.164481079593994352e-03
3.000000000000008665e-09,1.120144346016610540e-06,1.058514185903329856e-05,6.068653239867897176e-01,1.314605819821908000e-03,1.312050266392855193e-03,1.148362032031818381e-03,1.627932764525630938e-09,-4.582751057040596219e-09,1.967635499301421342e+00,1.035481995128241951e-03,1.036021395100443715e-03,1.168973603415673999e-03
3.015000000000008717e-09,1.120148048666572255e-06,1.058513238585792806e-05,6.108760215844465380e-01,1.316713718513948597e-03,1.314159176886846823e-03,1.148848063852478483e-03,1.627966926955056439e-09,-4.582761978291295628e-09,1.976435670117729471e+00,1.039166188429023474e-03,1.039707135119452477e-03,1.173455679322168077e-03
3.030000000000008769e-09,1.120151739825249209e-06,1.058512294561088037e-05,6.148903606365007102e-01,1.318821616514622309e-03,1.316268086415857972e-03,1.149330795606702755e-03,1.628000737590813254e-09,-4.582772776308118663e-09,1.985235840931958595e+00,1.042840340068627294e-03,1.043382826674441825e-03,1.177927354191303944e-03
3.045000000000008820e-09,1.120155419549924334e-06,1.058511353809415478e-05,6.189083026714177205e-01,1.320929486916496906e-03,1.318376968058528097e-03,1.149810251941082821e-03,1.628034200477485983e-09,-4.582783452634731585e-09,1.994036011744126036e+00,1.046504503271888323e-03,1.047048523024992099e-03,1.182388674640443699e-03
3.060000000000008872e-09,1.120159087897204843e-06,1.058510416311170210e-05,6.229298097238590293e-01,1.323037303273002412e-03,1.320485795354577052e-03,1.150286457392888685e-03,1.628067319364165906e-09,-4.582794008821150093e-09,2.002836182554223132e+00,1.050158730899313983e-03,1.050704277068848077e-03,1.186839687032023366e-03
3.075000000000008923e-09,1.120162744923680371e-06,1.058509482046874374e-05,6.269548443270420712e-01,1.325145039590824338e-03,1.322594542297210246e-03,1.150759436387014095e-03,1.628100097929634780e-09,-4.582804446356427503e-09,2.011636353362227680e+00,1.053803075444172252e-03,1.054350141335057061e-03,1.191280437485577569e-03
3.090000000000008975e-09,1.120166390685457533e-06,1.058508550997168183e-05,6.309833695051783042e-01,1.327252670322376501e-03,1.324703183325577800e-03,1.151229213233040307e-03,1.628132539885480344e-09,-4.582814766674927258e-09,2.020436524168159220e+00,1.057437589033731560e-03,1.057986167979509335e-03,1.195710971877897389e-03
3.105000000000009027e-09,1.120170025238333567e-06,1.058507623142869900e-05,6.350153487660777918e-01,1.329360170358440379e-03,1.326811693317415854e-03,1.151695812122443402e-03,1.628164648960490731e-09,-4.582824971168558581e-09,2.029236694972010646e+00,1.061062323423547045e-03,1.061612408799092640e-03,1.200131335835095308e-03
3.120000000000009078e-09,1.120173648637937996e-06,1.058506698464907221e-05,6.390507460937800976e-01,1.331467515020892060e-03,1.328920047581794118e-03,1.152159257126024287e-03,1.628196428917314299e-09,-4.582835061186600291e-09,2.038036865773803719e+00,1.064677330004839412e-03,1.065228915239372015e-03,1.204541574756642398e-03
3.135000000000009130e-09,1.120177260939375397e-06,1.058505776944366750e-05,6.430895259414552978e-01,1.333574680055606577e-03,1.331028221852036033e-03,1.152619572191450597e-03,1.628227883596280559e-09,-4.582845038295956632e-09,2.046837036573523338e+00,1.068282659808005583e-03,1.068835738378335004e-03,1.208941733824949209e-03
3.150000000000009181e-09,1.120180862197771095e-06,1.058504858562447910e-05,6.471316532242468167e-01,1.335681641625433144e-03,1.333136192278645870e-03,1.153076781140918066e-03,1.628259016733657216e-09,-4.582854903951163502e-09,2.055637207371149078e+00,1.071878363497602528e-03,1.072432928924794840e-03,1.213331857984696529e-03
3.165000000000009233e-09,1.120184452467582323e-06,1.058503943300505814e-05,6.511770933124004790e-01,1.337788376303298329e-03,1.335243935422445729e-03,1.153530907668989716e-03,1.628289831961094310e-09,-4.582864659394627154e-09,2.064437378166699144e+00,1.075464491374831600e-03,1.076020537248331558e-03,1.217711991934198852e-03
3.180000000000009285e-09,1.120188031803388494e-06,1.058503031140044650e-05,6.552258120243762418e-01,1.339894861065451690e-03,1.337351428247830071e-03,1.153981975340574685e-03,1.628320333003685785e-09,-4.582874306029374121e-09,2.073237548960185084e+00,1.079041093386624156e-03,1.079598613367586946e-03,1.222082180131785342e-03
3.195000000000009336e-09,1.120191600259055400e-06,1.058502122062689055e-05,6.592777756201162465e-01,1.342001073284788612e-03,1.339458648116079219e-03,1.154430007588987941e-03,1.628350523485649670e-09,-4.582883845131558800e-09,2.082037719751595350e+00,1.082608219142008454e-03,1.083167206941506146e-03,1.226442466810202586e-03
3.210000000000009388e-09,1.120195157888404359e-06,1.058501216050194277e-05,6.633329507944738523e-01,1.344106990724359399e-03,1.341565572778812736e-03,1.154875027714173490e-03,1.628380407016149511e-09,-4.582893277898285244e-09,2.090837890540930388e+00,1.086165917909223070e-03,1.086726367288860882e-03,1.230792895973773990e-03
3.225000000000009439e-09,1.120198704744869176e-06,1.058500313084472945e-05,6.673913046706473340e-01,1.346212591530939525e-03,1.343672180371624286e-03,1.155317058881049231e-03,1.628409987122169084e-09,-4.582902605667390708e-09,2.099638061328195082e+00,1.089714238616841004e-03,1.090276143391274164e-03,1.235133511386340630e-03
3.240000000000009491e-09,1.120202240881689470e-06,1.058499413147525777e-05,6.714528047938380650e-01,1.348317854228715459e-03,1.345778449407674868e-03,1.155756124117935735e-03,1.628439267240407881e-09,-4.582911829863665675e-09,2.108438232113384547e+00,1.093253229863596016e-03,1.093816583891093520e-03,1.239464356585117570e-03
3.255000000000009543e-09,1.120205766351551116e-06,1.058498516221531879e-05,6.755174191248696225e-01,1.350422757713092567e-03,1.347884358771593528e-03,1.156192246315130298e-03,1.628468250857204914e-09,-4.582920951756685145e-09,2.117238402896512550e+00,1.096782939904633212e-03,1.097347737090505638e-03,1.243785474859320775e-03
3.270000000000009594e-09,1.120209281207141043e-06,1.058497622288774031e-05,6.795851160340988795e-01,1.352527281244547469e-03,1.349989887713273339e-03,1.156625448223569039e-03,1.628496941328644102e-09,-4.582929972513540579e-09,2.126038573677583088e+00,1.100303416660965670e-03,1.100869650954821926e-03,1.248096909249797170e-03
3.285000000000009646e-09,1.120212785500672905e-06,1.058496731331679010e-05,6.836558642952301756e-01,1.354631404442727160e-03,1.352095015841959461e-03,1.157055752453583315e-03,1.628525341950970288e-09,-4.582938893487156179e-09,2.134838744456590387e+00,1.103814707724785731e-03,1.104382373109688868e-03,1.252398702570726042e-03
3.300000000000009697e-09,1.120216279284175487e-06,1.058495843332804884e-05,6.877296330793569723e-01,1.356735107280441447e-03,1.354199723120234206e-03,1.157483181473764351e-03,1.628553456078690783e-09,-4.582947716002094606e-09,2.143638915233518905e+00,1.107316860337594034e-03,1.107885950832801026e-03,1.256690897399126775e-03
3.315000000000009749e-09,1.120219762609378576e-06,1.058494958274817970e-05,6.918063919490688995e-01,1.358838370077921015e-03,1.356303989858277052e-03,1.157907757609957745e-03,1.628581286991359788e-09,-4.582956441317979052e-09,2.152439086008386848e+00,1.110809921403968460e-03,1.111380431074187334e-03,1.260973536090500202e-03
3.330000000000009801e-09,1.120223235527466465e-06,1.058494076140513673e-05,6.958861108526668282e-01,1.360941173497068769e-03,1.358407796708163045e-03,1.158329503044288342e-03,1.628608837955392980e-09,-4.582965070718933798e-09,2.161239256781220863e+00,1.114293937506808654e-03,1.114865860464812506e-03,1.265246660749744017e-03
3.345000000000009852e-09,1.120226698089794127e-06,1.058493196912867648e-05,6.999687601183666175e-01,1.363043498535906548e-03,1.360511124658242725e-03,1.158748439814285495e-03,1.628636112221316311e-09,-4.582973605279135589e-09,2.170039427551992528e+00,1.117768954905259786e-03,1.118342285302494337e-03,1.269510313248214430e-03
3.360000000000009904e-09,1.120230150347044203e-06,1.058492320574896038e-05,7.040543104488363735e-01,1.365145326523013389e-03,1.362613955027626575e-03,1.159164589812145593e-03,1.628663112953677545e-09,-4.582982046093472942e-09,2.178839598320700066e+00,1.121235019545099203e-03,1.121809751562836575e-03,1.273764535254377642e-03
3.375000000000009955e-09,1.120233592349817804e-06,1.058491447109813359e-05,7.081427329155265404e-01,1.367246639112208381e-03,1.364716269460809327e-03,1.159577974784014535e-03,1.628689843308940410e-09,-4.582990394341815605e-09,2.187639769087368791e+00,1.124692177060344521e-03,1.125268304911871157e-03,1.278009368214607549e-03
3.390000000000010007e-09,1.120237024148312645e-06,1.058490576500933401e-05,7.122339989533259530e-01,1.369347418277161530e-03,1.366818049922306419e-03,1.159988616329385783e-03,1.628716306496352065e-09,-4.582998651098945817e-09,2.196439939851989820e+00,1.128140472760010525e-03,1.128717990701119450e-03,1.282244853348583728e-03
3.405000000000010059e-09,1.120240445792613784e-06,1.058489708731690911e-05,7.163280803551851372e-01,1.371447646306199995e-03,1.368919278691477573e-03,1.160396535900549368e-03,1.628742505590837528e-09,-4.583006817257809184e-09,2.205240110614550719e+00,1.131579951633774998e-03,1.132158853970834447e-03,1.286471031626858870e-03
3.420000000000010110e-09,1.120243857332275189e-06,1.058488843785610590e-05,7.204249492668857169e-01,1.373547305797155312e-03,1.371019938357357975e-03,1.160801754802114841e-03,1.628768443653628673e-09,-4.583014893890350718e-09,2.214040281375062147e+00,1.135010658359581143e-03,1.135590939444076908e-03,1.290687943778978577e-03
3.435000000000010162e-09,1.120247258816811866e-06,1.058487981646406195e-05,7.245245781818143715e-01,1.375646379652325970e-03,1.373120011813612614e-03,1.161204294190636794e-03,1.628794123687435583e-09,-4.583022882128693645e-09,2.222840452133543643e+00,1.138432637300229068e-03,1.139014291521948767e-03,1.294895630311625493e-03
3.450000000000010213e-09,1.120250650295305349e-06,1.058487122297877715e-05,7.286269399359445176e-01,1.377744851073462546e-03,1.375219482253512305e-03,1.161604175074262921e-03,1.628819548496472706e-09,-4.583030782966333166e-09,2.231640622889992542e+00,1.141845932503611927e-03,1.142428954291006913e-03,1.299094131503977833e-03
3.465000000000010265e-09,1.120254031816531397e-06,1.058486265723947616e-05,7.327320077027597023e-01,1.379842703556906358e-03,1.377318333165120047e-03,1.162001418312437603e-03,1.628844720966709921e-09,-4.583038597521694397e-09,2.240440793644417283e+00,1.145250587720829036e-03,1.145834971539924987e-03,1.303283487416763333e-03
3.480000000000010317e-09,1.120257403428997045e-06,1.058485411908636452e-05,7.368397549883877184e-01,1.381939920888820058e-03,1.379416548326449629e-03,1.162396044615768547e-03,1.628869643971692646e-09,-4.583046326906786841e-09,2.249240964396815645e+00,1.148646646407144086e-03,1.149232386761014305e-03,1.307463737881991430e-03
3.495000000000010368e-09,1.120260765181022134e-06,1.058484560836110468e-05,7.409501556267412692e-01,1.384036487140418445e-03,1.381514111800753904e-03,1.162788074545805829e-03,1.628894320369780090e-09,-4.583053972248210640e-09,2.258041135147179634e+00,1.152034151704960574e-03,1.152621243136449716e-03,1.311634922499724069e-03
3.510000000000010420e-09,1.120264117120585363e-06,1.058483712490666519e-05,7.450631837747270225e-01,1.386132386663373401e-03,1.383611007931866187e-03,1.163177528514968600e-03,1.628918752908083115e-09,-4.583061534652056820e-09,2.266841305895501257e+00,1.155413146457235328e-03,1.156001583546719660e-03,1.315797080669419122e-03
3.525000000000010471e-09,1.120267459295327890e-06,1.058482866856646862e-05,7.491788139075811204e-01,1.388227604085267176e-03,1.385707221339686507e-03,1.163564426786514944e-03,1.628942944248216641e-09,-4.583069015125542681e-09,2.275641476641809380e+00,1.158783673216773162e-03,1.159373450577973587e-03,1.319950251581482499e-03
3.540000000000010523e-09,1.120270791752630618e-06,1.058482023918582305e-05,7.532970208142357738e-01,1.390322124305069101e-03,1.387802736915650292e-03,1.163948789474550990e-03,1.628966897007701695e-09,-4.583076414792498137e-09,2.284441647386123098e+00,1.162145774242681747e-03,1.162736886523159287e-03,1.324094474199229848e-03
3.555000000000010575e-09,1.120274114539674132e-06,1.058481183661106484e-05,7.574177795928026535e-01,1.392415932488774927e-03,1.389897539818326505e-03,1.164330636544082948e-03,1.628990613825953115e-09,-4.583083734726815382e-09,2.293241818128426424e+00,1.165499491504020605e-03,1.166091933385298264e-03,1.328229787268573464e-03
3.570000000000010626e-09,1.120277427703274576e-06,1.058480346068941803e-05,7.615410656461086836e-01,1.394509014065052448e-03,1.391991615469137652e-03,1.164709987811109702e-03,1.629014097416983787e-09,-4.583090975884704449e-09,2.302041988868723799e+00,1.168844866682388446e-03,1.169438632874042960e-03,1.332356229322565096e-03
3.585000000000010678e-09,1.120280731289990387e-06,1.058479511126921970e-05,7.656668546772575912e-01,1.396601354720983842e-03,1.394084949548022754e-03,1.165086862942807128e-03,1.629037350524974285e-09,-4.583098139254154000e-09,2.310842159606998347e+00,1.172181941167450185e-03,1.172777026409135143e-03,1.336473838666713248e-03
3.600000000000010729e-09,1.120284025346360308e-06,1.058478678820013335e-05,7.697951226853720907e-01,1.398692940397913177e-03,1.396177527989329306e-03,1.165461281457719342e-03,1.629060375828986216e-09,-4.583105225758295115e-09,2.319642330343280268e+00,1.175510756065002759e-03,1.176107155124526743e-03,1.340582653360633926e-03
3.615000000000010781e-09,1.120287309918153977e-06,1.058477849133282707e-05,7.739258459612734509e-01,1.400783757287274401e-03,1.398269336977622833e-03,1.165833262725936943e-03,1.629083176009677854e-09,-4.583112236414017317e-09,2.328442501077576221e+00,1.178831352202565482e-03,1.179429059870037814e-03,1.344682711249131895e-03
3.630000000000010833e-09,1.120290585051419068e-06,1.058477022051916665e-05,7.780590010833761117e-01,1.402873791826631401e-03,1.400360362943698983e-03,1.166202825969467815e-03,1.629105753735951788e-09,-4.583119172233322321e-09,2.337242671809871553e+00,1.182143770123527966e-03,1.182742781217647728e-03,1.348774049989269084e-03
3.645000000000010884e-09,1.120293850791551043e-06,1.058476197561195811e-05,7.821945649135040313e-01,1.404963030695620483e-03,1.402450592560572839e-03,1.166569990262465457e-03,1.629128111463974229e-09,-4.583126034063581388e-09,2.346042842540193352e+00,1.185448050091154285e-03,1.186048359468037678e-03,1.352856707029730923e-03
3.660000000000010936e-09,1.120297107183930326e-06,1.058475375646518142e-05,7.863325145928140580e-01,1.407051460812073270e-03,1.404540012739593797e-03,1.166934774531627099e-03,1.629150251706160496e-09,-4.583132822851949409e-09,2.354843013268526075e+00,1.188744232095828709e-03,1.189345834650174134e-03,1.356930719609089663e-03
3.675000000000010987e-09,1.120300354273564649e-06,1.058474556293385675e-05,7.904728275379513391e-01,1.409139069328192067e-03,1.406628610626612036e-03,1.167297197556578384e-03,1.629172177011887856e-09,-4.583139539588151295e-09,2.363643183994872388e+00,1.192032355853282375e-03,1.192635246511560563e-03,1.360996124759770824e-03
3.690000000000011039e-09,1.120303592105196621e-06,1.058473739487435100e-05,7.946154814369257302e-01,1.411225843626754718e-03,1.408716373598158664e-03,1.167657277970243724e-03,1.629193889777319459e-09,-4.583146185183490272e-09,2.372443354719240727e+00,1.195312460802622429e-03,1.195916634521362095e-03,1.365052959302420115e-03
3.705000000000011091e-09,1.120306820723308813e-06,1.058472925214376974e-05,7.987604542454312950e-01,1.413311771317367826e-03,1.410803289257746415e-03,1.168015034259346123e-03,1.629215392468768125e-09,-4.583152760512439350e-09,2.381243525441632869e+00,1.198584586112788229e-03,1.199190037882161318e-03,1.369101259845345499e-03
3.720000000000011142e-09,1.120310040172185801e-06,1.058472113460014007e-05,8.029077241829175593e-01,1.415396840232869364e-03,1.412889345432220009e-03,1.168370484764865141e-03,1.629236687437047243e-09,-4.583159266446956910e-09,2.390043696162081233e+00,1.201848770690540835e-03,1.202455495532321183e-03,1.373141062797979305e-03
3.735000000000010780e-09,1.120313250495731632e-06,1.058471304210268850e-05,8.070572697289193353e-01,1.417481038425723273e-03,1.414974530168149015e-03,1.168723647682531723e-03,1.629257777035029051e-09,-4.583165703880081203e-09,2.398843866880572939e+00,1.205105053175576073e-03,1.205713046144145329e-03,1.377172404368805659e-03
3.750000000000010418e-09,1.120316451737687300e-06,1.058470497451201204e-05,8.112090696194027561e-01,1.419564354164476070e-03,1.417058831728328690e-03,1.169074541063370304e-03,1.629278663665164926e-09,-4.583172073546540518e-09,2.407644037597086673e+00,1.208353471930669791e-03,1.208962728115139853e-03,1.381195320542047108e-03
3.765000000000010056e-09,1.120319643941531005e-06,1.058469693168943108e-05,8.153631028430470273e-01,1.421646775930247289e-03,1.419142238588269340e-03,1.169423182814270396e-03,1.629299349646546291e-09,-4.583178376172528297e-09,2.416444208311665065e+00,1.211594065055775086e-03,1.212204579580313576e-03,1.385209847096098871e-03
3.780000000000009694e-09,1.120322827150501238e-06,1.058468891349714182e-05,8.195193486377667647e-01,1.423728292413385796e-03,1.421224739432807747e-03,1.169769590698534114e-03,1.629319837305377497e-09,-4.583184612541107474e-09,2.425244379024296570e+00,1.214826870401808151e-03,1.215438638425230325e-03,1.389216019603365781e-03
3.795000000000009332e-09,1.120326001407505089e-06,1.058468091979853818e-05,8.236777864871591692e-01,1.425808892510087951e-03,1.423306323152726850e-03,1.170113782336513900e-03,1.629340128907473951e-09,-4.583190783355889458e-09,2.434044549734979412e+00,1.218051925565326581e-03,1.218664942279021248e-03,1.393213873425892509e-03
3.810000000000008970e-09,1.120329166755266264e-06,1.058467295045801018e-05,8.278383961171240646e-01,1.427888565319092740e-03,1.425386978841526337e-03,1.170455775206221197e-03,1.629360226691217824e-09,-4.583196889359081079e-09,2.442844720443723361e+00,1.221269267889400420e-03,1.221883528516208442e-03,1.397203443746991049e-03
3.825000000000008608e-09,1.120332323236225137e-06,1.058466500534104730e-05,8.320011574923600328e-01,1.429967300138484682e-03,1.427466695792085905e-03,1.170795586643973716e-03,1.629380132871858562e-09,-4.583202931397649110e-09,2.451644891150538186e+00,1.224478934461402770e-03,1.225094434254783097e-03,1.401184765561213795e-03
3.840000000000008246e-09,1.120335470892620489e-06,1.058465708431406058e-05,8.361660508130998037e-01,1.432045086462428209e-03,1.429545463493562922e-03,1.171133233845090844e-03,1.629399849614367708e-09,-4.583208910230877524e-09,2.460445061855452309e+00,1.227680962112068707e-03,1.228297696354729894e-03,1.405157873654116476e-03
3.855000000000007884e-09,1.120338609766400991e-06,1.058464918724428607e-05,8.403330565118096729e-01,1.434121913978114336e-03,1.431623271628155872e-03,1.171468733864538527e-03,1.629419379025961610e-09,-4.583214826677338466e-09,2.469245232558423542e+00,1.230875387423567384e-03,1.231493351427552377e-03,1.409122802608548698e-03
3.870000000000007522e-09,1.120341739899246381e-06,1.058464131400006776e-05,8.445021552499406559e-01,1.436197772562612142e-03,1.433700110068107181e-03,1.171802103617661760e-03,1.629438723227534875e-09,-4.583220681528216956e-09,2.478045403259461654e+00,1.234062246732151166e-03,1.234681435838621980e-03,1.413079586804975949e-03
3.885000000000007160e-09,1.120344861332604523e-06,1.058463346445092022e-05,8.486733279147368192e-01,1.438272652279876584e-03,1.435775968872598498e-03,1.172133359880891262e-03,1.629457884294434029e-09,-4.583226475476982342e-09,2.486845573958608391e+00,1.237241576131389376e-03,1.237861985709943829e-03,1.417028260418667397e-03
3.900000000000006798e-09,1.120347974107814436e-06,1.058462563846678153e-05,8.528465556161157757e-01,1.440346543377736804e-03,1.437850838284838312e-03,1.172462519292486382e-03,1.629476864334567148e-09,-4.583232209332993632e-09,2.495645744655839771e+00,1.240413411469252656e-03,1.241035036918429826e-03,1.420968857439167078e-03
3.915000000000006436e-09,1.120351078265795011e-06,1.058461783591895691e-05,8.570218196835441837e-01,1.442419436284975284e-03,1.439924708729066298e-03,1.172789598353267577e-03,1.629495665370620167e-09,-4.583237883811996972e-09,2.504445915351164231e+00,1.243577788348516943e-03,1.244200625097993977e-03,1.424901411666489861e-03
3.930000000000006074e-09,1.120354173847322838e-06,1.058461005667964262e-05,8.611991016630752283e-01,1.444491321608474231e-03,1.441997570807716615e-03,1.173114613427422414e-03,1.629514289375398787e-09,-4.583243499594057252e-09,2.513246086044615080e+00,1.246734742137236207e-03,1.247358785647598037e-03,1.428825956704477896e-03
3.945000000000005712e-09,1.120357260892920820e-06,1.058460230062182270e-05,8.653783833142733029e-01,1.446562190130335716e-03,1.444069415298551056e-03,1.173437580743234366e-03,1.629532738405077142e-09,-4.583249057330776070e-09,2.522046256736167447e+00,1.249884307969143394e-03,1.250509553726855076e-03,1.432742525966512618e-03
3.960000000000005350e-09,1.120360339442876173e-06,1.058459456761964498e-05,8.695596466073245434e-01,1.448632032805115440e-03,1.446140233151888476e-03,1.173758516393882739e-03,1.629551014359648981e-09,-4.583254557686630096e-09,2.530846427425827549e+00,1.253026520742095678e-03,1.253652964259479403e-03,1.436651152662682352e-03
3.975000000000004988e-09,1.120363409537322377e-06,1.058458685754785871e-05,8.737428737201069495e-01,1.450700840757110062e-03,1.448210015487876295e-03,1.174077436338279460e-03,1.629569119144606115e-09,-4.583260001351851091e-09,2.539646598113616260e+00,1.256161415117106701e-03,1.256789051939918205e-03,1.440551869816880399e-03
3.990000000000004626e-09,1.120366471215891469e-06,1.058457917028235662e-05,8.779280470353814092e-01,1.452768605277630432e-03,1.450278753593756131e-03,1.174394356401808068e-03,1.629587054769802839e-09,-4.583265389005651948e-09,2.548446768799513151e+00,1.259289025521006557e-03,1.259917851228473063e-03,1.444444710270983761e-03
4.005000000000004264e-09,1.120369524518287059e-06,1.058457150569967180e-05,8.821151491379244369e-01,1.454835317822364589e-03,1.452346438921256087e-03,1.174709292277232708e-03,1.629604823123803746e-09,-4.583270721421198383e-09,2.557246939483528880e+00,1.262409386158734690e-03,1.263039396348616993e-03,1.448329706682892045e-03
4.020000000000003902e-09,1.120372569483894486e-06,1.058456386367763837e-05,8.863041628117985793e-01,1.456900970008752697e-03,1.454413063083933580e-03,1.175022259525451869e-03,1.629622426027637030e-09,-4.583275999307591804e-09,2.566047110165708300e+00,1.265522531014747626e-03,1.266153721297638268e-03,1.452206891532770291e-03
4.035000000000003540e-09,1.120375606151676628e-06,1.058455624409470881e-05,8.904950710376344780e-01,1.458965553613499879e-03,1.456478617854635275e-03,1.175333273576369434e-03,1.629639865336061653e-09,-4.583281223225715261e-09,2.574847280846019437e+00,1.268628493840955052e-03,1.269260859847242805e-03,1.456076297106256639e-03
4.050000000000003178e-09,1.120378634560696741e-06,1.058454864683012163e-05,8.946878569899370248e-01,1.461029060569945734e-03,1.458543095162976103e-03,1.175642349729759655e-03,1.629657142898135858e-09,-4.583286393911045642e-09,2.583647451524463179e+00,1.271727308153430564e-03,1.272360845542176797e-03,1.459937955491251134e-03
4.065000000000002816e-09,1.120381654749393602e-06,1.058454107176416735e-05,8.988825040344465833e-01,1.463091482965651977e-03,1.460606487092862933e-03,1.175949503156076183e-03,1.629674260533609634e-09,-4.583291512059043319e-09,2.592447622201071500e+00,1.274819007245873775e-03,1.275453711706411213e-03,1.463791898586092998e-03
4.080000000000002454e-09,1.120384666756341304e-06,1.058453351877802759e-05,9.030789957255658251e-01,1.465152813039937189e-03,1.462668785880018047e-03,1.176254748897341985e-03,1.629691219987199835e-09,-4.583296578207804169e-09,2.601247792875827969e+00,1.277903624199239327e-03,1.278539491446601490e-03,1.467638158126496331e-03
4.095000000000002092e-09,1.120387670619743786e-06,1.058452598775356326e-05,9.072773158037847896e-01,1.467213043181482025e-03,1.464729983909664798e-03,1.176558101867991113e-03,1.629708022991140743e-09,-4.583301593095276696e-09,2.610047963548751682e+00,1.280981191876594738e-03,1.281618217651485803e-03,1.471476765685626872e-03
4.110000000000001730e-09,1.120390666377601064e-06,1.058451847857382284e-05,9.114774481931410266e-01,1.469272165925975633e-03,1.466790073714077961e-03,1.176859576855773153e-03,1.629724671245344145e-09,-4.583306557416080856e-09,2.618848134219847523e+00,1.284051742918558515e-03,1.284689922987690717e-03,1.475307752647334351e-03
4.125000000000001368e-09,1.120393654067615632e-06,1.058451099112213601e-05,9.156793769987948695e-01,1.471330173953815622e-03,1.468849047970354838e-03,1.177159188522607786e-03,1.629741166460483033e-09,-4.583311471677544719e-09,2.627648304889109721e+00,1.287115309745539464e-03,1.287754639903096986e-03,1.479131150203926619e-03
4.140000000000001006e-09,1.120396633727323544e-06,1.058450352528312502e-05,9.198830865045436456e-01,1.473387060087777900e-03,1.470906899497993791e-03,1.177456951405470584e-03,1.629757510291787586e-09,-4.583316336531819958e-09,2.636448475556540938e+00,1.290171924567584064e-03,1.290812400634074649e-03,1.482946989375728006e-03
4.155000000000000644e-09,1.120399605394037448e-06,1.058449608094214058e-05,9.240885611704275915e-01,1.475442817290818342e-03,1.472963621256802606e-03,1.177752879917252568e-03,1.629773704426258128e-09,-4.583321152612880131e-09,2.645248646222166045e+00,1.293221619381555807e-03,1.293863237201645826e-03,1.486755301008821795e-03
4.170000000000000282e-09,1.120402569104933408e-06,1.058448865798528046e-05,9.282957856303785116e-01,1.477497438663849310e-03,1.475019206344580468e-03,1.178046988347677439e-03,1.629789750565612182e-09,-4.583325920489278732e-09,2.654048816885991258e+00,1.296264425970711275e-03,1.296907181412745207e-03,1.490556115771030869e-03
4.184999999999999920e-09,1.120405524896781973e-06,1.058448125629967076e-05,9.325047446898850900e-01,1.479550917443541325e-03,1.477073647994982947e-03,1.178339290864209273e-03,1.629805650231472059e-09,-4.583330640782848787e-09,2.662848987548001922e+00,1.299300375914181922e-03,1.299944264865994514e-03,1.494349464146720258e-03
4.199999999999999558e-09,1.120408472806326371e-06,1.058447387577293053e-05,9.367154233236951733e-01,1.481603247000256576e-03,1.479126939575378316e-03,1.178629801512885841e-03,1.629821404992006970e-09,-4.583335313970781692e-09,2.671649158208204700e+00,1.302329500585672163e-03,1.302974518958591524e-03,1.498135376446825149e-03
4.214999999999999196e-09,1.120411412869956410e-06,1.058446651629354279e-05,9.409278066735473622e-01,1.483654420835868373e-03,1.481179074584788868e-03,1.178918534219243431e-03,1.629837016441333337e-09,-4.583339940572450918e-09,2.680449328866620018e+00,1.305351831149403593e-03,1.305997974886732469e-03,1.501913882819953978e-03
4.229999999999998834e-09,1.120414345123864537e-06,1.058445917775111714e-05,9.451418800459790992e-01,1.485704432581743881e-03,1.483230046651728582e-03,1.179205502789242542e-03,1.629852486160440843e-09,-4.583344521181516547e-09,2.689249499523253206e+00,1.308367398561959645e-03,1.309014663638058190e-03,1.505685013242401412e-03
4.244999999999998473e-09,1.120417269604233669e-06,1.058445186003560536e-05,9.493576289100752463e-01,1.487753275996680667e-03,1.485279849532308589e-03,1.179490720910110740e-03,1.629867815716501741e-09,-4.583349056419926583e-09,2.698049670178088277e+00,1.311376233578059837e-03,1.312024615993723220e-03,1.509448797515452806e-03
4.259999999999998111e-09,1.120420186346631779e-06,1.058444456303823318e-05,9.535750388953965206e-01,1.489800944964961207e-03,1.487328477108106062e-03,1.179774202151288084e-03,1.629883006608215101e-09,-4.583353546916246473e-09,2.706849840831147436e+00,1.314378366757346442e-03,1.315027862538216928e-03,1.513205265275638801e-03
4.274999999999997749e-09,1.120423095386792223e-06,1.058443728665067693e-05,9.577940957897808083e-01,1.491847433494302442e-03,1.489375923384263830e-03,1.180055959965290802e-03,1.629898060338914476e-09,-4.583357993201988566e-09,2.715650011482443560e+00,1.317373828464949792e-03,1.318024433660048731e-03,1.516954446002638512e-03
4.289999999999997387e-09,1.120425996759990534e-06,1.058443003076528212e-05,9.620147855372518375e-01,1.493892735714005913e-03,1.491422182487543366e-03,1.180336007688652811e-03,1.629912978413000485e-09,-4.583362395896796339e-09,2.724450182131976650e+00,1.320362648867975247e-03,1.321014359548163940e-03,1.520696369007878057e-03
4.304999999999997025e-09,1.120428890501453542e-06,1.058442279527515827e-05,9.662370942360464232e-01,1.495936845873037423e-03,1.493467248664424830e-03,1.180614358542773131e-03,1.629927762310970500e-09,-4.583366755543180333e-09,2.733250352779763137e+00,1.323344857933351701e-03,1.323997670194034318e-03,1.524431063440234973e-03
4.319999999999996663e-09,1.120431776646172814e-06,1.058441558007472442e-05,9.704610081364677399e-01,1.497979758338110817e-03,1.495511116279243328e-03,1.180891025634851548e-03,1.629942413470131487e-09,-4.583371072538272442e-09,2.742050523425782149e+00,1.326320485427965592e-03,1.326974395394631178e-03,1.528158558290065817e-03
4.334999999999996301e-09,1.120434655228875853e-06,1.058440838505843010e-05,9.746865136389500917e-01,1.500021467591888856e-03,1.497553779812301747e-03,1.181166021958785037e-03,1.629956933289455964e-09,-4.583375347465241614e-09,2.750850694070039903e+00,1.329289560930120920e-03,1.329944564757309716e-03,1.531878882388041079e-03
4.349999999999995939e-09,1.120437526284056593e-06,1.058440121012191915e-05,9.789135972921209072e-01,1.502061968231120561e-03,1.499595233858123022e-03,1.181439360396053986e-03,1.629971323256229356e-09,-4.583379580854409059e-09,2.759650864712540841e+00,1.332252113834223213e-03,1.332908207698439229e-03,1.535592064394712339e-03
4.364999999999995577e-09,1.120440389846196689e-06,1.058439405516137245e-05,9.831422457907645907e-01,1.504101254964919929e-03,1.501635473123577287e-03,1.181711053716629021e-03,1.629985584743140725e-09,-4.583383773153712928e-09,2.768451035353304501e+00,1.335208173345562134e-03,1.335865353442357729e-03,1.539298132794107016e-03
4.379999999999995215e-09,1.120443245949321452e-06,1.058438692007393139e-05,9.873724459740083059e-01,1.506139322612979389e-03,1.503674492426250800e-03,1.181981114579828398e-03,1.629999719125884074e-09,-4.583387924791798216e-09,2.777251205992361971e+00,1.338157768477843835e-03,1.338816031024788692e-03,1.542997115912472707e-03
4.394999999999994853e-09,1.120446094627352434e-06,1.058437980475707789e-05,9.916041848233706490e-01,1.508176166103859361e-03,1.505712286692581546e-03,1.182249555535286410e-03,1.630013727726575263e-09,-4.583392036232776112e-09,2.786051376629691489e+00,1.341100928061336999e-03,1.341760269297735371e-03,1.546689041927289295e-03
4.409999999999994491e-09,1.120448935914091334e-06,1.058437270910929164e-05,9.958374494609805172e-01,1.510211780473273918e-03,1.507748850956285198e-03,1.182516389023768270e-03,1.630027611903139422e-09,-4.583396108015620959e-09,2.794851547265305491e+00,1.344037680742285641e-03,1.344698096930211327e-03,1.550373938853566143e-03
4.424999999999994129e-09,1.120451769843047620e-06,1.058436563302986045e-05,1.000072227147680515e+00,1.512246160862470122e-03,1.509784180356595019e-03,1.182781627378088219e-03,1.630041373076764660e-09,-4.583400140567028914e-09,2.803651717899197315e+00,1.346968054976749969e-03,1.347629542404385440e-03,1.554051834538172161e-03
4.439999999999993767e-09,1.120454596447572792e-06,1.058435857641851593e-05,1.004308505281255259e+00,1.514279302516469659e-03,1.511818270136669820e-03,1.183045282824010929e-03,1.630055012473152940e-09,-4.583404134364748892e-09,2.812451888531363853e+00,1.349892079036119118e-03,1.350554634015798099e-03,1.557722756671903186e-03
4.454999999999993405e-09,1.120457415760816755e-06,1.058435153917579100e-05,1.008546271394667793e+00,1.516311200782586958e-03,1.513851115641945324e-03,1.183307367481118864e-03,1.630068531401739650e-09,-4.583408089880718040e-09,2.821252059161835746e+00,1.352809781009902974e-03,1.353473399878062739e-03,1.561386732801270947e-03
4.469999999999993043e-09,1.120460227815726125e-06,1.058434452120320285e-05,1.012785513154340400e+00,1.518341851108733929e-03,1.515882712318541038e-03,1.183567893363680077e-03,1.630081931192758807e-09,-4.583412007431514092e-09,2.830052229790594343e+00,1.355721188812064344e-03,1.356385867928191656e-03,1.565043790317877017e-03
4.484999999999992681e-09,1.120463032645180181e-06,1.058433752240223814e-05,1.017026218358345169e+00,1.520371249041913789e-03,1.517913055711734346e-03,1.183826872381557637e-03,1.630095213103041043e-09,-4.583415887552815079e-09,2.838852400417665844e+00,1.358626330180426117e-03,1.359292065925409672e-03,1.568693956447493815e-03
4.499999999999992319e-09,1.120465830281567981e-06,1.058433054267623010e-05,1.021268374934808598e+00,1.522399390226636395e-03,1.519942141464364783e-03,1.184084316341060296e-03,1.630108378399966229e-09,-4.583419730631130241e-09,2.847652571043054248e+00,1.361525232674263468e-03,1.362192021448536440e-03,1.572337258266550330e-03
4.514999999999991957e-09,1.120468620757344226e-06,1.058432358192775299e-05,1.025511970940201856e+00,1.524426270403454568e-03,1.521969965315344555e-03,1.184340236945813319e-03,1.630121428341334450e-09,-4.583423537070586937e-09,2.856452741666762662e+00,1.364417923679287718e-03,1.365085761897162370e-03,1.575973722701175641e-03
4.529999999999991595e-09,1.120471404104750167e-06,1.058431664006135128e-05,1.029756994557679883e+00,1.526451885407437321e-03,1.523996523098174270e-03,1.184594645797671384e-03,1.630134364134274364e-09,-4.583427307298065785e-09,2.865252912288799081e+00,1.367304430407959449e-03,1.367973314497314234e-03,1.579603376525355119e-03
4.544999999999991233e-09,1.120474180355740758e-06,1.058430971698138986e-05,1.034003434095501550e+00,1.528476231166720932e-03,1.526021810739415074e-03,1.184847554397486843e-03,1.630147186963010614e-09,-4.583431041659281959e-09,2.874053082909146184e+00,1.370184779901333604e-03,1.370854706309362469e-03,1.583226246371660781e-03
4.559999999999990871e-09,1.120476949542143473e-06,1.058430281259348218e-05,1.038251277985396293e+00,1.530499303701055242e-03,1.528045824257343813e-03,1.185098974146069246e-03,1.630159898022869232e-09,-4.583434740588668235e-09,2.882853253527851933e+00,1.373058999032661853e-03,1.373729964223984476e-03,1.586842358737476123e-03
4.574999999999990509e-09,1.120479711695633109e-06,1.058429592680328229e-05,1.042500514780983600e+00,1.532521099120405040e-03,1.530068559760443606e-03,1.185348916344990036e-03,1.630172498480277244e-09,-4.583438404439286805e-09,2.891653424144897677e+00,1.375927114505611686e-03,1.376599114959725818e-03,1.590451739973595307e-03
4.589999999999990147e-09,1.120482466847621460e-06,1.058428905951765894e-05,1.046751133156314628e+00,1.534541613623512839e-03,1.532090013446089352e-03,1.185597392197448603e-03,1.630184989511750593e-09,-4.583442033740451370e-09,2.900453594760268317e+00,1.378789152855845659e-03,1.379462185069297263e-03,1.594054416270781647e-03
4.604999999999989785e-09,1.120485215029315337e-06,1.058428221064403651e-05,1.051003121904217963e+00,1.536560843496559674e-03,1.534110181599049588e-03,1.185844412809123390e-03,1.630197372265031122e-09,-4.583445628891392381e-09,2.909253765374010481e+00,1.381645140452017126e-03,1.382319200938864848e-03,1.597650413670804797e-03
4.619999999999989423e-09,1.120487956271847012e-06,1.058427538008995118e-05,1.055256469934861219e+00,1.538578785111790548e-03,1.536129060590277814e-03,1.186089989188991983e-03,1.630209647911028766e-09,-4.583449190297200036e-09,2.918053935986116620e+00,1.384495103495061606e-03,1.385170188787122241e-03,1.601239758074996834e-03
4.634999999999989061e-09,1.120490690606127683e-06,1.058426856776425204e-05,1.059511166274296867e+00,1.540595434926195825e-03,1.538146646875503034e-03,1.186334132250196514e-03,1.630221817553018619e-09,-4.583452718409469455e-09,2.926854106596571192e+00,1.387339068023183677e-03,1.388015174666558816e-03,1.604822475246231797e-03
4.649999999999988699e-09,1.120493418062661123e-06,1.058426177357614563e-05,1.063767200062912588e+00,1.542610789480180914e-03,1.540162936993873851e-03,1.186576852810878289e-03,1.630233882303405991e-09,-4.583456213575313747e-09,2.935654277205381746e+00,1.390177059911657702e-03,1.390854184467175871e-03,1.608398590801032044e-03
4.664999999999988337e-09,1.120496138672247144e-06,1.058425499743525185e-05,1.068024560554111435e+00,1.544624845396292117e-03,1.542177927566740691e-03,1.186818161595007632e-03,1.630245843322260820e-09,-4.583459676172084436e-09,2.944454447812576703e+00,1.393009104871963501e-03,1.393687243918062622e-03,1.611968130213440806e-03
4.679999999999987975e-09,1.120498852465111270e-06,1.058424823925239337e-05,1.072283237112746423e+00,1.546637599377922523e-03,1.544191615296353678e-03,1.187058069233171880e-03,1.630257701649156402e-09,-4.583463106599468576e-09,2.953254618418144073e+00,1.395835228455796382e-03,1.396514378586503902e-03,1.615531118823432775e-03
4.694999999999987613e-09,1.120501559471489613e-06,1.058424149893836068e-05,1.076543219213900171e+00,1.548649048208105075e-03,1.546203996964635096e-03,1.187296586263443619e-03,1.630269458360533475e-09,-4.583466505202979509e-09,2.962054789022103840e+00,1.398655456056571147e-03,1.399335613883667456e-03,1.619087581828638177e-03
4.709999999999987251e-09,1.120504259721218696e-06,1.058423477640499459e-05,1.080804496441317708e+00,1.550659188748219766e-03,1.548215069431879221e-03,1.187533723132189059e-03,1.630281114498953318e-09,-4.583469872272534941e-09,2.970854959624487535e+00,1.401469812909305430e-03,1.402150975065684672e-03,1.622637544287105962e-03
4.724999999999986889e-09,1.120506953244326261e-06,1.058422807156438493e-05,1.085067058486194336e+00,1.552668017936851544e-03,1.550224829635658786e-03,1.187769490194862977e-03,1.630292671093316943e-09,-4.583473208234841781e-09,2.979655130225232540e+00,1.404278324091243766e-03,1.404960487227159029e-03,1.626181031116313066e-03
4.739999999999986527e-09,1.120509640070305783e-06,1.058422138432972270e-05,1.089330895145783629e+00,1.554675532788536534e-03,1.552233274589506816e-03,1.188003897716814489e-03,1.630304129228935774e-09,-4.583476513504308417e-09,2.988455300824362837e+00,1.407081014522294088e-03,1.407764175306116996e-03,1.629718067091515338e-03
4.754999999999986165e-09,1.120512320228722101e-06,1.058421471461420565e-05,1.093595996322018538e+00,1.556681730392612357e-03,1.554240401381841745e-03,1.188236955874085246e-03,1.630315489877066879e-09,-4.583479788333280357e-09,2.997255471421926831e+00,1.409877908970157091e-03,1.410562064088357638e-03,1.633248676859139388e-03
4.769999999999985803e-09,1.120514993748822838e-06,1.058420806233197683e-05,1.097862352020376520e+00,1.558686607912084052e-03,1.556246207174758096e-03,1.188468674754252288e-03,1.630326754062884823e-09,-4.583483033100521121e-09,3.006055642017902318e+00,1.412669032053063189e-03,1.413354178206017997e-03,1.636772884926549236e-03
4.784999999999985441e-09,1.120517660659704424e-06,1.058420142739772815e-05,1.102129952348399611e+00,1.560690162582453137e-03,1.558250689202876150e-03,1.188699064357133864e-03,1.630337922763210915e-09,-4.583486248214777875e-09,3.014855812612292851e+00,1.415454408233870554e-03,1.416140542140430399e-03,1.640290715668844043e-03
4.799999999999985079e-09,1.120520320990427499e-06,1.058419480972689863e-05,1.106398787514560000e+00,1.562692391710615624e-03,1.560253844772282669e-03,1.188928134595665246e-03,1.630348996902865337e-09,-4.583489433951276767e-09,3.023655983205108644e+00,1.418234061821425571e-03,1.418921180221455235e-03,1.643802193337898622e-03
4.814999999999984717e-09,1.120522974769697588e-06,1.058418820923497301e-05,1.110668847826984607e+00,1.564693292673787796e-03,1.562255671259381870e-03,1.189155895296604547e-03,1.630359977505703096e-09,-4.583492590621207282e-09,3.032456153796352361e+00,1.421008016976937297e-03,1.421696116626457044e-03,1.647307342053319678e-03
4.829999999999984355e-09,1.120525622026162614e-06,1.058418162583848805e-05,1.114940123692203411e+00,1.566692862918333965e-03,1.564256166109820973e-03,1.189382356201352164e-03,1.630370865503827701e-09,-4.583495718652301204e-09,3.041256324386033771e+00,1.423776297714302941e-03,1.424465375382844793e-03,1.650806185805480915e-03
4.844999999999983993e-09,1.120528262788344295e-06,1.058417505945442945e-05,1.119212605613979949e+00,1.568691099958816493e-03,1.566255326837405568e-03,1.189607526966700822e-03,1.630381661893122422e-09,-4.583498818339160564e-09,3.050056494974147547e+00,1.426538927897870934e-03,1.427228980373761776e-03,1.654298748446305593e-03
4.859999999999983631e-09,1.120530897084484403e-06,1.058416851000040461e-05,1.123486284192090512e+00,1.570688001376864974e-03,1.568253151023094993e-03,1.189831417165614254e-03,1.630392367552376706e-09,-4.583501889888295136e-09,3.058856665560708787e+00,1.429295931243742624e-03,1.429986955338438410e-03,1.657785053685106652e-03
4.874999999999983269e-09,1.120533524942697021e-06,1.058416197739449189e-05,1.127761150121142864e+00,1.572683564820150787e-03,1.570249636313911408e-03,1.190054036287967274e-03,1.630402983364945000e-09,-4.583504933650991985e-09,3.067656836145722377e+00,1.432047331321529985e-03,1.432739323868581624e-03,1.661265125096529800e-03
4.889999999999982907e-09,1.120536146390971082e-06,1.058415546155519148e-05,1.132037194189438933e+00,1.574677788001394409e-03,1.572244780421968354e-03,1.190275393741313395e-03,1.630413510295998186e-09,-4.583507950011767671e-09,3.076457006729197641e+00,1.434793151558151625e-03,1.435486109408792279e-03,1.664738986128450624e-03
4.904999999999982545e-09,1.120538761457079948e-06,1.058414896240174727e-05,1.136314407277828176e+00,1.576670668697321758e-03,1.574238581123412785e-03,1.190495498851621651e-03,1.630423949170818084e-09,-4.583510939215104524e-09,3.085257177311127919e+00,1.437533415243765975e-03,1.438227335262238366e-03,1.668206660110704582e-03
4.919999999999982183e-09,1.120541370168600896e-06,1.058414247985395369e-05,1.140592780358592684e+00,1.578662204747751296e-03,1.576231036257520193e-03,1.190714360864026647e-03,1.630434300885289688e-09,-4.583513901532179646e-09,3.094057347891531862e+00,1.440268145529682029e-03,1.440963024594110135e-03,1.671668170255445878e-03
4.934999999999981821e-09,1.120543972553180869e-06,1.058413601383189319e-05,1.144872304494284787e+00,1.580652394054535195e-03,1.578222143725632742e-03,1.190931988943567553e-03,1.630444566357441409e-09,-4.583516837308866202e-09,3.102857518470433007e+00,1.442997365426209808e-03,1.443693200428323260e-03,1.675123539652387163e-03
4.949999999999981459e-09,1.120546568638047529e-06,1.058412956425673241e-05,1.149152970836672338e+00,1.582641234580673545e-03,1.580211901490267620e-03,1.191148392175904978e-03,1.630454746406359690e-09,-4.583519746826485836e-09,3.111657689047783837e+00,1.445721097798603055e-03,1.446417885648002390e-03,1.678572791259462385e-03
4.964999999999981097e-09,1.120549158450339600e-06,1.058412313104945504e-05,1.153434770625685113e+00,1.584628724349356355e-03,1.582200307574159037e-03,1.191363579568067987e-03,1.630464841961873502e-09,-4.583522630317114824e-09,3.120457859623606556e+00,1.448439365372069122e-03,1.449137102999825113e-03,1.682015947908588023e-03
4.979999999999980735e-09,1.120551742017079762e-06,1.058411671413192568e-05,1.157717695188282159e+00,1.586614861442976060e-03,1.584187360059299355e-03,1.191577560049144084e-03,1.630474853897467787e-09,-4.583525488140039891e-09,3.129258030197930918e+00,1.451152190737758745e-03,1.451850875094243569e-03,1.685453032308107313e-03
4.994999999999980373e-09,1.120554319365257027e-06,1.058411031342686104e-05,1.162001735937477243e+00,1.588599644002319572e-03,1.586173057086074983e-03,1.191790342471019289e-03,1.630484782955013540e-09,-4.583528320639330122e-09,3.138058200770759587e+00,1.453859596348574309e-03,1.454559224404620770e-03,1.688884067040892891e-03
5.009999999999980011e-09,1.120556890521327409e-06,1.058410392885685755e-05,1.166286884371255272e+00,1.590583070225572984e-03,1.588157396852369089e-03,1.192001935609098267e-03,1.630494630044091796e-09,-4.583531128002703403e-09,3.146858371342069471e+00,1.456561604521966653e-03,1.457262173266341563e-03,1.692309074574797640e-03
5.024999999999979649e-09,1.120559455511932425e-06,1.058409756034537055e-05,1.170573132071524469e+00,1.592565138367475893e-03,1.590140377612567170e-03,1.192212348162944658e-03,1.630504396004930497e-09,-4.583533910563530065e-09,3.155658541911882331e+00,1.459258237444500429e-03,1.459959743880603423e-03,1.695728077258192761e-03
5.039999999999979287e-09,1.120562014363646038e-06,1.058409120781627379e-05,1.174860470703233073e+00,1.594545846738496973e-03,1.592121997676873351e-03,1.192421588757050857e-03,1.630514081574818054e-09,-4.583536668622766539e-09,3.164458712480218594e+00,1.461949517171236973e-03,1.462651958315355164e-03,1.699141097321070189e-03
5.054999999999978925e-09,1.120564567102462419e-06,1.058408487119410680e-05,1.179148892013200278e+00,1.596525193703876621e-03,1.594102255410285822e-03,1.192629665941503068e-03,1.630523687562354950e-09,-4.583539402409177068e-09,3.173258883047079593e+00,1.464635465622502733e-03,1.465338838505662964e-03,1.702548156876064782e-03
5.069999999999978563e-09,1.120567113754638320e-06,1.058407855040379197e-05,1.183438387829300664e+00,1.598503177682902062e-03,1.596081149231817504e-03,1.192836588192644617e-03,1.630533214771976605e-09,-4.583542112223073709e-09,3.182059053612467991e+00,1.467316104585074301e-03,1.468020406256093221e-03,1.705949277908452117e-03
5.084999999999978201e-09,1.120569654345994268e-06,1.058407224537070908e-05,1.187728950059428135e+00,1.600479797147946965e-03,1.598058677613663388e-03,1.193042363913799329e-03,1.630542663978248121e-09,-4.583544798280547471e-09,3.190859224176366471e+00,1.469991455715955126e-03,1.470696683240943275e-03,1.709344482280226616e-03
5.099999999999977839e-09,1.120572188902429144e-06,1.058406595602079189e-05,1.192020570690488279e+00,1.602455050623775596e-03,1.600034839080381526e-03,1.193247001435903190e-03,1.630552035973734463e-09,-4.583547460821337630e-09,3.199659394738791462e+00,1.472661540543215766e-03,1.473367691003267359e-03,1.712733791736629737e-03
5.114999999999977477e-09,1.120574717449502167e-06,1.058405968228049759e-05,1.196313241787582582e+00,1.604428936686630143e-03,1.602009632208114360e-03,1.193450509018205820e-03,1.630561331497114741e-09,-4.583550100136908719e-09,3.208459565299752292e+00,1.475326380469158894e-03,1.476033450952894243e-03,1.716117227906162552e-03
5.129999999999977115e-09,1.120577240012732745e-06,1.058405342407680180e-05,1.200606955492987016e+00,1.606401453963512103e-03,1.603983055623698153e-03,1.193652894848915361e-03,1.630570551289516522e-09,-4.583552716431253402e-09,3.217259735859257841e+00,1.477985996770051066e-03,1.478693984373814123e-03,1.719494812304528343e-03
5.144999999999976753e-09,1.120579756617494597e-06,1.058404718133680376e-05,1.204901704025294507e+00,1.608372601131377371e-03,1.605955108003986670e-03,1.193854167045865040e-03,1.630579696182533427e-09,-4.583555309984479025e-09,3.226059906417327650e+00,1.480640410595670826e-03,1.481349312428595442e-03,1.722866566338456147e-03
5.159999999999976391e-09,1.120582267289021258e-06,1.058404095398889362e-05,1.209197479678456588e+00,1.610342376916347375e-03,1.607925788075032815e-03,1.194054333657185597e-03,1.630588766913960311e-09,-4.583557881069901777e-09,3.234860076973955056e+00,1.483289642968549545e-03,1.483999456153381729e-03,1.726232511300119501e-03
5.174999999999976029e-09,1.120584772052327941e-06,1.058403474196087707e-05,1.213494274820978713e+00,1.612310780093018656e-03,1.609895094611359188e-03,1.194253402661896819e-03,1.630597764173998952e-09,-4.583560429903912107e-09,3.243660247529109864e+00,1.485933714786610372e-03,1.486644436457666739e-03,1.729592668369404158e-03
5.189999999999975667e-09,1.120587270932365271e-06,1.058402854518173379e-05,1.217792081894951473e+00,1.614277809483597240e-03,1.611863026435118038e-03,1.194451381970609025e-03,1.630606688701016201e-09,-4.583562956714725838e-09,3.252460418082824489e+00,1.488572646826156294e-03,1.489284274130532734e-03,1.732947058614785207e-03
5.204999999999975305e-09,1.120589763953870422e-06,1.058402236358071280e-05,1.222090893415288981e+00,1.616243463957274355e-03,1.613829582415531386e-03,1.194648279426128697e-03,1.630615541203377894e-09,-4.583565461714898607e-09,3.261260588635138014e+00,1.491206459740145604e-03,1.491918989841641008e-03,1.736295702990690946e-03
5.219999999999974943e-09,1.120592251141457113e-06,1.058401619708775770e-05,1.226390701968763208e+00,1.618207742429456216e-03,1.615794761467986580e-03,1.194844102804100980e-03,1.630624322375256896e-09,-4.583567945162152597e-09,3.270060759186001142e+00,1.493835174060756691e-03,1.494548604140076564e-03,1.739638622340923752e-03
5.234999999999974581e-09,1.120594732519715981e-06,1.058401004563285953e-05,1.230691500213244138e+00,1.620170643861054303e-03,1.617758562553443455e-03,1.195038859813603391e-03,1.630633032903884787e-09,-4.583570407311094001e-09,3.278860929735435192e+00,1.496458810199397145e-03,1.497173137453368646e-03,1.742975837397967714e-03
5.249999999999974219e-09,1.120597208112903509e-06,1.058400390914672930e-05,1.234993280876886868e+00,1.622132167257785834e-03,1.619720984677708786e-03,1.195232558097829301e-03,1.630641673508300309e-09,-4.583572848278701047e-09,3.287661100283475690e+00,1.499077388446985000e-03,1.499792610085215428e-03,1.746307368778778676e-03
5.264999999999973857e-09,1.120599677945358764e-06,1.058399778756054219e-05,1.239296036757197461e+00,1.624092311669488552e-03,1.621682026890679511e-03,1.195425205234638705e-03,1.630650244942864468e-09,-4.583575268285854118e-09,3.296461270830102652e+00,1.501690928976006333e-03,1.502407042220451835e-03,1.749633236989748576e-03
5.279999999999973495e-09,1.120602142040982263e-06,1.058399168080564618e-05,1.243599760720402347e+00,1.626051076189443962e-03,1.623641688285740138e-03,1.195616808737205283e-03,1.630658747845048762e-09,-4.583577667550906563e-09,3.305261441375322740e+00,1.504299451842411968e-03,1.505016453926061749e-03,1.752953462430501246e-03
5.294999999999973133e-09,1.120604600423925881e-06,1.058398558881422782e-05,1.247904445700503739e+00,1.628008459953682145e-03,1.625599967999057571e-03,1.195807376054595569e-03,1.630667182881622181e-09,-4.583580046273779664e-09,3.314061611919128847e+00,1.506902976985813282e-03,1.507620865150246245e-03,1.756268065389663150e-03
5.309999999999972771e-09,1.120607053117782662e-06,1.058397951151856682e-05,1.252210084698521131e+00,1.629964462140328849e-03,1.627556865208891566e-03,1.195996914572386091e-03,1.630675550707638772e-09,-4.583582404690661611e-09,3.322861782461549840e+00,1.509501524229572410e-03,1.510220295728657326e-03,1.759577066053928836e-03
5.324999999999972409e-09,1.120609500146510931e-06,1.058397344885154768e-05,1.256516670781779643e+00,1.631919081969010693e-03,1.629512379135035927e-03,1.196185431613255553e-03,1.630683851989913229e-09,-4.583584742968340965e-09,3.331661953002581278e+00,1.512095113281669177e-03,1.512814765384569871e-03,1.762880484509894534e-03
5.339999999999972047e-09,1.120611941533357721e-06,1.058396740074680367e-05,1.260824197083122433e+00,1.633872318700140686e-03,1.631466509038070629e-03,1.196372934437537781e-03,1.630692087418880594e-09,-4.583587061341995102e-09,3.340462123542215167e+00,1.514683763735544166e-03,1.515404293727832348e-03,1.766178340741890625e-03
5.354999999999971685e-09,1.120614377301973674e-06,1.058396136713774614e-05,1.265132656800127098e+00,1.635824171634291764e-03,1.633419254218806916e-03,1.196559430243881788e-03,1.630700257555003709e-09,-4.583589359994548395e-09,3.349262294080481261e+00,1.517267495072335218e-03,1.517988900251747344e-03,1.769470654627193365e-03
5.369999999999971323e-09,1.120616807475420320e-06,1.058395534795863348e-05,1.269442043194383807e+00,1.637774640111651445e-03,1.635370614017661291e-03,1.196744926169726435e-03,1.630708363068568738e-09,-4.583591639137858345e-09,3.358062464617355136e+00,1.519846326660133666e-03,1.520568604334709582e-03,1.772757445935880041e-03
5.384999999999970961e-09,1.120619232076953795e-06,1.058394934314406289e-05,1.273752349590735466e+00,1.639723723511319264e-03,1.637320587813945573e-03,1.196929429291961359e-03,1.630716404579542380e-09,-4.583593898992316471e-09,3.366862635152865657e+00,1.522420277752580290e-03,1.523143425245570767e-03,1.776038734334245070e-03
5.399999999999970599e-09,1.120621651129557917e-06,1.058394335262891448e-05,1.278063569376617803e+00,1.641671421250755561e-03,1.639269175025426933e-03,1.197112946627431132e-03,1.630724382659887975e-09,-4.583596139742921718e-09,3.375662805687013712e+00,1.524989367492052229e-03,1.525713382142105442e-03,1.779314539387127567e-03
5.414999999999970237e-09,1.120624064656143654e-06,1.058393737634884931e-05,1.282375696001295973e+00,1.643617732785164791e-03,1.641216375107598007e-03,1.197295485133554336e-03,1.630732297956390038e-09,-4.583598361600887210e-09,3.384462976219787311e+00,1.527553614910802469e-03,1.528278494071452472e-03,1.782584880558426123e-03
5.429999999999969875e-09,1.120626472679487935e-06,1.058393141423968431e-05,1.286688722975123600e+00,1.645562657606921761e-03,1.643162187553173824e-03,1.197477051708811021e-03,1.630740151143307269e-09,-4.583600564758701185e-09,3.393263146751227755e+00,1.530113038932003717e-03,1.530838779972547564e-03,1.785849777212204694e-03
5.444999999999969513e-09,1.120628875222102354e-06,1.058392546623763282e-05,1.291002643868981892e+00,1.647506195244992453e-03,1.645106611891421992e-03,1.197657653193359619e-03,1.630747942803632220e-09,-4.583602749360736438e-09,3.402063317281298627e+00,1.532667658372912755e-03,1.533394258676152970e-03,1.789109248614261872e-03
5.459999999999969151e-09,1.120631272306584480e-06,1.058391953227915890e-05,1.295317452313404116e+00,1.649448345264385198e-03,1.647049647687713831e-03,1.197837296369536541e-03,1.630755673483333047e-09,-4.583604915673339336e-09,3.410863487810011918e+00,1.535217491942599032e-03,1.535944948903732307e-03,1.792363313923835220e-03
5.474999999999968789e-09,1.120633663955267184e-06,1.058391361230157024e-05,1.299633141998085106e+00,1.651389107265551978e-03,1.648991294542902263e-03,1.198015987962429288e-03,1.630763343797416260e-09,-4.583607063860508362e-09,3.419663658337389833e+00,1.537762558241937945e-03,1.538490869268528682e-03,1.795611992203360614e-03
5.489999999999968427e-09,1.120636050190447126e-06,1.058390770624224232e-05,1.303949706671079012e+00,1.653328480883866063e-03,1.650931552092752387e-03,1.198193734640396434e-03,1.630770954300082943e-09,-4.583609194039507948e-09,3.428463828863447915e+00,1.540302875765437503e-03,1.541032038277627284e-03,1.798855302420783973e-03
5.504999999999968065e-09,1.120638431034110527e-06,1.058390181403899954e-05,1.308267140138181572e+00,1.655266465789091614e-03,1.652870420007435375e-03,1.198370543015584789e-03,1.630778505559292471e-09,-4.583611306498458336e-09,3.437263999388160407e+00,1.542838462902278293e-03,1.543568474333581898e-03,1.802093263442760933e-03
5.519999999999967703e-09,1.120640806508328103e-06,1.058389593563012028e-05,1.312585436262348582e+00,1.657203061684825321e-03,1.654807897990968370e-03,1.198546419644490584e-03,1.630785998179606956e-09,-4.583613401403822179e-09,3.446064169911549069e+00,1.545369337935082474e-03,1.546100195732899628e-03,1.805325894034412243e-03
5.534999999999967341e-09,1.120643176635029535e-06,1.058389007095435899e-05,1.316904588962912959e+00,1.659138268307973818e-03,1.656743985780701226e-03,1.198721371028463410e-03,1.630793432695125753e-09,-4.583615478868426087e-09,3.454864340433637881e+00,1.547895519040345079e-03,1.548627220666476314e-03,1.808553212863835569e-03
5.549999999999966979e-09,1.120645541435925762e-06,1.058388421995060225e-05,1.321224592215122673e+00,1.661072085428192931e-03,1.658678683146812141e-03,1.198895403614199306e-03,1.630800809660262533e-09,-4.583617539117779347e-09,3.463664510954390430e+00,1.550417024294086605e-03,1.551149567220754238e-03,1.811775238502841235e-03
5.564999999999966617e-09,1.120647900932655509e-06,1.058387838255820248e-05,1.325545440049323620e+00,1.663004512847509079e-03,1.660611989891756877e-03,1.199068523794290676e-03,1.630808129634311123e-09,-4.583619582275792787e-09,3.472464681473832915e+00,1.552933871672706285e-03,1.553667253380643619e-03,1.814991989425352803e-03
5.579999999999966255e-09,1.120650255146694875e-06,1.058387255871699156e-05,1.329867126550516199e+00,1.664935550399665497e-03,1.662543905849800385e-03,1.199240737907706581e-03,1.630815393125518176e-09,-4.583621608463298469e-09,3.481264851991956455e+00,1.555446079051430808e-03,1.556180297031484801e-03,1.818203484012219416e-03
5.594999999999965893e-09,1.120652604099550448e-06,1.058386674836747898e-05,1.334189645857670303e+00,1.666865197949721515e-03,1.664474430886494442e-03,1.199412052240322055e-03,1.630822600752422056e-09,-4.583623617899276745e-09,3.490065022508772152e+00,1.557953664204563037e-03,1.558688715957433444e-03,1.821409740548578802e-03
5.609999999999965531e-09,1.120654947812319702e-06,1.058386095144996753e-05,1.338512992163084725e+00,1.668793455393519998e-03,1.666403564898215773e-03,1.199582473025366091e-03,1.630829753014497372e-09,-4.583625610794681004e-09,3.498865193024306208e+00,1.560456644807893490e-03,1.561192527841206382e-03,1.824610777235370195e-03
5.624999999999965169e-09,1.120657286306313775e-06,1.058385516790523269e-05,1.342837159711886219e+00,1.670720322657226345e-03,1.668331307811684889e-03,1.199752006443985212e-03,1.630836850374565532e-09,-4.583627587358189890e-09,3.507665363538535974e+00,1.562955038441379190e-03,1.563691750264968074e-03,1.827806612203230563e-03
5.639999999999964807e-09,1.120659619602552847e-06,1.058384939767476480e-05,1.347162142801372475e+00,1.672645799696907817e-03,1.670257659583446967e-03,1.199920658625641375e-03,1.630843893389791821e-09,-4.583629547681227539e-09,3.516465534051467667e+00,1.565448862583430131e-03,1.566186400712898420e-03,1.830997263485353984e-03
5.654999999999964445e-09,1.120661947721833060e-06,1.058384364070024226e-05,1.351487935780436800e+00,1.674569886497944814e-03,1.672182620199453131e-03,1.200088435648685291e-03,1.630850882541185902e-09,-4.583631491999940783e-09,3.525265704563132818e+00,1.567938134609775424e-03,1.568676496572415100e-03,1.834182749004456504e-03
5.669999999999964083e-09,1.120664270685082903e-06,1.058383789692363652e-05,1.355814533049080284e+00,1.676492583074668972e-03,1.674106189674578636e-03,1.200255343540800089e-03,1.630857818326357297e-09,-4.583633420493065153e-09,3.534065875073519436e+00,1.570422871798147265e-03,1.571162055133388602e-03,1.837363086591426798e-03
5.684999999999963721e-09,1.120666588512922760e-06,1.058383216628740357e-05,1.360141929057727461e+00,1.678413889469860523e-03,1.676028368052190918e-03,1.200421388279437375e-03,1.630864701275240714e-09,-4.583635333218220396e-09,3.542866045582613310e+00,1.572903091329969907e-03,1.573643093587292216e-03,1.840538293984168025e-03
5.699999999999963359e-09,1.120668901225971317e-06,1.058382644873416539e-05,1.364470118306762680e+00,1.680333805754336950e-03,1.677949155403679268e-03,1.200586575792337218e-03,1.630871531844339554e-09,-4.583637230379222988e-09,3.551666216090441530e+00,1.575378810289662082e-03,1.576119629027872716e-03,1.843708388825497082e-03
5.714999999999962997e-09,1.120671208844726560e-06,1.058382074420711149e-05,1.368799095345923256e+00,1.682252332026453389e-03,1.679868551827985159e-03,1.200750911957969421e-03,1.630878310531832028e-09,-4.583639112158458811e-09,3.560466386597001875e+00,1.577850045667231931e-03,1.578591678454160105e-03,1.846873388678455050e-03
5.729999999999962635e-09,1.120673511389468786e-06,1.058381505264952452e-05,1.373128854773826291e+00,1.684169468411733997e-03,1.681786557451274379e-03,1.200914402606003632e-03,1.630885037829228441e-09,-4.583640978661125384e-09,3.569266557102294346e+00,1.580316814359221129e-03,1.581059258773369813e-03,1.850033311022257921e-03
5.744999999999962273e-09,1.120675808880443991e-06,1.058380937400557826e-05,1.377459391237349839e+00,1.686085215062415070e-03,1.683703172426379534e-03,1.201077053517757981e-03,1.630891714246949069e-09,-4.583642830100325941e-09,3.578066727606348252e+00,1.582779133166981869e-03,1.583522386796608382e-03,1.853188173238841645e-03
5.759999999999961911e-09,1.120678101337861320e-06,1.058380370821902123e-05,1.381790699431150848e+00,1.687999572157025457e-03,1.685618396932462648e-03,1.201238870426662043e-03,1.630898340308847394e-09,-4.583644666658994783e-09,3.586866898109145829e+00,1.585237018800582810e-03,1.585981079240598871e-03,1.856337992620891953e-03
5.774999999999961549e-09,1.120680388781666705e-06,1.058379805523457946e-05,1.386122774097206189e+00,1.689912539899966325e-03,1.687532231174578663e-03,1.201399859018676851e-03,1.630904916425674012e-09,-4.583646488378332949e-09,3.595667068610682637e+00,1.587690487877339764e-03,1.588435352732659941e-03,1.859482786374365339e-03
5.789999999999961187e-09,1.120682671231799091e-06,1.058379241499700437e-05,1.390455610024124988e+00,1.691824118521121495e-03,1.689444675383251944e-03,1.201560024932776501e-03,1.630911443073480670e-09,-4.583648295432756434e-09,3.604467239111000421e+00,1.590139556920451341e-03,1.590885223810626931e-03,1.862622571619744569e-03
5.804999999999960825e-09,1.120684948708002180e-06,1.058378678745148956e-05,1.394789202046844423e+00,1.693734308275437420e-03,1.691355729814118499e-03,1.201719373761357765e-03,1.630917920762084009e-09,-4.583650087981160016e-09,3.613267409610073422e+00,1.592584242361561779e-03,1.593330708922830602e-03,1.865757365393347529e-03
5.819999999999960463e-09,1.120687221230142706e-06,1.058378117254351149e-05,1.399123545045992234e+00,1.695643109442528107e-03,1.693265394747477115e-03,1.201877911050677024e-03,1.630924349908923620e-09,-4.583651866150473734e-09,3.622067580107878992e+00,1.595024560540095684e-03,1.595771824425097369e-03,1.868887184642572348e-03
5.834999999999960101e-09,1.120689488817527727e-06,1.058377557021901424e-05,1.403458633947435752e+00,1.697550522326293039e-03,1.695173670487936561e-03,1.202035642301301941e-03,1.630930730960772574e-09,-4.583653630108417556e-09,3.630867750604462874e+00,1.597460527705474569e-03,1.598208586582079184e-03,1.872012046235169494e-03
5.849999999999959739e-09,1.120691751489917038e-06,1.058376998042389779e-05,1.407794463721774303e+00,1.699456547254531635e-03,1.697080557364011614e-03,1.202192572968515012e-03,1.630937064387552176e-09,-4.583655380066176481e-09,3.639667921099841941e+00,1.599892160020996998e-03,1.600641011569404375e-03,1.875131966956220973e-03
5.864999999999959377e-09,1.120694009266472220e-06,1.058376440310487701e-05,1.412131029383917102e+00,1.701361184578545349e-03,1.698986055727750308e-03,1.202348708462732708e-03,1.630943350599896803e-09,-4.583657116089934886e-09,3.648468091594015306e+00,1.602319473562742675e-03,1.603069115472671073e-03,1.878246963501955386e-03
5.879999999999959015e-09,1.120696262166592868e-06,1.058375883820902759e-05,1.416468325992533250e+00,1.703264434672788338e-03,1.700890165954334950e-03,1.202504054149964099e-03,1.630949590072496458e-09,-4.583658838223903092e-09,3.657268262086951882e+00,1.604742484318157341e-03,1.605492914288195964e-03,1.881357052486859645e-03
5.894999999999958653e-09,1.120698510209294659e-06,1.058375328568308130e-05,1.420806348649607420e+00,1.705166297934481703e-03,1.702792888441743415e-03,1.202658615352155194e-03,1.630955783231055919e-09,-4.583660546712046441e-09,3.666068432578668101e+00,1.607161208185378621e-03,1.607912423925696166e-03,1.884462250444731736e-03
5.909999999999958291e-09,1.120700753413822183e-06,1.058374774547474235e-05,1.425145092499973121e+00,1.707066774783290181e-03,1.704694223610413910e-03,1.202812397347658617e-03,1.630961930468345564e-09,-4.583662241683705375e-09,3.674868603069171957e+00,1.609575660975340458e-03,1.610327660208067625e-03,1.887562573822225810e-03
5.924999999999957929e-09,1.120702991799003288e-06,1.058374221753171490e-05,1.429484552730894809e+00,1.708965865660908414e-03,1.706594171902791994e-03,1.202965405371618285e-03,1.630968032223627250e-09,-4.583663923266179681e-09,3.683668773558488319e+00,1.611985858414792614e-03,1.612738638872870901e-03,1.890658038985397298e-03
5.939999999999957567e-09,1.120705225383732949e-06,1.058373670180231303e-05,1.433824724571562292e+00,1.710863571030693184e-03,1.708492733783052806e-03,1.203117644616371208e-03,1.630974088924250398e-09,-4.583665591514745704e-09,3.692468944046601198e+00,1.614391816145698726e-03,1.615145375573168824e-03,1.893748662224990558e-03
5.954999999999957206e-09,1.120707454186748170e-06,1.058373119823470846e-05,1.438165603292644201e+00,1.712759891377425977e-03,1.710389909736763879e-03,1.203269120231824580e-03,1.630980100971600265e-09,-4.583667246562404987e-09,3.701269114533506599e+00,1.616793549724422066e-03,1.617547885875429865e-03,1.896834459746106439e-03
5.969999999999956844e-09,1.120709678226732593e-06,1.058372570677779463e-05,1.442507184205892523e+00,1.714654827206873880e-03,1.712285700270485067e-03,1.203419837325913309e-03,1.630986068778216638e-09,-4.583668888664204610e-09,3.710069285019249818e+00,1.619191074623593405e-03,1.619946185261873913e-03,1.899915447672087835e-03
5.984999999999956482e-09,1.120711897522193463e-06,1.058372022738064283e-05,1.446849462663676533e+00,1.716548379045454344e-03,1.714180105911480151e-03,1.203569800964902729e-03,1.630991992747501232e-09,-4.583670517843351952e-09,3.718869455503781563e+00,1.621584406232444084e-03,1.622340289131980621e-03,1.902991642044452904e-03
5.999999999999956120e-09,1.120714112091615794e-06,1.058371475999260218e-05,1.451192434058507841e+00,1.718440547439978663e-03,1.716073127207344302e-03,1.203719016173831818e-03,1.630997873284005338e-09,-4.583672134157834856e-09,3.727669625987128033e+00,1.623973559856249377e-03,1.624730212799352369e-03,1.906063058823813817e-03
6.014999999999955758e-09,1.120716321953336153e-06,1.058370930456322002e-05,1.455536093822729304e+00,1.720331332957209837e-03,1.717964764725710266e-03,1.203867487936899610e-03,1.631003710810473050e-09,-4.583673737808676409e-09,3.736469796469299443e+00,1.626358550715191606e-03,1.627115971494086074e-03,1.909129713893925606e-03
6.029999999999955396e-09,1.120718527125663793e-06,1.058370386104254850e-05,1.459880437427952149e+00,1.722220736183664161e-03,1.719855019053936332e-03,1.204015221197796094e-03,1.631009505705141594e-09,-4.583675328911806801e-09,3.745269966950305562e+00,1.628739393946989971e-03,1.629497580367074427e-03,1.912191623060203842e-03
6.044999999999955034e-09,1.120720727626639669e-06,1.058369842938074142e-05,1.464225460384801725e+00,1.724108757725161282e-03,1.721743890798703002e-03,1.204162220860143916e-03,1.631015258317314040e-09,-4.583676907572727128e-09,3.754070137430147280e+00,1.631116104611944704e-03,1.631875054486879714e-03,1.915248802051521156e-03
6.059999999999954672e-09,1.120722923474397063e-06,1.058369300952847777e-05,1.468571158242369057e+00,1.725995398206647911e-03,1.723631380585795075e-03,1.204308491787793286e-03,1.631020969061024271e-09,-4.583678473936736628e-09,3.762870307908816159e+00,1.633488697686644566e-03,1.634248408847676888e-03,1.918301266550551023e-03
6.074999999999954310e-09,1.120725114686940718e-06,1.058368760143665502e-05,1.472917526587842696e+00,1.727880658271767605e-03,1.725517489059786354e-03,1.204454038805264542e-03,1.631026638378582510e-09,-4.583680028130442739e-09,3.771670478386328629e+00,1.635857188062283954e-03,1.636617658370533154e-03,1.921349032180742593e-03
6.089999999999953948e-09,1.120727301282019998e-06,1.058368220505634857e-05,1.477264561046181424e+00,1.729764538582615526e-03,1.727402216883657362e-03,1.204598866698053687e-03,1.631032266616966003e-09,-4.583681570322694530e-09,3.780470648862680694e+00,1.638221590554958269e-03,1.638982817888972243e-03,1.924392114457120027e-03
6.104999999999953586e-09,1.120729483277480405e-06,1.058367682033897599e-05,1.481612257279612876e+00,1.731647039819419250e-03,1.729285564738612321e-03,1.204742980213029634e-03,1.631037854192068132e-09,-4.583683100581202525e-09,3.789270819337881235e+00,1.640581919905377464e-03,1.641343902150966746e-03,1.927430528801148211e-03
6.119999999999953224e-09,1.120731660690978976e-06,1.058367144723628859e-05,1.485960610987320685e+00,1.733528162680266849e-03,1.731167533323669117e-03,1.204886384058771612e-03,1.631043401462655948e-09,-4.583684619017237405e-09,3.798070989811925813e+00,1.642938190774170587e-03,1.643700925825039138e-03,1.930464290558831777e-03
6.134999999999952862e-09,1.120733833540071951e-06,1.058366608570024944e-05,1.490309617905046791e+00,1.735407907880825431e-03,1.733048123355398215e-03,1.205029082905933243e-03,1.631048908758453570e-09,-4.583686125869987544e-09,3.806871160284837075e+00,1.645290417744832640e-03,1.646053903500807342e-03,1.933493415005823864e-03
6.149999999999952500e-09,1.120736001842204821e-06,1.058366073568337217e-05,1.494659273804646471e+00,1.737286276153991380e-03,1.734927335567687176e-03,1.205171081387568233e-03,1.631054376478654432e-09,-4.583687621118635287e-09,3.815671330756596369e+00,1.647638615324726165e-03,1.648402849691392100e-03,1.936517917347895358e-03
6.164999999999952138e-09,1.120738165614800418e-06,1.058365539713806539e-05,1.499009574493821217e+00,1.739163268249707336e-03,1.736805170711401298e-03,1.205312384099529576e-03,1.631059804947918031e-09,-4.583689104854861197e-09,3.824471501227240555e+00,1.649982797943835714e-03,1.650747778834920970e-03,1.939537812711729370e-03
6.179999999999951776e-09,1.120740324875140544e-06,1.058365007001714260e-05,1.503360515815667542e+00,1.741038884934581216e-03,1.738681629554115170e-03,1.205452995600734536e-03,1.631065194554060761e-09,-4.583690577268119413e-09,3.833271671696745209e+00,1.652322979956000366e-03,1.653088705293093283e-03,1.942553116145224372e-03
6.194999999999951414e-09,1.120742479640501918e-06,1.058364475427389331e-05,1.507712093648310159e+00,1.742913126991672184e-03,1.740556712879870026e-03,1.205592920413600276e-03,1.631070545611948715e-09,-4.583692038429112370e-09,3.842071842165114326e+00,1.654659175638570909e-03,1.655425643348847802e-03,1.945563842620779771e-03
6.209999999999951052e-09,1.120744629927901008e-06,1.058363944986159857e-05,1.512064303904588680e+00,1.744785995220204640e-03,1.742430421488853909e-03,1.205732163024287153e-03,1.631075858462809405e-09,-4.583693488473730954e-09,3.850872012632369223e+00,1.656991399192768921e-03,1.657758607209292891e-03,1.948570007038642835e-03
6.224999999999950690e-09,1.120746775754359577e-06,1.058363415673408661e-05,1.516417142531706785e+00,1.746657490435325581e-03,1.744302756197146226e-03,1.205870727883089685e-03,1.631081133502883231e-09,-4.583694927464352029e-09,3.859672183098481035e+00,1.659319664745444699e-03,1.660087611007177773e-03,1.951571624230837628e-03
6.239999999999950328e-09,1.120748917136923951e-06,1.058362887484508743e-05,1.520770605510776585e+00,1.748527613467757867e-03,1.746173717836507202e-03,1.206008619404737086e-03,1.631086371009937856e-09,-4.583696355482286620e-09,3.868472353563499055e+00,1.661643986347123309e-03,1.662412668799821995e-03,1.954568708961155685e-03
6.254999999999949966e-09,1.120751054092252514e-06,1.058362360414926611e-05,1.525124688856558608e+00,1.750396365163658192e-03,1.748043307254029633e-03,1.206145841968757132e-03,1.631091571349324895e-09,-4.583697772661768771e-09,3.877272524027417067e+00,1.663964377973783763e-03,1.664733794571799253e-03,1.957561275920716853e-03
6.269999999999949604e-09,1.120753186637249929e-06,1.058361834460056439e-05,1.529479388617142943e+00,1.752263746384252361e-03,1.749911525311959341e-03,1.206282399919718796e-03,1.631096734859377348e-09,-4.583699179074859974e-09,3.886072694490194657e+00,1.666280853529227782e-03,1.667051002237238512e-03,1.960549339727186285e-03
6.284999999999949242e-09,1.120755314788489875e-06,1.058361309615412003e-05,1.533834700873525358e+00,1.754129758005673091e-03,1.751778372887396367e-03,1.206418297567691308e-03,1.631101861841525827e-09,-4.583700574833953396e-09,3.894872864951843816e+00,1.668593426843561697e-03,1.669364305638011865e-03,1.963532914930296927e-03
6.299999999999948880e-09,1.120757438562583517e-06,1.058360785876492846e-05,1.538190621739316200e+00,1.755994400918633449e-03,1.753643850872088324e-03,1.206553539188389432e-03,1.631106952631726844e-09,-4.583701960084262248e-09,3.903673035412444037e+00,1.670902111675135002e-03,1.671673718543141259e-03,1.966512016016384520e-03
6.314999999999948518e-09,1.120759557976024491e-06,1.058360263238816132e-05,1.542547147360392223e+00,1.757857676028229746e-03,1.755507960172139614e-03,1.206688129023628401e-03,1.631112007515278506e-09,-4.583703334847902030e-09,3.912473205871971338e+00,1.673206921710074365e-03,1.673979254649318044e-03,1.969486657399463752e-03
6.329999999999948156e-09,1.120761673045172392e-06,1.058359741697969157e-05,1.546904273914565753e+00,1.759719584253694987e-03,1.757370701707802177e-03,1.206822071281558320e-03,1.631117026816153753e-09,-4.583704699224220443e-09,3.921273376330371097e+00,1.675507870563131257e-03,1.676280927581798091e-03,1.972456853424093583e-03
6.344999999999947794e-09,1.120763783786313334e-06,1.058359221249495005e-05,1.551261997611306009e+00,1.761580126528148205e-03,1.759232076413201834e-03,1.206955370136999833e-03,1.631122010851753986e-09,-4.583706053352890242e-09,3.930073546787675731e+00,1.677804971779216529e-03,1.678578750895501608e-03,1.975422618365767127e-03
6.359999999999947432e-09,1.120765890215753972e-06,1.058358701889009261e-05,1.555620314691395611e+00,1.763439303798361359e-03,1.761092085236183906e-03,1.207088029731744235e-03,1.631126959930317720e-09,-4.583707397304136579e-09,3.938873717243894568e+00,1.680098238831580909e-03,1.680872738072083624e-03,1.978383966425863606e-03
6.374999999999947070e-09,1.120767992349535417e-06,1.058358183612154791e-05,1.559979221426492701e+00,1.765297117024526878e-03,1.762950729137984038e-03,1.207220054174841647e-03,1.631131874331095548e-09,-4.583708731154442228e-09,3.947673887699036932e+00,1.682387685122444920e-03,1.683162902520959859e-03,1.981340911741078740e-03
6.389999999999946708e-09,1.120770090203853148e-06,1.058357666414599696e-05,1.564338714119044793e+00,1.767153567180041688e-03,1.764808009093032188e-03,1.207351447542906117e-03,1.631136754377897039e-09,-4.583710055007268458e-09,3.956474058153105933e+00,1.684673323985973930e-03,1.685449257584783903e-03,1.984293468383206173e-03
6.404999999999946346e-09,1.120772183794550284e-06,1.058357150292010727e-05,1.568698789101808710e+00,1.769008655251265005e-03,1.766663926088744233e-03,1.207482213880437623e-03,1.631141600383129492e-09,-4.583711368952018605e-09,3.965274228606097129e+00,1.686955168689753320e-03,1.687731816539572759e-03,1.987241650358328223e-03
6.419999999999945984e-09,1.120774273137534737e-06,1.058356635240088683e-05,1.573059442737606339e+00,1.770862382237331197e-03,1.768518481125296244e-03,1.207612357200081414e-03,1.631146412609298674e-09,-4.583712673079637042e-09,3.974074399058026508e+00,1.689233232432921054e-03,1.690010592591491105e-03,1.990185471601008897e-03
6.434999999999945622e-09,1.120776358248665082e-06,1.058356121254574173e-05,1.577420671419012654e+00,1.772714749149882857e-03,1.770371675215407642e-03,1.207741881482911860e-03,1.631151191346537979e-09,-4.583713967509545486e-09,3.982874569508886076e+00,1.691507528344643289e-03,1.692285598878466536e-03,1.993124945973304661e-03
6.449999999999945260e-09,1.120778439143586018e-06,1.058355608331232712e-05,1.581782471568024206e+00,1.774565757012892776e-03,1.772223509384137155e-03,1.207870790678757054e-03,1.631155936917144891e-09,-4.583715252308947401e-09,3.991674739958677165e+00,1.693778069486172625e-03,1.694556848471345974e-03,1.996060087277672958e-03
6.464999999999944898e-09,1.120780515838055745e-06,1.058355096465845227e-05,1.586144839635843296e+00,1.776415406862439945e-03,1.774073984668597453e-03,1.207999088706427152e-03,1.631160649617991636e-09,-4.583716527570785626e-09,4.000474910407442408e+00,1.696044868852978130e-03,1.696824354373834953e-03,1.998990909252611973e-03
6.479999999999944536e-09,1.120782588347593601e-06,1.058354585654200440e-05,1.590507772102526918e+00,1.778263699746506594e-03,1.775923102117862558e-03,1.208126779454093405e-03,1.631165329692037911e-09,-4.583717793373918599e-09,4.009275080855131179e+00,1.698307939374518087e-03,1.699088129523497687e-03,2.001917425570439758e-03
6.494999999999944174e-09,1.120784656687619186e-06,1.058354075892129255e-05,1.594871265476700550e+00,1.780110636724743355e-03,1.777770862792675977e-03,1.208253866779414581e-03,1.631169977451721620e-09,-4.583719049837079824e-09,4.018075251301728379e+00,1.700567293914300284e-03,1.701348186791044751e-03,2.004839649842976752e-03
6.509999999999943812e-09,1.120786720873525629e-06,1.058353567175486294e-05,1.599235316295250842e+00,1.781956218868306629e-03,1.779617267765270291e-03,1.208380354509982135e-03,1.631174593114927928e-09,-4.583720297001446353e-09,4.026875421747328154e+00,1.702822945268861986e-03,1.703604538979583242e-03,2.007757595621911806e-03
6.524999999999943450e-09,1.120788780920671968e-06,1.058353059500187670e-05,1.603599921123175731e+00,1.783800447259642182e-03,1.781462318119179803e-03,1.208506246443450966e-03,1.631179176986340746e-09,-4.583721534974696422e-09,4.035675592191900307e+00,1.705074906169194151e-03,1.705857198826589167e-03,2.010671276398908001e-03
6.539999999999943088e-09,1.120790836844296536e-06,1.058352552862072251e-05,1.607965076553098838e+00,1.785643322992259193e-03,1.783306014949009389e-03,1.208631546347902624e-03,1.631183729372901159e-09,-4.583722763904854828e-09,4.044475762635427074e+00,1.707323189281694875e-03,1.708106179006428854e-03,2.013580705598964297e-03
6.554999999999942726e-09,1.120792888659585152e-06,1.058352047257098334e-05,1.612330779205174869e+00,1.787484847170594951e-03,1.785148359360292465e-03,1.208756257962054345e-03,1.631188250513778928e-09,-4.583723983794879569e-09,4.053275933077900461e+00,1.709567807206361593e-03,1.710351492128182101e-03,2.016485896574834926e-03
6.569999999999942364e-09,1.120794936381651213e-06,1.058351542681199990e-05,1.616697025726699266e+00,1.789325020909764618e-03,1.786989352469247260e-03,1.208880384995571515e-03,1.631192740712007328e-09,-4.583725194759244998e-09,4.062076103519328463e+00,1.711808772478689298e-03,1.712593150735468046e-03,2.019386862614841287e-03
6.584999999999942002e-09,1.120796980025421346e-06,1.058351039130351951e-05,1.621063812791936121e+00,1.791163845335401201e-03,1.788828995402605730e-03,1.209003931129301428e-03,1.631197200200381452e-09,-4.583726396912042481e-09,4.070876273959740388e+00,1.714046097572318817e-03,1.714831167309157408e-03,2.022283616949826016e-03
6.599999999999941640e-09,1.120799019605943302e-06,1.058350536600548259e-05,1.625431137101776224e+00,1.793001321583456925e-03,1.790667289297455042e-03,1.209126900015520482e-03,1.631201629232595320e-09,-4.583727590282002484e-09,4.079676444399122026e+00,1.716279794898790912e-03,1.717065554268299267e-03,2.025176172751393111e-03
6.614999999999941278e-09,1.120801055137948891e-06,1.058350035087793120e-05,1.629798995383453963e+00,1.794837450800025429e-03,1.792504235300991684e-03,1.209249295278233202e-03,1.631206028077328775e-09,-4.583728774919937884e-09,4.088476614837494694e+00,1.718509876805927351e-03,1.719296323969893162e-03,2.028064543130220915e-03
6.629999999999940916e-09,1.120803086636238530e-06,1.058349534588128688e-05,1.634167384390453615e+00,1.796672234141173490e-03,1.794339834570411090e-03,1.209371120513388432e-03,1.631210397040170461e-09,-4.583729950991112750e-09,4.097276785274859279e+00,1.720736355577985729e-03,1.721523488707678252e-03,2.030948741136669698e-03
6.644999999999940554e-09,1.120805114115543394e-06,1.058349035097630999e-05,1.638536300902024845e+00,1.798505672772762786e-03,1.796174088272682124e-03,1.209492379289148212e-03,1.631214736359373000e-09,-4.583731118520669237e-09,4.106076955711188248e+00,1.722959243435978442e-03,1.723747060712295083e-03,2.033828779759935118e-03
6.659999999999940192e-09,1.120807137590518846e-06,1.058348536612338648e-05,1.642905741723122759e+00,1.800337767870204215e-03,1.798006997584363420e-03,1.209613075146139102e-03,1.631219046271025943e-09,-4.583732277518924768e-09,4.114877126146517128e+00,1.725178552538919087e-03,1.725967052153250811e-03,2.036704671926371172e-03
6.674999999999939830e-09,1.120809157075745499e-06,1.058348039128393571e-05,1.647275703683995562e+00,1.802168520618388937e-03,1.799838563691478696e-03,1.209733211597666851e-03,1.631223326990112081e-09,-4.583733428214858654e-09,4.123677296580853913e+00,1.727394294986007344e-03,1.728183475139173121e-03,2.039576430503395495e-03
6.689999999999939468e-09,1.120811172585639644e-06,1.058347542641920760e-05,1.651646183640072874e+00,1.803997932211467850e-03,1.801668787789309240e-03,1.209852792130023877e-03,1.631227578818691513e-09,-4.583734570636539614e-09,4.132477467014167516e+00,1.729606482817431720e-03,1.730396341717521397e-03,2.042444068301757509e-03
6.704999999999939106e-09,1.120813184134558487e-06,1.058347047149025728e-05,1.656017178471643536e+00,1.805826003852631931e-03,1.803497671082203305e-03,1.209971820202686375e-03,1.631231802012821304e-09,-4.583735704734744611e-09,4.141277637446476589e+00,1.731815128013923077e-03,1.732605663874595180e-03,2.045307598072299698e-03
6.719999999999938744e-09,1.120815191736964271e-06,1.058346552645920374e-05,1.660388685083650007e+00,1.807652736754067563e-03,1.805325214783500432e-03,1.210090299248549372e-03,1.631235996781021901e-09,-4.583736830651479051e-09,4.150077807877800673e+00,1.734020242495866882e-03,1.734811453536614029e-03,2.048167032503245798e-03
6.734999999999938382e-09,1.120817195407114253e-06,1.058346059128785595e-05,1.664760700405407690e+00,1.809478132136665973e-03,1.807151420115202505e-03,1.210208232674186068e-03,1.631240163387296888e-09,-4.583737948545985126e-09,4.158877978308136214e+00,1.736221838123067508e-03,1.737013722571359659e-03,2.051022384220459269e-03
6.749999999999938020e-09,1.120819195159061344e-06,1.058345566593814318e-05,1.669133221390441291e+00,1.811302191229947770e-03,1.808976288308033163e-03,1.210325623860076171e-03,1.631244302039877404e-09,-4.583739058476575762e-09,4.167678148737489430e+00,1.738419926695056357e-03,1.739212482787040994e-03,2.053873665790221029e-03
6.764999999999937658e-09,1.120821191007081016e-06,1.058345075037253848e-05,1.673506245016164851e+00,1.813124915271868004e-03,1.810799820601062017e-03,1.210442476160838348e-03,1.631248412999122475e-09,-4.583740160359115937e-09,4.176478319165840780e+00,1.740614519952399632e-03,1.741407745932581699e-03,2.056720889725555113e-03
6.779999999999937296e-09,1.120823182965163923e-06,1.058344584455336243e-05,1.677879768283691231e+00,1.814946305508648768e-03,1.812622018241698578e-03,1.210558792905448364e-03,1.631252496465232971e-09,-4.583741254338741107e-09,4.185278489593200923e+00,1.742805629578138586e-03,1.743599523698158597e-03,2.059564068487477681e-03
6.794999999999936934e-09,1.120825171047273403e-06,1.058344094844363357e-05,1.682253788217603185e+00,1.816766363194654513e-03,1.814442882485465224e-03,1.210674577397483466e-03,1.631256552695070186e-09,-4.583742340641968892e-09,4.194078660019608051e+00,1.744993267198430720e-03,1.745787827715968845e-03,2.062403214482751851e-03
6.809999999999936572e-09,1.120827155267315195e-06,1.058343606200616039e-05,1.686628301865777058e+00,1.818585089592209252e-03,1.816262414595840643e-03,1.210789832915358738e-03,1.631260581938706534e-09,-4.583743419158558450e-09,4.202878830445038183e+00,1.747177444381870859e-03,1.747972669560830588e-03,2.065238340061668117e-03
6.824999999999936210e-09,1.120829135639171959e-06,1.058343118520388349e-05,1.691003306299027287e+00,1.820402485971466455e-03,1.818080615844171145e-03,1.210904562712512280e-03,1.631264584433557122e-09,-4.583744489957401520e-09,4.211679000869488654e+00,1.749358172639713842e-03,1.750154060749985413e-03,2.068069457516111438e-03
6.839999999999935848e-09,1.120831112176605227e-06,1.058342631800046008e-05,1.695378798611033133e+00,1.822218553610276777e-03,1.819897487509456423e-03,1.211018770017668455e-03,1.631268560334959023e-09,-4.583745553167394346e-09,4.220479171292971898e+00,1.751535463426200437e-03,1.752332012743609878e-03,2.070896579080435534e-03
6.854999999999935486e-09,1.120833084893238464e-06,1.058342146035940507e-05,1.699754775918056904e+00,1.824033293793971000e-03,1.821713030878214677e-03,1.211132458035004637e-03,1.631272509851793953e-09,-4.583746608877377781e-09,4.229279341715463936e+00,1.753709328138915559e-03,1.754506536946049983e-03,2.073719716930725633e-03
6.869999999999935124e-09,1.120835053802689632e-06,1.058341661224422827e-05,1.704131235358667062e+00,1.825846707815321438e-03,1.823527247244373763e-03,1.211245629944449802e-03,1.631276433259459497e-09,-4.583747657108329126e-09,4.238079512137019833e+00,1.755879778118044510e-03,1.756677644705700826e-03,2.076538883187904923e-03
6.884999999999934762e-09,1.120837018918669864e-06,1.058341177361901041e-05,1.708508174093639642e+00,1.827658796974290182e-03,1.825340137909095333e-03,1.211358288901806394e-03,1.631280330795759741e-09,-4.583748697899457569e-09,4.246879682557648472e+00,1.758046824647260071e-03,1.758845347314304253e-03,2.079354089920453733e-03
6.899999999999934400e-09,1.120838980254563552e-06,1.058340694444796434e-05,1.712885589305713774e+00,1.829469562577972505e-03,1.827151704180653190e-03,1.211470438039045222e-03,1.631284202652032107e-09,-4.583749731443851052e-09,4.255679852977278799e+00,1.760210478955455925e-03,1.761009656009307868e-03,2.082165349144275094e-03
6.914999999999934038e-09,1.120840937823837672e-06,1.058340212469523008e-05,1.717263478199260840e+00,1.831279005940411684e-03,1.828961947374260896e-03,1.211582080464449016e-03,1.631288049035938220e-09,-4.583750757694293280e-09,4.264480023395966768e+00,1.762370752216090714e-03,1.763170581973992753e-03,2.084972672820918811e-03
6.929999999999933676e-09,1.120842891639798477e-06,1.058339731432548635e-05,1.721641838000321334e+00,1.833087128382473877e-03,1.830770868811998050e-03,1.211693219262869161e-03,1.631291870180227679e-09,-4.583751776735102907e-09,4.273280193813712380e+00,1.764527655547974304e-03,1.765328136336133391e-03,2.087776072853530888e-03
6.944999999999933314e-09,1.120844841715773606e-06,1.058339251330337122e-05,1.726020665956105482e+00,1.834893931231729950e-03,1.832578469822617731e-03,1.211803857495908927e-03,1.631295666273977428e-09,-4.583752788712054802e-09,4.282080364230526293e+00,1.766681200015939555e-03,1.767482330167562685e-03,2.090575561085938894e-03
6.959999999999932952e-09,1.120846788064975292e-06,1.058338772159408689e-05,1.730399959335088944e+00,1.836699415822290894e-03,1.834384751741426588e-03,1.211913998202131422e-03,1.631299437535290594e-09,-4.583753793573800899e-09,4.290880534646392519e+00,1.768831396631068273e-03,1.769633174484404629e-03,2.093371149309573506e-03
6.974999999999932590e-09,1.120848730700621483e-06,1.058338293916234087e-05,1.734779715426606250e+00,1.838503583494713279e-03,1.836189715910169261e-03,1.212023644397266890e-03,1.631303184151481192e-09,-4.583754791425616476e-09,4.299680705061292407e+00,1.770978256351333482e-03,1.771780680250118747e-03,2.096162849265902333e-03
6.989999999999932228e-09,1.120850669635723240e-06,1.058337816597370975e-05,1.739159931540659398e+00,1.840306435595837932e-03,1.837993363676899581e-03,1.212132799074404398e-03,1.631306906306712300e-09,-4.583755782375713300e-09,4.308480875475275695e+00,1.773121790081409700e-03,1.773924858375951555e-03,2.098950672641560541e-03
7.004999999999931866e-09,1.120852604883326566e-06,1.058337340199340420e-05,1.743540605007852795e+00,1.842107973478687146e-03,1.839795696395842223e-03,1.212241465204219300e-03,1.631310604264646084e-09,-4.583756766401462191e-09,4.317281045888313962e+00,1.775262008672839464e-03,1.776065719720080257e-03,2.101734631069765089e-03
7.019999999999931504e-09,1.120854536456468568e-06,1.058336864718742261e-05,1.747921733179170545e+00,1.843908198502339354e-03,1.841596715427250459e-03,1.212349645735110717e-03,1.631314278164806820e-09,-4.583757743637924372e-09,4.326081216300416976e+00,1.777398922923536335e-03,1.778203275088598503e-03,2.104514736133490140e-03
7.034999999999931142e-09,1.120856464368023723e-06,1.058336390152134157e-05,1.752303313425626508e+00,1.845707112031751531e-03,1.843396422137336772e-03,1.212457343593455238e-03,1.631317928189283224e-09,-4.583758714117665117e-09,4.334881386711610496e+00,1.779532543578612796e-03,1.780337535234521092e-03,2.107290999366101970e-03
7.049999999999930780e-09,1.120858388630817168e-06,1.058335916496148305e-05,1.756685343138306932e+00,1.847504715437753341e-03,1.845194817898078996e-03,1.212564561683778007e-03,1.631321554653659795e-09,-4.583759677829669690e-09,4.343681557121883863e+00,1.781662881332439583e-03,1.782468510858017290e-03,2.110063432247147493e-03
7.064999999999930418e-09,1.120860309257550375e-06,1.058335443747373702e-05,1.761067819727986539e+00,1.849301010096789316e-03,1.846991904087173049e-03,1.212671302888952652e-03,1.631325157657458977e-09,-4.583760634933375498e-09,4.352481727531238853e+00,1.783789946827929896e-03,1.784596212608513532e-03,2.112832046203474458e-03
7.079999999999930056e-09,1.120862226261039164e-06,1.058334971902482357e-05,1.765450740625045034e+00,1.851095997390903459e-03,1.848787682087862493e-03,1.212777570070349168e-03,1.631328737373815460e-09,-4.583761585445900217e-09,4.361281897939684349e+00,1.785913750656426642e-03,1.786720651084324797e-03,2.115596852612030426e-03
7.094999999999929694e-09,1.120864139653864303e-06,1.058334500958105959e-05,1.769834103279326110e+00,1.852889678707589187e-03,1.850582153288827299e-03,1.212883366068092175e-03,1.631332294034032520e-09,-4.583762529377401625e-09,4.370082068347189264e+00,1.788034303358068894e-03,1.788841836831720888e-03,2.118357862800748781e-03
7.109999999999929332e-09,1.120866049448655689e-06,1.058334030910953276e-05,1.774217905159828579e+00,1.854682055439637765e-03,1.852375319084107299e-03,1.212988693701160447e-03,1.631335827823973091e-09,-4.583763466892445651e-09,4.378882238753801559e+00,1.790151615421083260e-03,1.790959780345705108e-03,2.121115088049197513e-03
7.124999999999928970e-09,1.120867955657965503e-06,1.058333561757679544e-05,1.778602143754635101e+00,1.856473128985087562e-03,1.854167180872935434e-03,1.213093555767671625e-03,1.631339338877552956e-09,-4.583764397999580379e-09,4.387682409159547881e+00,1.792265697283496701e-03,1.793074492070638329e-03,2.123868539588245289e-03
7.139999999999928608e-09,1.120869858294228612e-06,1.058333093495017249e-05,1.782986816570685917e+00,1.858262900747074866e-03,1.855957740059666419e-03,1.213197955044979792e-03,1.631342827406046453e-09,-4.583765322652001448e-09,4.396482579564337634e+00,1.794376559333321283e-03,1.795185982401569956e-03,2.126618228599321588e-03
7.154999999999928246e-09,1.120871757369768499e-06,1.058332626119718867e-05,1.787371921133615427e+00,1.860051372133713970e-03,1.857746998053647720e-03,1.213301894289881043e-03,1.631346293614112128e-09,-4.583766241002869621e-09,4.405282749968236544e+00,1.796484211907288910e-03,1.797294261684828599e-03,2.129364166210245997e-03
7.169999999999927884e-09,1.120873652897025749e-06,1.058332159628484527e-05,1.791757454987559450e+00,1.861838544558026267e-03,1.859534956269107663e-03,1.213405376238804951e-03,1.631349737622678201e-09,-4.583767153100647756e-09,4.414082920371257934e+00,1.798588665294262225e-03,1.799399340216692412e-03,2.132106363497049233e-03
7.184999999999927522e-09,1.120875544888246339e-06,1.058331694018102449e-05,1.796143415695092838e+00,1.863624419437806025e-03,1.861321616125049833e-03,1.213508403607982400e-03,1.631353159638703815e-09,-4.583768058926018703e-09,4.422883090773366277e+00,1.800689929735834393e-03,1.801501228243551503e-03,2.134844831488838177e-03
7.199999999999927160e-09,1.120877433355593452e-06,1.058331229285357297e-05,1.800529800836879968e+00,1.865408998195507411e-03,1.863106979045175884e-03,1.213610979093635110e-03,1.631356559833227173e-09,-4.583768958623033485e-09,4.431683261174584665e+00,1.802788015424655957e-03,1.803599935964160256e-03,2.137579581169295976e-03
7.214999999999926798e-09,1.120879318311363888e-06,1.058330765427059652e-05,1.804916608011637447e+00,1.867192282258170986e-03,1.864891046457738729e-03,1.213713105372105951e-03,1.631359938368829177e-09,-4.583769852189168373e-09,4.440483431574907769e+00,1.804882932505166675e-03,1.805695473529663787e-03,2.140310623474479378e-03
7.229999999999926436e-09,1.120881199767671490e-06,1.058330302439993669e-05,1.809303834835930269e+00,1.868974273057304007e-03,1.866673819795462100e-03,1.213814785100080776e-03,1.631363295432219381e-09,-4.583770739649467916e-09,4.449283601974364011e+00,1.806974691073224724e-03,1.807787851042770046e-03,2.143037969289245202e-03
7.244999999999926074e-09,1.120883077736425116e-06,1.058329840321008385e-05,1.813691478944027047e+00,1.870754972028757694e-03,1.868455300495443401e-03,1.213916020914722858e-03,1.631366631215422180e-09,-4.583771621111154572e-09,4.458083772372925857e+00,1.809063301175817219e-03,1.809877078557948875e-03,2.145761629451125706e-03
7.259999999999925712e-09,1.120884952229595036e-06,1.058329379066963850e-05,1.818079537987674188e+00,1.872534380612674541e-03,1.870235489999047670e-03,1.214016815433873690e-03,1.631369945840314158e-09,-4.583772496617040730e-09,4.466883942770610183e+00,1.811148772811680373e-03,1.811963166080879503e-03,2.148481614754256877e-03
7.274999999999925350e-09,1.120886823259254435e-06,1.058328918674703172e-05,1.822468009636060593e+00,1.874312500253339994e-03,1.872014389751797212e-03,1.214117171256188501e-03,1.631373239461730912e-09,-4.583773366241699201e-09,4.475684113167432976e+00,1.813231115932506651e-03,1.814046123569833767e-03,2.151197935945855198e-03
7.289999999999924988e-09,1.120888690837195493e-06,1.058328459141110624e-05,1.826856891575519448e+00,1.876089332399113931e-03,1.873792001203283342e-03,1.214217090961309305e-03,1.631376512325466060e-09,-4.583774230020518428e-09,4.484484283563374696e+00,1.815310340443847476e-03,1.816125960937096852e-03,2.153910603724022363e-03
7.304999999999924626e-09,1.120890554975167828e-06,1.058328000463116052e-05,1.831246181509478044e+00,1.877864878502353034e-03,1.875568325807081818e-03,1.214316577110035765e-03,1.631379764546716494e-09,-4.583775087930051977e-09,4.493284453958437119e+00,1.817386456204818758e-03,1.818202688048314603e-03,2.156619628738247474e-03
7.319999999999924264e-09,1.120892415685121381e-06,1.058327542637598646e-05,1.835635877158205309e+00,1.879639140019269622e-03,1.877343365020642252e-03,1.214415632244499098e-03,1.631382996295908927e-09,-4.583775940095372863e-09,4.502084624352661990e+00,1.819459473027693888e-03,1.820276314721954239e-03,2.159325021592159183e-03
7.334999999999923902e-09,1.120894272978502955e-06,1.058327085661493164e-05,1.840025976258782281e+00,1.881412118409847524e-03,1.879117120305217855e-03,1.214514258888281560e-03,1.631386207736941336e-09,-4.583776786585071732e-09,4.510884794746012005e+00,1.821529400678295130e-03,1.822346850729493440e-03,2.162026792842060285e-03
7.349999999999923540e-09,1.120896126867205316e-06,1.058326629531769769e-05,1.844416476564850083e+00,1.883183815137806508e-03,1.880889593125717549e-03,1.214612459546618320e-03,1.631389398988002117e-09,-4.583777627338013318e-09,4.519684965138450750e+00,1.823596248877124015e-03,1.824414305796347125e-03,2.164724952995147021e-03
7.364999999999923178e-09,1.120897977362575317e-06,1.058326174245378635e-05,1.848807375846493795e+00,1.884954231670451369e-03,1.882660784950678217e-03,1.214710236706521276e-03,1.631392570232838687e-09,-4.583778462473535795e-09,4.528485135530051053e+00,1.825660027300544854e-03,1.826478689603109945e-03,2.167419512514710649e-03
7.379999999999922816e-09,1.120899824476206087e-06,1.058325719799278235e-05,1.853198671890050830e+00,1.886723369478581500e-03,1.884430697252177092e-03,1.214807592836982886e-03,1.631395721629526711e-09,-4.583779292065354191e-09,4.537285305920841338e+00,1.827720745580181053e-03,1.828540011785620249e-03,2.170110481822355285e-03
7.394999999999922454e-09,1.120901668219773551e-06,1.058325266190505987e-05,1.857590362498126035e+00,1.888491230036449479e-03,1.886199331505678239e-03,1.214904530389050111e-03,1.631398853370726272e-09,-4.583780116106410174e-09,4.546085476310759432e+00,1.829778413301351480e-03,1.830598281933388865e-03,2.172797871294155497e-03
7.409999999999922092e-09,1.120903508604515084e-06,1.058324813416035272e-05,1.861982445489160476e+00,1.890257814821642672e-03,1.887966689189999594e-03,1.215001051796076601e-03,1.631401965574319499e-09,-4.583780934663927057e-09,4.554885646699820434e+00,1.831833040003231789e-03,1.832653509590366925e-03,2.175481691257960537e-03
7.424999999999921730e-09,1.120905345641717824e-06,1.058324361472907067e-05,1.866374918697605079e+00,1.892023125315005607e-03,1.889732771787210833e-03,1.215097159473772130e-03,1.631405058335327112e-09,-4.583781747767150639e-09,4.563685817088036778e+00,1.833884635180475526e-03,1.834705704256597543e-03,2.178161951995939184e-03
7.439999999999921368e-09,1.120907179342901629e-06,1.058323910358155908e-05,1.870767779973537159e+00,1.893787163000545644e-03,1.891497580782565717e-03,1.215192855820438744e-03,1.631408131874853867e-09,-4.583782555481867420e-09,4.572485987475427116e+00,1.835933208283723047e-03,1.836754875388736229e-03,2.180838663746598530e-03
7.454999999999921834e-09,1.120909009719130021e-06,1.058323460068856144e-05,1.875161027182643547e+00,1.895549929365340390e-03,1.893261117664388465e-03,1.215288143217066160e-03,1.631411186347202242e-09,-4.583783357874138527e-09,4.581286157861979902e+00,1.837978768719694331e-03,1.838801032399846411e-03,2.183511836705743277e-03
7.469999999999922299e-09,1.120910836781725289e-06,1.058323010602047903e-05,1.879554658206056494e+00,1.897311425899513189e-03,1.895023383923990709e-03,1.215383024027507416e-03,1.631414221901030036e-09,-4.583784154926879370e-09,4.590086328247691583e+00,1.840021325852103607e-03,1.840844184659508938e-03,2.186181481028095543e-03
7.484999999999922764e-09,1.120912660541827611e-06,1.058322561954836874e-05,1.883948670940151615e+00,1.899071654096068981e-03,1.896784381055677347e-03,1.215477500598592057e-03,1.631417238658576965e-09,-4.583784946731007026e-09,4.598886498632541731e+00,1.842060889000807613e-03,1.842884341493841813e-03,2.188847606824841953e-03
7.499999999999923229e-09,1.120914481010476791e-06,1.058322114124342635e-05,1.888343063296568758e+00,1.900830615450879984e-03,1.898544110556508666e-03,1.215571575260312401e-03,1.631420236793373115e-09,-4.583785733312624005e-09,4.607686669016544556e+00,1.844097467441448666e-03,1.844921512185144575e-03,2.191510224159769118e-03
7.514999999999923694e-09,1.120916298198705008e-06,1.058321667107638180e-05,1.892737833201866504e+00,1.902588311462595928e-03,1.900302573926378842e-03,1.215665250325926542e-03,1.631423216510759660e-09,-4.583786514728009194e-09,4.616486839399744468e+00,1.846131070407880468e-03,1.846955705972344553e-03,2.194169343052632462e-03
7.529999999999924160e-09,1.120918112117562656e-06,1.058321220901890184e-05,1.897132978597575237e+00,1.904344743632522185e-03,1.902059772667844635e-03,1.215758528092119239e-03,1.631426177833603184e-09,-4.583787291032515867e-09,4.625287009782105940e+00,1.848161707090999542e-03,1.848986932050775264e-03,2.196824973480612526e-03
7.544999999999924625e-09,1.120919922777966082e-06,1.058320775504224833e-05,1.901528497439953336e+00,1.906099913464589851e-03,1.903815708286081369e-03,1.215851410839152626e-03,1.631429120945680262e-09,-4.583788062265922312e-09,4.634087180163649400e+00,1.850189386638743938e-03,1.851015199573863637e-03,2.199477125377240737e-03
7.559999999999925090e-09,1.120921730190897493e-06,1.058320330911806940e-05,1.905924387699927225e+00,1.907853822465280279e-03,1.905570382288780803e-03,1.215943900830994363e-03,1.631432046010343765e-09,-4.583788828410973540e-09,4.642887350544362413e+00,1.852214118158553718e-03,1.853040517654543388e-03,2.202125808636731883e-03
7.574999999999925555e-09,1.120923534367032256e-06,1.058319887121845359e-05,1.910320647362873103e+00,1.909606472143525555e-03,1.907323796186107109e-03,1.216036000315423886e-03,1.631434953180241600e-09,-4.583789589558907574e-09,4.651687520924269847e+00,1.854235910716009635e-03,1.855062895364152599e-03,2.204771033114459426e-03
7.589999999999926020e-09,1.120925335317148231e-06,1.058319444131476105e-05,1.914717274428580973e+00,1.911357864010642792e-03,1.909075951490648518e-03,1.216127711524227131e-03,1.631437842592514111e-09,-4.583790345772490051e-09,4.660487691303359270e+00,1.856254773334861750e-03,1.857082341731730504e-03,2.207412808623202428e-03
7.604999999999926485e-09,1.120927133052142708e-06,1.058319001937915149e-05,1.919114266911073230e+00,1.913107999580279488e-03,1.910826849717254475e-03,1.216219036673294547e-03,1.631440714330845919e-09,-4.583791097014620267e-09,4.669287861681629792e+00,1.858270714997933446e-03,1.859098865744419730e-03,2.210051144930495759e-03
7.619999999999926951e-09,1.120928927582687879e-06,1.058318560538408279e-05,1.923511622838520951e+00,1.914856880368315728e-03,1.912576492383044960e-03,1.216309977962742742e-03,1.631443568567334019e-09,-4.583791843405365141e-09,4.678088032059109835e+00,1.860283744647132703e-03,1.861112476347688343e-03,2.212686051762510677e-03
7.634999999999927416e-09,1.120930718919236342e-06,1.058318119930188407e-05,1.927909340253081583e+00,1.916604507892809978e-03,1.914324881007340015e-03,1.216400537577105954e-03,1.631446405403726796e-09,-4.583792584966074206e-09,4.686888202435787854e+00,1.862293871183408290e-03,1.863123182445997929e-03,2.215317538806409713e-03
7.649999999999927881e-09,1.120932507072510051e-06,1.058317680110459308e-05,1.932307417210771927e+00,1.918350883673942270e-03,1.916072017111533328e-03,1.216490717685382019e-03,1.631449225019577450e-09,-4.583793321749880580e-09,4.695688372811631872e+00,1.864301103466312406e-03,1.865130992904265100e-03,2.217945615707661317e-03
7.664999999999928346e-09,1.120934292053005864e-06,1.058317241076527249e-05,1.936705851781409082e+00,1.920096009233916408e-03,1.917817902219049299e-03,1.216580520441228616e-03,1.631452027551165020e-09,-4.583794053768049637e-09,4.704488543186668537e+00,1.866305450315299767e-03,1.867135916547359078e-03,2.220570292068807777e-03
7.679999999999928811e-09,1.120936073871189718e-06,1.058316802825622431e-05,1.941104642048390172e+00,1.921839886096937851e-03,1.919562537855330243e-03,1.216669947983066479e-03,1.631454813101759286e-09,-4.583794780966319156e-09,4.713288713560910281e+00,1.868306920510141118e-03,1.869137962159650012e-03,2.223191577450232392e-03
7.694999999999929277e-09,1.120937852537512518e-06,1.058316365355078564e-05,1.945503786108663036e+00,1.923582515789073848e-03,1.921305925547684172e-03,1.216759002434230968e-03,1.631457581800073271e-09,-4.583795503507060554e-09,4.722088883934376646e+00,1.870305522790251035e-03,1.871137138485790474e-03,2.225809481372065940e-03
7.709999999999929742e-09,1.120939628062289643e-06,1.058315928662163120e-05,1.949903282072593225e+00,1.925323899838266234e-03,1.923048066825264191e-03,1.216847685903033657e-03,1.631460333755942706e-09,-4.583796221469471413e-09,4.730889054307038322e+00,1.872301265854810432e-03,1.873133454230833201e-03,2.228424013315747926e-03
7.724999999999930207e-09,1.120941400456034678e-06,1.058315492744213196e-05,1.954303128063783479e+00,1.927064039774200243e-03,1.924788963219025784e-03,1.216936000482959435e-03,1.631463069164899232e-09,-4.583796934823316626e-09,4.739689224678919288e+00,1.874294158363023740e-03,1.875126918059744291e-03,2.231035182724638941e-03
7.739999999999930672e-09,1.120943169728824350e-06,1.058315057598543360e-05,1.958703322219052856e+00,1.928802937128307107e-03,1.926528616261582614e-03,1.217023948252756067e-03,1.631465788088239829e-09,-4.583797643622280216e-09,4.748489395050016881e+00,1.876284208935628979e-03,1.877117538598295282e-03,2.233642999000794074e-03
7.754999999999931137e-09,1.120944935891018295e-06,1.058314623222499179e-05,1.963103862688230450e+00,1.930540593433662140e-03,1.928267027487266371e-03,1.217111531276571885e-03,1.631468490619259922e-09,-4.583798347851316595e-09,4.757289565420308897e+00,1.878271426154948937e-03,1.879105324434076664e-03,2.236247471505961246e-03
7.769999999999931603e-09,1.120946698952745546e-06,1.058314189613451634e-05,1.967504747634135853e+00,1.932277010224899743e-03,1.930004198431924676e-03,1.217198751604035584e-03,1.631471176958207944e-09,-4.583799047611899316e-09,4.766089735789804216e+00,1.880255818564306996e-03,1.881090284115237389e-03,2.238848609564897570e-03
7.784999999999932068e-09,1.120948458924177062e-06,1.058313756768738328e-05,1.971905975232374431e+00,1.934012189038230092e-03,1.931740130632997625e-03,1.217285611270451599e-03,1.631473847198007089e-09,-4.583799742969473255e-09,4.774889906158550801e+00,1.882237394668406826e-03,1.883072426150711031e-03,2.241446422464392699e-03
7.799999999999932533e-09,1.120950215815474274e-06,1.058313324685783606e-05,1.976307543671290912e+00,1.935746131411276950e-03,1.933474825629347355e-03,1.217372112296845853e-03,1.631476501470873081e-09,-4.583800433853080379e-09,4.783690076526509571e+00,1.884216162933148066e-03,1.885051759011726301e-03,2.244040919450158902e-03
7.814999999999932998e-09,1.120951969636595749e-06,1.058312893361944893e-05,1.980709451151853484e+00,1.937478838883115173e-03,1.935208284961262163e-03,1.217458256690106709e-03,1.631479139864605351e-09,-4.583801120327349134e-09,4.792490246893652106e+00,1.886192131786313276e-03,1.887028291132138158e-03,2.246632109725821020e-03
7.829999999999933463e-09,1.120953720397546639e-06,1.058312462794644838e-05,1.985111695887465499e+00,1.939210312994155139e-03,1.936940510170386898e-03,1.217544046443151716e-03,1.631481762533291102e-09,-4.583801802525681422e-09,4.801290417260069887e+00,1.888165309618154491e-03,1.889002030908342377e-03,2.249220002456970950e-03
7.844999999999933928e-09,1.120955468108310286e-06,1.058312032981298127e-05,1.989514276104053403e+00,1.940940555286083981e-03,1.938671502799632108e-03,1.217629483534941708e-03,1.631484369593780972e-09,-4.583802480408333693e-09,4.810090587625716729e+00,1.890135704781511399e-03,1.890972986698932507e-03,2.251804606774937198e-03
7.859999999999934394e-09,1.120957212778726885e-06,1.058311603919353157e-05,1.993917190039686593e+00,1.942669567301855615e-03,1.940401264393186833e-03,1.217714569930714768e-03,1.631486961062180372e-09,-4.583803154032646109e-09,4.818890757990583751e+00,1.892103325592559004e-03,1.892941166824726540e-03,2.254385931771960179e-03
7.874999999999934859e-09,1.120958954418690627e-06,1.058311175606246299e-05,1.998320435944739959e+00,1.944397350585587089e-03,1.942129796496393918e-03,1.217799307581978211e-03,1.631489537174636959e-09,-4.583803823371220794e-09,4.827690928354701150e+00,1.894068180330434016e-03,1.894906579568447292e-03,2.256963986501027419e-03
7.889999999999935324e-09,1.120960693038153513e-06,1.058310748039432219e-05,2.002724012081575911e+00,1.946123906682508493e-03,1.943857100655697542e-03,1.217883698426726292e-03,1.631492098049353604e-09,-4.583804488476971663e-09,4.836491098718005865e+00,1.896030277236839543e-03,1.896869233175960774e-03,2.259538779979267543e-03
7.904999999999935789e-09,1.120962428646745039e-06,1.058310321216387436e-05,2.007127916724575023e+00,1.947849237138950815e-03,1.945583178418675528e-03,1.217967744389494410e-03,1.631494643701677194e-09,-4.583805149488678117e-09,4.845291269080532537e+00,1.897989624517058176e-03,1.898829135857539509e-03,2.262110321184566258e-03
7.919999999999936254e-09,1.120964161254196553e-06,1.058309895134603377e-05,2.011532148160005917e+00,1.949573343502255304e-03,1.947308031333846350e-03,1.218051447381475992e-03,1.631497174379247614e-09,-4.583805806342257647e-09,4.854091439442387745e+00,1.899946230339971719e-03,1.900786295787253210e-03,2.264678619057593819e-03
7.934999999999936720e-09,1.120965890870234958e-06,1.058309469791566049e-05,2.015936704685865166e+00,1.951296227320718389e-03,1.949031660950768666e-03,1.218134809300645436e-03,1.631499690141191113e-09,-4.583806459049197310e-09,4.862891609803483561e+00,1.901900102837360794e-03,1.902740721102720708e-03,2.267243682502761287e-03
7.949999999999937185e-09,1.120967617504481067e-06,1.058309045184802285e-05,2.020341584611911490e+00,1.953017890143542894e-03,1.950754068819860691e-03,1.218217832031861549e-03,1.631502190963093663e-09,-4.583807107688333208e-09,4.871691780163775576e+00,1.903851250104751170e-03,1.904692419905190410e-03,2.269805520388085661e-03
7.964999999999937650e-09,1.120969341166479459e-06,1.058308621311814353e-05,2.024746786259347786e+00,1.954738333520830446e-03,1.952475256492432936e-03,1.218300517446966420e-03,1.631504677089302348e-09,-4.583807752341792796e-09,4.880491950523341060e+00,1.905799680202733670e-03,1.906641400260092366e-03,2.272364141545472633e-03
7.979999999999938115e-09,1.120971061865899014e-06,1.058308198170134848e-05,2.029152307960963686e+00,1.956457559003440747e-03,1.954195225520601476e-03,1.218382867404895799e-03,1.631507148634924520e-09,-4.583808392935075225e-09,4.889292120882145376e+00,1.907745401156702445e-03,1.908587670197109832e-03,2.274919554768975363e-03
7.994999999999938580e-09,1.120972779612101141e-06,1.058307775757325500e-05,2.033558148060882420e+00,1.958175568143047732e-03,1.955913977457231136e-03,1.218464883751796618e-03,1.631509605675627147e-09,-4.583809029558559076e-09,4.898092291240195628e+00,1.909688420956421511e-03,1.910531237710765386e-03,2.277471768817711413e-03
8.009999999999939046e-09,1.120974494414732697e-06,1.058307354070932285e-05,2.037964304914541724e+00,1.959892362492017710e-03,1.957631513855911855e-03,1.218546568321122407e-03,1.631512048316975226e-09,-4.583809662336902121e-09,4.906892461597538002e+00,1.911628747556719937e-03,1.912472110760905569e-03,2.280020792414824086e-03
8.024999999999939511e-09,1.120976206283037354e-06,1.058306933108536925e-05,2.042370776888520201e+00,1.961607943603376186e-03,1.959347836270906428e-03,1.218627922933717203e-03,1.631514476681658458e-09,-4.583810291146778348e-09,4.915692631954104996e+00,1.913566388876977720e-03,1.914410297271238511e-03,2.282566634245606751e-03
8.039999999999939976e-09,1.120977915226520728e-06,1.058306512867691154e-05,2.046777562360526659e+00,1.963322313030780534e-03,1.961062946257067022e-03,1.218708949397957373e-03,1.631516890857931433e-09,-4.583810916021027656e-09,4.924492802309921480e+00,1.915501352801696937e-03,1.916345805130266781e-03,2.285109302959150400e-03
8.054999999999940441e-09,1.120979621254332467e-06,1.058306093346014133e-05,2.051184659719260672e+00,1.965035472328455820e-03,1.962776845369842548e-03,1.218789649509824900e-03,1.631519290942641903e-09,-4.583811537093102400e-09,4.933292972665036302e+00,1.917433647181497050e-03,1.918278642192603823e-03,2.287648807171135685e-03
8.069999999999940906e-09,1.120981324376047432e-06,1.058305674541109945e-05,2.055592067364384157e+00,1.966747423051144490e-03,1.964489535165194964e-03,1.218870025053009083e-03,1.631521677088468592e-09,-4.583812154356731725e-09,4.942093143019411272e+00,1.919363279832588844e-03,1.920208816278192896e-03,2.290185155464005522e-03
8.084999999999941372e-09,1.120983024600629138e-06,1.058305256450598935e-05,2.059999783706275789e+00,1.968458166754073844e-03,1.966201017199559371e-03,1.218950077799034904e-03,1.631524049363439660e-09,-4.583812767834622565e-09,4.950893313373053495e+00,1.921290258536471939e-03,1.922136335171931729e-03,2.292718356385473229e-03
8.099999999999941837e-09,1.120984721937563719e-06,1.058304839072085186e-05,2.064407807166118047e+00,1.970167704992900528e-03,1.967911293029824503e-03,1.219029809507308571e-03,1.631526407861377862e-09,-4.583813377565099027e-09,4.959693483725986063e+00,1.923214591040533269e-03,1.924061206625219669e-03,2.295248418449222054e-03
8.114999999999942302e-09,1.120986416395690174e-06,1.058304422403224957e-05,2.068816136175692488e+00,1.971876039323708796e-03,1.969620364213243383e-03,1.219109221925271033e-03,1.631528752648520512e-09,-4.583813983598456999e-09,4.968493654078180555e+00,1.925136285058352175e-03,1.925983438356557685e-03,2.297775350134639762e-03
8.129999999999942767e-09,1.120988107984473463e-06,1.058304006441675186e-05,2.073224769177384186e+00,1.973583171302853521e-03,1.971328232307435497e-03,1.219188316788460437e-03,1.631531083877677441e-09,-4.583814585941922731e-09,4.977293824429617430e+00,1.927055348269547967e-03,1.927903038050143240e-03,2.300299159884116370e-03
8.144999999999943232e-09,1.120989796712763385e-06,1.058303591185092641e-05,2.077633704624007649e+00,1.975289102487082487e-03,1.973034898870300053e-03,1.219267095820610351e-03,1.631533401640706436e-09,-4.583815184590883865e-09,4.986093994780341987e+00,1.928971788320274971e-03,1.929820013356108813e-03,2.302819856104412841e-03
8.159999999999943697e-09,1.120991482589653262e-06,1.058303176631146119e-05,2.082042940978736656e+00,1.976993834433338204e-03,1.974740365460027694e-03,1.219345560733770548e-03,1.631535706016587735e-09,-4.583815779629337282e-09,4.994894165130362218e+00,1.930885612823741429e-03,1.931734371891675496e-03,2.305337447170534293e-03
8.174999999999944163e-09,1.120993165624157007e-06,1.058302762777536940e-05,2.086452476715057625e+00,1.978697368698814282e-03,1.976444633634992509e-03,1.219423713228375093e-03,1.631537997113287021e-09,-4.583816371042924783e-09,5.003694335479675459e+00,1.932796829359743505e-03,1.933646121241181176e-03,2.307851941423220282e-03
8.189999999999944628e-09,1.120994845825337661e-06,1.058302349621942202e-05,2.090862310316661699e+00,1.980399706840887345e-03,1.978147704953781959e-03,1.219501554993330161e-03,1.631540275054866702e-09,-4.583816958904745143e-09,5.012494505828272828e+00,1.934705445475040425e-03,1.935555268956239269e-03,2.310363347164301820e-03
8.204999999999945093e-09,1.120996523201944651e-06,1.058301937162083048e-05,2.095272440277371029e+00,1.982100850417028125e-03,1.979849580975105803e-03,1.219579087706141977e-03,1.631542539957987162e-09,-4.583817543181084965e-09,5.021294676176117910e+00,1.936611468684181067e-03,1.937461822555758230e-03,2.312871672658915311e-03
8.219999999999945558e-09,1.120998197762932598e-06,1.058301525395647754e-05,2.099682865101047291e+00,1.983800800984872586e-03,1.981550263257741452e-03,1.219656313032972542e-03,1.631544791825365689e-09,-4.583818123896529709e-09,5.030094846523271990e+00,1.938514906469282137e-03,1.939365789525498767e-03,2.315376926143927674e-03
8.234999999999946023e-09,1.120999869517230499e-06,1.058301114320392701e-05,2.104093583301432258e+00,1.985499560102072306e-03,1.983249753360577777e-03,1.219733232628756074e-03,1.631547030774813690e-09,-4.583818701169271904e-09,5.038895016869740395e+00,1.940415766280111217e-03,1.941267177319432350e-03,2.317879115827565974e-03
8.249999999999946489e-09,1.121001538473523194e-06,1.058300703934068338e-05,2.108504593402289906e+00,1.987197129326302280e-03,1.984948052842488032e-03,1.219809848137262112e-03,1.631549256916478741e-09,-4.583819274980404684e-09,5.047695187215499146e+00,1.942314055534397500e-03,1.943165993359894728e-03,2.320378249885315242e-03
8.264999999999946954e-09,1.121003204640593781e-06,1.058300294234406480e-05,2.112915893937003631e+00,1.988893510215227096e-03,1.986645163262336367e-03,1.219886161191217813e-03,1.631551470358875358e-09,-4.583819845353236344e-09,5.056495357560561565e+00,1.944209781617775839e-03,1.945062245037030169e-03,2.322874336457904018e-03
8.279999999999947419e-09,1.121004868027206721e-06,1.058299885219163846e-05,2.117327483448818271e+00,1.990588704326467975e-03,1.988341086178920143e-03,1.219962173412366064e-03,1.631553671172959508e-09,-4.583820412263749694e-09,5.065295527904901896e+00,1.946102951884398895e-03,1.946955939709779605e-03,2.325367383651833018e-03
8.294999999999947884e-09,1.121006528642012125e-06,1.058299476886126629e-05,2.121739360490502602e+00,1.992282713217527305e-03,1.990035823150962998e-03,1.220037886411565447e-03,1.631555859441025528e-09,-4.583820975795680228e-09,5.074095698248544117e+00,1.947993573657274538e-03,1.948847084705608058e-03,2.327857399541081659e-03
8.309999999999948349e-09,1.121008186493618603e-06,1.058299069233060188e-05,2.126151523624432382e+00,1.993975538445797759e-03,1.991729375737048488e-03,1.220113301788898225e-03,1.631558035275462862e-09,-4.583821535990217405e-09,5.082895868591489119e+00,1.949881654227498444e-03,1.950735687320104359e-03,2.330344392170113910e-03
8.324999999999948815e-09,1.121009841590784050e-06,1.058298662257782735e-05,2.130563971422473113e+00,1.995667181568487256e-03,1.993421745495601010e-03,1.220188421133694629e-03,1.631560198713227665e-09,-4.583822092817176577e-09,5.091696038933726243e+00,1.951767200854362090e-03,1.952621754817937408e-03,2.332828369553833180e-03
8.339999999999949280e-09,1.121011493941819130e-06,1.058298255958082837e-05,2.134976702465856579e+00,1.997357644142645425e-03,1.995112933984812074e-03,1.220263246024701122e-03,1.631562349881437125e-09,-4.583822646376335577e-09,5.100496209275298121e+00,1.953650220766250251e-03,1.954505294432905185e-03,2.335309339674226936e-03
8.354999999999949745e-09,1.121013143555539552e-06,1.058297850331780908e-05,2.139389715345108911e+00,1.999046927725043037e-03,1.996802942762691043e-03,1.220337778030097103e-03,1.631564488874344129e-09,-4.583823196662957143e-09,5.109296379616186101e+00,1.955530721161417070e-03,1.956386313367723759e-03,2.337787310479687124e-03
8.369999999999950210e-09,1.121014790440223579e-06,1.058297445376682794e-05,2.143803008660089660e+00,2.000735033872208871e-03,1.998491773386944139e-03,1.220412018707623921e-03,1.631566615798208713e-09,-4.583823743592212249e-09,5.118096549956369756e+00,1.957408709207007682e-03,1.958264818793622238e-03,2.340262289886405750e-03
8.384999999999950675e-09,1.121016434604474313e-06,1.058297041090656514e-05,2.148216581019781302e+00,2.002421964140335599e-03,2.000179427414965766e-03,1.220485969604623256e-03,1.631568730726889213e-09,-4.583824287287945549e-09,5.126896720295843757e+00,1.959284192039059506e-03,1.960140817850777959e-03,2.342734285776213853e-03
8.399999999999951140e-09,1.121018076056557314e-06,1.058296637471505371e-05,2.152630431042205750e+00,2.004107720085332271e-03,2.001865906403833741e-03,1.220559632258163977e-03,1.631570833702906849e-09,-4.583824827829801300e-09,5.135696890634651623e+00,1.961157176764322194e-03,1.962014317649521476e-03,2.345203306000099523e-03
8.414999999999951606e-09,1.121019714804999450e-06,1.058296234517115850e-05,2.157044557354535375e+00,2.005792303262667747e-03,2.003551211910234702e-03,1.220633008195084850e-03,1.631572924845832439e-09,-4.583825365184655055e-09,5.144497060972810232e+00,1.963027670460373852e-03,1.963885325270039919e-03,2.347669358383638449e-03
8.429999999999952071e-09,1.121021350858059294e-06,1.058295832225359865e-05,2.161458958592766155e+00,2.007475715227484327e-03,2.005235345490461504e-03,1.220706098932124650e-03,1.631575004230560363e-09,-4.583825899389866427e-09,5.153297231310247639e+00,1.964895680173404935e-03,1.965753847761909055e-03,2.350132450721261097e-03
8.444999999999952536e-09,1.121022984224048566e-06,1.058295430594082394e-05,2.165873633401877996e+00,2.009157957534426012e-03,2.006918308700366381e-03,1.220778905975944276e-03,1.631577071932903172e-09,-4.583826430416766162e-09,5.162097401647021577e+00,1.966761212919225683e-03,1.967619892144525668e-03,2.352592590775214477e-03
8.459999999999953001e-09,1.121024614911265015e-06,1.058295029621159587e-05,2.170288580435582038e+00,2.010839031737729141e-03,2.008600103095354444e-03,1.220851430823221727e-03,1.631579128044889880e-09,-4.583826958323998885e-09,5.170897571983136487e+00,1.968624275685091057e-03,1.969483465408030428e-03,2.355049786277380562e-03
8.474999999999953466e-09,1.121026242927978010e-06,1.058294629304540609e-05,2.174703798356351303e+00,2.012518939391079280e-03,2.010280730230279596e-03,1.220923674960786324e-03,1.631581172643610410e-09,-4.583827483151093903e-09,5.179697742318569276e+00,1.970484875428790868e-03,1.971344574513758489e-03,2.357504044928326967e-03
8.489999999999953932e-09,1.121027868282340032e-06,1.058294229642094493e-05,2.179119285835367847e+00,2.014197682047662395e-03,2.011960191659550347e-03,1.220995639865612645e-03,1.631583205832131881e-09,-4.583828004865251849e-09,5.188497912653354582e+00,1.972343019078518379e-03,1.973203226394089002e-03,2.359955374396764845e-03
8.504999999999954397e-09,1.121029490982446387e-06,1.058293830631728221e-05,2.183535041552351785e+00,2.015875261260131023e-03,2.013638488936944203e-03,1.221067327004960379e-03,1.631585227680920154e-09,-4.583828523602931056e-09,5.197298082987429346e+00,1.974198713532260112e-03,1.975059427951719564e-03,2.362403782319966953e-03
8.519999999999954862e-09,1.121031111036437485e-06,1.058293432271384011e-05,2.187951064195547968e+00,2.017551678580497589e-03,2.015315623615682693e-03,1.221138737836412495e-03,1.631587238282626076e-09,-4.583829039341389019e-09,5.206098253320833535e+00,1.976051965658422518e-03,1.976913186059670122e-03,2.364849276306166346e-03
8.534999999999955327e-09,1.121032728452631189e-06,1.058293034559004251e-05,2.192367352461700669e+00,2.019226935560186013e-03,2.016991597248362841e-03,1.221209873807966098e-03,1.631589237708231462e-09,-4.583829552007879340e-09,5.214898423653611559e+00,1.977902782297351596e-03,1.978764507562532412e-03,2.367291863934022078e-03
8.549999999999955792e-09,1.121034343238793733e-06,1.058292637492517946e-05,2.196783905055951447e+00,2.020901033749992678e-03,2.018666411386924216e-03,1.221280736358130222e-03,1.631591226017288561e-09,-4.583830061704624998e-09,5.223698593985696803e+00,1.979751170261124724e-03,1.980613399276109129e-03,2.369731552751731460e-03
8.564999999999956258e-09,1.121035955403099832e-06,1.058292241069855624e-05,2.201200720691729895e+00,2.022573974700023550e-03,2.020340067582665402e-03,1.221351326915933637e-03,1.631593203251709993e-09,-4.583830568440920196e-09,5.232498764317150552e+00,1.981597136333163381e-03,1.982459867988087873e-03,2.372168350278037498e-03
8.579999999999956723e-09,1.121037564953424139e-06,1.058291845289020151e-05,2.205617798090760306e+00,2.024245759959667282e-03,2.022012567386137754e-03,1.221421646901083577e-03,1.631595169580911033e-09,-4.583831072265700110e-09,5.241298934647936392e+00,1.983440687268665098e-03,1.984303920458199439e-03,2.374602264002551120e-03
8.594999999999957188e-09,1.121039171897868525e-06,1.058291450147971024e-05,2.210035135982942656e+00,2.025916391077614304e-03,2.023683912347206543e-03,1.221491697723982219e-03,1.631597125059062913e-09,-4.583831573179462704e-09,5.250099104977998365e+00,1.985281829794496335e-03,1.986145563417016525e-03,2.377033301386566495e-03
8.609999999999957653e-09,1.121040776244275244e-06,1.058291055644679770e-05,2.214452733106267335e+00,2.027585869601784829e-03,2.025354104014951643e-03,1.221561480785796723e-03,1.631599069710943621e-09,-4.583832071197120389e-09,5.258899275307457266e+00,1.987120570609474373e-03,1.987984803566986321e-03,2.379461469863601401e-03
8.624999999999958118e-09,1.121042378000501796e-06,1.058290661777133669e-05,2.218870588206888872e+00,2.029254197079314107e-03,2.027023143937683146e-03,1.221630997478593021e-03,1.631601003644551512e-09,-4.583832566344082501e-09,5.267699445636297106e+00,1.988956916384973603e-03,1.989821647582947894e-03,2.381886776838337307e-03
8.639999999999958584e-09,1.121043977174396367e-06,1.058290268543368959e-05,2.223288700038857257e+00,2.030921375056547219e-03,2.028691033662885414e-03,1.221700249185312184e-03,1.631602926889880362e-09,-4.583833058596822366e-09,5.276499615964493906e+00,1.990790873764046887e-03,1.991656102112041547e-03,2.384309229685311390e-03
8.654999999999959049e-09,1.121045573773864737e-06,1.058289875941349373e-05,2.227707067364271598e+00,2.032587405078978803e-03,2.030357774737245706e-03,1.221769237279921993e-03,1.631604839618470473e-09,-4.583833548125760700e-09,5.285299786292005031e+00,1.992622449361252518e-03,1.993488173774075282e-03,2.386728835749852423e-03
8.669999999999959514e-09,1.121047167806613213e-06,1.058289483969120975e-05,2.232125688952973697e+00,2.034252288691237864e-03,2.032023368706528839e-03,1.221837963127437752e-03,1.631606741829268016e-09,-4.583834034793540025e-09,5.294099956618844693e+00,1.994451649764273585e-03,1.995317869161196932e-03,2.389145602349330207e-03
8.684999999999959979e-09,1.121048759280377535e-06,1.058289092624705775e-05,2.236544563582753664e+00,2.035916027437097760e-03,2.033687817115697322e-03,1.221906428084029413e-03,1.631608633560365487e-09,-4.583834518655120702e-09,5.302900126945104375e+00,1.996278481534409770e-03,1.997145194837973963e-03,2.391559536773488637e-03
8.699999999999960444e-09,1.121050348202839445e-06,1.058288701906129168e-05,2.240963690039023071e+00,2.037578622859389892e-03,2.035351121508718799e-03,1.221974633497040002e-03,1.631610514970173555e-09,-4.583834999828292423e-09,5.311700297270713023e+00,1.998102951206054325e-03,1.998970157342123792e-03,2.393970646283202341e-03
8.714999999999960909e-09,1.121051934581735529e-06,1.058288311811448740e-05,2.245383067115032105e+00,2.039240076500054011e-03,2.037013283428690952e-03,1.222042580705123100e-03,1.631612386106383940e-09,-4.583835478153445727e-09,5.320500467595658201e+00,1.999925065286720094e-03,2.000792763184807387e-03,2.396378938111626798e-03
8.729999999999961375e-09,1.121053518424763412e-06,1.058287922338713604e-05,2.249802693611514304e+00,2.040900389900032839e-03,2.038674304417707056e-03,1.222110271038243708e-03,1.631614247028343128e-09,-4.583835953766992622e-09,5.329300637919989647e+00,2.001744830257082882e-03,2.002613018850344772e-03,2.398784419465058767e-03
8.744999999999961840e-09,1.121055099739414676e-06,1.058287533485987950e-05,2.254222568336841981e+00,2.042559564599285074e-03,2.040334186016905423e-03,1.222177705817780163e-03,1.631616097785544230e-09,-4.583836426735161324e-09,5.338100808243662065e+00,2.003562252570440655e-03,2.004430930795840331e-03,2.401187097522146981e-03
8.759999999999962305e-09,1.121056678533325535e-06,1.058287145251351386e-05,2.258642690106976492e+00,2.044217602136826593e-03,2.041992929766437738e-03,1.222244886356576177e-03,1.631617938411346613e-09,-4.583836897001410730e-09,5.346900978566691442e+00,2.005377338653650289e-03,2.006246505451828119e-03,2.403586979431739795e-03
8.774999999999962770e-09,1.121058254814101921e-06,1.058286757632878097e-05,2.263063057745188900e+00,2.045874504050583000e-03,2.043650537205389701e-03,1.222311813959027363e-03,1.631619769061376865e-09,-4.583837364624284547e-09,5.355701148889123075e+00,2.007190094908067358e-03,2.008059749222570241e-03,2.405984072313870504e-03
8.789999999999963235e-09,1.121059828589234360e-06,1.058286370628663445e-05,2.267483670082217184e+00,2.047530271877487200e-03,2.045307009871796637e-03,1.222378489921112452e-03,1.631621589812999534e-09,-4.583837829558149703e-09,5.364501319210925878e+00,2.009000527708853113e-03,2.009870668485352983e-03,2.408378383260464679e-03
8.804999999999963701e-09,1.121061399866111941e-06,1.058285984236794322e-05,2.271904525956141008e+00,2.049184907153341496e-03,2.046962349302678622e-03,1.222444915530493045e-03,1.631623400644779269e-09,-4.583838291905923182e-09,5.373301489532070541e+00,2.010808643404280154e-03,2.011679269591045826e-03,2.410769919334910388e-03
8.819999999999964166e-09,1.121062968652282789e-06,1.058285598455385910e-05,2.276325624212352405e+00,2.050838411412897813e-03,2.048616557033881760e-03,1.222511092066554377e-03,1.631625201647581239e-09,-4.583838751704616353e-09,5.382101659852589037e+00,2.012614448316018666e-03,2.013485558865139684e-03,2.413158687575641271e-03
8.834999999999964631e-09,1.121064534955150606e-06,1.058285213282552375e-05,2.280746963703377261e+00,2.052490786189801325e-03,2.050269634600210018e-03,1.222577020800473839e-03,1.631626992962507154e-09,-4.583839208872348263e-09,5.390901830172520448e+00,2.014417948740223219e-03,2.015289542607674039e-03,2.415544694995769206e-03
8.849999999999965096e-09,1.121066098782057896e-06,1.058284828716416183e-05,2.285168543288992105e+00,2.054142033016525832e-03,2.051921583535274742e-03,1.222642702995286896e-03,1.631628774592972443e-09,-4.583839663440194432e-09,5.399702000491825693e+00,2.016219150947321133e-03,2.017091227092809771e-03,2.417927948582388690e-03
8.864999999999965561e-09,1.121067660140387824e-06,1.058284444755109626e-05,2.289590361836042920e+00,2.055792153424444019e-03,2.053572405371584426e-03,1.222708139905949540e-03,1.631630546579918411e-09,-4.583840115437671973e-09,5.408502170810448817e+00,2.018018061182016813e-03,2.018890618568594097e-03,2.420308455295520824e-03
8.879999999999966027e-09,1.121069219037546421e-06,1.058284061396772452e-05,2.294012418218489557e+00,2.057441148943670028e-03,2.055222101640399434e-03,1.222773332779393367e-03,1.631632309015890644e-09,-4.583840564939542297e-09,5.417302341128493737e+00,2.019814685663736276e-03,2.020687723257565561e-03,2.422686222067022607e-03
8.894999999999966492e-09,1.121070775480777937e-06,1.058283678639565243e-05,2.298434711317193457e+00,2.059089021103206914e-03,2.056870673871864699e-03,1.222838282854609489e-03,1.631634061955653048e-09,-4.583841011901527253e-09,5.426102511445944465e+00,2.021609030586937663e-03,2.022482547357287459e-03,2.425061255802195455e-03
8.909999999999966957e-09,1.121072329477234930e-06,1.058283296481651971e-05,2.302857240020072194e+00,2.060735771430832145e-03,2.058518123594854903e-03,1.222902991362667625e-03,1.631635805514041248e-09,-4.583841456403657393e-09,5.434902681762746823e+00,2.023401102120732202e-03,2.024275097039926301e-03,2.427433563381091453e-03
8.924999999999967422e-09,1.121073881034229411e-06,1.058282914921156796e-05,2.307280003221917397e+00,2.062381401453023018e-03,2.060164452337015679e-03,1.222967459526803913e-03,1.631637539784463372e-09,-4.583841898447534139e-09,5.443702852078934562e+00,2.025190906408578032e-03,2.026065378452695468e-03,2.429803151657247869e-03
8.939999999999967887e-09,1.121075430159085039e-06,1.058282533956294343e-05,2.311702999824297056e+00,2.064025912695065940e-03,2.061809661624743224e-03,1.223031688562495074e-03,1.631639264736394802e-09,-4.583842337965143391e-09,5.452503022394534327e+00,2.026978449569033936e-03,2.027853397718008734e-03,2.432170027455670541e-03
8.954999999999968352e-09,1.121076976858818848e-06,1.058282153585230955e-05,2.316126228735666981e+00,2.065669306680957985e-03,2.063453752983182565e-03,1.223095679677477926e-03,1.631640980450912266e-09,-4.583842775068513528e-09,5.461303192709517695e+00,2.028763737696265453e-03,2.029639160933112505e-03,2.434534197574376481e-03
8.969999999999968818e-09,1.121078521140566030e-06,1.058281773806170582e-05,2.320549688871124339e+00,2.067311584933403425e-03,2.065096727936144728e-03,1.223159434071845880e-03,1.631642686991967786e-09,-4.583843209822703961e-09,5.470103363023880227e+00,2.030546776859750401e-03,2.031422674171169587e-03,2.436895668787692013e-03
8.984999999999969283e-09,1.121080063011553471e-06,1.058281394617297525e-05,2.324973379152519559e+00,2.068952748973796815e-03,2.066738588006143164e-03,1.223222952938066935e-03,1.631644384460687293e-09,-4.583843642183577159e-09,5.478903533337671661e+00,2.032327573104019541e-03,2.033203943480756115e-03,2.439254447847202974e-03
8.999999999999969748e-09,1.121081602478795027e-06,1.058281016016828780e-05,2.329397298508371073e+00,2.070592800322200444e-03,2.068379334714398523e-03,1.223286237461084077e-03,1.631646072908824376e-09,-4.583844072054168529e-09,5.487703703650857356e+00,2.034106132449753791e-03,2.034982974885876737e-03,2.441610541480214707e-03
9.014999999999970213e-09,1.121083139549400481e-06,1.058280638002946275e-05,2.333821445873686340e+00,2.072231740497339995e-03,2.070018969580733701e-03,1.223349288818357345e-03,1.631647752284497854e-09,-4.583844499519038263e-09,5.496503873963408004e+00,2.035882460893776846e-03,2.036759774386905694e-03,2.443963956387512539e-03
9.029999999999970678e-09,1.121084674230242023e-06,1.058280260573923927e-05,2.338245820190072877e+00,2.073869571016592403e-03,2.071657494123641929e-03,1.223412108179887468e-03,1.631649422808777121e-09,-4.583844924732499387e-09,5.505304044275373343e+00,2.037656564408554718e-03,2.038534347959842629e-03,2.446314699242413751e-03
9.044999999999971144e-09,1.121086206528436000e-06,1.058279883727977714e-05,2.342670420405620568e+00,2.075506293395932515e-03,2.073294909860214780e-03,1.223474696708322113e-03,1.631651084504815171e-09,-4.583845347614886135e-09,5.514104214586762254e+00,2.039428448942550917e-03,2.040306701556454400e-03,2.448662776694020618e-03
9.059999999999971609e-09,1.121087736450866249e-06,1.058279507463315824e-05,2.347095245474858594e+00,2.077141909149947830e-03,2.074931218306170794e-03,1.223537055558974974e-03,1.631652737352552253e-09,-4.583845768087035668e-09,5.522904384897520558e+00,2.041198120421032231e-03,2.042076841104748224e-03,2.451008195368743064e-03
9.074999999999972074e-09,1.121089264004627731e-06,1.058279131778215391e-05,2.351520294358661722e+00,2.078776419791816821e-03,2.076566420975806040e-03,1.223599185879914453e-03,1.631654381497488196e-09,-4.583846186286767858e-09,5.531704555207721974e+00,2.042965584745618565e-03,2.043844772508702796e-03,2.453350961866427628e-03
9.089999999999972539e-09,1.121090789196461767e-06,1.058278756670925428e-05,2.355945566024280513e+00,2.080409826833302857e-03,2.078200519381974594e-03,1.223661088811973854e-03,1.631656016973363904e-09,-4.583846602266562350e-09,5.540504725517324758e+00,2.044730847793548717e-03,2.045610501648757046e-03,2.455691082761252142e-03
9.104999999999973004e-09,1.121092312033341346e-06,1.058278382139707655e-05,2.360371059445342645e+00,2.082042131784685689e-03,2.079833515036098954e-03,1.223722765488860888e-03,1.631657643817547054e-09,-4.583847015920884135e-09,5.549304895826322692e+00,2.046493915418372105e-03,2.047374034382156219e-03,2.458028564603165558e-03
9.119999999999973470e-09,1.121093832521995931e-06,1.058278008182812779e-05,2.364796773601557600e+00,2.083673336154839937e-03,2.081465409448129272e-03,1.223784217037134255e-03,1.631659262104112704e-09,-4.583847427301379886e-09,5.558105066134737982e+00,2.048254793450539433e-03,2.049135376542792712e-03,2.460363413917150688e-03
9.134999999999973935e-09,1.121095350669251975e-06,1.058277634798531488e-05,2.369222707478891632e+00,2.085303441451142291e-03,2.083096204126545087e-03,1.223845444576348272e-03,1.631660871810670730e-09,-4.583847836450694075e-09,5.566905236442564409e+00,2.050013487697413539e-03,2.050894533941206941e-03,2.462695637201298225e-03
9.149999999999974400e-09,1.121096866481978066e-06,1.058277261985170562e-05,2.373648860069549116e+00,2.086932449179467602e-03,2.084725900578344483e-03,1.223906449219035533e-03,1.631662473100646584e-09,-4.583848243382824250e-09,5.575705406749809967e+00,2.051770003943324903e-03,2.052651512364987631e-03,2.465025240930246702e-03
9.164999999999974865e-09,1.121098379966972280e-06,1.058276889740968852e-05,2.378075230371732296e+00,2.088560360844173274e-03,2.086354500308995521e-03,1.223967232070799060e-03,1.631664066037969540e-09,-4.583848648133306092e-09,5.584505577056467551e+00,2.053524347949745119e-03,2.054406317578937480e-03,2.467352231558425125e-03
9.179999999999975330e-09,1.121099891130880859e-06,1.058276518064274134e-05,2.382501817389711007e+00,2.090187177948135688e-03,2.087982004822457483e-03,1.224027794230329869e-03,1.631665650581759713e-09,-4.583849050664676590e-09,5.593305747362542490e+00,2.055276525454961638e-03,2.056158955324456031e-03,2.469676615515613814e-03
9.194999999999975796e-09,1.121101399980495528e-06,1.058276146953391665e-05,2.386928620133900392e+00,2.091812901992703803e-03,2.089608415621186516e-03,1.224088136789501296e-03,1.631667226865962045e-09,-4.583849451076156886e-09,5.602105917668036561e+00,2.057026542174635042e-03,2.057909431319537505e-03,2.471998399205509352e-03
9.209999999999976261e-09,1.121102906522308792e-06,1.058275776406611116e-05,2.391355637620498964e+00,2.093437534477626729e-03,2.091233734206008124e-03,1.224148260833368132e-03,1.631668794921954393e-09,-4.583849849305744830e-09,5.610906087972951539e+00,2.058774403801772162e-03,2.059657751259479867e-03,2.474317589007196498e-03
9.224999999999976726e-09,1.121104410763186701e-06,1.058275406422262815e-05,2.395782868871753735e+00,2.095061076901127452e-03,2.092857962076281973e-03,1.224208167440270483e-03,1.631670354799676750e-09,-4.583850245367442108e-09,5.619706258277280320e+00,2.060520116006400379e-03,2.061403920817510196e-03,2.476634191276620538e-03
9.239999999999977191e-09,1.121105912709621127e-06,1.058275036998675229e-05,2.400210312915759481e+00,2.096683530759863804e-03,2.094481100729713666e-03,1.224267857681848089e-03,1.631671906558820540e-09,-4.583850639339680332e-09,5.628506428581042442e+00,2.062263684436247638e-03,2.063147945644671494e-03,2.478948212345802316e-03
9.254999999999977656e-09,1.121107412368275043e-06,1.058274668134200877e-05,2.404637968786428548e+00,2.098304897548878157e-03,2.096103151662438453e-03,1.224327332623080869e-03,1.631673450219090650e-09,-4.583851031152709150e-09,5.637306598884232578e+00,2.064005114717317509e-03,2.064889831369912023e-03,2.481259658525043939e-03
9.269999999999978121e-09,1.121108909745608135e-06,1.058274299827157722e-05,2.409065835523442001e+00,2.099925178761619972e-03,2.097724116369041603e-03,1.224386593322397557e-03,1.631674985898739995e-09,-4.583851420877813334e-09,5.646106769186855168e+00,2.065744412453313257e-03,2.066629583600056684e-03,2.483568536102441320e-03
9.284999999999978587e-09,1.121110404848237211e-06,1.058273932075935046e-05,2.413493912172355760e+00,2.101544375889924116e-03,2.099343996342396650e-03,1.224445640831660093e-03,1.631676513618229715e-09,-4.583851808553298791e-09,5.654906939488927087e+00,2.067481583225740192e-03,2.068367207919557648e-03,2.485874851342098277e-03
9.299999999999979052e-09,1.121111897682763200e-06,1.058273564878843526e-05,2.417922197784290184e+00,2.103162490424028211e-03,2.100962793073827585e-03,1.224504476196224770e-03,1.631678033432686226e-09,-4.583852194147620987e-09,5.663707109790430572e+00,2.069216632594453840e-03,2.070102709891129267e-03,2.488178610486432418e-03
9.314999999999979517e-09,1.121113388255516190e-06,1.058273198234259570e-05,2.422350691416081059e+00,2.104779523852459006e-03,2.102580508052987861e-03,1.224563100455019864e-03,1.631679545421894201e-09,-4.583852577652197925e-09,5.672507280091351411e+00,2.070949566097636529e-03,2.071836095055942361e-03,2.490479819754786057e-03
9.329999999999979982e-09,1.121114876572987207e-06,1.058272832140599734e-05,2.426779392130251622e+00,2.106395477662153810e-03,2.104197142767857357e-03,1.224621514640581192e-03,1.631681049518021728e-09,-4.583852959118627475e-09,5.681307450391722469e+00,2.072680389251484265e-03,2.073567368932962424e-03,2.492778485342185026e-03
9.344999999999980447e-09,1.121116362641635301e-06,1.058272466596198752e-05,2.431208298994795847e+00,2.108010353338385032e-03,2.105812698704791382e-03,1.224679719779069031e-03,1.631682545859099609e-09,-4.583853338598624971e-09,5.690107620691536638e+00,2.074409107550652560e-03,2.075296537019608815e-03,2.495074613421837534e-03
9.359999999999980913e-09,1.121117846467949802e-06,1.058272101599453020e-05,2.435637411083319215e+00,2.109624152364704235e-03,2.107427177348447384e-03,1.224737716890355287e-03,1.631684034482852863e-09,-4.583853716072417487e-09,5.698907790990757505e+00,2.076135726468746490e-03,2.077023604792290357e-03,2.497368210145388748e-03
9.374999999999981378e-09,1.121119328058148356e-06,1.058271737148776893e-05,2.440066727474931252e+00,2.111236876223037979e-03,2.109040580181777581e-03,1.224795506988057966e-03,1.631685515442869765e-09,-4.583854091525245639e-09,5.707707961289416154e+00,2.077860251458178015e-03,2.078748577705905737e-03,2.499659281639856397e-03
9.389999999999981843e-09,1.121120807418727282e-06,1.058271373242543560e-05,2.444496247254194898e+00,2.112848526393559020e-03,2.110652908686045000e-03,1.224853091079563736e-03,1.631686988845945950e-09,-4.583854464927392963e-09,5.716508131587549002e+00,2.079582687949900997e-03,2.080471461193493087e-03,2.501947834007262582e-03
9.404999999999982308e-09,1.121122284556012011e-06,1.058271009879171780e-05,2.448925969511030143e+00,2.114459104354737915e-03,2.112264164340828254e-03,1.224910470166106413e-03,1.631688454685030117e-09,-4.583854836406128642e-09,5.725308301885084106e+00,2.081303041353275898e-03,2.082192260666755178e-03,2.504233873329161832e-03
9.419999999999982773e-09,1.121123759476066239e-06,1.058270647057067943e-05,2.453355893340827709e+00,2.116068611583355602e-03,2.113874348623929166e-03,1.224967645242790821e-03,1.631689913036935085e-09,-4.583855206011311814e-09,5.734108472182094296e+00,2.083021317056665215e-03,2.083910981516907696e-03,2.506517405668107386e-03
9.434999999999983239e-09,1.121125232185444731e-06,1.058270284774659789e-05,2.457786017844202142e+00,2.117677049554453090e-03,2.115483463011475114e-03,1.225024617298658058e-03,1.631691363899072606e-09,-4.583855573622105453e-09,5.742908642478577796e+00,2.084737520427732728e-03,2.085627629114372630e-03,2.508798437063889438e-03
9.449999999999983704e-09,1.121126702690371274e-06,1.058269923030380306e-05,2.462216342127269364e+00,2.119284419741300669e-03,2.117091508977800209e-03,1.225081387316692000e-03,1.631692807324443450e-09,-4.583855939203737369e-09,5.751708812774471546e+00,2.086451656813464745e-03,2.087342208808598294e-03,2.511076973533405039e-03
9.464999999999984169e-09,1.121128170996925446e-06,1.058269561822650625e-05,2.466646865301163949e+00,2.120890723615449953e-03,2.118698487995512511e-03,1.225137956273903437e-03,1.631694243398509643e-09,-4.583856302952900358e-09,5.760508983069832389e+00,2.088163731539931147e-03,2.089054725928565000e-03,2.513353021071895385e-03
9.479999999999984634e-09,1.121129637111291223e-06,1.058269201149938632e-05,2.471077586482425037e+00,2.122495962646666224e-03,2.120304401535422906e-03,1.225194325141363682e-03,1.631695672153246473e-09,-4.583856664842262717e-09,5.769309153364634568e+00,2.089873749912352172e-03,2.090765185782970676e-03,2.515626585652913291e-03
9.494999999999985099e-09,1.121131101039881280e-06,1.058268841010670372e-05,2.475508504792730768e+00,2.124100138302947947e-03,2.121909251066647021e-03,1.225250494884230811e-03,1.631697093640411664e-09,-4.583857024773121121e-09,5.778109323658898511e+00,2.091581717215254977e-03,2.092473593659453270e-03,2.517897673227126234e-03
9.509999999999985564e-09,1.121132562788664235e-06,1.058268481403298822e-05,2.479939619358860980e+00,2.125703252050543252e-03,2.123513038056396192e-03,1.225306466461801268e-03,1.631698507891973885e-09,-4.583857382817101965e-09,5.786909493952637540e+00,2.093287638712893004e-03,2.094179954824958948e-03,2.520166289723258738e-03
9.524999999999986030e-09,1.121134022363750583e-06,1.058268122326274251e-05,2.484370929312739396e+00,2.127305305353813323e-03,2.125115763970187362e-03,1.225362240827580773e-03,1.631699914942161458e-09,-4.583857738952231196e-09,5.795709664245835668e+00,2.094991519649098532e-03,2.095884274526452033e-03,2.522432441050282900e-03
9.539999999999986495e-09,1.121135479771288512e-06,1.058267763778104697e-05,2.488802433791362567e+00,2.128906299675444036e-03,2.126717430271700838e-03,1.225417818929259170e-03,1.631701314829343981e-09,-4.583858093313362417e-09,5.804509834538471580e+00,2.096693365247363338e-03,2.097586557990755839e-03,2.524696133095685399e-03
9.554999999999986960e-09,1.121136935017337062e-06,1.058267405757243136e-05,2.493234131936786557e+00,2.130506236476243428e-03,2.128318038422787658e-03,1.225473201708826001e-03,1.631702707623785899e-09,-4.583858445792302883e-09,5.813310004830548827e+00,2.098393180711517845e-03,2.099286810424742192e-03,2.526957371724865113e-03
9.569999999999987425e-09,1.121138388108017951e-06,1.058267048262140856e-05,2.497666022896027460e+00,2.132105117215180728e-03,2.129917589883498219e-03,1.225528390102572241e-03,1.631704093388191637e-09,-4.583858796420861825e-09,5.822110175122126030e+00,2.100090971225527722e-03,2.100985037015262475e-03,2.529216162781537311e-03
9.584999999999987890e-09,1.121139839049210011e-06,1.058266691291325203e-05,2.502098105821101370e+00,2.133702943349424092e-03,2.131516086112028932e-03,1.225583385041143858e-03,1.631705472185612625e-09,-4.583859145290939838e-09,5.830910345413144569e+00,2.101786741953318681e-03,2.102681242928658434e-03,2.531472512086344571e-03
9.599999999999988356e-09,1.121141287847049573e-06,1.058266334843272028e-05,2.506530379868935565e+00,2.135299716334318910e-03,2.133113528564786407e-03,1.225638187449561113e-03,1.631706844007267512e-09,-4.583859492240037288e-09,5.839710515703643523e+00,2.103480498039129922e-03,2.104375433311528494e-03,2.533726425440401258e-03
9.614999999999988821e-09,1.121142734507429656e-06,1.058265978916498852e-05,2.510962844201320543e+00,2.136895437623331437e-03,2.134709918696254746e-03,1.225692798247295752e-03,1.631708208882965201e-09,-4.583859837436425048e-09,5.848510685993644209e+00,2.105172244607865419e-03,2.106067613291030035e-03,2.535977908627155310e-03
9.629999999999989286e-09,1.121144179036461391e-06,1.058265623509472547e-05,2.515395497985003281e+00,2.138490108668086084e-03,2.136305257959136925e-03,1.225747218348263853e-03,1.631709566873653598e-09,-4.583860180960712694e-09,5.857310856283048039e+00,2.106861986764902665e-03,2.107757787974880257e-03,2.538226967408851141e-03
9.644999999999989751e-09,1.121145621439750443e-06,1.058265268620738757e-05,2.519828340391446098e+00,2.140083730918355444e-03,2.137899547804216448e-03,1.225801448660932729e-03,1.631710918074817472e-09,-4.583860522631765043e-09,5.866111026571933174e+00,2.108549729595949555e-03,2.109445962451484552e-03,2.540473607521908338e-03
9.659999999999990216e-09,1.121147061723550033e-06,1.058264914248825168e-05,2.524261370596919907e+00,2.141676305822047717e-03,2.139492789680429771e-03,1.225855490088295337e-03,1.631712262476438630e-09,-4.583860862491826209e-09,5.874911196860301388e+00,2.110235478166998854e-03,2.111132141789430396e-03,2.542717834681060707e-03
9.674999999999990682e-09,1.121148499893491869e-06,1.058264560392223555e-05,2.528694587782482905e+00,2.143267834825143825e-03,2.141084985034829007e-03,1.225909343527921891e-03,1.631713600107774244e-09,-4.583861200629076955e-09,5.883711367148131366e+00,2.111919237524504701e-03,2.112816331038035959e-03,2.544959654585545773e-03
9.689999999999991147e-09,1.121149935955618051e-06,1.058264207049485660e-05,2.533127991133966361e+00,2.144858319371806266e-03,2.142676135312583229e-03,1.225963009872047677e-03,1.631714931087473655e-09,-4.583861537054401323e-09,5.892511537435452418e+00,2.113601012696143724e-03,2.114498535227828883e-03,2.547199072915850432e-03
9.704999999999991612e-09,1.121151369915625722e-06,1.058263854219148319e-05,2.537561579841752124e+00,2.146447760904248141e-03,2.144266241956935097e-03,1.226016490007550289e-03,1.631716255430144663e-09,-4.583861871765905068e-09,5.901311707722247668e+00,2.115280808690631585e-03,2.116178759370119979e-03,2.549436095331457548e-03
9.719999999999992077e-09,1.121152801779371056e-06,1.058263501899743115e-05,2.541995353101028865e+00,2.148036160862832472e-03,2.145855306409276755e-03,1.226069784816019451e-03,1.631717573113699067e-09,-4.583862204785453057e-09,5.910111878008502906e+00,2.116958630497804087e-03,2.117857008457165423e-03,2.551670727471489538e-03
9.734999999999992542e-09,1.121154231552679098e-06,1.058263150089825518e-05,2.546429310111431477e+00,2.149623520685929948e-03,2.147443330109050953e-03,1.226122895173781518e-03,1.631718884253173700e-09,-4.583862536082629031e-09,5.918912048294273198e+00,2.118634483088819697e-03,2.119533287462219227e-03,2.553902974956171607e-03
9.749999999999993008e-09,1.121155659241120572e-06,1.058262798787948966e-05,2.550863450077324401e+00,2.151209841810114085e-03,2.149030314493780101e-03,1.226175821951956072e-03,1.631720188875391135e-09,-4.583862865621918817e-09,5.927712218579513248e+00,2.120308371415627856e-03,2.121207601339500717e-03,2.556132843385960484e-03
9.764999999999993473e-09,1.121157084850683579e-06,1.058262447992698405e-05,2.555297772207564044e+00,2.152795125669936145e-03,2.150616260999097928e-03,1.226228566016475440e-03,1.631721486973490943e-09,-4.583863193497866678e-09,5.936512388864197298e+00,2.121980300411230921e-03,2.122879955024842454e-03,2.558360338337725866e-03
9.779999999999993938e-09,1.121158508387045991e-06,1.058262097702603047e-05,2.559732275715578265e+00,2.154379373698068253e-03,2.152201171058670988e-03,1.226281128228128708e-03,1.631722778643545808e-09,-4.583863519784510242e-09,5.945312559148418607e+00,2.123650274990299559e-03,2.124550353435570964e-03,2.560585465367696840e-03
9.794999999999994403e-09,1.121159929855849894e-06,1.058261747916262746e-05,2.564166959819208724e+00,2.155962587325223594e-03,2.153785046104248098e-03,1.226333509442584929e-03,1.631724063841678143e-09,-4.583863844410848461e-09,5.954112729432107010e+00,2.125318300049282034e-03,2.126218801470495471e-03,2.562808230013861443e-03
9.809999999999994868e-09,1.121161349262651615e-06,1.058261398632246865e-05,2.568601823740840118e+00,2.157544767980187211e-03,2.155367887565616970e-03,1.226385710510468578e-03,1.631725342724139263e-09,-4.583864167373590811e-09,5.962912899715256287e+00,2.126984380466209051e-03,2.127885304009708399e-03,2.565028637794071042e-03
9.824999999999995333e-09,1.121162766613305207e-06,1.058261049849144076e-05,2.573036866707220760e+00,2.159125917089802556e-03,2.156949696870644542e-03,1.226437732277338303e-03,1.631726615300944050e-09,-4.583864488728141021e-09,5.971713069997962364e+00,2.128648521100048874e-03,2.129549865914693793e-03,2.567246694206420671e-03
9.839999999999995799e-09,1.121164181913443865e-06,1.058260701565537803e-05,2.577472087949517654e+00,2.160706036078936798e-03,2.158530475445202389e-03,1.226489575583771278e-03,1.631727881543797344e-09,-4.583864808435768842e-09,5.980513240280094678e+00,2.130310726791393838e-03,2.131212492028860747e-03,2.569462404727996131e-03
9.854999999999996264e-09,1.121165595168482671e-06,1.058260353780039757e-05,2.581907486703257426e+00,2.162285126370494266e-03,2.160110224713224399e-03,1.226541241265369057e-03,1.631729141528176068e-09,-4.583865126500362021e-09,5.989313410561689643e+00,2.131971002363203249e-03,2.132873187177761112e-03,2.571675774816205816e-03
9.869999999999996729e-09,1.121167006384139942e-06,1.058260006491241492e-05,2.586343062208326327e+00,2.163863189385450275e-03,2.161688946096660801e-03,1.226592730152814385e-03,1.631730395311379228e-09,-4.583865443012568802e-09,5.998113580842844961e+00,2.133629352620216180e-03,2.134531956169125923e-03,2.573886809911201529e-03
9.884999999999997194e-09,1.121168415565965016e-06,1.058259659697759296e-05,2.590778813708868977e+00,2.165440226542772201e-03,2.163266641015525876e-03,1.226644043071893316e-03,1.631731642952515292e-09,-4.583865757895145403e-09,6.006913751123443390e+00,2.135285782349164406e-03,2.136188803792792544e-03,2.576095515435665537e-03
9.899999999999997659e-09,1.121169822719517394e-06,1.058259313398206576e-05,2.595214740453361646e+00,2.167016239259465446e-03,2.164843310887802977e-03,1.226695180843516246e-03,1.631732884430031032e-09,-4.583866071156894681e-09,6.015713921403551545e+00,2.136940296319013530e-03,2.137843734820622701e-03,2.578301896794801470e-03
9.914999999999998125e-09,1.121171227850199028e-06,1.058258967591207241e-05,2.599650841694417736e+00,2.168591228950518361e-03,2.166418957129506977e-03,1.226746144283791858e-03,1.631734119841376185e-09,-4.583866382890149018e-09,6.024514091683216499e+00,2.138592899280959952e-03,2.139496754006585313e-03,2.580505959374800821e-03
9.929999999999998590e-09,1.121172630963604994e-06,1.058258622275357928e-05,2.604087116689029813e+00,2.170165197028980312e-03,2.167993581154661290e-03,1.226796934204020615e-03,1.631735349168422880e-09,-4.583866693084249363e-09,6.033314261962353875e+00,2.140243595968501118e-03,2.141147866087001091e-03,2.582707708540920005e-03
9.944999999999999055e-09,1.121174032065140845e-06,1.058258277449315751e-05,2.608523564698249864e+00,2.171738144905878843e-03,2.169567184375336463e-03,1.226847551410752005e-03,1.631736572415823181e-09,-4.583867001778921067e-09,6.042114432240954791e+00,2.141892391097648465e-03,2.142797075780458402e-03,2.584907149640398600e-03
9.959999999999999520e-09,1.121175431160429186e-06,1.058257933111727319e-05,2.612960184987283441e+00,2.173310073990247435e-03,2.171139768201522675e-03,1.226897996705794301e-03,1.631737789721256544e-09,-4.583867308904924975e-09,6.050914602519071650e+00,2.143539289366780398e-03,2.144444387787760361e-03,2.587104288002664478e-03
9.974999999999999985e-09,1.121176828254700233e-06,1.058257589261219424e-05,2.617396976825520305e+00,2.174880985689107288e-03,2.172711334041265048e-03,1.226948270886303680e-03,1.631739001101627439e-09,-4.583867614494956230e-09,6.059714772796683135e+00,2.145184295456412440e-03,2.146089806791381862e-03,2.589299128936814551e-03
9.990000000000000451e-09,1.121178223353512216e-06,1.058257245896453415e-05,2.621833939486480691e+00,2.176450881407464722e-03,2.174281883300547419e-03,1.226998374744731751e-03,1.631740206569954036e-09,-4.583867918584012014e-09,6.068514943073807011e+00,2.146827414029425785e-03,2.147733337456407630e-03,2.591491677733489141e-03
1.000500000000000092e-08,1.121179616462176667e-06,1.058256903016046765e-05,2.626271072247597260e+00,2.178019762548351074e-03,2.175851417383402060e-03,1.227048309068937875e-03,1.631741406190602565e-09,-4.583868221096159630e-09,6.077315113350445941e+00,2.148468649731816692e-03,2.149374984431633769e-03,2.593681939665923222e-03
1.002000000000000138e-08,1.121181007586104433e-06,1.058256560618701648e-05,2.630708374390470894e+00,2.179587630512720350e-03,2.177419937691796054e-03,1.227098074642170951e-03,1.631742599967147275e-09,-4.583868522183113928e-09,6.086115283626588379e+00,2.150108007192736391e-03,2.151014752348665276e-03,2.595869919988055136e-03
1.003500000000000185e-08,1.121182396730500108e-06,1.058256218703066033e-05,2.635145845200800974e+00,2.181154486699563716e-03,2.178987445625665560e-03,1.227147672243123627e-03,1.631743787856671760e-09,-4.583868821845879105e-09,6.094915453902268077e+00,2.151745491024200947e-03,2.152652645821908663e-03,2.598055623935237399e-03
1.005000000000000231e-08,1.121183783900895028e-06,1.058255877267805672e-05,2.639583483968015010e+00,2.182720332505780694e-03,2.180553942582922743e-03,1.227197102645959190e-03,1.631744970000308336e-09,-4.583869119906621256e-09,6.103715624177464605e+00,2.153381105821405243e-03,2.154288669448677345e-03,2.600239056725441467e-03
1.006500000000000278e-08,1.121185169102548633e-06,1.058255536311605631e-05,2.644021289985712730e+00,2.184285169326290622e-03,2.182119429959478770e-03,1.227246366620341053e-03,1.631746146456197667e-09,-4.583869416540311415e-09,6.112515794452133555e+00,2.155014856162719948e-03,2.155922827809404578e-03,2.602420223558829689e-03
1.008000000000000324e-08,1.121186552340673140e-06,1.058255195833156397e-05,2.648459262551332571e+00,2.185848998553955452e-03,2.183683909149157065e-03,1.227295464931451837e-03,1.631747317192657495e-09,-4.583869711756271079e-09,6.121315964726293579e+00,2.156646746609237886e-03,2.157555125467679451e-03,2.604599129618051078e-03
1.009500000000000371e-08,1.121187933620550011e-06,1.058254855831108986e-05,2.652897400966260033e+00,2.187411821579587131e-03,2.185247381543783084e-03,1.227344398340087916e-03,1.631748482254002573e-09,-4.583870005459927861e-09,6.130116135000008626e+00,2.158276781705137457e-03,2.159185566970203522e-03,2.606775780068689308e-03
1.011000000000000417e-08,1.121189312947472356e-06,1.058254516304185734e-05,2.657335704535706888e+00,2.188973639791987058e-03,2.186809848533111458e-03,1.227393167602578534e-03,1.631749641698072679e-09,-4.583870297792524507e-09,6.138916305273196095e+00,2.159904965978011807e-03,2.160814156846991609e-03,2.608950180057214869e-03
1.012500000000000464e-08,1.121190690326595852e-06,1.058254177251070689e-05,2.661774172568766250e+00,2.190534454577871930e-03,2.188371311504827294e-03,1.227441773470921114e-03,1.631750795554683538e-09,-4.583870588709581033e-09,6.147716475545878190e+00,2.161531303938637669e-03,2.162440899611360514e-03,2.611122334710620340e-03
1.014000000000000510e-08,1.121192065763195396e-06,1.058253838670453492e-05,2.666212804378394807e+00,2.192094267321907999e-03,2.189931771844603418e-03,1.227490216692755237e-03,1.631751943844951623e-09,-4.583870878170092441e-09,6.156516645818166822e+00,2.163155800081335758e-03,2.164065799760217425e-03,2.613292249139471338e-03
1.015500000000000557e-08,1.121193439262413749e-06,1.058253500561085616e-05,2.670651599281230748e+00,2.193653079406742736e-03,2.191491230936040095e-03,1.227538498011405358e-03,1.631753086605721213e-09,-4.583871166228577378e-09,6.165316816089983831e+00,2.164778458884157250e-03,2.165688861774207798e-03,2.615459928438045728e-03
1.017000000000000603e-08,1.121194810829508657e-06,1.058253162921625192e-05,2.675090556597819802e+00,2.195210892212926326e-03,2.193049690160665463e-03,1.227586618165909431e-03,1.631754223876868617e-09,-4.583871452847725036e-09,6.174116986361249282e+00,2.166399284808882050e-03,2.167310090117706249e-03,2.617625377683016098e-03
1.018500000000000650e-08,1.121196180469493496e-06,1.058252825750836060e-05,2.679529675652321252e+00,2.196767707118960251e-03,2.194607150897960688e-03,1.227634577891064229e-03,1.631755355725008552e-09,-4.583871738109677759e-09,6.182917156632021793e+00,2.168018282300986695e-03,2.168929489238560250e-03,2.619788601933467111e-03
1.020000000000000696e-08,1.121197548187554648e-06,1.058252489047413281e-05,2.683968955772770837e+00,2.198323525501288608e-03,2.196163614525313557e-03,1.227682377917427292e-03,1.631756482123873690e-09,-4.583872022027664645e-09,6.191717326902359986e+00,2.169635455789574105e-03,2.170547063568140436e-03,2.621949606231317471e-03
1.021500000000000743e-08,1.121198913988800993e-06,1.058252152810096978e-05,2.688408396290717484e+00,2.199878348734276429e-03,2.197719082418088735e-03,1.227730018971379166e-03,1.631757603146558673e-09,-4.583872304553073945e-09,6.200517497172238990e+00,2.171250809687087779e-03,2.172162817521526654e-03,2.624108395601504242e-03
1.023000000000000789e-08,1.121200277878249930e-06,1.058251817037597289e-05,2.692847996541493316e+00,2.201432178190204474e-03,2.199273555949511540e-03,1.227777501775112771e-03,1.631758718749138350e-09,-4.583872585702545224e-09,6.209317667441647259e+00,2.172864348389970130e-03,2.173776755498014069e-03,2.626264975052003663e-03
1.024500000000000836e-08,1.121201639861047608e-06,1.058251481728693640e-05,2.697287755864085312e+00,2.202985015239304796e-03,2.200827036490788507e-03,1.227824827046681330e-03,1.631759828997183948e-09,-4.583872865465631191e-09,6.218117837710550155e+00,2.174476076278878019e-03,2.175388881881247169e-03,2.628419349573242209e-03
1.026000000000000882e-08,1.121202999942210156e-06,1.058251146882080414e-05,2.701727673601009183e+00,2.204536861249705663e-03,2.202379525411012843e-03,1.227871995500063197e-03,1.631760934013080561e-09,-4.583873143887048402e-09,6.226918007979018732e+00,2.176085997718376578e-03,2.176999201038878895e-03,2.630571524137258720e-03
1.027500000000000929e-08,1.121204358126836713e-06,1.058250812496568208e-05,2.706167749098474129e+00,2.206087717587475357e-03,2.203931024077194784e-03,1.227919007845121747e-03,1.631762033795763194e-09,-4.583873421003572480e-09,6.235718178247022792e+00,2.177694117057703358e-03,2.178607717322577145e-03,2.632721503699787802e-03
1.029000000000000975e-08,1.121205714419780141e-06,1.058250478570853607e-05,2.710607981706192326e+00,2.207637585616606130e-03,2.205481533854288054e-03,1.227965864787665439e-03,1.631763128338251890e-09,-4.583873696771413311e-09,6.244518348514501938e+00,2.179300438630818199e-03,2.180214435068023471e-03,2.634869293200555601e-03
1.030500000000001022e-08,1.121207068826141910e-06,1.058250145103723830e-05,2.715048370777455311e+00,2.209186466698958261e-03,2.207031056105122208e-03,1.228012567029502242e-03,1.631764217660406842e-09,-4.583873971205518049e-09,6.253318518781497914e+00,2.180904966755618703e-03,2.181819358595256993e-03,2.637014897560495136e-03
1.032000000000001068e-08,1.121208421350880760e-06,1.058249812093923065e-05,2.719488915669057594e+00,2.210734362194349822e-03,2.208579592190448165e-03,1.228059115268422940e-03,1.631765301812325210e-09,-4.583874244380342047e-09,6.262118689048090658e+00,2.182507705734043884e-03,2.183422492208810569e-03,2.639158321683715211e-03
1.033500000000001115e-08,1.121209771998848286e-06,1.058249479540249542e-05,2.723929615741281118e+00,2.212281273460487297e-03,2.210127143468951227e-03,1.228105510198261629e-03,1.631766380810398612e-09,-4.583874516264588100e-09,6.270918859314244642e+00,2.184108659852501341e-03,2.185023840197099308e-03,2.641299570460221759e-03
1.035000000000001162e-08,1.121211120775192330e-06,1.058249147441438979e-05,2.728370470357952104e+00,2.213827201852967743e-03,2.211673711297186453e-03,1.228151752508889211e-03,1.631767454691228342e-09,-4.583874786768109237e-09,6.279719029579874601e+00,2.185707833382137880e-03,2.186623406832869428e-03,2.643438648762491336e-03
1.036500000000001208e-08,1.121212467684643994e-06,1.058248815796294690e-05,2.732811478886283840e+00,2.215372148725351219e-03,2.213219297029636341e-03,1.228197842886282571e-03,1.631768523466710499e-09,-4.583875055949392092e-09,6.288519199845068464e+00,2.187305230578839074e-03,2.188221196373857889e-03,2.645575561444986259e-03
1.038000000000001255e-08,1.121213812732101035e-06,1.058248484603597453e-05,2.737252640696865136e+00,2.216916115429037187e-03,2.214763902018621923e-03,1.228243782012501152e-03,1.631769587234349203e-09,-4.583875323943072716e-09,6.297319370109800474e+00,2.188900855683057964e-03,2.189817213062569042e-03,2.647710313346673429e-03
1.039500000000001301e-08,1.121215155922605417e-06,1.058248153862121953e-05,2.741693955163826413e+00,2.218459103313319154e-03,2.216307527614455423e-03,1.228289570565783235e-03,1.631770645989940103e-09,-4.583875590643283572e-09,6.306119540374062638e+00,2.190494712919872303e-03,2.191411461126454175e-03,2.649842909289963546e-03
1.041000000000001348e-08,1.121216497260839537e-06,1.058247823570672854e-05,2.746135421664604781e+00,2.220001113725468805e-03,2.217850175165285865e-03,1.228335209220484357e-03,1.631771699761128608e-09,-4.583875856033332154e-09,6.314919710637878048e+00,2.192086806499175377e-03,2.193003944777717224e-03,2.651973354080717181e-03
1.042500000000001394e-08,1.121217836751694164e-06,1.058247493728041781e-05,2.750577039579987115e+00,2.221542148010571208e-03,2.219391846017144607e-03,1.228380698647182695e-03,1.631772748598372529e-09,-4.583876120222891032e-09,6.323719880901231605e+00,2.193677140615867688e-03,2.194594668213380693e-03,2.654101652509031906e-03
1.044000000000001441e-08,1.121219174400070018e-06,1.058247164333024253e-05,2.755018808294127375e+00,2.223082207511630198e-03,2.220932541514035550e-03,1.228426039512642417e-03,1.631773792543475921e-09,-4.583876383122445201e-09,6.332520051164157060e+00,2.195265719449855657e-03,2.196183635615725840e-03,2.656227809348099978e-03
1.045500000000001487e-08,1.121220510210544890e-06,1.058246835384445096e-05,2.759460727194419594e+00,2.224621293569570540e-03,2.222472262997744752e-03,1.228471232479893920e-03,1.631774831538724116e-09,-4.583876644739150600e-09,6.341320221426585135e+00,2.196852547166076343e-03,2.197770851152107928e-03,2.658351829354925217e-03
1.047000000000001534e-08,1.121221844188222787e-06,1.058246506881094069e-05,2.763902795671692836e+00,2.226159407523169414e-03,2.224011011808004791e-03,1.228516278208213221e-03,1.631775865618107621e-09,-4.583876905193650696e-09,6.350120391688569121e+00,2.198437627914797982e-03,2.199356318975147911e-03,2.660473717271713383e-03
1.048500000000001580e-08,1.121223176337661383e-06,1.058246178821811754e-05,2.768345013119923426e+00,2.227696550709097178e-03,2.225548789282447495e-03,1.228561177353206966e-03,1.631776894896065218e-09,-4.583877164437767179e-09,6.358920561950109018e+00,2.200020965831627796e-03,2.200940043222944075e-03,2.662593477825178721e-03
1.050000000000001627e-08,1.121224506663698718e-06,1.058245851205389603e-05,2.772787378936370395e+00,2.229232724461944256e-03,2.227085596756554504e-03,1.228605930566723957e-03,1.631777919361220694e-09,-4.583877422450132321e-09,6.367720732211219037e+00,2.201602565037332013e-03,2.202522028018733327e-03,2.664711115725536521e-03
1.051500000000001673e-08,1.121225835170989874e-06,1.058245524030680736e-05,2.777229892521521748e+00,2.230767930114140474e-03,2.228621435563743567e-03,1.228650538497026885e-03,1.631778939079787167e-09,-4.583877679191497229e-09,6.376520902471884966e+00,2.203182429637852782e-03,2.204102277470890766e-03,2.666826635665698643e-03
1.053000000000001720e-08,1.121227161864113063e-06,1.058245197296508791e-05,2.781672553279107785e+00,2.232302168996051772e-03,2.230156307035243216e-03,1.228695001788710373e-03,1.631779954055931147e-09,-4.583877934804769761e-09,6.385321072732066838e+00,2.204760563724663357e-03,2.205680795673035498e-03,2.668940042323094970e-03
1.054500000000001766e-08,1.121228486748124224e-06,1.058244871001692497e-05,2.786115360615978087e+00,2.233835442435859638e-03,2.231690212500221562e-03,1.228739321082769924e-03,1.631780964306000824e-09,-4.583878189262385777e-09,6.394121242991826826e+00,2.206336971374681360e-03,2.207257586704354600e-03,2.671051340360819197e-03
1.056000000000001813e-08,1.121229809827409296e-06,1.058244545145073282e-05,2.790558313942181012e+00,2.235367751759713330e-03,2.233223153285705202e-03,1.228783497016600838e-03,1.631781969828893360e-09,-4.583878442437990958e-09,6.402921413251124960e+00,2.207911656649893650e-03,2.208832654629558877e-03,2.673160534427506101e-03
1.057500000000001859e-08,1.121231131106760154e-06,1.058244219725513412e-05,2.795001412670931273e+00,2.236899098291571589e-03,2.234755130716601767e-03,1.228827530224065436e-03,1.631782970662011793e-09,-4.583878694468887359e-09,6.411721583509993216e+00,2.209484623597864593e-03,2.210406003498813481e-03,2.675267629156005775e-03
1.059000000000001906e-08,1.121232450590823833e-06,1.058243894741842796e-05,2.799444656218495364e+00,2.238429483353298471e-03,2.236286146115702526e-03,1.228871421335439064e-03,1.631783966901378766e-09,-4.583878945311508205e-09,6.420521753768441364e+00,2.211055876251957243e-03,2.211977637347755689e-03,2.677372629163117784e-03
1.060500000000001952e-08,1.121233768284170288e-06,1.058243570192910992e-05,2.803888044004385183e+00,2.239958908264645145e-03,2.237816200803633814e-03,1.228915170977545185e-03,1.631784958567641120e-09,-4.583879194959484204e-09,6.429321924026399238e+00,2.212625418631616100e-03,2.213547560197987561e-03,2.679475539049741648e-03
1.062000000000001999e-08,1.121235084191432578e-06,1.058243246077592295e-05,2.808331575450963236e+00,2.241487374343234269e-03,2.239345296098991037e-03,1.228958779773660186e-03,1.631785945602674734e-09,-4.583879443440860916e-09,6.438122094283895258e+00,2.214193254742302490e-03,2.215115776057396436e-03,2.681576363399194168e-03
1.063500000000002045e-08,1.121236398317252653e-06,1.058242922394759981e-05,2.812775249983852976e+00,2.243014882904548288e-03,2.240873433318170838e-03,1.229002248343643048e-03,1.631786928032219194e-09,-4.583879690816721492e-09,6.446922264541000480e+00,2.215759388575323265e-03,2.216682288919362594e-03,2.683675106779421626e-03
1.065000000000002092e-08,1.121237710665977277e-06,1.058242599143232609e-05,2.817219067031618618e+00,2.244541435261981042e-03,2.242400613775424444e-03,1.229045577303875501e-03,1.631787905926076756e-09,-4.583879937061207440e-09,6.455722434797666054e+00,2.217323824107939219e-03,2.218247102763052855e-03,2.685771773744771804e-03
1.066500000000002138e-08,1.121239021242541898e-06,1.058242276321912254e-05,2.821663026025907683e+00,2.246067032726757531e-03,2.243926838782948300e-03,1.229088767267327940e-03,1.631788879336199120e-09,-4.583880182146259966e-09,6.464522605053866222e+00,2.218886565303375934e-03,2.219810221553902840e-03,2.687866368834870758e-03
1.068000000000002185e-08,1.121240330051226997e-06,1.058241953929672193e-05,2.826107126401275149e+00,2.247591676608019784e-03,2.245452109650757436e-03,1.229131818843576989e-03,1.631789848320647954e-09,-4.583880426096303231e-09,6.473322775309671151e+00,2.220447616111039749e-03,2.221371649243477752e-03,2.689958896574118439e-03
1.069500000000002231e-08,1.121241637096575847e-06,1.058241631965396884e-05,2.830551367595386836e+00,2.249115368212781761e-03,2.246976427686782178e-03,1.229174732638818081e-03,1.631790812814022429e-09,-4.583880668924358714e-09,6.482122945565091499e+00,2.222006980466513428e-03,2.222931389769520517e-03,2.692049361472679658e-03
1.071000000000002278e-08,1.121242942383164755e-06,1.058241310427947407e-05,2.834995749048772051e+00,2.250638108845884680e-03,2.248499794196793123e-03,1.229217509255897548e-03,1.631791772835849591e-09,-4.583880910676920582e-09,6.490923115819986045e+00,2.223564662291469853e-03,2.224489447056025946e-03,2.694137768026061679e-03
1.072500000000002324e-08,1.121244245915390458e-06,1.058240989316226683e-05,2.839440270204887540e+00,2.252159899810099366e-03,2.250022210484449274e-03,1.229260149294336907e-03,1.631792728489253220e-09,-4.583881151241120040e-09,6.499723286074446271e+00,2.225120665493848966e-03,2.226045825013217311e-03,2.696224120714897383e-03
1.074000000000002371e-08,1.121245547697843874e-06,1.058240668629132555e-05,2.843884930510219178e+00,2.253680742406029107e-03,2.251543677851251205e-03,1.229302653350327875e-03,1.631793679789716897e-09,-4.583881390708843620e-09,6.508523456328506818e+00,2.226674993967876423e-03,2.227600527537584515e-03,2.698308424005889817e-03
1.075500000000002418e-08,1.121246847734833648e-06,1.058240348365554731e-05,2.848329729414061262e+00,2.255200637932157359e-03,2.253064197596619123e-03,1.229345022016799151e-03,1.631794626737227593e-09,-4.583881629160509821e-09,6.517323626582121499e+00,2.228227651594126470e-03,2.229153558511818602e-03,2.700390682350747515e-03
1.077000000000002464e-08,1.121248146030983733e-06,1.058240028524390883e-05,2.852774666368582235e+00,2.256719587684881140e-03,2.254583771017790519e-03,1.229387255883414905e-03,1.631795569333947971e-09,-4.583881866481272886e-09,6.526123796835316071e+00,2.229778642239718407e-03,2.230704921804865966e-03,2.702470900185759053e-03
1.078500000000002511e-08,1.121249442590541576e-06,1.058239709104528517e-05,2.857219740828912169e+00,2.258237592958411283e-03,2.256102399409933793e-03,1.229429355536574339e-03,1.631796507588323134e-09,-4.583882102663588928e-09,6.534923967088107410e+00,2.231327969758341301e-03,2.232254621272303924e-03,2.704549081932871180e-03
1.080000000000002557e-08,1.121250737418055743e-06,1.058239390104905115e-05,2.861664952252934935e+00,2.259754655044857868e-03,2.257620084066015546e-03,1.229471321559474570e-03,1.631797441584854749e-09,-4.583882337803039495e-09,6.543724137340471536e+00,2.232875637990510732e-03,2.233802660756353288e-03,2.706625231999549609e-03
1.081500000000002604e-08,1.121252030517809257e-06,1.058239071524426481e-05,2.866110300101435637e+00,2.261270775234212015e-03,2.259136826276938927e-03,1.229513154532098059e-03,1.631798371400465857e-09,-4.583882571850719186e-09,6.552524307592389796e+00,2.234421650763355419e-03,2.235349044085904822e-03,2.708699354778995420e-03
1.083000000000002650e-08,1.121253321894330779e-06,1.058238753362008411e-05,2.870555783838016239e+00,2.262785954814304241e-03,2.260652627331423501e-03,1.229554855031276357e-03,1.631799296958537821e-09,-4.583882804836660449e-09,6.561324477843923475e+00,2.235966011890512702e-03,2.236893775076591664e-03,2.710771454649744342e-03
1.084500000000002697e-08,1.121254611551863097e-06,1.058238435616563316e-05,2.875001402928951233e+00,2.264300195070867352e-03,2.262167488516098925e-03,1.229596423630644354e-03,1.631800218227683272e-09,-4.583883036851364287e-09,6.570124648095000630e+00,2.237508725172548344e-03,2.238436857530736422e-03,2.712841535975420420e-03
1.086000000000002743e-08,1.121255899494599236e-06,1.058238118287034946e-05,2.879447156843381261e+00,2.265813497287495672e-03,2.263681411115451170e-03,1.229637860900731350e-03,1.631801135401727999e-09,-4.583883267758845516e-09,6.578924818345631920e+00,2.239049794396703701e-03,2.239978295237640867e-03,2.714909603106233082e-03
1.087500000000002790e-08,1.121257185727260558e-06,1.058237801372325885e-05,2.883893045053195436e+00,2.267325862745675838e-03,2.265194396411819057e-03,1.229679167408920725e-03,1.631802048417962818e-09,-4.583883497626620272e-09,6.587724988595873299e+00,2.240589223337041865e-03,2.241518091973741193e-03,2.716975660378606779e-03
1.089000000000002836e-08,1.121258470253807578e-06,1.058237484871391063e-05,2.888339067033051322e+00,2.268837292724714804e-03,2.266706445685438484e-03,1.229720343719521280e-03,1.631802957250136946e-09,-4.583883726459329866e-09,6.596525158845662595e+00,2.242127015754680121e-03,2.243056251502154822e-03,2.719039712112895912e-03
1.090500000000002883e-08,1.121259753078718346e-06,1.058237168783151191e-05,2.892785222260277234e+00,2.270347788501836991e-03,2.268217560214422050e-03,1.229761390393765063e-03,1.631803862008738138e-09,-4.583883954158142757e-09,6.605325329095045106e+00,2.243663175397173689e-03,2.244592777572392440e-03,2.721101762615062321e-03
1.092000000000002929e-08,1.121261034206088690e-06,1.058236853106583731e-05,2.897231510214876238e+00,2.271857351352141348e-03,2.269727741274697036e-03,1.229802307989816051e-03,1.631804762660089391e-09,-4.583884180885528799e-09,6.614125499344086556e+00,2.245197705999230856e-03,2.246127673920583941e-03,2.723161816178073028e-03
1.093500000000002976e-08,1.121262313640435202e-06,1.058236537840594655e-05,2.901677930379677584e+00,2.273365982548585310e-03,2.271236990140121630e-03,1.229843097062816764e-03,1.631805659286684392e-09,-4.583884406581890456e-09,6.622925669592683029e+00,2.246730611283399934e-03,2.247660944270168416e-03,2.725219877081045024e-03
1.095000000000003022e-08,1.121263591385931424e-06,1.058236222984150753e-05,2.906124482240010298e+00,2.274873683361961375e-03,2.272745308082415108e-03,1.229883758164872654e-03,1.631806551944034405e-09,-4.583884631252929484e-09,6.631725839840810544e+00,2.248261894959656393e-03,2.249192592332514319e-03,2.727275949590072732e-03
1.096500000000003069e-08,1.121264867446578742e-06,1.058235908536202720e-05,2.910571165283997619e+00,2.276380455061012900e-03,2.274252696371129208e-03,1.229924291845131473e-03,1.631807440527696505e-09,-4.583884854978428279e-09,6.640526010088531272e+00,2.249791560724957468e-03,2.250722621806569915e-03,2.729330037957975168e-03
1.098000000000003115e-08,1.121266141826954731e-06,1.058235594495696846e-05,2.915017979002261672e+00,2.277886298912279277e-03,2.275759156273746142e-03,1.229964698649713226e-03,1.631808325072344034e-09,-4.583885077698049807e-09,6.649326180335861203e+00,2.251319612263136347e-03,2.252251036378511134e-03,2.731382146423952471e-03
1.099500000000003162e-08,1.121267414530993861e-06,1.058235280861608054e-05,2.919464922888120206e+00,2.279391216180250319e-03,2.277264689055550663e-03,1.230004979121820984e-03,1.631809205675519578e-09,-4.583885299386775163e-09,6.658126350582808328e+00,2.252846053245299417e-03,2.253777839721669146e-03,2.733432279212914557e-03
1.101000000000003208e-08,1.121268685562962848e-06,1.058234967632917022e-05,2.923911996437524419e+00,2.280895208127242235e-03,2.278769295979795294e-03,1.230045133801693173e-03,1.631810082329697655e-09,-4.583885520045338883e-09,6.666926520829328240e+00,2.254370887330243035e-03,2.255303035496692993e-03,2.735480440535125943e-03
1.102500000000003255e-08,1.121269954927091775e-06,1.058234654808559201e-05,2.928359199148969694e+00,2.282398276013452697e-03,2.280272978307486525e-03,1.230085163226672315e-03,1.631810955062489347e-09,-4.583885739791770541e-09,6.675726691075400510e+00,2.255894118164513372e-03,2.256826627351754284e-03,2.737526634586737867e-03
1.104000000000003301e-08,1.121271222627516279e-06,1.058234342387528993e-05,2.932806530523449418e+00,2.283900421096972996e-03,2.281775737297649792e-03,1.230125067931181829e-03,1.631811823900476101e-09,-4.583885958489074966e-09,6.684526861321080204e+00,2.257415749381886001e-03,2.258348618922353772e-03,2.739570865549528084e-03
1.105500000000003348e-08,1.121272488668268027e-06,1.058234030368794033e-05,2.937253990064691234e+00,2.285401644633752033e-03,2.283277574207045850e-03,1.230164848446781969e-03,1.631812688918422846e-09,-4.583886176219225758e-09,6.693327031566362884e+00,2.258935784603484723e-03,2.259869013831621899e-03,2.741613137592007182e-03
1.107000000000003394e-08,1.121273753053632581e-06,1.058233718751352283e-05,2.941701577278749813e+00,2.286901947877644902e-03,2.284778490290397587e-03,1.230204505302157905e-03,1.631813550027957534e-09,-4.583886393096820517e-09,6.702127201811258317e+00,2.260454227438371804e-03,2.261387815690540839e-03,2.743653454869782442e-03
1.108500000000003441e-08,1.121275015787746638e-06,1.058233407534153759e-05,2.946149291674358128e+00,2.288401332080338291e-03,2.286278486800286808e-03,1.230244039023147256e-03,1.631814407260894771e-09,-4.583886608890829353e-09,6.710927372055744300e+00,2.261971081483289941e-03,2.262905028097565024e-03,2.745691821524827089e-03
1.110000000000003487e-08,1.121276276874516079e-06,1.058233096716218276e-05,2.950597132762661445e+00,2.289899798491441991e-03,2.287777564987162910e-03,1.230283450132769367e-03,1.631815260702152713e-09,-4.583886823705292562e-09,6.719727542299810175e+00,2.263486350322644475e-03,2.264420654638733040e-03,2.747728241686273488e-03
1.111500000000003534e-08,1.121277536318175858e-06,1.058232786296537017e-05,2.955045100057370533e+00,2.291397348358416471e-03,2.289275726099356326e-03,1.230322739151249812e-03,1.631816110353395232e-09,-4.583887037683093187e-09,6.728527712543445283e+00,2.265000037528805670e-03,2.265934698887951682e-03,2.749762719470532409e-03
1.113000000000003580e-08,1.121278794122734980e-06,1.058232476274098795e-05,2.959493193074544504e+00,2.292893982926654407e-03,2.290772971383083292e-03,1.230361906595988297e-03,1.631816956290397865e-09,-4.583887250638150332e-09,6.737327882786707356e+00,2.266512146661992053e-03,2.267447164407302134e-03,2.751795258980830727e-03
1.114500000000003627e-08,1.121280050292122620e-06,1.058232166647893775e-05,2.963941411332825293e+00,2.294389703439357955e-03,2.292269302082434144e-03,1.230400952981649089e-03,1.631817798437451457e-09,-4.583887462640931513e-09,6.746128053029622151e+00,2.268022681270342837e-03,2.268958054746933722e-03,2.753825864307488103e-03
1.116000000000003674e-08,1.121281304830768126e-06,1.058231857416934997e-05,2.968389754353281340e+00,2.295884511137669289e-03,2.293764719439396731e-03,1.230439878820131306e-03,1.631818636811999801e-09,-4.583887673769156139e-09,6.754928223272104404e+00,2.269531644890013765e-03,2.270467373445008395e-03,2.755854539527845433e-03
1.117500000000003720e-08,1.121282557742297856e-06,1.058231548580228890e-05,2.972838221659284574e+00,2.297378407260590796e-03,2.295259224693801774e-03,1.230478684620596235e-03,1.631819471490386289e-09,-4.583887883929472742e-09,6.763728393514152337e+00,2.271039041044886110e-03,2.271975124027587976e-03,2.757881288706258774e-03
1.119000000000003767e-08,1.121283809030901448e-06,1.058231240136782393e-05,2.977286812776755998e+00,2.298871393045033660e-03,2.296752819083430416e-03,1.230517370889479701e-03,1.631820302510578512e-09,-4.583888093160070597e-09,6.772528563755818354e+00,2.272544873246725838e-03,2.273481310008487136e-03,2.759906115893069351e-03
1.120500000000003813e-08,1.121285058700494312e-06,1.058230932085611253e-05,2.981735527233972061e+00,2.300363469725744993e-03,2.298245503843868078e-03,1.230555938130535208e-03,1.631821129839936337e-09,-4.583888301464940022e-09,6.781328733997103342e+00,2.274049144995766471e-03,2.274985934889710119e-03,2.761929025125296581e-03
1.122000000000003860e-08,1.121286306755119123e-06,1.058230624425749175e-05,2.986184364561605964e+00,2.301854638535417562e-03,2.299737280208676189e-03,1.230594386844818117e-03,1.631821953483806246e-09,-4.583888508883836973e-09,6.790128904237952234e+00,2.275551859780633197e-03,2.276489002161397393e-03,2.763950020428566218e-03
1.123500000000003906e-08,1.121287553198727080e-06,1.058230317156186835e-05,2.990633324292625517e+00,2.303344900704606957e-03,2.301228149409225657e-03,1.230632717530730528e-03,1.631822773571497248e-09,-4.583888715392881573e-09,6.798929074478446744e+00,2.277053021078016739e-03,2.277990515301935373e-03,2.765969105815490985e-03
1.125000000000003953e-08,1.121288798035315541e-06,1.058230010275961326e-05,2.995082405962398386e+00,2.304834257461761942e-03,2.302718112674806156e-03,1.230670930684002636e-03,1.631823590055812898e-09,-4.583888920932479593e-09,6.807729244718569994e+00,2.278552632352881090e-03,2.279490477778309872e-03,2.767986285285598154e-03
1.126500000000003999e-08,1.121290041268715002e-06,1.058229703784138201e-05,2.999531609108614383e+00,2.306322710033204080e-03,2.304207171232615717e-03,1.230709026797769268e-03,1.631824402931447247e-09,-4.583889125633162617e-09,6.816529414958264255e+00,2.280050697058810024e-03,2.280988893045911813e-03,2.770001562825498680e-03
1.128000000000004046e-08,1.121291282902987198e-06,1.058229397679696954e-05,3.003980933271325870e+00,2.307810259643194514e-03,2.305695326307703047e-03,1.230747006362506576e-03,1.631825212238855837e-09,-4.583889329466621214e-09,6.825329585197593474e+00,2.281547218637806733e-03,2.282485764548457426e-03,2.772014942408999091e-03
1.129500000000004092e-08,1.121292522941971306e-06,1.058229091961702462e-05,3.008430377992835858e+00,2.309296907513852873e-03,2.307182579123067713e-03,1.230784869866136545e-03,1.631826018015185902e-09,-4.583889532320003135e-09,6.834129755436512355e+00,2.283042200520256967e-03,2.283981095718194253e-03,2.774026427997466210e-03
1.131000000000004139e-08,1.121293761389584216e-06,1.058228786629192664e-05,3.012879942817762835e+00,2.310782654865211044e-03,2.308668930899549984e-03,1.230822617793958041e-03,1.631826820238014437e-09,-4.583889734315781567e-09,6.842929925675039549e+00,2.284535646124748621e-03,2.285474889975601474e-03,2.776036023539375699e-03
1.132500000000004185e-08,1.121294998249619791e-06,1.058228481681192626e-05,3.017329627293023453e+00,2.312267502915171108e-03,2.310154382855912798e-03,1.230860250628738536e-03,1.631827618942720784e-09,-4.583889935525016289e-09,6.851730095913191931e+00,2.286027558858292046e-03,2.286967150729435870e-03,2.778043732970443026e-03
1.134000000000004232e-08,1.121296233526054003e-06,1.058228177116773321e-05,3.021779430967817426e+00,2.313751452879582535e-03,2.311638936208794924e-03,1.230897768850670090e-03,1.631828414217254714e-09,-4.583890135851131482e-09,6.860530266150914436e+00,2.287517942116844370e-03,2.288457881377321639e-03,2.780049560214250572e-03
1.135500000000004278e-08,1.121297467222748898e-06,1.058227872934958629e-05,3.026229353393451227e+00,2.315234505972158918e-03,2.313122592172748692e-03,1.230935172937435915e-03,1.631829206011415670e-09,-4.583890335243380443e-09,6.869330436388258576e+00,2.289006799284912241e-03,2.289947085305690539e-03,2.782053509181621389e-03
1.137000000000004325e-08,1.121298699343476738e-06,1.058227569134843749e-05,3.030679394123650283e+00,2.316716663404480136e-03,2.314605351960252570e-03,1.230972463364181759e-03,1.631829994302622242e-09,-4.583890533783213992e-09,6.878130606625227905e+00,2.290494133735596505e-03,2.291434765889708604e-03,2.784055583771053322e-03
1.138500000000004371e-08,1.121299929892057641e-06,1.058227265715435790e-05,3.035129552714340928e+00,2.318197926386144584e-03,2.316087216781653486e-03,1.231009640603564475e-03,1.631830779158740256e-09,-4.583890731477894776e-09,6.886930776861841963e+00,2.291979948831133432e-03,2.292920926493205881e-03,2.786055787870083799e-03
1.140000000000004418e-08,1.121301158872472451e-06,1.058226962675834524e-05,3.039579828723424360e+00,2.319678296124544088e-03,2.317568187845194579e-03,1.231046705125746817e-03,1.631831560615722291e-09,-4.583890928343843984e-09,6.895730947098120289e+00,2.293464247922661400e-03,2.294405570468604876e-03,2.788054125353494825e-03
1.141500000000004464e-08,1.121302386288330586e-06,1.058226660015084329e-05,3.044030221711382822e+00,2.321157773825024799e-03,2.319048266357037758e-03,1.231083657398433437e-03,1.631832338688860641e-09,-4.583891124393493313e-09,6.904531117333947421e+00,2.294947034349927723e-03,2.295888701157258825e-03,2.790050600083668602e-03
1.143000000000004511e-08,1.121303612143464024e-06,1.058226357732259229e-05,3.048480731240541974e+00,2.322636360690842096e-03,2.320527453521263692e-03,1.231120497886879122e-03,1.631833113447782407e-09,-4.583891319595917788e-09,6.913331287569401518e+00,2.296428311441208858e-03,2.297370321889471208e-03,2.792045215911787524e-03
1.144500000000004557e-08,1.121304836441786268e-06,1.058226055826422744e-05,3.052931356875574487e+00,2.324114057923155809e-03,2.322005750539859678e-03,1.231157227053862342e-03,1.631833884877158278e-09,-4.583891513907385199e-09,6.922131457804501231e+00,2.297908082513745818e-03,2.298850435984489248e-03,2.794037976677234830e-03
1.146000000000004604e-08,1.121306059186776083e-06,1.058225754296662280e-05,3.057382098183213159e+00,2.325590866721023286e-03,2.323483158612685805e-03,1.231193845359800174e-03,1.631834652883589431e-09,-4.583891707384911450e-09,6.930931628039157744e+00,2.299386350874063796e-03,2.300329046750549007e-03,2.796028886207717768e-03
1.147500000000004650e-08,1.121307280382489910e-06,1.058225453142035261e-05,3.061832954732492507e+00,2.327066788281458801e-03,2.324959678937569500e-03,1.231230353262646390e-03,1.631835417511458860e-09,-4.583891900089704598e-09,6.939731798273500729e+00,2.300863119817641699e-03,2.301806157484837662e-03,2.798017948318918049e-03
1.149000000000004697e-08,1.121308500032460511e-06,1.058225152361653655e-05,3.066283926094313550e+00,2.328541823799329911e-03,2.326435312710241777e-03,1.231266751217993801e-03,1.631836178917510055e-09,-4.583892091957554748e-09,6.948531968507512424e+00,2.302338392629096463e-03,2.303281771473611895e-03,2.800005166813589359e-03
1.150500000000004743e-08,1.121309718140505676e-06,1.058224851954566414e-05,3.070735011841974060e+00,2.330015974467463270e-03,2.327910061124292135e-03,1.231303039679048673e-03,1.631836937056531183e-09,-4.583892282995798164e-09,6.957332138741061378e+00,2.303812172582458007e-03,2.304755891992541373e-03,2.801990545481507482e-03
1.152000000000004790e-08,1.121310934710264046e-06,1.058224551919899910e-05,3.075186211550618332e+00,2.331489241476622943e-03,2.329383925371295190e-03,1.231339219096660867e-03,1.631837691904273654e-09,-4.583892473134122014e-09,6.966132308974264831e+00,2.305284462940808410e-03,2.306228522306635019e-03,2.803974088101404086e-03
1.153500000000004837e-08,1.121312149745533506e-06,1.058224252256689371e-05,3.079637524797727011e+00,2.332961626015441457e-03,2.330856906640720472e-03,1.231375289919318418e-03,1.631838443551568514e-09,-4.583892662479937353e-09,6.974932479207131664e+00,2.306755266956474031e-03,2.307699665669799092e-03,2.805955798441334918e-03
1.155000000000004883e-08,1.121313363249890651e-06,1.058223952964084037e-05,3.084088951162642811e+00,2.334433129270515207e-03,2.332329006119949772e-03,1.231411252593196540e-03,1.631839191936265342e-09,-4.583892851130203813e-09,6.983732649439551743e+00,2.308224587871000790e-03,2.309169325325119079e-03,2.807935680257383961e-03
1.156500000000004930e-08,1.121314575227079580e-06,1.058223654041146751e-05,3.088540490226863167e+00,2.335903752426323789e-03,2.333800224994304461e-03,1.231447107562127271e-03,1.631839937095197663e-09,-4.583893038978427678e-09,6.992532819671626321e+00,2.309692428915061796e-03,2.310637504505008884e-03,2.809913737293550685e-03
1.158000000000004976e-08,1.121315785680776203e-06,1.058223355487004222e-05,3.092992141573953635e+00,2.337373496665344497e-03,2.335270564447022509e-03,1.231482855267667558e-03,1.631840679108119131e-09,-4.583893225992548257e-09,7.001332989903313653e+00,2.311158793308814262e-03,2.312104206431260696e-03,2.811889973282446532e-03
1.159500000000005023e-08,1.121316994614578082e-06,1.058223057300732507e-05,3.097443904789587865e+00,2.338842363167920480e-03,2.336740025659268024e-03,1.231518496149067599e-03,1.631841417881061407e-09,-4.583893412222059073e-09,7.010133160134653707e+00,2.312623684262028311e-03,2.313569434315354209e-03,2.813864391945579847e-03
1.161000000000005069e-08,1.121318202032073247e-06,1.058222759481462888e-05,3.101895779461233182e+00,2.340310353112328833e-03,2.338208609810145128e-03,1.231554030643299902e-03,1.631842153531641509e-09,-4.583893597663583576e-09,7.018933330365665135e+00,2.314087104974129911e-03,2.315033191358371184e-03,2.815836996991947713e-03
1.162500000000005116e-08,1.121319407936928505e-06,1.058222462028287685e-05,3.106347765178610665e+00,2.341777467674823528e-03,2.339676318076671074e-03,1.231589459185086820e-03,1.631842886061385586e-09,-4.583893782312877501e-09,7.027733500596267113e+00,2.315549058634148397e-03,2.316495480751040552e-03,2.817807792118896815e-03
1.164000000000005162e-08,1.121320612332737393e-06,1.058222164940344789e-05,3.110799861533327437e+00,2.343243708029578605e-03,2.341143151633820908e-03,1.231624782206893615e-03,1.631843615401370880e-09,-4.583893966263064843e-09,7.036533670826504050e+00,2.317009548420671805e-03,2.317956305673608743e-03,2.819776781012281290e-03
1.165500000000005209e-08,1.121321815223258407e-06,1.058221868216713304e-05,3.115252068118961937e+00,2.344709075348668653e-03,2.342609111654508827e-03,1.231660000138971823e-03,1.631844341697286026e-09,-4.583894149406378856e-09,7.045333841056368840e+00,2.318468577501819547e-03,2.319415669295803693e-03,2.821743967346572023e-03
1.167000000000005255e-08,1.121323016611816153e-06,1.058221571856537049e-05,3.119704384531205132e+00,2.346173570802146009e-03,2.344074199309508378e-03,1.231695113409327167e-03,1.631845064920051901e-09,-4.583894331686845055e-09,7.054134011285875694e+00,2.319926149035351267e-03,2.320873574776920710e-03,2.823709354785924365e-03
1.168500000000005302e-08,1.121324216502252771e-06,1.058221275858954085e-05,3.124156810367540782e+00,2.347637195557983076e-03,2.345538415767662796e-03,1.231730122443778098e-03,1.631845785039234671e-09,-4.583894513291912494e-09,7.062934181515023724e+00,2.321382266168709341e-03,2.322330025265998115e-03,2.825672946983270439e-03
1.170000000000005348e-08,1.121325414897716259e-06,1.058220980223061644e-05,3.128609345227513217e+00,2.349099950782133472e-03,2.347001762195660788e-03,1.231765027665953196e-03,1.631846502126419993e-09,-4.583894694148109337e-09,7.071734351743783620e+00,2.322836932039132069e-03,2.323785023901953420e-03,2.827634747579535479e-03
1.171500000000005395e-08,1.121326611802129439e-06,1.058220684947993887e-05,3.133061988712609658e+00,2.350561837638441391e-03,2.348464239758172711e-03,1.231799829497288350e-03,1.631847216081630888e-09,-4.583894874228414900e-09,7.080534521972188244e+00,2.324290149773618544e-03,2.325238573813308372e-03,2.829594760203551964e-03
1.173000000000005441e-08,1.121327807218904795e-06,1.058220390032902767e-05,3.137514740426140314e+00,2.352022857288767373e-03,2.349925849617808069e-03,1.231834528357071429e-03,1.631847927053413279e-09,-4.583895053532366791e-09,7.089334692200253585e+00,2.325741922488864903e-03,2.326690678118293904e-03,2.831552988473152923e-03
1.174500000000005488e-08,1.121329001151588641e-06,1.058220095476896865e-05,3.141967599973528813e+00,2.353483010892846051e-03,2.351386592935157151e-03,1.231869124662425367e-03,1.631848635102350701e-09,-4.583895232063947884e-09,7.098134862427952996e+00,2.327192253291354099e-03,2.328141339925089964e-03,2.833509435995121197e-03
1.176000000000005534e-08,1.121330193603645979e-06,1.058219801279150832e-05,3.146420566961834364e+00,2.354942299608417128e-03,2.352846470868671328e-03,1.231903618828348278e-03,1.631849340098709801e-09,-4.583895409934045049e-09,7.106935032655292694e+00,2.328641145277709351e-03,2.329590562331915714e-03,2.835464106365288752e-03
1.177500000000005581e-08,1.121331384578528255e-06,1.058219507438759868e-05,3.150873641000323744e+00,2.356400724591174636e-03,2.354305484574864289e-03,1.231938011267703697e-03,1.631850042099414253e-09,-4.583895587068811737e-09,7.115735202882261135e+00,2.330088601534675060e-03,2.331038348427082012e-03,2.837417003168684129e-03
1.179000000000005627e-08,1.121332574079800631e-06,1.058219213954905401e-05,3.155326821699938389e+00,2.357858286994746547e-03,2.355763635208127284e-03,1.231972302391251594e-03,1.631850741099636632e-09,-4.583895763485816436e-09,7.124535373108872527e+00,2.331534625138861807e-03,2.332484701288694336e-03,2.839368129978527607e-03
1.180500000000005674e-08,1.121333762111057280e-06,1.058218920826715494e-05,3.159780108673523991e+00,2.359314987970730342e-03,2.357220923920868780e-03,1.232006492607653353e-03,1.631851437172839261e-09,-4.583895939143160795e-09,7.133335543335133977e+00,2.332979219156545124e-03,2.333929623984728682e-03,2.841317490357330583e-03
1.182000000000005720e-08,1.121334948675527515e-06,1.058218628053344979e-05,3.164233501535847815e+00,2.360770828668689973e-03,2.358677351863406029e-03,1.232040582323476116e-03,1.631852130400917777e-09,-4.583896114069751466e-09,7.142135713561049926e+00,2.334422386644143844e-03,2.335373119573411031e-03,2.843265087857714361e-03
1.183500000000005767e-08,1.121336133776686711e-06,1.058218335633965795e-05,3.168686999903427282e+00,2.362225810236164968e-03,2.360132920184066559e-03,1.232074571943217066e-03,1.631852820715238730e-09,-4.583896288263738875e-09,7.150935883786591063e+00,2.335864130648585262e-03,2.336815191103170514e-03,2.845210926021059239e-03
1.185000000000005813e-08,1.121337317418073562e-06,1.058218043567700247e-05,3.173140603394796422e+00,2.363679933818612321e-03,2.361587630029084953e-03,1.232108461869323591e-03,1.631853508074358924e-09,-4.583896461721976426e-09,7.159736054011824002e+00,2.337304454207084822e-03,2.338255841612676706e-03,2.847155008377524887e-03
1.186500000000005860e-08,1.121338499603213629e-06,1.058217751853725697e-05,3.177594311630107082e+00,2.365133200559535725e-03,2.363041482542724715e-03,1.232142252502196758e-03,1.631854192581183970e-09,-4.583896634488202948e-09,7.168536224236663479e+00,2.338743360346992161e-03,2.339695074130627560e-03,2.849097338446687430e-03
1.188000000000005906e-08,1.121339680335190113e-06,1.058217460491223233e-05,3.182048124231501074e+00,2.366585611600357207e-03,2.364494478867201939e-03,1.232175944240169194e-03,1.631854874199105955e-09,-4.583896806535387833e-09,7.177336394461134361e+00,2.340180852085860502e-03,2.341132891676029563e-03,2.851037919737700339e-03
1.189500000000005953e-08,1.121340859617754311e-06,1.058217169479318887e-05,3.186502040822765114e+00,2.368037168080489984e-03,2.365946620142669703e-03,1.232209537479609816e-03,1.631855552957825420e-09,-4.583896977910471100e-09,7.186136564685314809e+00,2.341616932431564609e-03,2.342569297258386384e-03,2.852976755748943150e-03
1.191000000000005999e-08,1.121342037454145276e-06,1.058216878817226443e-05,3.190956061029669222e+00,2.369487871137320682e-03,2.367397907507292221e-03,1.232243032614820403e-03,1.631856228904535501e-09,-4.583897148571862935e-09,7.194936734909050280e+00,2.343051604382188468e-03,2.344004293877660714e-03,2.854913849967708351e-03
1.192500000000006046e-08,1.121343213847635733e-06,1.058216588504077013e-05,3.195410184479635873e+00,2.370937721906186350e-03,2.368848342097217528e-03,1.232276430038143364e-03,1.631856902011803372e-09,-4.583897318509973832e-09,7.203736905132473112e+00,2.344484870926233887e-03,2.345437884524425188e-03,2.856849205871086952e-03
1.194000000000006093e-08,1.121344388801850347e-06,1.058216298539062530e-05,3.199864410801863457e+00,2.372386721520471174e-03,2.370297925046530637e-03,1.232309730139911647e-03,1.631857572326211504e-09,-4.583897487758149096e-09,7.212537075355620608e+00,2.345916735042607049e-03,2.346870072179316809e-03,2.858782826926132420e-03
1.195500000000006139e-08,1.121345562319939022e-06,1.058216008921373399e-05,3.204318739627360468e+00,2.373834871111509329e-03,2.371746657487373237e-03,1.232342933308510757e-03,1.631858239848346160e-09,-4.583897656356043767e-09,7.221337245578388853e+00,2.347347199700749922e-03,2.348300859813027414e-03,2.860714716589487280e-03
1.197000000000006186e-08,1.121346734405264055e-06,1.058215719650157504e-05,3.208773170588952173e+00,2.375282171808596691e-03,2.373194540549778894e-03,1.232376039930332999e-03,1.631858904592594493e-09,-4.583897824265730785e-09,7.230137415800767187e+00,2.348776267860810691e-03,2.349730250386939008e-03,2.862644878307367066e-03
1.198500000000006232e-08,1.121347905061153863e-06,1.058215430724614570e-05,3.213227703321062556e+00,2.376728624739053285e-03,2.374641575361859970e-03,1.232409050389859668e-03,1.631859236270618689e-09,-4.583897908023278484e-09,7.234537500911853769e+00,2.349490453185752465e-03,2.350444596778555970e-03,2.863609527610068515e-03
