0.000000000000000000e+00,5.975659354778167266e-03,1.007016936905266169e-01,1.018932596032873783e-01,5.096033900556327240e-03
0.000000000000000000e+00,6.092560246061520454e-03,1.007020115381852543e-01,1.018932596032873783e-01,5.096033900556327240e-03
1.999999999999999960e-12,6.210124597684710777e-03,1.007023295102551924e-01,1.024928234132692212e-01,5.096034995633580943e-03
3.999999999999999920e-12,6.328351960965951199e-03,1.007026476050380537e-01,1.030923872242486550e-01,5.096036092004825602e-03
6.000000000000000283e-12,6.447241885100799333e-03,1.007029658208355716e-01,1.036919510362312863e-01,5.096037189559823877e-03
7.999999999999999839e-12,6.566793917170311509e-03,1.007032841559496045e-01,1.042915148492227079e-01,5.096038288219823659e-03
9.999999999999999395e-12,6.687007602149169089e-03,1.007036026086820801e-01,1.048910786632285264e-01,5.096039387964501795e-03
1.199999999999999895e-11,6.807882482913880234e-03,1.007039211773352455e-01,1.054906424782543206e-01,5.096040488804680357e-03
1.399999999999999851e-11,6.929418100250966939e-03,1.007042398602115002e-01,1.060902062943056973e-01,5.096041590759152473e-03
1.599999999999999968e-11,7.051613992865204961e-03,1.007045586556135353e-01,1.066897701113882491e-01,5.096042693914558039e-03
1.799999999999999923e-11,7.174469697387864629e-03,1.007048775618443470e-01,1.072893339295075688e-01,5.096043798413715104e-03
1.999999999999999879e-11,7.297984748384999353e-03,1.007051965772072927e-01,1.078888977486692213e-01,5.096044904236482660e-03
2.199999999999999835e-11,7.422158678365728054e-03,1.007055157000061596e-01,1.084884615688787718e-01,5.096046011259676260e-03
2.399999999999999790e-11,7.546991017790575726e-03,1.007058349285451099e-01,1.090880253901418129e-01,5.096047119432537027e-03
2.599999999999999746e-11,7.672481295079807036e-03,1.007061542611288052e-01,1.096875892124639373e-01,5.096048228696378399e-03
2.799999999999999701e-11,7.798629036621794637e-03,1.007064736960624068e-01,1.102871530358506547e-01,5.096049339016600448e-03
2.999999999999999980e-11,7.925433766781410025e-03,1.007067932316516312e-01,1.108867168603075715e-01,5.096050450458138210e-03
3.199999999999999936e-11,8.052895007908435210e-03,1.007071128662027776e-01,1.114862806858402250e-01,5.096051563102120367e-03
3.399999999999999891e-11,8.181012280345989138e-03,1.007074325980227558e-01,1.120858445124541664e-01,5.096052677021716687e-03
3.599999999999999847e-11,8.309785102438986201e-03,1.007077524254191975e-01,1.126854083401549467e-01,5.096053792231509255e-03
3.799999999999999802e-11,8.439212990542609497e-03,1.007080723467003308e-01,1.132849721689481171e-01,5.096054908658042941e-03
3.999999999999999758e-11,8.569295459030805764e-03,1.007083923601752307e-01,1.138845359988392147e-01,5.096056026241118503e-03
4.199999999999999714e-11,8.700032020304806352e-03,1.007087124641537074e-01,1.144840998298337909e-01,5.096057144899769457e-03
4.399999999999999669e-11,8.831422184801639499e-03,1.007090326569463623e-01,1.150836636619373549e-01,5.096058264612234566e-03
4.599999999999999625e-11,8.963465461002715490e-03,1.007093529368646989e-01,1.156832274951554440e-01,5.096059385490522321e-03
4.799999999999999580e-11,9.096161355442377097e-03,1.007096733022210810e-01,1.162827913294935817e-01,5.096060507573772422e-03
4.999999999999999536e-11,9.229509372716495144e-03,1.007099937513287885e-01,1.168823551649572773e-01,5.096061630873750629e-03
5.199999999999999492e-11,9.363509015491084872e-03,1.007103142825021141e-01,1.174819190015520681e-01,5.096062755436923247e-03
5.399999999999999447e-11,9.498159784510937925e-03,1.007106348940563362e-01,1.180814828392834637e-01,5.096063881194478132e-03
5.599999999999999403e-11,9.633461178608252601e-03,1.007109555843077459e-01,1.186810466781569595e-01,5.096065008061952464e-03
5.799999999999999358e-11,9.769412694711316139e-03,1.007112763515737447e-01,1.192806105181780651e-01,5.096066135998994842e-03
5.999999999999999960e-11,9.906013827853176607e-03,1.007115971941728444e-01,1.198801743593522900e-01,5.096067265061507597e-03
6.200000000000000562e-11,1.004326407118033906e-02,1.007119181104247085e-01,1.204797382016851021e-01,5.096068395325966012e-03
6.400000000000001164e-11,1.018116291596148949e-02,1.007122390986501664e-01,1.210793020451819968e-01,5.096069526761779107e-03
6.600000000000001766e-11,1.031970985159621351e-02,1.007125601571713103e-01,1.216788658898484837e-01,5.096070659401041002e-03
6.800000000000002367e-11,1.045890436562375500e-02,1.007128812843114812e-01,1.222784297356900168e-01,5.096071793257384887e-03
7.000000000000002969e-11,1.059874594373177471e-02,1.007132024783953250e-01,1.228779935827120917e-01,5.096072928230407570e-03
7.200000000000003571e-11,1.073923406976511931e-02,1.007135237377487919e-01,1.234775574309201762e-01,5.096074064286180462e-03
7.400000000000004173e-11,1.088036822573463548e-02,1.007138450606992197e-01,1.240771212803197521e-01,5.096075201492166959e-03
7.600000000000004775e-11,1.102214789182595633e-02,1.007141664455753899e-01,1.246766851309162594e-01,5.096076339873218709e-03
7.800000000000005377e-11,1.116457254640832938e-02,1.007144878907074576e-01,1.252762489827151660e-01,5.096077479402508215e-03
8.000000000000005978e-11,1.130764166604346019e-02,1.007148093944271322e-01,1.258758128357219397e-01,5.096078620105841221e-03
8.200000000000006580e-11,1.145135472549435422e-02,1.007151309550675666e-01,1.264753766899420206e-01,5.096079762012215367e-03
8.400000000000007182e-11,1.159571119773418653e-02,1.007154525709635234e-01,1.270749405453808489e-01,5.096080905007962895e-03
8.600000000000007784e-11,1.174071055395516268e-02,1.007157742404512918e-01,1.276745044020438924e-01,5.096082049102372384e-03
8.800000000000008386e-11,1.188635226357743525e-02,1.007160959618688123e-01,1.282740682599365634e-01,5.096083194388483124e-03
9.000000000000008987e-11,1.203263579425797349e-02,1.007164177335556632e-01,1.288736321190643019e-01,5.096084340827869257e-03
9.200000000000009589e-11,1.217956061189950402e-02,1.007167395538531435e-01,1.294731959794325205e-01,5.096085488397487581e-03
9.400000000000010191e-11,1.232712618065942220e-02,1.007170614211042592e-01,1.300727598410466590e-01,5.096086637114576046e-03
9.600000000000010793e-11,1.247533196295872414e-02,1.007173833336537649e-01,1.306723237039121577e-01,5.096087786985858438e-03
9.800000000000011395e-11,1.262417741949097352e-02,1.007177052898482056e-01,1.312718875680344011e-01,5.096088937944099478e-03
1.000000000000001200e-10,1.277366200923124237e-02,1.007180272880359717e-01,1.318714514334188015e-01,5.096090090050534906e-03
1.020000000000001260e-10,1.292378518944509343e-02,1.007183493265672858e-01,1.324710153000707713e-01,5.096091243354064840e-03
1.040000000000001320e-10,1.307454641569755042e-02,1.007186714037942715e-01,1.330705791679957506e-01,5.096092397775944978e-03
1.060000000000001380e-10,1.322594514186209089e-02,1.007189935180709955e-01,1.336701430371990684e-01,5.096093553313536806e-03
1.080000000000001440e-10,1.337798082012965975e-02,1.007193156677535090e-01,1.342697069076861371e-01,5.096094709990933898e-03
1.100000000000001501e-10,1.353065290101765350e-02,1.007196378511997920e-01,1.348692707794623691e-01,5.096095867762787113e-03
1.120000000000001561e-10,1.368396083337894940e-02,1.007199600667699063e-01,1.354688346525331211e-01,5.096097026639627089e-03
1.140000000000001621e-10,1.383790406441094169e-02,1.007202823128259261e-01,1.360683985269038054e-01,5.096098186718007669e-03
1.160000000000001681e-10,1.399248203966457077e-02,1.007206045877320488e-01,1.366679624025797790e-01,5.096099347970538436e-03
1.180000000000001612e-10,1.414769420305335076e-02,1.007209268898546090e-01,1.372675262795663431e-01,5.096100510310785058e-03
1.200000000000001543e-10,1.430353999686245076e-02,1.007212492175621060e-01,1.378670901578689656e-01,5.096101673747665747e-03
1.220000000000001474e-10,1.446001886175771710e-02,1.007215715692251906e-01,1.384666540374929478e-01,5.096102838278808271e-03
1.240000000000001405e-10,1.461713023679478245e-02,1.007218939432167476e-01,1.390662179184436464e-01,5.096104003900309501e-03
1.260000000000001336e-10,1.477487355942810193e-02,1.007222163379119378e-01,1.396657818007264462e-01,5.096105170710843110e-03
1.280000000000001267e-10,1.493324826552004311e-02,1.007225387516881565e-01,1.402653456843466762e-01,5.096106338723090795e-03
1.300000000000001198e-10,1.509225378934998460e-02,1.007228611829251858e-01,1.408649095693096376e-01,5.096107507822045593e-03
1.320000000000001129e-10,1.525188956362338866e-02,1.007231836300051253e-01,1.414644734556207151e-01,5.096108677983112595e-03
1.340000000000001060e-10,1.541215501948091024e-02,1.007235060913124758e-01,1.420640373432852099e-01,5.096109849230531959e-03
1.360000000000000990e-10,1.557304958650750429e-02,1.007238285652340831e-01,1.426636012323084512e-01,5.096111021566623878e-03
1.380000000000000921e-10,1.573457269274151915e-02,1.007241510501593329e-01,1.432631651226957958e-01,5.096112195067680622e-03
1.400000000000000852e-10,1.589672376468381776e-02,1.007244735444799977e-01,1.438627290144525173e-01,5.096113369786312020e-03
1.420000000000000783e-10,1.605950222730689533e-02,1.007247960465903758e-01,1.444622929075839168e-01,5.096114545608926641e-03
1.440000000000000714e-10,1.622290750406400403e-02,1.007251185548873745e-01,1.450618568020953514e-01,5.096115722456412422e-03
1.460000000000000645e-10,1.638693901689826718e-02,1.007254410677703577e-01,1.456614206979920945e-01,5.096116900368697494e-03
1.480000000000000576e-10,1.655159618625182821e-02,1.007257635836413395e-01,1.462609845952794196e-01,5.096118079372418536e-03
1.500000000000000507e-10,1.671687843107495450e-02,1.007260861009049713e-01,1.468605484939626560e-01,5.096119259551115492e-03
1.520000000000000438e-10,1.688278516883518973e-02,1.007264086179685270e-01,1.474601123940470493e-01,5.096120440953005870e-03
1.540000000000000369e-10,1.704931581552652023e-02,1.007267311332419452e-01,1.480596762955379564e-01,5.096121623441196569e-03
1.560000000000000300e-10,1.721646978567844405e-02,1.007270536451379539e-01,1.486592401984405676e-01,5.096122806921274395e-03
1.580000000000000231e-10,1.738424649236519973e-02,1.007273761520719318e-01,1.492588041027602397e-01,5.096123991452705670e-03
1.600000000000000162e-10,1.755264534721483541e-02,1.007276986524621165e-01,1.498583680085021630e-01,5.096125177088012617e-03
1.620000000000000093e-10,1.772166576041840982e-02,1.007280211447294932e-01,1.504579319156716111e-01,5.096126363909628428e-03
1.640000000000000024e-10,1.789130714073911693e-02,1.007283436272978505e-01,1.510574958242738575e-01,5.096127551925400123e-03
1.659999999999999954e-10,1.806156889552142444e-02,1.007286660985938637e-01,1.516570597343141757e-01,5.096128740998926397e-03
1.679999999999999885e-10,1.823245043070026439e-02,1.007289885570471361e-01,1.522566236457977840e-01,5.096129931056769466e-03
1.699999999999999816e-10,1.840395115081013000e-02,1.007293110010901022e-01,1.528561875587299279e-01,5.096131122163276295e-03
1.719999999999999747e-10,1.857607045899426282e-02,1.007296334291582357e-01,1.534557514731158812e-01,5.096132314400142818e-03
1.739999999999999678e-10,1.874880775701379468e-02,1.007299558396898553e-01,1.540553153889608340e-01,5.096133507831167829e-03
1.759999999999999609e-10,1.892216244525689317e-02,1.007302782311263467e-01,1.546548793062700045e-01,5.096134702408786077e-03
1.779999999999999540e-10,1.909613392274792446e-02,1.007306006019121347e-01,1.552544432250486106e-01,5.096135897997639691e-03
1.799999999999999471e-10,1.927072158715657443e-02,1.007309229504946557e-01,1.558540071453018983e-01,5.096137094585981124e-03
1.819999999999999402e-10,1.944592483480703585e-02,1.007312452753244270e-01,1.564535710670351132e-01,5.096138292256266120e-03
1.839999999999999333e-10,1.962174306068712251e-02,1.007315675748550882e-01,1.570531349902533902e-01,5.096139491086384629e-03
1.859999999999999264e-10,1.979817565845742172e-02,1.007318898475433877e-01,1.576526989149619473e-01,5.096140691070106393e-03
1.879999999999999195e-10,1.997522202046044318e-02,1.007322120918492658e-01,1.582522628411660026e-01,5.096141892151106675e-03
1.899999999999999126e-10,2.015288153772975405e-02,1.007325343062357575e-01,1.588518267688707186e-01,5.096143094232752704e-03
1.919999999999999057e-10,2.033115359999912788e-02,1.007328564891692146e-01,1.594513906980813134e-01,5.096144297308133342e-03
1.939999999999998988e-10,2.051003759571165888e-02,1.007331786391191392e-01,1.600509546288029494e-01,5.096145501509939321e-03
1.959999999999998919e-10,2.068953291202891773e-02,1.007335007545583500e-01,1.606505185610408448e-01,5.096146706889478559e-03
1.979999999999998849e-10,2.086963893484004851e-02,1.007338228339629133e-01,1.612500824948001066e-01,5.096147913349983842e-03
1.999999999999998780e-10,2.105035504877093844e-02,1.007341448758122121e-01,1.618496464300858695e-01,5.096149120834825991e-03
2.019999999999998711e-10,2.123168063719331131e-02,1.007344668785889463e-01,1.624492103669033793e-01,5.096150329352756685e-03
2.039999999999998642e-10,2.141361508223383128e-02,1.007347888407792019e-01,1.630487743052577709e-01,5.096151538940581552e-03
2.059999999999998573e-10,2.159615776478324492e-02,1.007351107608724372e-01,1.636483382451541790e-01,5.096152749654804873e-03
2.079999999999998504e-10,2.177930806450548498e-02,1.007354326373615383e-01,1.642479021865977384e-01,5.096153961453485370e-03
2.099999999999998435e-10,2.196306535984675345e-02,1.007357544687427636e-01,1.648474661295936117e-01,5.096155174304742297e-03
2.119999999999998366e-10,2.214742902804464272e-02,1.007360762535158966e-01,1.654470300741469058e-01,5.096156388199234166e-03
2.139999999999998297e-10,2.233239844513721511e-02,1.007363979901841206e-01,1.660465940202627833e-01,5.096157603153060947e-03
2.159999999999998228e-10,2.251797298597210673e-02,1.007367196772542134e-01,1.666461579679463234e-01,5.096158819237144207e-03
2.179999999999998159e-10,2.270415202421558962e-02,1.007370413132364084e-01,1.672457219172026610e-01,5.096160036391060057e-03
2.199999999999998090e-10,2.289093493236165136e-02,1.007373628966444917e-01,1.678452858680369308e-01,5.096161254555607589e-03
2.219999999999998021e-10,2.307832108174108152e-02,1.007376844259958576e-01,1.684448498204542122e-01,5.096162473776876672e-03
2.239999999999997952e-10,2.326630984253050607e-02,1.007380058998114669e-01,1.690444137744596120e-01,5.096163694067696454e-03
2.259999999999997883e-10,2.345490058376147741e-02,1.007383273166158888e-01,1.696439777300582930e-01,5.096164915476358165e-03
2.279999999999997813e-10,2.364409267332949482e-02,1.007386486749373561e-01,1.702435416872552232e-01,5.096166137944608057e-03
2.299999999999997744e-10,2.383388547800305637e-02,1.007389699733077792e-01,1.708431056460555653e-01,5.096167361397305716e-03
2.319999999999997675e-10,2.402427836343269674e-02,1.007392912102626492e-01,1.714426696064643707e-01,5.096168585886840657e-03
2.339999999999997606e-10,2.421527069416001127e-02,1.007396123843412872e-01,1.720422335684867743e-01,5.096169811470414521e-03
2.359999999999997537e-10,2.440686183362666267e-02,1.007399334940866503e-01,1.726417975321277720e-01,5.096171038194896932e-03
2.379999999999997468e-10,2.459905114418341199e-02,1.007402545380454983e-01,1.732413614973924432e-01,5.096172265973940296e-03
2.399999999999997399e-10,2.479183798709910791e-02,1.007405755147683241e-01,1.738409254642858670e-01,5.096173494694175229e-03
2.419999999999997330e-10,2.498522172256966573e-02,1.007408964228094089e-01,1.744404894328130673e-01,5.096174724405002320e-03
2.439999999999997261e-10,2.517920170972708788e-02,1.007412172607268785e-01,1.750400534029791233e-01,5.096175955232734589e-03
2.459999999999997192e-10,2.537377730664840819e-02,1.007415380270826194e-01,1.756396173747890588e-01,5.096177187234898071e-03
2.479999999999997123e-10,2.556894787036465000e-02,1.007418587204424454e-01,1.762391813482479530e-01,5.096178420282178670e-03
2.499999999999997054e-10,2.576471275686981199e-02,1.007421793393760007e-01,1.768387453233608020e-01,5.096179654236069126e-03
2.519999999999996985e-10,2.596107132112980553e-02,1.007424998824568013e-01,1.774383093001326295e-01,5.096180889158091407e-03
2.539999999999996916e-10,2.615802291709136418e-02,1.007428203482622908e-01,1.780378732785684315e-01,5.096182125212194228e-03
2.559999999999996847e-10,2.635556689769100527e-02,1.007431407353738401e-01,1.786374372586732873e-01,5.096183362469003386e-03
2.579999999999996778e-10,2.655370261486390479e-02,1.007434610423767751e-01,1.792370012404521651e-01,5.096184600752838231e-03
2.599999999999996708e-10,2.675242941955284851e-02,1.007437812678603911e-01,1.798365652239100609e-01,5.096185839909735116e-03
2.619999999999996639e-10,2.695174666171708255e-02,1.007441014104179244e-01,1.804361292090519986e-01,5.096187080017942211e-03
2.639999999999996570e-10,2.715165369034121950e-02,1.007444214686466777e-01,1.810356931958829740e-01,5.096188321267907002e-03
2.659999999999996501e-10,2.735214985344409239e-02,1.007447414411479225e-01,1.816352571844079278e-01,5.096189563743648218e-03
2.679999999999996432e-10,2.755323449808763300e-02,1.007450613265269690e-01,1.822348211746319113e-01,5.096190807223687641e-03
2.699999999999996363e-10,2.775490697038570514e-02,1.007453811233932628e-01,1.828343851665598652e-01,5.096192051549880073e-03
2.719999999999996294e-10,2.795716661551292392e-02,1.007457008303602186e-01,1.834339491601967298e-01,5.096193296817723775e-03
2.739999999999996225e-10,2.816001277771353062e-02,1.007460204460454006e-01,1.840335131555475012e-01,5.096194543251717120e-03
2.759999999999996156e-10,2.836344480031013568e-02,1.007463399690705086e-01,1.846330771526171755e-01,5.096195790914216477e-03
2.779999999999996087e-10,2.856746202571255541e-02,1.007466593980613084e-01,1.852326411514106930e-01,5.096197039538803014e-03
2.799999999999996018e-10,2.877206379542659662e-02,1.007469787316477433e-01,1.858322051519329388e-01,5.096198288996928519e-03
2.819999999999995949e-10,2.897724945006282388e-02,1.007472979684639058e-01,1.864317691541889088e-01,5.096199539408671417e-03
2.839999999999995880e-10,2.918301832934530951e-02,1.007476171071480797e-01,1.870313331581835437e-01,5.096200791025823351e-03
2.859999999999995811e-10,2.938936977212036269e-02,1.007479361463427397e-01,1.876308971639217282e-01,5.096202043831966032e-03
2.879999999999995742e-10,2.959630311636530370e-02,1.007482550846945518e-01,1.882304611714084586e-01,5.096203297534006652e-03
2.899999999999995672e-10,2.980381769919714444e-02,1.007485739208544284e-01,1.888300251806486196e-01,5.096204552092016213e-03
2.919999999999995603e-10,3.001191285688132107e-02,1.007488926534775148e-01,1.894295891916470964e-01,5.096205807637777321e-03
2.939999999999995534e-10,3.022058792484033987e-02,1.007492112812232166e-01,1.900291532044088572e-01,5.096207064414878113e-03
2.959999999999995465e-10,3.042984223766249594e-02,1.007495298027551861e-01,1.906287172189387868e-01,5.096208322322260537e-03
2.979999999999995396e-10,3.063967512911050170e-02,1.007498482167414056e-01,1.912282812352417705e-01,5.096209581058913640e-03
2.999999999999995327e-10,3.085008593213014669e-02,1.007501665218541592e-01,1.918278452533227207e-01,5.096210840674473934e-03
3.019999999999995258e-10,3.106107397885892948e-02,1.007504847167699918e-01,1.924274092731865227e-01,5.096212101354121414e-03
3.039999999999995189e-10,3.127263860063465850e-02,1.007508028001698197e-01,1.930269732948380057e-01,5.096213363256091484e-03
3.059999999999995120e-10,3.148477912800405620e-02,1.007511207707389028e-01,1.936265373182820826e-01,5.096214626186194863e-03
3.079999999999995051e-10,3.169749489073134946e-02,1.007514386271668727e-01,1.942261013435236383e-01,5.096215889932777937e-03
3.099999999999994982e-10,3.191078521780683214e-02,1.007517563681477185e-01,1.948256653705675578e-01,5.096217154600560760e-03
3.119999999999994913e-10,3.212464943745540341e-02,1.007520739923797870e-01,1.954252293994186152e-01,5.096218420423153338e-03
3.139999999999994844e-10,3.233908687714515118e-02,1.007523914985658797e-01,1.960247934300817507e-01,5.096219687422847734e-03
3.159999999999994775e-10,3.255409686359580362e-02,1.007527088854131697e-01,1.966243574625617663e-01,5.096220955320165252e-03
3.179999999999994706e-10,3.276967872278725713e-02,1.007530261516332848e-01,1.972239214968635468e-01,5.096222224066813793e-03
3.199999999999994637e-10,3.298583177996811111e-02,1.007533432959422937e-01,1.978234855329918940e-01,5.096223493818578462e-03
3.219999999999994567e-10,3.320255535966404326e-02,1.007536603170606920e-01,1.984230495709516373e-01,5.096224764740624018e-03
3.239999999999994498e-10,3.341984878568638601e-02,1.007539772137134443e-01,1.990226136107475785e-01,5.096226036738596248e-03
3.259999999999994429e-10,3.363771138114040465e-02,1.007542939846300251e-01,1.996221776523845748e-01,5.096227309573900417e-03
3.279999999999994360e-10,3.385614246843385994e-02,1.007546106285443499e-01,2.002217416958674279e-01,5.096228583313354606e-03
3.299999999999994291e-10,3.407514136928533471e-02,1.007549271441948863e-01,2.008213057412009395e-01,5.096229858159611811e-03
3.319999999999994222e-10,3.429470740473260920e-02,1.007552435303245564e-01,2.014208697883899390e-01,5.096231134127843926e-03
3.339999999999994153e-10,3.451483989514107786e-02,1.007555597856808760e-01,2.020204338374391728e-01,5.096232411033874490e-03
3.359999999999994084e-10,3.473553816021206220e-02,1.007558759090158157e-01,2.026199978883534980e-01,5.096233688812379023e-03
3.379999999999994015e-10,3.495680151899110966e-02,1.007561918990859673e-01,2.032195619411376053e-01,5.096234967586849886e-03
3.399999999999993946e-10,3.517862928987636889e-02,1.007565077546524607e-01,2.038191259957963797e-01,5.096236247471421475e-03
3.419999999999993877e-10,3.540102079062684010e-02,1.007568234744809360e-01,2.044186900523345118e-01,5.096237528374862949e-03
3.439999999999993808e-10,3.562397533837063923e-02,1.007571390573416825e-01,2.050182541107568313e-01,5.096238810135240473e-03
3.459999999999993739e-10,3.584749224961332470e-02,1.007574545020095691e-01,2.056178181710680564e-01,5.096240092842570582e-03
3.479999999999993670e-10,3.607157084024599503e-02,1.007577698072640443e-01,2.062173822332729334e-01,5.096241376669851178e-03
3.499999999999993601e-10,3.629621042555368493e-02,1.007580849718891364e-01,2.068169462973762363e-01,5.096242661536294453e-03
3.519999999999993531e-10,3.652141032022336586e-02,1.007583999946735642e-01,2.074165103633827112e-01,5.096243947316499850e-03
3.539999999999993462e-10,3.674716983835232126e-02,1.007587148744106126e-01,2.080160744312971044e-01,5.096245234016437420e-03
3.559999999999993393e-10,3.697348829345612625e-02,1.007590296098982707e-01,2.086156385011241066e-01,5.096246521741796924e-03
3.579999999999993324e-10,3.720036499847693967e-02,1.007593441999390937e-01,2.092152025728684916e-01,5.096247810534681837e-03
3.599999999999993255e-10,3.742779926579149763e-02,1.007596586433403135e-01,2.098147666465349503e-01,5.096249100269198071e-03
3.619999999999993186e-10,3.765579040721928755e-02,1.007599729389139082e-01,2.104143307221282289e-01,5.096250390879179804e-03
3.639999999999993117e-10,3.788433773403061811e-02,1.007602870854764077e-01,2.110138947996529901e-01,5.096251682497572773e-03
3.659999999999993048e-10,3.811344055695464056e-02,1.007606010818491160e-01,2.116134588791139803e-01,5.096252975214682346e-03
3.679999999999992979e-10,3.834309818618743954e-02,1.007609149268579862e-01,2.122130229605158624e-01,5.096254268866752361e-03
3.699999999999992910e-10,3.857330993140000580e-02,1.007612286193336620e-01,2.128125870438633549e-01,5.096255563408403320e-03
3.719999999999992841e-10,3.880407510174626456e-02,1.007615421581115334e-01,2.134121511291611484e-01,5.096256858942731574e-03
3.739999999999992772e-10,3.903539300587100663e-02,1.007618555420316669e-01,2.140117152164138781e-01,5.096258155525274294e-03
3.759999999999992703e-10,3.926726295191794447e-02,1.007621687699388341e-01,2.146112793056262902e-01,5.096259453078771234e-03
3.779999999999992634e-10,3.949968424753749763e-02,1.007624818406826078e-01,2.152108433968029644e-01,5.096260751538782621e-03
3.799999999999992565e-10,3.973265619989485575e-02,1.007627947531172102e-01,2.158104074899486191e-01,5.096262050943382166e-03
3.819999999999992496e-10,3.996617811567776402e-02,1.007631075061016790e-01,2.164099715850679173e-01,5.096263351386291773e-03
3.839999999999992426e-10,4.020024930110444733e-02,1.007634200984997563e-01,2.170095356821654664e-01,5.096264652836672397e-03
3.859999999999992357e-10,4.043486906193145131e-02,1.007637325291799446e-01,2.176090997812459849e-01,5.096265955177317446e-03
3.879999999999992288e-10,4.067003670346144850e-02,1.007640447970155062e-01,2.182086638823140246e-01,5.096267258447991118e-03
3.899999999999992219e-10,4.090575153055106550e-02,1.007643569008845330e-01,2.188082279853742484e-01,5.096268562754524556e-03
3.919999999999992150e-10,4.114201284761867528e-02,1.007646688396697660e-01,2.194077920904313195e-01,5.096269868078791634e-03
3.939999999999992081e-10,4.137881995865212714e-02,1.007649806122588587e-01,2.200073561974898451e-01,5.096271174284713705e-03
3.959999999999992012e-10,4.161617216721653217e-02,1.007652922175441695e-01,2.206069203065544049e-01,5.096272481414804503e-03
3.979999999999991943e-10,4.185406877646192375e-02,1.007656036544228723e-01,2.212064844176296341e-01,5.096273789563362730e-03
3.999999999999991874e-10,4.209250908913100830e-02,1.007659149217969285e-01,2.218060485307201402e-01,5.096275098707005180e-03
4.019999999999991805e-10,4.233149240756679810e-02,1.007662260185731157e-01,2.224056126458305305e-01,5.096276408761818075e-03
4.039999999999991736e-10,4.257101803372030646e-02,1.007665369436630126e-01,2.230051767629653847e-01,5.096277719745722842e-03
4.059999999999991667e-10,4.281108526915811119e-02,1.007668476959829862e-01,2.236047408821292271e-01,5.096279031712353663e-03
4.079999999999991598e-10,4.305169341507003589e-02,1.007671582744542882e-01,2.242043050033267482e-01,5.096280344673667986e-03
4.099999999999991529e-10,4.329284177227665786e-02,1.007674686780029166e-01,2.248038691265624722e-01,5.096281658560230035e-03
4.119999999999991460e-10,4.353452964123692703e-02,1.007677789055597128e-01,2.254034332518409234e-01,5.096282973363961202e-03
4.139999999999991390e-10,4.377675632205567380e-02,1.007680889560603754e-01,2.260029973791667368e-01,5.096284289139929417e-03
4.159999999999991321e-10,4.401952111449112387e-02,1.007683988284454046e-01,2.266025615085444089e-01,5.096285605904487918e-03
4.179999999999991252e-10,4.426282331796241309e-02,1.007687085216601441e-01,2.272021256399785194e-01,5.096286923606061642e-03
4.199999999999991183e-10,4.450666223155701207e-02,1.007690180346548087e-01,2.278016897734736479e-01,5.096288242216711999e-03
4.219999999999991114e-10,4.475103715403817156e-02,1.007693273663844008e-01,2.284012539090342908e-01,5.096289561784967011e-03
4.239999999999991045e-10,4.499594738385242348e-02,1.007696365158088220e-01,2.290008180466649446e-01,5.096290882329537406e-03
4.259999999999990976e-10,4.524139221913684589e-02,1.007699454818928031e-01,2.296003821863701888e-01,5.096292203810516737e-03
4.279999999999990907e-10,4.548737095772658473e-02,1.007702542636059184e-01,2.301999463281545477e-01,5.096293526207275673e-03
4.299999999999990838e-10,4.573388289716204258e-02,1.007705628599226133e-01,2.307995104720225177e-01,5.096294849556022230e-03
4.319999999999990769e-10,4.598092733469633792e-02,1.007708712698221765e-01,2.313990746179785951e-01,5.096296173856943758e-03
4.339999999999990700e-10,4.622850356730254240e-02,1.007711794922887677e-01,2.319986387660273319e-01,5.096297499092656592e-03
4.359999999999990631e-10,4.647661089168095977e-02,1.007714875263114040e-01,2.325982029161731690e-01,5.096298825268966853e-03
4.379999999999990562e-10,4.672524860426639781e-02,1.007717953708839875e-01,2.331977670684206028e-01,5.096300152392511593e-03
4.399999999999990493e-10,4.697441600123536398e-02,1.007721030250052496e-01,2.337973312227741851e-01,5.096301480434195161e-03
4.419999999999990424e-10,4.722411237851333737e-02,1.007724104876788346e-01,2.343968953792383014e-01,5.096302809402946180e-03
4.439999999999990354e-10,4.747433703178186026e-02,1.007727177579132161e-01,2.349964595378174481e-01,5.096304139336867850e-03
4.459999999999990285e-10,4.772508925648575456e-02,1.007730248347217528e-01,2.355960236985161493e-01,5.096305470214448734e-03
4.479999999999990216e-10,4.797636834784024112e-02,1.007733317171227022e-01,2.361955878613388460e-01,5.096306801977456766e-03
4.499999999999990147e-10,4.822817360083803129e-02,1.007736384041391653e-01,2.367951520262899512e-01,5.096308134665344762e-03
4.519999999999990078e-10,4.848050431025643231e-02,1.007739448947991279e-01,2.373947161933739336e-01,5.096309468335946669e-03
4.539999999999990009e-10,4.873335977066437646e-02,1.007742511881354330e-01,2.379942803625952341e-01,5.096310802941294779e-03
4.559999999999989940e-10,4.898673927642944320e-02,1.007745572831858644e-01,2.385938445339582936e-01,5.096312138409742412e-03
4.579999999999989871e-10,4.924064212172495764e-02,1.007748631789929933e-01,2.391934087074675530e-01,5.096313474816109058e-03
4.599999999999989802e-10,4.949506760053683924e-02,1.007751688746043317e-01,2.397929728831274254e-01,5.096314812219924356e-03
4.619999999999989733e-10,4.975001500667065174e-02,1.007754743690722626e-01,2.403925370609423795e-01,5.096316150533455533e-03
4.639999999999989664e-10,5.000548363375852123e-02,1.007757796614540124e-01,2.409921012409167174e-01,5.096317489693804985e-03
4.659999999999990112e-10,5.026147277526601259e-02,1.007760847508117064e-01,2.415916654230549354e-01,5.096318829815489615e-03
4.679999999999990043e-10,5.051798172449903368e-02,1.007763896362123823e-01,2.421912296073614468e-01,5.096320170942010216e-03
4.699999999999989974e-10,5.077500977461067710e-02,1.007766943167278800e-01,2.427907937938405813e-01,5.096321512943243447e-03
4.719999999999989905e-10,5.103255621860808972e-02,1.007769987914349796e-01,2.433903579824967800e-01,5.096322855772949384e-03
4.739999999999989836e-10,5.129062034935925884e-02,1.007773030594153185e-01,2.439899221733344004e-01,5.096324199590893458e-03
4.759999999999989766e-10,5.154920145959971528e-02,1.007776071197554191e-01,2.445894863663578278e-01,5.096325544428285947e-03
4.779999999999989697e-10,5.180829884193944440e-02,1.007779109715466193e-01,2.451890505615714200e-01,5.096326890097866921e-03
4.799999999999989628e-10,5.206791178886947813e-02,1.007782146138851975e-01,2.457886147589795622e-01,5.096328236574972949e-03
4.819999999999989559e-10,5.232803959276868117e-02,1.007785180458722896e-01,2.463881789585866122e-01,5.096329584070810083e-03
4.839999999999989490e-10,5.258868154591036376e-02,1.007788212666138883e-01,2.469877431603969553e-01,5.096330932598922177e-03
4.859999999999989421e-10,5.284983694046900549e-02,1.007791242752208577e-01,2.475873073644148659e-01,5.096332281927191087e-03
4.879999999999989352e-10,5.311150506852680558e-02,1.007794270708089329e-01,2.481868715706447015e-01,5.096333632063529753e-03
4.899999999999989283e-10,5.337368522208036509e-02,1.007797296524987202e-01,2.487864357790908199e-01,5.096334983233471311e-03
4.919999999999989214e-10,5.363637669304719552e-02,1.007800320194156551e-01,2.493859999897575785e-01,5.096336335409866469e-03
4.939999999999989145e-10,5.389957877327231084e-02,1.007803341706900863e-01,2.499855642026492519e-01,5.096337688352398781e-03
4.959999999999989076e-10,5.416329075453471531e-02,1.007806361054572053e-01,2.505851284177701976e-01,5.096339042138305943e-03
4.979999999999989007e-10,5.442751192855392606e-02,1.007809378228570196e-01,2.511846926351246623e-01,5.096340396979259779e-03
4.999999999999988938e-10,5.469224158699644706e-02,1.007812393220344216e-01,2.517842568547170035e-01,5.096341752771439693e-03
5.019999999999988869e-10,5.495747902148218761e-02,1.007815406021391885e-01,2.523838210765515511e-01,5.096343109304240712e-03
5.039999999999988800e-10,5.522322352359091552e-02,1.007818416623258856e-01,2.529833853006325239e-01,5.096344466737991186e-03
5.059999999999988730e-10,5.548947438486861311e-02,1.007821425017539352e-01,2.535829495269642520e-01,5.096345825254517889e-03
5.079999999999988661e-10,5.575623089683389572e-02,1.007824431195876586e-01,2.541825137555510095e-01,5.096347184638312655e-03
5.099999999999988592e-10,5.602349235098428443e-02,1.007827435149961509e-01,2.547820779863970708e-01,5.096348544716147733e-03
5.119999999999988523e-10,5.629125803880259682e-02,1.007830436871533647e-01,2.553816422195067659e-01,5.096349905769648539e-03
5.139999999999988454e-10,5.655952725176315032e-02,1.007833436352380818e-01,2.559812064548842026e-01,5.096351267919938671e-03
5.159999999999988385e-10,5.682829928133810438e-02,1.007836433584339414e-01,2.565807706925338216e-01,5.096352630865312421e-03
5.179999999999988316e-10,5.709757341900363603e-02,1.007839428559293704e-01,2.571803349324597310e-01,5.096353994549449387e-03
5.199999999999988247e-10,5.736734895624621966e-02,1.007842421269176392e-01,2.577798991746662605e-01,5.096355359256089616e-03
5.219999999999988178e-10,5.763762518456869849e-02,1.007845411705968197e-01,2.583794634191576289e-01,5.096356725004530172e-03
5.239999999999988109e-10,5.790840139549655735e-02,1.007848399861697997e-01,2.589790276659380552e-01,5.096358091496860053e-03
5.259999999999988040e-10,5.817967688058398035e-02,1.007851385728443100e-01,2.595785919150117582e-01,5.096359458795097358e-03
5.279999999999987971e-10,5.845145093141998482e-02,1.007854369298328279e-01,2.601781561663830122e-01,5.096360827155754780e-03
5.299999999999987902e-10,5.872372283963447903e-02,1.007857350563526877e-01,2.607777204200559806e-01,5.096362196454408411e-03
5.319999999999987833e-10,5.899649189690434753e-02,1.007860329516259840e-01,2.613772846760348267e-01,5.096363566434527342e-03
5.339999999999987764e-10,5.926975739495941170e-02,1.007863306148795990e-01,2.619768489343239359e-01,5.096364937305903828e-03
5.359999999999987695e-10,5.954351862558850128e-02,1.007866280453452168e-01,2.625764131949273050e-01,5.096366309291057786e-03
5.379999999999987625e-10,5.981777488064538018e-02,1.007869252422593231e-01,2.631759774578492639e-01,5.096367682101241026e-03
5.399999999999987556e-10,6.009252545205469309e-02,1.007872222048631222e-01,2.637755417230938648e-01,5.096369055585586380e-03
5.419999999999987487e-10,6.036776963181790523e-02,1.007875189324026893e-01,2.643751059906654377e-01,5.096370430068093357e-03
5.439999999999987418e-10,6.064350671201917259e-02,1.007878154241287350e-01,2.649746702605680904e-01,5.096371805631908988e-03
5.459999999999987349e-10,6.091973598483120533e-02,1.007881116792968129e-01,2.655742345328059306e-01,5.096373181929932453e-03
5.479999999999987280e-10,6.119645674252113116e-02,1.007884076971672371e-01,2.661737988073832328e-01,5.096374558981695002e-03
5.499999999999987211e-10,6.147366827745626150e-02,1.007887034770050400e-01,2.667733630843041048e-01,5.096375937087817276e-03
5.519999999999987142e-10,6.175136988210994105e-02,1.007889990180799999e-01,2.673729273635725989e-01,5.096377316125605753e-03
5.539999999999987073e-10,6.202956084906725148e-02,1.007892943196666419e-01,2.679724916451929895e-01,5.096378695840701398e-03
5.559999999999987004e-10,6.230824047103074304e-02,1.007895893810442228e-01,2.685720559291693288e-01,5.096380076458161164e-03
5.579999999999986935e-10,6.258740804082617293e-02,1.007898842014967322e-01,2.691716202155058357e-01,5.096381458196791794e-03
5.599999999999986866e-10,6.286706285140818140e-02,1.007901787803128640e-01,2.697711845042065626e-01,5.096382840725579427e-03
5.619999999999986797e-10,6.314720419586587752e-02,1.007904731167860168e-01,2.703707487952757282e-01,5.096384223911754399e-03
5.639999999999986728e-10,6.342783136742857764e-02,1.007907672102143631e-01,2.709703130887173295e-01,5.096385608090868609e-03
5.659999999999986659e-10,6.370894365947128712e-02,1.007910610599006690e-01,2.715698773845354186e-01,5.096386993301605522e-03
5.679999999999986589e-10,6.399054036552033475e-02,1.007913546651524744e-01,2.721694416827343255e-01,5.096388379226404058e-03
5.699999999999986520e-10,6.427262077925893768e-02,1.007916480252820102e-01,2.727690059833179914e-01,5.096389765962118165e-03
5.719999999999986451e-10,6.455518419453264156e-02,1.007919411396061005e-01,2.733685702862905242e-01,5.096391153800872674e-03
5.739999999999986382e-10,6.483822990535488551e-02,1.007922340074463435e-01,2.739681345916560318e-01,5.096392542466524761e-03
5.759999999999986313e-10,6.512175720591240058e-02,1.007925266281289867e-01,2.745676988994185663e-01,5.096393931768758781e-03
5.779999999999986244e-10,6.540576539057076089e-02,1.007928190009848568e-01,2.751672632095822912e-01,5.096395322021447793e-03
5.799999999999986175e-10,6.569025375387964327e-02,1.007931111253495132e-01,2.757668275221510923e-01,5.096396713336429421e-03
5.819999999999986106e-10,6.597522159057830904e-02,1.007934030005631504e-01,2.763663918371291883e-01,5.096398105394401787e-03
5.839999999999986037e-10,6.626066819560094689e-02,1.007936946259705979e-01,2.769659561545205206e-01,5.096399498211656547e-03
5.859999999999985968e-10,6.654659286408197427e-02,1.007939860009212790e-01,2.775655204743291971e-01,5.096400892100881944e-03
5.879999999999985899e-10,6.683299489136138027e-02,1.007942771247692659e-01,2.781650847965592699e-01,5.096402286841051656e-03
5.899999999999985830e-10,6.711987357298999923e-02,1.007945679968732661e-01,2.787646491212147914e-01,5.096403682218770409e-03
5.919999999999985761e-10,6.740722820473474264e-02,1.007948586165965665e-01,2.793642134482997030e-01,5.096405078516768640e-03
5.939999999999985692e-10,6.769505808258373392e-02,1.007951489833070480e-01,2.799637777778181125e-01,5.096406475876018652e-03
5.959999999999985623e-10,6.798336250275176240e-02,1.007954390963772123e-01,2.805633421097740721e-01,5.096407873973340594e-03
5.979999999999985554e-10,6.827214076168516832e-02,1.007957289551841135e-01,2.811629064441714676e-01,5.096409272809090951e-03
5.999999999999985484e-10,6.856139215606715798e-02,1.007960185591094265e-01,2.817624707810143514e-01,5.096410672710115913e-03
6.019999999999985415e-10,6.885111598282284140e-02,1.007963079075393092e-01,2.823620351203067758e-01,5.096412073459368614e-03
6.039999999999985346e-10,6.914131153912442262e-02,1.007965969998645822e-01,2.829615994620526820e-01,5.096413474862854925e-03
6.059999999999985277e-10,6.943197812239609856e-02,1.007968858354805625e-01,2.835611638062560669e-01,5.096414877200706670e-03
6.079999999999985208e-10,6.972311503031929092e-02,1.007971744137870634e-01,2.841607281529210383e-01,5.096416280562638540e-03
6.099999999999985139e-10,7.001472156083750342e-02,1.007974627341885338e-01,2.847602925020513709e-01,5.096417684636254594e-03
6.119999999999985070e-10,7.030679701216138722e-02,1.007977507960938768e-01,2.853598568536511171e-01,5.096419089470833989e-03
6.139999999999985001e-10,7.059934068277365360e-02,1.007980385989165201e-01,2.859594212077242736e-01,5.096420495361542527e-03
6.159999999999984932e-10,7.089235187143407002e-02,1.007983261420743876e-01,2.865589855642747819e-01,5.096421902059148148e-03
6.179999999999984863e-10,7.118582987718428956e-02,1.007986134249899690e-01,2.871585499233065830e-01,5.096423309438772448e-03
6.199999999999984794e-10,7.147977399935277754e-02,1.007989004470901673e-01,2.877581142848236184e-01,5.096424717784839818e-03
6.219999999999984725e-10,7.177418353755962710e-02,1.007991872078063955e-01,2.883576786488298849e-01,5.096426127080271040e-03
6.239999999999984656e-10,7.206905779172147197e-02,1.007994737065745355e-01,2.889572430153292126e-01,5.096427537071000248e-03
6.259999999999984587e-10,7.236439606205617714e-02,1.007997599428349239e-01,2.895568073843255985e-01,5.096428947883534753e-03
6.279999999999984518e-10,7.266019764908768219e-02,1.008000459160323797e-01,2.901563717558229838e-01,5.096430359718151851e-03
6.299999999999984448e-10,7.295646185365067815e-02,1.008003316256161214e-01,2.907559361298253098e-01,5.096431772291387316e-03
6.319999999999984379e-10,7.325318797689545081e-02,1.008006170710398219e-01,2.913555005063364067e-01,5.096433185590111027e-03
6.339999999999984310e-10,7.355037532029243263e-02,1.008009022517615955e-01,2.919550648853601604e-01,5.096434599884459328e-03
6.359999999999984241e-10,7.384802318563699064e-02,1.008011871672439275e-01,2.925546292669005677e-01,5.096436015021039295e-03
6.379999999999984172e-10,7.414613087505397826e-02,1.008014718169537582e-01,2.931541936509615143e-01,5.096437430867905259e-03
6.399999999999984103e-10,7.444469769100243994e-02,1.008017562003623996e-01,2.937537580375467750e-01,5.096438847626486371e-03
6.419999999999984034e-10,7.474372293628009367e-02,1.008020403169455487e-01,2.943533224266603465e-01,5.096440265334844198e-03
6.439999999999983965e-10,7.504320591402800777e-02,1.008023241661832603e-01,2.949528868183060037e-01,5.096441683751380333e-03
6.459999999999983896e-10,7.534314592773504182e-02,1.008026077475600024e-01,2.955524512124877989e-01,5.096443102973861189e-03
6.479999999999983827e-10,7.564354228124239854e-02,1.008028910605645451e-01,2.961520156092094513e-01,5.096444523175603855e-03
6.499999999999983758e-10,7.594439427874814796e-02,1.008031741046900298e-01,2.967515800084747912e-01,5.096445944095896741e-03
6.519999999999983689e-10,7.624570122481165446e-02,1.008034568794339558e-01,2.973511444102877044e-01,5.096447365765591903e-03
6.539999999999983620e-10,7.654746242435797599e-02,1.008037393842981105e-01,2.979507088146521321e-01,5.096448788400579147e-03
6.559999999999983551e-10,7.684967718268229109e-02,1.008040216187886112e-01,2.985502732215717936e-01,5.096450211854217094e-03
6.579999999999983482e-10,7.715234480545431206e-02,1.008043035824158773e-01,2.991498376310505192e-01,5.096451636046619993e-03
6.599999999999983412e-10,7.745546459872264256e-02,1.008045852746946303e-01,2.997494020430923056e-01,5.096453061145696933e-03
6.619999999999983343e-10,7.775903586891907970e-02,1.008048666951438660e-01,3.003489664577008167e-01,5.096454487133191685e-03
6.639999999999983274e-10,7.806305792286290235e-02,1.008051478432868409e-01,3.009485308748799381e-01,5.096455913838600013e-03
6.659999999999983205e-10,7.836753006776518704e-02,1.008054287186510994e-01,3.015480952946334448e-01,5.096457341400928778e-03
6.679999999999983136e-10,7.867245161123304076e-02,1.008057093207684468e-01,3.021476597169651113e-01,5.096458769875248512e-03
6.699999999999983067e-10,7.897782186127386139e-02,1.008059896491749069e-01,3.027472241418788235e-01,5.096460199045225320e-03
6.719999999999982998e-10,7.928364012629951496e-02,1.008062697034107086e-01,3.033467885693783561e-01,5.096461629019909123e-03
6.739999999999982929e-10,7.958990571513045731e-02,1.008065494830203551e-01,3.039463529994673729e-01,5.096463059926824649e-03
6.759999999999982860e-10,7.989661793699996684e-02,1.008068289875525270e-01,3.045459174321498708e-01,5.096464491580790165e-03
6.779999999999982791e-10,8.020377610155832171e-02,1.008071082165601373e-01,3.051454818674295133e-01,5.096465924009197825e-03
6.799999999999982722e-10,8.051137951887669952e-02,1.008073871696002072e-01,3.057450463053100198e-01,5.096467357357807766e-03
6.819999999999982653e-10,8.081942749945142390e-02,1.008076658462340180e-01,3.063446107457951650e-01,5.096468791505632569e-03
6.839999999999982584e-10,8.112791935420798906e-02,1.008079442460269731e-01,3.069441751888887793e-01,5.096470226401356510e-03
6.859999999999982515e-10,8.143685439450501495e-02,1.008082223685486251e-01,3.075437396345945817e-01,5.096471662196216251e-03
6.879999999999982446e-10,8.174623193213834127e-02,1.008085002133727176e-01,3.081433040829162917e-01,5.096473098803414037e-03
6.899999999999982377e-10,8.205605127934487153e-02,1.008087777800770607e-01,3.087428685338577394e-01,5.096474536119226413e-03
6.919999999999982307e-10,8.236631174880668094e-02,1.008090550682436276e-01,3.093424329874225887e-01,5.096475974327890554e-03
6.939999999999982238e-10,8.267701265365481889e-02,1.008093320774584994e-01,3.099419974436145586e-01,5.096477413379920871e-03
6.959999999999982169e-10,8.298815330747323638e-02,1.008096088073118235e-01,3.105415619024374241e-01,5.096478853125000971e-03
6.979999999999982100e-10,8.329973302430267179e-02,1.008098852573978271e-01,3.111411263638949043e-01,5.096480293720838037e-03
6.999999999999982031e-10,8.361175111864455056e-02,1.008101614273148872e-01,3.117406908279906075e-01,5.096481735168278612e-03
7.019999999999981962e-10,8.392420690546464890e-02,1.008104373166653633e-01,3.123402552947283084e-01,5.096483177350737137e-03
7.039999999999981893e-10,8.423709970019711835e-02,1.008107129250557094e-01,3.129398197641117818e-01,5.096484620350815939e-03
7.059999999999981824e-10,8.455042881874805238e-02,1.008109882520963896e-01,3.135393842361445804e-01,5.096486064212826794e-03
7.079999999999981755e-10,8.486419357749934445e-02,1.008112632974018930e-01,3.141389487108305345e-01,5.096487508832054855e-03
7.099999999999981686e-10,8.517839329331242104e-02,1.008115380605907885e-01,3.147385131881732523e-01,5.096488954247050882e-03
7.119999999999981617e-10,8.549302728353186387e-02,1.008118125412855587e-01,3.153380776681763975e-01,5.096490400559899880e-03
7.139999999999981548e-10,8.580809486598917069e-02,1.008120867391127523e-01,3.159376421508436339e-01,5.096491847619310546e-03
7.159999999999981479e-10,8.612359535900637741e-02,1.008123606537028594e-01,3.165372066361786807e-01,5.096493295435452694e-03
7.179999999999981410e-10,8.643952808139956923e-02,1.008126342846903528e-01,3.171367711241851461e-01,5.096494744167123780e-03
7.199999999999981341e-10,8.675589235248275244e-02,1.008129076317136469e-01,3.177363356148668050e-01,5.096496193637320427e-03
7.219999999999981271e-10,8.707268749207112968e-02,1.008131806944151110e-01,3.183359001082271544e-01,5.096497643822224879e-03
7.239999999999981202e-10,8.738991282048481912e-02,1.008134534724410697e-01,3.189354646042699137e-01,5.096499094912543097e-03
7.259999999999981133e-10,8.770756765855242110e-02,1.008137259654417056e-01,3.195350291029986356e-01,5.096500546745767052e-03
7.279999999999981064e-10,8.802565132761439037e-02,1.008139981730711843e-01,3.201345936044170948e-01,5.096501999303100147e-03
7.299999999999980995e-10,8.834416314952653337e-02,1.008142700949875431e-01,3.207341581085287885e-01,5.096503452741164494e-03
7.319999999999980926e-10,8.866310244666365803e-02,1.008145417308526498e-01,3.213337226153374360e-01,5.096504906929335416e-03
7.339999999999980857e-10,8.898246854192271016e-02,1.008148130803323411e-01,3.219332871248465899e-01,5.096506361863329879e-03
7.359999999999980788e-10,8.930226075872643721e-02,1.008150841430962286e-01,3.225328516370599141e-01,5.096507817644948396e-03
7.379999999999980719e-10,8.962247842102656625e-02,1.008153549188178233e-01,3.231324161519809612e-01,5.096509274196251577e-03
7.399999999999980650e-10,8.994312085330735673e-02,1.008156254071744529e-01,3.237319806696132840e-01,5.096510731504369507e-03
7.419999999999980581e-10,9.026418738058879232e-02,1.008158956078472612e-01,3.243315451899605462e-01,5.096512189640111865e-03
7.439999999999980512e-10,9.058567732842996711e-02,1.008161655205212087e-01,3.249311097130263559e-01,5.096513648563313729e-03
7.459999999999980443e-10,9.090759002293231916e-02,1.008164351448850721e-01,3.255306742388142105e-01,5.096515108237019420e-03
7.479999999999980374e-10,9.122992479074297500e-02,1.008167044806313750e-01,3.261302387673277181e-01,5.096516568715467668e-03
7.499999999999980305e-10,9.155268095905791381e-02,1.008169735274564577e-01,3.267298032985704315e-01,5.096518029997432024e-03
7.519999999999980236e-10,9.187585785562520091e-02,1.008172422850603933e-01,3.273293678325459588e-01,5.096519492021863232e-03
7.539999999999980166e-10,9.219945480874826294e-02,1.008175107531470160e-01,3.279289323692579083e-01,5.096520954827132507e-03
7.559999999999980097e-10,9.252347114728894095e-02,1.008177789314239070e-01,3.285284969087096663e-01,5.096522418452511388e-03
7.579999999999980028e-10,9.284790620067072398e-02,1.008180468196023249e-01,3.291280614509048963e-01,5.096523882826807690e-03
7.599999999999979959e-10,9.317275929888181596e-02,1.008183144173972895e-01,3.297276259958471512e-01,5.096525347971886735e-03
7.619999999999979890e-10,9.349802977247827218e-02,1.008185817245274979e-01,3.303271905435399280e-01,5.096526813929498981e-03
7.639999999999979821e-10,9.382371695258712174e-02,1.008188487407153527e-01,3.309267550939867242e-01,5.096528280634191575e-03
7.659999999999979752e-10,9.414982017090926802e-02,1.008191154656868926e-01,3.315263196471910367e-01,5.096529748114569242e-03
7.679999999999979683e-10,9.447633875972273609e-02,1.008193818991718338e-01,3.321258842031565295e-01,5.096531216386138673e-03
7.699999999999979614e-10,9.480327205188548989e-02,1.008196480409035561e-01,3.327254487618866441e-01,5.096532685400406541e-03
7.719999999999979545e-10,9.513061938083854086e-02,1.008199138906190340e-01,3.333250133233848223e-01,5.096534155208564537e-03
7.739999999999979476e-10,9.545838008060886226e-02,1.008201794480589469e-01,3.339245778876546167e-01,5.096535625786561587e-03
7.759999999999979407e-10,9.578655348581233131e-02,1.008204447129674858e-01,3.345241424546995246e-01,5.096537097096466226e-03
7.779999999999979338e-10,9.611513893165668510e-02,1.008207096850924911e-01,3.351237070245229877e-01,5.096538569217065259e-03
7.799999999999979269e-10,9.644413575394437943e-02,1.008209743641853701e-01,3.357232715971285586e-01,5.096540042086622480e-03
7.819999999999979200e-10,9.677354328907540604e-02,1.008212387500011104e-01,3.363228361725196791e-01,5.096541515681408605e-03
7.839999999999979130e-10,9.710336087405029015e-02,1.008215028422982801e-01,3.369224007506998464e-01,5.096542990105743832e-03
7.859999999999979061e-10,9.743358784647282445e-02,1.008217666408389446e-01,3.375219653316724466e-01,5.096544465259136500e-03
7.879999999999978992e-10,9.776422354455283070e-02,1.008220301453887219e-01,3.381215299154410880e-01,5.096545941136246261e-03
7.899999999999978923e-10,9.809526730710906028e-02,1.008222933557167827e-01,3.387210945020090458e-01,5.096547417857652876e-03
7.919999999999978854e-10,9.842671847357187254e-02,1.008225562715957535e-01,3.393206590913799281e-01,5.096548895289024564e-03
7.939999999999978785e-10,9.875857638398595484e-02,1.008228188928017716e-01,3.399202236835571211e-01,5.096550373442873885e-03
7.959999999999978716e-10,9.909084037901319530e-02,1.008230812191144854e-01,3.405197882785440666e-01,5.096551852451459627e-03
7.979999999999978647e-10,9.942350979993513915e-02,1.008233432503169713e-01,3.411193528763442062e-01,5.096553332157302725e-03
7.999999999999978578e-10,9.975658398865586141e-02,1.008236049861957750e-01,3.417189174769608706e-01,5.096554812583281580e-03
8.019999999999978509e-10,1.000900622877045204e-01,1.008238664265408840e-01,3.423184820803976125e-01,5.096556293868718772e-03
8.039999999999978440e-10,1.004239440402380362e-01,1.008241275711457274e-01,3.429180466866578181e-01,5.096557775840171445e-03
8.059999999999978371e-10,1.007582285900436581e-01,1.008243884198071344e-01,3.435176112957448735e-01,5.096559258530768480e-03
8.079999999999978302e-10,1.010929152815415594e-01,1.008246489723253342e-01,3.441171759076621650e-01,5.096560742084734787e-03
8.099999999999978233e-10,1.014280034597874053e-01,1.008249092285039700e-01,3.447167405224131898e-01,5.096562226312013194e-03
8.119999999999978164e-10,1.017634924704749477e-01,1.008251691881500572e-01,3.453163051400011119e-01,5.096563711258257287e-03
8.139999999999978095e-10,1.020993816599384124e-01,1.008254288510739283e-01,3.459158697604295951e-01,5.096565197070801467e-03
8.159999999999978025e-10,1.024356703751552050e-01,1.008256882170893154e-01,3.465154343837019146e-01,5.096566683542523221e-03
8.179999999999977956e-10,1.027723579637481871e-01,1.008259472860133094e-01,3.471149990098213456e-01,5.096568170733405817e-03
8.199999999999977887e-10,1.031094437739882436e-01,1.008262060576662622e-01,3.477145636387914962e-01,5.096569658791991891e-03
8.219999999999977818e-10,1.034469271547967251e-01,1.008264645318718705e-01,3.483141282706155306e-01,5.096571147503406451e-03
8.239999999999977749e-10,1.037848074557477379e-01,1.008267227084571338e-01,3.489136929052968350e-01,5.096572636935672342e-03
8.259999999999977680e-10,1.041230840270708086e-01,1.008269805872523545e-01,3.495132575428387955e-01,5.096574127223991307e-03
8.279999999999977611e-10,1.044617562196528959e-01,1.008272381680910407e-01,3.501128221832448539e-01,5.096575618165460550e-03
8.299999999999977542e-10,1.048008233850410698e-01,1.008274954508100313e-01,3.507123868265181743e-01,5.096577109835360997e-03
8.319999999999977473e-10,1.051402848754446201e-01,1.008277524352493570e-01,3.513119514726622539e-01,5.096578602334198189e-03
8.339999999999977404e-10,1.054801400437375275e-01,1.008280091212523794e-01,3.519115161216803678e-01,5.096580095481910433e-03
8.359999999999977335e-10,1.058203882434606280e-01,1.008282655086655266e-01,3.525110807735758467e-01,5.096581589376253732e-03
8.379999999999977266e-10,1.061610288288239168e-01,1.008285215973385579e-01,3.531106454283519658e-01,5.096583084071451206e-03
8.399999999999977197e-10,1.065020611547089074e-01,1.008287773871243825e-01,3.537102100860121112e-01,5.096584579404603646e-03
8.419999999999977128e-10,1.068434845766706720e-01,1.008290328778791156e-01,3.543097747465595027e-01,5.096586075512341343e-03
8.439999999999977059e-10,1.071852984509402140e-01,1.008292880694619809e-01,3.549093394099975818e-01,5.096587572397778126e-03
8.459999999999976989e-10,1.075275021344265503e-01,1.008295429617354078e-01,3.555089040763296238e-01,5.096589069914784359e-03
8.479999999999976920e-10,1.078700949847189450e-01,1.008297975545649761e-01,3.561084687455587372e-01,5.096590568232205881e-03
8.499999999999976851e-10,1.082130763600890194e-01,1.008300518478193464e-01,3.567080334176884193e-01,5.096592067295093592e-03
8.519999999999976782e-10,1.085564456194929028e-01,1.008303058413703296e-01,3.573075980927219453e-01,5.096593566999197550e-03
8.539999999999976713e-10,1.089002021225733002e-01,1.008305595350928313e-01,3.579071627706624792e-01,5.096595067531822787e-03
8.559999999999976644e-10,1.092443452296616713e-01,1.008308129288648242e-01,3.585067274515134628e-01,5.096596568763711588e-03
8.579999999999976575e-10,1.095888743017802008e-01,1.008310660225674171e-01,3.591062921352778936e-01,5.096598070647700290e-03
8.599999999999976506e-10,1.099337887006438669e-01,1.008313188160847307e-01,3.597058568219593244e-01,5.096599573383129439e-03
8.619999999999976437e-10,1.102790877886625082e-01,1.008315713093039245e-01,3.603054215115608638e-01,5.096601076781919447e-03
8.639999999999976368e-10,1.106247709289428643e-01,1.008318235021152393e-01,3.609049862040857870e-01,5.096602580843176931e-03
8.659999999999976299e-10,1.109708374852903939e-01,1.008320753944118853e-01,3.615045508995373136e-01,5.096604085776751392e-03
8.679999999999976230e-10,1.113172868222114670e-01,1.008323269860901539e-01,3.621041155979187742e-01,5.096605591350482183e-03
8.699999999999976161e-10,1.116641183049151831e-01,1.008325782770492923e-01,3.627036802992332221e-01,5.096607097587540006e-03
8.719999999999976092e-10,1.120113312993153143e-01,1.008328292671915177e-01,3.633032450034840988e-01,5.096608604698295644e-03
8.739999999999976023e-10,1.123589251720322757e-01,1.008330799564220448e-01,3.639028097106745685e-01,5.096610112431886400e-03
8.759999999999975954e-10,1.127068992903949435e-01,1.008333303446490165e-01,3.645023744208077954e-01,5.096611620833858304e-03
8.779999999999975884e-10,1.130552530224425561e-01,1.008335804317835871e-01,3.651019391338869435e-01,5.096613130074606306e-03
8.799999999999975815e-10,1.134039857369266158e-01,1.008338302177397561e-01,3.657015038499153992e-01,5.096614639934573393e-03
8.819999999999975746e-10,1.137530968033126644e-01,1.008340797024345203e-01,3.663010685688962154e-01,5.096616150476996308e-03
8.839999999999975677e-10,1.141025855917821158e-01,1.008343288857877218e-01,3.669006332908326673e-01,5.096617661820365339e-03
8.859999999999975608e-10,1.144524514732340736e-01,1.008345777677220889e-01,3.675001980157279746e-01,5.096619173808254397e-03
8.879999999999975539e-10,1.148026938192870938e-01,1.008348263481633339e-01,3.680997627435852459e-01,5.096620686499752501e-03
8.899999999999975470e-10,1.151533120022809609e-01,1.008350746270398890e-01,3.686993274744077009e-01,5.096622199941973873e-03
8.919999999999975401e-10,1.155043053952783810e-01,1.008353226042831563e-01,3.692988922081984482e-01,5.096623714057417140e-03
8.939999999999975332e-10,1.158556733720667448e-01,1.008355702798273551e-01,3.698984569449608184e-01,5.096625228917293568e-03
8.959999999999975263e-10,1.162074153071598753e-01,1.008358176536094664e-01,3.704980216846978092e-01,5.096626744472719517e-03
8.979999999999975194e-10,1.165595305757996386e-01,1.008360647255693299e-01,3.710975864274126401e-01,5.096628260700639644e-03
8.999999999999975125e-10,1.169120185539576640e-01,1.008363114956496442e-01,3.716971511731085309e-01,5.096629777706437534e-03
9.019999999999975056e-10,1.172648786183369402e-01,1.008365579637958004e-01,3.722967159217885902e-01,5.096631295378023160e-03
9.039999999999974987e-10,1.176181101463735085e-01,1.008368041299560203e-01,3.728962806734559265e-01,5.096632813716271693e-03
9.059999999999974918e-10,1.179717125162380864e-01,1.008370499940812598e-01,3.734958454281137596e-01,5.096634332822547360e-03
9.079999999999974848e-10,1.183256851068375110e-01,1.008372955561252782e-01,3.740954101857651981e-01,5.096635852582383566e-03
9.099999999999974779e-10,1.186800272978165705e-01,1.008375408160444991e-01,3.746949749464132950e-01,5.096637373023402313e-03
9.119999999999974710e-10,1.190347384695593230e-01,1.008377857737981220e-01,3.752945397100612146e-01,5.096638894214779170e-03
9.139999999999974641e-10,1.193898180031908590e-01,1.008380304293480523e-01,3.758941044767121209e-01,5.096640416070646190e-03
9.159999999999974572e-10,1.197452652805785639e-01,1.008382747826588599e-01,3.764936692463690671e-01,5.096641938610646516e-03
9.179999999999974503e-10,1.201010796843339085e-01,1.008385188336978350e-01,3.770932340190352727e-01,5.096643461870027994e-03
9.199999999999974434e-10,1.204572605978137256e-01,1.008387625824349182e-01,3.776927987947137355e-01,5.096644985809399390e-03
9.219999999999974365e-10,1.208138074051218064e-01,1.008390060288427564e-01,3.782923635734075640e-01,5.096646510437808156e-03
9.239999999999974296e-10,1.211707194911103014e-01,1.008392491728965779e-01,3.788919283551198669e-01,5.096648035766488359e-03
9.259999999999974227e-10,1.215279962413811504e-01,1.008394920145742890e-01,3.794914931398537528e-01,5.096649561806040028e-03
9.279999999999974158e-10,1.218856370422875257e-01,1.008397345538563916e-01,3.800910579276122192e-01,5.096651088529630461e-03
9.299999999999974089e-10,1.222436412809352613e-01,1.008399767907260103e-01,3.806906227183985414e-01,5.096652615922056540e-03
9.319999999999974020e-10,1.226020083451841575e-01,1.008402187251688925e-01,3.812901875122156059e-01,5.096654144051384477e-03
9.339999999999973951e-10,1.229607376236494798e-01,1.008404603571732977e-01,3.818897523090665769e-01,5.096655672841441699e-03
9.359999999999973882e-10,1.233198285057031246e-01,1.008407016867301359e-01,3.824893171089544519e-01,5.096657202269011533e-03
9.379999999999973813e-10,1.236792803814751873e-01,1.008409427138328152e-01,3.830888819118822841e-01,5.096658732412840884e-03
9.399999999999973743e-10,1.240390926418550588e-01,1.008411834384773109e-01,3.836884467178531266e-01,5.096660263225497207e-03
9.419999999999973674e-10,1.243992646784928963e-01,1.008414238606621383e-01,3.842880115268700880e-01,5.096661794735427367e-03
9.439999999999973605e-10,1.247597958838008170e-01,1.008416639803883380e-01,3.848875763389362215e-01,5.096663326937326578e-03
9.459999999999973536e-10,1.251206856509541610e-01,1.008419037976594351e-01,3.854871411540544690e-01,5.096664859778229396e-03
9.479999999999973467e-10,1.254819333738928511e-01,1.008421433124814387e-01,3.860867059722279393e-01,5.096666393347233821e-03
9.499999999999973398e-10,1.258435384473224339e-01,1.008423825248628697e-01,3.866862707934596299e-01,5.096667927576781047e-03
9.519999999999973329e-10,1.262055002667155090e-01,1.008426214348147332e-01,3.872858356177525385e-01,5.096669462451632396e-03
9.539999999999973260e-10,1.265678182283128950e-01,1.008428600423504351e-01,3.878854004451097182e-01,5.096670998089696154e-03
9.559999999999973191e-10,1.269304917291246004e-01,1.008430983474858933e-01,3.884849652755341665e-01,5.096672534328182402e-03
9.579999999999973122e-10,1.272935201669312955e-01,1.008433363502393848e-01,3.890845301090288810e-01,5.096674071224907739e-03
9.599999999999973053e-10,1.276569029402852828e-01,1.008435740506316569e-01,3.896840949455969150e-01,5.096675608891605702e-03
9.619999999999972984e-10,1.280206394485116361e-01,1.008438114486858439e-01,3.902836597852411549e-01,5.096677147141637394e-03
9.639999999999972915e-10,1.283847290917095318e-01,1.008440485444274809e-01,3.908832246279647094e-01,5.096678686081082023e-03
9.659999999999972846e-10,1.287491712707530267e-01,1.008442853378844900e-01,3.914827894737705205e-01,5.096680225741072670e-03
9.679999999999972777e-10,1.291139653872924176e-01,1.008445218290871387e-01,3.920823543226615304e-01,5.096681765977369681e-03
9.699999999999972707e-10,1.294791108437551574e-01,1.008447580180680953e-01,3.926819191746407367e-01,5.096683306960235298e-03
9.719999999999972638e-10,1.298446070433470489e-01,1.008449939048623178e-01,3.932814840297111370e-01,5.096684848584455071e-03
9.739999999999972569e-10,1.302104533900532157e-01,1.008452294895071377e-01,3.938810488878756733e-01,5.096686390808255127e-03
9.759999999999972500e-10,1.305766492886391017e-01,1.008454647720421898e-01,3.944806137491373432e-01,5.096687933819856429e-03
9.779999999999972431e-10,1.309431941446514980e-01,1.008456997525094406e-01,3.950801786134990889e-01,5.096689477393849012e-03
9.799999999999972362e-10,1.313100873644197086e-01,1.008459344309530908e-01,3.956797434809637970e-01,5.096691021644449669e-03
9.819999999999972293e-10,1.316773283550562446e-01,1.008461688074196866e-01,3.962793083515344095e-01,5.096692566680775978e-03
9.839999999999972224e-10,1.320449165244580170e-01,1.008464028819580222e-01,3.968788732252139240e-01,5.096694112230217878e-03
9.859999999999972155e-10,1.324128512813071423e-01,1.008466366546191539e-01,3.974784381020053381e-01,5.096695658503896421e-03
9.879999999999972086e-10,1.327811320350721080e-01,1.008468701254563726e-01,3.980780029819114274e-01,5.096697205481592538e-03
9.899999999999972017e-10,1.331497581960084664e-01,1.008471032945252310e-01,3.986775678649351895e-01,5.096698752972432869e-03
9.919999999999971948e-10,1.335187291751597227e-01,1.008473361618834468e-01,3.992771327510796220e-01,5.096700301241926384e-03
9.939999999999971879e-10,1.338880443843585288e-01,1.008475687275910276e-01,3.998766976403476114e-01,5.096701850108209877e-03
9.959999999999971810e-10,1.342577032362271827e-01,1.008478009917101181e-01,4.004762625327419334e-01,5.096703399587149998e-03
9.979999999999971741e-10,1.346277051441787664e-01,1.008480329543050558e-01,4.010758274282656410e-01,5.096704949872721789e-03
9.999999999999971671e-10,1.349980495224179511e-01,1.008482646154423845e-01,4.016753923269215654e-01,5.096706500660210665e-03
1.001999999999997160e-09,1.353687357859417184e-01,1.008484959751907856e-01,4.022749572287125930e-01,5.096708052162688372e-03
1.003999999999997153e-09,1.357397633505402490e-01,1.008487270336210911e-01,4.028745221336416660e-01,5.096709604415525056e-03
1.005999999999997146e-09,1.361111316327978105e-01,1.008489577908062845e-01,4.034740870417116154e-01,5.096711157118272682e-03
1.007999999999997140e-09,1.364828400500934236e-01,1.008491882468214446e-01,4.040736519529253834e-01,5.096712710586068923e-03
1.009999999999997133e-09,1.368548880206016949e-01,1.008494184017437872e-01,4.046732168672857455e-01,5.096714264702438373e-03
1.011999999999997126e-09,1.372272749632936217e-01,1.008496482556526380e-01,4.052727817847956993e-01,5.096715819365150307e-03
1.013999999999997119e-09,1.376000002979372028e-01,1.008498778086293901e-01,4.058723467054580203e-01,5.096717374822363859e-03
1.015999999999997112e-09,1.379730634450984650e-01,1.008501070607575323e-01,4.064719116292756507e-01,5.096718930792905507e-03
1.017999999999997105e-09,1.383464638261418522e-01,1.008503360121226350e-01,4.070714765562514215e-01,5.096720487465978069e-03
1.019999999999997098e-09,1.387202008632310579e-01,1.008505646628122532e-01,4.076710414863881082e-01,5.096722044899039926e-03
1.021999999999997091e-09,1.390942739793298855e-01,1.008507930129160929e-01,4.082706064196885976e-01,5.096723602743136704e-03
1.023999999999997084e-09,1.394686825982027201e-01,1.008510210625257891e-01,4.088701713561557205e-01,5.096725161358248678e-03
1.025999999999997077e-09,1.398434261444152227e-01,1.008512488117350586e-01,4.094697362957923081e-01,5.096726720650183833e-03
1.027999999999997070e-09,1.402185040433350793e-01,1.008514762606396026e-01,4.100693012386013026e-01,5.096728280445004915e-03
1.029999999999997064e-09,1.405939157211326396e-01,1.008517034093371206e-01,4.106688661845853683e-01,5.096729841020716106e-03
1.031999999999997057e-09,1.409696606047814438e-01,1.008519302579273247e-01,4.112684311337474474e-01,5.096731402110271474e-03
1.033999999999997050e-09,1.413457381220588893e-01,1.008521568065118418e-01,4.118679960860903155e-01,5.096732963885632420e-03
1.035999999999997043e-09,1.417221477015468134e-01,1.008523830551942974e-01,4.124675610416167482e-01,5.096734526415142713e-03
1.037999999999997036e-09,1.420988887726322702e-01,1.008526090040802875e-01,4.130671260003296319e-01,5.096736089339301730e-03
1.039999999999997029e-09,1.424759607655077809e-01,1.008528346532773096e-01,4.136666909622316868e-01,5.096737653033199186e-03
1.041999999999997022e-09,1.428533631111720270e-01,1.008530600028947899e-01,4.142662559273257439e-01,5.096739217401882391e-03
1.043999999999997015e-09,1.432310952414306282e-01,1.008532850530440977e-01,4.148658208956146343e-01,5.096740782273798467e-03
1.045999999999997008e-09,1.436091565888963362e-01,1.008535098038384759e-01,4.154653858671010780e-01,5.096742347909999880e-03
1.047999999999997001e-09,1.439875465869897009e-01,1.008537342553930821e-01,4.160649508417879061e-01,5.096743914035918935e-03
1.049999999999996994e-09,1.443662646699397090e-01,1.008539584078249340e-01,4.166645158196778387e-01,5.096745480854522614e-03
1.051999999999996988e-09,1.447453102727840335e-01,1.008541822612529643e-01,4.172640808007737623e-01,5.096747048413211370e-03
1.053999999999996981e-09,1.451246828313696724e-01,1.008544058157979234e-01,4.178636457850783414e-01,5.096748616363083739e-03
1.055999999999996974e-09,1.455043817823535035e-01,1.008546290715823940e-01,4.184632107725944072e-01,5.096750185072603662e-03
1.057999999999996967e-09,1.458844065632025622e-01,1.008548520287308459e-01,4.190627757633246797e-01,5.096751754432816625e-03
1.059999999999996960e-09,1.462647566121945686e-01,1.008550746873695253e-01,4.196623407572718789e-01,5.096753324331734086e-03
1.061999999999996953e-09,1.466454313684182609e-01,1.008552970476265381e-01,4.202619057544387804e-01,5.096754894969578696e-03
1.063999999999996946e-09,1.470264302717742000e-01,1.008555191096317666e-01,4.208614707548281597e-01,5.096756466054145826e-03
1.065999999999996939e-09,1.474077527629746587e-01,1.008557408735168831e-01,4.214610357584427924e-01,5.096758037850748421e-03
1.067999999999996932e-09,1.477893982835443432e-01,1.008559623394153504e-01,4.220606007652853431e-01,5.096759610370819177e-03
1.069999999999996925e-09,1.481713662758207262e-01,1.008561835074623797e-01,4.226601657753585872e-01,5.096761183306524473e-03
1.071999999999996919e-09,1.485536561829544355e-01,1.008564043777949865e-01,4.232597307886651894e-01,5.096762756984056508e-03
1.073999999999996912e-09,1.489362674489094485e-01,1.008566249505518791e-01,4.238592958052079807e-01,5.096764331245091408e-03
1.075999999999996905e-09,1.493191995184637855e-01,1.008568452258735426e-01,4.244588608249895700e-01,5.096765906103829617e-03
1.077999999999996898e-09,1.497024518372094548e-01,1.008570652039021825e-01,4.250584258480126776e-01,5.096767481689110785e-03
1.079999999999996891e-09,1.500860238515531464e-01,1.008572848847816700e-01,4.256579908742800233e-01,5.096769057683856081e-03
1.081999999999996884e-09,1.504699150087161486e-01,1.008575042686576800e-01,4.262575559037943274e-01,5.096770634394875640e-03
1.083999999999996877e-09,1.508541247567351529e-01,1.008577233556774699e-01,4.268571209365583652e-01,5.096772211785408936e-03
1.085999999999996870e-09,1.512386525444621155e-01,1.008579421459900455e-01,4.274566859725747459e-01,5.096773789661722051e-03
1.087999999999996863e-09,1.516234978215647289e-01,1.008581606397460917e-01,4.280562510118460784e-01,5.096775368251036872e-03
1.089999999999996856e-09,1.520086600385266717e-01,1.008583788370979034e-01,4.286558160543751939e-01,5.096776947338529581e-03
1.091999999999996849e-09,1.523941386466478309e-01,1.008585967381994269e-01,4.292553811001647013e-01,5.096778527081342706e-03
1.093999999999996843e-09,1.527799330980446624e-01,1.008588143432063572e-01,4.298549461492172652e-01,5.096780107519334121e-03
1.095999999999996836e-09,1.531660428456502465e-01,1.008590316522758601e-01,4.304545112015356056e-01,5.096781688388032222e-03
1.097999999999996829e-09,1.535524673432147325e-01,1.008592486655668363e-01,4.310540762571223317e-01,5.096783269967395356e-03
1.099999999999996822e-09,1.539392060453054212e-01,1.008594653832397409e-01,4.316536413159801633e-01,5.096784852137366782e-03
1.101999999999996815e-09,1.543262584073068211e-01,1.008596818054566385e-01,4.322532063781117095e-01,5.096786434872737498e-03
1.103999999999996808e-09,1.547136238854212031e-01,1.008598979323811623e-01,4.328527714435196350e-01,5.096788018314964662e-03
1.105999999999996801e-09,1.551013019366686008e-01,1.008601137641785828e-01,4.334523365122066041e-01,5.096789602204969925e-03
1.107999999999996794e-09,1.554892920188867822e-01,1.008603293010156415e-01,4.340519015841752259e-01,5.096791186766180468e-03
1.109999999999996787e-09,1.558775935907317500e-01,1.008605445430607317e-01,4.346514666594281651e-01,5.096792771960214664e-03
1.111999999999996780e-09,1.562662061116776580e-01,1.008607594904837174e-01,4.352510317379680305e-01,5.096794357662846366e-03
1.113999999999996773e-09,1.566551290420172271e-01,1.008609741434560308e-01,4.358505968197974867e-01,5.096795944071899100e-03
1.115999999999996767e-09,1.570443618428613852e-01,1.008611885021506172e-01,4.364501619049191428e-01,5.096797530980636329e-03
1.117999999999996760e-09,1.574339039761399328e-01,1.008614025667419617e-01,4.370497269933355522e-01,5.096799118505752034e-03
1.119999999999996753e-09,1.578237549046012655e-01,1.008616163374060209e-01,4.376492920850494905e-01,5.096800706676946416e-03
1.121999999999996746e-09,1.582139140918127074e-01,1.008618298143202502e-01,4.382488571800634558e-01,5.096802295323847078e-03
1.123999999999996739e-09,1.586043810021603995e-01,1.008620429976636312e-01,4.388484222783800015e-01,5.096803884661267429e-03
1.125999999999996732e-09,1.589951551008495778e-01,1.008622558876165337e-01,4.394479873800018477e-01,5.096805474564061050e-03
1.127999999999996725e-09,1.593862358539045176e-01,1.008624684843608676e-01,4.400475524849315478e-01,5.096807065032854175e-03
1.129999999999996718e-09,1.597776227281685335e-01,1.008626807880799586e-01,4.406471175931716555e-01,5.096808656154750740e-03
1.131999999999996711e-09,1.601693151913042845e-01,1.008628927989586033e-01,4.412466827047247797e-01,5.096810247758249909e-03
1.133999999999996704e-09,1.605613127117934968e-01,1.008631045171829999e-01,4.418462478195935295e-01,5.096811840010858317e-03
1.135999999999996698e-09,1.609536147589371302e-01,1.008633159429407761e-01,4.424458129377804583e-01,5.096813432848173488e-03
1.137999999999996691e-09,1.613462208028556000e-01,1.008635270764209751e-01,4.430453780592882307e-01,5.096815026230469385e-03
1.139999999999996684e-09,1.617391303144883052e-01,1.008637379178140836e-01,4.436449431841192337e-01,5.096816620274785201e-03
1.141999999999996677e-09,1.621323427655941285e-01,1.008639484673119063e-01,4.442445083122761873e-01,5.096818214821348565e-03
1.143999999999996670e-09,1.625258576287510748e-01,1.008641587251076777e-01,4.448440734437615895e-01,5.096819809977846776e-03
1.145999999999996663e-09,1.629196743773564937e-01,1.008643686913960197e-01,4.454436385785779939e-01,5.096821405711895146e-03
1.147999999999996656e-09,1.633137924856268575e-01,1.008645783663728590e-01,4.460432037167280095e-01,5.096823001971336614e-03
1.149999999999996649e-09,1.637082114285977885e-01,1.008647877502355517e-01,4.466427688582141342e-01,5.096824598901796011e-03
1.151999999999996642e-09,1.641029306821241152e-01,1.008649968431827443e-01,4.472423340030388661e-01,5.096826196363709628e-03
1.153999999999996635e-09,1.644979497228797327e-01,1.008652056454144297e-01,4.478418991512048142e-01,5.096827794398356946e-03
1.155999999999996628e-09,1.648932680283573537e-01,1.008654141571319329e-01,4.484414643027144765e-01,5.096829393012312567e-03
1.157999999999996622e-09,1.652888850768687856e-01,1.008656223785379114e-01,4.490410294575704064e-01,5.096830992140263285e-03
1.159999999999996615e-09,1.656848003475445696e-01,1.008658303098362852e-01,4.496405946157751576e-01,5.096832591935037370e-03
1.161999999999996608e-09,1.660810133203340921e-01,1.008660379512322791e-01,4.502401597773312836e-01,5.096834192291237360e-03
1.163999999999996601e-09,1.664775234760052514e-01,1.008662453029324779e-01,4.508397249422411712e-01,5.096835793190168142e-03
1.165999999999996594e-09,1.668743302961444852e-01,1.008664523651446460e-01,4.514392901105073186e-01,5.096837394666380201e-03
1.167999999999996587e-09,1.672714332631566880e-01,1.008666591380778521e-01,4.520388552821323902e-01,5.096838996652545452e-03
1.169999999999996580e-09,1.676688318602650163e-01,1.008668656219424559e-01,4.526384204571188841e-01,5.096840599293006764e-03
1.171999999999996573e-09,1.680665255715106943e-01,1.008670718169499964e-01,4.532379856354691317e-01,5.096842202512111113e-03
1.173999999999996566e-09,1.684645138817529031e-01,1.008672777233133450e-01,4.538375508171856865e-01,5.096843806252576194e-03
1.175999999999996559e-09,1.688627962766688084e-01,1.008674833412465111e-01,4.544371160022711575e-01,5.096845410567707457e-03
1.177999999999996552e-09,1.692613722427530609e-01,1.008676886709647808e-01,4.550366811907279874e-01,5.096847015395824208e-03
1.179999999999996546e-09,1.696602412673178795e-01,1.008678937126846475e-01,4.556362463825586184e-01,5.096848620857296307e-03
1.181999999999996539e-09,1.700594028384927459e-01,1.008680984666237845e-01,4.562358115777654377e-01,5.096850226901640697e-03
1.183999999999996532e-09,1.704588564452244048e-01,1.008683029330010861e-01,4.568353767763510542e-01,5.096851833459340939e-03
1.185999999999996525e-09,1.708586015772761979e-01,1.008685071120366122e-01,4.574349419783179105e-01,5.096853440589231912e-03
1.187999999999996518e-09,1.712586377252285075e-01,1.008687110039515888e-01,4.580345071836683934e-01,5.096855048230998150e-03
1.189999999999996511e-09,1.716589643804780352e-01,1.008689146089684630e-01,4.586340723924050566e-01,5.096856656485263155e-03
1.191999999999996504e-09,1.720595810352377186e-01,1.008691179273107502e-01,4.592336376045303981e-01,5.096858265320931142e-03
1.193999999999996497e-09,1.724604871825366481e-01,1.008693209592032014e-01,4.598332028200467492e-01,5.096859874670297587e-03
1.195999999999996490e-09,1.728616823162196225e-01,1.008695237048716775e-01,4.604327680389565525e-01,5.096861484593533109e-03
1.197999999999996483e-09,1.732631659309470662e-01,1.008697261645431081e-01,4.610323332612623615e-01,5.096863095024793677e-03
1.199999999999996477e-09,1.736649375221945568e-01,1.008699283384456580e-01,4.616318984869665631e-01,5.096864706051115572e-03
1.201999999999996470e-09,1.740669965862528534e-01,1.008701302268085187e-01,4.622314637160715445e-01,5.096866317657033733e-03
1.203999999999996463e-09,1.744693426202273689e-01,1.008703318298620338e-01,4.628310289485798590e-01,5.096867929775632071e-03
1.205999999999996456e-09,1.748719751220380314e-01,1.008705331478375877e-01,4.634305941844937271e-01,5.096869542469147259e-03
1.207999999999996449e-09,1.752748935904189787e-01,1.008707341809677027e-01,4.640301594238157579e-01,5.096871155666585738e-03
1.209999999999996442e-09,1.756780975249181698e-01,1.008709349294859559e-01,4.646297246665483383e-01,5.096872769442586590e-03
1.211999999999996435e-09,1.760815864258971908e-01,1.008711353936270205e-01,4.652292899126937997e-01,5.096874383800220273e-03
1.213999999999996428e-09,1.764853597945310049e-01,1.008713355736265971e-01,4.658288551622546403e-01,5.096875998665311748e-03
1.215999999999996421e-09,1.768894171328072862e-01,1.008715354697214267e-01,4.664284204152331914e-01,5.096877614100260752e-03
1.217999999999996414e-09,1.772937579435266697e-01,1.008717350821493330e-01,4.670279856716318401e-01,5.096879230038989933e-03
1.219999999999996407e-09,1.776983817303018354e-01,1.008719344111491806e-01,4.676275509314530843e-01,5.096880846544399497e-03
1.221999999999996401e-09,1.781032879975575078e-01,1.008721334569608052e-01,4.682271161946992555e-01,5.096882463634211380e-03
1.223999999999996394e-09,1.785084762505300682e-01,1.008723322198251254e-01,4.688266814613727407e-01,5.096884081227174602e-03
1.225999999999996387e-09,1.789139459952671651e-01,1.008725306999840032e-01,4.694262467314759824e-01,5.096885699383713920e-03
1.227999999999996380e-09,1.793196967386272711e-01,1.008727288976803554e-01,4.700258120050113120e-01,5.096887318037919383e-03
1.229999999999996373e-09,1.797257279882794045e-01,1.008729268131580842e-01,4.706253772819810055e-01,5.096888937254610667e-03
1.231999999999996366e-09,1.801320392527027969e-01,1.008731244466620214e-01,4.712249425623875609e-01,5.096890557057342716e-03
1.233999999999996359e-09,1.805386300411864209e-01,1.008733217984380676e-01,4.718245078462333653e-01,5.096892177355685262e-03
1.235999999999996352e-09,1.809454998638285461e-01,1.008735188687330114e-01,4.724240731335207499e-01,5.096893798212696371e-03
1.237999999999996345e-09,1.813526482315366561e-01,1.008737156577946270e-01,4.730236384242519909e-01,5.096895419564271071e-03
1.239999999999996338e-09,1.817600746560264768e-01,1.008739121658716598e-01,4.736232037184295307e-01,5.096897041472020669e-03
1.241999999999996331e-09,1.821677786498221985e-01,1.008741083932137711e-01,4.742227690160556453e-01,5.096898663946663154e-03
1.243999999999996325e-09,1.825757597262555876e-01,1.008743043400715800e-01,4.748223343171328326e-01,5.096900286917234457e-03
1.245999999999996318e-09,1.829840173994658203e-01,1.008745000066965936e-01,4.754218996216633131e-01,5.096901910441338675e-03
1.247999999999996311e-09,1.833925511843988720e-01,1.008746953933412904e-01,4.760214649296494183e-01,5.096903534471506833e-03
1.249999999999996304e-09,1.838013605968073505e-01,1.008748905002590374e-01,4.766210302410935351e-01,5.096905159064309999e-03
1.251999999999996297e-09,1.842104451532496634e-01,1.008750853277040893e-01,4.772205955559979396e-01,5.096906784183681538e-03
1.253999999999996290e-09,1.846198043710898518e-01,1.008752798759316172e-01,4.778201608743649631e-01,5.096908409799334044e-03
1.255999999999996283e-09,1.850294377684972014e-01,1.008754741451976383e-01,4.784197261961970482e-01,5.096910035973666389e-03
1.257999999999996276e-09,1.854393448644453823e-01,1.008756681357591140e-01,4.790192915214963598e-01,5.096911662648903607e-03
1.259999999999996269e-09,1.858495251787124491e-01,1.008758618478738239e-01,4.796188568502652294e-01,5.096913289890420487e-03
1.261999999999996262e-09,1.862599782318799801e-01,1.008760552818004502e-01,4.802184221825060995e-01,5.096914917631673037e-03
1.263999999999996255e-09,1.866707035453329111e-01,1.008762484377985075e-01,4.808179875182211349e-01,5.096916545885779234e-03
1.265999999999996249e-09,1.870817006412587857e-01,1.008764413161283430e-01,4.814175528574126672e-01,5.096918174708241558e-03
1.267999999999996242e-09,1.874929690426474505e-01,1.008766339170511783e-01,4.820171182000830834e-01,5.096919804013219819e-03
1.269999999999996235e-09,1.879045082732903327e-01,1.008768262408290400e-01,4.826166835462345484e-01,5.096921433877268232e-03
1.271999999999996228e-09,1.883163178577802466e-01,1.008770182877248150e-01,4.832162488958694491e-01,5.096923064237240258e-03
1.273999999999996221e-09,1.887283973215105604e-01,1.008772100580021536e-01,4.838158142489900060e-01,5.096924695124181379e-03
1.275999999999996214e-09,1.891407461906749188e-01,1.008774015519255524e-01,4.844153796055984951e-01,5.096926326550147053e-03
1.277999999999996207e-09,1.895533639922666047e-01,1.008775927697603408e-01,4.850149449656972478e-01,5.096927958455730809e-03
1.279999999999996200e-09,1.899662502540779563e-01,1.008777837117725701e-01,4.856145103292885401e-01,5.096929590911349409e-03
1.281999999999996193e-09,1.903794045046998951e-01,1.008779743782291100e-01,4.862140756963745925e-01,5.096931223856141814e-03
1.283999999999996186e-09,1.907928262735214819e-01,1.008781647693976213e-01,4.868136410669577363e-01,5.096932857342441163e-03
1.285999999999996180e-09,1.912065150907292232e-01,1.008783548855465423e-01,4.874132064410401921e-01,5.096934491342163150e-03
1.287999999999996173e-09,1.916204704873064879e-01,1.008785447269450603e-01,4.880127718186241803e-01,5.096936125835289932e-03
1.289999999999996166e-09,1.920346919950330633e-01,1.008787342938631121e-01,4.886123371997119769e-01,5.096937760879711836e-03
1.291999999999996159e-09,1.924491791464845447e-01,1.008789235865713979e-01,4.892119025843059132e-01,5.096939396405195111e-03
1.293999999999996152e-09,1.928639314750318079e-01,1.008791126053413673e-01,4.898114679724081544e-01,5.096941032474045820e-03
1.295999999999996145e-09,1.932789485148403152e-01,1.008793013504451913e-01,4.904110333640209207e-01,5.096942669032589017e-03
1.297999999999996138e-09,1.936942298008696439e-01,1.008794898221557629e-01,4.910105987591464327e-01,5.096944306097848411e-03
1.299999999999996131e-09,1.941097748688728197e-01,1.008796780207467381e-01,4.916101641577870773e-01,5.096945943695327906e-03
1.301999999999996124e-09,1.945255832553958175e-01,1.008798659464924252e-01,4.922097295599449640e-01,5.096947581776789180e-03
1.303999999999996117e-09,1.949416544977768118e-01,1.008800535996678960e-01,4.928092949656223132e-01,5.096949220403192149e-03
1.305999999999996110e-09,1.953579881341457880e-01,1.008802409805488742e-01,4.934088603748214008e-01,5.096950859494862700e-03
1.307999999999996104e-09,1.957745837034237379e-01,1.008804280894118194e-01,4.940084257875443918e-01,5.096952499108962573e-03
1.309999999999996097e-09,1.961914407453220488e-01,1.008806149265338431e-01,4.946079912037935067e-01,5.096954139227652739e-03
1.311999999999996090e-09,1.966085588003420592e-01,1.008808014921927648e-01,4.952075566235710768e-01,5.096955779836825559e-03
1.313999999999996083e-09,1.970259374097743099e-01,1.008809877866670424e-01,4.958071220468791007e-01,5.096957420981746908e-03
1.315999999999996076e-09,1.974435761156978497e-01,1.008811738102358413e-01,4.964066874737199098e-01,5.096959062590528111e-03
1.317999999999996069e-09,1.978614744609797915e-01,1.008813595631789239e-01,4.970062529040957244e-01,5.096960704727883894e-03
1.319999999999996062e-09,1.982796319892744519e-01,1.008815450457767604e-01,4.976058183380086541e-01,5.096962347350192032e-03
1.321999999999996055e-09,1.986980482450229069e-01,1.008817302583104453e-01,4.982053837754609749e-01,5.096963990486333071e-03
1.323999999999996048e-09,1.991167227734521317e-01,1.008819152010617254e-01,4.988049492164547960e-01,5.096965634126976799e-03
1.325999999999996041e-09,1.995356551205745843e-01,1.008820998743129305e-01,4.994045146609923935e-01,5.096967278258862991e-03
1.327999999999996034e-09,1.999548448331872896e-01,1.008822842783470702e-01,5.000040801090758213e-01,5.096968922938510671e-03
1.329999999999996028e-09,2.003742914588713675e-01,1.008824684134477234e-01,5.006036455607073554e-01,5.096970568055009428e-03
1.331999999999996021e-09,2.007939945459913944e-01,1.008826522798991210e-01,5.012032110158891607e-01,5.096972213678822861e-03
1.333999999999996014e-09,2.012139536436944875e-01,1.008828358779860906e-01,5.018027764746233466e-01,5.096973859799006600e-03
1.335999999999996007e-09,2.016341683019098330e-01,1.008830192079940291e-01,5.024023419369121335e-01,5.096975506415501664e-03
1.337999999999996000e-09,2.020546380713479362e-01,1.008832022702089437e-01,5.030019074027576309e-01,5.096977153538485676e-03
1.339999999999995993e-09,2.024753625034999838e-01,1.008833850649174385e-01,5.036014728721620592e-01,5.096978801124312994e-03
1.341999999999995986e-09,2.028963411506370107e-01,1.008835675924066866e-01,5.042010383451275279e-01,5.096980449238861476e-03
1.343999999999995979e-09,2.033175735658093730e-01,1.008837498529643883e-01,5.048006038216561464e-01,5.096982097808796554e-03
1.345999999999995972e-09,2.037390593028459707e-01,1.008839318468788687e-01,5.054001693017502461e-01,5.096983746884615162e-03
1.347999999999995965e-09,2.041607979163535258e-01,1.008841135744390077e-01,5.059997347854117145e-01,5.096985396449721199e-03
1.349999999999995959e-09,2.045827889617158057e-01,1.008842950359341989e-01,5.065993002726427719e-01,5.096987046514591529e-03
1.351999999999995952e-09,2.050050319950930955e-01,1.008844762316544047e-01,5.071988657634456388e-01,5.096988697093723236e-03
1.353999999999995945e-09,2.054275265734213929e-01,1.008846571618901289e-01,5.077984312578224246e-01,5.096990348096030327e-03
1.355999999999995938e-09,2.058502722544116037e-01,1.008848378269324025e-01,5.083979967557752389e-01,5.096991999600814817e-03
1.357999999999995931e-09,2.062732685965488477e-01,1.008850182270727841e-01,5.089975622573060798e-01,5.096993651583642260e-03
1.359999999999995924e-09,2.066965151590917371e-01,1.008851983626033594e-01,5.095971277624172791e-01,5.096995304084306344e-03
1.361999999999995917e-09,2.071200115020718491e-01,1.008853782338166860e-01,5.101966932711108349e-01,5.096996957059218673e-03
1.363999999999995910e-09,2.075437571862925323e-01,1.008855578410059323e-01,5.107962587833888568e-01,5.096998610522916230e-03
1.365999999999995903e-09,2.079677517733285463e-01,1.008857371844646411e-01,5.113958242992534542e-01,5.097000264507271956e-03
1.367999999999995896e-09,2.083919948255252563e-01,1.008859162644869523e-01,5.119953898187068475e-01,5.097001918905095554e-03
1.369999999999995889e-09,2.088164859059976064e-01,1.008860950813674079e-01,5.125949553417509241e-01,5.097003573797967597e-03
1.371999999999995883e-09,2.092412245786298419e-01,1.008862736354011330e-01,5.131945208683879045e-01,5.097005229165693305e-03
1.373999999999995876e-09,2.096662104080742883e-01,1.008864519268836413e-01,5.137940863986198980e-01,5.097006885047580642e-03
1.375999999999995869e-09,2.100914429597507405e-01,1.008866299561109875e-01,5.143936519324490142e-01,5.097008541396192728e-03
1.377999999999995862e-09,2.105169217998459352e-01,1.008868077233796151e-01,5.149932174698771403e-01,5.097010198214130781e-03
1.379999999999995855e-09,2.109426464953124136e-01,1.008869852289865365e-01,5.155927830109066079e-01,5.097011855544144460e-03
1.381999999999995848e-09,2.113686166138679101e-01,1.008871624732290972e-01,5.161923485555394153e-01,5.097013513287669377e-03
1.383999999999995841e-09,2.117948317239946032e-01,1.008873394564051701e-01,5.167919141037775610e-01,5.097015171526370243e-03
1.385999999999995834e-09,2.122212913949383661e-01,1.008875161788130581e-01,5.173914796556232654e-01,5.097016830235216733e-03
1.387999999999995827e-09,2.126479951967077120e-01,1.008876926407514529e-01,5.179910452110784158e-01,5.097018489459372373e-03
1.389999999999995820e-09,2.130749427000734608e-01,1.008878688425195597e-01,5.185906107701452328e-01,5.097020149145982740e-03
1.391999999999995813e-09,2.135021334765674905e-01,1.008880447844169442e-01,5.191901763328257147e-01,5.097021809283027068e-03
1.393999999999995807e-09,2.139295670984822095e-01,1.008882204667436167e-01,5.197897418991218599e-01,5.097023469919518233e-03
1.395999999999995800e-09,2.143572431388696964e-01,1.008883958897999755e-01,5.203893074690357778e-01,5.097025130969819011e-03
1.397999999999995793e-09,2.147851611715408393e-01,1.008885710538868774e-01,5.209888730425696890e-01,5.097026792519786936e-03
1.399999999999995786e-09,2.152133207710645590e-01,1.008887459593055119e-01,5.215884386197253697e-01,5.097028454529387194e-03
1.401999999999995779e-09,2.156417215127671150e-01,1.008889206063575267e-01,5.221880042005048184e-01,5.097030117046610909e-03
1.403999999999995772e-09,2.160703629727311059e-01,1.008890949953449578e-01,5.227875697849103664e-01,5.097031780025391631e-03
1.405999999999995765e-09,2.164992447277946375e-01,1.008892691265701608e-01,5.233871353729439013e-01,5.097033443445835553e-03
1.407999999999995758e-09,2.169283663555507946e-01,1.008894430003359627e-01,5.239867009646073104e-01,5.097035107352204143e-03
1.409999999999995751e-09,2.173577274343464205e-01,1.008896166169454961e-01,5.245862665599028141e-01,5.097036771675427652e-03
1.411999999999995744e-09,2.177873275432816724e-01,1.008897899767022821e-01,5.251858321588322998e-01,5.097038436504002130e-03
1.413999999999995738e-09,2.182171662622088282e-01,1.008899630799102026e-01,5.257853977613978769e-01,5.097040101777275574e-03
1.415999999999995731e-09,2.186472431717316756e-01,1.008901359268735420e-01,5.263849633676016548e-01,5.097041767547701684e-03
1.417999999999995724e-09,2.190775578532046797e-01,1.008903085178968762e-01,5.269845289774456321e-01,5.097043433779751588e-03
1.419999999999995717e-09,2.195081098887320670e-01,1.008904808532851416e-01,5.275840945909316959e-01,5.097045100452031810e-03
1.421999999999995710e-09,2.199388988611669926e-01,1.008906529333436497e-01,5.281836602080618448e-01,5.097046767592308333e-03
1.423999999999995703e-09,2.203699243541106245e-01,1.008908247583780310e-01,5.287832258288380771e-01,5.097048435149184771e-03
1.425999999999995696e-09,2.208011859519115327e-01,1.008909963286942352e-01,5.293827914532625023e-01,5.097050103215487911e-03
1.427999999999995689e-09,2.212326832396644682e-01,1.008911676445985173e-01,5.299823570813371187e-01,5.097051771711271287e-03
1.429999999999995682e-09,2.216644158032099743e-01,1.008913387063975486e-01,5.305819227130638138e-01,5.097053440691899466e-03
1.431999999999995675e-09,2.220963832291330264e-01,1.008915095143981810e-01,5.311814883484446970e-01,5.097055110141893511e-03
1.433999999999995668e-09,2.225285851047625607e-01,1.008916800689077242e-01,5.317810539874815445e-01,5.097056780044467370e-03
1.435999999999995662e-09,2.229610210181704189e-01,1.008918503702336683e-01,5.323806196301765770e-01,5.097058450390683747e-03
1.437999999999995655e-09,2.233936905581704879e-01,1.008920204186838504e-01,5.329801852765315706e-01,5.097060121152127005e-03
1.439999999999995648e-09,2.238265933143178676e-01,1.008921902145664407e-01,5.335797509265486349e-01,5.097061792419865789e-03
1.441999999999995641e-09,2.242597288769080932e-01,1.008923597581898451e-01,5.341793165802296572e-01,5.097063464099192871e-03
1.443999999999995634e-09,2.246930968369760806e-01,1.008925290498627891e-01,5.347788822375767470e-01,5.097065136260581393e-03
1.445999999999995627e-09,2.251266967862953494e-01,1.008926980898942477e-01,5.353784478985916806e-01,5.097066808888013785e-03
1.447999999999995620e-09,2.255605283173771347e-01,1.008928668785935012e-01,5.359780135632765674e-01,5.097068481972872808e-03
1.449999999999995613e-09,2.259945910234694433e-01,1.008930354162700938e-01,5.365775792316332948e-01,5.097070155485724542e-03
1.451999999999995606e-09,2.264288844985562765e-01,1.008932037032338469e-01,5.371771449036638613e-01,5.097071829419588460e-03
1.453999999999995599e-09,2.268634083373567145e-01,1.008933717397948043e-01,5.377767105793702651e-01,5.097073503844947243e-03
1.455999999999995592e-09,2.272981621353238613e-01,1.008935395262633150e-01,5.383762762587543937e-01,5.097075178666430131e-03
1.457999999999995586e-09,2.277331454886442619e-01,1.008937070629499361e-01,5.389758419418181346e-01,5.097076853987367664e-03
1.459999999999995579e-09,2.281683579942366535e-01,1.008938743501655022e-01,5.395754076285632639e-01,5.097078529759753972e-03
1.461999999999995572e-09,2.286037992497513549e-01,1.008940413882210563e-01,5.401749733189921132e-01,5.097080205972528456e-03
1.463999999999995565e-09,2.290394688535692391e-01,1.008942081774279464e-01,5.407745390131063479e-01,5.097081882621492220e-03
1.465999999999995558e-09,2.294753664048008457e-01,1.008943747180976735e-01,5.413741047109079663e-01,5.097083559701990133e-03
1.467999999999995551e-09,2.299114915032853812e-01,1.008945410105419882e-01,5.419736704123990778e-01,5.097085237234531829e-03
1.469999999999995544e-09,2.303478437495900810e-01,1.008947070550728908e-01,5.425732361175813478e-01,5.097086915169244878e-03
1.471999999999995537e-09,2.307844227450090158e-01,1.008948728520026317e-01,5.431728018264567748e-01,5.097088593618633034e-03
1.473999999999995530e-09,2.312212280915622309e-01,1.008950384016435581e-01,5.437723675390273570e-01,5.097090272482684287e-03
1.475999999999995523e-09,2.316582593919949695e-01,1.008952037043083366e-01,5.443719332552948709e-01,5.097091951780285436e-03
1.477999999999995517e-09,2.320955162497766733e-01,1.008953687603098143e-01,5.449714989752613148e-01,5.097093631527762833e-03
1.479999999999995510e-09,2.325329982691000941e-01,1.008955335699609906e-01,5.455710646989284651e-01,5.097095311710654955e-03
1.481999999999995503e-09,2.329707050548801839e-01,1.008956981335751013e-01,5.461706304262984313e-01,5.097096992322950985e-03
1.483999999999995496e-09,2.334086362127535397e-01,1.008958624514655900e-01,5.467701961573731007e-01,5.097098673368698034e-03
1.485999999999995489e-09,2.338467913490771266e-01,1.008960265239460530e-01,5.473697618921542496e-01,5.097100354903636235e-03
1.487999999999995482e-09,2.342851700709275564e-01,1.008961903513302810e-01,5.479693276306436545e-01,5.097102036804407668e-03
1.489999999999995475e-09,2.347237719861000882e-01,1.008963539339322452e-01,5.485688933728434247e-01,5.097103719171403383e-03
1.491999999999995468e-09,2.351625967031076569e-01,1.008965172720660969e-01,5.491684591187554476e-01,5.097105401988576319e-03
1.493999999999995461e-09,2.356016438311800132e-01,1.008966803660461126e-01,5.497680248683816107e-01,5.097107085224073485e-03
1.495999999999995454e-09,2.360409129802627792e-01,1.008968432161868323e-01,5.503675906217235791e-01,5.097108768895972433e-03
1.497999999999995447e-09,2.364804037610164777e-01,1.008970058228028516e-01,5.509671563787834625e-01,5.097110453004337349e-03
1.499999999999995441e-09,2.369201157848156714e-01,1.008971681862089464e-01,5.515667221395629261e-01,5.097112137541129524e-03
1.501999999999995434e-09,2.373600486637478246e-01,1.008973303067201288e-01,5.521662879040640792e-01,5.097113822476413703e-03
1.503999999999995427e-09,2.378002020106125824e-01,1.008974921846514383e-01,5.527658536722886984e-01,5.097115507908120229e-03
1.505999999999995420e-09,2.382405754389207708e-01,1.008976538203181506e-01,5.533654194442385599e-01,5.097117193733810211e-03
1.507999999999995413e-09,2.386811685628933144e-01,1.008978152140356244e-01,5.539649852199156621e-01,5.097118879992148903e-03
1.509999999999995406e-09,2.391219809974604593e-01,1.008979763661193713e-01,5.545645509993216704e-01,5.097120566690553113e-03
1.511999999999995399e-09,2.395630123582607740e-01,1.008981372768850693e-01,5.551641167824586942e-01,5.097122253796238303e-03
1.513999999999995392e-09,2.400042622616401222e-01,1.008982979466484659e-01,5.557636825693282878e-01,5.097123941337199440e-03
1.515999999999995385e-09,2.404457303246508026e-01,1.008984583757254611e-01,5.563632483599325607e-01,5.097125629321405844e-03
1.517999999999995378e-09,2.408874161650505774e-01,1.008986185644320938e-01,5.569628141542731781e-01,5.097127317749453393e-03
1.519999999999995371e-09,2.413293194013015897e-01,1.008987785130844722e-01,5.575623799523521384e-01,5.097129006541789402e-03
1.521999999999995365e-09,2.417714396525696419e-01,1.008989382219988712e-01,5.581619457541711071e-01,5.097130695800583880e-03
1.523999999999995358e-09,2.422137765387230302e-01,1.008990976914915932e-01,5.587615115597320825e-01,5.097132385478252495e-03
1.525999999999995351e-09,2.426563296803316838e-01,1.008992569218791491e-01,5.593610773690367299e-01,5.097134075576403335e-03
1.527999999999995344e-09,2.430990986986661384e-01,1.008994159134780633e-01,5.599606431820870478e-01,5.097135766105333719e-03
1.529999999999995337e-09,2.435420832156966475e-01,1.008995746666049992e-01,5.605602089988848125e-01,5.097137457037726957e-03
1.531999999999995330e-09,2.439852828540921559e-01,1.008997331815766757e-01,5.611597748194318003e-01,5.097139148399444306e-03
1.533999999999995323e-09,2.444286972372194111e-01,1.008998914587099643e-01,5.617593406437297876e-01,5.097140840188719817e-03
1.535999999999995316e-09,2.448723259891417980e-01,1.009000494983217505e-01,5.623589064717806618e-01,5.097142532424498405e-03
1.537999999999995309e-09,2.453161687346186171e-01,1.009002073007290307e-01,5.629584723035863103e-01,5.097144225024164733e-03
1.539999999999995302e-09,2.457602250991040294e-01,1.009003648662488845e-01,5.635580381391483984e-01,5.097145918068344411e-03
1.541999999999995295e-09,2.462044947087459190e-01,1.009005221951984610e-01,5.641576039784688135e-01,5.097147611530654029e-03
1.543999999999995289e-09,2.466489771903852268e-01,1.009006792878949649e-01,5.647571698215492209e-01,5.097149305407558222e-03
1.545999999999995282e-09,2.470936721715547013e-01,1.009008361446556701e-01,5.653567356683915079e-01,5.097150999711889605e-03
1.547999999999995275e-09,2.475385792804779550e-01,1.009009927657979339e-01,5.659563015189976731e-01,5.097152694415450248e-03
1.549999999999995268e-09,2.479836981460687706e-01,1.009011491516391551e-01,5.665558673733691597e-01,5.097154389547833668e-03
1.551999999999995261e-09,2.484290283979296576e-01,1.009013053024967743e-01,5.671554332315080771e-01,5.097156085094209713e-03
1.553999999999995254e-09,2.488745696663512974e-01,1.009014612186883014e-01,5.677549990934160906e-01,5.097157781071149328e-03
1.555999999999995247e-09,2.493203215823112662e-01,1.009016169005312741e-01,5.683545649590948656e-01,5.097159477421325108e-03
1.557999999999995240e-09,2.497662837774732303e-01,1.009017723483433271e-01,5.689541308285461785e-01,5.097161174208813400e-03
1.559999999999995233e-09,2.502124558841859470e-01,1.009019275624420536e-01,5.695536967017720276e-01,5.097162871398433145e-03
1.561999999999995226e-09,2.506588375354820708e-01,1.009020825431451440e-01,5.701532625787740782e-01,5.097164569000458244e-03
1.563999999999995220e-09,2.511054283650774321e-01,1.009022372907702886e-01,5.707528284595541068e-01,5.097166267030942693e-03
1.565999999999995213e-09,2.515522280073700379e-01,1.009023918056352470e-01,5.713523943441137787e-01,5.097167965454427879e-03
1.567999999999995206e-09,2.519992360974386836e-01,1.009025460880577513e-01,5.719519602324548702e-01,5.097169664301837849e-03
1.569999999999995199e-09,2.524464522710426762e-01,1.009027001383556027e-01,5.725515261245792686e-01,5.097171363552578834e-03
1.571999999999995192e-09,2.528938761646201128e-01,1.009028539568466026e-01,5.731510920204888615e-01,5.097173063221263276e-03
1.573999999999995185e-09,2.533415074152873814e-01,1.009030075438485524e-01,5.737506579201850920e-01,5.097174763268656934e-03
1.575999999999995178e-09,2.537893456608377729e-01,1.009031608996793089e-01,5.743502238236698476e-01,5.097176463743489927e-03
1.577999999999995171e-09,2.542373905397410372e-01,1.009033140246566873e-01,5.749497897309449046e-01,5.097178164603570309e-03
1.579999999999995164e-09,2.546856416911418286e-01,1.009034669190985445e-01,5.755493556420119283e-01,5.097179865878001537e-03
1.581999999999995157e-09,2.551340987548589845e-01,1.009036195833227373e-01,5.761489215568728062e-01,5.097181567575416461e-03
1.583999999999995150e-09,2.555827613713845259e-01,1.009037720176470948e-01,5.767484874755290924e-01,5.097183269662670588e-03
1.585999999999995144e-09,2.560316291818826584e-01,1.009039242223894600e-01,5.773480533979825635e-01,5.097184972169263757e-03
1.587999999999995137e-09,2.564807018281884954e-01,1.009040761978676898e-01,5.779476193242351068e-01,5.097186675063188586e-03
1.589999999999995130e-09,2.569299789528076139e-01,1.009042279443995993e-01,5.785471852542883875e-01,5.097188378376467204e-03
1.591999999999995123e-09,2.573794601989145558e-01,1.009043794623029761e-01,5.791467511881440711e-01,5.097190082062728715e-03
1.593999999999995116e-09,2.578291452103520509e-01,1.009045307518956353e-01,5.797463171258039338e-01,5.097191786155871353e-03
1.595999999999995109e-09,2.582790336316300173e-01,1.009046818134953782e-01,5.803458830672696411e-01,5.097193490639743106e-03
1.597999999999995102e-09,2.587291251079242849e-01,1.009048326474199092e-01,5.809454490125429693e-01,5.097195195543888918e-03
1.599999999999995095e-09,2.591794192850761513e-01,1.009049832539869740e-01,5.815450149616255837e-01,5.097196900848774068e-03
1.601999999999995088e-09,2.596299158095908832e-01,1.009051336335142768e-01,5.821445809145192607e-01,5.097198606539309063e-03
1.603999999999995081e-09,2.600806143286367722e-01,1.009052837863194663e-01,5.827441468712256656e-01,5.097200312649366981e-03
1.605999999999995074e-09,2.605315144900444690e-01,1.009054337127201773e-01,5.833437128317466858e-01,5.097202019148230207e-03
1.607999999999995068e-09,2.609826159423054848e-01,1.009055834130339613e-01,5.839432787960837645e-01,5.097203726068518480e-03
1.609999999999995061e-09,2.614339183345716355e-01,1.009057328875784393e-01,5.845428447642386782e-01,5.097205433354496003e-03
1.611999999999995054e-09,2.618854213166537104e-01,1.009058821366710657e-01,5.851424107362132032e-01,5.097207141035263629e-03
1.613999999999995047e-09,2.623371245390205830e-01,1.009060311606293087e-01,5.857419767120088938e-01,5.097208849084205497e-03
1.615999999999995040e-09,2.627890276527983793e-01,1.009061799597705533e-01,5.863415426916275264e-01,5.097210557549979731e-03
1.617999999999995033e-09,2.632411303097691446e-01,1.009063285344121708e-01,5.869411086750708773e-01,5.097212266414239898e-03
1.619999999999995026e-09,2.636934321623699007e-01,1.009064768848714488e-01,5.875406746623405008e-01,5.097213975670920535e-03
1.621999999999995019e-09,2.641459328636918680e-01,1.009066250114656338e-01,5.881402406534381733e-01,5.097215685332151698e-03
1.623999999999995012e-09,2.645986320674794667e-01,1.009067729145118747e-01,5.887398066483654491e-01,5.097217395374950902e-03
1.625999999999995005e-09,2.650515294281286516e-01,1.009069205943273068e-01,5.893393726471242156e-01,5.097219105839060661e-03
1.627999999999994999e-09,2.655046246006869670e-01,1.009070680512289542e-01,5.899389386497160270e-01,5.097220816672095797e-03
1.629999999999994992e-09,2.659579172408514380e-01,1.009072152855337995e-01,5.905385046561424378e-01,5.097222527901742496e-03
1.631999999999994985e-09,2.664114070049685146e-01,1.009073622975587142e-01,5.911380706664053353e-01,5.097224239486300608e-03
1.633999999999994978e-09,2.668650935500322952e-01,1.009075090876205422e-01,5.917376366805062737e-01,5.097225951461181043e-03
1.635999999999994971e-09,2.673189765336839718e-01,1.009076556560360299e-01,5.923372026984469185e-01,5.097227663807232453e-03
1.637999999999994964e-09,2.677730556142107754e-01,1.009078020031217993e-01,5.929367687202289350e-01,5.097229376569013815e-03
1.639999999999994957e-09,2.682273304505446432e-01,1.009079481291944580e-01,5.935363347458538774e-01,5.097231089732678563e-03
1.641999999999994950e-09,2.686818007022616639e-01,1.009080940345704891e-01,5.941359007753235222e-01,5.097232803275441107e-03
1.643999999999994943e-09,2.691364660295806344e-01,1.009082397195662784e-01,5.947354668086395346e-01,5.097234517210350035e-03
1.645999999999994936e-09,2.695913260933623934e-01,1.009083851844981422e-01,5.953350328458036911e-01,5.097236231519812651e-03
1.647999999999994929e-09,2.700463805551084895e-01,1.009085304296822722e-01,5.959345988868174349e-01,5.097237946252173094e-03
1.649999999999994923e-09,2.705016290769604592e-01,1.009086754554348042e-01,5.965341649316824313e-01,5.097239661345437552e-03
1.651999999999994916e-09,2.709570713216986615e-01,1.009088202620717495e-01,5.971337309804003457e-01,5.097241376818633339e-03
1.653999999999994909e-09,2.714127069527410563e-01,1.009089648499090081e-01,5.977332970329728434e-01,5.097243092634064048e-03
1.655999999999994902e-09,2.718685356341428161e-01,1.009091092192623551e-01,5.983328630894013678e-01,5.097244808845745496e-03
1.657999999999994895e-09,2.723245570305943830e-01,1.009092533704475381e-01,5.989324291496878061e-01,5.097246525419803741e-03
1.659999999999994888e-09,2.727807708074214132e-01,1.009093973037801101e-01,5.995319952138337127e-01,5.097248242396454007e-03
1.661999999999994881e-09,2.732371766305830008e-01,1.009095410195755549e-01,6.001315612818407530e-01,5.097249959779156202e-03
1.663999999999994874e-09,2.736937741666711221e-01,1.009096845181492313e-01,6.007311273537104812e-01,5.097251677536315806e-03
1.665999999999994867e-09,2.741505630829094708e-01,1.009098277998163457e-01,6.013306934294445627e-01,5.097253395677635128e-03
1.667999999999994860e-09,2.746075430471522361e-01,1.009099708648920624e-01,6.019302595090445518e-01,5.097255114183734705e-03
1.669999999999994853e-09,2.750647137278836585e-01,1.009101137136913379e-01,6.025298255925121138e-01,5.097256833097252304e-03
1.671999999999994847e-09,2.755220747942161430e-01,1.009102563465290592e-01,6.031293916798488031e-01,5.097258552366565158e-03
1.673999999999994840e-09,2.759796259158900922e-01,1.009103987637199468e-01,6.037289577710563959e-01,5.097260272018495561e-03
1.675999999999994833e-09,2.764373667632724074e-01,1.009105409655786240e-01,6.043285238661362246e-01,5.097261992011393669e-03
1.677999999999994826e-09,2.768952970073554898e-01,1.009106829524195753e-01,6.049280899650900656e-01,5.097263712391042305e-03
1.679999999999994819e-09,2.773534163197565183e-01,1.009108247245571188e-01,6.055276560679195841e-01,5.097265433114819312e-03
1.681999999999994812e-09,2.778117243727158958e-01,1.009109662823055170e-01,6.061272221746261124e-01,5.097267154232513857e-03
1.683999999999994805e-09,2.782702208390969711e-01,1.009111076259787687e-01,6.067267882852115379e-01,5.097268875734909353e-03
1.685999999999994798e-09,2.787289053923842075e-01,1.009112487558908311e-01,6.073263543996774150e-01,5.097270597628920409e-03
1.687999999999994791e-09,2.791877777066829047e-01,1.009113896723554671e-01,6.079259205180251868e-01,5.097272319920561311e-03
1.689999999999994784e-09,2.796468374567175341e-01,1.009115303756863147e-01,6.085254866402565188e-01,5.097274042561863484e-03
1.691999999999994778e-09,2.801060843178312942e-01,1.009116708661968731e-01,6.091250527663730763e-01,5.097275765585858667e-03
1.693999999999994771e-09,2.805655179659845566e-01,1.009118111442004612e-01,6.097246188963761915e-01,5.097277488954598049e-03
1.695999999999994764e-09,2.810251380777543662e-01,1.009119512100102450e-01,6.103241850302677518e-01,5.097279212714908754e-03
1.697999999999994757e-09,2.814849443303329424e-01,1.009120910639392660e-01,6.109237511680492005e-01,5.097280936827748229e-03
1.699999999999994750e-09,2.819449364015269577e-01,1.009122307063004126e-01,6.115233173097219810e-01,5.097282661309375171e-03
1.701999999999994743e-09,2.824051139697564827e-01,1.009123701374063375e-01,6.121228834552878695e-01,5.097284386120933507e-03
1.703999999999994736e-09,2.828654767140538762e-01,1.009125093575696380e-01,6.127224496047483093e-01,5.097286111326962757e-03
1.705999999999994729e-09,2.833260243140627854e-01,1.009126483671026336e-01,6.133220157581049659e-01,5.097287836878267031e-03
1.707999999999994722e-09,2.837867564500372586e-01,1.009127871663175885e-01,6.139215819153592824e-01,5.097289562820667315e-03
1.709999999999994715e-09,2.842476728028406341e-01,1.009129257555265446e-01,6.145211480765129242e-01,5.097291289148411265e-03
1.711999999999994708e-09,2.847087730539442085e-01,1.009130641350413499e-01,6.151207142415674456e-01,5.097293015844627830e-03
1.713999999999994702e-09,2.851700568854267925e-01,1.009132023051737270e-01,6.157202804105241789e-01,5.097294742936904315e-03
1.715999999999994695e-09,2.856315239799735450e-01,1.009133402662352047e-01,6.163198465833850115e-01,5.097296470368651439e-03
1.717999999999994688e-09,2.860931740208744745e-01,1.009134780185371033e-01,6.169194127601513866e-01,5.097298198165723521e-03
1.719999999999994681e-09,2.865550066920238836e-01,1.009136155623906461e-01,6.175189789408246366e-01,5.097299926298589495e-03
1.721999999999994674e-09,2.870170216779194816e-01,1.009137528981067788e-01,6.181185451254066487e-01,5.097301654807172289e-03
1.723999999999994667e-09,2.874792186636608848e-01,1.009138900259963362e-01,6.187181113138986444e-01,5.097303383652300977e-03
1.725999999999994660e-09,2.879415973349488400e-01,1.009140269463699308e-01,6.193176775063022887e-01,5.097305112877687991e-03
1.727999999999994653e-09,2.884041573780842249e-01,1.009141636595380087e-01,6.199172437026192473e-01,5.097306842442806719e-03
1.729999999999994646e-09,2.888668984799671602e-01,1.009143001658108080e-01,6.205168099028509632e-01,5.097308572392005369e-03
1.731999999999994639e-09,2.893298203280955661e-01,1.009144364654984000e-01,6.211163761069988798e-01,5.097310302677236435e-03
1.733999999999994632e-09,2.897929226105649403e-01,1.009145725589106479e-01,6.217159423150644404e-01,5.097312033350455754e-03
1.735999999999994626e-09,2.902562050160660267e-01,1.009147084463572208e-01,6.223155085270494213e-01,5.097313764387636538e-03
1.737999999999994619e-09,2.907196672338853149e-01,1.009148441281475794e-01,6.229150747429552659e-01,5.097315495788103980e-03
1.739999999999994612e-09,2.911833089539029862e-01,1.009149796045910319e-01,6.235146409627835284e-01,5.097317227577793930e-03
1.741999999999994605e-09,2.916471298665923029e-01,1.009151148759966365e-01,6.241142071865356522e-01,5.097318959700852629e-03
1.743999999999994598e-09,2.921111296630183873e-01,1.009152499426732574e-01,6.247137734142131915e-01,5.097320692187416562e-03
1.745999999999994591e-09,2.925753080348375001e-01,1.009153848049295921e-01,6.253133396458175897e-01,5.097322424997223662e-03
1.747999999999994584e-09,2.930396646742957634e-01,1.009155194630740882e-01,6.259129058813504010e-01,5.097324158157797921e-03
1.749999999999994577e-09,2.935041992742282169e-01,1.009156539174149991e-01,6.265124721208130687e-01,5.097325891644337130e-03
1.751999999999994570e-09,2.939689115280577636e-01,1.009157881682603980e-01,6.271120383642072582e-01,5.097327625521837907e-03
1.753999999999994563e-09,2.944338011297945590e-01,1.009159222159181080e-01,6.277116046115344128e-01,5.097329359735176812e-03
1.755999999999994557e-09,2.948988677740342346e-01,1.009160560606957580e-01,6.283111708627958647e-01,5.097331094331063010e-03
1.757999999999994550e-09,2.953641111559574539e-01,1.009161897029007687e-01,6.289107371179932793e-01,5.097332829267677522e-03
1.759999999999994543e-09,2.958295309713288579e-01,1.009163231428403251e-01,6.295103033771282108e-01,5.097334564578599389e-03
1.761999999999994536e-09,2.962951269164958434e-01,1.009164563808214177e-01,6.301098696402019916e-01,5.097336300228175708e-03
1.763999999999994529e-09,2.967608986883877309e-01,1.009165894171507871e-01,6.307094359072161760e-01,5.097338036245790092e-03
1.765999999999994522e-09,2.972268459845145983e-01,1.009167222521349938e-01,6.313090021781723182e-01,5.097339772624012721e-03
1.767999999999994515e-09,2.976929685029663930e-01,1.009168548860803344e-01,6.319085684530716396e-01,5.097341509348648353e-03
1.769999999999994508e-09,2.981592659424118219e-01,1.009169873192928973e-01,6.325081347319159164e-01,5.097343246442406252e-03
1.771999999999994501e-09,2.986257380020975738e-01,1.009171195520785630e-01,6.331077010147065920e-01,5.097344983848849792e-03
1.773999999999994494e-09,2.990923843818469319e-01,1.009172515847429757e-01,6.337072673014449986e-01,5.097346721599315886e-03
1.775999999999994487e-09,2.995592047820591630e-01,1.009173834175914886e-01,6.343068335921326906e-01,5.097348459673954092e-03
1.777999999999994481e-09,3.000261989037082411e-01,1.009175150509293434e-01,6.349063998867712222e-01,5.097350198103508916e-03
1.779999999999994474e-09,3.004933664483416811e-01,1.009176464850614491e-01,6.355059661853619257e-01,5.097351936846498781e-03
1.781999999999994467e-09,3.009607071180802063e-01,1.009177777202925202e-01,6.361055324879062445e-01,5.097353675981738247e-03
1.783999999999994460e-09,3.014282206156160826e-01,1.009179087569270217e-01,6.367050987944057328e-01,5.097355415453212225e-03
1.785999999999994453e-09,3.018959066442122308e-01,1.009180395952692100e-01,6.373046651048618338e-01,5.097357155301720545e-03
1.787999999999994446e-09,3.023637649077014489e-01,1.009181702356230781e-01,6.379042314192759910e-01,5.097358895489745474e-03
1.789999999999994439e-09,3.028317951104853578e-01,1.009183006782923692e-01,6.385037977376497587e-01,5.097360636042333817e-03
1.791999999999994432e-09,3.032999969575331800e-01,1.009184309235806043e-01,6.391033640599844690e-01,5.097362376925462443e-03
1.793999999999994425e-09,3.037683701543807957e-01,1.009185609717910825e-01,6.397029303862815652e-01,5.097364118163138190e-03
1.795999999999994418e-09,3.042369144071302434e-01,1.009186908232267837e-01,6.403024967165427128e-01,5.097365859742871048e-03
1.797999999999994411e-09,3.047056294224477768e-01,1.009188204781905213e-01,6.409020630507690219e-01,5.097367601667263104e-03
1.799999999999994405e-09,3.051745149075636987e-01,1.009189499369848170e-01,6.415016293889620469e-01,5.097369343939708343e-03
1.801999999999994398e-09,3.056435705702710282e-01,1.009190791999119569e-01,6.421011957311234530e-01,5.097371086526013631e-03
1.803999999999994391e-09,3.061127961189243907e-01,1.009192082672739771e-01,6.427007620772543506e-01,5.097372829447074580e-03
1.805999999999994384e-09,3.065821912624391854e-01,1.009193371393726502e-01,6.433003284273564049e-01,5.097374572679729161e-03
1.807999999999994377e-09,3.070517557102907524e-01,1.009194658165095265e-01,6.438998947814310592e-01,5.097376316265320173e-03
1.809999999999994370e-09,3.075214891725127631e-01,1.009195942989858652e-01,6.444994611394795347e-01,5.097378060157270289e-03
1.811999999999994363e-09,3.079913913596969977e-01,1.009197225871026754e-01,6.450990275015033859e-01,5.097379804421321194e-03
1.813999999999994356e-09,3.084614619829917359e-01,1.009198506811607304e-01,6.456985938675041670e-01,5.097381549009330839e-03
1.815999999999994349e-09,3.089317007541012572e-01,1.009199785814604983e-01,6.462981602374830992e-01,5.097383293976867624e-03
1.817999999999994342e-09,3.094021073852842307e-01,1.009201062883022665e-01,6.468977266114417368e-01,5.097385039277399325e-03
1.819999999999994335e-09,3.098726815893534381e-01,1.009202338019859757e-01,6.474972929893814122e-01,5.097386784946250117e-03
1.821999999999994329e-09,3.103434230796742743e-01,1.009203611228113862e-01,6.480968593713035686e-01,5.097388530946379316e-03
1.823999999999994322e-09,3.108143315701637488e-01,1.009204882510778972e-01,6.486964257572096493e-01,5.097390277295030074e-03
1.825999999999994315e-09,3.112854067752899856e-01,1.009206151870847279e-01,6.492959921471010976e-01,5.097392023973859425e-03
1.827999999999994308e-09,3.117566484100705027e-01,1.009207419311307780e-01,6.498955585409791347e-01,5.097393770989821875e-03
1.829999999999994301e-09,3.122280561900718232e-01,1.009208684835147113e-01,6.504951249388454260e-01,5.097395518329182751e-03
1.831999999999994294e-09,3.126996298314084211e-01,1.009209948445349003e-01,6.510946913407010816e-01,5.097397266002561163e-03
1.833999999999994287e-09,3.131713690507411663e-01,1.009211210144894677e-01,6.516942577465477671e-01,5.097399013995427067e-03
1.835999999999994280e-09,3.136432735652772141e-01,1.009212469936762446e-01,6.522938241563868145e-01,5.097400762304052542e-03
1.837999999999994273e-09,3.141153430927682288e-01,1.009213727823927986e-01,6.528933905702195561e-01,5.097402510936891763e-03
1.839999999999994266e-09,3.145875773515097729e-01,1.009214983809364335e-01,6.534929569880474354e-01,5.097404259866541304e-03
1.841999999999994260e-09,3.150599760603403077e-01,1.009216237896041479e-01,6.540925234098718954e-01,5.097406009151461345e-03
1.843999999999994253e-09,3.155325389386401946e-01,1.009217490086926766e-01,6.546920898356942686e-01,5.097407758743966073e-03
1.845999999999994246e-09,3.160052657063307513e-01,1.009218740384985047e-01,6.552916562655158872e-01,5.097409508704723105e-03
1.847999999999994239e-09,3.164781560838729191e-01,1.009219988793177841e-01,6.558912226993381944e-01,5.097411258982471362e-03
1.849999999999994232e-09,3.169512097922669303e-01,1.009221235314464588e-01,6.564907891371626336e-01,5.097413009623964243e-03
1.851999999999994225e-09,3.174244265530506426e-01,1.009222479951801116e-01,6.570903555789904260e-01,5.097414760584196951e-03
1.853999999999994218e-09,3.178978060882989842e-01,1.009223722708140897e-01,6.576899220248231259e-01,5.097416511905471584e-03
1.855999999999994211e-09,3.183713481206230100e-01,1.009224963586434765e-01,6.582894884746619546e-01,5.097418263555680146e-03
1.857999999999994204e-09,3.188450523731684028e-01,1.009226202589630222e-01,6.588890549285084663e-01,5.097420015556421678e-03
1.859999999999994197e-09,3.193189185696151955e-01,1.009227439720671859e-01,6.594886213863637714e-01,5.097421767877392297e-03
1.861999999999994190e-09,3.197929464341764394e-01,1.009228674982502183e-01,6.600881878482295351e-01,5.097423520532160142e-03
1.863999999999994390e-09,3.202671356915969270e-01,1.009229908378059953e-01,6.606877543141068676e-01,5.097425273504476058e-03
1.865999999999994590e-09,3.207414860671529144e-01,1.009231139910281155e-01,6.612873207839973233e-01,5.097427026803094327e-03
1.867999999999994790e-09,3.212159972866505120e-01,1.009232369582099692e-01,6.618868872579022344e-01,5.097428780403189322e-03
1.869999999999994990e-09,3.216906690764250176e-01,1.009233597396445581e-01,6.624864537358227112e-01,5.097430534322659919e-03
1.871999999999995190e-09,3.221655011633400845e-01,1.009234823356246341e-01,6.630860202177605300e-01,5.097432288543759030e-03
1.873999999999995390e-09,3.226404932747862220e-01,1.009236047464426439e-01,6.636855867037169121e-01,5.097434043071583272e-03
1.875999999999995590e-09,3.231156451386803519e-01,1.009237269723907843e-01,6.642851531936930787e-01,5.097435797923096507e-03
1.877999999999995790e-09,3.235909564834645868e-01,1.009238490137608774e-01,6.648847196876902510e-01,5.097437553070720100e-03
1.879999999999995989e-09,3.240664270381052869e-01,1.009239708708445094e-01,6.654842861857099834e-01,5.097439308568230479e-03
1.881999999999996189e-09,3.245420565320922823e-01,1.009240925439329473e-01,6.660838526877537191e-01,5.097441064368608832e-03
1.883999999999996389e-09,3.250178446954373190e-01,1.009242140333171805e-01,6.666834191938226795e-01,5.097442820529216392e-03
1.885999999999996589e-09,3.254937912586739479e-01,1.009243353392878656e-01,6.672829857039181967e-01,5.097444577003335323e-03
1.887999999999996789e-09,3.259698959528559703e-01,1.009244564621353812e-01,6.678825522180414920e-01,5.097446333832956339e-03
1.889999999999996989e-09,3.264461585095565499e-01,1.009245774021498010e-01,6.684821187361942307e-01,5.097448090977390635e-03
1.891999999999997189e-09,3.269225786608673245e-01,1.009246981596208931e-01,6.690816852583775232e-01,5.097449848462607888e-03
1.893999999999997389e-09,3.273991561393975180e-01,1.009248187348381481e-01,6.696812517845925905e-01,5.097451606261054619e-03
1.895999999999997589e-09,3.278758906782728855e-01,1.009249391280906960e-01,6.702808183148409871e-01,5.097453364398828006e-03
1.897999999999997788e-09,3.283527820111345474e-01,1.009250593396674306e-01,6.708803848491240451e-01,5.097455122846727450e-03
1.899999999999997988e-09,3.288298298721386015e-01,1.009251793698568572e-01,6.714799513874428749e-01,5.097456881631267332e-03
1.901999999999998188e-09,3.293070339959545123e-01,1.009252992189472731e-01,6.720795179297988087e-01,5.097458640725559438e-03
1.903999999999998388e-09,3.297843941177645566e-01,1.009254188872266145e-01,6.726790844761935118e-01,5.097460400144789537e-03
1.905999999999998588e-09,3.302619099732627128e-01,1.009255383749824847e-01,6.732786510266279834e-01,5.097462159863451123e-03
1.907999999999998788e-09,3.307395812986539396e-01,1.009256576825022234e-01,6.738782175811036668e-01,5.097463919899527206e-03
1.909999999999998988e-09,3.312174078306526215e-01,1.009257768100728508e-01,6.744777841396217832e-01,5.097465680223115490e-03
1.911999999999999188e-09,3.316953893064823466e-01,1.009258957579810545e-01,6.750773507021836650e-01,5.097467440856353650e-03
1.913999999999999388e-09,3.321735254638745749e-01,1.009260145265132302e-01,6.756769172687907554e-01,5.097469201786146258e-03
1.915999999999999587e-09,3.326518160410675273e-01,1.009261331159554687e-01,6.762764838394441647e-01,5.097470963010162712e-03
1.917999999999999787e-09,3.331302607768057422e-01,1.009262515265935134e-01,6.768760504141453360e-01,5.097472724549958686e-03
1.919999999999999987e-09,3.336088594103385763e-01,1.009263697587128444e-01,6.774756169928956018e-01,5.097474486390662397e-03
1.922000000000000187e-09,3.340876116814195940e-01,1.009264878125985809e-01,6.780751835756961832e-01,5.097476248562660996e-03
1.924000000000000387e-09,3.345665173303055684e-01,1.009266056885355367e-01,6.786747501625483014e-01,5.097478011035134517e-03
1.926000000000000587e-09,3.350455760977553155e-01,1.009267233868082342e-01,6.792743167534533999e-01,5.097479773852504024e-03
1.928000000000000787e-09,3.355247877250292499e-01,1.009268409077008349e-01,6.798738833484128108e-01,5.097481536972299151e-03
1.930000000000000987e-09,3.360041519538876642e-01,1.009269582514972369e-01,6.804734499474275333e-01,5.097483300439334744e-03
1.932000000000001187e-09,3.364836685265906180e-01,1.009270754184809910e-01,6.810730165504991218e-01,5.097485064213965432e-03
1.934000000000001386e-09,3.369633371858964388e-01,1.009271924089353012e-01,6.816725831576289085e-01,5.097486828321207662e-03
1.936000000000001586e-09,3.374431576750609452e-01,1.009273092231431079e-01,6.822721497688180037e-01,5.097488592738065941e-03
1.938000000000001786e-09,3.379231297378365584e-01,1.009274258613869907e-01,6.828717163840677395e-01,5.097490357474875750e-03
1.940000000000001986e-09,3.384032531184711923e-01,1.009275423239492236e-01,6.834712830033794484e-01,5.097492122515197115e-03
1.942000000000002186e-09,3.388835275617076426e-01,1.009276586111117480e-01,6.840708496267543515e-01,5.097493887878005309e-03
1.944000000000002386e-09,3.393639528127822547e-01,1.009277747231561856e-01,6.846704162541936700e-01,5.097495653533127419e-03
1.946000000000002586e-09,3.398445286174242574e-01,1.009278906603638531e-01,6.852699828856988473e-01,5.097497419508683313e-03
1.948000000000002786e-09,3.403252547218546531e-01,1.009280064230156926e-01,6.858695495212712157e-01,5.097499185777269563e-03
1.950000000000002986e-09,3.408061308727855510e-01,1.009281220113923960e-01,6.864691161609116632e-01,5.097500952368440655e-03
1.952000000000003185e-09,3.412871568174188908e-01,1.009282374257742948e-01,6.870686828046217443e-01,5.097502719252734044e-03
1.954000000000003385e-09,3.417683323034457765e-01,1.009283526664413455e-01,6.876682494524027911e-01,5.097504486452438324e-03
1.956000000000003585e-09,3.422496570790452552e-01,1.009284677336732411e-01,6.882678161042559140e-01,5.097506253933921545e-03
1.958000000000003785e-09,3.427311308928838174e-01,1.009285826277493414e-01,6.888673827601824451e-01,5.097508021721075186e-03
1.960000000000003985e-09,3.432127534941140645e-01,1.009286973489486455e-01,6.894669494201834947e-01,5.097509789791448455e-03
1.962000000000004185e-09,3.436945246323740433e-01,1.009288118975498610e-01,6.900665160842605061e-01,5.097511558157574729e-03
1.964000000000004385e-09,3.441764440577860795e-01,1.009289262738313070e-01,6.906660827524147006e-01,5.097513326823411781e-03
1.966000000000004585e-09,3.446585115209560568e-01,1.009290404780710665e-01,6.912656494246471883e-01,5.097515095781005902e-03
1.968000000000004785e-09,3.451407267729724726e-01,1.009291545105468341e-01,6.918652161009594126e-01,5.097516865047544733e-03
1.970000000000004984e-09,3.456230895654054391e-01,1.009292683715359296e-01,6.924647827813525947e-01,5.097518634607829495e-03
1.972000000000005184e-09,3.461055996503057397e-01,1.009293820613154230e-01,6.930643494658277337e-01,5.097520404486828929e-03
1.974000000000005384e-09,3.465882567802040515e-01,1.009294955801620236e-01,6.936639161543864951e-01,5.097522174658280190e-03
1.976000000000005584e-09,3.470710607081097798e-01,1.009296089283520798e-01,6.942634828470297670e-01,5.097523945152241699e-03
1.978000000000005784e-09,3.475540111875103366e-01,1.009297221061616762e-01,6.948630495437589927e-01,5.097525715940940533e-03
1.980000000000005984e-09,3.480371079723703631e-01,1.009298351138664535e-01,6.954626162445752824e-01,5.097527487058947995e-03
1.982000000000006184e-09,3.485203508171302866e-01,1.009299479517418163e-01,6.960621829494799684e-01,5.097529258480371604e-03
1.984000000000006384e-09,3.490037394767059320e-01,1.009300606200628087e-01,6.966617496584742719e-01,5.097531030222964520e-03
1.986000000000006584e-09,3.494872737064875778e-01,1.009301731191041135e-01,6.972613163715593032e-01,5.097532802268375102e-03
1.988000000000006783e-09,3.499709532623385688e-01,1.009302854491400947e-01,6.978608830887365055e-01,5.097534574621249807e-03
1.990000000000006983e-09,3.504547779005948716e-01,1.009303976104447831e-01,6.984604498100068781e-01,5.097536347270101298e-03
1.992000000000007183e-09,3.509387473780639644e-01,1.009305096032918486e-01,6.990600165353718642e-01,5.097538120227101260e-03
1.994000000000007383e-09,3.514228614520241156e-01,1.009306214279546976e-01,6.996595832648325741e-01,5.097539893471178876e-03
1.996000000000007583e-09,3.519071198802231071e-01,1.009307330847062784e-01,7.002591499983901180e-01,5.097541667016588368e-03
1.998000000000007783e-09,3.523915224208777341e-01,1.009308445738193172e-01,7.008587167360459391e-01,5.097543440848299225e-03
2.000000000000007983e-09,3.528760688326726402e-01,1.009309558955661240e-01,7.014582834778012588e-01,5.097545214982835554e-03
2.002000000000008183e-09,3.533607588747594286e-01,1.009310670502187035e-01,7.020578502236569651e-01,5.097546989405417513e-03
2.004000000000008383e-09,3.538455923067559961e-01,1.009311780380487134e-01,7.026574169736146125e-01,5.097548764136803669e-03
2.006000000000008582e-09,3.543305688887452565e-01,1.009312888593274643e-01,7.032569837276754221e-01,5.097550539148674661e-03
2.008000000000008782e-09,3.548156883812745854e-01,1.009313995143259479e-01,7.038565504858402821e-01,5.097552314463458731e-03
2.010000000000008982e-09,3.553009505453547101e-01,1.009315100033147811e-01,7.044561172481107469e-01,5.097554090052522531e-03
2.012000000000009182e-09,3.557863551424588766e-01,1.009316203265642753e-01,7.050556840144878157e-01,5.097555865942376974e-03
2.014000000000009382e-09,3.562719019345219063e-01,1.009317304843443813e-01,7.056552507849728206e-01,5.097557642109260684e-03
2.016000000000009582e-09,3.567575906839393629e-01,1.009318404769246891e-01,7.062548175595667610e-01,5.097559418572926090e-03
2.018000000000009782e-09,3.572434211535667758e-01,1.009319503045744831e-01,7.068543843382710801e-01,5.097561195319393924e-03
2.020000000000009982e-09,3.577293931067184185e-01,1.009320599675626873e-01,7.074539511210868881e-01,5.097562972361159399e-03
2.022000000000010182e-09,3.582155063071665868e-01,1.009321694661578644e-01,7.080535179080151842e-01,5.097564749685943274e-03
2.024000000000010381e-09,3.587017605191409331e-01,1.009322788006282584e-01,7.086530846990575228e-01,5.097566527305547740e-03
2.026000000000010581e-09,3.591881555073271892e-01,1.009323879712417799e-01,7.092526514942147919e-01,5.097568305216060129e-03
2.028000000000010781e-09,3.596746910368664452e-01,1.009324969782659370e-01,7.098522182934884350e-01,5.097570083413591191e-03
2.030000000000010981e-09,3.601613668733543716e-01,1.009326058219679745e-01,7.104517850968794512e-01,5.097571861905799730e-03
2.032000000000011181e-09,3.606481827828402209e-01,1.009327145026147204e-01,7.110513519043890618e-01,5.097573640684551627e-03
2.034000000000011381e-09,3.611351385318258833e-01,1.009328230204726978e-01,7.116509187160184879e-01,5.097575419766429972e-03
2.036000000000011581e-09,3.616222338872651099e-01,1.009329313758080549e-01,7.122504855317688399e-01,5.097577199132322448e-03
2.038000000000011781e-09,3.621094686165626242e-01,1.009330395688866067e-01,7.128500523516414500e-01,5.097578978802852316e-03
2.040000000000011981e-09,3.625968424875732343e-01,1.009331475999738353e-01,7.134496191756373173e-01,5.097580758756617425e-03
2.042000000000012180e-09,3.630843552686006670e-01,1.009332554693348760e-01,7.140491860037577743e-01,5.097582539018539680e-03
2.044000000000012380e-09,3.635720067283973456e-01,1.009333631772344753e-01,7.146487528360039310e-01,5.097584319568697515e-03
2.046000000000012580e-09,3.640597966361628912e-01,1.009334707239371021e-01,7.152483196723770087e-01,5.097586100423336618e-03
2.048000000000012780e-09,3.645477247615433458e-01,1.009335781097067952e-01,7.158478865128780066e-01,5.097587881569179413e-03
2.050000000000012980e-09,3.650357908746307833e-01,1.009336853348073021e-01,7.164474533575082571e-01,5.097589663014680944e-03
2.052000000000013180e-09,3.655239947459617555e-01,1.009337923995020231e-01,7.170470202062688703e-01,5.097591444738904833e-03
2.054000000000013380e-09,3.660123361465169034e-01,1.009338993040539423e-01,7.176465870591609564e-01,5.097593226751427620e-03
2.056000000000013580e-09,3.665008148477198469e-01,1.009340060487257940e-01,7.182461539161858477e-01,5.097595009045220206e-03
2.058000000000013780e-09,3.669894306214362967e-01,1.009341126337798961e-01,7.188457207773445434e-01,5.097596791627371539e-03
2.060000000000013979e-09,3.674781832399734993e-01,1.009342190594782335e-01,7.194452876426382648e-01,5.097598574494198800e-03
2.062000000000014179e-09,3.679670724760789047e-01,1.009343253260824302e-01,7.200448545120681221e-01,5.097600357650553145e-03
2.064000000000014379e-09,3.684560981029398330e-01,1.009344314338537774e-01,7.206444213856353365e-01,5.097602141088296117e-03
2.066000000000014579e-09,3.689452598941820871e-01,1.009345373830532050e-01,7.212439882633410182e-01,5.097603924811119208e-03
2.068000000000014779e-09,3.694345576238692863e-01,1.009346431739413102e-01,7.218435551451864995e-01,5.097605708814783622e-03
2.070000000000014979e-09,3.699239910665021447e-01,1.009347488067783294e-01,7.224431220311725577e-01,5.097607493105313185e-03
2.072000000000015179e-09,3.704135599970175829e-01,1.009348542818240962e-01,7.230426889213006358e-01,5.097609277671793886e-03
2.074000000000015379e-09,3.709032641907875627e-01,1.009349595993381948e-01,7.236422558155717333e-01,5.097611062528961332e-03
2.076000000000015579e-09,3.713931034236186424e-01,1.009350647595797790e-01,7.242418227139870712e-01,5.097612847663283812e-03
2.078000000000015778e-09,3.718830774717508669e-01,1.009351697628076555e-01,7.248413896165477599e-01,5.097614633083936281e-03
2.080000000000015978e-09,3.723731861118568798e-01,1.009352746092803399e-01,7.254409565232550205e-01,5.097616418778584853e-03
2.082000000000016178e-09,3.728634291210413676e-01,1.009353792992559035e-01,7.260405234341099634e-01,5.097618204755477271e-03
2.084000000000016378e-09,3.733538062768396726e-01,1.009354838329921400e-01,7.266400903491134766e-01,5.097619991008646954e-03
2.086000000000016578e-09,3.738443173572177369e-01,1.009355882107464686e-01,7.272396572682670035e-01,5.097621777541761975e-03
2.088000000000016778e-09,3.743349621405702710e-01,1.009356924327759614e-01,7.278392241915716543e-01,5.097623564344903185e-03
2.090000000000016978e-09,3.748257404057208086e-01,1.009357964993372742e-01,7.284387911190284282e-01,5.097625351426489197e-03
2.092000000000017178e-09,3.753166519319202088e-01,1.009359004106868130e-01,7.290383580506385464e-01,5.097627138783113014e-03
2.094000000000017378e-09,3.758076964988462110e-01,1.009360041670805536e-01,7.296379249864030081e-01,5.097628926418918890e-03
2.096000000000017577e-09,3.762988738866024363e-01,1.009361077687741665e-01,7.302374919263231456e-01,5.097630714328773779e-03
2.098000000000017777e-09,3.767901838757173882e-01,1.009362112160229197e-01,7.308370588703998472e-01,5.097632502518783040e-03
2.100000000000017977e-09,3.772816262471441195e-01,1.009363145090817621e-01,7.314366258186343339e-01,5.097634290982524727e-03
2.102000000000018177e-09,3.777732007822585114e-01,1.009364176482052816e-01,7.320361927710277161e-01,5.097636079725048619e-03
2.104000000000018377e-09,3.782649072628594400e-01,1.009365206336476917e-01,7.326357597275812150e-01,5.097637868741221670e-03
2.106000000000018577e-09,3.787567454711672776e-01,1.009366234656629002e-01,7.332353266882957188e-01,5.097639658035013795e-03
2.108000000000018777e-09,3.792487151898232267e-01,1.009367261445044128e-01,7.338348936531725597e-01,5.097641447601851394e-03
2.110000000000018977e-09,3.797408162018884314e-01,1.009368286704254020e-01,7.344344606222128480e-01,5.097643237448330755e-03
2.112000000000019177e-09,3.802330482908433673e-01,1.009369310436786377e-01,7.350340275954175828e-01,5.097645027568235496e-03
2.114000000000019376e-09,3.807254112405866198e-01,1.009370332645166540e-01,7.356335945727879855e-01,5.097646817966732490e-03
2.116000000000019576e-09,3.812179048354345512e-01,1.009371353331914717e-01,7.362331615543250551e-01,5.097648608642924885e-03
2.118000000000019776e-09,3.817105288601199686e-01,1.009372372499549031e-01,7.368327285400297910e-01,5.097650399595895013e-03
2.120000000000019976e-09,3.822032830997915132e-01,1.009373390150583166e-01,7.374322955299036364e-01,5.097652190828734151e-03
2.122000000000020176e-09,3.826961673400130493e-01,1.009374406287527198e-01,7.380318625239473684e-01,5.097653982335791437e-03
2.124000000000020376e-09,3.831891813667623325e-01,1.009375420912888427e-01,7.386314295221620974e-01,5.097655774120833823e-03
2.126000000000020576e-09,3.836823249664307878e-01,1.009376434029169572e-01,7.392309965245491554e-01,5.097657566180842023e-03
2.128000000000020776e-09,3.841755979258220655e-01,1.009377445638870580e-01,7.398305635311095418e-01,5.097659358517797092e-03
2.130000000000020976e-09,3.846690000321517089e-01,1.009378455744487646e-01,7.404301305418442558e-01,5.097661151129800373e-03
2.132000000000021175e-09,3.851625310730460439e-01,1.009379464348513222e-01,7.410296975567545186e-01,5.097662944019301298e-03
2.134000000000021375e-09,3.856561908365416236e-01,1.009380471453436429e-01,7.416292645758413293e-01,5.097664737183588493e-03
2.136000000000021575e-09,3.861499791110840074e-01,1.009381477061742360e-01,7.422288315991057983e-01,5.097666530623565749e-03
2.138000000000021775e-09,3.866438956855273723e-01,1.009382481175913199e-01,7.428283986265490357e-01,5.097668324336543377e-03
2.140000000000021975e-09,3.871379403491333471e-01,1.009383483798427378e-01,7.434279656581720408e-01,5.097670118325958732e-03
2.142000000000022175e-09,3.876321128915706238e-01,1.009384484931759446e-01,7.440275326939760347e-01,5.097671912586195647e-03
2.144000000000022375e-09,3.881264131029133480e-01,1.009385484578380482e-01,7.446270997339620168e-01,5.097673707124219036e-03
2.146000000000022575e-09,3.886208407736414516e-01,1.009386482740758512e-01,7.452266667781310971e-01,5.097675501933365827e-03
2.148000000000022775e-09,3.891153956946387660e-01,1.009387479421357259e-01,7.458262338264842750e-01,5.097677297018775137e-03
2.150000000000022974e-09,3.896100776571928548e-01,1.009388474622637255e-01,7.464258008790226606e-01,5.097679092372426474e-03
2.152000000000023174e-09,3.901048864529940152e-01,1.009389468347055702e-01,7.470253679357473642e-01,5.097680888001831188e-03
2.154000000000023374e-09,3.905998218741345007e-01,1.009390460597065498e-01,7.476249349966594959e-01,5.097682683898571536e-03
2.156000000000023574e-09,3.910948837131073552e-01,1.009391451375116905e-01,7.482245020617600550e-01,5.097684480068337409e-03
2.158000000000023774e-09,3.915900717628064132e-01,1.009392440683655884e-01,7.488240691310501518e-01,5.097686276504673902e-03
2.160000000000023974e-09,3.920853858165246897e-01,1.009393428525125203e-01,7.494236362045307853e-01,5.097688073211318477e-03
2.162000000000024174e-09,3.925808256679541031e-01,1.009394414901964021e-01,7.500232032822031769e-01,5.097689870183553552e-03
2.164000000000024374e-09,3.930763911111843090e-01,1.009395399816607752e-01,7.506227703640682147e-01,5.097691667424880668e-03
2.166000000000024574e-09,3.935720819407020898e-01,1.009396383271488479e-01,7.512223374501270090e-01,5.097693464930400965e-03
2.168000000000024773e-09,3.940678979513906888e-01,1.009397365269034536e-01,7.518219045403805589e-01,5.097695262703700117e-03
2.170000000000024973e-09,3.945638389385287548e-01,1.009398345811670789e-01,7.524214716348300858e-01,5.097697060740505499e-03
2.172000000000025173e-09,3.950599046977895101e-01,1.009399324901818495e-01,7.530210387334765887e-01,5.097698859044737588e-03
2.174000000000025373e-09,3.955560950252403618e-01,1.009400302541895444e-01,7.536206058363210669e-01,5.097700657612332792e-03
2.176000000000025573e-09,3.960524097173416802e-01,1.009401278734315677e-01,7.542201729433646307e-01,5.097702456445366709e-03
2.178000000000025773e-09,3.965488485709460220e-01,1.009402253481489764e-01,7.548197400546082791e-01,5.097704255540687346e-03
2.180000000000025973e-09,3.970454113832979082e-01,1.009403226785824947e-01,7.554193071700531226e-01,5.097706054900313921e-03
2.182000000000026173e-09,3.975420979520321585e-01,1.009404198649724305e-01,7.560188742897001601e-01,5.097707854521431846e-03
2.184000000000026373e-09,3.980389080751739472e-01,1.009405169075587999e-01,7.566184414135503911e-01,5.097709654406004827e-03
2.186000000000026572e-09,3.985358415511371932e-01,1.009406138065812170e-01,7.572180085416049256e-01,5.097711454551001435e-03
2.188000000000026772e-09,3.990328981787246709e-01,1.009407105622789763e-01,7.578175756738648738e-01,5.097713254959139982e-03
2.190000000000026972e-09,3.995300777571264561e-01,1.009408071748909841e-01,7.584171428103311241e-01,5.097715055626764538e-03
2.192000000000027172e-09,4.000273800859194817e-01,1.009409036446557995e-01,7.590167099510048976e-01,5.097716856558037572e-03
2.194000000000027372e-09,4.005248049650668718e-01,1.009409999718116346e-01,7.596162770958870825e-01,5.097718657748192064e-03
2.196000000000027572e-09,4.010223521949169423e-01,1.009410961565963549e-01,7.602158442449786779e-01,5.097720459201622069e-03
2.198000000000027772e-09,4.015200215762023128e-01,1.009411921992474093e-01,7.608154113982809053e-01,5.097722260913091323e-03
2.200000000000027972e-09,4.020178129100395736e-01,1.009412881000019968e-01,7.614149785557946526e-01,5.097724062887115312e-03
2.202000000000028172e-09,4.025157259979281754e-01,1.009413838590968449e-01,7.620145457175210302e-01,5.097725865118472519e-03
2.204000000000028371e-09,4.030137606417496521e-01,1.009414794767684309e-01,7.626141128834610372e-01,5.097727667612335888e-03
2.206000000000028571e-09,4.035119166437670102e-01,1.009415749532527606e-01,7.632136800536156729e-01,5.097729470363229765e-03
2.208000000000028771e-09,4.040101938066236742e-01,1.009416702887856038e-01,7.638132472279859364e-01,5.097731273375493560e-03
2.210000000000028971e-09,4.045085919333431534e-01,1.009417654836022998e-01,7.644128144065728270e-01,5.097733076644460869e-03
2.212000000000029171e-09,4.050071108273279319e-01,1.009418605379378414e-01,7.650123815893775658e-01,5.097734880174213494e-03
2.214000000000029371e-09,4.055057502923588020e-01,1.009419554520268880e-01,7.656119487764010412e-01,5.097736683960277584e-03
2.216000000000029571e-09,4.060045101325940875e-01,1.009420502261037245e-01,7.662115159676442522e-01,5.097738488006168557e-03
2.218000000000029771e-09,4.065033901525689775e-01,1.009421448604023025e-01,7.668110831631084201e-01,5.097740292307961600e-03
2.220000000000029971e-09,4.070023901571943603e-01,1.009422393551561714e-01,7.674106503627943221e-01,5.097742096868891973e-03
2.222000000000030170e-09,4.075015099517567130e-01,1.009423337105986029e-01,7.680102175667029574e-01,5.097743901685427778e-03
2.224000000000030370e-09,4.080007493419168241e-01,1.009424279269624525e-01,7.686097847748353251e-01,5.097745706760554475e-03
2.226000000000030570e-09,4.085001081337094053e-01,1.009425220044801869e-01,7.692093519871926466e-01,5.097747512091282268e-03
2.228000000000030770e-09,4.089995861335418148e-01,1.009426159433840370e-01,7.698089192037758099e-01,5.097749317680448297e-03
2.230000000000030970e-09,4.094991831481937794e-01,1.009427097439057758e-01,7.704084864245857034e-01,5.097751123524960418e-03
2.232000000000031170e-09,4.099988989848164511e-01,1.009428034062768431e-01,7.710080536496235482e-01,5.097752929627355663e-03
2.234000000000031370e-09,4.104987334509317964e-01,1.009428969307283597e-01,7.716076208788902324e-01,5.097754735984748320e-03
2.236000000000031570e-09,4.109986863544317082e-01,1.009429903174910714e-01,7.722071881123868664e-01,5.097756542599146332e-03
2.238000000000031770e-09,4.114987575035769507e-01,1.009430835667953358e-01,7.728067553501143383e-01,5.097758349468271138e-03
2.240000000000031969e-09,4.119989467069971600e-01,1.009431766788712048e-01,7.734063225920736473e-01,5.097760156593702206e-03
2.242000000000032169e-09,4.124992537736894005e-01,1.009432696539483837e-01,7.740058898382659036e-01,5.097761963973464552e-03
2.244000000000032369e-09,4.129996785130178316e-01,1.009433624922561473e-01,7.746054570886918844e-01,5.097763771608882638e-03
2.246000000000032569e-09,4.135002207347127090e-01,1.009434551940235208e-01,7.752050243433528109e-01,5.097765579498260771e-03
2.248000000000032769e-09,4.140008802488696071e-01,1.009435477594790992e-01,7.758045916022496824e-01,5.097767387642651062e-03
2.250000000000032969e-09,4.145016568659491973e-01,1.009436401888511442e-01,7.764041588653832759e-01,5.097769196040459298e-03
2.252000000000033169e-09,4.150025503967756935e-01,1.009437324823675708e-01,7.770037261327547018e-01,5.097771004692582333e-03
2.254000000000033369e-09,4.155035606525368519e-01,1.009438246402559330e-01,7.776032934043649592e-01,5.097772813597598561e-03
2.256000000000033569e-09,4.160046874447826948e-01,1.009439166627434381e-01,7.782028606802150472e-01,5.097774622756442997e-03
2.258000000000033768e-09,4.165059305854250660e-01,1.009440085500569739e-01,7.788024279603058542e-01,5.097776432167725261e-03
2.260000000000033968e-09,4.170072898867369093e-01,1.009441003024229982e-01,7.794019952446384902e-01,5.097778241832396848e-03
2.262000000000034168e-09,4.175087651613512141e-01,1.009441919200676913e-01,7.800015625332139546e-01,5.097780051748532215e-03
2.264000000000034368e-09,4.180103562222607927e-01,1.009442834032168168e-01,7.806011298260330245e-01,5.097781861917404650e-03
2.266000000000034568e-09,4.185120628828168932e-01,1.009443747520958473e-01,7.812006971230969210e-01,5.097783672336955903e-03
2.268000000000034768e-09,4.190138849567292545e-01,1.009444659669298527e-01,7.818002644244065324e-01,5.097785483008896411e-03
2.270000000000034968e-09,4.195158222580646634e-01,1.009445570479435700e-01,7.823998317299627470e-01,5.097787293930687406e-03
2.272000000000035168e-09,4.200178746012466213e-01,1.009446479953614306e-01,7.829993990397666748e-01,5.097789105104362853e-03
2.274000000000035368e-09,4.205200418010542895e-01,1.009447388094074222e-01,7.835989663538192040e-01,5.097790916527365768e-03
2.276000000000035567e-09,4.210223236726223783e-01,1.009448294903052545e-01,7.841985336721212230e-01,5.097792728201314648e-03
2.278000000000035767e-09,4.215247200314398146e-01,1.009449200382782769e-01,7.847981009946739528e-01,5.097794540124170326e-03
2.280000000000035967e-09,4.220272306933492423e-01,1.009450104535494358e-01,7.853976683214780596e-01,5.097796352297526146e-03
2.282000000000036167e-09,4.225298554745461344e-01,1.009451007363413866e-01,7.859972356525347648e-01,5.097798164719372430e-03
2.284000000000036367e-09,4.230325941915785704e-01,1.009451908868764097e-01,7.865968029878448453e-01,5.097799977391554924e-03
2.286000000000036567e-09,4.235354466613458491e-01,1.009452809053764250e-01,7.871963703274094115e-01,5.097801790311880070e-03
2.288000000000036767e-09,4.240384127010982662e-01,1.009453707920630466e-01,7.877959376712293516e-01,5.097803603482402648e-03
2.290000000000036967e-09,4.245414921284360599e-01,1.009454605471574729e-01,7.883955050193056646e-01,5.097805416900865784e-03
2.292000000000037167e-09,4.250446847613090773e-01,1.009455501708805963e-01,7.889950723716392389e-01,5.097807230569901052e-03
2.294000000000037366e-09,4.255479904180156092e-01,1.009456396634529629e-01,7.895946397282310736e-01,5.097809044486035536e-03
2.296000000000037566e-09,4.260514089172021124e-01,1.009457290250947437e-01,7.901942070890821679e-01,5.097810858652242552e-03
2.298000000000037766e-09,4.265549400778621547e-01,1.009458182560257766e-01,7.907937744541934100e-01,5.097812673064303253e-03
2.300000000000037966e-09,4.270585837193358603e-01,1.009459073564655390e-01,7.913933418235657991e-01,5.097814487725928212e-03
2.302000000000038166e-09,4.275623396613091320e-01,1.009459963266331889e-01,7.919929091972002233e-01,5.097816302633521347e-03
2.304000000000038366e-09,4.280662077238130414e-01,1.009460851667474818e-01,7.925924765750975709e-01,5.097818117791028288e-03
2.306000000000038566e-09,4.285701877272231064e-01,1.009461738770269096e-01,7.931920439572589521e-01,5.097819933195596280e-03
2.308000000000038766e-09,4.290742794922585701e-01,1.009462624576895201e-01,7.937916113436853660e-01,5.097821748849424954e-03
2.310000000000038966e-09,4.295784828399815125e-01,1.009463509089530558e-01,7.943911787343775899e-01,5.097823564749008433e-03
2.312000000000039165e-09,4.300827975917964063e-01,1.009464392310349401e-01,7.949907461293366229e-01,5.097825380897162174e-03
2.314000000000039365e-09,4.305872235694493955e-01,1.009465274241522076e-01,7.955903135285632422e-01,5.097827197288269142e-03
2.316000000000039565e-09,4.310917605950272402e-01,1.009466154885215738e-01,7.961898809320586690e-01,5.097829013928037445e-03
2.318000000000039765e-09,4.315964084909574283e-01,1.009467034243593797e-01,7.967894483398237915e-01,5.097830830809315684e-03
2.320000000000039965e-09,4.321011670800062321e-01,1.009467912318816329e-01,7.973890157518594979e-01,5.097832647936964556e-03
2.322000000000040165e-09,4.326060361852793190e-01,1.009468789113040221e-01,7.979885831681665653e-01,5.097834465307034095e-03
2.324000000000040365e-09,4.331110156302201974e-01,1.009469664628418334e-01,7.985881505887461040e-01,5.097836282922011027e-03
2.326000000000040565e-09,4.336161052386097725e-01,1.009470538867100753e-01,7.991877180135991132e-01,5.097838100781353250e-03
2.328000000000040765e-09,4.341213048345655134e-01,1.009471411831233123e-01,7.997872854427263700e-01,5.097839918886526607e-03
2.330000000000040964e-09,4.346266142425415091e-01,1.009472283522958869e-01,8.003868528761288736e-01,5.097841737235356621e-03
2.332000000000041164e-09,4.351320332873265251e-01,1.009473153944416973e-01,8.009864203138074013e-01,5.097843555829744550e-03
2.334000000000041364e-09,4.356375617940442257e-01,1.009474023097743367e-01,8.015859877557631741e-01,5.097845374669527328e-03
2.336000000000041564e-09,4.361431995881523416e-01,1.009474890985070650e-01,8.021855552019968583e-01,5.097847193754227041e-03
2.338000000000041764e-09,4.366489464954416144e-01,1.009475757608527813e-01,8.027851226525095640e-01,5.097849013083367506e-03
2.340000000000041964e-09,4.371548023420356310e-01,1.009476622970240239e-01,8.033846901073020685e-01,5.097850832656990357e-03
2.342000000000042164e-09,4.376607669543897128e-01,1.009477487072330260e-01,8.039842575663752600e-01,5.097852652474684464e-03
2.344000000000042364e-09,4.381668401592904161e-01,1.009478349916916456e-01,8.045838250297303595e-01,5.097854472534473110e-03
2.346000000000042564e-09,4.386730217838550328e-01,1.009479211506114221e-01,8.051833924973680334e-01,5.097856292837345954e-03
2.348000000000042763e-09,4.391793116555303689e-01,1.009480071842035059e-01,8.057829599692890588e-01,5.097858113380621115e-03
2.350000000000042963e-09,4.396857096020925226e-01,1.009480930926787839e-01,8.063825274454945458e-01,5.097859934164483339e-03
2.352000000000043163e-09,4.401922154516463848e-01,1.009481788762477128e-01,8.069820949259854936e-01,5.097861755188136390e-03
2.354000000000043363e-09,4.406988290326244173e-01,1.009482645351204855e-01,8.075816624107626795e-01,5.097863576452237727e-03
2.356000000000043563e-09,4.412055501737861540e-01,1.009483500695068786e-01,8.081812298998271027e-01,5.097865397951762724e-03
2.358000000000043763e-09,4.417123787042177008e-01,1.009484354796163774e-01,8.087807973931795402e-01,5.097867219692308466e-03
2.360000000000043963e-09,4.422193144533310694e-01,1.009485207656581340e-01,8.093803648908211024e-01,5.097869041667733164e-03
2.362000000000044163e-09,4.427263572508632894e-01,1.009486059278409120e-01,8.099799323927524553e-01,5.097870863884822190e-03
2.364000000000044363e-09,4.432335069268759087e-01,1.009486909663731558e-01,8.105794998989747091e-01,5.097872686335323464e-03
2.366000000000044562e-09,4.437407633117542161e-01,1.009487758814629904e-01,8.111790674094886411e-01,5.097874509028869905e-03
2.368000000000044762e-09,4.442481262362066863e-01,1.009488606733181665e-01,8.117786349242951394e-01,5.097876331951298363e-03
2.370000000000044962e-09,4.447555955312641474e-01,1.009489453421461430e-01,8.123782024433952031e-01,5.097878155117529196e-03
2.372000000000045162e-09,4.452631710282794475e-01,1.009490298881539766e-01,8.129777699667896096e-01,5.097879978509776283e-03
2.374000000000045362e-09,4.457708525589262893e-01,1.009491143115484324e-01,8.135773374944794689e-01,5.097881802141212247e-03
2.376000000000045562e-09,4.462786399551990635e-01,1.009491986125359148e-01,8.141769050264654473e-01,5.097883625998790233e-03
2.378000000000045762e-09,4.467865330494119047e-01,1.009492827913224811e-01,8.147764725627485438e-01,5.097885450093353997e-03
2.380000000000045962e-09,4.472945316741980815e-01,1.009493668481138973e-01,8.153760401033296468e-01,5.097887274413114359e-03
2.382000000000046162e-09,4.478026356625093851e-01,1.009494507831155269e-01,8.159756076482096443e-01,5.097889098967473519e-03
2.384000000000046361e-09,4.483108448476154084e-01,1.009495345965324281e-01,8.165751751973894246e-01,5.097890923745282410e-03
2.386000000000046561e-09,4.488191590631029904e-01,1.009496182885693261e-01,8.171747427508698758e-01,5.097892748754238000e-03
2.388000000000046761e-09,4.493275781428753834e-01,1.009497018594306128e-01,8.177743103086518861e-01,5.097894573985068192e-03
2.390000000000046961e-09,4.498361019211519207e-01,1.009497853093203057e-01,8.183738778707364547e-01,5.097896399444401365e-03
2.392000000000047161e-09,4.503447302324669055e-01,1.009498686384421445e-01,8.189734454371242478e-01,5.097898225122770265e-03
2.394000000000047361e-09,4.508534629116693337e-01,1.009499518469994805e-01,8.195730130078161535e-01,5.097900051030952728e-03
2.396000000000047561e-09,4.513622997939222836e-01,1.009500349351953458e-01,8.201725805828132820e-01,5.097901877160559633e-03
2.398000000000047761e-09,4.518712407147018051e-01,1.009501179032324392e-01,8.207721481621164106e-01,5.097903703526740320e-03
2.400000000000047961e-09,4.523802855097967535e-01,1.009502007513131405e-01,8.213717157457264273e-01,5.097905530118377812e-03
2.402000000000048160e-09,4.528894340153079012e-01,1.009502834796394549e-01,8.219712833336441093e-01,5.097907356948989943e-03
2.404000000000048360e-09,4.533986860676475494e-01,1.009503660884131238e-01,8.225708509258704559e-01,5.097909184006295738e-03
2.406000000000048560e-09,4.539080415035382510e-01,1.009504485778354443e-01,8.231704185224062442e-01,5.097911011303460881e-03
2.408000000000048760e-09,4.544175001600131991e-01,1.009505309481074642e-01,8.237699861232523624e-01,5.097912838827730816e-03
2.410000000000048960e-09,4.549270618744145622e-01,1.009506131994298977e-01,8.243695537284098096e-01,5.097914666594827345e-03
2.412000000000049160e-09,4.554367264843934837e-01,1.009506953320030848e-01,8.249691213378793631e-01,5.097916494589979294e-03
2.414000000000049360e-09,4.559464938279090829e-01,1.009507773460270458e-01,8.255686889516619109e-01,5.097918322827700230e-03
2.416000000000049560e-09,4.564563637432281773e-01,1.009508592417014683e-01,8.261682565697582303e-01,5.097920151290793837e-03
2.418000000000049760e-09,4.569663360689241727e-01,1.009509410192257345e-01,8.267678241921692095e-01,5.097921980000375171e-03
2.420000000000049959e-09,4.574764106438771738e-01,1.009510226787988380e-01,8.273673918188959586e-01,5.097923808935808827e-03
2.422000000000050159e-09,4.579865873072723748e-01,1.009511042206194947e-01,8.279669594499391438e-01,5.097925638113405544e-03
2.424000000000050359e-09,4.584968658986001699e-01,1.009511856448860878e-01,8.285665270852995423e-01,5.097927467516610855e-03
2.426000000000050559e-09,4.590072462576553214e-01,1.009512669517965977e-01,8.291660947249781533e-01,5.097929297160307821e-03
2.428000000000050759e-09,4.595177282245361816e-01,1.009513481415487690e-01,8.297656623689757538e-01,5.097931127030327220e-03
2.430000000000050959e-09,4.600283116396443606e-01,1.009514292143399578e-01,8.303652300172932321e-01,5.097932957144967782e-03
2.432000000000051159e-09,4.605389963436836154e-01,1.009515101703671869e-01,8.309647976699314764e-01,5.097934787483886405e-03
2.434000000000051359e-09,4.610497821776597394e-01,1.009515910098271879e-01,8.315643653268912638e-01,5.097936618064128483e-03
2.436000000000051559e-09,4.615606689828798403e-01,1.009516717329163593e-01,8.321639329881735936e-01,5.097938448873474623e-03
2.438000000000051758e-09,4.620716566009513415e-01,1.009517523398307109e-01,8.327635006537792428e-01,5.097940279915805402e-03
2.440000000000051958e-09,4.625827448737817593e-01,1.009518328307659890e-01,8.333630683237089887e-01,5.097942111187313101e-03
2.442000000000052158e-09,4.630939336435778153e-01,1.009519132059175928e-01,8.339626359979638304e-01,5.097943942692692749e-03
2.444000000000052358e-09,4.636052227528451586e-01,1.009519934654805606e-01,8.345622036765444340e-01,5.097945774427809634e-03
2.446000000000052558e-09,4.641166120443874776e-01,1.009520736096496674e-01,8.351617713594517989e-01,5.097947606396779387e-03
2.448000000000052758e-09,4.646281013613057786e-01,1.009521536386193130e-01,8.357613390466867020e-01,5.097949438598045960e-03
2.450000000000052958e-09,4.651396905469979970e-01,1.009522335525835646e-01,8.363609067382500317e-01,5.097951271025273276e-03
2.452000000000053158e-09,4.656513794451584420e-01,1.009523133517361837e-01,8.369604744341426761e-01,5.097953103680144017e-03
2.454000000000053358e-09,4.661631678997770201e-01,1.009523930362705990e-01,8.375600421343654123e-01,5.097954936561252190e-03
2.456000000000053557e-09,4.666750557551385681e-01,1.009524726063799338e-01,8.381596098389191285e-01,5.097956769675134232e-03
2.458000000000053757e-09,4.671870428558222987e-01,1.009525520622569505e-01,8.387591775478044909e-01,5.097958603016650159e-03
2.460000000000053957e-09,4.676991290467014672e-01,1.009526314040941064e-01,8.393587452610224986e-01,5.097960436596723523e-03
2.462000000000054157e-09,4.682113141729422057e-01,1.009527106320835393e-01,8.399583129785739288e-01,5.097962270396025168e-03
2.464000000000054357e-09,4.687235980800034674e-01,1.009527897464170404e-01,8.405578807004597808e-01,5.097964104432204172e-03
2.466000000000054557e-09,4.692359806136361389e-01,1.009528687472860814e-01,8.411574484266806095e-01,5.097965938678825949e-03
2.468000000000054757e-09,4.697484616198824292e-01,1.009529476348818428e-01,8.417570161572374143e-01,5.097967773161782984e-03
2.470000000000054957e-09,4.702610409450753703e-01,1.009530264093951302e-01,8.423565838921310833e-01,5.097969607845926308e-03
2.472000000000055157e-09,4.707737184358382065e-01,1.009531050710164579e-01,8.429561516313623937e-01,5.097971442759230941e-03
2.474000000000055356e-09,4.712864939390834507e-01,1.009531836199360211e-01,8.435557193749321225e-01,5.097973277877330088e-03
2.476000000000055556e-09,4.717993673020130507e-01,1.009532620563436678e-01,8.441552871228411581e-01,5.097975113217020210e-03
2.478000000000055756e-09,4.723123383721170021e-01,1.009533403804289686e-01,8.447548548750903885e-01,5.097976948758938323e-03
2.480000000000055956e-09,4.728254069971731810e-01,1.009534185923811056e-01,8.453544226316803689e-01,5.097978784519104599e-03
2.482000000000056156e-09,4.733385730252466783e-01,1.009534966923889970e-01,8.459539903926120985e-01,5.097980620483446093e-03
2.484000000000056356e-09,4.738518363046889670e-01,1.009535746806412282e-01,8.465535581578864655e-01,5.097982456664606338e-03
2.486000000000056556e-09,4.743651966841376799e-01,1.009536525573260374e-01,8.471531259275043579e-01,5.097984293052529141e-03
2.488000000000056756e-09,4.748786540125159994e-01,1.009537303226313576e-01,8.477526937014664421e-01,5.097986129672224878e-03
2.490000000000056956e-09,4.753922081390314913e-01,1.009538079767448165e-01,8.483522614797733841e-01,5.097987966500861119e-03
2.492000000000057155e-09,4.759058589131763273e-01,1.009538855198537088e-01,8.489518292624264051e-01,5.097989803563545384e-03
2.494000000000057355e-09,4.764196061847259522e-01,1.009539629521449960e-01,8.495513970494260603e-01,5.097991640837071410e-03
2.496000000000057555e-09,4.769334498037393621e-01,1.009540402738053622e-01,8.501509648407731268e-01,5.097993478350120247e-03
2.498000000000057755e-09,4.774473896205572720e-01,1.009541174850211304e-01,8.507505326364686038e-01,5.097995316072786130e-03
2.500000000000057955e-09,4.779614254858028932e-01,1.009541945859783185e-01,8.513501004365131575e-01,5.097997154038413914e-03
2.502000000000058155e-09,4.784755572503805454e-01,1.009542715768626392e-01,8.519496682409076760e-01,5.097998992215632859e-03
2.504000000000058355e-09,4.789897847654749352e-01,1.009543484578594719e-01,8.525492360496528255e-01,5.098000830639941479e-03
2.506000000000058555e-09,4.795041078825513781e-01,1.009544252291539046e-01,8.531488038627497161e-01,5.098002669278759065e-03
2.508000000000058755e-09,4.800185264533542440e-01,1.009545018909306646e-01,8.537483716801989031e-01,5.098004508160841261e-03
2.510000000000058954e-09,4.805330403299071795e-01,1.009545784433741877e-01,8.543479395020012745e-01,5.098006347260520231e-03
2.512000000000059154e-09,4.810476493645121088e-01,1.009546548866686183e-01,8.549475073281576076e-01,5.098008186596105114e-03
2.514000000000059354e-09,4.815623534097486780e-01,1.009547312209977538e-01,8.555470751586686795e-01,5.098010026151829875e-03
2.516000000000059554e-09,4.820771523184738672e-01,1.009548074465450723e-01,8.561466429935353784e-01,5.098011865938543476e-03
2.518000000000059754e-09,4.825920459438211574e-01,1.009548835634937747e-01,8.567462108327584813e-01,5.098013705948734563e-03
2.520000000000059954e-09,4.831070341392004197e-01,1.009549595720266729e-01,8.573457786763386546e-01,5.098015546182399667e-03
2.522000000000060154e-09,4.836221167582965830e-01,1.009550354723263710e-01,8.579453465242770083e-01,5.098017386635875919e-03
2.524000000000060354e-09,4.841372936550696893e-01,1.009551112645750703e-01,8.585449143765740976e-01,5.098019227309630828e-03
2.526000000000060554e-09,4.846525646837542278e-01,1.009551869489547088e-01,8.591444822332306996e-01,5.098021068204355681e-03
2.528000000000060753e-09,4.851679296988584689e-01,1.009552625256468772e-01,8.597440500942477026e-01,5.098022909314978146e-03
2.530000000000060953e-09,4.856833885551636865e-01,1.009553379948328750e-01,8.603436179596258837e-01,5.098024750648812685e-03
2.532000000000061153e-09,4.861989411077240475e-01,1.009554133566936962e-01,8.609431858293660200e-01,5.098026592191616350e-03
2.534000000000061353e-09,4.867145872118657790e-01,1.009554886114100158e-01,8.615427537034689998e-01,5.098028433961078118e-03
2.536000000000061553e-09,4.872303267231862800e-01,1.009555637591621619e-01,8.621423215819354890e-01,5.098030275930043494e-03
2.538000000000061753e-09,4.877461594975545101e-01,1.009556388001302263e-01,8.627418894647662650e-01,5.098032118126428515e-03
2.540000000000061953e-09,4.882620853911092684e-01,1.009557137344939265e-01,8.633414573519623270e-01,5.098033960516241275e-03
2.542000000000062153e-09,4.887781042602596382e-01,1.009557885624326884e-01,8.639410252435241189e-01,5.098035803129443051e-03
2.544000000000062353e-09,4.892942159616833764e-01,1.009558632841256465e-01,8.645405931394526400e-01,5.098037645933772323e-03
2.546000000000062552e-09,4.898104203523276912e-01,1.009559378997516021e-01,8.651401610397486674e-01,5.098039488954790241e-03
2.548000000000062752e-09,4.903267172894074655e-01,1.009560124094890515e-01,8.657397289444130895e-01,5.098041332165322362e-03
2.550000000000062952e-09,4.908431066304052570e-01,1.009560868135161993e-01,8.663392968534464611e-01,5.098043175595687315e-03
2.552000000000063152e-09,4.913595882330707432e-01,1.009561611120109448e-01,8.669388647668496706e-01,5.098045019216364444e-03
2.554000000000063352e-09,4.918761619554200548e-01,1.009562353051508266e-01,8.675384326846236061e-01,5.098046863059246640e-03
2.556000000000063552e-09,4.923928276557352213e-01,1.009563093931131333e-01,8.681380006067688226e-01,5.098048707105566797e-03
2.558000000000063752e-09,4.929095851925637817e-01,1.009563833760748347e-01,8.687375685332862085e-01,5.098050551379141801e-03
2.560000000000063952e-09,4.934264344247179523e-01,1.009564572542125949e-01,8.693371364641766519e-01,5.098052395850581966e-03
2.562000000000064151e-09,4.939433752112743492e-01,1.009565310277027450e-01,8.699367043994407078e-01,5.098054240558680048e-03
2.564000000000064351e-09,4.944604074115733217e-01,1.009566046967213249e-01,8.705362723390792645e-01,5.098056085464308489e-03
2.566000000000064551e-09,4.949775308852182309e-01,1.009566782614441105e-01,8.711358402830932102e-01,5.098057930616831449e-03
2.568000000000064751e-09,4.954947454920753946e-01,1.009567517220464894e-01,8.717354082314830999e-01,5.098059775975187155e-03
2.570000000000064951e-09,4.960120510922728099e-01,1.009568250787036409e-01,8.723349761842498218e-01,5.098061621574284316e-03
2.572000000000065151e-09,4.965294475462005974e-01,1.009568983315903556e-01,8.729345441413941531e-01,5.098063467386338733e-03
2.574000000000065351e-09,4.970469347145092254e-01,1.009569714808811608e-01,8.735341121029167599e-01,5.098065313434824684e-03
2.576000000000065551e-09,4.975645124581101197e-01,1.009570445267502781e-01,8.741336800688185305e-01,5.098067159695151597e-03
2.578000000000065751e-09,4.980821806381744432e-01,1.009571174693716378e-01,8.747332480391003529e-01,5.098069006184687522e-03
2.580000000000065950e-09,4.985999391161327621e-01,1.009571903089188372e-01,8.753328160137625602e-01,5.098070852892018848e-03
2.582000000000066150e-09,4.991177877536745466e-01,1.009572630455651959e-01,8.759323839928062627e-01,5.098072699815385696e-03
2.584000000000066350e-09,4.996357264127474496e-01,1.009573356794837284e-01,8.765319519762321265e-01,5.098074546955122001e-03
2.586000000000066550e-09,5.001537549555570283e-01,1.009574082108471299e-01,8.771315199640409288e-01,5.098076394309298751e-03
2.588000000000066750e-09,5.006718732445659681e-01,1.009574806398278041e-01,8.777310879562335577e-01,5.098078241873557452e-03
2.590000000000066950e-09,5.011900811424938595e-01,1.009575529665978910e-01,8.783306559528105684e-01,5.098080089633461737e-03
2.592000000000067150e-09,5.017083785123161999e-01,1.009576251913291561e-01,8.789302239537727379e-01,5.098081937604762894e-03
2.594000000000067350e-09,5.022267652172642816e-01,1.009576973141931289e-01,8.795297919591209546e-01,5.098083785767839465e-03
2.596000000000067550e-09,5.027452411208245264e-01,1.009577693353610334e-01,8.801293599688557734e-01,5.098085634149937886e-03
2.598000000000067749e-09,5.032638060867377083e-01,1.009578412550037468e-01,8.807289279829780826e-01,5.098087482722761347e-03
2.600000000000067949e-09,5.037824599789990643e-01,1.009579130732919106e-01,8.813284960014887703e-01,5.098089331514532065e-03
2.602000000000068149e-09,5.043012026618570731e-01,1.009579847903958050e-01,8.819280640243883918e-01,5.098091180489015134e-03
2.604000000000068349e-09,5.048200339998130115e-01,1.009580564064854608e-01,8.825276320516777240e-01,5.098093029683413435e-03
2.606000000000068549e-09,5.053389538576212869e-01,1.009581279217306032e-01,8.831272000833575442e-01,5.098094879053589532e-03
2.608000000000068749e-09,5.058579621002875504e-01,1.009581993363006386e-01,8.837267681194285185e-01,5.098096728642520330e-03
2.610000000000068949e-09,5.063770585930692514e-01,1.009582706503647093e-01,8.843263361598915351e-01,5.098098578419298262e-03
2.612000000000069149e-09,5.068962432014747499e-01,1.009583418640916108e-01,8.849259042047473711e-01,5.098100428415904689e-03
2.614000000000069349e-09,5.074155157912624281e-01,1.009584129776499167e-01,8.855254722539965817e-01,5.098102278601680110e-03
2.616000000000069548e-09,5.079348762284410235e-01,1.009584839912078535e-01,8.861250403076399440e-01,5.098104129021722997e-03
2.618000000000069748e-09,5.084543243792684075e-01,1.009585549049333425e-01,8.867246083656783462e-01,5.098105979635945625e-03
2.620000000000069948e-09,5.089738601102510307e-01,1.009586257189940689e-01,8.873241764281124544e-01,5.098107830489363203e-03
2.622000000000070148e-09,5.094934832881442555e-01,1.009586964335573434e-01,8.879237444949429348e-01,5.098109681540184505e-03
2.624000000000070348e-09,5.100131937799505799e-01,1.009587670487902683e-01,8.885233125661705644e-01,5.098111532827127694e-03
2.626000000000070548e-09,5.105329914529200819e-01,1.009588375648595993e-01,8.891228806417962316e-01,5.098113384320766654e-03
2.628000000000070748e-09,5.110528761745497528e-01,1.009589079819317864e-01,8.897224487218204914e-01,5.098115236049866571e-03
2.630000000000070948e-09,5.115728478125824985e-01,1.009589783001730440e-01,8.903220168062442319e-01,5.098117087989738859e-03
2.632000000000071148e-09,5.120929062350072503e-01,1.009590485197492532e-01,8.909215848950680083e-01,5.098118940154992493e-03
2.634000000000071347e-09,5.126130513100580766e-01,1.009591186408260038e-01,8.915211529882927088e-01,5.098120792531669887e-03
2.636000000000071547e-09,5.131332829062135170e-01,1.009591886635686220e-01,8.921207210859189995e-01,5.098122645121020043e-03
2.638000000000071747e-09,5.136536008921969154e-01,1.009592585881421145e-01,8.927202891879474356e-01,5.098124497916383356e-03
2.640000000000071947e-09,5.141740051369747544e-01,1.009593284147112108e-01,8.933198572943791271e-01,5.098126350903566320e-03
2.642000000000072147e-09,5.146944955097569885e-01,1.009593981434403348e-01,8.939194254052145183e-01,5.098128204091343166e-03
2.644000000000072347e-09,5.152150718799962670e-01,1.009594677744936470e-01,8.945189935204543863e-01,5.098130057469782601e-03
2.646000000000072547e-09,5.157357341173871568e-01,1.009595373080350161e-01,8.951185616400996192e-01,5.098131911055841549e-03
2.648000000000072747e-09,5.162564820918664754e-01,1.009596067442280060e-01,8.957181297641507722e-01,5.098133764825035254e-03
2.650000000000072947e-09,5.167773156736117368e-01,1.009596760832359025e-01,8.963176978926085114e-01,5.098135618809694625e-03
2.652000000000073146e-09,5.172982347330412622e-01,1.009597453252216864e-01,8.969172660254737250e-01,5.098137472970927161e-03
2.654000000000073346e-09,5.178192391408136253e-01,1.009598144703480749e-01,8.975168341627470792e-01,5.098139327347211633e-03
2.656000000000073546e-09,5.183403287678268745e-01,1.009598835187774934e-01,8.981164023044293510e-01,5.098141181898948639e-03
2.658000000000073746e-09,5.188615034852188668e-01,1.009599524706720486e-01,8.987159704505210955e-01,5.098143036669890507e-03
2.660000000000073946e-09,5.193827631643652687e-01,1.009600213261936247e-01,8.993155386010232011e-01,5.098144891613886655e-03
2.662000000000074146e-09,5.199041076768807779e-01,1.009600900855037453e-01,8.999151067559363337e-01,5.098146746782997868e-03
2.664000000000074346e-09,5.204255368946172355e-01,1.009601587487637397e-01,9.005146749152611596e-01,5.098148602135785072e-03
2.666000000000074546e-09,5.209470506896639597e-01,1.009602273161345487e-01,9.011142430789984559e-01,5.098150457721175276e-03
2.668000000000074746e-09,5.214686489343468567e-01,1.009602957877769047e-01,9.017138112471488887e-01,5.098152313500502360e-03
2.670000000000074945e-09,5.219903315012281997e-01,1.009603641638512350e-01,9.023133794197131241e-01,5.098154169510563279e-03
2.672000000000075145e-09,5.225120982631058508e-01,1.009604324445176615e-01,9.029129475966921614e-01,5.098156025712983347e-03
2.674000000000075345e-09,5.230339490930129287e-01,1.009605006299360425e-01,9.035125157780864447e-01,5.098157882146831139e-03
2.676000000000075545e-09,5.235558838642175861e-01,1.009605687202659585e-01,9.041120839638966400e-01,5.098159738793132251e-03
2.678000000000075745e-09,5.240779024502217887e-01,1.009606367156666989e-01,9.047116521541236356e-01,5.098161595669233048e-03
2.680000000000075945e-09,5.246000047247617593e-01,1.009607046162972754e-01,9.053112203487679865e-01,5.098163452745916452e-03
2.682000000000076145e-09,5.251221905618069785e-01,1.009607724223164360e-01,9.059107885478304700e-01,5.098165310038655328e-03
2.684000000000076345e-09,5.256444598355592968e-01,1.009608401338825817e-01,9.065103567513118632e-01,5.098167167531038324e-03
2.686000000000076545e-09,5.261668124204530450e-01,1.009609077511539055e-01,9.071099249592128322e-01,5.098169025207073025e-03
2.688000000000076744e-09,5.266892481911550350e-01,1.009609752742882810e-01,9.077094931715339321e-01,5.098170883081498510e-03
2.690000000000076944e-09,5.272117670225626718e-01,1.009610427034433461e-01,9.083090613882760511e-01,5.098172741150245983e-03
2.692000000000077144e-09,5.277343687898045088e-01,1.009611100387763777e-01,9.089086296094399664e-01,5.098174599420083469e-03
2.694000000000077344e-09,5.282570533682396929e-01,1.009611772804444724e-01,9.095081978350261220e-01,5.098176457864322247e-03
2.696000000000077544e-09,5.287798206334571871e-01,1.009612444286043381e-01,9.101077660650354062e-01,5.098178316516915193e-03
2.698000000000077744e-09,5.293026704612755484e-01,1.009613114834125303e-01,9.107073342994684850e-01,5.098180175343107988e-03
2.700000000000077944e-09,5.298256027277417068e-01,1.009613784450252294e-01,9.113069025383259136e-01,5.098182034381843440e-03
2.702000000000078144e-09,5.303486173091320754e-01,1.009614453135983664e-01,9.119064707816085802e-01,5.098183893590991188e-03
2.704000000000078344e-09,5.308717140819503300e-01,1.009615120892876083e-01,9.125060390293169288e-01,5.098185753020869487e-03
2.706000000000078543e-09,5.313948929229281859e-01,1.009615787722483310e-01,9.131056072814519586e-01,5.098187612614676553e-03
2.708000000000078743e-09,5.319181537090239553e-01,1.009616453626356741e-01,9.137051755380142248e-01,5.098189472436233730e-03
2.710000000000078943e-09,5.324414963174232129e-01,1.009617118606043890e-01,9.143047437990045045e-01,5.098191332443797498e-03
2.712000000000079143e-09,5.329649206255371308e-01,1.009617782663091157e-01,9.149043120644232419e-01,5.098193192678745350e-03
2.714000000000079343e-09,5.334884265110027002e-01,1.009618445799040642e-01,9.155038803342714360e-01,5.098195053102679182e-03
2.716000000000079543e-09,5.340120138516825099e-01,1.009619108015432920e-01,9.161034486085496420e-01,5.098196913752063748e-03
2.718000000000079743e-09,5.345356825256630806e-01,1.009619769313805093e-01,9.167030168872585261e-01,5.098198774599941446e-03
2.720000000000079943e-09,5.350594324112563083e-01,1.009620429695691768e-01,9.173025851703987543e-01,5.098200635674920468e-03
2.722000000000080143e-09,5.355832633869970216e-01,1.009621089162624635e-01,9.179021534579711039e-01,5.098202496952236769e-03
2.724000000000080342e-09,5.361071753316435373e-01,1.009621747716133028e-01,9.185017217499761299e-01,5.098204358449222838e-03
2.726000000000080542e-09,5.366311681241775489e-01,1.009622405357743086e-01,9.191012900464146096e-01,5.098206220138104885e-03
2.728000000000080742e-09,5.371552416438026833e-01,1.009623062088979006e-01,9.197008583472870979e-01,5.098208082012132235e-03
2.730000000000080942e-09,5.376793957699447235e-01,1.009623717911361102e-01,9.203004266525944832e-01,5.098209944079347931e-03
2.732000000000081142e-09,5.382036303822509415e-01,1.009624372826407879e-01,9.208999949623375425e-01,5.098211806340163972e-03
2.734000000000081342e-09,5.387279453605897661e-01,1.009625026835634931e-01,9.214995632765167199e-01,5.098213668802471614e-03
2.736000000000081542e-09,5.392523405850498941e-01,1.009625679940555215e-01,9.220991315951325706e-01,5.098215531437941088e-03
2.738000000000081742e-09,5.397768159359405127e-01,1.009626332142678357e-01,9.226986999181860938e-01,5.098217394270966075e-03
2.740000000000081942e-09,5.403013712937903001e-01,1.009626983443512455e-01,9.232982682456778445e-01,5.098219257275185719e-03
2.742000000000082141e-09,5.408260065393474258e-01,1.009627633844561861e-01,9.238978365776083779e-01,5.098221120487124620e-03
2.744000000000082341e-09,5.413507215535783290e-01,1.009628283347328709e-01,9.244974049139784711e-01,5.098222983862132733e-03
2.746000000000082541e-09,5.418755162176680518e-01,1.009628931953312492e-01,9.250969732547887903e-01,5.098224847459424842e-03
2.748000000000082741e-09,5.424003904130196840e-01,1.009629579664009791e-01,9.256965416000400015e-01,5.098226711219879838e-03
2.750000000000082941e-09,5.429253440212532533e-01,1.009630226480914689e-01,9.262961099497328821e-01,5.098228575209587214e-03
2.752000000000083141e-09,5.434503769242065019e-01,1.009630872405518492e-01,9.268956783038679870e-01,5.098230439377708298e-03
2.754000000000083341e-09,5.439754890039327773e-01,1.009631517439310011e-01,9.274952466624458713e-01,5.098232303767461122e-03
2.756000000000083541e-09,5.445006801427022536e-01,1.009632161583775278e-01,9.280948150254675344e-01,5.098234168351430118e-03
2.758000000000083741e-09,5.450259502230000441e-01,1.009632804840397552e-01,9.286943833929334202e-01,5.098236033154670763e-03
2.760000000000083940e-09,5.455512991275270895e-01,1.009633447210657592e-01,9.292939517648441949e-01,5.098237898151528232e-03
2.762000000000084140e-09,5.460767267391986035e-01,1.009634088696033521e-01,9.298935201412005247e-01,5.098239763371658489e-03
2.764000000000084340e-09,5.466022329411444058e-01,1.009634729298000827e-01,9.304930885220031866e-01,5.098241628784540812e-03
2.766000000000084540e-09,5.471278176167077012e-01,1.009635369018032219e-01,9.310926569072527359e-01,5.098243494393733116e-03
2.768000000000084740e-09,5.476534806494455232e-01,1.009636007857597911e-01,9.316922252969498386e-01,5.098245360188332666e-03
2.770000000000084940e-09,5.481792219231279573e-01,1.009636645818165340e-01,9.322917936910951608e-01,5.098247226174023282e-03
2.772000000000085140e-09,5.487050413217369194e-01,1.009637282901199584e-01,9.328913620896894798e-01,5.098249092358556576e-03
2.774000000000085340e-09,5.492309387294671552e-01,1.009637919108162807e-01,9.334909304927333507e-01,5.098250958723528001e-03
2.776000000000085540e-09,5.497569140307245750e-01,1.009638554440514813e-01,9.340904989002273284e-01,5.098252825279069207e-03
2.778000000000085739e-09,5.502829671101264752e-01,1.009639188899712214e-01,9.346900673121723013e-01,5.098254692004533517e-03
2.780000000000085939e-09,5.508090978525010950e-01,1.009639822487209820e-01,9.352896357285688245e-01,5.098256558929400821e-03
2.782000000000086139e-09,5.513353061428862834e-01,1.009640455204459525e-01,9.358892041494175640e-01,5.098258426016507271e-03
2.784000000000086339e-09,5.518615918665306097e-01,1.009641087052910169e-01,9.364887725747190750e-01,5.098260293320409919e-03
2.786000000000086539e-09,5.523879549088916985e-01,1.009641718034008789e-01,9.370883410044742456e-01,5.098262160782517614e-03
2.788000000000086739e-09,5.529143951556363401e-01,1.009642348149199093e-01,9.376879094386835201e-01,5.098264028471692806e-03
2.790000000000086939e-09,5.534409124926396029e-01,1.009642977399922564e-01,9.382874778773475644e-01,5.098265896328184679e-03
2.792000000000087139e-09,5.539675068059853880e-01,1.009643605787618331e-01,9.388870463204670447e-01,5.098267764405749712e-03
2.794000000000087339e-09,5.544941779819644312e-01,1.009644233313722467e-01,9.394866147680427382e-01,5.098269632677805870e-03
2.796000000000087538e-09,5.550209259070753021e-01,1.009644859979668408e-01,9.400861832200750889e-01,5.098271501166552408e-03
2.798000000000087738e-09,5.555477504680234047e-01,1.009645485786887786e-01,9.406857516765649851e-01,5.098273369843842572e-03
2.800000000000087938e-09,5.560746515517207555e-01,1.009646110736808905e-01,9.412853201375128709e-01,5.098275238733195741e-03
2.802000000000088138e-09,5.566016290452848736e-01,1.009646734830857706e-01,9.418848886029195233e-01,5.098277107808382030e-03
2.804000000000088338e-09,5.571286828360393351e-01,1.009647358070457634e-01,9.424844570727854975e-01,5.098278977076273547e-03
2.806000000000088538e-09,5.576558128115126634e-01,1.009647980457029498e-01,9.430840255471114597e-01,5.098280846526878282e-03
2.808000000000088738e-09,5.581830188594381070e-01,1.009648601991991884e-01,9.436835940258980759e-01,5.098282716171931642e-03
2.810000000000088938e-09,5.587103008677534177e-01,1.009649222676760327e-01,9.442831625091461234e-01,5.098284586015802526e-03
2.812000000000089138e-09,5.592376587246000730e-01,1.009649842512748003e-01,9.448827309968560462e-01,5.098286456035875346e-03
2.814000000000089337e-09,5.597650923183231653e-01,1.009650461501365726e-01,9.454822994890285104e-01,5.098288326240900045e-03
2.816000000000089537e-09,5.602926015374704027e-01,1.009651079644021399e-01,9.460818679856641822e-01,5.098290196613938785e-03
2.818000000000089737e-09,5.608201862707928864e-01,1.009651696942120980e-01,9.466814364867637277e-01,5.098292067186040513e-03
2.820000000000089937e-09,5.613478464072434448e-01,1.009652313397067375e-01,9.472810049923277020e-01,5.098293937913088610e-03
2.822000000000090137e-09,5.618755818359767451e-01,1.009652929010261130e-01,9.478805735023568824e-01,5.098295808860283523e-03
2.824000000000090337e-09,5.624033924463487377e-01,1.009653543783100432e-01,9.484801420168518238e-01,5.098297679965136178e-03
2.826000000000090537e-09,5.629312781279167677e-01,1.009654157716980555e-01,9.490797105358131924e-01,5.098299551289638652e-03
2.828000000000090737e-09,5.634592387704383531e-01,1.009654770813294689e-01,9.496792790592414324e-01,5.098301422786599528e-03
2.830000000000090937e-09,5.639872742638710745e-01,1.009655383073433249e-01,9.502788475871374319e-01,5.098303294501127687e-03
2.832000000000091136e-09,5.645153844983726854e-01,1.009655994498784293e-01,9.508784161195018569e-01,5.098305166407962087e-03
2.834000000000091336e-09,5.650435693642998913e-01,1.009656605090733517e-01,9.514779846563351517e-01,5.098307038526983526e-03
2.836000000000091536e-09,5.655718287522082388e-01,1.009657214850663426e-01,9.520775531976379824e-01,5.098308910827839546e-03
2.838000000000091736e-09,5.661001625528521153e-01,1.009657823779954999e-01,9.526771217434110151e-01,5.098310783322424281e-03
2.840000000000091936e-09,5.666285706571836389e-01,1.009658431879986024e-01,9.532766902936550268e-01,5.098312655994092189e-03
2.842000000000092136e-09,5.671570529563529917e-01,1.009659039152132065e-01,9.538762588483703508e-01,5.098314528860134996e-03
2.844000000000092336e-09,5.676856093417071980e-01,1.009659645597766331e-01,9.544758274075577642e-01,5.098316401922937079e-03
2.846000000000092536e-09,5.682142397047903470e-01,1.009660251218259530e-01,9.550753959712179331e-01,5.098318275166378519e-03
2.848000000000092736e-09,5.687429439373429263e-01,1.009660856014979319e-01,9.556749645393514125e-01,5.098320148594195911e-03
2.850000000000092935e-09,5.692717219313017107e-01,1.009661459989291549e-01,9.562745331119588688e-01,5.098322022199293369e-03
2.852000000000093135e-09,5.698005735787987636e-01,1.009662063142559574e-01,9.568741016890409679e-01,5.098323895990080831e-03
2.854000000000093335e-09,5.703294987721615472e-01,1.009662665476144250e-01,9.574736702705981539e-01,5.098325769934400863e-03
2.856000000000093535e-09,5.708584974039123683e-01,1.009663266991403380e-01,9.580732388566312041e-01,5.098327644091772692e-03
2.858000000000093735e-09,5.713875693667679334e-01,1.009663867689693240e-01,9.586728074471406735e-01,5.098329518399835614e-03
2.860000000000093935e-09,5.719167145536391272e-01,1.009664467572366775e-01,9.592723760421273393e-01,5.098331392925881285e-03
2.862000000000094135e-09,5.724459328576303463e-01,1.009665066640775266e-01,9.598719446415916456e-01,5.098333267620860400e-03
2.864000000000094335e-09,5.729752241720391659e-01,1.009665664896267356e-01,9.604715132455342586e-01,5.098335142532941892e-03
2.866000000000094535e-09,5.735045883903560071e-01,1.009666262340188636e-01,9.610710818539557332e-01,5.098337017630326547e-03
2.868000000000094734e-09,5.740340254062639147e-01,1.009666858973883169e-01,9.616706504668567357e-01,5.098338892935750516e-03
2.870000000000094934e-09,5.745635351136377800e-01,1.009667454798691966e-01,9.622702190842380432e-01,5.098340768420132896e-03
2.872000000000095134e-09,5.750931174065444518e-01,1.009668049815953816e-01,9.628697877060999888e-01,5.098342644091031876e-03
2.874000000000095334e-09,5.756227721792412932e-01,1.009668644027005152e-01,9.634693563324433496e-01,5.098344519938396470e-03
2.876000000000095534e-09,5.761524993261776251e-01,1.009669237433180045e-01,9.640689249632687918e-01,5.098346395979578248e-03
2.878000000000095734e-09,5.766822987419922830e-01,1.009669830035809790e-01,9.646684935985766485e-01,5.098348272212515492e-03
2.880000000000095934e-09,5.772121703215146171e-01,1.009670421836223742e-01,9.652680622383678077e-01,5.098350148628564941e-03
2.882000000000096134e-09,5.777421139597637145e-01,1.009671012835748616e-01,9.658676308826429358e-01,5.098352025226557394e-03
2.884000000000096334e-09,5.782721295519477334e-01,1.009671603035708631e-01,9.664671995314023656e-01,5.098353902001998179e-03
2.886000000000096533e-09,5.788022169934637917e-01,1.009672192437425925e-01,9.670667681846469854e-01,5.098355778959787026e-03
2.888000000000096733e-09,5.793323761798978566e-01,1.009672781042219858e-01,9.676663368423771283e-01,5.098357656068027571e-03
2.890000000000096933e-09,5.798626070070234118e-01,1.009673368851407849e-01,9.682659055045935714e-01,5.098359533388743120e-03
2.892000000000097133e-09,5.803929093708020126e-01,1.009673955866304540e-01,9.688654741712968699e-01,5.098361410856594444e-03
2.894000000000097333e-09,5.809232831673828423e-01,1.009674542088222354e-01,9.694650428424875788e-01,5.098363288539494234e-03
2.896000000000097533e-09,5.814537282931014905e-01,1.009675127518471494e-01,9.700646115181664753e-01,5.098365166397287977e-03
2.898000000000097733e-09,5.819842446444803974e-01,1.009675712158359384e-01,9.706641801983340034e-01,5.098367044468795316e-03
2.900000000000097933e-09,5.825148321182285205e-01,1.009676296009191648e-01,9.712637488829909405e-01,5.098368922719651378e-03
2.902000000000098133e-09,5.830454906112401137e-01,1.009676879072270855e-01,9.718633175721376194e-01,5.098370801167450596e-03
2.904000000000098332e-09,5.835762200205951711e-01,1.009677461348898048e-01,9.724628862657748174e-01,5.098372679786728964e-03
2.906000000000098532e-09,5.841070202435586500e-01,1.009678042840371215e-01,9.730624549639030896e-01,5.098374558587703137e-03
2.908000000000098732e-09,5.846378911775802489e-01,1.009678623547986265e-01,9.736620236665231021e-01,5.098376437570750416e-03
2.910000000000098932e-09,5.851688327202937412e-01,1.009679203473036746e-01,9.742615923736352990e-01,5.098378316745035346e-03
2.912000000000099132e-09,5.856998447695171972e-01,1.009679782616813709e-01,9.748611610852403464e-01,5.098380196101547773e-03
2.914000000000099332e-09,5.862309272232518742e-01,1.009680360980606539e-01,9.754607298013390215e-01,5.098382075640260809e-03
2.916000000000099532e-09,5.867620799796823272e-01,1.009680938565701153e-01,9.760602985219316574e-01,5.098383955360061628e-03
2.918000000000099732e-09,5.872933029371759650e-01,1.009681515373382216e-01,9.766598672470189202e-01,5.098385835249952085e-03
2.920000000000099932e-09,5.878245959942826060e-01,1.009682091404931481e-01,9.772594359766015870e-01,5.098387715332641443e-03
2.922000000000100131e-09,5.883559590497339231e-01,1.009682666661628481e-01,9.778590047106801020e-01,5.098389595552559571e-03
2.924000000000100331e-09,5.888873920024432218e-01,1.009683241144750387e-01,9.784585734492549092e-01,5.098391475982759144e-03
2.926000000000100531e-09,5.894188947515055510e-01,1.009683814855572292e-01,9.790581421923267857e-01,5.098393356574634078e-03
2.928000000000100731e-09,5.899504671961965929e-01,1.009684387795366650e-01,9.796577109398963978e-01,5.098395237375284716e-03
2.930000000000100931e-09,5.904821092359722190e-01,1.009684959965403833e-01,9.802572796919641895e-01,5.098397118351228295e-03
2.932000000000101131e-09,5.910138207704690450e-01,1.009685531366952133e-01,9.808568484485307160e-01,5.098398999532862373e-03
2.934000000000101331e-09,5.915456016995030986e-01,1.009686102001276786e-01,9.814564172095966432e-01,5.098400880890707060e-03
2.936000000000101531e-09,5.920774519230700417e-01,1.009686671869641644e-01,9.820559859751626375e-01,5.098402762431062871e-03
2.938000000000101731e-09,5.926093713413446151e-01,1.009687240973307504e-01,9.826555547452291428e-01,5.098404644141778068e-03
2.940000000000101930e-09,5.931413598546803057e-01,1.009687809313533358e-01,9.832551235197968253e-01,5.098406526035812771e-03
2.942000000000102130e-09,5.936734173636086798e-01,1.009688376891575978e-01,9.838546922988661292e-01,5.098408408111803486e-03
2.944000000000102330e-09,5.942055437688392727e-01,1.009688943708689363e-01,9.844542610824378315e-01,5.098410290373570943e-03
2.946000000000102530e-09,5.947377389712596996e-01,1.009689509766125842e-01,9.850538298705123763e-01,5.098412172816695065e-03
2.948000000000102730e-09,5.952700028719342118e-01,1.009690075065134973e-01,9.856533986630905408e-01,5.098414055438366468e-03
2.950000000000102930e-09,5.958023353721043636e-01,1.009690639606963952e-01,9.862529674601726581e-01,5.098415938239839358e-03
2.952000000000103130e-09,5.963347363731882345e-01,1.009691203392858588e-01,9.868525362617593943e-01,5.098417821183748658e-03
2.954000000000103330e-09,5.968672057767794303e-01,1.009691766424061499e-01,9.874521050678513046e-01,5.098419704333868006e-03
2.956000000000103530e-09,5.973997434846481935e-01,1.009692328701813357e-01,9.880516738784490549e-01,5.098421587634916104e-03
2.958000000000103729e-09,5.979323493987397375e-01,1.009692890227352757e-01,9.886512426935532005e-01,5.098423471140522793e-03
2.960000000000103929e-09,5.984650234211742470e-01,1.009693451001916070e-01,9.892508115131642965e-01,5.098425354817831545e-03
2.962000000000104129e-09,5.989977654542469887e-01,1.009694011026736893e-01,9.898503803372830090e-01,5.098427238702179544e-03
2.964000000000104329e-09,5.995305754004273124e-01,1.009694570303047156e-01,9.904499491659096710e-01,5.098429122760935774e-03
2.966000000000104529e-09,6.000634531623585399e-01,1.009695128832076433e-01,9.910495179990450598e-01,5.098431006999190780e-03
2.968000000000104729e-09,6.005963986428579648e-01,1.009695686615051796e-01,9.916490868366897304e-01,5.098432891404558638e-03
2.970000000000104929e-09,6.011294117449156316e-01,1.009696243653198516e-01,9.922486556788443490e-01,5.098434775986797167e-03
2.972000000000105129e-09,6.016624923716951123e-01,1.009696799947739365e-01,9.928482245255092487e-01,5.098436660750444403e-03
2.974000000000105329e-09,6.021956404265321749e-01,1.009697355499894755e-01,9.934477933766849844e-01,5.098438545701250955e-03
2.976000000000105528e-09,6.027288558129347829e-01,1.009697910310883157e-01,9.940473622323723335e-01,5.098440430830796476e-03
2.978000000000105728e-09,6.032621384345828730e-01,1.009698464381920957e-01,9.946469310925718510e-01,5.098442316141604119e-03
2.980000000000105928e-09,6.037954881953280228e-01,1.009699017714221908e-01,9.952464999572839810e-01,5.098444201628073331e-03
2.982000000000106128e-09,6.043289049991928952e-01,1.009699570308997679e-01,9.958460688265093896e-01,5.098446087258233159e-03
2.984000000000106328e-09,6.048623887503709051e-01,1.009700122167458136e-01,9.964456377002486320e-01,5.098447973091781507e-03
2.986000000000106528e-09,6.053959393532256650e-01,1.009700673290810508e-01,9.970452065785021523e-01,5.098449859076254267e-03
2.988000000000106728e-09,6.059295567122919834e-01,1.009701223680259941e-01,9.976447754612707275e-01,5.098451745261770203e-03
2.990000000000106928e-09,6.064632407322728680e-01,1.009701773337009362e-01,9.982443443485546908e-01,5.098453631612735390e-03
2.992000000000107128e-09,6.069969913180418564e-01,1.009702322262259616e-01,9.988439132403548193e-01,5.098455518163911952e-03
2.994000000000107327e-09,6.075308083746415733e-01,1.009702870457209606e-01,9.994434821366715571e-01,5.098457404889886191e-03
2.996000000000107527e-09,6.080646918072825091e-01,1.009703417923055457e-01,1.000043051037505570e+00,5.098459291792252317e-03
2.998000000000107727e-09,6.085986415213444634e-01,1.009703964660991632e-01,1.000642619942857081e+00,5.098461178861373941e-03
3.000000000000107927e-09,6.091326574223748791e-01,1.009704510672209954e-01,1.001242188852727200e+00,5.098463066104765885e-03
3.002000000000108127e-09,6.096667394160890652e-01,1.009705055957900582e-01,1.001841757767116148e+00,5.098464953525654736e-03
3.004000000000108327e-09,6.102008874083691969e-01,1.009705600519251317e-01,1.002441326686024370e+00,5.098466841132808652e-03
3.006000000000108527e-09,6.107351013052652045e-01,1.009706144357447877e-01,1.003040895609452532e+00,5.098468728916713544e-03
3.008000000000108727e-09,6.112693810129931071e-01,1.009706687473673481e-01,1.003640464537401300e+00,5.098470616882335056e-03
3.010000000000108927e-09,6.118037264379356799e-01,1.009707229869109546e-01,1.004240033469871340e+00,5.098472505024863669e-03
3.012000000000109126e-09,6.123381374866412319e-01,1.009707771544935406e-01,1.004839602406862875e+00,5.098474393303770169e-03
3.014000000000109326e-09,6.128726140658242727e-01,1.009708312502327898e-01,1.005439171348376792e+00,5.098476281784595880e-03
3.016000000000109526e-09,6.134071560823640690e-01,1.009708852742461915e-01,1.006038740294413314e+00,5.098478170419504067e-03
3.018000000000109726e-09,6.139417634433055326e-01,1.009709392266510408e-01,1.006638309244973106e+00,5.098480059250324985e-03
3.020000000000109926e-09,6.144764360558573335e-01,1.009709931075643968e-01,1.007237878200057057e+00,5.098481948248210181e-03
3.022000000000110126e-09,6.150111738273933426e-01,1.009710469171030828e-01,1.007837447159665167e+00,5.098483837438098909e-03
3.024000000000110326e-09,6.155459766654509668e-01,1.009711006553837553e-01,1.008437016123798324e+00,5.098485726799380918e-03
3.026000000000110526e-09,6.160808444777312598e-01,1.009711543225228353e-01,1.009036585092456972e+00,5.098487616331549670e-03
3.028000000000110726e-09,6.166157771720987002e-01,1.009712079186365769e-01,1.009636154065641778e+00,5.098489506032666610e-03
3.030000000000110925e-09,6.171507746565805252e-01,1.009712614438409289e-01,1.010235723043353184e+00,5.098491395908135403e-03
3.032000000000111125e-09,6.176858368393667309e-01,1.009713148982516878e-01,1.010835292025591858e+00,5.098493285959027239e-03
3.034000000000111325e-09,6.182209636288098498e-01,1.009713682819844693e-01,1.011434861012358244e+00,5.098495176196160723e-03
3.036000000000111525e-09,6.187561549334240629e-01,1.009714215951546395e-01,1.012034430003652785e+00,5.098497066602317856e-03
3.038000000000111725e-09,6.192914106618854220e-01,1.009714748378773286e-01,1.012633998999475926e+00,5.098498957177754511e-03
3.040000000000111925e-09,6.198267307230310719e-01,1.009715280102675139e-01,1.013233567999828777e+00,5.098500847941193556e-03
3.042000000000112125e-09,6.203621150258595840e-01,1.009715811124399787e-01,1.013833137004711338e+00,5.098502738838867239e-03
3.044000000000112325e-09,6.208975634795294019e-01,1.009716341445091731e-01,1.014432706014124497e+00,5.098504629935253496e-03
3.046000000000112525e-09,6.214330759933601733e-01,1.009716871065894916e-01,1.015032275028068476e+00,5.098506521189019938e-03
3.048000000000112724e-09,6.219686524768310854e-01,1.009717399987950237e-01,1.015631844046544163e+00,5.098508412630750608e-03
3.050000000000112924e-09,6.225042928395810859e-01,1.009717928212396781e-01,1.016231413069552003e+00,5.098510304244081859e-03
3.052000000000113124e-09,6.230399969914084402e-01,1.009718455740371834e-01,1.016830982097092217e+00,5.098512196037641338e-03
3.054000000000113324e-09,6.235757648422707300e-01,1.009718982573010182e-01,1.017430551129165472e+00,5.098514088002505627e-03
3.056000000000113524e-09,6.241115963022837443e-01,1.009719508711444808e-01,1.018030120165772656e+00,5.098515980136209685e-03
3.058000000000113724e-09,6.246474912817220337e-01,1.009720034156806612e-01,1.018629689206913991e+00,5.098517872436504443e-03
3.060000000000113924e-09,6.251834496910182448e-01,1.009720558910224414e-01,1.019229258252590142e+00,5.098519764914891117e-03
3.062000000000114124e-09,6.257194714407627867e-01,1.009721082972824813e-01,1.019828827302801555e+00,5.098521657566594013e-03
3.064000000000114324e-09,6.262555564417027210e-01,1.009721606345732881e-01,1.020428396357548673e+00,5.098523550404993922e-03
3.066000000000114523e-09,6.267917046047435381e-01,1.009722129030070775e-01,1.021027965416832384e+00,5.098525443416090756e-03
3.068000000000114723e-09,6.273279158409466039e-01,1.009722651026959406e-01,1.021627534480652910e+00,5.098527336567375799e-03
3.070000000000114923e-09,6.278641900615297144e-01,1.009723172337517461e-01,1.022227103549010918e+00,5.098529229914949140e-03
3.072000000000115123e-09,6.284005271778674295e-01,1.009723692962861269e-01,1.022826672621906852e+00,5.098531123406159320e-03
3.074000000000115323e-09,6.289369271014895180e-01,1.009724212904105356e-01,1.023426241699341155e+00,5.098533017088330462e-03
3.076000000000115523e-09,6.294733897440817350e-01,1.009724732162362304e-01,1.024025810781314494e+00,5.098534910936517242e-03
3.078000000000115723e-09,6.300099150174844898e-01,1.009725250738742752e-01,1.024625379867827535e+00,5.098536804960971010e-03
3.080000000000115923e-09,6.305465028336937339e-01,1.009725768634354703e-01,1.025224948958880722e+00,5.098538699162143660e-03
3.082000000000116123e-09,6.310831531048595178e-01,1.009726285850304911e-01,1.025824518054474499e+00,5.098540593529737874e-03
3.084000000000116322e-09,6.316198657432863239e-01,1.009726802387697769e-01,1.026424087154609532e+00,5.098542488057890287e-03
3.086000000000116522e-09,6.321566406614326228e-01,1.009727318247635591e-01,1.027023656259285822e+00,5.098544382759834237e-03
3.088000000000116722e-09,6.326934777719103176e-01,1.009727833431218885e-01,1.027623225368504478e+00,5.098546277636986125e-03
3.090000000000116922e-09,6.332303769874847443e-01,1.009728347939546078e-01,1.028222794482265945e+00,5.098548172701562742e-03
3.092000000000117122e-09,6.337673382210744499e-01,1.009728861773713515e-01,1.028822363600570666e+00,5.098550067930883445e-03
3.094000000000117322e-09,6.343043613857500818e-01,1.009729374934815599e-01,1.029421932723419308e+00,5.098551963312754863e-03
3.096000000000117522e-09,6.348414463947353870e-01,1.009729887423944650e-01,1.030021501850812093e+00,5.098553858885778063e-03
3.098000000000117722e-09,6.353785931614057692e-01,1.009730399242191462e-01,1.030621070982749687e+00,5.098555754598130783e-03
3.100000000000117922e-09,6.359158015992885105e-01,1.009730910390644054e-01,1.031220640119232534e+00,5.098557650500059289e-03
3.102000000000118121e-09,6.364530716220623274e-01,1.009731420870389196e-01,1.031820209260261523e+00,5.098559546559394001e-03
3.104000000000118321e-09,6.369904031435571490e-01,1.009731930682511575e-01,1.032419778405836874e+00,5.098561442791521917e-03
3.106000000000118521e-09,6.375277960777536723e-01,1.009732439828093242e-01,1.033019347555959033e+00,5.098563339199550792e-03
3.108000000000118721e-09,6.380652503387832519e-01,1.009732948308214862e-01,1.033618916710628444e+00,5.098565235775288397e-03
3.110000000000118921e-09,6.386027658409273444e-01,1.009733456123955431e-01,1.034218485869845994e+00,5.098567132515345081e-03
3.112000000000119121e-09,6.391403424986172865e-01,1.009733963276391172e-01,1.034818055033612128e+00,5.098569029426162739e-03
3.114000000000119321e-09,6.396779802264344061e-01,1.009734469766596920e-01,1.035417624201927067e+00,5.098570926507283406e-03
3.116000000000119521e-09,6.402156789391090230e-01,1.009734975595645290e-01,1.036017193374791479e+00,5.098572823771276019e-03
3.118000000000119721e-09,6.407534385515203379e-01,1.009735480764607091e-01,1.036616762552206028e+00,5.098574721201056155e-03
3.120000000000119920e-09,6.412912589786968764e-01,1.009735985274551329e-01,1.037216331734170938e+00,5.098576618788241629e-03
3.122000000000120120e-09,6.418291401358149351e-01,1.009736489126544789e-01,1.037815900920687096e+00,5.098578516561420686e-03
3.124000000000120320e-09,6.423670819381993580e-01,1.009736992321652316e-01,1.038415470111754724e+00,5.098580414476311037e-03
3.126000000000120520e-09,6.429050843013226491e-01,1.009737494860936946e-01,1.039015039307374488e+00,5.098582312576490673e-03
3.128000000000120720e-09,6.434431471408049719e-01,1.009737996745459915e-01,1.039614608507546611e+00,5.098584210827378747e-03
3.130000000000120920e-09,6.439812703724132614e-01,1.009738497976280097e-01,1.040214177712271981e+00,5.098586109251252579e-03
3.132000000000121120e-09,6.445194539120621124e-01,1.009738998554454842e-01,1.040813746921550820e+00,5.098588007848756619e-03
3.134000000000121320e-09,6.450576976758118919e-01,1.009739498481039555e-01,1.041413316135384015e+00,5.098589906609302114e-03
3.136000000000121520e-09,6.455960015798700713e-01,1.009739997757087560e-01,1.042012885353771789e+00,5.098591805538336963e-03
3.138000000000121719e-09,6.461343655405898945e-01,1.009740496383650099e-01,1.042612454576714365e+00,5.098593704636018159e-03
3.140000000000121919e-09,6.466727894744701555e-01,1.009740994361777028e-01,1.043212023804212851e+00,5.098595603900028979e-03
3.142000000000122119e-09,6.472112732981553096e-01,1.009741491692515702e-01,1.043811593036267693e+00,5.098597503344781505e-03
3.144000000000122319e-09,6.477498169284348073e-01,1.009741988376912231e-01,1.044411162272878890e+00,5.098599402955366656e-03
3.146000000000122519e-09,6.482884202822430941e-01,1.009742484416010083e-01,1.045010731514047331e+00,5.098601302723028417e-03
3.148000000000122719e-09,6.488270832766592777e-01,1.009742979810851204e-01,1.045610300759773237e+00,5.098603202673211710e-03
3.150000000000122919e-09,6.493658058289064616e-01,1.009743474562475873e-01,1.046209870010057497e+00,5.098605102763564996e-03
3.152000000000123119e-09,6.499045878563517453e-01,1.009743968671922287e-01,1.046809439264900554e+00,5.098607003036759004e-03
3.154000000000123319e-09,6.504434292765064463e-01,1.009744462140226423e-01,1.047409008524302632e+00,5.098608903460366548e-03
3.156000000000123518e-09,6.509823300070245455e-01,1.009744954968423009e-01,1.048008577788264617e+00,5.098610804053400197e-03
3.158000000000123718e-09,6.515212899657036871e-01,1.009745447157544135e-01,1.048608147056786510e+00,5.098612704821468312e-03
3.160000000000123918e-09,6.520603090704839566e-01,1.009745938708620644e-01,1.049207716329868978e+00,5.098614605748060663e-03
3.162000000000124118e-09,6.525993872394483253e-01,1.009746429622681296e-01,1.049807285607512908e+00,5.098616506844088660e-03
3.164000000000124318e-09,6.531385243908218730e-01,1.009746919900752909e-01,1.050406854889718300e+00,5.098618408108248658e-03
3.166000000000124518e-09,6.536777204429715660e-01,1.009747409543860636e-01,1.051006424176486043e+00,5.098620309536078081e-03
3.168000000000124718e-09,6.542169753144062572e-01,1.009747898553027268e-01,1.051605993467816358e+00,5.098622211146082092e-03
3.170000000000124918e-09,6.547562889237756867e-01,1.009748386929274488e-01,1.052205562763709912e+00,5.098624112921159787e-03
3.172000000000125118e-09,6.552956611898714812e-01,1.009748874673621483e-01,1.052805132064167148e+00,5.098626014846198255e-03
3.174000000000125317e-09,6.558350920316255994e-01,1.009749361787086047e-01,1.053404701369188512e+00,5.098627916952580379e-03
3.176000000000125517e-09,6.563745813681103325e-01,1.009749848270683759e-01,1.054004270678774446e+00,5.098629819195050691e-03
3.178000000000125717e-09,6.569141291185387477e-01,1.009750334125428528e-01,1.054603839992925618e+00,5.098631721616663295e-03
3.180000000000125917e-09,6.574537352022634673e-01,1.009750819352332463e-01,1.055203409311642471e+00,5.098633624192171025e-03
3.182000000000126117e-09,6.579933995387773349e-01,1.009751303952405588e-01,1.055802978634925449e+00,5.098635526931007307e-03
3.184000000000126317e-09,6.585331220477119718e-01,1.009751787926656541e-01,1.056402547962774996e+00,5.098637429850508967e-03
3.186000000000126517e-09,6.590729026488385545e-01,1.009752271276091740e-01,1.057002117295191779e+00,5.098639332924530254e-03
3.188000000000126717e-09,6.596127412620669261e-01,1.009752754001715658e-01,1.057601686632176241e+00,5.098641236164823051e-03
3.190000000000126917e-09,6.601526378074455970e-01,1.009753236104531521e-01,1.058201255973728605e+00,5.098643139574640833e-03
3.192000000000127116e-09,6.606925922051611888e-01,1.009753717585540056e-01,1.058800825319849537e+00,5.098645043145349880e-03
3.194000000000127316e-09,6.612326043755387683e-01,1.009754198445740880e-01,1.059400394670539702e+00,5.098646946896693080e-03
3.196000000000127516e-09,6.617726742390404038e-01,1.009754678686131113e-01,1.059999964025799324e+00,5.098648850814953108e-03
3.198000000000127716e-09,6.623128017162664971e-01,1.009755158307706485e-01,1.060599533385629067e+00,5.098650754878827560e-03
3.200000000000127916e-09,6.628529867279540078e-01,1.009755637311460785e-01,1.061199102750029377e+00,5.098652659123432442e-03
3.202000000000128116e-09,6.633932291949770077e-01,1.009756115698385998e-01,1.061798672119000697e+00,5.098654563497897856e-03
3.204000000000128316e-09,6.639335290383461263e-01,1.009756593469472163e-01,1.062398241492543693e+00,5.098656468046323942e-03
3.206000000000128516e-09,6.644738861792086615e-01,1.009757070625707936e-01,1.062997810870658588e+00,5.098658372756401103e-03
3.208000000000128716e-09,6.650143005388474693e-01,1.009757547168079750e-01,1.063597380253345825e+00,5.098660277616135460e-03
3.210000000000128915e-09,6.655547720386816302e-01,1.009758023097572510e-01,1.064196949640606293e+00,5.098662182658526658e-03
3.212000000000129115e-09,6.660953006002657828e-01,1.009758498415169181e-01,1.064796519032440214e+00,5.098664087861406666e-03
3.214000000000129315e-09,6.666358861452896800e-01,1.009758973121851061e-01,1.065396088428847809e+00,5.098665993226964704e-03
3.216000000000129515e-09,6.671765285955778557e-01,1.009759447218597367e-01,1.065995657829829968e+00,5.098667898766734950e-03
3.218000000000129715e-09,6.677172278730898469e-01,1.009759920706386066e-01,1.066595227235387355e+00,5.098669804469121644e-03
3.220000000000129915e-09,6.682579838999197497e-01,1.009760393586192906e-01,1.067194796645519750e+00,5.098671710337454588e-03
3.222000000000130115e-09,6.687987965982955529e-01,1.009760865858991968e-01,1.067794366060228262e+00,5.098673616376152989e-03
3.224000000000130315e-09,6.693396658905794716e-01,1.009761337525755809e-01,1.068393935479512891e+00,5.098675522555259909e-03
3.226000000000130515e-09,6.698805916992669474e-01,1.009761808587454623e-01,1.068993504903374303e+00,5.098677428909553951e-03
3.228000000000130714e-09,6.704215739469870927e-01,1.009762279045057637e-01,1.069593074331812943e+00,5.098679335400791400e-03
3.230000000000130914e-09,6.709626125565021360e-01,1.009762748899531853e-01,1.070192643764829477e+00,5.098681242058843328e-03
3.232000000000131114e-09,6.715037074507071990e-01,1.009763218151842334e-01,1.070792213202424348e+00,5.098683148887428983e-03
3.234000000000131314e-09,6.720448585526298535e-01,1.009763686802952753e-01,1.071391782644598001e+00,5.098685055857805730e-03
3.236000000000131514e-09,6.725860657854300095e-01,1.009764154853825119e-01,1.071991352091350880e+00,5.098686963007852124e-03
3.238000000000131714e-09,6.731273290723995828e-01,1.009764622305419079e-01,1.072590921542683207e+00,5.098688870321837693e-03
3.240000000000131914e-09,6.736686483369621614e-01,1.009765089158693452e-01,1.073190490998595870e+00,5.098690777793700446e-03
3.242000000000132114e-09,6.742100235026734500e-01,1.009765555414604415e-01,1.073790060459089091e+00,5.098692685448081262e-03
3.244000000000132314e-09,6.747514544932196046e-01,1.009766021074106901e-01,1.074389629924163536e+00,5.098694593267182745e-03
3.246000000000132513e-09,6.752929412324183422e-01,1.009766486138154312e-01,1.074989199393819428e+00,5.098696501234128639e-03
3.248000000000132713e-09,6.758344836442178316e-01,1.009766950607697555e-01,1.075588768868057432e+00,5.098698409373643957e-03
3.250000000000132913e-09,6.763760816526966924e-01,1.009767414483686565e-01,1.076188338346877993e+00,5.098700317639113209e-03
3.252000000000133113e-09,6.769177351820639954e-01,1.009767877767069333e-01,1.076787907830281332e+00,5.098702226075003431e-03
3.254000000000133313e-09,6.774594441566587077e-01,1.009768340458791908e-01,1.077387477318268338e+00,5.098704134666677025e-03
3.256000000000133513e-09,6.780012085009492484e-01,1.009768802559798950e-01,1.077987046810839011e+00,5.098706043406657333e-03
3.258000000000133713e-09,6.785430281395337104e-01,1.009769264071033040e-01,1.078586616307994239e+00,5.098707952325939527e-03
3.260000000000133913e-09,6.790849029971391948e-01,1.009769724993435230e-01,1.079186185809734466e+00,5.098709861395946639e-03
3.262000000000134113e-09,6.796268329986219214e-01,1.009770185327945047e-01,1.079785755316059914e+00,5.098711770639973405e-03
3.264000000000134312e-09,6.801688180689664520e-01,1.009770645075500073e-01,1.080385324826971249e+00,5.098713680056666739e-03
3.266000000000134512e-09,6.807108581332861341e-01,1.009771104237036365e-01,1.080984894342468694e+00,5.098715589628655988e-03
3.268000000000134712e-09,6.812529531168219910e-01,1.009771562813487900e-01,1.081584463862552692e+00,5.098717499360714243e-03
3.270000000000134912e-09,6.817951029449434985e-01,1.009772020805787540e-01,1.082184033387224131e+00,5.098719409260267857e-03
3.272000000000135112e-09,6.823373075431472534e-01,1.009772478214866070e-01,1.082783602916483012e+00,5.098721319295136840e-03
3.274000000000135312e-09,6.828795668370576388e-01,1.009772935041652608e-01,1.083383172450330223e+00,5.098723229499586319e-03
3.276000000000135512e-09,6.834218807524257144e-01,1.009773391287074745e-01,1.083982741988765985e+00,5.098725139842366118e-03
3.278000000000135712e-09,6.839642492151297715e-01,1.009773846952058129e-01,1.084582311531790966e+00,5.098727050345697176e-03
3.280000000000135912e-09,6.845066721511746666e-01,1.009774302037527022e-01,1.085181881079405164e+00,5.098728961021415512e-03
3.282000000000136111e-09,6.850491494866914888e-01,1.009774756544404017e-01,1.085781450631609246e+00,5.098730871833035555e-03
3.284000000000136311e-09,6.855916811479374484e-01,1.009775210473609630e-01,1.086381020188403879e+00,5.098732782826161450e-03
3.286000000000136511e-09,6.861342670612957662e-01,1.009775663826063125e-01,1.086980589749789283e+00,5.098734693982775491e-03
3.288000000000136711e-09,6.866769071532750068e-01,1.009776116602681961e-01,1.087580159315766348e+00,5.098736605295439185e-03
3.290000000000136911e-09,6.872196013505095236e-01,1.009776568804381935e-01,1.088179728886335074e+00,5.098738516781941253e-03
3.292000000000137111e-09,6.877623495797582365e-01,1.009777020432077038e-01,1.088779298461496126e+00,5.098740428434349672e-03
3.294000000000137311e-09,6.883051517679055209e-01,1.009777471486680150e-01,1.089378868041249726e+00,5.098742340228360100e-03
3.296000000000137511e-09,6.888480078419597641e-01,1.009777921969101655e-01,1.089978437625596319e+00,5.098744252188606475e-03
3.298000000000137711e-09,6.893909177290541423e-01,1.009778371880250825e-01,1.090578007214536793e+00,5.098746164275471185e-03
3.300000000000137910e-09,6.899338813564459549e-01,1.009778821221035267e-01,1.091177576808071148e+00,5.098748076526423388e-03
3.302000000000138110e-09,6.904768986515157358e-01,1.009779269992360784e-01,1.091777146406200272e+00,5.098749988938121140e-03
3.304000000000138310e-09,6.910199695417686971e-01,1.009779718195131515e-01,1.092376716008924387e+00,5.098751901486664288e-03
3.306000000000138510e-09,6.915630939548323974e-01,1.009780165830250348e-01,1.092976285616243715e+00,5.098753814217664784e-03
3.308000000000138710e-09,6.921062718184582963e-01,1.009780612898618091e-01,1.093575855228158922e+00,5.098755727098943508e-03
3.310000000000138910e-09,6.926495030605201997e-01,1.009781059401134024e-01,1.094175424844670896e+00,5.098757640152624254e-03
3.312000000000139110e-09,6.931927876090149265e-01,1.009781505338695901e-01,1.094774994465779416e+00,5.098759553386733590e-03
3.314000000000139310e-09,6.937361253920616422e-01,1.009781950712199811e-01,1.095374564091485148e+00,5.098761466774824787e-03
3.316000000000139510e-09,6.942795163379011925e-01,1.009782395522540177e-01,1.095974133721788535e+00,5.098763380311538418e-03
3.318000000000139709e-09,6.948229603748973249e-01,1.009782839770609897e-01,1.096573703356690022e+00,5.098765294013245936e-03
3.320000000000139909e-09,6.953664574315341351e-01,1.009783283457300201e-01,1.097173272996190274e+00,5.098767207831661312e-03
3.322000000000140109e-09,6.959100074364183985e-01,1.009783726583500518e-01,1.097772842640289515e+00,5.098769121813751318e-03
3.324000000000140309e-09,6.964536103182772386e-01,1.009784169150098887e-01,1.098372412288988187e+00,5.098771035952601345e-03
3.326000000000140509e-09,6.969972660059592373e-01,1.009784611157981821e-01,1.098971981942286735e+00,5.098772950232499136e-03
3.328000000000140709e-09,6.975409744284332136e-01,1.009785052608034167e-01,1.099571551600185826e+00,5.098774864686114738e-03
3.330000000000140909e-09,6.980847355147888900e-01,1.009785493501138831e-01,1.100171121262685903e+00,5.098776779280116307e-03
3.332000000000141109e-09,6.986285491942360037e-01,1.009785933838177469e-01,1.100770690929786966e+00,5.098778694060764581e-03
3.334000000000141309e-09,6.991724153961043076e-01,1.009786373620030347e-01,1.101370260601489903e+00,5.098780609019097979e-03
3.336000000000141508e-09,6.997163340498432360e-01,1.009786812847575516e-01,1.101969830277794715e+00,5.098782524128018384e-03
3.338000000000141708e-09,7.002603050850219057e-01,1.009787251521689910e-01,1.102569399958702290e+00,5.098784439390095791e-03
3.340000000000141908e-09,7.008043284313284493e-01,1.009787689643248804e-01,1.103168969644213071e+00,5.098786354814243207e-03
3.342000000000142108e-09,7.013484040185701263e-01,1.009788127213125664e-01,1.103768539334327281e+00,5.098788270353665601e-03
3.344000000000142308e-09,7.018925317766734340e-01,1.009788564232192709e-01,1.104368109029045364e+00,5.098790186053827472e-03
3.346000000000142508e-09,7.024367116356829976e-01,1.009789000701320355e-01,1.104967678728367764e+00,5.098792101904807937e-03
3.348000000000142708e-09,7.029809435257614592e-01,1.009789436621377351e-01,1.105567248432295147e+00,5.098794017899985556e-03
3.350000000000142908e-09,7.035252273771904763e-01,1.009789871993231475e-01,1.106166818140827734e+00,5.098795934064708976e-03
3.352000000000143108e-09,7.040695631203686133e-01,1.009790306817748007e-01,1.106766387853965972e+00,5.098797850365607322e-03
3.354000000000143307e-09,7.046139506858125623e-01,1.009790741095791256e-01,1.107365957571710302e+00,5.098799766857406782e-03
3.356000000000143507e-09,7.051583900041568098e-01,1.009791174828224142e-01,1.107965527294061392e+00,5.098801683521676786e-03
3.358000000000143707e-09,7.057028810061519719e-01,1.009791608015907227e-01,1.108565097021019241e+00,5.098803600340407437e-03
3.360000000000143907e-09,7.062474236226664592e-01,1.009792040659700657e-01,1.109164666752584738e+00,5.098805517314623087e-03
3.362000000000144107e-09,7.067920177846851448e-01,1.009792472760461940e-01,1.109764236488758105e+00,5.098807434450304196e-03
3.364000000000144307e-09,7.073366634233091421e-01,1.009792904319047613e-01,1.110363806229539785e+00,5.098809351701531767e-03
3.366000000000144507e-09,7.078813604697560269e-01,1.009793335336312409e-01,1.110963375974930223e+00,5.098811269110999946e-03
3.368000000000144707e-09,7.084261088553596153e-01,1.009793765813109950e-01,1.111562945724929641e+00,5.098813186665461517e-03
3.370000000000144907e-09,7.089709085115689646e-01,1.009794195750291501e-01,1.112162515479538927e+00,5.098815104361792243e-03
3.372000000000145106e-09,7.095157593699491505e-01,1.009794625148708047e-01,1.112762085238758081e+00,5.098817022224774384e-03
3.374000000000145306e-09,7.100606613621800456e-01,1.009795054009207660e-01,1.113361655002587991e+00,5.098818940222257443e-03
3.376000000000145506e-09,7.106056144200574298e-01,1.009795482332637717e-01,1.113961224771028657e+00,5.098820858411971281e-03
3.378000000000145706e-09,7.111506184754912141e-01,1.009795910119843931e-01,1.114560794544080524e+00,5.098822776769838805e-03
3.380000000000145906e-09,7.116956734605064394e-01,1.009796337371670488e-01,1.115160364321744479e+00,5.098824695287065834e-03
3.382000000000146106e-09,7.122407793072420557e-01,1.009796764088959631e-01,1.115759934104020523e+00,5.098826613959875007e-03
3.384000000000146306e-09,7.127859359479519208e-01,1.009797190272552631e-01,1.116359503890909100e+00,5.098828532791011524e-03
3.386000000000146506e-09,7.133311433150029135e-01,1.009797615923289094e-01,1.116959073682410875e+00,5.098830451737182759e-03
3.388000000000146706e-09,7.138764013408765985e-01,1.009798041042006961e-01,1.117558643478526070e+00,5.098832370839807837e-03
3.390000000000146905e-09,7.144217099581674502e-01,1.009798465629542785e-01,1.118158213279255353e+00,5.098834290085331629e-03
3.392000000000147105e-09,7.149670690995832967e-01,1.009798889686731593e-01,1.118757783084598945e+00,5.098836209471602210e-03
3.394000000000147305e-09,7.155124786979456530e-01,1.009799313214406746e-01,1.119357352894557067e+00,5.098838129022067837e-03
3.396000000000147505e-09,7.160579386861878337e-01,1.009799736213400495e-01,1.119956922709130831e+00,5.098840048704741078e-03
3.398000000000147705e-09,7.166034489973568400e-01,1.009800158684543148e-01,1.120556492528320014e+00,5.098841968581117011e-03
3.400000000000147905e-09,7.171490095646111396e-01,1.009800580628663763e-01,1.121156062352125282e+00,5.098843888624185125e-03
3.402000000000148105e-09,7.176946203212218878e-01,1.009801002046589735e-01,1.121755632180547080e+00,5.098845808830622557e-03
3.404000000000148305e-09,7.182402812005724835e-01,1.009801422939147209e-01,1.122355202013585629e+00,5.098847729191373183e-03
3.406000000000148505e-09,7.187859921361572368e-01,1.009801843307160801e-01,1.122954771851241595e+00,5.098849649706208020e-03
3.408000000000148704e-09,7.193317530615827016e-01,1.009802263151453050e-01,1.123554341693515424e+00,5.098851570332190927e-03
3.410000000000148904e-09,7.198775639105665647e-01,1.009802682472846214e-01,1.124153911540407558e+00,5.098853491112297076e-03
3.412000000000149104e-09,7.204234246169373135e-01,1.009803101272159775e-01,1.124753481391917997e+00,5.098855412036174505e-03
3.414000000000149304e-09,7.209693351146345686e-01,1.009803519550212664e-01,1.125353051248047409e+00,5.098857333098036175e-03
3.416000000000149504e-09,7.215152953377085288e-01,1.009803937307821725e-01,1.125952621108796459e+00,5.098859254323974063e-03
3.418000000000149704e-09,7.220613052203198601e-01,1.009804354545802696e-01,1.126552190974165590e+00,5.098861175680777756e-03
3.420000000000149904e-09,7.226073646967390296e-01,1.009804771264969786e-01,1.127151760844154804e+00,5.098863097232550490e-03
3.422000000000150104e-09,7.231534737013474157e-01,1.009805187466135679e-01,1.127751330718764766e+00,5.098865018952491654e-03
3.424000000000150304e-09,7.236996321686351985e-01,1.009805603150111808e-01,1.128350900597995699e+00,5.098866940835956527e-03
3.426000000000150503e-09,7.242458400332025814e-01,1.009806018317707665e-01,1.128950470481848489e+00,5.098868862868657058e-03
3.428000000000150703e-09,7.247920972297593467e-01,1.009806432969731493e-01,1.129550040370323138e+00,5.098870785052255113e-03
3.430000000000150903e-09,7.253384036931237455e-01,1.009806847106990285e-01,1.130149610263419868e+00,5.098872707342358250e-03
3.432000000000151103e-09,7.258847593582236080e-01,1.009807260730289646e-01,1.130749180161139789e+00,5.098874629785273178e-03
3.434000000000151303e-09,7.264311641600950109e-01,1.009807673840433101e-01,1.131348750063482900e+00,5.098876552375290923e-03
3.436000000000151503e-09,7.269776180338826110e-01,1.009808086438223618e-01,1.131948319970449424e+00,5.098878475098727985e-03
3.438000000000151703e-09,7.275241209148398669e-01,1.009808498524461945e-01,1.132547889882040026e+00,5.098880397988315126e-03
3.440000000000151903e-09,7.280706727383273735e-01,1.009808910099947721e-01,1.133147459798255152e+00,5.098882321006771405e-03
3.442000000000152103e-09,7.286172734398143058e-01,1.009809321165479196e-01,1.133747029719095023e+00,5.098884244222843046e-03
3.444000000000152302e-09,7.291639229548771972e-01,1.009809731721853093e-01,1.134346599644560305e+00,5.098886167609783214e-03
3.446000000000152502e-09,7.297106212191999397e-01,1.009810141769864889e-01,1.134946169574651220e+00,5.098888091155460121e-03
3.448000000000152702e-09,7.302573681685740059e-01,1.009810551310308113e-01,1.135545739509368213e+00,5.098890014841928053e-03
3.450000000000152902e-09,7.308041637388971168e-01,1.009810960343975328e-01,1.136145309448711949e+00,5.098891938676641117e-03
3.452000000000153102e-09,7.313510078661750180e-01,1.009811368871657844e-01,1.136744879392682650e+00,5.098893862614625738e-03
3.454000000000153302e-09,7.318979004865187044e-01,1.009811776894144753e-01,1.137344449341280539e+00,5.098895786705174953e-03
3.456000000000153502e-09,7.324448415361465292e-01,1.009812184412224728e-01,1.137944019294506059e+00,5.098897710951978517e-03
3.458000000000153702e-09,7.329918309513825392e-01,1.009812591426684086e-01,1.138543589252359656e+00,5.098899635326651150e-03
3.460000000000153902e-09,7.335388686686568072e-01,1.009812997938308310e-01,1.139143159214842216e+00,5.098901559869913752e-03
3.462000000000154101e-09,7.340859546245053213e-01,1.009813403947881494e-01,1.139742729181953518e+00,5.098903484545588664e-03
3.464000000000154301e-09,7.346330887555695410e-01,1.009813809456186207e-01,1.140342299153694450e+00,5.098905409424399696e-03
3.466000000000154501e-09,7.351802709985961748e-01,1.009814214464003213e-01,1.140941869130065012e+00,5.098907334468150837e-03
3.468000000000154701e-09,7.357275012904370692e-01,1.009814618972112582e-01,1.141541439111065648e+00,5.098909259659761134e-03
3.470000000000154901e-09,7.362747795680493201e-01,1.009815022981292165e-01,1.142141009096697024e+00,5.098911184984829779e-03
3.472000000000155101e-09,7.368221057684943842e-01,1.009815426492319534e-01,1.142740579086959363e+00,5.098913110458077637e-03
3.474000000000155301e-09,7.373694798289381902e-01,1.009815829505969625e-01,1.143340149081853330e+00,5.098915036037350926e-03
3.476000000000155501e-09,7.379169016866514719e-01,1.009816232023016819e-01,1.143939719081378925e+00,5.098916961762284608e-03
3.478000000000155701e-09,7.384643712790086578e-01,1.009816634044233552e-01,1.144539289085536815e+00,5.098918887649680348e-03
3.480000000000155900e-09,7.390118885434879825e-01,1.009817035570391569e-01,1.145138859094327222e+00,5.098920813663553910e-03
3.482000000000156100e-09,7.395594534176719304e-01,1.009817436602260532e-01,1.145738429107750811e+00,5.098922739853458536e-03
3.484000000000156300e-09,7.401070658392459034e-01,1.009817837140609131e-01,1.146337999125807805e+00,5.098924666182984115e-03
3.486000000000156500e-09,7.406547257459989986e-01,1.009818237186204531e-01,1.146937569148498648e+00,5.098926592716324958e-03
3.488000000000156700e-09,7.412024330758232304e-01,1.009818636739812647e-01,1.147537139175823562e+00,5.098928519409791187e-03
3.490000000000156900e-09,7.417501877667136423e-01,1.009819035802197867e-01,1.148136709207783213e+00,5.098930446242752601e-03
3.492000000000157100e-09,7.422979897567677510e-01,1.009819434374122915e-01,1.148736279244378045e+00,5.098932373192514682e-03
3.494000000000157300e-09,7.428458389841857690e-01,1.009819832456349820e-01,1.149335849285608280e+00,5.098934300289324068e-03
3.496000000000157500e-09,7.433937353872702714e-01,1.009820230049638945e-01,1.149935419331474584e+00,5.098936227504868336e-03
3.498000000000157699e-09,7.439416789044255296e-01,1.009820627154749267e-01,1.150534989381976736e+00,5.098938154855173731e-03
3.500000000000157899e-09,7.444896694741583998e-01,1.009821023772438098e-01,1.151134559437115623e+00,5.098940082367622861e-03
3.502000000000158099e-09,7.450377070350768793e-01,1.009821419903461914e-01,1.151734129496891690e+00,5.098942010004134211e-03
3.504000000000158299e-09,7.455857915258905511e-01,1.009821815548575530e-01,1.152333699561305158e+00,5.098943937830866663e-03
3.506000000000158499e-09,7.461339228854103611e-01,1.009822210708532508e-01,1.152933269630356250e+00,5.098945865812842121e-03
3.508000000000158699e-09,7.466821010525486191e-01,1.009822605384084887e-01,1.153532839704045632e+00,5.098947793987423927e-03
3.510000000000158899e-09,7.472303259663181096e-01,1.009822999575983593e-01,1.154132409782373747e+00,5.098949722307272343e-03
3.512000000000159099e-09,7.477785975658325368e-01,1.009823393284978166e-01,1.154731979865340818e+00,5.098951650760449872e-03
3.514000000000159299e-09,7.483269157903064128e-01,1.009823786511816757e-01,1.155331549952947512e+00,5.098953579316920642e-03
3.516000000000159498e-09,7.488752805790540590e-01,1.009824179257245991e-01,1.155931120045193827e+00,5.098955508020553209e-03
3.518000000000159698e-09,7.494236918714900497e-01,1.009824571522011383e-01,1.156530690142080431e+00,5.098957436862083283e-03
3.520000000000159898e-09,7.499721496071292126e-01,1.009824963306857198e-01,1.157130260243607767e+00,5.098959365830086840e-03
3.522000000000160098e-09,7.505206537255859622e-01,1.009825354612526038e-01,1.157729830349775835e+00,5.098961294961189099e-03
3.524000000000160298e-09,7.510692041665738561e-01,1.009825745439759531e-01,1.158329400460585079e+00,5.098963224219221942e-03
3.526000000000160498e-09,7.516178008699065938e-01,1.009826135789297918e-01,1.158928970576036388e+00,5.098965153687625568e-03
3.528000000000160698e-09,7.521664437754962407e-01,1.009826525661879498e-01,1.159528540696129983e+00,5.098967083312971361e-03
3.530000000000160898e-09,7.527151328233542271e-01,1.009826915058242153e-01,1.160128110820866087e+00,5.098969013101402846e-03
3.532000000000161098e-09,7.532638679535909043e-01,1.009827303979121960e-01,1.160727680950244922e+00,5.098970943018503975e-03
3.534000000000161297e-09,7.538126491064148782e-01,1.009827692425253609e-01,1.161327251084267376e+00,5.098972873070736593e-03
3.536000000000161497e-09,7.543614762221332315e-01,1.009828080397370820e-01,1.161926821222933226e+00,5.098974803226568632e-03
3.538000000000161697e-09,7.549103492411515237e-01,1.009828467896205784e-01,1.162526391366243361e+00,5.098976733522525562e-03
3.540000000000161897e-09,7.554592681039726809e-01,1.009828854922489444e-01,1.163125961514198003e+00,5.098978663975285881e-03
3.542000000000162097e-09,7.560082327511982170e-01,1.009829241476951078e-01,1.163725531666797597e+00,5.098980594552979251e-03
3.544000000000162297e-09,7.565572431235269013e-01,1.009829627560319132e-01,1.164325101824042585e+00,5.098982525306929199e-03
3.546000000000162497e-09,7.571062991617547588e-01,1.009830013173320939e-01,1.164924671985932969e+00,5.098984456200428110e-03
3.548000000000162697e-09,7.576554008067754031e-01,1.009830398316681616e-01,1.165524242152469414e+00,5.098986387305020317e-03
3.550000000000162897e-09,7.582045479995794812e-01,1.009830782991126136e-01,1.166123812323652587e+00,5.098988318559225484e-03
3.552000000000163096e-09,7.587537406812541185e-01,1.009831167197377116e-01,1.166723382499482486e+00,5.098990249950439979e-03
3.554000000000163296e-09,7.593029787929838070e-01,1.009831550936156341e-01,1.167322952679959336e+00,5.098992181448487419e-03
3.556000000000163496e-09,7.598522622760489620e-01,1.009831934208184762e-01,1.167922522865083801e+00,5.098994113087857577e-03
3.558000000000163696e-09,7.604015910718263660e-01,1.009832317014181108e-01,1.168522093054856326e+00,5.098996044845960016e-03
3.560000000000163896e-09,7.609509651217892801e-01,1.009832699354863556e-01,1.169121663249277354e+00,5.098997976730218484e-03
3.562000000000164096e-09,7.615003843675065553e-01,1.009833081230948754e-01,1.169721233448346887e+00,5.098999908776182671e-03
3.564000000000164296e-09,7.620498487506429663e-01,1.009833462643151963e-01,1.170320803652065811e+00,5.099001840942245234e-03
3.566000000000164496e-09,7.625993582129586557e-01,1.009833843592187336e-01,1.170920373860434127e+00,5.099003773311836830e-03
3.568000000000164696e-09,7.631489126963096892e-01,1.009834224078767634e-01,1.171519944073452280e+00,5.099005705836349642e-03
3.570000000000164895e-09,7.636985121426467238e-01,1.009834604103604511e-01,1.172119514291120490e+00,5.099007638545773567e-03
3.572000000000165095e-09,7.642481564940157845e-01,1.009834983667408231e-01,1.172719084513439647e+00,5.099009571384895828e-03
3.574000000000165295e-09,7.647978456925574875e-01,1.009835362770887535e-01,1.173318654740409750e+00,5.099011504351111737e-03
3.576000000000165495e-09,7.653475796805073728e-01,1.009835741414750465e-01,1.173918224972031243e+00,5.099013437416833987e-03
3.578000000000165695e-09,7.658973584001951274e-01,1.009836119599703264e-01,1.174517795208304571e+00,5.099015370620290678e-03
3.580000000000165895e-09,7.664471817940450293e-01,1.009836497326451338e-01,1.175117365449229956e+00,5.099017303970792940e-03
3.582000000000166095e-09,7.669970498045752816e-01,1.009836874595698430e-01,1.175716935694807841e+00,5.099019237444870831e-03
3.584000000000166295e-09,7.675469623743981229e-01,1.009837251408147452e-01,1.176316505945038671e+00,5.099021171092637909e-03
3.586000000000166495e-09,7.680969194462192728e-01,1.009837627764499646e-01,1.176916076199922889e+00,5.099023104876373481e-03
3.588000000000166694e-09,7.686469209628382648e-01,1.009838003665455286e-01,1.177515646459460719e+00,5.099025038877748328e-03
3.590000000000166894e-09,7.691969668671481131e-01,1.009838379111713258e-01,1.178115216723652825e+00,5.099026973023752275e-03
3.592000000000167094e-09,7.697470571021347574e-01,1.009838754103971475e-01,1.178714786992499208e+00,5.099028907313138924e-03
3.594000000000167294e-09,7.702971916108769523e-01,1.009839128642925909e-01,1.179314357266000313e+00,5.099030841706775515e-03
3.596000000000167494e-09,7.708473703365471552e-01,1.009839502729272254e-01,1.179913927544156582e+00,5.099032776234082957e-03
3.598000000000167694e-09,7.713975932224094167e-01,1.009839876363704259e-01,1.180513497826968461e+00,5.099034710876643693e-03
3.600000000000167894e-09,7.719478602118210464e-01,1.009840249546914703e-01,1.181113068114436171e+00,5.099036645642986490e-03
3.602000000000168094e-09,7.724981712482313911e-01,1.009840622279595118e-01,1.181712638406560156e+00,5.099038580570884084e-03
3.604000000000168294e-09,7.730485262751817244e-01,1.009840994562435507e-01,1.182312208703340861e+00,5.099040515617981467e-03
3.606000000000168493e-09,7.735989252363054680e-01,1.009841366396125178e-01,1.182911779004778507e+00,5.099042450870365159e-03
3.608000000000168693e-09,7.741493680753279705e-01,1.009841737781351778e-01,1.183511349310873761e+00,5.099044386274387101e-03
3.610000000000168893e-09,7.746998547360658405e-01,1.009842108718801978e-01,1.184110919621626623e+00,5.099046321866780931e-03
3.612000000000169093e-09,7.752503851624273912e-01,1.009842479209160926e-01,1.184710489937037536e+00,5.099048257581773741e-03
3.614000000000169293e-09,7.758009592984119740e-01,1.009842849253113350e-01,1.185310060257107168e+00,5.099050193419822630e-03
3.616000000000169493e-09,7.763515770881099787e-01,1.009843218851341345e-01,1.185909630581835739e+00,5.099052129356769839e-03
3.618000000000169693e-09,7.769022384757029442e-01,1.009843588004527143e-01,1.186509200911223250e+00,5.099054065426620284e-03
3.620000000000169893e-09,7.774529434054630039e-01,1.009843956713351171e-01,1.187108771245270589e+00,5.099056001644209322e-03
3.622000000000170092e-09,7.780036918217525521e-01,1.009844324978492469e-01,1.187708341583977978e+00,5.099057937981126519e-03
3.624000000000170292e-09,7.785544836690250214e-01,1.009844692800629246e-01,1.188307911927345861e+00,5.099059874493877022e-03
3.626000000000170492e-09,7.791053188918231065e-01,1.009845060180438459e-01,1.188907482275374239e+00,5.099061811149473329e-03
3.628000000000170692e-09,7.796561974347803181e-01,1.009845427118595679e-01,1.189507052628063777e+00,5.099063748023885054e-03
3.630000000000170892e-09,7.802071192426197621e-01,1.009845793615775367e-01,1.190106622985414697e+00,5.099065685030185202e-03
3.632000000000171092e-09,7.807580842601540283e-01,1.009846159672650595e-01,1.190706193347427444e+00,5.099067622174787914e-03
3.634000000000171292e-09,7.813090924322854125e-01,1.009846525289893743e-01,1.191305763714102461e+00,5.099069559418163179e-03
3.636000000000171492e-09,7.818601437040054725e-01,1.009846890468175384e-01,1.191905334085439971e+00,5.099071496792003527e-03
3.638000000000171692e-09,7.824112380203952499e-01,1.009847255208165401e-01,1.192504904461440640e+00,5.099073434285562346e-03
3.640000000000171891e-09,7.829623753266237163e-01,1.009847619510532007e-01,1.193104474842104246e+00,5.099075371899981952e-03
3.642000000000172091e-09,7.835135555679503261e-01,1.009847983375943004e-01,1.193704045227431454e+00,5.099077309675799363e-03
3.644000000000172291e-09,7.840647786897215754e-01,1.009848346805063829e-01,1.194303615617423153e+00,5.099079247572256383e-03
3.646000000000172491e-09,7.846160446373736663e-01,1.009848709798559785e-01,1.194903186012079122e+00,5.099081185689448292e-03
3.648000000000172691e-09,7.851673533564300644e-01,1.009849072357094646e-01,1.195502756411399581e+00,5.099083123951897271e-03
3.650000000000172891e-09,7.857187047925031642e-01,1.009849434481330660e-01,1.196102326815385197e+00,5.099085062387724056e-03
3.652000000000173091e-09,7.862700988912929567e-01,1.009849796171929520e-01,1.196701897224036193e+00,5.099087000930417612e-03
3.654000000000173291e-09,7.868215355985873627e-01,1.009850157429551532e-01,1.197301467637353012e+00,5.099088939594217419e-03
3.656000000000173491e-09,7.873730148602621215e-01,1.009850518254855195e-01,1.197901038055336320e+00,5.099090878361614912e-03
3.658000000000173690e-09,7.879245366222799030e-01,1.009850878648499012e-01,1.198500608477985896e+00,5.099092817251458729e-03
3.660000000000173890e-09,7.884761008306909735e-01,1.009851238611139124e-01,1.199100178905302405e+00,5.099094756298298489e-03
3.662000000000174090e-09,7.890277074316329742e-01,1.009851598143431395e-01,1.199699749337286292e+00,5.099096695462675306e-03
3.664000000000174290e-09,7.895793563713301433e-01,1.009851957246030302e-01,1.200299319773937556e+00,5.099098634821268294e-03
3.666000000000174490e-09,7.901310475960936497e-01,1.009852315919588656e-01,1.200898890215256865e+00,5.099100574329828994e-03
3.668000000000174690e-09,7.906827810523214817e-01,1.009852674164758712e-01,1.201498460661244660e+00,5.099102514044367290e-03
3.670000000000174890e-09,7.912345566864977808e-01,1.009853031982191340e-01,1.202098031111901166e+00,5.099104453874047857e-03
3.672000000000175090e-09,7.917863744451929531e-01,1.009853389372536436e-01,1.202697601567226604e+00,5.099106393828405602e-03
3.674000000000175290e-09,7.923382342750638907e-01,1.009853746336442232e-01,1.203297172027221418e+00,5.099108333878095076e-03
3.676000000000175489e-09,7.928901361228533062e-01,1.009854102874556542e-01,1.203896742491885830e+00,5.099110274055334430e-03
3.678000000000175689e-09,7.934420799353896214e-01,1.009854458987525516e-01,1.204496312961220728e+00,5.099112214367887419e-03
3.680000000000175889e-09,7.939940656595869672e-01,1.009854814675994056e-01,1.205095883435226112e+00,5.099114154795338083e-03
3.682000000000176089e-09,7.945460932424450728e-01,1.009855169940606784e-01,1.205695453913902204e+00,5.099116095396766767e-03
3.684000000000176289e-09,7.950981626310488215e-01,1.009855524782005826e-01,1.206295024397249227e+00,5.099118036136315001e-03
3.686000000000176489e-09,7.956502737725682506e-01,1.009855879200833306e-01,1.206894594885267846e+00,5.099119977099486438e-03
3.688000000000176689e-09,7.962024266142583295e-01,1.009856233197729825e-01,1.207494165377958506e+00,5.099121918186105135e-03
3.690000000000176889e-09,7.967546211034591819e-01,1.009856586773334591e-01,1.208093735875321650e+00,5.099123859418412848e-03
3.692000000000177089e-09,7.973068571875953081e-01,1.009856939928286124e-01,1.208693306377357057e+00,5.099125800747571907e-03
3.694000000000177288e-09,7.978591348141755857e-01,1.009857292663221690e-01,1.209292876884065393e+00,5.099127742197022764e-03
3.696000000000177488e-09,7.984114539307938241e-01,1.009857644978777030e-01,1.209892447395447101e+00,5.099129683763186684e-03
3.698000000000177688e-09,7.989638144851275436e-01,1.009857996875587194e-01,1.210492017911502405e+00,5.099131625448821009e-03
3.700000000000177888e-09,7.995162164249380865e-01,1.009858348354286117e-01,1.211091588432231525e+00,5.099133567295998856e-03
3.702000000000178088e-09,8.000686596980712828e-01,1.009858699415506628e-01,1.211691158957635350e+00,5.099135509264962098e-03
3.704000000000178288e-09,8.006211442524561184e-01,1.009859050059879887e-01,1.212290729487713881e+00,5.099137451459338777e-03
3.706000000000178488e-09,8.011736700361055119e-01,1.009859400288036640e-01,1.212890300022467116e+00,5.099139393790461973e-03
3.708000000000178688e-09,8.017262369971155378e-01,1.009859750100606107e-01,1.213489870561895723e+00,5.099141336290955763e-03
3.710000000000178888e-09,8.022788450836656482e-01,1.009860099498216396e-01,1.214089441106000367e+00,5.099143278886830721e-03
3.712000000000179087e-09,8.028314942440180069e-01,1.009860448481495060e-01,1.214689011654781048e+00,5.099145221601838682e-03
3.714000000000179287e-09,8.033841844265182663e-01,1.009860797051067571e-01,1.215288582208237989e+00,5.099147164421868536e-03
3.716000000000179487e-09,8.039369155795943467e-01,1.009861145207559124e-01,1.215888152766371855e+00,5.099149107358431909e-03
3.718000000000179687e-09,8.044896876517571016e-01,1.009861492951593526e-01,1.216487723329182646e+00,5.099151050451271316e-03
3.720000000000179887e-09,8.050425005915995413e-01,1.009861840283793333e-01,1.217087293896671030e+00,5.099152993661431807e-03
3.722000000000180087e-09,8.055953543477971657e-01,1.009862187204780409e-01,1.217686864468837449e+00,5.099154937083611935e-03
3.724000000000180287e-09,8.061482488691074089e-01,1.009862533715174676e-01,1.218286435045682126e+00,5.099156880650259835e-03
3.726000000000180073e-09,8.067011841043699727e-01,1.009862879815596054e-01,1.218886005627204838e+00,5.099158824411346817e-03
3.728000000000179859e-09,8.072541600025060493e-01,1.009863225506662798e-01,1.219485576213406697e+00,5.099160768272368617e-03
3.730000000000179646e-09,8.078071765125186543e-01,1.009863570788991916e-01,1.220085146804287701e+00,5.099162712252946691e-03
3.732000000000179432e-09,8.083602335834924046e-01,1.009863915663199579e-01,1.220684717399848296e+00,5.099164656328277097e-03
3.734000000000179218e-09,8.089133311645931856e-01,1.009864260129900992e-01,1.221284288000088702e+00,5.099166600521130681e-03
3.736000000000179005e-09,8.094664692050678179e-01,1.009864604189709969e-01,1.221883858605009143e+00,5.099168544860126044e-03
3.738000000000178791e-09,8.100196476542443902e-01,1.009864947843239352e-01,1.222483429214610506e+00,5.099170489312370227e-03
3.740000000000178577e-09,8.105728664615321488e-01,1.009865291091101153e-01,1.223082999828892570e+00,5.099172433960850667e-03
3.742000000000178364e-09,8.111261255764207201e-01,1.009865633933905715e-01,1.223682570447855777e+00,5.099174378754429450e-03
3.744000000000178150e-09,8.116794249484799995e-01,1.009865976372262830e-01,1.224282141071500796e+00,5.099176323759211683e-03
3.746000000000177936e-09,8.122327645273612617e-01,1.009866318406781177e-01,1.224881711699827624e+00,5.099178268865339064e-03
3.748000000000177722e-09,8.127861442627953847e-01,1.009866660038068187e-01,1.225481282332836708e+00,5.099180214101960151e-03
3.750000000000177509e-09,8.133395641045931823e-01,1.009867001266730180e-01,1.226080852970528490e+00,5.099182159430345508e-03
3.752000000000177295e-09,8.138930240026461815e-01,1.009867342093372644e-01,1.226680423612903192e+00,5.099184104871693456e-03
3.754000000000177081e-09,8.144465239069249574e-01,1.009867682518599818e-01,1.227279994259961038e+00,5.099186050447557933e-03
3.756000000000176868e-09,8.150000637674804649e-01,1.009868022543014693e-01,1.227879564911702692e+00,5.099187996135538456e-03
3.758000000000176654e-09,8.155536435344422630e-01,1.009868362167219702e-01,1.228479135568128600e+00,5.099189942007546252e-03
3.760000000000176440e-09,8.161072631580204018e-01,1.009868701391815754e-01,1.229078706229238316e+00,5.099191888016898176e-03
3.762000000000176226e-09,8.166609225885033130e-01,1.009869040217403063e-01,1.229678276895032951e+00,5.099193834247488927e-03
3.764000000000176013e-09,8.172146217762589204e-01,1.009869378644580457e-01,1.230277847565512506e+00,5.099195780584421696e-03
3.766000000000175799e-09,8.177683606717337517e-01,1.009869716673945927e-01,1.230877418240676979e+00,5.099197727063188058e-03
3.768000000000175585e-09,8.183221392254532711e-01,1.009870054306096360e-01,1.231476988920527482e+00,5.099199673632684796e-03
3.770000000000175372e-09,8.188759573880217690e-01,1.009870391541627527e-01,1.232076559605064014e+00,5.099201620311544572e-03
3.772000000000175158e-09,8.194298151101216954e-01,1.009870728381134092e-01,1.232676130294287020e+00,5.099203567117493660e-03
3.774000000000174944e-09,8.199837123425138818e-01,1.009871064825210163e-01,1.233275700988196277e+00,5.099205514035214451e-03
3.776000000000174731e-09,8.205376490360374309e-01,1.009871400874447905e-01,1.233875271686792674e+00,5.099207461127930677e-03
3.778000000000174517e-09,8.210916251416094935e-01,1.009871736529439484e-01,1.234474842390076654e+00,5.099209408352052206e-03
3.780000000000174303e-09,8.216456406102250476e-01,1.009872071790775122e-01,1.235074413098047774e+00,5.099211355799875001e-03
3.782000000000174089e-09,8.221996953929567864e-01,1.009872406659044347e-01,1.235673983810707144e+00,5.099213303361527748e-03
3.784000000000173876e-09,8.227537894409550079e-01,1.009872741134835994e-01,1.236273554528054763e+00,5.099215251076830158e-03
3.786000000000173662e-09,8.233079227054475036e-01,1.009873075218737370e-01,1.236873125250091077e+00,5.099217198880632088e-03
3.788000000000173448e-09,8.238620951377393364e-01,1.009873408911334952e-01,1.237472695976816528e+00,5.099219146791490742e-03
3.790000000000173235e-09,8.244163066892126190e-01,1.009873742213214104e-01,1.238072266708231339e+00,5.099221094820841418e-03
3.792000000000173021e-09,8.249705573113267354e-01,1.009874075124959497e-01,1.238671837444335511e+00,5.099223042962819884e-03
3.794000000000172807e-09,8.255248469556175639e-01,1.009874407647153999e-01,1.239271408185129708e+00,5.099224991272020488e-03
3.796000000000172594e-09,8.260791755736979214e-01,1.009874739780380615e-01,1.239870978930614376e+00,5.099226939709575884e-03
3.798000000000172380e-09,8.266335431172575632e-01,1.009875071525220130e-01,1.240470549680789514e+00,5.099228888371770164e-03
3.800000000000172166e-09,8.271879495380617398e-01,1.009875402882253054e-01,1.241070120435655788e+00,5.099230837152897086e-03
3.802000000000171952e-09,8.277423947879528621e-01,1.009875733852058782e-01,1.241669691195213199e+00,5.099232786098108032e-03
3.804000000000171739e-09,8.282968788188489473e-01,1.009876064435215326e-01,1.242269261959462190e+00,5.099234735128756711e-03
3.806000000000171525e-09,8.288514015827445069e-01,1.009876394632300139e-01,1.242868832728403206e+00,5.099236684266966052e-03
3.808000000000171311e-09,8.294059630317092147e-01,1.009876724443889567e-01,1.243468403502036690e+00,5.099238633515184617e-03
3.810000000000171098e-09,8.299605631178891274e-01,1.009877053870558566e-01,1.244067974280362643e+00,5.099240582876087349e-03
3.812000000000170884e-09,8.305152017935056863e-01,1.009877382912881677e-01,1.244667545063381286e+00,5.099242532399549284e-03
3.814000000000170670e-09,8.310698790108553835e-01,1.009877711571431913e-01,1.245267115851093287e+00,5.099244482046935527e-03
3.816000000000170457e-09,8.316245947223104285e-01,1.009878039846781317e-01,1.245866686643499088e+00,5.099246431919813270e-03
3.818000000000170243e-09,8.321793488803181926e-01,1.009878367739501653e-01,1.246466257440598913e+00,5.099248381915079224e-03
3.820000000000170029e-09,8.327341414374006545e-01,1.009878695250162606e-01,1.247065828242392538e+00,5.099250332081704633e-03
3.822000000000169815e-09,8.332889723461549547e-01,1.009879022379333580e-01,1.247665399048880852e+00,5.099252282332246422e-03
3.824000000000169602e-09,8.338438415592530628e-01,1.009879349127582870e-01,1.248264969860064300e+00,5.099254232690858014e-03
3.826000000000169388e-09,8.343987490294413334e-01,1.009879675495477663e-01,1.248864540675942880e+00,5.099256183153622404e-03
3.828000000000169174e-09,8.349536947095402839e-01,1.009880001483584311e-01,1.249464111496516816e+00,5.099258133729041471e-03
3.830000000000168961e-09,8.355086785524455939e-01,1.009880327092467639e-01,1.250063682321786551e+00,5.099260084463570243e-03
3.832000000000168747e-09,8.360637005111262177e-01,1.009880652322692196e-01,1.250663253151752752e+00,5.099262035318729083e-03
3.834000000000168533e-09,8.366187605386253834e-01,1.009880977174821282e-01,1.251262823986415418e+00,5.099263986398863344e-03
3.836000000000168320e-09,8.371738585880604822e-01,1.009881301649417085e-01,1.251862394825774549e+00,5.099265937602385883e-03
3.838000000000168106e-09,8.377289946126226239e-01,1.009881625747040962e-01,1.252461965669831034e+00,5.099267888981945558e-03
3.840000000000167892e-09,8.382841685655760822e-01,1.009881949468253159e-01,1.253061536518585095e+00,5.099269840443497806e-03
3.842000000000167678e-09,8.388393804002591825e-01,1.009882272813612952e-01,1.253661107372036954e+00,5.099271792014576157e-03
3.844000000000167465e-09,8.393946300700829699e-01,1.009882595783678921e-01,1.254260678230186832e+00,5.099273743687154914e-03
3.846000000000167251e-09,8.399499175285323194e-01,1.009882918379008260e-01,1.254860249093034952e+00,5.099275695470629338e-03
3.848000000000167037e-09,8.405052427291648254e-01,1.009883240600157328e-01,1.255459819960581758e+00,5.099277647411048532e-03
3.850000000000166824e-09,8.410606056256109131e-01,1.009883562447681793e-01,1.256059390832828138e+00,5.099279599470330111e-03
3.852000000000166610e-09,8.416160061715739493e-01,1.009883883922135794e-01,1.256658961709773648e+00,5.099281551753640819e-03
3.854000000000166396e-09,8.421714443208300205e-01,1.009884205024073195e-01,1.257258532591418732e+00,5.099283504160606086e-03
3.856000000000166183e-09,8.427269200272275995e-01,1.009884525754046192e-01,1.257858103477763834e+00,5.099285456746022356e-03
3.858000000000165969e-09,8.432824332446875459e-01,1.009884846112606566e-01,1.258457674368809398e+00,5.099287409410702479e-03
3.860000000000165755e-09,8.438379839272032168e-01,1.009885166100304710e-01,1.259057245264555647e+00,5.099289362186256586e-03
3.862000000000165541e-09,8.443935720288395785e-01,1.009885485717690462e-01,1.259656816165002802e+00,5.099291315062757721e-03
3.864000000000165328e-09,8.449491975037338731e-01,1.009885804965312411e-01,1.260256387070151085e+00,5.099293268047508203e-03
3.866000000000165114e-09,8.455048603060955070e-01,1.009886123843718314e-01,1.260855957980001163e+00,5.099295221188913756e-03
3.868000000000164900e-09,8.460605603902048300e-01,1.009886442353454955e-01,1.261455528894553035e+00,5.099297174449002150e-03
3.870000000000164687e-09,8.466162977104145781e-01,1.009886760495068148e-01,1.262055099813807368e+00,5.099299127932360731e-03
3.872000000000164473e-09,8.471720722211479870e-01,1.009887078269102595e-01,1.262654670737763940e+00,5.099301081537434450e-03
3.874000000000164259e-09,8.477278838769006786e-01,1.009887395676102445e-01,1.263254241666423638e+00,5.099303035321064992e-03
3.876000000000164045e-09,8.482837326322387739e-01,1.009887712716610458e-01,1.263853812599786464e+00,5.099304989181469190e-03
3.878000000000163832e-09,8.488396184417995594e-01,1.009888029391168840e-01,1.264453383537852860e+00,5.099306943152317161e-03
3.880000000000163618e-09,8.493955412602911537e-01,1.009888345700318546e-01,1.265052954480622827e+00,5.099308897225371569e-03
3.882000000000163404e-09,8.499515010424925077e-01,1.009888661644599561e-01,1.265652525428097031e+00,5.099310851404237170e-03
3.884000000000163191e-09,8.505074977432535155e-01,1.009888977224551454e-01,1.266252096380275693e+00,5.099312805741502107e-03
3.886000000000162977e-09,8.510635313174941263e-01,1.009889292440712127e-01,1.266851667337159038e+00,5.099314760198760468e-03
3.888000000000162763e-09,8.516196017202050106e-01,1.009889607293619068e-01,1.267451238298747507e+00,5.099316714878989777e-03
3.890000000000162550e-09,8.521757089064467827e-01,1.009889921783808514e-01,1.268050809265041101e+00,5.099318669677184619e-03
3.892000000000162336e-09,8.527318528313503343e-01,1.009890235911816148e-01,1.268650380236040487e+00,5.099320624651861554e-03
3.894000000000162122e-09,8.532880334501167230e-01,1.009890549678176264e-01,1.269249951211745886e+00,5.099322579701013637e-03
3.896000000000161908e-09,8.538442507180166174e-01,1.009890863083422602e-01,1.269849522192157742e+00,5.099324534858243330e-03
3.898000000000161695e-09,8.544005045903905193e-01,1.009891176128087514e-01,1.270449093177276056e+00,5.099326490120242514e-03
3.900000000000161481e-09,8.549567950226485413e-01,1.009891488812703214e-01,1.271048664167101494e+00,5.099328445486890626e-03
3.902000000000161267e-09,8.555131219702700740e-01,1.009891801137799971e-01,1.271648235161634055e+00,5.099330401016903720e-03
3.904000000000161054e-09,8.560694853888040079e-01,1.009892113103908196e-01,1.272247806160873962e+00,5.099332356669328443e-03
3.906000000000160840e-09,8.566258852338685115e-01,1.009892424711556352e-01,1.272847377164821880e+00,5.099334312543958234e-03
3.908000000000160626e-09,8.571823214611510311e-01,1.009892735961272908e-01,1.273446948173477811e+00,5.099336268529992833e-03
3.910000000000160413e-09,8.577387940264072919e-01,1.009893046853584664e-01,1.274046519186842197e+00,5.099338224688771196e-03
3.912000000000160199e-09,8.582953028854624078e-01,1.009893357389018004e-01,1.274646090204915261e+00,5.099340180919818138e-03
3.914000000000159985e-09,8.588518479942102157e-01,1.009893667568098063e-01,1.275245661227697669e+00,5.099342137254104547e-03
3.916000000000159771e-09,8.594084293086126092e-01,1.009893977391349423e-01,1.275845232255189421e+00,5.099344093697273476e-03
3.918000000000159558e-09,8.599650467847006485e-01,1.009894286859295415e-01,1.276444803287390739e+00,5.099346050245914461e-03
3.920000000000159344e-09,8.605217003785733398e-01,1.009894595972458536e-01,1.277044374324302289e+00,5.099348006966008574e-03
3.922000000000159130e-09,8.610783900463974128e-01,1.009894904731360732e-01,1.277643945365923850e+00,5.099349963809745971e-03
3.924000000000158917e-09,8.616351157444085418e-01,1.009895213136522280e-01,1.278243516412256087e+00,5.099351920873705646e-03
3.926000000000158703e-09,8.621918774289097920e-01,1.009895521188463596e-01,1.278843087463299222e+00,5.099353878043006404e-03
3.928000000000158489e-09,8.627486750562722850e-01,1.009895828887703018e-01,1.279442658519053477e+00,5.099355835379708844e-03
3.930000000000158276e-09,8.633055085829345332e-01,1.009896136234759156e-01,1.280042229579519519e+00,5.099357792784874749e-03
3.932000000000158062e-09,8.638623779654031054e-01,1.009896443230148683e-01,1.280641800644697126e+00,5.099359750287244149e-03
3.934000000000157848e-09,8.644192831602512950e-01,1.009896749874388128e-01,1.281241371714586741e+00,5.099361707905457515e-03
3.936000000000157634e-09,8.649762241241204519e-01,1.009897056167992913e-01,1.281840942789189031e+00,5.099363665632668761e-03
3.938000000000157421e-09,8.655332008137186506e-01,1.009897362111477070e-01,1.282440513868504217e+00,5.099365623541788316e-03
3.940000000000157207e-09,8.660902131858211339e-01,1.009897667705354635e-01,1.283040084952532300e+00,5.099367581572701071e-03
3.942000000000156993e-09,8.666472611972702023e-01,1.009897972950138112e-01,1.283639656041273724e+00,5.099369539819916496e-03
3.944000000000156780e-09,8.672043448049746583e-01,1.009898277846339038e-01,1.284239227134728711e+00,5.099371498165267830e-03
3.946000000000156566e-09,8.677614639659105844e-01,1.009898582394468947e-01,1.284838798232897483e+00,5.099373456672801931e-03
3.948000000000156352e-09,8.683186186371198989e-01,1.009898886595037015e-01,1.285438369335780484e+00,5.099375415248913121e-03
3.950000000000156139e-09,8.688758087757116888e-01,1.009899190448553113e-01,1.286037940443378158e+00,5.099377373917178893e-03
3.952000000000155925e-09,8.694330343388606552e-01,1.009899493955525168e-01,1.286637511555690727e+00,5.099379332706844951e-03
3.954000000000155711e-09,8.699902952838083348e-01,1.009899797116460413e-01,1.287237082672718413e+00,5.099381291605717924e-03
3.956000000000155497e-09,8.705475915678618781e-01,1.009900099931865802e-01,1.287836653794461439e+00,5.099383250698176495e-03
3.958000000000155284e-09,8.711049231483947164e-01,1.009900402402246350e-01,1.288436224920920248e+00,5.099385209910306700e-03
3.960000000000155070e-09,8.716622899828457838e-01,1.009900704528107346e-01,1.289035796052095062e+00,5.099387169335172984e-03
3.962000000000154856e-09,8.722196920287201838e-01,1.009901006309952415e-01,1.289635367187986326e+00,5.099389128851433174e-03
3.964000000000154643e-09,8.727771292435880790e-01,1.009901307748284488e-01,1.290234938328594261e+00,5.099391088522740347e-03
3.966000000000154429e-09,8.733346015850856903e-01,1.009901608843605941e-01,1.290834509473918867e+00,5.099393048267218155e-03
3.968000000000154215e-09,8.738921090109140755e-01,1.009901909596417763e-01,1.291434080623960590e+00,5.099395008101457495e-03
3.970000000000154002e-09,8.744496514788395736e-01,1.009902210007220524e-01,1.292033651778719872e+00,5.099396968059647164e-03
3.972000000000153788e-09,8.750072289466941378e-01,1.009902510076513826e-01,1.292633222938197157e+00,5.099398928127817435e-03
3.974000000000153574e-09,8.755648413723742252e-01,1.009902809804796159e-01,1.293232794102392891e+00,5.099400888402217703e-03
3.976000000000153360e-09,8.761224887138411299e-01,1.009903109192565318e-01,1.293832365271306406e+00,5.099402848793801145e-03
3.978000000000153147e-09,8.766801709291212052e-01,1.009903408240318406e-01,1.294431936444938813e+00,5.099404809392451589e-03
3.980000000000152933e-09,8.772378879763051973e-01,1.009903706948551416e-01,1.295031507623290556e+00,5.099406770070350273e-03
3.982000000000152719e-09,8.777956398135485783e-01,1.009904005317759784e-01,1.295631078806361192e+00,5.099408730896180970e-03
3.984000000000152506e-09,8.783534263990712132e-01,1.009904303348437560e-01,1.296230649994151385e+00,5.099410691802545338e-03
3.986000000000152292e-09,8.789112476911570271e-01,1.009904601041078376e-01,1.296830221186661802e+00,5.099412652794870458e-03
3.988000000000152078e-09,8.794691036481540047e-01,1.009904898396175033e-01,1.297429792383892222e+00,5.099414613921266284e-03
3.990000000000151865e-09,8.800269942284746350e-01,1.009905195414219498e-01,1.298029363585843088e+00,5.099416575158071188e-03
3.992000000000151651e-09,8.805849193905950223e-01,1.009905492095702351e-01,1.298628934792514622e+00,5.099418536608121312e-03
3.994000000000151437e-09,8.811428790930549981e-01,1.009905788441114033e-01,1.299228506003907269e+00,5.099420498170133959e-03
3.996000000000151223e-09,8.817008732944583427e-01,1.009906084450943597e-01,1.299828077220021250e+00,5.099422459928486077e-03
3.998000000000151010e-09,8.822589019534722299e-01,1.009906380125679681e-01,1.300427648440857009e+00,5.099424421755422224e-03
4.000000000000150796e-09,8.828169650288273385e-01,1.009906675465809672e-01,1.301027219666414547e+00,5.099426383720116231e-03
4.002000000000150582e-09,8.833750624793176298e-01,1.009906970471820681e-01,1.301626790896694086e+00,5.099428345777959684e-03
4.004000000000150369e-09,8.839331942638003481e-01,1.009907265144198429e-01,1.302226362131696513e+00,5.099430307920841017e-03
4.006000000000150155e-09,8.844913603411960201e-01,1.009907559483427808e-01,1.302825933371421607e+00,5.099432270214007516e-03
4.008000000000149941e-09,8.850495606704877893e-01,1.009907853489993429e-01,1.303425504615869812e+00,5.099434232621831431e-03
4.010000000000149727e-09,8.856077952107217488e-01,1.009908147164378378e-01,1.304025075865041128e+00,5.099436195245377751e-03
4.012000000000149514e-09,8.861660639210069412e-01,1.009908440507065741e-01,1.304624647118936220e+00,5.099438157974530567e-03
4.014000000000149300e-09,8.867243667605152480e-01,1.009908733518536661e-01,1.305224218377555756e+00,5.099440120887351567e-03
4.016000000000149086e-09,8.872827036884803897e-01,1.009909026199272558e-01,1.305823789640899069e+00,5.099442083858867804e-03
4.018000000000148873e-09,8.878410746641991480e-01,1.009909318549753188e-01,1.306423360908967046e+00,5.099444046950155421e-03
4.020000000000148659e-09,8.883994796470303656e-01,1.009909610570458027e-01,1.307022932181759689e+00,5.099446010148999363e-03
4.022000000000148445e-09,8.889579185963950581e-01,1.009909902261865583e-01,1.307622503459277441e+00,5.099447973441081222e-03
4.024000000000148232e-09,8.895163914717764131e-01,1.009910193624453112e-01,1.308222074741520746e+00,5.099449936904839990e-03
4.026000000000148018e-09,8.900748982327194581e-01,1.009910484658698010e-01,1.308821646028489605e+00,5.099451900481614258e-03
4.028000000000147804e-09,8.906334388388309486e-01,1.009910775365075730e-01,1.309421217320184461e+00,5.099453864269009977e-03
4.030000000000147590e-09,8.911920132497795910e-01,1.009911065744061726e-01,1.310020788616605758e+00,5.099455828156018722e-03
4.032000000000147377e-09,8.917506214252958197e-01,1.009911355796130339e-01,1.310620359917753497e+00,5.099457792218162547e-03
4.034000000000147163e-09,8.923092633251712424e-01,1.009911645521754803e-01,1.311219931223627899e+00,5.099459756339139518e-03
4.036000000000146949e-09,8.928679389092591956e-01,1.009911934921408350e-01,1.311819502534229631e+00,5.099461720559333132e-03
4.038000000000146736e-09,8.934266481374739666e-01,1.009912223995562547e-01,1.312419073849558693e+00,5.099463684892761688e-03
4.040000000000146522e-09,8.939853909697914602e-01,1.009912512744688823e-01,1.313018645169615306e+00,5.099465649328709799e-03
4.042000000000146308e-09,8.945441673662479776e-01,1.009912801169256941e-01,1.313618216494399915e+00,5.099467613959502918e-03
4.044000000000146095e-09,8.951029772869415480e-01,1.009913089269736802e-01,1.314217787823912964e+00,5.099469578699405807e-03
4.046000000000145881e-09,8.956618206920301528e-01,1.009913377046597061e-01,1.314817359158154453e+00,5.099471543646548304e-03
4.048000000000145667e-09,8.962206975417333910e-01,1.009913664500305536e-01,1.315416930497124604e+00,5.099473508682474815e-03
4.050000000000145453e-09,8.967796077963310353e-01,1.009913951631329215e-01,1.316016501840823860e+00,5.099475473880544195e-03
4.052000000000145240e-09,8.973385514161632548e-01,1.009914238440134532e-01,1.316616073189252667e+00,5.099477439145475022e-03
4.054000000000145026e-09,8.978975283616308367e-01,1.009914524927186946e-01,1.317215644542411024e+00,5.099479404494428048e-03
4.056000000000144812e-09,8.984565385931948533e-01,1.009914811092951087e-01,1.317815215900299375e+00,5.099481369968706171e-03
4.058000000000144599e-09,8.990155820713763291e-01,1.009915096937890611e-01,1.318414787262917942e+00,5.099483335550853737e-03
4.060000000000144385e-09,8.995746587567565733e-01,1.009915382462469174e-01,1.319014358630266948e+00,5.099485301343580253e-03
4.062000000000144171e-09,9.001337686099767366e-01,1.009915667667148631e-01,1.319613930002347058e+00,5.099487267242779759e-03
4.064000000000143958e-09,9.006929115917379214e-01,1.009915952552390694e-01,1.320213501379158050e+00,5.099489233339895601e-03
4.066000000000143744e-09,9.012520876628009603e-01,1.009916237118655968e-01,1.320813072760700368e+00,5.099491199504221570e-03
4.068000000000143530e-09,9.018112967839859717e-01,1.009916521366404363e-01,1.321412644146974236e+00,5.099493165812903420e-03
4.070000000000143316e-09,9.023705389161731372e-01,1.009916805296095094e-01,1.322012215537980095e+00,5.099495132209081252e-03
4.072000000000143103e-09,9.029298140203017020e-01,1.009917088908186406e-01,1.322611786933717948e+00,5.099497098685848266e-03
4.074000000000142889e-09,9.034891220573704196e-01,1.009917372203136127e-01,1.323211358334188459e+00,5.099499065313925668e-03
4.076000000000142675e-09,9.040484629884367740e-01,1.009917655181400836e-01,1.323810929739391851e+00,5.099501032052939503e-03
4.078000000000142462e-09,9.046078367746180904e-01,1.009917937843436420e-01,1.324410501149327901e+00,5.099502999001774214e-03
4.080000000000142248e-09,9.051672433770899806e-01,1.009918220189698485e-01,1.325010072563997499e+00,5.099504966049579237e-03
4.082000000000142034e-09,9.057266827570874534e-01,1.009918502220641251e-01,1.325609643983400421e+00,5.099506933281696894e-03
4.084000000000141821e-09,9.062861548759040264e-01,1.009918783936718523e-01,1.326209215407537334e+00,5.099508900566009778e-03
4.086000000000141607e-09,9.068456596948915038e-01,1.009919065338382993e-01,1.326808786836408460e+00,5.099510867972450665e-03
4.088000000000141393e-09,9.074051971754610868e-01,1.009919346426086800e-01,1.327408358270014022e+00,5.099512835486724564e-03
4.090000000000141179e-09,9.079647672790820412e-01,1.009919627200281528e-01,1.328007929708354240e+00,5.099514803092818245e-03
4.092000000000140966e-09,9.085243699672815865e-01,1.009919907661417648e-01,1.328607501151429338e+00,5.099516770881140290e-03
4.094000000000140752e-09,9.090840052016455619e-01,1.009920187809944803e-01,1.329207072599239758e+00,5.099518738772406898e-03
4.096000000000140538e-09,9.096436729438180935e-01,1.009920467646312353e-01,1.329806644051785502e+00,5.099520706868465418e-03
4.098000000000140325e-09,9.102033731555007057e-01,1.009920747170968275e-01,1.330406215509067236e+00,5.099522675060867011e-03
4.100000000000140111e-09,9.107631057984535428e-01,1.009921026384360404e-01,1.331005786971085181e+00,5.099524643427135601e-03
4.102000000000139897e-09,9.113228708344944806e-01,1.009921305286935189e-01,1.331605358437839115e+00,5.099526611848761819e-03
4.104000000000139684e-09,9.118826682254984606e-01,1.009921583879138662e-01,1.332204929909329705e+00,5.099528580364662451e-03
4.106000000000139470e-09,9.124424979333987107e-01,1.009921862161416439e-01,1.332804501385557394e+00,5.099530548999743791e-03
4.108000000000139256e-09,9.130023599201856355e-01,1.009922140134212470e-01,1.333404072866521961e+00,5.099532517734257746e-03
4.110000000000139042e-09,9.135622541479071490e-01,1.009922417797970706e-01,1.334003644352224072e+00,5.099534486673234016e-03
4.112000000000138829e-09,9.141221805786683419e-01,1.009922695153134264e-01,1.334603215842664170e+00,5.099536455714589328e-03
4.114000000000138615e-09,9.146821391746318142e-01,1.009922972200145014e-01,1.335202787337841812e+00,5.099538424954626857e-03
4.116000000000138401e-09,9.152421298980166764e-01,1.009923248939444684e-01,1.335802358837757886e+00,5.099540394264888594e-03
4.118000000000138188e-09,9.158021527110995486e-01,1.009923525371473618e-01,1.336401930342412614e+00,5.099542363727010627e-03
4.120000000000137974e-09,9.163622075762136721e-01,1.009923801496672435e-01,1.337001501851805996e+00,5.099544333268774682e-03
4.122000000000137760e-09,9.169222944557493538e-01,1.009924077315479674e-01,1.337601073365938475e+00,5.099546302889591820e-03
4.124000000000137546e-09,9.174824133121530778e-01,1.009924352828334149e-01,1.338200644884810053e+00,5.099548272656274049e-03
4.126000000000137333e-09,9.180425641079285048e-01,1.009924628035673289e-01,1.338800216408421617e+00,5.099550242529945349e-03
4.128000000000137119e-09,9.186027468056349177e-01,1.009924902937934521e-01,1.339399787936772723e+00,5.099552212611018452e-03
4.130000000000136905e-09,9.191629613678888866e-01,1.009925177535553331e-01,1.339999359469864038e+00,5.099554182789514493e-03
4.132000000000136692e-09,9.197232077573628262e-01,1.009925451828965898e-01,1.340598931007695782e+00,5.099556153154594790e-03
4.134000000000136478e-09,9.202834859367851061e-01,1.009925725818606596e-01,1.341198502550268401e+00,5.099558123570102630e-03
4.136000000000136264e-09,9.208437958689407177e-01,1.009925999504909522e-01,1.341798074097581894e+00,5.099560094114868186e-03
4.138000000000136051e-09,9.214041375166698300e-01,1.009926272888307941e-01,1.342397645649636484e+00,5.099562064762338046e-03
4.140000000000135837e-09,9.219645108428695668e-01,1.009926545969234285e-01,1.342997217206432614e+00,5.099564035497120007e-03
4.142000000000135623e-09,9.225249158104916747e-01,1.009926818748120569e-01,1.343596788767970285e+00,5.099566006417530391e-03
4.144000000000135409e-09,9.230853523825441886e-01,1.009927091225397700e-01,1.344196360334250384e+00,5.099567977436077551e-03
4.146000000000135196e-09,9.236458205220906548e-01,1.009927363401495887e-01,1.344795931905272468e+00,5.099569948655711255e-03
4.148000000000134982e-09,9.242063201922499083e-01,1.009927635276845065e-01,1.345395503481036981e+00,5.099571919966377175e-03
4.150000000000134768e-09,9.247668513561961845e-01,1.009927906851873780e-01,1.345995075061544588e+00,5.099573891451695921e-03
4.152000000000134555e-09,9.253274139771592299e-01,1.009928178127010301e-01,1.346594646646795068e+00,5.099575862991768613e-03
4.154000000000134341e-09,9.258880080184237471e-01,1.009928449102681786e-01,1.347194218236789087e+00,5.099577834624826819e-03
4.156000000000134127e-09,9.264486334433291725e-01,1.009928719779315393e-01,1.347793789831526867e+00,5.099579806380823144e-03
4.158000000000133914e-09,9.270092902152706760e-01,1.009928990157336753e-01,1.348393361431008186e+00,5.099581778235416814e-03
4.160000000000133700e-09,9.275699782976976060e-01,1.009929260237171361e-01,1.348992933035233932e+00,5.099583750296136399e-03
4.162000000000133486e-09,9.281306976541142673e-01,1.009929530019243460e-01,1.349592504644203883e+00,5.099585722451852043e-03
4.164000000000133272e-09,9.286914482480798094e-01,1.009929799503976877e-01,1.350192076257918705e+00,5.099587694799687446e-03
4.166000000000133059e-09,9.292522300432077831e-01,1.009930068691794885e-01,1.350791647876378399e+00,5.099589667210023200e-03
4.168000000000132845e-09,9.298130430031664728e-01,1.009930337583119786e-01,1.351391219499583407e+00,5.099591639769302312e-03
4.170000000000132631e-09,9.303738870916777870e-01,1.009930606178373186e-01,1.351990791127533731e+00,5.099593612413536037e-03
4.172000000000132418e-09,9.309347622725190341e-01,1.009930874477975998e-01,1.352590362760229814e+00,5.099595585138627825e-03
4.174000000000132204e-09,9.314956685095208133e-01,1.009931142482348582e-01,1.353189934397671879e+00,5.099597558022588191e-03
4.176000000000131990e-09,9.320566057665680137e-01,1.009931410191910045e-01,1.353789506039860147e+00,5.099599531006701082e-03
4.178000000000131777e-09,9.326175740075997034e-01,1.009931677607079775e-01,1.354389077686795062e+00,5.099601504193351613e-03
4.180000000000131563e-09,9.331785731966086850e-01,1.009931944728275494e-01,1.354988649338476625e+00,5.099603477474302579e-03
4.182000000000131349e-09,9.337396032976418292e-01,1.009932211555914644e-01,1.355588220994905280e+00,5.099605450939840266e-03
4.184000000000131135e-09,9.343006642747990753e-01,1.009932478090413976e-01,1.356187792656081248e+00,5.099607424451258787e-03
4.186000000000130922e-09,9.348617560922343195e-01,1.009932744332189408e-01,1.356787364322004752e+00,5.099609398081795565e-03
4.188000000000130708e-09,9.354228787141554147e-01,1.009933010281656163e-01,1.357386935992676014e+00,5.099611371822720604e-03
4.190000000000130494e-09,9.359840321048229494e-01,1.009933275939229047e-01,1.357986507668095699e+00,5.099613345649399096e-03
4.192000000000130281e-09,9.365452162285510251e-01,1.009933541305321758e-01,1.358586079348263587e+00,5.099615319675148382e-03
4.194000000000130067e-09,9.371064310497070338e-01,1.009933806380347437e-01,1.359185651033179898e+00,5.099617293794838149e-03
4.196000000000129853e-09,9.376676765327113250e-01,1.009934071164718533e-01,1.359785222722845299e+00,5.099619268108313008e-03
4.198000000000129640e-09,9.382289526420375392e-01,1.009934335658846938e-01,1.360384794417259569e+00,5.099621242496094747e-03
4.200000000000129426e-09,9.387902593422119413e-01,1.009934599863143712e-01,1.360984366116423372e+00,5.099623217047886785e-03
4.202000000000129212e-09,9.393515965978139759e-01,1.009934863778019221e-01,1.361583937820336709e+00,5.099625191668390352e-03
4.204000000000128998e-09,9.399129643734754902e-01,1.009935127403883137e-01,1.362183509529000247e+00,5.099627166370556894e-03
4.206000000000128785e-09,9.404743626338812890e-01,1.009935390741144579e-01,1.362783081242413985e+00,5.099629141214289015e-03
4.208000000000128571e-09,9.410357913437683575e-01,1.009935653790211829e-01,1.363382652960577701e+00,5.099631116158266468e-03
4.210000000000128357e-09,9.415972504679264166e-01,1.009935916551492341e-01,1.363982224683492284e+00,5.099633091303798840e-03
4.212000000000128144e-09,9.421587399711974786e-01,1.009936179025393149e-01,1.364581796411157955e+00,5.099635066541667941e-03
4.214000000000127930e-09,9.427202598184758475e-01,1.009936441212320457e-01,1.365181368143574492e+00,5.099637041967856887e-03
4.216000000000127716e-09,9.432818099747080076e-01,1.009936703112680051e-01,1.365780939880742784e+00,5.099639017442660592e-03
4.218000000000127503e-09,9.438433904048922907e-01,1.009936964726876607e-01,1.366380511622662608e+00,5.099640993053288808e-03
4.220000000000127289e-09,9.444050010740795420e-01,1.009937226055314524e-01,1.366980083369334409e+00,5.099642968761795327e-03
4.222000000000127075e-09,9.449666419473722323e-01,1.009937487098397091e-01,1.367579655120758630e+00,5.099644944552076710e-03
4.224000000000126861e-09,9.455283129899241246e-01,1.009937747856527041e-01,1.368179226876935273e+00,5.099646920531508872e-03
4.226000000000126648e-09,9.460900141669414953e-01,1.009938008330107106e-01,1.368778798637864558e+00,5.099648896603335008e-03
4.228000000000126434e-09,9.466517454436819135e-01,1.009938268519538218e-01,1.369378370403546930e+00,5.099650872869580277e-03
4.230000000000126220e-09,9.472135067854543511e-01,1.009938528425221443e-01,1.369977942173982388e+00,5.099652849213483045e-03
4.232000000000126007e-09,9.477752981576195168e-01,1.009938788047556740e-01,1.370577513949171156e+00,5.099654825730649994e-03
4.234000000000125793e-09,9.483371195255890784e-01,1.009939047386943789e-01,1.371177085729114120e+00,5.099656802306427178e-03
4.236000000000125579e-09,9.488989708548263291e-01,1.009939306443781298e-01,1.371776657513810838e+00,5.099658778975575853e-03
4.238000000000125366e-09,9.494608521108455212e-01,1.009939565218467561e-01,1.372376229303261752e+00,5.099660755780429343e-03
4.240000000000125152e-09,9.500227632592119775e-01,1.009939823711399481e-01,1.372975801097467308e+00,5.099662732676389643e-03
4.242000000000124938e-09,9.505847042655420909e-01,1.009940081922974381e-01,1.373575372896427504e+00,5.099664709771082466e-03
4.244000000000124724e-09,9.511466750955031024e-01,1.009940339853588193e-01,1.374174944700142786e+00,5.099666686955265336e-03
4.246000000000124511e-09,9.517086757148131015e-01,1.009940597503636295e-01,1.374774516508613154e+00,5.099668664327843513e-03
4.248000000000124297e-09,9.522707060892406927e-01,1.009940854873513788e-01,1.375374088321839050e+00,5.099670641753288255e-03
4.250000000000124083e-09,9.528327661846053287e-01,1.009941111963614385e-01,1.375973660139820920e+00,5.099672619323450569e-03
4.252000000000123870e-09,9.533948559667769773e-01,1.009941368774331799e-01,1.376573231962558763e+00,5.099674596983116807e-03
4.254000000000123656e-09,9.539569754016758996e-01,1.009941625306058632e-01,1.377172803790052802e+00,5.099676574723772948e-03
4.256000000000123442e-09,9.545191244552726495e-01,1.009941881559187349e-01,1.377772375622303480e+00,5.099678552646183874e-03
4.258000000000123228e-09,9.550813030935882963e-01,1.009942137534109163e-01,1.378371947459310798e+00,5.099680530657769127e-03
4.260000000000123015e-09,9.556435112826940914e-01,1.009942393231215013e-01,1.378971519301075199e+00,5.099682508863125595e-03
4.262000000000122801e-09,9.562057489887109130e-01,1.009942648650895003e-01,1.379571091147596906e+00,5.099684487146430995e-03
4.264000000000122587e-09,9.567680161778102654e-01,1.009942903793538543e-01,1.380170662998875919e+00,5.099686465607917649e-03
4.266000000000122374e-09,9.573303128162130582e-01,1.009943158659534906e-01,1.380770234854912903e+00,5.099688444123473899e-03
4.268000000000122160e-09,9.578926388701903827e-01,1.009943413249271837e-01,1.381369806715708082e+00,5.099690422739729979e-03
4.270000000000121946e-09,9.584549943060626243e-01,1.009943667563137359e-01,1.381969378581261232e+00,5.099692401490406313e-03
4.272000000000121733e-09,9.590173790902001283e-01,1.009943921601517969e-01,1.382568950451572798e+00,5.099694380325539393e-03
4.274000000000121519e-09,9.595797931890229782e-01,1.009944175364800023e-01,1.383168522326643446e+00,5.099696359357456035e-03
4.276000000000121305e-09,9.601422365690002181e-01,1.009944428853369325e-01,1.383768094206472954e+00,5.099698338476831364e-03
4.278000000000121091e-09,9.607047091966506303e-01,1.009944682067610705e-01,1.384367666091061766e+00,5.099700317783750249e-03
4.280000000000120878e-09,9.612672110385420687e-01,1.009944935007908579e-01,1.384967237980409882e+00,5.099702297145006745e-03
4.282000000000120664e-09,9.618297420612916815e-01,1.009945187674646389e-01,1.385566809874517968e+00,5.099704276654512709e-03
4.284000000000120450e-09,9.623923022315657994e-01,1.009945440068207578e-01,1.386166381773385803e+00,5.099706256250845920e-03
4.286000000000120237e-09,9.629548915160799361e-01,1.009945692188974203e-01,1.386765953677014274e+00,5.099708235927408358e-03
4.288000000000120023e-09,9.635175098815980110e-01,1.009945944037328319e-01,1.387365525585402937e+00,5.099710215783582329e-03
4.290000000000119809e-09,9.640801572949333487e-01,1.009946195613650732e-01,1.387965097498552458e+00,5.099712195726194101e-03
4.292000000000119596e-09,9.646428337229475680e-01,1.009946446918322249e-01,1.388564669416463060e+00,5.099714175860756496e-03
4.294000000000119382e-09,9.652055391325515821e-01,1.009946697951722427e-01,1.389164241339134742e+00,5.099716156070685687e-03
4.296000000000119168e-09,9.657682734907041544e-01,1.009946948714230824e-01,1.389763813266567949e+00,5.099718136459214200e-03
4.298000000000118954e-09,9.663310367644131205e-01,1.009947199206225610e-01,1.390363385198762902e+00,5.099720116901402048e-03
4.300000000000118741e-09,9.668938289207347214e-01,1.009947449428084953e-01,1.390962957135719602e+00,5.099722097446864055e-03
4.302000000000118527e-09,9.674566499267730491e-01,1.009947699380186192e-01,1.391562529077438715e+00,5.099724078129622487e-03
4.304000000000118313e-09,9.680194997496809339e-01,1.009947949062906108e-01,1.392162101023920240e+00,5.099726058892498255e-03
4.306000000000118100e-09,9.685823783566592793e-01,1.009948198476620512e-01,1.392761672975164400e+00,5.099728039849618817e-03
4.308000000000117886e-09,9.691452857149568390e-01,1.009948447621705075e-01,1.393361244931171639e+00,5.099730020893521523e-03
4.310000000000117672e-09,9.697082217918708835e-01,1.009948696498534498e-01,1.393960816891941956e+00,5.099732002124667679e-03
4.312000000000117459e-09,9.702711865547457570e-01,1.009948945107482787e-01,1.394560388857475575e+00,5.099733983407743650e-03
4.314000000000117245e-09,9.708341799709745423e-01,1.009949193448923810e-01,1.395159960827772938e+00,5.099735964838539130e-03
4.316000000000117031e-09,9.713972020079972847e-01,1.009949441523230323e-01,1.395759532802834268e+00,5.099737946358760474e-03
4.318000000000116817e-09,9.719602526333024350e-01,1.009949689330774669e-01,1.396359104782659788e+00,5.099739927957296776e-03
4.320000000000116604e-09,9.725233318144252959e-01,1.009949936871928494e-01,1.396958676767249719e+00,5.099741909739400648e-03
4.322000000000116390e-09,9.730864395189492422e-01,1.009950184147063168e-01,1.397558248756604282e+00,5.099743891605128601e-03
4.324000000000116176e-09,9.736495757145048335e-01,1.009950431156548672e-01,1.398157820750723701e+00,5.099745873658310773e-03
4.326000000000115963e-09,9.742127403687698139e-01,1.009950677900755267e-01,1.398757392749608197e+00,5.099747855781287809e-03
4.328000000000115749e-09,9.747759334494693340e-01,1.009950924380051962e-01,1.399356964753257992e+00,5.099749838079390384e-03
4.330000000000115535e-09,9.753391549243757286e-01,1.009951170594807213e-01,1.399956536761673531e+00,5.099751820433414372e-03
4.332000000000115322e-09,9.759024047613082953e-01,1.009951416545389336e-01,1.400556108774854813e+00,5.099753802891176559e-03
4.334000000000115108e-09,9.764656829281334049e-01,1.009951662232165537e-01,1.401155680792802283e+00,5.099755785494234847e-03
4.336000000000114894e-09,9.770289893927645020e-01,1.009951907655502745e-01,1.401755252815515940e+00,5.099757768172227985e-03
4.338000000000114680e-09,9.775923241231613270e-01,1.009952152815766779e-01,1.402354824842996228e+00,5.099759751042849155e-03
4.340000000000114467e-09,9.781556870873310272e-01,1.009952397713323319e-01,1.402954396875243148e+00,5.099761734000475381e-03
4.342000000000114253e-09,9.787190782533268241e-01,1.009952642348537766e-01,1.403553968912257366e+00,5.099763717145668583e-03
4.344000000000114039e-09,9.792824975892491235e-01,1.009952886721773718e-01,1.404153540954038881e+00,5.099765700338189378e-03
4.346000000000113826e-09,9.798459450632442946e-01,1.009953130833395468e-01,1.404753113000587694e+00,5.099767683671742324e-03
4.348000000000113612e-09,9.804094206435053360e-01,1.009953374683765781e-01,1.405352685051904249e+00,5.099769667102007839e-03
4.350000000000113398e-09,9.809729242982718755e-01,1.009953618273247561e-01,1.405952257107988768e+00,5.099771650609909168e-03
4.352000000000113185e-09,9.815364559958289492e-01,1.009953861602202463e-01,1.406551829168841694e+00,5.099773634310445468e-03
4.354000000000112971e-09,9.821000157045089995e-01,1.009954104670991726e-01,1.407151401234462806e+00,5.099775618090402612e-03
4.356000000000112757e-09,9.826636033926894331e-01,1.009954347479976172e-01,1.407750973304852771e+00,5.099777602050022465e-03
4.358000000000112543e-09,9.832272190287945079e-01,1.009954590029516069e-01,1.408350545380011809e+00,5.099779586070745351e-03
4.360000000000112330e-09,9.837908625812935570e-01,1.009954832319970852e-01,1.408950117459939921e+00,5.099781570260977608e-03
4.362000000000112116e-09,9.843545340187026538e-01,1.009955074351699261e-01,1.409549689544637330e+00,5.099783554513392762e-03
4.364000000000111902e-09,9.849182333095832798e-01,1.009955316125059899e-01,1.410149261634104478e+00,5.099785538868227726e-03
4.366000000000111689e-09,9.854819604225421026e-01,1.009955557640410395e-01,1.410748833728341811e+00,5.099787523381331053e-03
4.368000000000111475e-09,9.860457153262324193e-01,1.009955798898107826e-01,1.411348405827348884e+00,5.099789507964564914e-03
4.370000000000111261e-09,9.866094979893521577e-01,1.009956039898508851e-01,1.411947977931126363e+00,5.099791492739287092e-03
4.372000000000111047e-09,9.871733083806453202e-01,1.009956280641969295e-01,1.412547550039674471e+00,5.099793477596688794e-03
4.374000000000110834e-09,9.877371464689007619e-01,1.009956521128844709e-01,1.413147122152993429e+00,5.099795462640640924e-03
4.376000000000110620e-09,9.883010122229529681e-01,1.009956761359489946e-01,1.413746694271083237e+00,5.099797447731009049e-03
4.378000000000110406e-09,9.888649056116816105e-01,1.009957001334258753e-01,1.414346266393944340e+00,5.099799432951530008e-03
4.380000000000110193e-09,9.894288266040114355e-01,1.009957241053505150e-01,1.414945838521577404e+00,5.099801418283625778e-03
4.382000000000109979e-09,9.899927751689121536e-01,1.009957480517581913e-01,1.415545410653981762e+00,5.099803403686578064e-03
4.384000000000109765e-09,9.905567512753986614e-01,1.009957719726841813e-01,1.416144982791158080e+00,5.099805389285116085e-03
4.386000000000109552e-09,9.911207548925307087e-01,1.009957958681636514e-01,1.416744554933106803e+00,5.099807374962655147e-03
4.388000000000109338e-09,9.916847859894127870e-01,1.009958197382316986e-01,1.417344127079827931e+00,5.099809360819628802e-03
4.390000000000109124e-09,9.922488445351939079e-01,1.009958435829234474e-01,1.417943699231321908e+00,5.099811346734029610e-03
4.392000000000108910e-09,9.928129304990683801e-01,1.009958674022738701e-01,1.418543271387588733e+00,5.099813332807833291e-03
4.394000000000108697e-09,9.933770438502743660e-01,1.009958911963179384e-01,1.419142843548628630e+00,5.099815318954550869e-03
4.396000000000108483e-09,9.939411845580949922e-01,1.009959149650905413e-01,1.419742415714441819e+00,5.099817305191573814e-03
4.398000000000108269e-09,9.945053525918579052e-01,1.009959387086265259e-01,1.420341987885028967e+00,5.099819291598852063e-03
4.400000000000108056e-09,9.950695479209344940e-01,1.009959624269606560e-01,1.420941560060389630e+00,5.099821278080431987e-03
4.402000000000107842e-09,9.956337705147412231e-01,1.009959861201276676e-01,1.421541132240524474e+00,5.099823264749208523e-03
4.404000000000107628e-09,9.961980203427381886e-01,1.009960097881622137e-01,1.422140704425433722e+00,5.099825251486532658e-03
4.406000000000107415e-09,9.967622973744300063e-01,1.009960334310989194e-01,1.422740276615117372e+00,5.099827238405048660e-03
4.408000000000107201e-09,9.973266015793647021e-01,1.009960570489723264e-01,1.423339848809575647e+00,5.099829225375541314e-03
4.410000000000106987e-09,9.978909329271350437e-01,1.009960806418169349e-01,1.423939421008809214e+00,5.099831212465431515e-03
4.412000000000106773e-09,9.984552913873774305e-01,1.009961042096671757e-01,1.424538993212817850e+00,5.099833199692442934e-03
4.414000000000106560e-09,9.990196769297715607e-01,1.009961277525574241e-01,1.425138565421601999e+00,5.099835186982037971e-03
4.416000000000106346e-09,9.995840895240415414e-01,1.009961512705220138e-01,1.425738137635161884e+00,5.099837174460847104e-03
4.418000000000106132e-09,1.000148529139955222e+00,1.009961747635952090e-01,1.426337709853497504e+00,5.099839162020832622e-03
4.420000000000105919e-09,1.000712995747323308e+00,1.009961982318112184e-01,1.426937282076609304e+00,5.099841149766672944e-03
4.422000000000105705e-09,1.001277489316000358e+00,1.009962216752042091e-01,1.427536854304497282e+00,5.099843137561390835e-03
4.424000000000105491e-09,1.001842009815884671e+00,1.009962450938082651e-01,1.428136426537162329e+00,5.099845125503352922e-03
4.426000000000105278e-09,1.002406557216917848e+00,1.009962684876574285e-01,1.428735998774603777e+00,5.099847113539153140e-03
4.428000000000105064e-09,1.002971131489084122e+00,1.009962918567856860e-01,1.429335571016822515e+00,5.099849101649771115e-03
4.430000000000104850e-09,1.003535732602412134e+00,1.009963152012269827e-01,1.429935143263818542e+00,5.099851089947333299e-03
4.432000000000104636e-09,1.004100360526972047e+00,1.009963385210151665e-01,1.430534715515591859e+00,5.099853078318238725e-03
4.434000000000104423e-09,1.004665015232878655e+00,1.009963618161840715e-01,1.431134287772143132e+00,5.099855066865177818e-03
4.436000000000104209e-09,1.005229696690288943e+00,1.009963850867674762e-01,1.431733860033472139e+00,5.099857055471033324e-03
4.438000000000103995e-09,1.005794404869402969e+00,1.009964083327990481e-01,1.432333432299579545e+00,5.099859044248452981e-03
4.440000000000103782e-09,1.006359139740463426e+00,1.009964315543124824e-01,1.432933004570465130e+00,5.099861033085449982e-03
4.442000000000103568e-09,1.006923901273755861e+00,1.009964547513413219e-01,1.433532576846129780e+00,5.099863022028694459e-03
4.444000000000103354e-09,1.007488689439608898e+00,1.009964779239191646e-01,1.434132149126573053e+00,5.099865011137251145e-03
4.446000000000103141e-09,1.008053504208393347e+00,1.009965010720794559e-01,1.434731721411795391e+00,5.099867000305965438e-03
4.448000000000102927e-09,1.008618345550522433e+00,1.009965241958556553e-01,1.435331293701797017e+00,5.099868989660929185e-03
4.450000000000102713e-09,1.009183213436452675e+00,1.009965472952811250e-01,1.435930865996578154e+00,5.099870979086883888e-03
4.452000000000102499e-09,1.009748107836681896e+00,1.009965703703891715e-01,1.436530438296139023e+00,5.099872968697440924e-03
4.454000000000102286e-09,1.010313028721750994e+00,1.009965934212130878e-01,1.437130010600480068e+00,5.099874958359648484e-03
4.456000000000102072e-09,1.010877976062242611e+00,1.009966164477860695e-01,1.437729582909601289e+00,5.099876948150325329e-03
4.458000000000101858e-09,1.011442949828782245e+00,1.009966394501412845e-01,1.438329155223502687e+00,5.099878938065641187e-03
4.460000000000101645e-09,1.012007949992036693e+00,1.009966624283118314e-01,1.438928727542184927e+00,5.099880928039917695e-03
4.462000000000101431e-09,1.012572976522715384e+00,1.009966853823307392e-01,1.439528299865648009e+00,5.099882918202097715e-03
4.464000000000101217e-09,1.013138029391569495e+00,1.009967083122310372e-01,1.440127872193892156e+00,5.099884908443836490e-03
4.466000000000101004e-09,1.013703108569391942e+00,1.009967312180456572e-01,1.440727444526917811e+00,5.099886898869332788e-03
4.468000000000100790e-09,1.014268214027018056e+00,1.009967540998074620e-01,1.441327016864724975e+00,5.099888889344247889e-03
4.470000000000100576e-09,1.014833345735323578e+00,1.009967769575493141e-01,1.441926589207313869e+00,5.099890879969908725e-03
4.472000000000100362e-09,1.015398503665227325e+00,1.009967997913039511e-01,1.442526161554684716e+00,5.099892870682414155e-03
4.474000000000100149e-09,1.015963687787688974e+00,1.009968226011041387e-01,1.443125733906837738e+00,5.099894861474726405e-03
4.476000000000099935e-09,1.016528898073710385e+00,1.009968453869825311e-01,1.443725306263773156e+00,5.099896852449620904e-03
4.478000000000099721e-09,1.017094134494334057e+00,1.009968681489717551e-01,1.444324878625491415e+00,5.099898843494674559e-03
4.480000000000099508e-09,1.017659397020643786e+00,1.009968908871043680e-01,1.444924450991992515e+00,5.099900834714773956e-03
4.482000000000099294e-09,1.018224685623765779e+00,1.009969136014128577e-01,1.445524023363276678e+00,5.099902825992247597e-03
4.484000000000099080e-09,1.018790000274866214e+00,1.009969362919297120e-01,1.446123595739343903e+00,5.099904817443477213e-03
4.486000000000098867e-09,1.019355340945153676e+00,1.009969589586873495e-01,1.446723168120195080e+00,5.099906808951349887e-03
4.488000000000098653e-09,1.019920707605876720e+00,1.009969816017180916e-01,1.447322740505829763e+00,5.099908800572262348e-03
4.490000000000098439e-09,1.020486100228325643e+00,1.009970042210542457e-01,1.447922312896248620e+00,5.099910792357522510e-03
4.492000000000098225e-09,1.021051518783831380e+00,1.009970268167280361e-01,1.448521885291451428e+00,5.099912784195565971e-03
4.494000000000098012e-09,1.021616963243765497e+00,1.009970493887717147e-01,1.449121457691438630e+00,5.099914776216912457e-03
4.496000000000097798e-09,1.022182433579541305e+00,1.009970719372173670e-01,1.449721030096210672e+00,5.099916768304856712e-03
4.498000000000097584e-09,1.022747929762612085e+00,1.009970944620970923e-01,1.450320602505767553e+00,5.099918760576213281e-03
4.500000000000097371e-09,1.023313451764471527e+00,1.009971169634429483e-01,1.450920174920109496e+00,5.099920752900419067e-03
4.502000000000097157e-09,1.023878999556654623e+00,1.009971394412868956e-01,1.451519747339236943e+00,5.099922745359268018e-03
4.504000000000096943e-09,1.024444573110736778e+00,1.009971618956608808e-01,1.452119319763149452e+00,5.099924737944579178e-03
4.506000000000096729e-09,1.025010172398333808e+00,1.009971843265967534e-01,1.452718892191847910e+00,5.099926730582003166e-03
4.508000000000096516e-09,1.025575797391101274e+00,1.009972067341263907e-01,1.453318464625332096e+00,5.099928723404606283e-03
4.510000000000096302e-09,1.026141448060736261e+00,1.009972291182815035e-01,1.453918037063602897e+00,5.099930716302459102e-03
4.512000000000096088e-09,1.026707124378975378e+00,1.009972514790938858e-01,1.454517609506659870e+00,5.099932709384548228e-03
4.514000000000095875e-09,1.027272826317594978e+00,1.009972738165951511e-01,1.455117181954503458e+00,5.099934702517074439e-03
4.516000000000095661e-09,1.027838553848412717e+00,1.009972961308169548e-01,1.455716754407133662e+00,5.099936695799993369e-03
4.518000000000095447e-09,1.028404306943284885e+00,1.009973184217908410e-01,1.456316326864551147e+00,5.099938689173815279e-03
4.520000000000095234e-09,1.028970085574109072e+00,1.009973406895483539e-01,1.456915899326755914e+00,5.099940682622329177e-03
4.522000000000095020e-09,1.029535889712822394e+00,1.009973629341209267e-01,1.457515471793747741e+00,5.099942676252101730e-03
4.524000000000094806e-09,1.030101719331401267e+00,1.009973851555400065e-01,1.458115044265527516e+00,5.099944669950346419e-03
4.526000000000094592e-09,1.030667574401862074e+00,1.009974073538369155e-01,1.458714616742095238e+00,5.099946663822973320e-03
4.528000000000094379e-09,1.031233454896261614e+00,1.009974295290430174e-01,1.459314189223451130e+00,5.099948657749532772e-03
4.530000000000094165e-09,1.031799360786695541e+00,1.009974516811895096e-01,1.459913761709595192e+00,5.099950651845788947e-03
4.532000000000093951e-09,1.032365292045299254e+00,1.009974738103076586e-01,1.460513334200527868e+00,5.099952646003219278e-03
4.534000000000093738e-09,1.032931248644247679e+00,1.009974959164285924e-01,1.461112906696249159e+00,5.099954640271247772e-03
4.536000000000093524e-09,1.033497230555755486e+00,1.009975179995834388e-01,1.461712479196759729e+00,5.099956634711174351e-03
4.538000000000093310e-09,1.034063237752076425e+00,1.009975400598032425e-01,1.462312051702059135e+00,5.099958629201603935e-03
4.540000000000093097e-09,1.034629270205503104e+00,1.009975620971190202e-01,1.462911624212148043e+00,5.099960623867004668e-03
4.542000000000092883e-09,1.035195327888368766e+00,1.009975841115617057e-01,1.463511196727026897e+00,5.099962618590586291e-03
4.544000000000092669e-09,1.035761410773043734e+00,1.009976061031622324e-01,1.464110769246695254e+00,5.099964613495447385e-03
4.546000000000092455e-09,1.036327518831939631e+00,1.009976280719514646e-01,1.464710341771153557e+00,5.099966608455141354e-03
4.548000000000092242e-09,1.036893652037505387e+00,1.009976500179601694e-01,1.465309914300402250e+00,5.099968603547995298e-03
4.550000000000092028e-09,1.037459810362229895e+00,1.009976719412191137e-01,1.465909486834441333e+00,5.099970598781749555e-03
4.552000000000091814e-09,1.038025993778640466e+00,1.009976938417590231e-01,1.466509059373271029e+00,5.099972594059298640e-03
4.554000000000091601e-09,1.038592202259303710e+00,1.009977157196105674e-01,1.467108631916891781e+00,5.099974589520685046e-03
4.556000000000091387e-09,1.039158435776824208e+00,1.009977375748043055e-01,1.467708204465303590e+00,5.099976585050572213e-03
4.558000000000091173e-09,1.039724694303846286e+00,1.009977594073708379e-01,1.468307777018506677e+00,5.099978580763709496e-03
4.560000000000090960e-09,1.040290977813052020e+00,1.009977812173406403e-01,1.468907349576501264e+00,5.099980576530858262e-03
4.562000000000090746e-09,1.040857286277162341e+00,1.009978030047442021e-01,1.469506922139287575e+00,5.099982572444675295e-03
4.564000000000090532e-09,1.041423619668936817e+00,1.009978247696119019e-01,1.470106494706865830e+00,5.099984568467430361e-03
4.566000000000090318e-09,1.041989977961173208e+00,1.009978465119741181e-01,1.470706067279236473e+00,5.099986564546951651e-03
4.568000000000090105e-09,1.042556361126708353e+00,1.009978682318611459e-01,1.471305639856399505e+00,5.099988560802817122e-03
4.570000000000089891e-09,1.043122769138416617e+00,1.009978899293032667e-01,1.471905212438354704e+00,5.099990557127676016e-03
4.572000000000089677e-09,1.043689201969209890e+00,1.009979116043306646e-01,1.472504785025102958e+00,5.099992553631933941e-03
4.574000000000089464e-09,1.044255659592040475e+00,1.009979332569735239e-01,1.473104357616644045e+00,5.099994550187573507e-03
4.576000000000089250e-09,1.044822141979896868e+00,1.009979548872619592e-01,1.473703930212978630e+00,5.099996546900816170e-03
4.578000000000089036e-09,1.045388649105806422e+00,1.009979764952260162e-01,1.474303502814106492e+00,5.099998543690406616e-03
4.580000000000088823e-09,1.045955180942834462e+00,1.009979980808957262e-01,1.474903075420027854e+00,5.100000540575116287e-03
4.582000000000088609e-09,1.046521737464083390e+00,1.009980196443010653e-01,1.475502648030743158e+00,5.100002537639826070e-03
4.584000000000088395e-09,1.047088318642694471e+00,1.009980411854719262e-01,1.476102220646252405e+00,5.100004534760448592e-03
4.586000000000088181e-09,1.047654924451846714e+00,1.009980627044382018e-01,1.476701793266555818e+00,5.100006532052057603e-03
4.588000000000087968e-09,1.048221554864756211e+00,1.009980842012297153e-01,1.477301365891653839e+00,5.100008529396382259e-03
4.590000000000087754e-09,1.048788209854677023e+00,1.009981056758762485e-01,1.477900938521546692e+00,5.100010526915474234e-03
4.592000000000087540e-09,1.049354889394900958e+00,1.009981271284075000e-01,1.478500511156234154e+00,5.100012524492409695e-03
4.594000000000087327e-09,1.049921593458757130e+00,1.009981485588531680e-01,1.479100083795716891e+00,5.100014522192023933e-03
4.596000000000087113e-09,1.050488322019611953e+00,1.009981699672428679e-01,1.479699656439994682e+00,5.100016520057116913e-03
4.598000000000086899e-09,1.051055075050870036e+00,1.009981913536061870e-01,1.480299229089067969e+00,5.100018517962384354e-03
4.600000000000086686e-09,1.051621852525972622e+00,1.009982127179726713e-01,1.480898801742937199e+00,5.100020516040104993e-03
4.602000000000086472e-09,1.052188654418398039e+00,1.009982340603718109e-01,1.481498374401602369e+00,5.100022514174290880e-03
4.604000000000086258e-09,1.052755480701662583e+00,1.009982553808330408e-01,1.482097947065063481e+00,5.100024512489570623e-03
4.606000000000086044e-09,1.053322331349319407e+00,1.009982766793857262e-01,1.482697519733320757e+00,5.100026510859968602e-03
4.608000000000085831e-09,1.053889206334958528e+00,1.009982979560592464e-01,1.483297092406375084e+00,5.100028509371208781e-03
4.610000000000085617e-09,1.054456105632206819e+00,1.009983192108828837e-01,1.483896665084225797e+00,5.100030508019024605e-03
4.612000000000085403e-09,1.055023029214728458e+00,1.009983404438858784e-01,1.484496237766873339e+00,5.100032506704425816e-03
4.614000000000085190e-09,1.055589977056225148e+00,1.009983616550974711e-01,1.485095810454318155e+00,5.100034505570745676e-03
4.616000000000084976e-09,1.056156949130433453e+00,1.009983828445467774e-01,1.485695383146560244e+00,5.100036504500939788e-03
4.618000000000084762e-09,1.056723945411129240e+00,1.009984040122629129e-01,1.486294955843600052e+00,5.100038503613120271e-03
4.620000000000084548e-09,1.057290965872123456e+00,1.009984251582749376e-01,1.486894528545437577e+00,5.100040502780043422e-03
4.622000000000084335e-09,1.057858010487263911e+00,1.009984462826118978e-01,1.487494101252073264e+00,5.100042502097472050e-03
4.624000000000084121e-09,1.058425079230435273e+00,1.009984673853027287e-01,1.488093673963506891e+00,5.100044501525582107e-03
4.626000000000083907e-09,1.058992172075558846e+00,1.009984884663763655e-01,1.488693246679738680e+00,5.100046501005973260e-03
4.628000000000083694e-09,1.059559288996591908e+00,1.009985095258616600e-01,1.489292819400769297e+00,5.100048500658913887e-03
4.630000000000083480e-09,1.060126429967528816e+00,1.009985305637874781e-01,1.489892392126598741e+00,5.100050500374531809e-03
4.632000000000083266e-09,1.060693594962399677e+00,1.009985515801825745e-01,1.490491964857227236e+00,5.100052500271206289e-03
4.634000000000083053e-09,1.061260783955270570e+00,1.009985725750757041e-01,1.491091537592654781e+00,5.100054500220302378e-03
4.636000000000082839e-09,1.061827996920245321e+00,1.009985935484955383e-01,1.491691110332881598e+00,5.100056500326371860e-03
4.638000000000082625e-09,1.062395233831462171e+00,1.009986145004707486e-01,1.492290683077907909e+00,5.100058500513629869e-03
4.640000000000082411e-09,1.062962494663096225e+00,1.009986354310298817e-01,1.492890255827734380e+00,5.100060500789798529e-03
4.642000000000082198e-09,1.063529779389359220e+00,1.009986563402015397e-01,1.493489828582360568e+00,5.100062501243876091e-03
4.644000000000081984e-09,1.064097087984497314e+00,1.009986772280141998e-01,1.494089401341787138e+00,5.100064501751966003e-03
4.646000000000081770e-09,1.064664420422794189e+00,1.009986980944963253e-01,1.494688974106014090e+00,5.100066502432339978e-03
4.648000000000081557e-09,1.065231776678568609e+00,1.009987189396763518e-01,1.495288546875041646e+00,5.100068503160637423e-03
4.650000000000081343e-09,1.065799156726174646e+00,1.009987397635826178e-01,1.495888119648870029e+00,5.100070504056908142e-03
4.652000000000081129e-09,1.066366560540003006e+00,1.009987605662434618e-01,1.496487692427499239e+00,5.100072505016841479e-03
4.654000000000080916e-09,1.066933988094480368e+00,1.009987813476871665e-01,1.497087265210929719e+00,5.100074506095424696e-03
4.656000000000080702e-09,1.067501439364067162e+00,1.009988021079419318e-01,1.497686837999161691e+00,5.100076507346383049e-03
4.658000000000080488e-09,1.068068914323261565e+00,1.009988228470359850e-01,1.498286410792195378e+00,5.100078508635814967e-03
4.660000000000080274e-09,1.068636412946595948e+00,1.009988435649974564e-01,1.498885983590031001e+00,5.100080510091968555e-03
4.662000000000080061e-09,1.069203935208638212e+00,1.009988642618544347e-01,1.499485556392668339e+00,5.100082511599760525e-03
4.664000000000079847e-09,1.069771481083992226e+00,1.009988849376349668e-01,1.500085129200107614e+00,5.100084513286953260e-03
4.666000000000079633e-09,1.070339050547296500e+00,1.009989055923670720e-01,1.500684702012349714e+00,5.100086515032361580e-03
4.668000000000079420e-09,1.070906643573225514e+00,1.009989262260787002e-01,1.501284274829394416e+00,5.100088516913523287e-03
4.670000000000079206e-09,1.071474260136487722e+00,1.009989468387977735e-01,1.501883847651241721e+00,5.100090518946405645e-03
4.672000000000078992e-09,1.072041900211828214e+00,1.009989674305521723e-01,1.502483420477892073e+00,5.100092521011404673e-03
4.674000000000078779e-09,1.072609563774026276e+00,1.009989880013696939e-01,1.503082993309345916e+00,5.100094523247054520e-03
4.676000000000078565e-09,1.073177250797896498e+00,1.009990085512781632e-01,1.503682566145602806e+00,5.100096525536535440e-03
4.678000000000078351e-09,1.073744961258287889e+00,1.009990290803052804e-01,1.504282138986663409e+00,5.100098528007889105e-03
4.680000000000078137e-09,1.074312695130085649e+00,1.009990495884787731e-01,1.504881711832527946e+00,5.100100530534730503e-03
4.682000000000077924e-09,1.074880452388207619e+00,1.009990700758262444e-01,1.505481284683196197e+00,5.100102533210373011e-03
4.684000000000077710e-09,1.075448233007609167e+00,1.009990905423753527e-01,1.506080857538669049e+00,5.100104536018268235e-03
4.686000000000077496e-09,1.076016036963277855e+00,1.009991109881536314e-01,1.506680430398946058e+00,5.100106538860493637e-03
4.688000000000077283e-09,1.076583864230237886e+00,1.009991314131886003e-01,1.507280003264027668e+00,5.100108541875405556e-03
4.690000000000077069e-09,1.077151714783546543e+00,1.009991518175077374e-01,1.507879576133914101e+00,5.100110544945525050e-03
4.692000000000076855e-09,1.077719588598297085e+00,1.009991722011384652e-01,1.508479149008605580e+00,5.100112548197610965e-03
4.694000000000076642e-09,1.078287485649615851e+00,1.009991925641081784e-01,1.509078721888102104e+00,5.100114551506546370e-03
4.696000000000076428e-09,1.078855405912664267e+00,1.009992129064442024e-01,1.509678294772403895e+00,5.100116554970788967e-03
4.698000000000076214e-09,1.079423349362638618e+00,1.009992332281738486e-01,1.510277867661511397e+00,5.100118558544148271e-03
4.700000000000076000e-09,1.079991315974768717e+00,1.009992535293243593e-01,1.510877440555424611e+00,5.100120562169230091e-03
4.702000000000075787e-09,1.080559305724319019e+00,1.009992738099229764e-01,1.511477013454143981e+00,5.100122565963757099e-03
4.704000000000075573e-09,1.081127318586587949e+00,1.009992940699968172e-01,1.512076586357669505e+00,5.100124569811423023e-03
4.706000000000075359e-09,1.081695354536908793e+00,1.009993143095730544e-01,1.512676159266001186e+00,5.100126573840349335e-03
4.708000000000075146e-09,1.082263413550647702e+00,1.009993345286787497e-01,1.513275732179139688e+00,5.100128577923758108e-03
4.710000000000074932e-09,1.082831495603205907e+00,1.009993547273409231e-01,1.513875305097084789e+00,5.100130582164557475e-03
4.712000000000074718e-09,1.083399600670017948e+00,1.009993749055865808e-01,1.514474878019836934e+00,5.100132586490412935e-03
4.714000000000074505e-09,1.083967728726553004e+00,1.009993950634427012e-01,1.515074450947395901e+00,5.100134590901226478e-03
4.716000000000074291e-09,1.084535879748313114e+00,1.009994152009361518e-01,1.515674023879762577e+00,5.100136595485034452e-03
4.718000000000074077e-09,1.085104053710835403e+00,1.009994353180938137e-01,1.516273596816936520e+00,5.100138600115777104e-03
4.720000000000073863e-09,1.085672250589689636e+00,1.009994554149425267e-01,1.516873169758918172e+00,5.100140604921073705e-03
4.722000000000073650e-09,1.086240470360479327e+00,1.009994754915090470e-01,1.517472742705707756e+00,5.100142609773760348e-03
4.724000000000073436e-09,1.086808712998842852e+00,1.009994955478201312e-01,1.518072315657305493e+00,5.100144614791224038e-03
4.726000000000073222e-09,1.087376978480450340e+00,1.009995155839024522e-01,1.518671888613711607e+00,5.100146619879277095e-03
4.728000000000073009e-09,1.087945266781007003e+00,1.009995355997826832e-01,1.519271461574926319e+00,5.100148625079052415e-03
4.730000000000072795e-09,1.088513577876250471e+00,1.009995555954874141e-01,1.519871034540949628e+00,5.100150630451628746e-03
4.732000000000072581e-09,1.089081911741952791e+00,1.009995755710432208e-01,1.520470607511781758e+00,5.100152635860356713e-03
4.734000000000072368e-09,1.089650268353918428e+00,1.009995955264766515e-01,1.521070180487422929e+00,5.100154641436026662e-03
4.736000000000072154e-09,1.090218647687985376e+00,1.009996154618141712e-01,1.521669753467873587e+00,5.100156647057413513e-03
4.738000000000071940e-09,1.090787049720025159e+00,1.009996353770822031e-01,1.522269326453133509e+00,5.100158652850335893e-03
4.740000000000071726e-09,1.091355474425942607e+00,1.009996552723071706e-01,1.522868899443203139e+00,5.100160658708199381e-03
4.742000000000071513e-09,1.091923921781674967e+00,1.009996751475154275e-01,1.523468472438082477e+00,5.100162664696155854e-03
4.744000000000071299e-09,1.092492391763193238e+00,1.009996950027332863e-01,1.524068045437771968e+00,5.100164670847212763e-03
4.746000000000071085e-09,1.093060884346501282e+00,1.009997148379870174e-01,1.524667618442271833e+00,5.100166677028028853e-03
4.748000000000070872e-09,1.093629399507635824e+00,1.009997346533028501e-01,1.525267191451581850e+00,5.100168683371617516e-03
4.750000000000070658e-09,1.094197937222666450e+00,1.009997544487069854e-01,1.525866764465702463e+00,5.100170689763307459e-03
4.752000000000070444e-09,1.094766497467695388e+00,1.009997742242255692e-01,1.526466337484633895e+00,5.100172696333501315e-03
4.754000000000070230e-09,1.095335080218858836e+00,1.009997939798846917e-01,1.527065910508376367e+00,5.100174702963498896e-03
4.756000000000070017e-09,1.095903685452324305e+00,1.009998137157104570e-01,1.527665483536930102e+00,5.100176709736256413e-03
4.758000000000069803e-09,1.096472313144292610e+00,1.009998334317288443e-01,1.528265056570295100e+00,5.100178716657825448e-03
4.760000000000069589e-09,1.097040963270997427e+00,1.009998531279658607e-01,1.528864629608471803e+00,5.100180723604715374e-03
4.762000000000069376e-09,1.097609635808704853e+00,1.009998728044474436e-01,1.529464202651459992e+00,5.100182730715862797e-03
4.764000000000069162e-09,1.098178330733712738e+00,1.009998924611995030e-01,1.530063775699260331e+00,5.100184737877336283e-03
4.766000000000068948e-09,1.098747048022352901e+00,1.009999120982478793e-01,1.530663348751872599e+00,5.100186745220886345e-03
4.768000000000068735e-09,1.099315787650988030e+00,1.009999317156183990e-01,1.531262921809297461e+00,5.100188752621629372e-03
4.770000000000068521e-09,1.099884549596015004e+00,1.009999513133368471e-01,1.531862494871534697e+00,5.100190760172792007e-03
4.772000000000068307e-09,1.100453333833861125e+00,1.009999708914289668e-01,1.532462067938584749e+00,5.100192767860170333e-03
4.774000000000068093e-09,1.101022140340986777e+00,1.009999904499204321e-01,1.533061641010447396e+00,5.100194775576074452e-03
4.776000000000067880e-09,1.101590969093885208e+00,1.010000099888369307e-01,1.533661214087123303e+00,5.100196783455026965e-03
4.778000000000067666e-09,1.102159820069080975e+00,1.010000295082040395e-01,1.534260787168612472e+00,5.100198791380018172e-03
4.780000000000067452e-09,1.102728693243130609e+00,1.010000490080473629e-01,1.534860360254914902e+00,5.100200799487357439e-03
4.782000000000067239e-09,1.103297588592623057e+00,1.010000684883924221e-01,1.535459933346031036e+00,5.100202807654236753e-03
4.784000000000067025e-09,1.103866506094179911e+00,1.010000879492647108e-01,1.536059506441961098e+00,5.100204815977923793e-03
4.786000000000066811e-09,1.104435445724453624e+00,1.010001073906896807e-01,1.536659079542705308e+00,5.100206824421684056e-03
4.788000000000066598e-09,1.105004407460128180e+00,1.010001268126927559e-01,1.537258652648263446e+00,5.100208832904834684e-03
4.790000000000066384e-09,1.105573391277921536e+00,1.010001462152993190e-01,1.537858225758635955e+00,5.100210841551744076e-03
4.792000000000066170e-09,1.106142397154581403e+00,1.010001655985346553e-01,1.538457798873823279e+00,5.100212850241606956e-03
4.794000000000065956e-09,1.106711425066887911e+00,1.010001849624241055e-01,1.539057371993825418e+00,5.100214859114221219e-03
4.796000000000065743e-09,1.107280474991652941e+00,1.010002043069928995e-01,1.539656945118642151e+00,5.100216868045435309e-03
4.798000000000065529e-09,1.107849546905719684e+00,1.010002236322662672e-01,1.540256518248274364e+00,5.100218877136466003e-03
4.800000000000065315e-09,1.108418640785963527e+00,1.010002429382693689e-01,1.540856091382721615e+00,5.100220886330540139e-03
4.802000000000065102e-09,1.108987756609290942e+00,1.010002622250273374e-01,1.541455664521984126e+00,5.100222895584689484e-03
4.804000000000064888e-09,1.109556894352639489e+00,1.010002814925652637e-01,1.542055237666062784e+00,5.100224905005453814e-03
4.806000000000064674e-09,1.110126053992979145e+00,1.010003007409082110e-01,1.542654810814957145e+00,5.100226914463369850e-03
4.808000000000064461e-09,1.110695235507310308e+00,1.010003199700812010e-01,1.543254383968667431e+00,5.100228924102309484e-03
4.810000000000064247e-09,1.111264438872665572e+00,1.010003391801091999e-01,1.543853957127194310e+00,5.100230933796117555e-03
4.812000000000064033e-09,1.111833664066107730e+00,1.010003583710171460e-01,1.544453530290537557e+00,5.100232943650993833e-03
4.814000000000063819e-09,1.112402911064731548e+00,1.010003775428299361e-01,1.545053103458697175e+00,5.100234953595170206e-03
4.816000000000063606e-09,1.112972179845663101e+00,1.010003966955724253e-01,1.545652676631673828e+00,5.100236963620777969e-03
4.818000000000063392e-09,1.113541470386058663e+00,1.010004158292694271e-01,1.546252249809467516e+00,5.100238973814237575e-03
4.820000000000063178e-09,1.114110782663106480e+00,1.010004349439457272e-01,1.546851822992078018e+00,5.100240984039681146e-03
4.822000000000062965e-09,1.114680116654025444e+00,1.010004540396260697e-01,1.547451396179506000e+00,5.100242994443102140e-03
4.824000000000062751e-09,1.115249472336065306e+00,1.010004731163351710e-01,1.548050969371751684e+00,5.100245004896968894e-03
4.826000000000062537e-09,1.115818849686507352e+00,1.010004921740976502e-01,1.548650542568814847e+00,5.100247015513423472e-03
4.828000000000062324e-09,1.116388248682662399e+00,1.010005112129381682e-01,1.549250115770695935e+00,5.100249026209585992e-03
4.830000000000062110e-09,1.116957669301873457e+00,1.010005302328813026e-01,1.549849688977395168e+00,5.100251037006452680e-03
4.832000000000061896e-09,1.117527111521513739e+00,1.010005492339516031e-01,1.550449262188912547e+00,5.100253047971431419e-03
4.834000000000061682e-09,1.118096575318986652e+00,1.010005682161735502e-01,1.551048835405248516e+00,5.100255058964456301e-03
4.836000000000061469e-09,1.118666060671727358e+00,1.010005871795716381e-01,1.551648408626403297e+00,5.100257070129368860e-03
4.838000000000061255e-09,1.119235567557200550e+00,1.010006061241702918e-01,1.552247981852376668e+00,5.100259081339267135e-03
4.840000000000061041e-09,1.119805095952901786e+00,1.010006250499939223e-01,1.552847555083169073e+00,5.100261092715792539e-03
4.842000000000060828e-09,1.120374645836357930e+00,1.010006439570668574e-01,1.553447128318780290e+00,5.100263104168589398e-03
4.844000000000060614e-09,1.120944217185125158e+00,1.010006628454134109e-01,1.554046701559211208e+00,5.100265115735505908e-03
4.846000000000060400e-09,1.121513809976790510e+00,1.010006817150578828e-01,1.554646274804461603e+00,5.100267127466770987e-03
4.848000000000060187e-09,1.122083424188971446e+00,1.010007005660245039e-01,1.555245848054531921e+00,5.100269139224583408e-03
4.850000000000059973e-09,1.122653059799315844e+00,1.010007193983374629e-01,1.555845421309422161e+00,5.100271151149217246e-03
4.852000000000059759e-09,1.123222716785501341e+00,1.010007382120209490e-01,1.556444994569132323e+00,5.100273163116774214e-03
4.854000000000059545e-09,1.123792395125235988e+00,1.010007570070990679e-01,1.557044567833662629e+00,5.100275175252898599e-03
4.856000000000059332e-09,1.124362094796258926e+00,1.010007757835959114e-01,1.557644141103013524e+00,5.100277187460169198e-03
4.858000000000059118e-09,1.124931815776337274e+00,1.010007945415355296e-01,1.558243714377185007e+00,5.100279199793627052e-03
4.860000000000058904e-09,1.125501558043270789e+00,1.010008132809419451e-01,1.558843287656177301e+00,5.100281212288066378e-03
4.862000000000058691e-09,1.126071321574886985e+00,1.010008320018391109e-01,1.559442860939990627e+00,5.100283224806480449e-03
4.864000000000058477e-09,1.126641106349044463e+00,1.010008507042510079e-01,1.560042434228625208e+00,5.100285237487000092e-03
4.866000000000058263e-09,1.127210912343632021e+00,1.010008693882014918e-01,1.560642007522080821e+00,5.100287250209663108e-03
4.868000000000058049e-09,1.127780739536567545e+00,1.010008880537144327e-01,1.561241580820358132e+00,5.100289263103911092e-03
4.870000000000057836e-09,1.128350587905798674e+00,1.010009067008136724e-01,1.561841154123457143e+00,5.100291276065994570e-03
4.872000000000057622e-09,1.128920457429303692e+00,1.010009253295229975e-01,1.562440727431378074e+00,5.100293289163353519e-03
4.874000000000057408e-09,1.129490348085089302e+00,1.010009439398661252e-01,1.563040300744120925e+00,5.100295302417253915e-03
4.876000000000057195e-09,1.130060259851193738e+00,1.010009625318668142e-01,1.563639874061685919e+00,5.100297315692461919e-03
4.878000000000056981e-09,1.130630192705682768e+00,1.010009811055487261e-01,1.564239447384073722e+00,5.100299329126350284e-03
4.880000000000056767e-09,1.131200146626653025e+00,1.010009996609354810e-01,1.564839020711283890e+00,5.100301342602982235e-03
4.882000000000056554e-09,1.131770121592230227e+00,1.010010181980507127e-01,1.565438594043316867e+00,5.100303356254822992e-03
4.884000000000056340e-09,1.132340117580570071e+00,1.010010367169179440e-01,1.566038167380172874e+00,5.100305369972057620e-03
4.886000000000056126e-09,1.132910134569856675e+00,1.010010552175607534e-01,1.566637740721852134e+00,5.100307383830707773e-03
4.888000000000055912e-09,1.133480172538304132e+00,1.010010737000026082e-01,1.567237314068354426e+00,5.100309397841139292e-03
4.890000000000055699e-09,1.134050231464156067e+00,1.010010921642669757e-01,1.567836887419679970e+00,5.100311411872146365e-03
4.892000000000055485e-09,1.134620311325685194e+00,1.010011106103772399e-01,1.568436460775829433e+00,5.100313426058467568e-03
4.894000000000055271e-09,1.135190412101193314e+00,1.010011290383568267e-01,1.569036034136803037e+00,5.100315440286553106e-03
4.896000000000055058e-09,1.135760533769011316e+00,1.010011474482290506e-01,1.569635607502600338e+00,5.100317454693513788e-03
4.898000000000054844e-09,1.136330676307499843e+00,1.010011658400172263e-01,1.570235180873221781e+00,5.100319469164516124e-03
4.900000000000054630e-09,1.136900839695047294e+00,1.010011842137446547e-01,1.570834754248667808e+00,5.100321483781261253e-03
4.902000000000054417e-09,1.137471023910073153e+00,1.010012025694345394e-01,1.571434327628938421e+00,5.100323498544547147e-03
4.904000000000054203e-09,1.138041228931023774e+00,1.010012209071100980e-01,1.572033901014033619e+00,5.100325513329916072e-03
4.906000000000053989e-09,1.138611454736375928e+00,1.010012392267944925e-01,1.572633474403953624e+00,5.100327528269138488e-03
4.908000000000053775e-09,1.139181701304634586e+00,1.010012575285108294e-01,1.573233047798698880e+00,5.100329543248376639e-03
4.910000000000053562e-09,1.139751968614333588e+00,1.010012758122822291e-01,1.573832621198269166e+00,5.100331558407554186e-03
4.912000000000053348e-09,1.140322256644036303e+00,1.010012940781317425e-01,1.574432194602665147e+00,5.100333573629732553e-03
4.914000000000053134e-09,1.140892565372333634e+00,1.010013123260823931e-01,1.575031768011886601e+00,5.100335589001766742e-03
4.916000000000052921e-09,1.141462894777846460e+00,1.010013305561571484e-01,1.575631341425933751e+00,5.100337604514447107e-03
4.918000000000052707e-09,1.142033244839223194e+00,1.010013487683789624e-01,1.576230914844806819e+00,5.100339620051761412e-03
4.920000000000052493e-09,1.142603615535141115e+00,1.010013669627707611e-01,1.576830488268506025e+00,5.100341635741718373e-03
4.922000000000052280e-09,1.143174006844307256e+00,1.010013851393554013e-01,1.577430061697031816e+00,5.100343651469994508e-03
4.924000000000052066e-09,1.143744418745455738e+00,1.010014032981557397e-01,1.578029635130383745e+00,5.100345667379199699e-03
4.926000000000051852e-09,1.144314851217349327e+00,1.010014214391945775e-01,1.578629208568562481e+00,5.100347683350935600e-03
4.928000000000051638e-09,1.144885304238780099e+00,1.010014395624946881e-01,1.579228782011567800e+00,5.100349699476688058e-03
4.930000000000051425e-09,1.145455777788567220e+00,1.010014576680788034e-01,1.579828355459400369e+00,5.100351715736839084e-03
4.932000000000051211e-09,1.146026271845560052e+00,1.010014757559696413e-01,1.580427928912060187e+00,5.100353732023814139e-03
4.934000000000050997e-09,1.146596786388634159e+00,1.010014938261898226e-01,1.581027502369547255e+00,5.100355748462771788e-03
4.936000000000050784e-09,1.147167321396694639e+00,1.010015118787620236e-01,1.581627075831861795e+00,5.100357764938785732e-03
4.938000000000050570e-09,1.147737876848675009e+00,1.010015299137088235e-01,1.582226649299004029e+00,5.100359781597048857e-03
4.940000000000050356e-09,1.148308452723535433e+00,1.010015479310527736e-01,1.582826222770974178e+00,5.100361798317133190e-03
4.942000000000050143e-09,1.148879049000265606e+00,1.010015659308163977e-01,1.583425796247772466e+00,5.100363815194503166e-03
4.944000000000049929e-09,1.149449665657882980e+00,1.010015839130221915e-01,1.584025369729398669e+00,5.100365832200768300e-03
4.946000000000049715e-09,1.150020302675432982e+00,1.010016018776926233e-01,1.584624943215853232e+00,5.100367849237382421e-03
4.948000000000049501e-09,1.150590960031988352e+00,1.010016198248500779e-01,1.585224516707136599e+00,5.100369866425839491e-03
4.950000000000049288e-09,1.151161637706650698e+00,1.010016377545169819e-01,1.585824090203248771e+00,5.100371883647826163e-03
4.952000000000049074e-09,1.151732335678548713e+00,1.010016556667156506e-01,1.586423663704189524e+00,5.100373901052944990e-03
4.954000000000048860e-09,1.152303053926839738e+00,1.010016735614684136e-01,1.587023237209959525e+00,5.100375918519995180e-03
4.956000000000048647e-09,1.152873792430708422e+00,1.010016914387975584e-01,1.587622810720558553e+00,5.100377936145834151e-03
4.958000000000048433e-09,1.153444551169366949e+00,1.010017092987253173e-01,1.588222384235987050e+00,5.100379953895278241e-03
4.960000000000048219e-09,1.154015330122055705e+00,1.010017271412739226e-01,1.588821957756245240e+00,5.100381971680299775e-03
4.962000000000048006e-09,1.154586129268042827e+00,1.010017449664655231e-01,1.589421531281333122e+00,5.100383989617190278e-03
4.964000000000047792e-09,1.155156948586623100e+00,1.010017627743222957e-01,1.590021104811251140e+00,5.100386007582998621e-03
4.966000000000047578e-09,1.155727788057119509e+00,1.010017805648663197e-01,1.590620678345999073e+00,5.100388025733285265e-03
4.968000000000047364e-09,1.156298647658883461e+00,1.010017983381196888e-01,1.591220251885577364e+00,5.100390043946075730e-03
4.970000000000047151e-09,1.156869527371291895e+00,1.010018160941044268e-01,1.591819825429986013e+00,5.100392062318425193e-03
4.972000000000046937e-09,1.157440427173750619e+00,1.010018338328425719e-01,1.592419398979225242e+00,5.100394080810286696e-03
4.974000000000046723e-09,1.158011347045692530e+00,1.010018515543560647e-01,1.593018972533295274e+00,5.100396099342554244e-03
4.976000000000046510e-09,1.158582286966577612e+00,1.010018692586668460e-01,1.593618546092196331e+00,5.100398118026144324e-03
4.978000000000046296e-09,1.159153246915893387e+00,1.010018869457968427e-01,1.594218119655928412e+00,5.100400136734232169e-03
4.980000000000046082e-09,1.159724226873154684e+00,1.010019046157678985e-01,1.594817693224491739e+00,5.100402155627873843e-03
4.982000000000045868e-09,1.160295226817903647e+00,1.010019222686018847e-01,1.595417266797886757e+00,5.100404174584681136e-03
4.984000000000045655e-09,1.160866246729708395e+00,1.010019399043205618e-01,1.596016840376113022e+00,5.100406193701553098e-03
4.986000000000045441e-09,1.161437286588165696e+00,1.010019575229457456e-01,1.596616413959170977e+00,5.100408212934789444e-03
4.988000000000045227e-09,1.162008346372899181e+00,1.010019751244991271e-01,1.597215987547061289e+00,5.100410232212347975e-03
4.990000000000045014e-09,1.162579426063558907e+00,1.010019927090024527e-01,1.597815561139783513e+00,5.100412251640829182e-03
4.992000000000044800e-09,1.163150525639821797e+00,1.010020102764773442e-01,1.598415134737338095e+00,5.100414271090435853e-03
4.994000000000044586e-09,1.163721645081392531e+00,1.010020278269455063e-01,1.599014708339725255e+00,5.100416290726020492e-03
4.996000000000044373e-09,1.164292784368002209e+00,1.010020453604284635e-01,1.599614281946944994e+00,5.100418310424814118e-03
4.998000000000044159e-09,1.164863943479409025e+00,1.010020628769478096e-01,1.600213855558997533e+00,5.100420330284202372e-03
5.000000000000043945e-09,1.165435122395397372e+00,1.010020803765251107e-01,1.600813429175882874e+00,5.100422350257996507e-03
5.002000000000043731e-09,1.166006321095779175e+00,1.010020978591818358e-01,1.601413002797601459e+00,5.100424370278986395e-03
5.004000000000043518e-09,1.166577539560392784e+00,1.010021153249394815e-01,1.602012576424153290e+00,5.100426390450491301e-03
5.006000000000043304e-09,1.167148777769103196e+00,1.010021327738194752e-01,1.602612150055538587e+00,5.100428410640585504e-03
5.008000000000043090e-09,1.167720035701801828e+00,1.010021502058432025e-01,1.603211723691757795e+00,5.100430431016971661e-03
5.010000000000042877e-09,1.168291313338407411e+00,1.010021676210320490e-01,1.603811297332810470e+00,5.100432451456485272e-03
5.012000000000042663e-09,1.168862610658864432e+00,1.010021850194073451e-01,1.604410870978697279e+00,5.100434472056786933e-03
5.014000000000042449e-09,1.169433927643144688e+00,1.010022024009904068e-01,1.605010444629418220e+00,5.100436492770511754e-03
5.016000000000042236e-09,1.170005264271245293e+00,1.010022197658024812e-01,1.605610018284973517e+00,5.100438513533395168e-03
5.018000000000042022e-09,1.170576620523191336e+00,1.010022371138648428e-01,1.606209591945363169e+00,5.100440534446163028e-03
5.020000000000041808e-09,1.171147996379032996e+00,1.010022544451986970e-01,1.606809165610587398e+00,5.100442555375559947e-03
5.022000000000041594e-09,1.171719391818847544e+00,1.010022717598251935e-01,1.607408739280646426e+00,5.100444576491411884e-03
5.024000000000041381e-09,1.172290806822738229e+00,1.010022890577654542e-01,1.608008312955540697e+00,5.100446597670418164e-03
5.026000000000041167e-09,1.172862241370834502e+00,1.010023063390406289e-01,1.608607886635269768e+00,5.100448619010168258e-03
5.028000000000040953e-09,1.173433695443292013e+00,1.010023236036717981e-01,1.609207460319834304e+00,5.100450640463115130e-03
5.030000000000040740e-09,1.174005169020293282e+00,1.010023408516799864e-01,1.609807034009234084e+00,5.100452661966269237e-03
5.032000000000040526e-09,1.174576662082045919e+00,1.010023580830861911e-01,1.610406607703469772e+00,5.100454683618551449e-03
5.034000000000040312e-09,1.175148174608784624e+00,1.010023752979114231e-01,1.611006181402541149e+00,5.100456705286032441e-03
5.036000000000040099e-09,1.175719706580768964e+00,1.010023924961766240e-01,1.611605755106448656e+00,5.100458727139992737e-03
5.038000000000039885e-09,1.176291257978286042e+00,1.010024096779026798e-01,1.612205328815192074e+00,5.100460749057196715e-03
5.040000000000039671e-09,1.176862828781647830e+00,1.010024268431105043e-01,1.612804902528771844e+00,5.100462771134820113e-03
5.042000000000039457e-09,1.177434418971192054e+00,1.010024439918209560e-01,1.613404476247187969e+00,5.100464793326073103e-03
5.044000000000039244e-09,1.178006028527283533e+00,1.010024611240548237e-01,1.614004049970440668e+00,5.100466815567630471e-03
5.046000000000039030e-09,1.178577657430311509e+00,1.010024782398329102e-01,1.614603623698530166e+00,5.100468837957580423e-03
5.048000000000038816e-09,1.179149305660691871e+00,1.010024953391759767e-01,1.615203197431456683e+00,5.100470860361896487e-03
5.050000000000038603e-09,1.179720973198866485e+00,1.010025124221047149e-01,1.615802771169220442e+00,5.100472882952554812e-03
5.052000000000038389e-09,1.180292660025302087e+00,1.010025294886398722e-01,1.616402344911821221e+00,5.100474905606691006e-03
5.054000000000038175e-09,1.180864366120491837e+00,1.010025465388020571e-01,1.617001918659259463e+00,5.100476928420593498e-03
5.056000000000037962e-09,1.181436091464953986e+00,1.010025635726119336e-01,1.617601492411535391e+00,5.100478951349229732e-03
5.058000000000037748e-09,1.182007836039233206e+00,1.010025805900900825e-01,1.618201066168649227e+00,5.100480974327318597e-03
5.060000000000037534e-09,1.182579599823898597e+00,1.010025975912570567e-01,1.618800639930600749e+00,5.100482997453011612e-03
5.062000000000037320e-09,1.183151382799545459e+00,1.010026145761334093e-01,1.619400213697390400e+00,5.100485020592872114e-03
5.064000000000037107e-09,1.183723184946795071e+00,1.010026315447396378e-01,1.619999787469018404e+00,5.100487043918707115e-03
5.066000000000036893e-09,1.184295006246292692e+00,1.010026484970962257e-01,1.620599361245484538e+00,5.100489067308473616e-03
5.068000000000036679e-09,1.184866846678710006e+00,1.010026654332235874e-01,1.621198935026789467e+00,5.100491090856892722e-03
5.070000000000036466e-09,1.185438706224744454e+00,1.010026823531421508e-01,1.621798508812932971e+00,5.100493114521700497e-03
5.072000000000036252e-09,1.186010584865117901e+00,1.010026992568722887e-01,1.622398082603915492e+00,5.100495138234405722e-03
5.074000000000036038e-09,1.186582482580577080e+00,1.010027161444343319e-01,1.622997656399737254e+00,5.100497162094042025e-03
5.076000000000035825e-09,1.187154399351895817e+00,1.010027330158486253e-01,1.623597230200398034e+00,5.100499185968400059e-03
5.078000000000035611e-09,1.187726335159871249e+00,1.010027498711354305e-01,1.624196804005898054e+00,5.100501210028040439e-03
5.080000000000035397e-09,1.188298289985326939e+00,1.010027667103150090e-01,1.624796377816237758e+00,5.100503234152170898e-03
5.082000000000035183e-09,1.188870263809110428e+00,1.010027835334075946e-01,1.625395951631417146e+00,5.100505258433496794e-03
5.084000000000034970e-09,1.189442256612095239e+00,1.010028003404333519e-01,1.625995525451436441e+00,5.100507282833495123e-03
5.086000000000034756e-09,1.190014268375179762e+00,1.010028171314124590e-01,1.626595099276295420e+00,5.100509307278835655e-03
5.088000000000034542e-09,1.190586299079286592e+00,1.010028339063650527e-01,1.627194673105994971e+00,5.100511331870349191e-03
5.090000000000034329e-09,1.191158348705364523e+00,1.010028506653112140e-01,1.627794246940534650e+00,5.100513356477550699e-03
5.092000000000034115e-09,1.191730417234386552e+00,1.010028674082710243e-01,1.628393820779914902e+00,5.100515381269163720e-03
5.094000000000033901e-09,1.192302504647350769e+00,1.010028841352645229e-01,1.628993394624135949e+00,5.100517406126481128e-03
5.096000000000033688e-09,1.192874610925279688e+00,1.010029008463116940e-01,1.629592968473197567e+00,5.100519431139272260e-03
5.098000000000033474e-09,1.193446736049221357e+00,1.010029175414325492e-01,1.630192542327100202e+00,5.100521456273693528e-03
5.100000000000033260e-09,1.194018880000247362e+00,1.010029342206470171e-01,1.630792116185844076e+00,5.100523481449726476e-03
5.102000000000033046e-09,1.194591042759455712e+00,1.010029508839750123e-01,1.631391690049429188e+00,5.100525506771257621e-03
5.104000000000032833e-09,1.195163224307967509e+00,1.010029675314364217e-01,1.631991263917855761e+00,5.100527532109991151e-03
5.106000000000032619e-09,1.195735424626929388e+00,1.010029841630511183e-01,1.632590837791124017e+00,5.100529557631751018e-03
5.108000000000032405e-09,1.196307643697512413e+00,1.010030007788388917e-01,1.633190411669233955e+00,5.100531583221008108e-03
5.110000000000032192e-09,1.196879881500911846e+00,1.010030173788195734e-01,1.633789985552185797e+00,5.100533608963920065e-03
5.112000000000031978e-09,1.197452138018347823e+00,1.010030339630128976e-01,1.634389559439979767e+00,5.100535634832011403e-03
5.114000000000031764e-09,1.198024413231065344e+00,1.010030505314386262e-01,1.634989133332616085e+00,5.100537660736891889e-03
5.116000000000031550e-09,1.198596707120332949e+00,1.010030670841164657e-01,1.635588707230094974e+00,5.100539686786953984e-03
5.118000000000031337e-09,1.199169019667444047e+00,1.010030836210660532e-01,1.636188281132416211e+00,5.100541712856183039e-03
5.120000000000031123e-09,1.199741350853716693e+00,1.010031001423070812e-01,1.636787855039580020e+00,5.100543739106965652e-03
5.122000000000030909e-09,1.200313700660492477e+00,1.010031166478591175e-01,1.637387428951586843e+00,5.100545765427772979e-03
5.124000000000030696e-09,1.200886069069138529e+00,1.010031331377418129e-01,1.637987002868436459e+00,5.100547791899384155e-03
5.126000000000030482e-09,1.201458456061044622e+00,1.010031496119746658e-01,1.638586576790129534e+00,5.100549818500013655e-03
5.128000000000030268e-09,1.202030861617626512e+00,1.010031660705772161e-01,1.639186150716666068e+00,5.100551845132266296e-03
5.130000000000030055e-09,1.202603285720322601e+00,1.010031825135689620e-01,1.639785724648046061e+00,5.100553871909533146e-03
5.132000000000029841e-09,1.203175728350595941e+00,1.010031989409693881e-01,1.640385298584269513e+00,5.100555898708031277e-03
5.134000000000029627e-09,1.203748189489934228e+00,1.010032153527978954e-01,1.640984872525337090e+00,5.100557925687265910e-03
5.136000000000029413e-09,1.204320669119848475e+00,1.010032317490739406e-01,1.641584446471248349e+00,5.100559952739122140e-03
5.138000000000029200e-09,1.204893167221873895e+00,1.010032481298168694e-01,1.642184020422003954e+00,5.100561979936710753e-03
5.140000000000028986e-09,1.205465683777570129e+00,1.010032644950460273e-01,1.642783594377603462e+00,5.100564007266840914e-03
5.142000000000028772e-09,1.206038218768520354e+00,1.010032808447807462e-01,1.643383168338047762e+00,5.100566034623518416e-03
5.144000000000028559e-09,1.206610772176331503e+00,1.010032971790403300e-01,1.643982742303336630e+00,5.100568062125840699e-03
5.146000000000028345e-09,1.207183343982634494e+00,1.010033134978439995e-01,1.644582316273470290e+00,5.100570089651403072e-03
5.148000000000028131e-09,1.207755934169084888e+00,1.010033298012110448e-01,1.645181890248448964e+00,5.100572117357478168e-03
5.150000000000027918e-09,1.208328542717360676e+00,1.010033460891606172e-01,1.645781464228272428e+00,5.100574145139125624e-03
5.152000000000027704e-09,1.208901169609164494e+00,1.010033623617119097e-01,1.646381038212941128e+00,5.100576173060521537e-03
5.154000000000027490e-09,1.209473814826222737e+00,1.010033786188840738e-01,1.646980612202455285e+00,5.100578201118158295e-03
5.156000000000027276e-09,1.210046478350284671e+00,1.010033948606962051e-01,1.647580186196815122e+00,5.100580229196524998e-03
5.158000000000027063e-09,1.210619160163123764e+00,1.010034110871674135e-01,1.648179760196020416e+00,5.100582257421912118e-03
5.160000000000026849e-09,1.211191860246537466e+00,1.010034272983167530e-01,1.648779334200071611e+00,5.100584285672740692e-03
5.162000000000026635e-09,1.211764578582346541e+00,1.010034434941632503e-01,1.649378908208968930e+00,5.100586314103830454e-03
5.164000000000026422e-09,1.212337315152394179e+00,1.010034596747259178e-01,1.649978482222712373e+00,5.100588342614315041e-03
5.166000000000026208e-09,1.212910069938549551e+00,1.010034758400237126e-01,1.650578056241302161e+00,5.100590371258611859e-03
5.168000000000025994e-09,1.213482842922702254e+00,1.010034919900755640e-01,1.651177630264738294e+00,5.100592400042183554e-03
5.170000000000025781e-09,1.214055634086767643e+00,1.010035081249004013e-01,1.651777204293020995e+00,5.100594428840484786e-03
5.172000000000025567e-09,1.214628443412683279e+00,1.010035242445171261e-01,1.652376778326150708e+00,5.100596457788938477e-03
5.174000000000025353e-09,1.215201270882410922e+00,1.010035403489445704e-01,1.652976352364127210e+00,5.100598486764933506e-03
5.176000000000025139e-09,1.215774116477934763e+00,1.010035564382016082e-01,1.653575926406950725e+00,5.100600515920466344e-03
5.178000000000024926e-09,1.216346980181262527e+00,1.010035725123069744e-01,1.654175500454621472e+00,5.100602545158787124e-03
5.180000000000024712e-09,1.216919861974425920e+00,1.010035885712794734e-01,1.654775074507139454e+00,5.100604574524213695e-03
5.182000000000024498e-09,1.217492761839478410e+00,1.010036046151378680e-01,1.655374648564505335e+00,5.100606604033126185e-03
5.184000000000024285e-09,1.218065679758497888e+00,1.010036206439008655e-01,1.655974222626718895e+00,5.100608633549772938e-03
5.186000000000024071e-09,1.218638615713585116e+00,1.010036366575871314e-01,1.656573796693780132e+00,5.100610663219251432e-03
5.188000000000023857e-09,1.219211569686863283e+00,1.010036526562153314e-01,1.657173370765689047e+00,5.100612692919484839e-03
5.190000000000023644e-09,1.219784541660479116e+00,1.010036686398041034e-01,1.657772944842446528e+00,5.100614722798772933e-03
5.192000000000023430e-09,1.220357531616602875e+00,1.010036846083720713e-01,1.658372518924052352e+00,5.100616752763306207e-03
5.194000000000023216e-09,1.220930539537427251e+00,1.010037005619377759e-01,1.658972093010506521e+00,5.100618782847407030e-03
5.196000000000023002e-09,1.221503565405167357e+00,1.010037165005197718e-01,1.659571667101809256e+00,5.100620813079683596e-03
5.198000000000022789e-09,1.222076609202062070e+00,1.010037324241365997e-01,1.660171241197960557e+00,5.100622843310797898e-03
5.200000000000022575e-09,1.222649670910373132e+00,1.010037483328067448e-01,1.660770815298960867e+00,5.100624873698510024e-03
5.202000000000022361e-09,1.223222750512384271e+00,1.010037642265486507e-01,1.661370389404810410e+00,5.100626904122391135e-03
5.204000000000022148e-09,1.223795847990403196e+00,1.010037801053807610e-01,1.661969963515509185e+00,5.100628934723811653e-03
5.206000000000021934e-09,1.224368963326759152e+00,1.010037959693215054e-01,1.662569537631057193e+00,5.100630965415377943e-03
5.208000000000021720e-09,1.224942096503804700e+00,1.010038118183892442e-01,1.663169111751454654e+00,5.100632996218001231e-03
5.210000000000021507e-09,1.225515247503916161e+00,1.010038276526023238e-01,1.663768685876701792e+00,5.100635027170308602e-03
5.212000000000021293e-09,1.226088416309490725e+00,1.010038434719790906e-01,1.664368260006798828e+00,5.100637058112550241e-03
5.214000000000021079e-09,1.226661602902948900e+00,1.010038592765378357e-01,1.664967834141745762e+00,5.100639089216536630e-03
5.216000000000020865e-09,1.227234807266734062e+00,1.010038750662968082e-01,1.665567408281542816e+00,5.100641120366914728e-03
5.218000000000020652e-09,1.227808029383311794e+00,1.010038908412742714e-01,1.666166982426190213e+00,5.100643151690085163e-03
5.220000000000020438e-09,1.228381269235170770e+00,1.010039066014884468e-01,1.666766556575687952e+00,5.100645183106644436e-03
5.222000000000020224e-09,1.228954526804820979e+00,1.010039223469575143e-01,1.667366130730036256e+00,5.100647214626981805e-03
5.224000000000020011e-09,1.229527802074795950e+00,1.010039380776996260e-01,1.667965704889235345e+00,5.100649246294230305e-03
5.226000000000019797e-09,1.230101095027651636e+00,1.010039537937329340e-01,1.668565279053285444e+00,5.100651277947008608e-03
5.228000000000019583e-09,1.230674405645965086e+00,1.010039694950755212e-01,1.669164853222186107e+00,5.100653309770377015e-03
5.230000000000019369e-09,1.231247733912337994e+00,1.010039851817454842e-01,1.669764427395938222e+00,5.100655341646594641e-03
5.232000000000019156e-09,1.231821079809391817e+00,1.010040008537608780e-01,1.670364001574541568e+00,5.100657373691828977e-03
5.234000000000018942e-09,1.232394443319771771e+00,1.010040165111397159e-01,1.670963575757996367e+00,5.100659405834956361e-03
5.236000000000018728e-09,1.232967824426145498e+00,1.010040321538999974e-01,1.671563149946302840e+00,5.100661438070861094e-03
5.238000000000018515e-09,1.233541223111201068e+00,1.010040477820597082e-01,1.672162724139461210e+00,5.100663470448717381e-03
5.240000000000018301e-09,1.234114639357651422e+00,1.010040633956367784e-01,1.672762298337471476e+00,5.100665502811485910e-03
5.242000000000018087e-09,1.234688073148229481e+00,1.010040789946491102e-01,1.673361872540333417e+00,5.100667535354345625e-03
5.244000000000017874e-09,1.235261524465690819e+00,1.010040945791146338e-01,1.673961446748047921e+00,5.100669567953521402e-03
5.246000000000017660e-09,1.235834993292813655e+00,1.010041101490511822e-01,1.674561020960614544e+00,5.100671600716860134e-03
5.248000000000017446e-09,1.236408479612397970e+00,1.010041257044766022e-01,1.675160595178033729e+00,5.100673633584144363e-03
5.250000000000017232e-09,1.236981983407264840e+00,1.010041412454086990e-01,1.675760169400305477e+00,5.100675666534174903e-03
5.252000000000017019e-09,1.237555504660258654e+00,1.010041567718652639e-01,1.676359743627430454e+00,5.100677699623638178e-03
5.254000000000016805e-09,1.238129043354245118e+00,1.010041722838640466e-01,1.676959317859407994e+00,5.100679732698792587e-03
5.256000000000016591e-09,1.238702599472111698e+00,1.010041877814227967e-01,1.677558892096238541e+00,5.100681765958185038e-03
5.258000000000016378e-09,1.239276172996767844e+00,1.010042032645591809e-01,1.678158466337922539e+00,5.100683799277643156e-03
5.260000000000016164e-09,1.239849763911145208e+00,1.010042187332909208e-01,1.678758040584459765e+00,5.100685832755924749e-03
5.262000000000015950e-09,1.240423372198196317e+00,1.010042341876356414e-01,1.679357614835850887e+00,5.100687866344370824e-03
5.264000000000015737e-09,1.240996997840896565e+00,1.010042496276109536e-01,1.679957189092095682e+00,5.100689900004182556e-03
5.266000000000015523e-09,1.241570640822242222e+00,1.010042650532344821e-01,1.680556763353193928e+00,5.100691933802379251e-03
5.268000000000015309e-09,1.242144301125251760e+00,1.010042804645237963e-01,1.681156337619146068e+00,5.100693967591565792e-03
5.270000000000015095e-09,1.242717978732964745e+00,1.010042958614964514e-01,1.681755911889952548e+00,5.100696001565769265e-03
5.272000000000014882e-09,1.243291673628442950e+00,1.010043112441699337e-01,1.682355486165613367e+00,5.100698035604069903e-03
5.274000000000014668e-09,1.243865385794770129e+00,1.010043266125617706e-01,1.682955060446128526e+00,5.100700069796281280e-03
5.276000000000014454e-09,1.244439115215050018e+00,1.010043419666893927e-01,1.683554634731498023e+00,5.100702104104936838e-03
5.278000000000014241e-09,1.245012861872409227e+00,1.010043573065702860e-01,1.684154209021722526e+00,5.100704138470598878e-03
5.280000000000014027e-09,1.245586625749995680e+00,1.010043726322218394e-01,1.684753783316801812e+00,5.100706172975151553e-03
5.282000000000013813e-09,1.246160406830978173e+00,1.010043879436614556e-01,1.685353357616736103e+00,5.100708207477427404e-03
5.284000000000013600e-09,1.246734205098547488e+00,1.010044032409064679e-01,1.685952931921525622e+00,5.100710242166545116e-03
5.286000000000013386e-09,1.247308020535915496e+00,1.010044185239742515e-01,1.686552506231170367e+00,5.100712276929010407e-03
5.288000000000013172e-09,1.247881853126316054e+00,1.010044337928821118e-01,1.687152080545670341e+00,5.100714311835269528e-03
5.290000000000012958e-09,1.248455702853003446e+00,1.010044490476472989e-01,1.687751654865025985e+00,5.100716346862575051e-03
5.292000000000012745e-09,1.249029569699253495e+00,1.010044642882871324e-01,1.688351229189237301e+00,5.100718381930532085e-03
5.294000000000012531e-09,1.249603453648363338e+00,1.010044795148188068e-01,1.688950803518304733e+00,5.100720417140996651e-03
5.296000000000012317e-09,1.250177354683651654e+00,1.010044947272595445e-01,1.689550377852228058e+00,5.100722452358462562e-03
5.298000000000012104e-09,1.250751272788457769e+00,1.010045099256264983e-01,1.690149952191007499e+00,5.100724487760549888e-03
5.300000000000011890e-09,1.251325207946143214e+00,1.010045251099368907e-01,1.690749526534643277e+00,5.100726523243459716e-03
5.302000000000011676e-09,1.251899160140089284e+00,1.010045402802078052e-01,1.691349100883135392e+00,5.100728558861790732e-03
5.304000000000011463e-09,1.252473129353698811e+00,1.010045554364563530e-01,1.691948675236484068e+00,5.100730594608552868e-03
5.306000000000011249e-09,1.253047115570396164e+00,1.010045705786996179e-01,1.692548249594689747e+00,5.100732630375438663e-03
5.308000000000011035e-09,1.253621118773626586e+00,1.010045857069546693e-01,1.693147823957752207e+00,5.100734666287807043e-03
5.310000000000010821e-09,1.254195138946855970e+00,1.010046008212385354e-01,1.693747398325671449e+00,5.100736702217143620e-03
5.312000000000010608e-09,1.254769176073571524e+00,1.010046159215682166e-01,1.694346972698448139e+00,5.100738738330252466e-03
5.314000000000010394e-09,1.255343230137280885e+00,1.010046310079606852e-01,1.694946547076082055e+00,5.100740774530739333e-03
5.316000000000010180e-09,1.255917301121513452e+00,1.010046460804329138e-01,1.695546121458573419e+00,5.100742810855591995e-03
5.318000000000009967e-09,1.256491389009818160e+00,1.010046611390018195e-01,1.696145695845922230e+00,5.100744847317193777e-03
5.320000000000009753e-09,1.257065493785766597e+00,1.010046761836843054e-01,1.696745270238128711e+00,5.100746883781506931e-03
5.322000000000009539e-09,1.257639615432949443e+00,1.010046912144972608e-01,1.697344844635193528e+00,5.100748920395863258e-03
5.324000000000009326e-09,1.258213753934978918e+00,1.010047062314575472e-01,1.697944419037116015e+00,5.100750957036779935e-03
5.326000000000009112e-09,1.258787909275488337e+00,1.010047212345819845e-01,1.698543993443896616e+00,5.100752993860629275e-03
5.328000000000008898e-09,1.259362081438130998e+00,1.010047362238873786e-01,1.699143567855535775e+00,5.100755030777176166e-03
5.330000000000008684e-09,1.259936270406581071e+00,1.010047511993904940e-01,1.699743142272033047e+00,5.100757067805102712e-03
5.332000000000008471e-09,1.260510476164533600e+00,1.010047661611081088e-01,1.700342716693389322e+00,5.100759104977686982e-03
5.334000000000008257e-09,1.261084698695704054e+00,1.010047811090569458e-01,1.700942291119604155e+00,5.100761142139624386e-03
5.336000000000008043e-09,1.261658937983828777e+00,1.010047960432537001e-01,1.701541865550677768e+00,5.100763179459509231e-03
5.338000000000007830e-09,1.262233194012663651e+00,1.010048109637150665e-01,1.702141439986610605e+00,5.100765216819742008e-03
5.340000000000007616e-09,1.262807466765986764e+00,1.010048258704577123e-01,1.702741014427402444e+00,5.100767254357274801e-03
5.342000000000007402e-09,1.263381756227595298e+00,1.010048407634982354e-01,1.703340588873053729e+00,5.100769291994303525e-03
5.344000000000007189e-09,1.263956062381307532e+00,1.010048556428532751e-01,1.703940163323564017e+00,5.100771329730099599e-03
5.346000000000006975e-09,1.264530385210961949e+00,1.010048705085393739e-01,1.704539737778934194e+00,5.100773367606997212e-03
5.348000000000006761e-09,1.265104724700417238e+00,1.010048853605731434e-01,1.705139312239164262e+00,5.100775405464151070e-03
5.350000000000006547e-09,1.265679080833552739e+00,1.010049001989710843e-01,1.705738886704253998e+00,5.100777443492131823e-03
5.352000000000006334e-09,1.266253453594267997e+00,1.010049150237496973e-01,1.706338461174203625e+00,5.100779481574984481e-03
5.354000000000006120e-09,1.266827842966482986e+00,1.010049298349254970e-01,1.706938035649013585e+00,5.100781519826436648e-03
5.356000000000005906e-09,1.267402248934138109e+00,1.010049446325149147e-01,1.707537610128683880e+00,5.100783558180876746e-03
5.358000000000005693e-09,1.267976671481193085e+00,1.010049594165343956e-01,1.708137184613214510e+00,5.100785596622826705e-03
5.360000000000005479e-09,1.268551110591629394e+00,1.010049741870003570e-01,1.708736759102605696e+00,5.100787635199826621e-03
5.362000000000005265e-09,1.269125566249446724e+00,1.010049889439291887e-01,1.709336333596857660e+00,5.100789673753689663e-03
5.364000000000005051e-09,1.269700038438666745e+00,1.010050036873372387e-01,1.709935908095970181e+00,5.100791712489436726e-03
5.366000000000004838e-09,1.270274527143330445e+00,1.010050184172408688e-01,1.710535482599943924e+00,5.100793751285756863e-03
5.368000000000004624e-09,1.270849032347498353e+00,1.010050331336563578e-01,1.711135057108778890e+00,5.100795790238739011e-03
5.370000000000004410e-09,1.271423554035252090e+00,1.010050478366000398e-01,1.711734631622475078e+00,5.100797829303693222e-03
5.372000000000004197e-09,1.271998092190692153e+00,1.010050625260881657e-01,1.712334206141032489e+00,5.100799868442818137e-03
5.374000000000003983e-09,1.272572646797940799e+00,1.010050772021369586e-01,1.712933780664451788e+00,5.100801907714629449e-03
5.376000000000003769e-09,1.273147217841138046e+00,1.010050918647626694e-01,1.713533355192732532e+00,5.100803946970506458e-03
5.378000000000003556e-09,1.273721805304445009e+00,1.010051065139814658e-01,1.714132929725875165e+00,5.100805986413301657e-03
5.380000000000003342e-09,1.274296409172043232e+00,1.010051211498095292e-01,1.714732504263879687e+00,5.100808025925615032e-03
5.382000000000003128e-09,1.274871029428132685e+00,1.010051357722630133e-01,1.715332078806746319e+00,5.100810065583609616e-03
5.384000000000002914e-09,1.275445666056934657e+00,1.010051503813580304e-01,1.715931653354475062e+00,5.100812105357913941e-03
5.386000000000002701e-09,1.276020319042689088e+00,1.010051649771106924e-01,1.716531227907066359e+00,5.100814145185678106e-03
5.388000000000002487e-09,1.276594988369656125e+00,1.010051795595370699e-01,1.717130802464520212e+00,5.100816185152197597e-03
5.390000000000002273e-09,1.277169674022116119e+00,1.010051941286532057e-01,1.717730377026836397e+00,5.100818225113311691e-03
5.392000000000002060e-09,1.277744375984368075e+00,1.010052086844751562e-01,1.718329951594015803e+00,5.100820265262094241e-03
5.394000000000001846e-09,1.278319094240731868e+00,1.010052232270188949e-01,1.718929526166057986e+00,5.100822305491196224e-03
5.396000000000001632e-09,1.278893828775545805e+00,1.010052377563004228e-01,1.719529100742963168e+00,5.100824345853349762e-03
5.398000000000001419e-09,1.279468579573169063e+00,1.010052522723356994e-01,1.720128675324731571e+00,5.100826386339361689e-03
5.400000000000001205e-09,1.280043346617979472e+00,1.010052667751406424e-01,1.720728249911363195e+00,5.100828426851515898e-03
5.402000000000000991e-09,1.280618129894375068e+00,1.010052812647311837e-01,1.721327824502858483e+00,5.100830467507276589e-03
5.404000000000000777e-09,1.281192929386772539e+00,1.010052957411231994e-01,1.721927399099217215e+00,5.100832508170605878e-03
5.406000000000000564e-09,1.281767745079608778e+00,1.010053102043325518e-01,1.722526973700440056e+00,5.100834549019738796e-03
5.408000000000000350e-09,1.282342576957340441e+00,1.010053246543751032e-01,1.723126548306526562e+00,5.100836589960570065e-03
5.410000000000000136e-09,1.282917425004443057e+00,1.010053390912666327e-01,1.723726122917476955e+00,5.100838631023325506e-03
5.411999999999999923e-09,1.283492289205411252e+00,1.010053535150229748e-01,1.724325697533291679e+00,5.100840672219275618e-03
5.413999999999999709e-09,1.284067169544759857e+00,1.010053679256598946e-01,1.724925272153970734e+00,5.100842713414609902e-03
5.415999999999999495e-09,1.284642066007022798e+00,1.010053823231931297e-01,1.725524846779514121e+00,5.100844754759371533e-03
5.417999999999999282e-09,1.285216978576753322e+00,1.010053967076384035e-01,1.726124421409922283e+00,5.100846796129173029e-03
5.419999999999999068e-09,1.285791907238522880e+00,1.010054110790114118e-01,1.726723996045194998e+00,5.100848837683400784e-03
5.421999999999998854e-09,1.286366851976924242e+00,1.010054254373278643e-01,1.727323570685332488e+00,5.100850879337009980e-03
5.423999999999998640e-09,1.286941812776567939e+00,1.010054397826033873e-01,1.727923145330334975e+00,5.100852921095426831e-03
5.425999999999998427e-09,1.287516789622084268e+00,1.010054541148536489e-01,1.728522719980202682e+00,5.100854962993261674e-03
5.427999999999998213e-09,1.288091782498121951e+00,1.010054684340942199e-01,1.729122294634935830e+00,5.100857004876157078e-03
5.429999999999997999e-09,1.288666791389350141e+00,1.010054827403407129e-01,1.729721869294534198e+00,5.100859046920370489e-03
5.431999999999997786e-09,1.289241816280456643e+00,1.010054970336086710e-01,1.730321443958998007e+00,5.100861089008965066e-03
5.433999999999997572e-09,1.289816857156146801e+00,1.010055113139136651e-01,1.730921018628327479e+00,5.100863131273950662e-03
5.435999999999997358e-09,1.290391914001147722e+00,1.010055255812712105e-01,1.731520593302522837e+00,5.100865173642729969e-03
5.437999999999997145e-09,1.290966986800203609e+00,1.010055398356967810e-01,1.732120167981583858e+00,5.100867216102670729e-03
5.439999999999996931e-09,1.291542075538078205e+00,1.010055540772058641e-01,1.732719742665511209e+00,5.100869258697407309e-03
5.441999999999996717e-09,1.292117180199554349e+00,1.010055683058139336e-01,1.733319317354304667e+00,5.100871301265021487e-03
5.443999999999996503e-09,1.292692300769433533e+00,1.010055825215363801e-01,1.733918892047964455e+00,5.100873344008304174e-03
5.445999999999996290e-09,1.293267437232536343e+00,1.010055967243886216e-01,1.734518466746490795e+00,5.100875386811944828e-03
5.447999999999996076e-09,1.293842589573702684e+00,1.010056109143860625e-01,1.735118041449883908e+00,5.100877429775203462e-03
5.449999999999995862e-09,1.294417757777790445e+00,1.010056250915440518e-01,1.735717616158143572e+00,5.100879472848769691e-03
5.451999999999995649e-09,1.294992941829677058e+00,1.010056392558779242e-01,1.736317190871269789e+00,5.100881516001169562e-03
5.453999999999995435e-09,1.295568141714258159e+00,1.010056534074030010e-01,1.736916765589263445e+00,5.100883559281938102e-03
5.455999999999995221e-09,1.296143357416448927e+00,1.010056675461345754e-01,1.737516340312124319e+00,5.100885602539764925e-03
5.457999999999995008e-09,1.296718588921182747e+00,1.010056816720879130e-01,1.738115915039852188e+00,5.100887645985807510e-03
5.459999999999994794e-09,1.297293836213411655e+00,1.010056957852782794e-01,1.738715489772447276e+00,5.100889689502305889e-03
5.461999999999994580e-09,1.297869099278106120e+00,1.010057098857208846e-01,1.739315064509910247e+00,5.100891733161398538e-03
5.463999999999994366e-09,1.298444378100256591e+00,1.010057239734309387e-01,1.739914639252241102e+00,5.100893776935028906e-03
5.465999999999994153e-09,1.299019672664871061e+00,1.010057380484236378e-01,1.740514213999439175e+00,5.100895820763743684e-03
5.467999999999993939e-09,1.299594982956975953e+00,1.010057521107141365e-01,1.741113788751505354e+00,5.100897864729910143e-03
5.469999999999993725e-09,1.300170308961616339e+00,1.010057661603175755e-01,1.741713363508439860e+00,5.100899908686619758e-03
5.471999999999993512e-09,1.300745650663856834e+00,1.010057801972490399e-01,1.742312938270242473e+00,5.100901952832546937e-03
5.473999999999993298e-09,1.301321008048779593e+00,1.010057942215236843e-01,1.742912513036913413e+00,5.100903997060824910e-03
5.475999999999993084e-09,1.301896381101485201e+00,1.010058082331565382e-01,1.743512087808452904e+00,5.100906041416878277e-03
5.477999999999992870e-09,1.302471769807093560e+00,1.010058222321626592e-01,1.744111662584860944e+00,5.100908085896099613e-03
5.479999999999992657e-09,1.303047174150742116e+00,1.010058362185570768e-01,1.744711237366137757e+00,5.100910130398016336e-03
5.481999999999992443e-09,1.303622594117587408e+00,1.010058501923548069e-01,1.745310812152283342e+00,5.100912175043637552e-03
5.483999999999992229e-09,1.304198029692803740e+00,1.010058641535708374e-01,1.745910386943297921e+00,5.100914219695321626e-03
5.485999999999992016e-09,1.304773480861583845e+00,1.010058781022201146e-01,1.746509961739181716e+00,5.100916264535368914e-03
5.487999999999991802e-09,1.305348947609139554e+00,1.010058920383175990e-01,1.747109536539934727e+00,5.100918309471075794e-03
5.489999999999991588e-09,1.305924429920700014e+00,1.010059059618782090e-01,1.747709111345557176e+00,5.100920354520806915e-03
5.491999999999991375e-09,1.306499927781513248e+00,1.010059198729168217e-01,1.748308686156049063e+00,5.100922399703846331e-03
5.493999999999991161e-09,1.307075441176845265e+00,1.010059337714483280e-01,1.748908260971410611e+00,5.100924444881238355e-03
5.495999999999990947e-09,1.307650970091980058e+00,1.010059476574876047e-01,1.749507835791642263e+00,5.100926490210593890e-03
5.497999999999990733e-09,1.308226514512220495e+00,1.010059615310494457e-01,1.750107410616743575e+00,5.100928535569199465e-03
5.499999999999990520e-09,1.308802074422887429e+00,1.010059753921486864e-01,1.750706985446714992e+00,5.100930581112418649e-03
5.501999999999990306e-09,1.309377649809318811e+00,1.010059892408001064e-01,1.751306560281556512e+00,5.100932626759467105e-03
5.503999999999990092e-09,1.309953240656871909e+00,1.010060030770184858e-01,1.751906135121268360e+00,5.100934672502698171e-03
5.505999999999989879e-09,1.310528846950921977e+00,1.010060169008185627e-01,1.752505709965850755e+00,5.100936718380461379e-03
5.507999999999989665e-09,1.311104468676861368e+00,1.010060307122150891e-01,1.753105284815303477e+00,5.100938764234568164e-03
5.509999999999989451e-09,1.311680105820101749e+00,1.010060445112227479e-01,1.753704859669627192e+00,5.100940810256550210e-03
5.511999999999989238e-09,1.312255758366071223e+00,1.010060582978561938e-01,1.754304434528821677e+00,5.100942856331134277e-03
5.513999999999989024e-09,1.312831426300217652e+00,1.010060720721301514e-01,1.754904009392887154e+00,5.100944902572126897e-03
5.515999999999988810e-09,1.313407109608005552e+00,1.010060858340592060e-01,1.755503584261823624e+00,5.100946948922329902e-03
5.517999999999988596e-09,1.313982808274917646e+00,1.010060995836580128e-01,1.756103159135631531e+00,5.100948995357425936e-03
5.519999999999988383e-09,1.314558522286454645e+00,1.010061133209411571e-01,1.756702734014310652e+00,5.100951041921023346e-03
5.521999999999988169e-09,1.315134251628135464e+00,1.010061270459232108e-01,1.757302308897860987e+00,5.100953088455209387e-03
5.523999999999987955e-09,1.315709996285495897e+00,1.010061407586187593e-01,1.757901883786283204e+00,5.100955135172557074e-03
5.525999999999987742e-09,1.316285756244090610e+00,1.010061544590423049e-01,1.758501458679577301e+00,5.100957181958863489e-03
5.527999999999987528e-09,1.316861531489491366e+00,1.010061681472083778e-01,1.759101033577743278e+00,5.100959228890432177e-03
5.529999999999987314e-09,1.317437322007287914e+00,1.010061818231314662e-01,1.759700608480781137e+00,5.100961275934949579e-03
5.531999999999987101e-09,1.318013127783087768e+00,1.010061954868260448e-01,1.760300183388691098e+00,5.100963323041767840e-03
5.533999999999986887e-09,1.318588948802516203e+00,1.010062091383065741e-01,1.760899758301473383e+00,5.100965370281964652e-03
5.535999999999986673e-09,1.319164785051215372e+00,1.010062227775874594e-01,1.761499333219127994e+00,5.100967417505566232e-03
5.537999999999986459e-09,1.319740636514846521e+00,1.010062364046831196e-01,1.762098908141655151e+00,5.100969464919973516e-03
5.539999999999986246e-09,1.320316503179087553e+00,1.010062500196079738e-01,1.762698483069054856e+00,5.100971512415460908e-03
5.541999999999986032e-09,1.320892385029633687e+00,1.010062636223763438e-01,1.763298058001327551e+00,5.100973560038242309e-03
5.543999999999985818e-09,1.321468282052198573e+00,1.010062772130026210e-01,1.763897632938473237e+00,5.100975607781391835e-03
5.545999999999985605e-09,1.322044194232512959e+00,1.010062907915010993e-01,1.764497207880491692e+00,5.100977655551390544e-03
5.547999999999985391e-09,1.322620121556325357e+00,1.010063043578861008e-01,1.765096782827383359e+00,5.100979703464244598e-03
5.549999999999985177e-09,1.323196064009400930e+00,1.010063179121719057e-01,1.765696357779148684e+00,5.100981751377237430e-03
5.551999999999984964e-09,1.323772021577523494e+00,1.010063314543727941e-01,1.766295932735787000e+00,5.100983799480081869e-03
5.553999999999984750e-09,1.324347994246493077e+00,1.010063449845029632e-01,1.766895507697298973e+00,5.100985847680478483e-03
5.555999999999984536e-09,1.324923982002128575e+00,1.010063585025766791e-01,1.767495082663684602e+00,5.100987895992776903e-03
5.557999999999984322e-09,1.325499984830264655e+00,1.010063720086081390e-01,1.768094657634943889e+00,5.100989944436174449e-03
5.559999999999984109e-09,1.326076002716754854e+00,1.010063855026115398e-01,1.768694232611077499e+00,5.100991992874107615e-03
5.561999999999983895e-09,1.326652035647468697e+00,1.010063989846010091e-01,1.769293807592084766e+00,5.100994041463016368e-03
5.563999999999983681e-09,1.327228083608294140e+00,1.010064124545906883e-01,1.769893382577966356e+00,5.100996090079999885e-03
5.565999999999983468e-09,1.327804146585135570e+00,1.010064259125947467e-01,1.770492957568722270e+00,5.100998138882683816e-03
5.567999999999983254e-09,1.328380224563915135e+00,1.010064393586272286e-01,1.771092532564352728e+00,5.101000187791489456e-03
5.569999999999983040e-09,1.328956317530572084e+00,1.010064527927022615e-01,1.771692107564857732e+00,5.101002236793526073e-03
5.571999999999982827e-09,1.329532425471062762e+00,1.010064662148338621e-01,1.772291682570237503e+00,5.101004285926980138e-03
5.573999999999982613e-09,1.330108548371360166e+00,1.010064796250361024e-01,1.772891257580492042e+00,5.101006335034163550e-03
5.575999999999982399e-09,1.330684686217456170e+00,1.010064930233229991e-01,1.773490832595621347e+00,5.101008384310115606e-03
5.577999999999982185e-09,1.331260838995357965e+00,1.010065064097085547e-01,1.774090407615625864e+00,5.101010433640127718e-03
5.579999999999981972e-09,1.331837006691090730e+00,1.010065197842067164e-01,1.774689982640505592e+00,5.101012483132737196e-03
5.581999999999981758e-09,1.332413189290696298e+00,1.010065331468315009e-01,1.775289557670260532e+00,5.101014532737696040e-03
5.583999999999981544e-09,1.332989386780233820e+00,1.010065464975967997e-01,1.775889132704890905e+00,5.101016582423159064e-03
5.585999999999981331e-09,1.333565599145779768e+00,1.010065598365165324e-01,1.776488707744397155e+00,5.101018632234539593e-03
5.587999999999981117e-09,1.334141826373426376e+00,1.010065731636046460e-01,1.777088282788778839e+00,5.101020682016280637e-03
5.589999999999980903e-09,1.334718068449284312e+00,1.010065864788749629e-01,1.777687857838036400e+00,5.101022731985456818e-03
5.591999999999980690e-09,1.335294325359480894e+00,1.010065997823413886e-01,1.778287432892170061e+00,5.101024782028316246e-03
5.593999999999980476e-09,1.335870597090159206e+00,1.010066130740177176e-01,1.778887007951179600e+00,5.101026832208302095e-03
5.595999999999980262e-09,1.336446883627480764e+00,1.010066263539178000e-01,1.779486583015065460e+00,5.101028882501956567e-03
5.597999999999980048e-09,1.337023184957623068e+00,1.010066396220554719e-01,1.780086158083827641e+00,5.101030932846381191e-03
5.599999999999979835e-09,1.337599501066780716e+00,1.010066528784444168e-01,1.780685733157466144e+00,5.101032983326213126e-03
5.601999999999979621e-09,1.338175831941164740e+00,1.010066661230984847e-01,1.781285308235981413e+00,5.101035033790572194e-03
5.603999999999979407e-09,1.338752177567003487e+00,1.010066793560313869e-01,1.781884883319373447e+00,5.101037084445390023e-03
5.605999999999979194e-09,1.339328537930542407e+00,1.010066925772568347e-01,1.782484458407642247e+00,5.101039135189304116e-03
5.607999999999978980e-09,1.339904913018042487e+00,1.010067057867885254e-01,1.783084033500787813e+00,5.101041186054046904e-03
5.609999999999978766e-09,1.340481302815782261e+00,1.010067189846401425e-01,1.783683608598810588e+00,5.101043237043119058e-03
5.611999999999978552e-09,1.341057707310057134e+00,1.010067321708253973e-01,1.784283183701710573e+00,5.101045288043733195e-03
5.613999999999978339e-09,1.341634126487178502e+00,1.010067453453578484e-01,1.784882758809487768e+00,5.101047339190009459e-03
5.615999999999978125e-09,1.342210560333474856e+00,1.010067585082511932e-01,1.785482333922142617e+00,5.101049390344686123e-03
5.617999999999977911e-09,1.342787008835291562e+00,1.010067716595189902e-01,1.786081909039674898e+00,5.101051441689531847e-03
5.619999999999977698e-09,1.343363471978989754e+00,1.010067847991748258e-01,1.786681484162084832e+00,5.101053493140044783e-03
5.621999999999977484e-09,1.343939949750948104e+00,1.010067979272323002e-01,1.787281059289372642e+00,5.101055544690894991e-03
5.623999999999977270e-09,1.344516442137561052e+00,1.010068110437049166e-01,1.787880634421538550e+00,5.101057596371551088e-03
5.625999999999977057e-09,1.345092949125239468e+00,1.010068241486062474e-01,1.788480209558582557e+00,5.101059648035592003e-03
5.627999999999976843e-09,1.345669470700412207e+00,1.010068372419497540e-01,1.789079784700504661e+00,5.101061699859190182e-03
5.629999999999976629e-09,1.346246006849522558e+00,1.010068503237489396e-01,1.789679359847305085e+00,5.101063751724004523e-03
5.631999999999976415e-09,1.346822557559031353e+00,1.010068633940172794e-01,1.790278934998983829e+00,5.101065803763022398e-03
5.633999999999976202e-09,1.347399122815416073e+00,1.010068764527682073e-01,1.790878510155541337e+00,5.101067855911577652e-03
5.635999999999975988e-09,1.347975702605169745e+00,1.010068895000151706e-01,1.791478085316977387e+00,5.101069908143924386e-03
5.637999999999975774e-09,1.348552296914802717e+00,1.010069025357715755e-01,1.792077660483292201e+00,5.101071960503715183e-03
5.639999999999975561e-09,1.349128905730841321e+00,1.010069155600508278e-01,1.792677235654486001e+00,5.101074012831711101e-03
5.641999999999975347e-09,1.349705529039827212e+00,1.010069285728662503e-01,1.793276810830559009e+00,5.101076065338911759e-03
5.643999999999975133e-09,1.350282166828320252e+00,1.010069415742312487e-01,1.793876386011511004e+00,5.101078117916144940e-03
5.645999999999974920e-09,1.350858819082894957e+00,1.010069545641591182e-01,1.794475961197342428e+00,5.101080170639455715e-03
5.647999999999974706e-09,1.351435485790143165e+00,1.010069675426632091e-01,1.795075536388053061e+00,5.101082223473865987e-03
5.649999999999974492e-09,1.352012166936672255e+00,1.010069805097567747e-01,1.795675111583643568e+00,5.101084276369644704e-03
5.651999999999974278e-09,1.352588862509106038e+00,1.010069934654531376e-01,1.796274686784113728e+00,5.101086329395859015e-03
5.653999999999974065e-09,1.353165572494084978e+00,1.010070064097655373e-01,1.796874261989463539e+00,5.101088382398073426e-03
5.655999999999973851e-09,1.353742296878264639e+00,1.010070193427071994e-01,1.797473837199693225e+00,5.101090435592844745e-03
5.657999999999973637e-09,1.354319035648317460e+00,1.010070322642913632e-01,1.798073412414803007e+00,5.101092488873013031e-03
5.659999999999973424e-09,1.354895788790932309e+00,1.010070451745312264e-01,1.798672987634792886e+00,5.101094542275676214e-03
5.661999999999973210e-09,1.355472556292812936e+00,1.010070580734399592e-01,1.799272562859663083e+00,5.101096595797826282e-03
5.663999999999972996e-09,1.356049338140680849e+00,1.010070709610307454e-01,1.799872138089413598e+00,5.101098649342001266e-03
5.665999999999972783e-09,1.356626134321271770e+00,1.010070838373167135e-01,1.800471713324044654e+00,5.101100703029968347e-03
5.667999999999972569e-09,1.357202944821338964e+00,1.010070967023109917e-01,1.801071288563556472e+00,5.101102756716359432e-03
5.669999999999972355e-09,1.357779769627650790e+00,1.010071095560267085e-01,1.801670863807948830e+00,5.101104810594530269e-03
5.671999999999972141e-09,1.358356608726991599e+00,1.010071223984769229e-01,1.802270439057222173e+00,5.101106864577426361e-03
5.673999999999971928e-09,1.358933462106162615e+00,1.010071352296747355e-01,1.802870014311376723e+00,5.101108918662748334e-03
5.675999999999971714e-09,1.359510329751979496e+00,1.010071480496331636e-01,1.803469589570412257e+00,5.101110972876268107e-03
5.677999999999971500e-09,1.360087211651274997e+00,1.010071608583652802e-01,1.804069164834328998e+00,5.101113027077104449e-03
5.679999999999971287e-09,1.360664107790897859e+00,1.010071736558840749e-01,1.804668740103127167e+00,5.101115081433332116e-03
5.681999999999971073e-09,1.361241018157711036e+00,1.010071864422025373e-01,1.805268315376806765e+00,5.101117135824776404e-03
5.683999999999970859e-09,1.361817942738595244e+00,1.010071992173336708e-01,1.805867890655368013e+00,5.101119190394639603e-03
5.685999999999970646e-09,1.362394881520446521e+00,1.010072119812904373e-01,1.806467465938811134e+00,5.101121245074607437e-03
5.687999999999970432e-09,1.362971834490175338e+00,1.010072247340857293e-01,1.807067041227135684e+00,5.101123299837953887e-03
5.689999999999970218e-09,1.363548801634709484e+00,1.010072374757325225e-01,1.807666616520342551e+00,5.101125354727832802e-03
5.691999999999970004e-09,1.364125782940991849e+00,1.010072502062436955e-01,1.808266191818431512e+00,5.101127409585964542e-03
5.693999999999969791e-09,1.364702778395981309e+00,1.010072629256321408e-01,1.808865767121402568e+00,5.101129464621394563e-03
5.695999999999969577e-09,1.365279787986652282e+00,1.010072756339107369e-01,1.809465342429255941e+00,5.101131519724886459e-03
5.697999999999969363e-09,1.365856811699994511e+00,1.010072883310923070e-01,1.810064917741991852e+00,5.101133574975362343e-03
5.699999999999969150e-09,1.366433849523013944e+00,1.010073010171897018e-01,1.810664493059610081e+00,5.101135630337227424e-03
5.701999999999968936e-09,1.367010901442731630e+00,1.010073136922157444e-01,1.811264068382111292e+00,5.101137685760657840e-03
5.703999999999968722e-09,1.367587967446185271e+00,1.010073263561832024e-01,1.811863643709495264e+00,5.101139741313417963e-03
5.705999999999968509e-09,1.368165047520426336e+00,1.010073390091048851e-01,1.812463219041761997e+00,5.101141796839314159e-03
5.707999999999968295e-09,1.368742141652523170e+00,1.010073516509935321e-01,1.813062794378911713e+00,5.101143852557932061e-03
5.709999999999968081e-09,1.369319249829559437e+00,1.010073642818618694e-01,1.813662369720944856e+00,5.101145908362806486e-03
5.711999999999967867e-09,1.369896372038634347e+00,1.010073769017226508e-01,1.814261945067861204e+00,5.101147964288301438e-03
5.713999999999967654e-09,1.370473508266862428e+00,1.010073895105885605e-01,1.814861520419660978e+00,5.101150020333064701e-03
5.715999999999967440e-09,1.371050658501373531e+00,1.010074021084723106e-01,1.815461095776344180e+00,5.101152076399322922e-03
5.717999999999967226e-09,1.371627822729313273e+00,1.010074146953865160e-01,1.816060671137911031e+00,5.101154132608851088e-03
5.719999999999967013e-09,1.372205000937842145e+00,1.010074272713438887e-01,1.816660246504361531e+00,5.101156188815537777e-03
5.721999999999966799e-09,1.372782193114137073e+00,1.010074398363570297e-01,1.817259821875696124e+00,5.101158245214999082e-03
5.723999999999966585e-09,1.373359399245388968e+00,1.010074523904385541e-01,1.817859397251914588e+00,5.101160301721596041e-03
5.725999999999966371e-09,1.373936619318805175e+00,1.010074649336010766e-01,1.818458972633017146e+00,5.101162358327557961e-03
5.727999999999966158e-09,1.374513853321607915e+00,1.010074774658571567e-01,1.819058548019004018e+00,5.101164415060442658e-03
5.729999999999965944e-09,1.375091101241034952e+00,1.010074899872193677e-01,1.819658123409875206e+00,5.101166471778171944e-03
5.731999999999965730e-09,1.375668363064338706e+00,1.010075024977002411e-01,1.820257698805630708e+00,5.101168528652732376e-03
5.733999999999965517e-09,1.376245638778787805e+00,1.010075149973123365e-01,1.820857274206270970e+00,5.101170585564687374e-03
5.735999999999965303e-09,1.376822928371665533e+00,1.010075274860681299e-01,1.821456849611795992e+00,5.101172642651437446e-03
5.737999999999965089e-09,1.377400231830270272e+00,1.010075399639801114e-01,1.822056425022205550e+00,5.101174699850137030e-03
5.739999999999964876e-09,1.377977549141915725e+00,1.010075524310607847e-01,1.822656000437500090e+00,5.101176757128791754e-03
5.741999999999964662e-09,1.378554880293931140e+00,1.010075648873225568e-01,1.823255575857679833e+00,5.101178814532297996e-03
5.743999999999964448e-09,1.379132225273660195e+00,1.010075773327779175e-01,1.823855151282744780e+00,5.101180871902714388e-03
5.745999999999964234e-09,1.379709584068462336e+00,1.010075897674392736e-01,1.824454726712694930e+00,5.101182929454257595e-03
5.747999999999964021e-09,1.380286956665712328e+00,1.010076021913190042e-01,1.825054302147530505e+00,5.101184987077901113e-03
5.749999999999963807e-09,1.380864343052798704e+00,1.010076146044295159e-01,1.825653877587251506e+00,5.101187044841869883e-03
5.751999999999963593e-09,1.381441743217126206e+00,1.010076270067831877e-01,1.826253453031858154e+00,5.101189102718249602e-03
5.753999999999963380e-09,1.382019157146114674e+00,1.010076393983923432e-01,1.826853028481350893e+00,5.101191160646852303e-03
5.755999999999963166e-09,1.382596584827197939e+00,1.010076517792693196e-01,1.827452603935729059e+00,5.101193218705541051e-03
5.757999999999962952e-09,1.383174026247826038e+00,1.010076641494264404e-01,1.828052179394993315e+00,5.101195276739799687e-03
5.759999999999962739e-09,1.383751481395463445e+00,1.010076765088760292e-01,1.828651754859143663e+00,5.101197334968435824e-03
5.761999999999962525e-09,1.384328950257589064e+00,1.010076888576303261e-01,1.829251330328180103e+00,5.101199393288892610e-03
5.763999999999962311e-09,1.384906432821697786e+00,1.010077011957016130e-01,1.829850905802103078e+00,5.101201451722875771e-03
5.765999999999962097e-09,1.385483929075298049e+00,1.010077135231021439e-01,1.830450481280912589e+00,5.101203510279091885e-03
5.767999999999961884e-09,1.386061439005914719e+00,1.010077258398441313e-01,1.831050056764608414e+00,5.101205568847569892e-03
5.769999999999961670e-09,1.386638962601086655e+00,1.010077381459398016e-01,1.831649632253190996e+00,5.101207627561712629e-03
5.771999999999961456e-09,1.387216499848367590e+00,1.010077504414013533e-01,1.832249207746660558e+00,5.101209686281646741e-03
5.773999999999961243e-09,1.387794050735325468e+00,1.010077627262409711e-01,1.832848783245017099e+00,5.101211745192078643e-03
5.775999999999961029e-09,1.388371615249544888e+00,1.010077750004707842e-01,1.833448358748260398e+00,5.101213804213923161e-03
5.777999999999960815e-09,1.388949193378623326e+00,1.010077872641029495e-01,1.834047934256390899e+00,5.101215863328126959e-03
5.779999999999960602e-09,1.389526785110174023e+00,1.010077995171496101e-01,1.834647509769408602e+00,5.101217922566634970e-03
5.781999999999960388e-09,1.390104390431824211e+00,1.010078117596228675e-01,1.835247085287313507e+00,5.101219981782521319e-03
5.783999999999960174e-09,1.390682009331216662e+00,1.010078239915348092e-01,1.835846660810106057e+00,5.101222041162401487e-03
5.785999999999959960e-09,1.391259641796008584e+00,1.010078362128975227e-01,1.836446236337786253e+00,5.101224100591068150e-03
5.787999999999959747e-09,1.391837287813871171e+00,1.010078484237230539e-01,1.837045811870354317e+00,5.101226160181690332e-03
5.789999999999959533e-09,1.392414947372490941e+00,1.010078606240234489e-01,1.837645387407810027e+00,5.101228219884020899e-03
5.791999999999959319e-09,1.392992620459569508e+00,1.010078728138107673e-01,1.838244962950153605e+00,5.101230279657578345e-03
5.793999999999959106e-09,1.393570307062822033e+00,1.010078849930969441e-01,1.838844538497385273e+00,5.101232339556095730e-03
5.795999999999958892e-09,1.394148007169978554e+00,1.010078971618940252e-01,1.839444114049505474e+00,5.101234399421103460e-03
5.797999999999958678e-09,1.394725720768784205e+00,1.010079093202139733e-01,1.840043689606513544e+00,5.101236459474339964e-03
5.799999999999958465e-09,1.395303447846998113e+00,1.010079214680687509e-01,1.840643265168410148e+00,5.101238519609070307e-03
5.801999999999958251e-09,1.395881188392393613e+00,1.010079336054702931e-01,1.841242840735195285e+00,5.101240579871754721e-03
5.803999999999958037e-09,1.396458942392759583e+00,1.010079457324305346e-01,1.841842416306869179e+00,5.101242640248918742e-03
5.805999999999957823e-09,1.397036709835899337e+00,1.010079578489613550e-01,1.842441991883431607e+00,5.101244700660924683e-03
5.807999999999957610e-09,1.397614490709629065e+00,1.010079699550746751e-01,1.843041567464883013e+00,5.101246761209727448e-03
5.809999999999957396e-09,1.398192285001780943e+00,1.010079820507823606e-01,1.843641143051223397e+00,5.101248821742869997e-03
5.811999999999957182e-09,1.398770092700200696e+00,1.010079941360962630e-01,1.844240718642452759e+00,5.101250882471248735e-03
5.813999999999956969e-09,1.399347913792748921e+00,1.010080062110282478e-01,1.844840294238571099e+00,5.101252943301907636e-03
5.815999999999956755e-09,1.399925748267300873e+00,1.010080182755900974e-01,1.845439869839579083e+00,5.101255004234757362e-03
5.817999999999956541e-09,1.400503596111745797e+00,1.010080303297936632e-01,1.846039445445476490e+00,5.101257065293065759e-03
5.819999999999956328e-09,1.401081457313986478e+00,1.010080423736506999e-01,1.846639021056263319e+00,5.101259126344525469e-03
5.821999999999956114e-09,1.401659331861941471e+00,1.010080544071730035e-01,1.847238596671939792e+00,5.101261187546176669e-03
5.823999999999955900e-09,1.402237219743542429e+00,1.010080664303723424e-01,1.847838172292506131e+00,5.101263248773712546e-03
5.825999999999955686e-09,1.402815120946735883e+00,1.010080784432604434e-01,1.848437747917962337e+00,5.101265310183429949e-03
5.827999999999955473e-09,1.403393035459483018e+00,1.010080904458490331e-01,1.849037323548308409e+00,5.101267371707437874e-03
5.829999999999955259e-09,1.403970963269757677e+00,1.010081024381498382e-01,1.849636899183544569e+00,5.101269433310240409e-03
5.831999999999955045e-09,1.404548904365549689e+00,1.010081144201745301e-01,1.850236474823671040e+00,5.101271495035308856e-03
5.833999999999954832e-09,1.405126858734862205e+00,1.010081263919347938e-01,1.850836050468687821e+00,5.101273556728587628e-03
5.835999999999954618e-09,1.405704826365712590e+00,1.010081383534422866e-01,1.851435626118595135e+00,5.101275618599662547e-03
5.837999999999954404e-09,1.406282807246132194e+00,1.010081503047086521e-01,1.852035201773392981e+00,5.101277680538854851e-03
5.839999999999954191e-09,1.406860801364167246e+00,1.010081622457455336e-01,1.852634777433081581e+00,5.101279742620447137e-03
5.841999999999953977e-09,1.407438808707876854e+00,1.010081741765645330e-01,1.853234353097660714e+00,5.101281804814557057e-03
5.843999999999953763e-09,1.408016829265335446e+00,1.010081860971772522e-01,1.853833928767130601e+00,5.101283867061062564e-03
5.845999999999953549e-09,1.408594863024630772e+00,1.010081980075952512e-01,1.854433504441491687e+00,5.101285929437089466e-03
5.847999999999953336e-09,1.409172909973864574e+00,1.010082099078301182e-01,1.855033080120743749e+00,5.101287991784492562e-03
5.849999999999953122e-09,1.409750970101153245e+00,1.010082217978933855e-01,1.855632655804887232e+00,5.101290054327050315e-03
5.851999999999952908e-09,1.410329043394626281e+00,1.010082336777965856e-01,1.856232231493922136e+00,5.101292116963118337e-03
5.853999999999952695e-09,1.410907129842428276e+00,1.010082455475512370e-01,1.856831807187848238e+00,5.101294179708587562e-03
5.855999999999952481e-09,1.411485229432716926e+00,1.010082574071688444e-01,1.857431382886665983e+00,5.101296242575282733e-03
5.857999999999952267e-09,1.412063342153664358e+00,1.010082692566608986e-01,1.858030958590375370e+00,5.101298305454004742e-03
5.859999999999952053e-09,1.412641467993455802e+00,1.010082810960388211e-01,1.858630534298976622e+00,5.101300368477605651e-03
5.861999999999951840e-09,1.413219606940291362e+00,1.010082929253141304e-01,1.859230110012469739e+00,5.101302431506696961e-03
5.863999999999951626e-09,1.413797758982384467e+00,1.010083047444982340e-01,1.859829685730854720e+00,5.101304494725747429e-03
5.865999999999951412e-09,1.414375924107962978e+00,1.010083165536025257e-01,1.860429261454131789e+00,5.101306558058057126e-03
5.867999999999951199e-09,1.414954102305267636e+00,1.010083283526384407e-01,1.861028837182301165e+00,5.101308621476802890e-03
5.869999999999950985e-09,1.415532293562554056e+00,1.010083401416173449e-01,1.861628412915362851e+00,5.101310685017887425e-03
5.871999999999950771e-09,1.416110497868090956e+00,1.010083519205506319e-01,1.862227988653317068e+00,5.101312748534989408e-03
5.873999999999950558e-09,1.416688715210160820e+00,1.010083636894496401e-01,1.862827564396163815e+00,5.101314812218898063e-03
5.875999999999950344e-09,1.417266945577060344e+00,1.010083754483257212e-01,1.863427140143903538e+00,5.101316875956812998e-03
5.877999999999950130e-09,1.417845188957099767e+00,1.010083871971901998e-01,1.864026715896535569e+00,5.101318939850543396e-03
5.879999999999949916e-09,1.418423445338602429e+00,1.010083989360543860e-01,1.864626291654060353e+00,5.101321003855231913e-03
5.881999999999949703e-09,1.419001714709906992e+00,1.010084106649295627e-01,1.865225867416478556e+00,5.101323067920679119e-03
5.883999999999949489e-09,1.419579997059364107e+00,1.010084223838270123e-01,1.865825443183789512e+00,5.101325132112171333e-03
5.885999999999949275e-09,1.420158292375339082e+00,1.010084340927580177e-01,1.866425018955993886e+00,5.101327196270331703e-03
5.887999999999949062e-09,1.420736600646210102e+00,1.010084457917337780e-01,1.867024594733091458e+00,5.101329260620276161e-03
5.889999999999948848e-09,1.421314921860369340e+00,1.010084574807655761e-01,1.867624170515082671e+00,5.101331325057753031e-03
5.891999999999948634e-09,1.421893256006223627e+00,1.010084691598645834e-01,1.868223746301967081e+00,5.101333389612608231e-03
5.893999999999948421e-09,1.422471603072191115e+00,1.010084808290420272e-01,1.868823322093745576e+00,5.101335454285827950e-03
5.895999999999948207e-09,1.423049963046705946e+00,1.010084924883091068e-01,1.869422897890417712e+00,5.101337518983104814e-03
5.897999999999947993e-09,1.423628335918213361e+00,1.010085041376769521e-01,1.870022473691983489e+00,5.101339583820128400e-03
5.899999999999947779e-09,1.424206721675174814e+00,1.010085157771567488e-01,1.870622049498443351e+00,5.101341648648333518e-03
5.901999999999947566e-09,1.424785120306063080e+00,1.010085274067596128e-01,1.871221625309797520e+00,5.101343713670046173e-03
5.903999999999947352e-09,1.425363531799365369e+00,1.010085390264966604e-01,1.871821201126045553e+00,5.101345778802456737e-03
5.905999999999947138e-09,1.425941956143581990e+00,1.010085506363790353e-01,1.872420776947187893e+00,5.101347844027239592e-03
5.907999999999946925e-09,1.426520393327227243e+00,1.010085622364177982e-01,1.873020352773224984e+00,5.101349909375277152e-03
5.909999999999946711e-09,1.427098843338828527e+00,1.010085738266240374e-01,1.873619928604156382e+00,5.101351974705535530e-03
5.911999999999946497e-09,1.427677306166926563e+00,1.010085854070088135e-01,1.874219504439982309e+00,5.101354040195470001e-03
5.913999999999946284e-09,1.428255781800075619e+00,1.010085969775831455e-01,1.874819080280703210e+00,5.101356105728029229e-03
5.915999999999946070e-09,1.428834270226843284e+00,1.010086085383581078e-01,1.875418656126318862e+00,5.101358171426872111e-03
5.917999999999945856e-09,1.429412771435810026e+00,1.010086200893446917e-01,1.876018231976829265e+00,5.101360237237059954e-03
5.919999999999945642e-09,1.429991285415570967e+00,1.010086316305539161e-01,1.876617807832234863e+00,5.101362303111567874e-03
5.921999999999945429e-09,1.430569812154733000e+00,1.010086431619967307e-01,1.877217383692535657e+00,5.101364369109973214e-03
5.923999999999945215e-09,1.431148351641917005e+00,1.010086546836841265e-01,1.877816959557731646e+00,5.101366435074488129e-03
5.925999999999945001e-09,1.431726903865758294e+00,1.010086661956270809e-01,1.878416535427823275e+00,5.101368501226060878e-03
5.927999999999944788e-09,1.432305468814902394e+00,1.010086776978365020e-01,1.879016111302810099e+00,5.101370567459567219e-03
5.929999999999944574e-09,1.432884046478011486e+00,1.010086891903233114e-01,1.879615687182692563e+00,5.101372633818911269e-03
5.931999999999944360e-09,1.433462636843758409e+00,1.010087006730984310e-01,1.880215263067470888e+00,5.101374700294438423e-03
5.933999999999944147e-09,1.434041239900830877e+00,1.010087121461727688e-01,1.880814838957145074e+00,5.101376766800782940e-03
5.935999999999943933e-09,1.434619855637929042e+00,1.010087236095571911e-01,1.881414414851714900e+00,5.101378833442426347e-03
5.937999999999943719e-09,1.435198484043766154e+00,1.010087350632625502e-01,1.882013990751181032e+00,5.101380900066213378e-03
5.939999999999943505e-09,1.435777125107069452e+00,1.010087465072997126e-01,1.882613566655543247e+00,5.101382966886509017e-03
5.941999999999943292e-09,1.436355778816577278e+00,1.010087579416794890e-01,1.883213142564801545e+00,5.101385033815096504e-03
5.943999999999943078e-09,1.436934445161043739e+00,1.010087693664127456e-01,1.883812718478956372e+00,5.101387100838557752e-03
5.945999999999942864e-09,1.437513124129233599e+00,1.010087807815102379e-01,1.884412294398007726e+00,5.101389167985033446e-03
5.947999999999942651e-09,1.438091815709926724e+00,1.010087921869827904e-01,1.885011870321955607e+00,5.101391235118607134e-03
5.949999999999942437e-09,1.438670519891914745e+00,1.010088035828411585e-01,1.885611446250800016e+00,5.101393302407599903e-03
5.951999999999942223e-09,1.439249236664002618e+00,1.010088149690961112e-01,1.886211022184541175e+00,5.101395369731328774e-03
5.953999999999942010e-09,1.439827966015008620e+00,1.010088263457583901e-01,1.886810598123179306e+00,5.101397437227487425e-03
5.955999999999941796e-09,1.440406707933763464e+00,1.010088377128387227e-01,1.887410174066714630e+00,5.101399504836663309e-03
5.957999999999941582e-09,1.440985462409111406e+00,1.010088490703478226e-01,1.888009750015146704e+00,5.101401572511396997e-03
5.959999999999941368e-09,1.441564229429909583e+00,1.010088604182964034e-01,1.888609325968476194e+00,5.101403640308680223e-03
5.961999999999941155e-09,1.442143008985027786e+00,1.010088717566951372e-01,1.889208901926702655e+00,5.101405708072303744e-03
5.963999999999940941e-09,1.442721801063348686e+00,1.010088830855546960e-01,1.889808477889826754e+00,5.101407776019767186e-03
5.965999999999940727e-09,1.443300605653767832e+00,1.010088944048857656e-01,1.890408053857848492e+00,5.101409844045317471e-03
5.967999999999940514e-09,1.443879422745194541e+00,1.010089057146989627e-01,1.891007629830767867e+00,5.101411912200919975e-03
5.969999999999940300e-09,1.444458252326549674e+00,1.010089170150049037e-01,1.891607205808584879e+00,5.101413980472469661e-03
5.971999999999940086e-09,1.445037094386768084e+00,1.010089283058142468e-01,1.892206781791299752e+00,5.101416048777672116e-03
5.973999999999939872e-09,1.445615948914796167e+00,1.010089395871375390e-01,1.892806357778912485e+00,5.101418117215966892e-03
5.975999999999939659e-09,1.446194815899594976e+00,1.010089508589853829e-01,1.893405933771423522e+00,5.101420185632003432e-03
5.977999999999939445e-09,1.446773695330136444e+00,1.010089621213683675e-01,1.894005509768832418e+00,5.101422254245690027e-03
5.979999999999939231e-09,1.447352587195406715e+00,1.010089733742970119e-01,1.894605085771139619e+00,5.101424322966451562e-03
5.981999999999939018e-09,1.447931491484403255e+00,1.010089846177818912e-01,1.895204661778345567e+00,5.101426391782341863e-03
5.983999999999938804e-09,1.448510408186137965e+00,1.010089958518335107e-01,1.895804237790449598e+00,5.101428460721089617e-03
5.985999999999938590e-09,1.449089337289634294e+00,1.010090070764624037e-01,1.896403813807452376e+00,5.101430529649533981e-03
5.987999999999938377e-09,1.449668278783928566e+00,1.010090182916790341e-01,1.897003389829353681e+00,5.101432598732048677e-03
5.989999999999938163e-09,1.450247232658069985e+00,1.010090294974939074e-01,1.897602965856153956e+00,5.101434667845877735e-03
5.991999999999937949e-09,1.450826198901120634e+00,1.010090406939174873e-01,1.898202541887852979e+00,5.101436737133736854e-03
5.993999999999937735e-09,1.451405177502154809e+00,1.010090518809602517e-01,1.898802117924450972e+00,5.101438806535220361e-03
5.995999999999937522e-09,1.451984168450259682e+00,1.010090630586325949e-01,1.899401693965948157e+00,5.101440876000764603e-03
5.997999999999937308e-09,1.452563171734534864e+00,1.010090742269449809e-01,1.900001270012344534e+00,5.101442945588066484e-03
5.999999999999937094e-09,1.453142187344092395e+00,1.010090853859078042e-01,1.900600846063640104e+00,5.101445015142078154e-03
6.001999999999936881e-09,1.453721215268057865e+00,1.010090965355314591e-01,1.901200422119835087e+00,5.101447084879084937e-03
6.003999999999936667e-09,1.454300255495568406e+00,1.010091076758263262e-01,1.901799998180929929e+00,5.101449154693140330e-03
6.005999999999936453e-09,1.454879308015773587e+00,1.010091188068027862e-01,1.902399574246924185e+00,5.101451224637483864e-03
6.007999999999936240e-09,1.455458372817836299e+00,1.010091299284711919e-01,1.902999150317817856e+00,5.101453294698617656e-03
6.009999999999936026e-09,1.456037449890931423e+00,1.010091410408418683e-01,1.903598726393611607e+00,5.101455364792856044e-03
6.011999999999935812e-09,1.456616539224246942e+00,1.010091521439251822e-01,1.904198302474305438e+00,5.101457435019801645e-03
6.013999999999935598e-09,1.457195640806982384e+00,1.010091632377314030e-01,1.904797878559899127e+00,5.101459505223808130e-03
6.015999999999935385e-09,1.457774754628350156e+00,1.010091743222708421e-01,1.905397454650393119e+00,5.101461575625102114e-03
6.017999999999935171e-09,1.458353880677575098e+00,1.010091853975537968e-01,1.905997030745786969e+00,5.101463646134385237e-03
6.019999999999934957e-09,1.458933018943894711e+00,1.010091964635905226e-01,1.906596606846081565e+00,5.101465716736817806e-03
6.021999999999934744e-09,1.459512169416558702e+00,1.010092075203912754e-01,1.907196182951276464e+00,5.101467787461413939e-03
6.023999999999934530e-09,1.460091332084828997e+00,1.010092185679662968e-01,1.907795759061372109e+00,5.101469858175417850e-03
6.025999999999934316e-09,1.460670506937979951e+00,1.010092296063258288e-01,1.908395335176368057e+00,5.101471929044718544e-03
6.027999999999934103e-09,1.461249693965298579e+00,1.010092406354800437e-01,1.908994911296264974e+00,5.101473999946795103e-03
6.029999999999933889e-09,1.461828893156083664e+00,1.010092516554392111e-01,1.909594487421062858e+00,5.101476071021121897e-03
6.031999999999933675e-09,1.462408104499647088e+00,1.010092626662134757e-01,1.910194063550761490e+00,5.101478142208710521e-03
6.033999999999933461e-09,1.462987327985312280e+00,1.010092736678130099e-01,1.910793639685361311e+00,5.101480213455922459e-03
6.035999999999933248e-09,1.463566563602415327e+00,1.010092846602479860e-01,1.911393215824862102e+00,5.101482284824983109e-03
6.037999999999933034e-09,1.464145811340304082e+00,1.010092956435285350e-01,1.911992791969264527e+00,5.101484356160598289e-03
6.039999999999932820e-09,1.464725071188339722e+00,1.010093066176647736e-01,1.912592368118568364e+00,5.101486427681286781e-03
6.041999999999932607e-09,1.465304343135894971e+00,1.010093175826668743e-01,1.913191944272773393e+00,5.101488499281442955e-03
6.043999999999932393e-09,1.465883627172353876e+00,1.010093285385448708e-01,1.913791520431880055e+00,5.101490571007322346e-03
6.045999999999932179e-09,1.466462923287114473e+00,1.010093394853088938e-01,1.914391096595888131e+00,5.101492642851816924e-03
6.047999999999931966e-09,1.467042231469585678e+00,1.010093504229690325e-01,1.914990672764798285e+00,5.101494714725782718e-03
6.049999999999931752e-09,1.467621551709189287e+00,1.010093613515353067e-01,1.915590248938610296e+00,5.101496786732537259e-03
6.051999999999931538e-09,1.468200883995358197e+00,1.010093722710177916e-01,1.916189825117324386e+00,5.101498858719744935e-03
6.053999999999931324e-09,1.468780228317539294e+00,1.010093831814265347e-01,1.916789401300940554e+00,5.101500930903394432e-03
6.055999999999931111e-09,1.469359584665189233e+00,1.010093940827715142e-01,1.917388977489458801e+00,5.101503003197041877e-03
6.057999999999930897e-09,1.469938953027778661e+00,1.010094049750627776e-01,1.917988553682879571e+00,5.101505075579108178e-03
6.059999999999930683e-09,1.470518333394788879e+00,1.010094158583103030e-01,1.918588129881202420e+00,5.101507148082965945e-03
6.061999999999930470e-09,1.471097725755714736e+00,1.010094267325240824e-01,1.919187706084427791e+00,5.101509220573333635e-03
6.063999999999930256e-09,1.471677130100062181e+00,1.010094375977140663e-01,1.919787282292555908e+00,5.101511293222303622e-03
6.065999999999930042e-09,1.472256546417348932e+00,1.010094484538902188e-01,1.920386858505586547e+00,5.101513365910655302e-03
6.067999999999929829e-09,1.472835974697105588e+00,1.010094593010624625e-01,1.920986434723520375e+00,5.101515438765079867e-03
6.069999999999929615e-09,1.473415414928873846e+00,1.010094701392407479e-01,1.921586010946356726e+00,5.101517511731515526e-03
6.071999999999929401e-09,1.473994867102208062e+00,1.010094809684349698e-01,1.922185587174096266e+00,5.101519584751593173e-03
6.073999999999929187e-09,1.474574331206673916e+00,1.010094917886550370e-01,1.922785163406738773e+00,5.101521657894702612e-03
6.075999999999928974e-09,1.475153807231849523e+00,1.010095025999108442e-01,1.923384739644284691e+00,5.101523731004430767e-03
6.077999999999928760e-09,1.475733295167325210e+00,1.010095134022122587e-01,1.923984315886733798e+00,5.101525804303967161e-03
6.079999999999928546e-09,1.476312795002702405e+00,1.010095241955691198e-01,1.924583892134086316e+00,5.101527877689939622e-03
6.081999999999928333e-09,1.476892306727594528e+00,1.010095349799912945e-01,1.925183468386342467e+00,5.101529951192423050e-03
6.083999999999928119e-09,1.477471830331627656e+00,1.010095457554886084e-01,1.925783044643502029e+00,5.101532024813716822e-03
6.085999999999927905e-09,1.478051365804438744e+00,1.010095565220708869e-01,1.926382620905565446e+00,5.101534098457884657e-03
6.087999999999927692e-09,1.478630913135677405e+00,1.010095672797479277e-01,1.926982197172532496e+00,5.101536172237600315e-03
6.089999999999927478e-09,1.479210472315005021e+00,1.010095780285295286e-01,1.927581773444403845e+00,5.101538246005530262e-03
6.091999999999927264e-09,1.479790043332093630e+00,1.010095887684254873e-01,1.928181349721178828e+00,5.101540319967230556e-03
6.093999999999927050e-09,1.480369626176628151e+00,1.010095994994455182e-01,1.928780926002857887e+00,5.101542394041922932e-03
6.095999999999926837e-09,1.480949220838305269e+00,1.010096102215994190e-01,1.929380502289441246e+00,5.101544468197685006e-03
6.097999999999926623e-09,1.481528827306833218e+00,1.010096209348969182e-01,1.929980078580928904e+00,5.101546542474409349e-03
6.099999999999926409e-09,1.482108445571931554e+00,1.010096316393477439e-01,1.930579654877321305e+00,5.101548616732504496e-03
6.101999999999926196e-09,1.482688075623331825e+00,1.010096423349616246e-01,1.931179231178617783e+00,5.101550691155755726e-03
6.103999999999925982e-09,1.483267717450778012e+00,1.010096530217482191e-01,1.931778807484819005e+00,5.101552765628031977e-03
6.105999999999925768e-09,1.483847371044024754e+00,1.010096636997172559e-01,1.932378383795924970e+00,5.101554840256387370e-03
6.107999999999925554e-09,1.484427036392838906e+00,1.010096743688783660e-01,1.932977960111935678e+00,5.101556914995350467e-03
6.109999999999925341e-09,1.485006713486998420e+00,1.010096850292412640e-01,1.933577536432851351e+00,5.101558989781387020e-03
6.111999999999925127e-09,1.485586402316294130e+00,1.010096956808155672e-01,1.934177112758671990e+00,5.101561064694646458e-03
6.113999999999924913e-09,1.486166102870527084e+00,1.010097063236109205e-01,1.934776689089397816e+00,5.101563139573220100e-03
6.115999999999924700e-09,1.486745815139510318e+00,1.010097169576369275e-01,1.935376265425029052e+00,5.101565214645906697e-03
6.117999999999924486e-09,1.487325539113069528e+00,1.010097275829032332e-01,1.935975841765565253e+00,5.101567289813516495e-03
6.119999999999924272e-09,1.487905274781040177e+00,1.010097381994193855e-01,1.936575418111006863e+00,5.101569365086282629e-03
6.121999999999924059e-09,1.488485022133270608e+00,1.010097488071950017e-01,1.937174994461354105e+00,5.101571440479212190e-03
6.123999999999923845e-09,1.489064781159620487e+00,1.010097594062396437e-01,1.937774570816606756e+00,5.101573515885022940e-03
6.125999999999923631e-09,1.489644551849960807e+00,1.010097699965628731e-01,1.938374147176765261e+00,5.101575591433179895e-03
6.127999999999923417e-09,1.490224334194173883e+00,1.010097805781742242e-01,1.938973723541829619e+00,5.101577666982777537e-03
6.129999999999923204e-09,1.490804128182154020e+00,1.010097911510832447e-01,1.939573299911799831e+00,5.101579742718225646e-03
6.131999999999922990e-09,1.491383933803806627e+00,1.010098017152994410e-01,1.940172876286676118e+00,5.101581818569352923e-03
6.133999999999922776e-09,1.491963751049048881e+00,1.010098122708323193e-01,1.940772452666458259e+00,5.101583894491882286e-03
6.135999999999922563e-09,1.492543579907808615e+00,1.010098228176913721e-01,1.941372029051146697e+00,5.101585970533925422e-03
6.137999999999922349e-09,1.493123420370026544e+00,1.010098333558861056e-01,1.941971605440741655e+00,5.101588046550832416e-03
6.139999999999922135e-09,1.493703272425653372e+00,1.010098438854259428e-01,1.942571181835242689e+00,5.101590122739229835e-03
6.141999999999921922e-09,1.494283136064651796e+00,1.010098544063203624e-01,1.943170758234650242e+00,5.101592198988246299e-03
6.143999999999921708e-09,1.494863011276996057e+00,1.010098649185788011e-01,1.943770334638964536e+00,5.101594275382244012e-03
6.145999999999921494e-09,1.495442898052671499e+00,1.010098754222107098e-01,1.944369911048185573e+00,5.101596351888831350e-03
6.147999999999921280e-09,1.496022796381675013e+00,1.010098859172254837e-01,1.944969487462313351e+00,5.101598428434139451e-03
6.149999999999921067e-09,1.496602706254014814e+00,1.010098964036325042e-01,1.945569063881347871e+00,5.101600505110192793e-03
6.151999999999920853e-09,1.497182627659709997e+00,1.010099068814412221e-01,1.946168640305289355e+00,5.101602581752521376e-03
6.153999999999920639e-09,1.497762560588791425e+00,1.010099173506609771e-01,1.946768216734138024e+00,5.101604658591551121e-03
6.155999999999920426e-09,1.498342505031301508e+00,1.010099278113011506e-01,1.947367793167893657e+00,5.101606735535529034e-03
6.157999999999920212e-09,1.498922460977292648e+00,1.010099382633710685e-01,1.947967369606556920e+00,5.101608812573248802e-03
6.159999999999919998e-09,1.499502428416830346e+00,1.010099487068801122e-01,1.948566946050127369e+00,5.101610889730636735e-03
6.161999999999919785e-09,1.500082407339990320e+00,1.010099591418375797e-01,1.949166522498605225e+00,5.101612966887759254e-03
6.163999999999919571e-09,1.500662397736858944e+00,1.010099695682528109e-01,1.949766098951990712e+00,5.101615044196780233e-03
6.165999999999919357e-09,1.501242399597535027e+00,1.010099799861350761e-01,1.950365675410283828e+00,5.101617121525777419e-03
6.167999999999919143e-09,1.501822412912127591e+00,1.010099903954937012e-01,1.950965251873484796e+00,5.101619199031333027e-03
6.169999999999918930e-09,1.502402437670757873e+00,1.010100007963379704e-01,1.951564828341593394e+00,5.101621276652421218e-03
6.171999999999918716e-09,1.502982473863556878e+00,1.010100111886771124e-01,1.952164404814610066e+00,5.101623354329653734e-03
6.173999999999918502e-09,1.503562521480668268e+00,1.010100215725203837e-01,1.952763981292534812e+00,5.101625432125796340e-03
6.175999999999918289e-09,1.504142580512245253e+00,1.010100319478770825e-01,1.953363557775367854e+00,5.101627509890396470e-03
6.177999999999918075e-09,1.504722650948453921e+00,1.010100423147563542e-01,1.953963134263108747e+00,5.101629587838408912e-03
6.179999999999917861e-09,1.505302732779469910e+00,1.010100526731674830e-01,1.954562710755758159e+00,5.101631665862587858e-03
6.181999999999917648e-09,1.505882825995480845e+00,1.010100630231196284e-01,1.955162287253316089e+00,5.101633744012681708e-03
6.183999999999917434e-09,1.506462930586685234e+00,1.010100733646220328e-01,1.955761863755782537e+00,5.101635822282623266e-03
6.185999999999917220e-09,1.507043046543291798e+00,1.010100836976838279e-01,1.956361440263157281e+00,5.101637900580245806e-03
6.187999999999917006e-09,1.507623173855522580e+00,1.010100940223142008e-01,1.956961016775440987e+00,5.101639979009957998e-03
6.189999999999916793e-09,1.508203312513608063e+00,1.010101043385223107e-01,1.957560593292633655e+00,5.101642057418408552e-03
6.191999999999916579e-09,1.508783462507790718e+00,1.010101146463172894e-01,1.958160169814735063e+00,5.101644136021783911e-03
6.193999999999916365e-09,1.509363623828325007e+00,1.010101249457082961e-01,1.958759746341745434e+00,5.101646214737113119e-03
6.195999999999916152e-09,1.509943796465474497e+00,1.010101352367044070e-01,1.959359322873665210e+00,5.101648293532734871e-03
6.197999999999915938e-09,1.510523980409515188e+00,1.010101455193147535e-01,1.959958899410493949e+00,5.101650372448691788e-03
6.199999999999915724e-09,1.511104175650733294e+00,1.010101557935484257e-01,1.960558475952232094e+00,5.101652451350521117e-03
6.201999999999915511e-09,1.511684382179426578e+00,1.010101660594145134e-01,1.961158052498879423e+00,5.101654530414619949e-03
6.203999999999915297e-09,1.512264599985902791e+00,1.010101763169220651e-01,1.961757629050436380e+00,5.101656609521620228e-03
6.205999999999915083e-09,1.512844829060481899e+00,1.010101865660801568e-01,1.962357205606902966e+00,5.101658688788522980e-03
6.207999999999914869e-09,1.513425069393493416e+00,1.010101968068978368e-01,1.962956782168279180e+00,5.101660768166972788e-03
6.209999999999914656e-09,1.514005320975278401e+00,1.010102070393841117e-01,1.963556358734565022e+00,5.101662847588870481e-03
6.211999999999914442e-09,1.514585583796189017e+00,1.010102172635480577e-01,1.964155935305760936e+00,5.101664927137017878e-03
6.213999999999914228e-09,1.515165857846587860e+00,1.010102274793986399e-01,1.964755511881866701e+00,5.101667006649900082e-03
6.215999999999914015e-09,1.515746143116848188e+00,1.010102376869448509e-01,1.965355088462882538e+00,5.101669086356075584e-03
6.217999999999913801e-09,1.516326439597354137e+00,1.010102478861956837e-01,1.965954665048808447e+00,5.101671166157405006e-03
6.219999999999913587e-09,1.516906747278501388e+00,1.010102580771601311e-01,1.966554241639644651e+00,5.101673246062667783e-03
6.221999999999913373e-09,1.517487066150695618e+00,1.010102682598471580e-01,1.967153818235391372e+00,5.101675326088309960e-03
6.223999999999913160e-09,1.518067396204353381e+00,1.010102784342656740e-01,1.967753394836048386e+00,5.101677406124714362e-03
6.225999999999912946e-09,1.518647737429902556e+00,1.010102886004246581e-01,1.968352971441615917e+00,5.101679486304261206e-03
6.227999999999912732e-09,1.519228089817780569e+00,1.010102987583330197e-01,1.968952548052093965e+00,5.101681566486724988e-03
6.229999999999912519e-09,1.519808453358437061e+00,1.010103089079996685e-01,1.969552124667482973e+00,5.101683646853002671e-03
6.231999999999912305e-09,1.520388828042330776e+00,1.010103190494335140e-01,1.970151701287782720e+00,5.101685727334396604e-03
6.233999999999912091e-09,1.520969213859933111e+00,1.010103291826434518e-01,1.970751277912993205e+00,5.101687807878600538e-03
6.235999999999911878e-09,1.521549610801724128e+00,1.010103393076383499e-01,1.971350854543114872e+00,5.101689888542041557e-03
6.237999999999911664e-09,1.522130018858196099e+00,1.010103494244270622e-01,1.971950431178147722e+00,5.101691969179826015e-03
6.239999999999911450e-09,1.522710438019850843e+00,1.010103595330184706e-01,1.972550007818091755e+00,5.101694049992166156e-03
6.241999999999911236e-09,1.523290868277201726e+00,1.010103696334214152e-01,1.973149584462946970e+00,5.101696130867896563e-03
6.243999999999911023e-09,1.523871309620772108e+00,1.010103797256447083e-01,1.973749161112713368e+00,5.101698211882747455e-03
6.245999999999910809e-09,1.524451762041095559e+00,1.010103898096971764e-01,1.974348737767391393e+00,5.101700293014363452e-03
6.247999999999910595e-09,1.525032225528718088e+00,1.010103998855876456e-01,1.974948314426981044e+00,5.101702374176013584e-03
6.249999999999910382e-09,1.525612700074194139e+00,1.010104099533248867e-01,1.975547891091482322e+00,5.101704455468699523e-03
6.251999999999910168e-09,1.526193185668090146e+00,1.010104200129177121e-01,1.976147467760895449e+00,5.101706536732437264e-03
6.253999999999909954e-09,1.526773682300982093e+00,1.010104300643748648e-01,1.976747044435220202e+00,5.101708618191864823e-03
6.255999999999909741e-09,1.527354189963457065e+00,1.010104401077051156e-01,1.977346621114456804e+00,5.101710699761239157e-03
6.257999999999909527e-09,1.527934708646112583e+00,1.010104501429172214e-01,1.977946197798605699e+00,5.101712781414043281e-03
6.259999999999909313e-09,1.528515238339557047e+00,1.010104601700199251e-01,1.978545774487666664e+00,5.101714863185665555e-03
6.261999999999909099e-09,1.529095779034408187e+00,1.010104701890219420e-01,1.979145351181639700e+00,5.101716944950630828e-03
6.263999999999908886e-09,1.529676330721295940e+00,1.010104801999319873e-01,1.979744927880525474e+00,5.101719026874799480e-03
6.265999999999908672e-09,1.530256893390858686e+00,1.010104902027587626e-01,1.980344504584323317e+00,5.101721108831454299e-03
6.267999999999908458e-09,1.530837467033747457e+00,1.010105001975109690e-01,1.980944081293033676e+00,5.101723190954742318e-03
6.269999999999908245e-09,1.531418051640621725e+00,1.010105101841972663e-01,1.981543658006656772e+00,5.101725273190812517e-03
6.271999999999908031e-09,1.531998647202152730e+00,1.010105201628263560e-01,1.982143234725192382e+00,5.101727355469726048e-03
6.273999999999907817e-09,1.532579253709021483e+00,1.010105301334068700e-01,1.982742811448640730e+00,5.101729437873020120e-03
6.275999999999907604e-09,1.533159871151919207e+00,1.010105400959474681e-01,1.983342388177002036e+00,5.101731520242095037e-03
6.277999999999907390e-09,1.533740499521548450e+00,1.010105500504567821e-01,1.983941964910276301e+00,5.101733602801252279e-03
6.279999999999907176e-09,1.534321138808620644e+00,1.010105599969434165e-01,1.984541541648463525e+00,5.101735685450626417e-03
6.281999999999906962e-09,1.534901789003858985e+00,1.010105699354160030e-01,1.985141118391564152e+00,5.101737768207325295e-03
6.283999999999906749e-09,1.535482450097996665e+00,1.010105798658831322e-01,1.985740695139577960e+00,5.101739851085456551e-03
6.285999999999906535e-09,1.536063122081776866e+00,1.010105897883533943e-01,1.986340271892504949e+00,5.101741933977907949e-03
6.287999999999906321e-09,1.536643804945952541e+00,1.010105997028353797e-01,1.986939848650345342e+00,5.101744017009533609e-03
6.289999999999906108e-09,1.537224498681288409e+00,1.010106096093376371e-01,1.987539425413099137e+00,5.101746100038660400e-03
6.291999999999905894e-09,1.537805203278558075e+00,1.010106195078687291e-01,1.988139002180767001e+00,5.101748183254012359e-03
6.293999999999905680e-09,1.538385918728546020e+00,1.010106293984372045e-01,1.988738578953348268e+00,5.101750266583765861e-03
6.295999999999905467e-09,1.538966645022047386e+00,1.010106392810515841e-01,1.989338155730843161e+00,5.101752349975046535e-03
6.297999999999905253e-09,1.539547382149866639e+00,1.010106491557203889e-01,1.989937732513252344e+00,5.101754433485686593e-03
6.299999999999905039e-09,1.540128130102819126e+00,1.010106590224521261e-01,1.990537309300575153e+00,5.101756516972920895e-03
6.301999999999904825e-09,1.540708888871730409e+00,1.010106688812553166e-01,1.991136886092812253e+00,5.101758600633548614e-03
6.303999999999904612e-09,1.541289658447435151e+00,1.010106787321384259e-01,1.991736462889963422e+00,5.101760684355447634e-03
6.305999999999904398e-09,1.541870438820780009e+00,1.010106885751099332e-01,1.992336039692028882e+00,5.101762768217972012e-03
6.307999999999904184e-09,1.542451229982620520e+00,1.010106984101783040e-01,1.992935616499008633e+00,5.101764852197351700e-03
6.309999999999903971e-09,1.543032031923822656e+00,1.010107082373519899e-01,1.993535193310902676e+00,5.101766936204475689e-03
6.311999999999903757e-09,1.543612844635262826e+00,1.010107180566394564e-01,1.994134770127711231e+00,5.101769020342051750e-03
6.313999999999903543e-09,1.544193668107826989e+00,1.010107278680490855e-01,1.994734346949434523e+00,5.101771104450733389e-03
6.315999999999903330e-09,1.544774502332411981e+00,1.010107376715893568e-01,1.995333923776072549e+00,5.101773188754828159e-03
6.317999999999903116e-09,1.545355347299923743e+00,1.010107474672686245e-01,1.995933500607625311e+00,5.101775273169347619e-03
6.319999999999902902e-09,1.545936203001279319e+00,1.010107572550953264e-01,1.996533077444093029e+00,5.101777357664314012e-03
6.321999999999902688e-09,1.546517069427405744e+00,1.010107670350778308e-01,1.997132654285475706e+00,5.101779442277877379e-03
6.323999999999902475e-09,1.547097946569238935e+00,1.010107768072245199e-01,1.997732231131773339e+00,5.101781526884361338e-03
6.325999999999902261e-09,1.547678834417725691e+00,1.010107865715437481e-01,1.998331807982986152e+00,5.101783611650426847e-03
6.327999999999902047e-09,1.548259732963823909e+00,1.010107963280438836e-01,1.998931384839114145e+00,5.101785696450100889e-03
6.329999999999901834e-09,1.548840642198498596e+00,1.010108060767332672e-01,1.999530961700157761e+00,5.101787781415088874e-03
6.331999999999901620e-09,1.549421562112728523e+00,1.010108158176202253e-01,2.000130538566116556e+00,5.101789866493241545e-03
6.333999999999901406e-09,1.550002492697499124e+00,1.010108255507130987e-01,2.000730115436990975e+00,5.101791951610780244e-03
6.335999999999901192e-09,1.550583433943807377e+00,1.010108352760201444e-01,2.001329692312781017e+00,5.101794036852669127e-03
6.337999999999900979e-09,1.551164385842660476e+00,1.010108449935497171e-01,2.001929269193487126e+00,5.101796122058811431e-03
6.339999999999900765e-09,1.551745348385074941e+00,1.010108547033100740e-01,2.002528846079108416e+00,5.101798207456314550e-03
6.341999999999900551e-09,1.552326321562077283e+00,1.010108644053095139e-01,2.003128422969645772e+00,5.101800292947979328e-03
6.343999999999900338e-09,1.552907305364704005e+00,1.010108740995562804e-01,2.003727999865099196e+00,5.101802378541997127e-03
6.345999999999900124e-09,1.553488299784001381e+00,1.010108837860586584e-01,2.004327576765468688e+00,5.101804464257269495e-03
6.347999999999899910e-09,1.554069304811026120e+00,1.010108934648248635e-01,2.004927153670754247e+00,5.101806549983109798e-03
6.349999999999899697e-09,1.554650320436844257e+00,1.010109031358631393e-01,2.005526730580955874e+00,5.101808635851911265e-03
6.351999999999899483e-09,1.555231346652532043e+00,1.010109127991817013e-01,2.006126307496074457e+00,5.101810721724261977e-03
6.353999999999899269e-09,1.555812383449174829e+00,1.010109224547887791e-01,2.006725884416109107e+00,5.101812807779147231e-03
6.355999999999899055e-09,1.556393430817869294e+00,1.010109321026925605e-01,2.007325461341059825e+00,5.101814893948231934e-03
6.357999999999898842e-09,1.556974488749720553e+00,1.010109417429012474e-01,2.007925038270927498e+00,5.101816980169935137e-03
6.359999999999898628e-09,1.557555557235843935e+00,1.010109513754230137e-01,2.008524615205711683e+00,5.101819066511374158e-03
6.361999999999898414e-09,1.558136636267364761e+00,1.010109610002660335e-01,2.009124192145412824e+00,5.101821152828024848e-03
6.363999999999898201e-09,1.558717725835417678e+00,1.010109706174384531e-01,2.009723769090030920e+00,5.101823239323520325e-03
6.365999999999897987e-09,1.559298825931148214e+00,1.010109802269484325e-01,2.010323346039565973e+00,5.101825325887061197e-03
6.367999999999897773e-09,1.559879936545710555e+00,1.010109898288041042e-01,2.010922922994017981e+00,5.101827412580531122e-03
6.369999999999897560e-09,1.560461057670268437e+00,1.010109994230136005e-01,2.011522499953386944e+00,5.101829499393944166e-03
6.371999999999897346e-09,1.561042189295997140e+00,1.010110090095850260e-01,2.012122076917673308e+00,5.101831586230183568e-03
6.373999999999897132e-09,1.561623331414079052e+00,1.010110185885264855e-01,2.012721653886877071e+00,5.101833673199375647e-03
6.375999999999896918e-09,1.562204484015708328e+00,1.010110281598460835e-01,2.013321230860998234e+00,5.101835760146356327e-03
6.377999999999896705e-09,1.562785647092088004e+00,1.010110377235518969e-01,2.013920807840036797e+00,5.101837847284382103e-03
6.379999999999896491e-09,1.563366820634430665e+00,1.010110472796520165e-01,2.014520384823992760e+00,5.101839934534827502e-03
6.381999999999896277e-09,1.563948004633959332e+00,1.010110568281544913e-01,2.015119961812866567e+00,5.101842021855862268e-03
6.383999999999896064e-09,1.564529199081905464e+00,1.010110663690673566e-01,2.015719538806657773e+00,5.101844109295686561e-03
6.385999999999895850e-09,1.565110403969511177e+00,1.010110759023986754e-01,2.016319115805367268e+00,5.101846196722398079e-03
6.387999999999895636e-09,1.565691619288028136e+00,1.010110854281564829e-01,2.016918692808994606e+00,5.101848284312849278e-03
6.389999999999895423e-09,1.566272845028716887e+00,1.010110949463488006e-01,2.017518269817540233e+00,5.101850371947095307e-03
6.391999999999895209e-09,1.566854081182848413e+00,1.010111044569836081e-01,2.018117846831003259e+00,5.101852459737777831e-03
6.393999999999894995e-09,1.567435327741702800e+00,1.010111139600689545e-01,2.018717423849385018e+00,5.101854547643201038e-03
6.395999999999894781e-09,1.568016584696569682e+00,1.010111234556127779e-01,2.019317000872684620e+00,5.101856635580014065e-03
6.397999999999894568e-09,1.568597852038748908e+00,1.010111329436230998e-01,2.019916577900902954e+00,5.101858723644721316e-03
6.399999999999894354e-09,1.569179129759548763e+00,1.010111424241078582e-01,2.020516154934040021e+00,5.101860811674437460e-03
6.401999999999894140e-09,1.569760417850288192e+00,1.010111518970750327e-01,2.021115731972095375e+00,5.101862899897681089e-03
6.403999999999893927e-09,1.570341716302294799e+00,1.010111613625325477e-01,2.021715309015069018e+00,5.101864988225100067e-03
6.405999999999893713e-09,1.570923025106906179e+00,1.010111708204883829e-01,2.022314886062961836e+00,5.101867076641199844e-03
6.407999999999893499e-09,1.571504344255469698e+00,1.010111802709504208e-01,2.022914463115772943e+00,5.101869165177430956e-03
6.409999999999893286e-09,1.572085673739341161e+00,1.010111897139265857e-01,2.023514040173503226e+00,5.101871253715287505e-03
6.411999999999893072e-09,1.572667013549887471e+00,1.010111991494247879e-01,2.024113617236152685e+00,5.101873342405862169e-03
6.413999999999892858e-09,1.573248363678482642e+00,1.010112085774529656e-01,2.024713194303720876e+00,5.101875431115407769e-03
6.415999999999892644e-09,1.573829724116513118e+00,1.010112179980189456e-01,2.025312771376208687e+00,5.101877519997920912e-03
6.417999999999892431e-09,1.574411094855372006e+00,1.010112274111306246e-01,2.025912348453615675e+00,5.101879608994108750e-03
6.419999999999892217e-09,1.574992475886463072e+00,1.010112368167958852e-01,2.026511925535941838e+00,5.101881698031581272e-03
6.421999999999892003e-09,1.575573867201200295e+00,1.010112462150225543e-01,2.027111502623187178e+00,5.101883787191506189e-03
6.423999999999891790e-09,1.576155268791005648e+00,1.010112556058185007e-01,2.027711079715352138e+00,5.101885876317115674e-03
6.425999999999891576e-09,1.576736680647311095e+00,1.010112649891915376e-01,2.028310656812436719e+00,5.101887965629545336e-03
6.427999999999891362e-09,1.577318102761557705e+00,1.010112743651494921e-01,2.028910233914440919e+00,5.101890055027418804e-03
6.429999999999891149e-09,1.577899535125196540e+00,1.010112837337001912e-01,2.029509811021365184e+00,5.101892144534750720e-03
6.431999999999890935e-09,1.578480977729687318e+00,1.010112930948514481e-01,2.030109388133209514e+00,5.101894234165335607e-03
6.433999999999890721e-09,1.579062430566499087e+00,1.010113024486110345e-01,2.030708965249973019e+00,5.101896323811118406e-03
6.435999999999890507e-09,1.579643893627111106e+00,1.010113117949867356e-01,2.031308542371657033e+00,5.101898413595405864e-03
6.437999999999890294e-09,1.580225366903011075e+00,1.010113211339863371e-01,2.031908119498261112e+00,5.101900503374192514e-03
6.439999999999890080e-09,1.580806850385696238e+00,1.010113304656175964e-01,2.032507696629785254e+00,5.101902593338411562e-03
6.441999999999889866e-09,1.581388344066673168e+00,1.010113397898882576e-01,2.033107273766229905e+00,5.101904683416191681e-03
6.443999999999889653e-09,1.581969847937457541e+00,1.010113491068060781e-01,2.033706850907595065e+00,5.101906773545467934e-03
6.445999999999889439e-09,1.582551361989574579e+00,1.010113584163788020e-01,2.034306428053880289e+00,5.101908863794101835e-03
6.447999999999889225e-09,1.583132886214558388e+00,1.010113677186141312e-01,2.034906005205086021e+00,5.101910954021760328e-03
6.449999999999889012e-09,1.583714420603952844e+00,1.010113770135197958e-01,2.035505582361212262e+00,5.101913044426235715e-03
6.451999999999888798e-09,1.584295965149310703e+00,1.010113863011034840e-01,2.036105159522259900e+00,5.101915134893998151e-03
6.453999999999888584e-09,1.584877519842193383e+00,1.010113955813728981e-01,2.036704736688228046e+00,5.101917225495081892e-03
6.455999999999888370e-09,1.585459084674172514e+00,1.010114048543357124e-01,2.037304313859116700e+00,5.101919316216063649e-03
6.457999999999888157e-09,1.586040659636828831e+00,1.010114141199996013e-01,2.037903891034926751e+00,5.101921406957436213e-03
6.459999999999887943e-09,1.586622244721751507e+00,1.010114233783722532e-01,2.038503468215657310e+00,5.101923497831477826e-03
6.461999999999887729e-09,1.587203839920539039e+00,1.010114326294612730e-01,2.039103045401309711e+00,5.101925588682894308e-03
6.463999999999887516e-09,1.587785445224799252e+00,1.010114418732743491e-01,2.039702622591883063e+00,5.101927679724732254e-03
6.465999999999887302e-09,1.588367060626149518e+00,1.010114511098190865e-01,2.040302199787377369e+00,5.101929770878394811e-03
6.467999999999887088e-09,1.588948686116215869e+00,1.010114603391031318e-01,2.040901776987793514e+00,5.101931862098937030e-03
6.469999999999886874e-09,1.589530321686633663e+00,1.010114695611340901e-01,2.041501354193131057e+00,5.101933953438214132e-03
6.471999999999886661e-09,1.590111967329046694e+00,1.010114787759195526e-01,2.042100931403389996e+00,5.101936044765468733e-03
6.473999999999886447e-09,1.590693623035108750e+00,1.010114879834671381e-01,2.042700508618570776e+00,5.101938136256618274e-03
6.475999999999886233e-09,1.591275288796482279e+00,1.010114971837844100e-01,2.043300085838673397e+00,5.101940227791199219e-03
6.477999999999886020e-09,1.591856964604838609e+00,1.010115063768789595e-01,2.043899663063697858e+00,5.101942319481680629e-03
6.479999999999885806e-09,1.592438650451858839e+00,1.010115155627583361e-01,2.044499240293644160e+00,5.101944411288823929e-03
6.481999999999885592e-09,1.593020346329232284e+00,1.010115247414301032e-01,2.045098817528512303e+00,5.101946503121678432e-03
6.483999999999885379e-09,1.593602052228657584e+00,1.010115339129018103e-01,2.045698394768302286e+00,5.101948595082069805e-03
6.485999999999885165e-09,1.594183768141842705e+00,1.010115430771809791e-01,2.046297972013014999e+00,5.101950687009794601e-03
6.487999999999884951e-09,1.594765494060503830e+00,1.010115522342751454e-01,2.046897549262649996e+00,5.101952779130610599e-03
6.489999999999884737e-09,1.595347229976367354e+00,1.010115613841918447e-01,2.047497126517206834e+00,5.101954871357265546e-03
6.491999999999884524e-09,1.595928975881167444e+00,1.010115705269385294e-01,2.048096703776686400e+00,5.101956963666141182e-03
6.493999999999884310e-09,1.596510731766647595e+00,1.010115796625227491e-01,2.048696281041088696e+00,5.101959056094972078e-03
6.495999999999884096e-09,1.597092497624560625e+00,1.010115887909519422e-01,2.049295858310413276e+00,5.101961148522724844e-03
6.497999999999883883e-09,1.597674273446668014e+00,1.010115979122336444e-01,2.049895435584660142e+00,5.101963241105766586e-03
6.499999999999883669e-09,1.598256059224740566e+00,1.010116070263752802e-01,2.050495012863830180e+00,5.101965333712574040e-03
6.501999999999883455e-09,1.598837854950556858e+00,1.010116161333843160e-01,2.051094590147923391e+00,5.101967426488646269e-03
6.503999999999883242e-09,1.599419660615905903e+00,1.010116252332682318e-01,2.051694167436939331e+00,5.101969519379074940e-03
6.505999999999883028e-09,1.600001476212584706e+00,1.010116343260344246e-01,2.052293744730878000e+00,5.101971612303477302e-03
6.507999999999882814e-09,1.600583301732399377e+00,1.010116434116903328e-01,2.052893322029739842e+00,5.101973705351767543e-03
6.509999999999882600e-09,1.601165137167164465e+00,1.010116524902433810e-01,2.053492899333524857e+00,5.101975798363489814e-03
6.511999999999882387e-09,1.601746982508704065e+00,1.010116615617009800e-01,2.054092476642233045e+00,5.101977891564320362e-03
6.513999999999882173e-09,1.602328837748850709e+00,1.010116706260705266e-01,2.054692053955864850e+00,5.101979984859136494e-03
6.515999999999881959e-09,1.602910702879446259e+00,1.010116796833594316e-01,2.055291631274420272e+00,5.101982078251083262e-03
6.517999999999881746e-09,1.603492577892340565e+00,1.010116887335750502e-01,2.055891208597898867e+00,5.101984171766472086e-03
6.519999999999881532e-09,1.604074462779392585e+00,1.010116977767247515e-01,2.056490785926301079e+00,5.101986265291119128e-03
6.521999999999881318e-09,1.604656357532471267e+00,1.010117068128159462e-01,2.057090363259626908e+00,5.101988358959718729e-03
6.523999999999881105e-09,1.605238262143451999e+00,1.010117158418559202e-01,2.057689940597876355e+00,5.101990452635054261e-03
6.525999999999880891e-09,1.605820176604220828e+00,1.010117248638520704e-01,2.058289517941049862e+00,5.101992546490385569e-03
6.527999999999880677e-09,1.606402100906672237e+00,1.010117338788116964e-01,2.058889095289147431e+00,5.101994640458138233e-03
6.529999999999880463e-09,1.606984035042709369e+00,1.010117428867421535e-01,2.059488672642169060e+00,5.101996734468159170e-03
6.531999999999880250e-09,1.607565979004243140e+00,1.010117518876507275e-01,2.060088250000114751e+00,5.101998828601221440e-03
6.533999999999880036e-09,1.608147932783195122e+00,1.010117608815447321e-01,2.060687827362984503e+00,5.102000922704961680e-03
6.535999999999879822e-09,1.608729896371493329e+00,1.010117698684314808e-01,2.061287404730778761e+00,5.102003016990481858e-03
6.537999999999879609e-09,1.609311869761076874e+00,1.010117788483182455e-01,2.061886982103497079e+00,5.102005111352448698e-03
6.539999999999879395e-09,1.609893852943891535e+00,1.010117878212123121e-01,2.062486559481139459e+00,5.102007205830518845e-03
6.541999999999879181e-09,1.610475845911892856e+00,1.010117967871209249e-01,2.063086136863706788e+00,5.102009300431233942e-03
6.543999999999878968e-09,1.611057848657044378e+00,1.010118057460513835e-01,2.063685714251199066e+00,5.102011395046932712e-03
6.545999999999878754e-09,1.611639861171319854e+00,1.010118146980109044e-01,2.064285291643615405e+00,5.102013489801012110e-03
6.547999999999878540e-09,1.612221883446699477e+00,1.010118236430067318e-01,2.064884869040956694e+00,5.102015584545131592e-03
6.549999999999878326e-09,1.612803915475173655e+00,1.010118325810461376e-01,2.065484446443222932e+00,5.102017679474936743e-03
6.551999999999878113e-09,1.613385957248740787e+00,1.010118415121362828e-01,2.066084023850414120e+00,5.102019774517929998e-03
6.553999999999877899e-09,1.613968008759408157e+00,1.010118504362844116e-01,2.066683601262530257e+00,5.102021869608897899e-03
6.555999999999877685e-09,1.614550069999191484e+00,1.010118593534977266e-01,2.067283178679571343e+00,5.102023964819157528e-03
6.557999999999877472e-09,1.615132140960114926e+00,1.010118682637834026e-01,2.067882756101537822e+00,5.102026060011040365e-03
6.559999999999877258e-09,1.615714221634211745e+00,1.010118771671486559e-01,2.068482333528429251e+00,5.102028155378676710e-03
6.561999999999877044e-09,1.616296312013523195e+00,1.010118860636006477e-01,2.069081910960246073e+00,5.102030250807236544e-03
6.563999999999876831e-09,1.616878412090099637e+00,1.010118949531465388e-01,2.069681488396988733e+00,5.102032346368826250e-03
6.565999999999876617e-09,1.617460521855999644e+00,1.010119038357935040e-01,2.070281065838656342e+00,5.102034442050934135e-03
6.567999999999876403e-09,1.618042641303289786e+00,1.010119127115486765e-01,2.070880643285249789e+00,5.102036537749543577e-03
6.569999999999876189e-09,1.618624770424046622e+00,1.010119215804191894e-01,2.071480220736769517e+00,5.102038633582535107e-03
6.571999999999875976e-09,1.619206909210353817e+00,1.010119304424121900e-01,2.072079798193214195e+00,5.102040729395122820e-03
6.573999999999875762e-09,1.619789057654304365e+00,1.010119392975347974e-01,2.072679375654584710e+00,5.102042825396801463e-03
6.575999999999875548e-09,1.620371215747999250e+00,1.010119481457941032e-01,2.073278953120881063e+00,5.102044921509941294e-03
6.577999999999875335e-09,1.620953383483547894e+00,1.010119569871972406e-01,2.073878530592103697e+00,5.102047017680869968e-03
6.579999999999875121e-09,1.621535560853069047e+00,1.010119658217512734e-01,2.074478108068252613e+00,5.102049113970007904e-03
6.581999999999874907e-09,1.622117747848689229e+00,1.010119746494633070e-01,2.075077685549327366e+00,5.102051210246897825e-03
6.583999999999874693e-09,1.622699944462542954e+00,1.010119834703403774e-01,2.075677263035328401e+00,5.102053306692963183e-03
6.585999999999874480e-09,1.623282150686774283e+00,1.010119922843896040e-01,2.076276840526256162e+00,5.102055403186414248e-03
6.587999999999874266e-09,1.623864366513534607e+00,1.010120010916180228e-01,2.076876418022109760e+00,5.102057499828113046e-03
6.589999999999874052e-09,1.624446591934984641e+00,1.010120098920326698e-01,2.077475995522890084e+00,5.102059596589327353e-03
6.591999999999873839e-09,1.625028826943293092e+00,1.010120186856406366e-01,2.078075573028597134e+00,5.102061693369153508e-03
6.593999999999873625e-09,1.625611071530636664e+00,1.010120274724488759e-01,2.078675150539230465e+00,5.102063790277952884e-03
6.595999999999873411e-09,1.626193325689201608e+00,1.010120362524644516e-01,2.079274728054790966e+00,5.102065887159914354e-03
6.597999999999873198e-09,1.626775589411181278e+00,1.010120450256943719e-01,2.079874305575278193e+00,5.102067984232135089e-03
6.599999999999872984e-09,1.627357862688777912e+00,1.010120537921456452e-01,2.080473883100692145e+00,5.102070081411567808e-03
6.601999999999872770e-09,1.627940145514202186e+00,1.010120625518252657e-01,2.081073460631032823e+00,5.102072178661244684e-03
6.603999999999872556e-09,1.628522437879672990e+00,1.010120713047401864e-01,2.081673038166300671e+00,5.102074276031139631e-03
6.605999999999872343e-09,1.629104739777417210e+00,1.010120800508974431e-01,2.082272615706495245e+00,5.102076373395071467e-03
6.607999999999872129e-09,1.629687051199671277e+00,1.010120887903039472e-01,2.082872193251617876e+00,5.102078470918104333e-03
6.609999999999871915e-09,1.630269372138678063e+00,1.010120975229666929e-01,2.083471770801667233e+00,5.102080568474942623e-03
6.611999999999871702e-09,1.630851702586690655e+00,1.010121062488926053e-01,2.084071348356644204e+00,5.102082666193668778e-03
6.613999999999871488e-09,1.631434042535968798e+00,1.010121149680886510e-01,2.084670925916548789e+00,5.102084764030435059e-03
6.615999999999871274e-09,1.632016391978781567e+00,1.010121236805617412e-01,2.085270503481380544e+00,5.102086861889240134e-03
6.617999999999871061e-09,1.632598750907405138e+00,1.010121323863188147e-01,2.085870081051139913e+00,5.102088959874973191e-03
6.619999999999870847e-09,1.633181119314125684e+00,1.010121410853667828e-01,2.086469658625827339e+00,5.102091057828928716e-03
6.621999999999870633e-09,1.633763497191236258e+00,1.010121497777125565e-01,2.087069236205441936e+00,5.102093155972316045e-03
6.623999999999870419e-09,1.634345884531038795e+00,1.010121584633630193e-01,2.087668813789984590e+00,5.102095254218475331e-03
6.625999999999870206e-09,1.634928281325842780e+00,1.010121671423250544e-01,2.088268391379455302e+00,5.102097352544650473e-03
6.627999999999869992e-09,1.635510687567966137e+00,1.010121758146055732e-01,2.088867968973854072e+00,5.102099450991882425e-03
6.629999999999869778e-09,1.636093103249736114e+00,1.010121844802114172e-01,2.089467546573181345e+00,5.102101549439540251e-03
6.631999999999869565e-09,1.636675528363486398e+00,1.010121931391494560e-01,2.090067124177436231e+00,5.102103648041098408e-03
6.633999999999869351e-09,1.637257962901560004e+00,1.010122017914265313e-01,2.090666701786619175e+00,5.102105746663457633e-03
6.635999999999869137e-09,1.637840406856307274e+00,1.010122104370495266e-01,2.091266279400731065e+00,5.102107845455562153e-03
6.637999999999868924e-09,1.638422860220087429e+00,1.010122190760252281e-01,2.091865857019771013e+00,5.102109944363985086e-03
6.639999999999868710e-09,1.639005322985267910e+00,1.010122277083605052e-01,2.092465434643739908e+00,5.102112043299652719e-03
6.641999999999868496e-09,1.639587795144223481e+00,1.010122363340621582e-01,2.093065012272636860e+00,5.102114142360233452e-03
6.643999999999868282e-09,1.640170276689337792e+00,1.010122449531369870e-01,2.093664589906462314e+00,5.102116241385522971e-03
6.645999999999868069e-09,1.640752767613002039e+00,1.010122535655917919e-01,2.094264167545216715e+00,5.102118340599128866e-03
6.647999999999867855e-09,1.641335267907615858e+00,1.010122621714334146e-01,2.094863745188900062e+00,5.102120439908932985e-03
6.649999999999867641e-09,1.641917777565587100e+00,1.010122707706685580e-01,2.095463322837511910e+00,5.102122539307896686e-03
6.651999999999867428e-09,1.642500296579331387e+00,1.010122793633040778e-01,2.096062900491053149e+00,5.102124638830272951e-03
6.653999999999867214e-09,1.643082824941273001e+00,1.010122879493467046e-01,2.096662478149522890e+00,5.102126738358885548e-03
6.655999999999867000e-09,1.643665362643842887e+00,1.010122965288031693e-01,2.097262055812922465e+00,5.102128838034778770e-03
6.657999999999866787e-09,1.644247909679481312e+00,1.010123051016802720e-01,2.097861633481250987e+00,5.102130937722573062e-03
6.659999999999866573e-09,1.644830466040636541e+00,1.010123136679847294e-01,2.098461211154508455e+00,5.102133037586413164e-03
6.661999999999866359e-09,1.645413031719764163e+00,1.010123222277232585e-01,2.099060788832695756e+00,5.102135137562988608e-03
6.663999999999866145e-09,1.645995606709328207e+00,1.010123307809026177e-01,2.099660366515812004e+00,5.102137237571861134e-03
6.665999999999865932e-09,1.646578191001800917e+00,1.010123393275295101e-01,2.100259944203858087e+00,5.102139337705821100e-03
6.667999999999865718e-09,1.647160784589661864e+00,1.010123478676106107e-01,2.100859521896834003e+00,5.102141437805212364e-03
6.669999999999865504e-09,1.647743387465399278e+00,1.010123564011526781e-01,2.101459099594739310e+00,5.102143538089331729e-03
6.671999999999865291e-09,1.648325999621508942e+00,1.010123649281623737e-01,2.102058677297574452e+00,5.102145638462037350e-03
6.673999999999865077e-09,1.648908621050495293e+00,1.010123734486463587e-01,2.102658255005339427e+00,5.102147738933654302e-03
6.675999999999864863e-09,1.649491251744869214e+00,1.010123819626113084e-01,2.103257832718034237e+00,5.102149839529600620e-03
6.677999999999864650e-09,1.650073891697151351e+00,1.010123904700639397e-01,2.103857410435659325e+00,5.102151940135233633e-03
6.679999999999864436e-09,1.650656540899868796e+00,1.010123989710108444e-01,2.104456988158214248e+00,5.102154040884067203e-03
6.681999999999864222e-09,1.651239199345557518e+00,1.010124074654587117e-01,2.105056565885699005e+00,5.102156141636313841e-03
6.683999999999864008e-09,1.651821867026761037e+00,1.010124159534141614e-01,2.105656143618114040e+00,5.102158242568557121e-03
6.685999999999863795e-09,1.652404543936030645e+00,1.010124244348838407e-01,2.106255721355459354e+00,5.102160343612442868e-03
6.687999999999863581e-09,1.652987230065926072e+00,1.010124329098743556e-01,2.106855299097735390e+00,5.102162444692467241e-03
6.689999999999863367e-09,1.653569925409014152e+00,1.010124413783923397e-01,2.107454876844942149e+00,5.102164545896643172e-03
6.691999999999863154e-09,1.654152629957869935e+00,1.010124498404443710e-01,2.108054454597079186e+00,5.102166647069523824e-03
6.693999999999862940e-09,1.654735343705076911e+00,1.010124582960370831e-01,2.108654032354146501e+00,5.102168748424383907e-03
6.695999999999862726e-09,1.655318066643225450e+00,1.010124667451770264e-01,2.109253610116144984e+00,5.102170849859393419e-03
6.697999999999862513e-09,1.655900798764914139e+00,1.010124751878708205e-01,2.109853187883074188e+00,5.102172951402726871e-03
6.699999999999862299e-09,1.656483540062749338e+00,1.010124836241250018e-01,2.110452765654933671e+00,5.102175053070129480e-03
6.701999999999862085e-09,1.657066290529345398e+00,1.010124920539461763e-01,2.111052343431724321e+00,5.102177154748512022e-03
6.703999999999861871e-09,1.657649050157324888e+00,1.010125004773408663e-01,2.111651921213446581e+00,5.102179256568453204e-03
6.705999999999861658e-09,1.658231818939317259e+00,1.010125088943156224e-01,2.112251499000099120e+00,5.102181358384893714e-03
6.707999999999861444e-09,1.658814596867960400e+00,1.010125173048770086e-01,2.112851076791683269e+00,5.102183460383589476e-03
6.709999999999861230e-09,1.659397383935899306e+00,1.010125257090315337e-01,2.113450654588198141e+00,5.102185562494144545e-03
6.711999999999861017e-09,1.659980180135787631e+00,1.010125341067857202e-01,2.114050232389644624e+00,5.102187664642774192e-03
6.713999999999860803e-09,1.660562985460286356e+00,1.010125424981461045e-01,2.114649810196022717e+00,5.102189766913655007e-03
6.715999999999860589e-09,1.661145799902064013e+00,1.010125508831191676e-01,2.115249388007331977e+00,5.102191869158120320e-03
6.717999999999860375e-09,1.661728623453797349e+00,1.010125592617114182e-01,2.115848965823573291e+00,5.102193971581878845e-03
6.719999999999860162e-09,1.662311456108170216e+00,1.010125676339293510e-01,2.116448543644745772e+00,5.102196074078046463e-03
6.721999999999859948e-09,1.662894297857874459e+00,1.010125759997794609e-01,2.117048121470849864e+00,5.102198176690699027e-03
6.723999999999859734e-09,1.663477148695610142e+00,1.010125843592681871e-01,2.117647699301886011e+00,5.102200279427044315e-03
6.725999999999859521e-09,1.664060008614084429e+00,1.010125927124020245e-01,2.118247277137853768e+00,5.102202382174813623e-03
6.727999999999859307e-09,1.664642877606011817e+00,1.010126010591874263e-01,2.118846854978754024e+00,5.102204485062031281e-03
6.729999999999859093e-09,1.665225755664115681e+00,1.010126093996308316e-01,2.119446432824585891e+00,5.102206587940885836e-03
6.731999999999858880e-09,1.665808642781125837e+00,1.010126177337387077e-01,2.120046010675349368e+00,5.102208691004277673e-03
6.733999999999858666e-09,1.666391538949780315e+00,1.010126260615174520e-01,2.120645588531045345e+00,5.102210794179624226e-03
6.735999999999858452e-09,1.666974444162825364e+00,1.010126343829735041e-01,2.121245166391673820e+00,5.102212897394624823e-03
6.737999999999858238e-09,1.667557358413013890e+00,1.010126426981133030e-01,2.121844744257234350e+00,5.102215000730218192e-03
6.739999999999858025e-09,1.668140281693106575e+00,1.010126510069432326e-01,2.122444322127727379e+00,5.102217104043953178e-03
6.741999999999857811e-09,1.668723213995872090e+00,1.010126593094697184e-01,2.123043900003152906e+00,5.102219207535575382e-03
6.743999999999857597e-09,1.669306155314086881e+00,1.010126676056991163e-01,2.123643477883510933e+00,5.102221311093110140e-03
6.745999999999857384e-09,1.669889105640534055e+00,1.010126758956378518e-01,2.124243055768801458e+00,5.102223414772651469e-03
6.747999999999857170e-09,1.670472064968005599e+00,1.010126841792922670e-01,2.124842633659024926e+00,5.102225518575518627e-03
6.749999999999856956e-09,1.671055033289299940e+00,1.010126924566687456e-01,2.125442211554181338e+00,5.102227622389475005e-03
6.751999999999856743e-09,1.671638010597223944e+00,1.010127007277736438e-01,2.126041789454270248e+00,5.102229726341673231e-03
6.753999999999856529e-09,1.672220996884591138e+00,1.010127089926133453e-01,2.126641367359292101e+00,5.102231830282249678e-03
6.755999999999856315e-09,1.672803992144223706e+00,1.010127172511941507e-01,2.127240945269246897e+00,5.102233934408776338e-03
6.757999999999856101e-09,1.673386996368950275e+00,1.010127255035224436e-01,2.127840523184134636e+00,5.102236038646914239e-03
6.759999999999855888e-09,1.673970009551607685e+00,1.010127337496045247e-01,2.128440101103955762e+00,5.102238142925728803e-03
6.761999999999855674e-09,1.674553031685039883e+00,1.010127419894467221e-01,2.129039679028709831e+00,5.102240247324465669e-03
6.763999999999855460e-09,1.675136062762099254e+00,1.010127502230553226e-01,2.129639256958397731e+00,5.102242351705050388e-03
6.765999999999855247e-09,1.675719102775643954e+00,1.010127584504366821e-01,2.130238834893018574e+00,5.102244456262578637e-03
6.767999999999855033e-09,1.676302151718541689e+00,1.010127666715970457e-01,2.130838412832572804e+00,5.102246560880998281e-03
6.769999999999854819e-09,1.676885209583665715e+00,1.010127748865427555e-01,2.131437990777060865e+00,5.102248665625259104e-03
6.771999999999854606e-09,1.677468276363898170e+00,1.010127830952800565e-01,2.132037568726482757e+00,5.102250770492883919e-03
6.773999999999854392e-09,1.678051352052127854e+00,1.010127912978152492e-01,2.132637146680838036e+00,5.102252875371543310e-03
6.775999999999854178e-09,1.678634436641251781e+00,1.010127994941545787e-01,2.133236724640126702e+00,5.102254980387336929e-03
6.777999999999853964e-09,1.679217530124173186e+00,1.010128076843043177e-01,2.133836302604349644e+00,5.102257085389175564e-03
6.779999999999853751e-09,1.679800632493803958e+00,1.010128158682706973e-01,2.134435880573505973e+00,5.102259190577754580e-03
6.781999999999853537e-09,1.680383743743062874e+00,1.010128240460600041e-01,2.135035458547596576e+00,5.102261295877233600e-03
6.783999999999853323e-09,1.680966863864876037e+00,1.010128322176784138e-01,2.135635036526621455e+00,5.102263401218376342e-03
6.785999999999853110e-09,1.681549992852177322e+00,1.010128403831321853e-01,2.136234614510580609e+00,5.102265506679456129e-03
6.787999999999852896e-09,1.682133130697907708e+00,1.010128485424275357e-01,2.136834192499473595e+00,5.102267612124592074e-03
6.789999999999852682e-09,1.682716277395015281e+00,1.010128566955706825e-01,2.137433770493300855e+00,5.102269717745573467e-03
6.791999999999852469e-09,1.683299432936456563e+00,1.010128648425678427e-01,2.138033348492062835e+00,5.102271823424121659e-03
6.793999999999852255e-09,1.683882597315194074e+00,1.010128729834251782e-01,2.138632926495759090e+00,5.102273929231265770e-03
6.795999999999852041e-09,1.684465770524198769e+00,1.010128811181488923e-01,2.139232504504389620e+00,5.102276035161960356e-03
6.797999999999851827e-09,1.685048952556448043e+00,1.010128892467451606e-01,2.139832082517954426e+00,5.102278141103321757e-03
6.799999999999851614e-09,1.685632143404927286e+00,1.010128973692201726e-01,2.140431660536454395e+00,5.102280247181049770e-03
6.801999999999851400e-09,1.686215343062629435e+00,1.010129054855800762e-01,2.141031238559889083e+00,5.102282353243381245e-03
6.803999999999851186e-09,1.686798551522553868e+00,1.010129135958310470e-01,2.141630816588258490e+00,5.102284459492590143e-03
6.805999999999850973e-09,1.687381768777707958e+00,1.010129216999792190e-01,2.142230394621562617e+00,5.102286565852133526e-03
6.807999999999850759e-09,1.687964994821106401e+00,1.010129297980307539e-01,2.142829972659801907e+00,5.102288672253927834e-03
6.809999999999850545e-09,1.688548229645770338e+00,1.010129378899917579e-01,2.143429550702976361e+00,5.102290778775897713e-03
6.811999999999850332e-09,1.689131473244729342e+00,1.010129459758683790e-01,2.144029128751085533e+00,5.102292885282922949e-03
6.813999999999850118e-09,1.689714725611019430e+00,1.010129540556667233e-01,2.144628706804130314e+00,5.102294991964813516e-03
6.815999999999849904e-09,1.690297986737684388e+00,1.010129621293929386e-01,2.145228284862109813e+00,5.102297098702458095e-03
6.817999999999849690e-09,1.690881256617775108e+00,1.010129701970530758e-01,2.145827862925024476e+00,5.102299205570332702e-03
6.819999999999849477e-09,1.691464535244349143e+00,1.010129782586532826e-01,2.146427440992875191e+00,5.102301312562004983e-03
6.821999999999849263e-09,1.692047822610472707e+00,1.010129863141996237e-01,2.147027019065661513e+00,5.102303419563810651e-03
6.823999999999849049e-09,1.692631118709217120e+00,1.010129943636981636e-01,2.147626597143382998e+00,5.102305526701652466e-03
6.825999999999848836e-09,1.693214423533663249e+00,1.010130024071549948e-01,2.148226175226040091e+00,5.102307633823694420e-03
6.827999999999848622e-09,1.693797737076897736e+00,1.010130104445761678e-01,2.148825753313632791e+00,5.102309741132639818e-03
6.829999999999848408e-09,1.694381059332014106e+00,1.010130184759677752e-01,2.149425331406161099e+00,5.102311848551242292e-03
6.831999999999848194e-09,1.694964390292114320e+00,1.010130265013358397e-01,2.150024909503625903e+00,5.102313956011931759e-03
6.833999999999847981e-09,1.695547729950307003e+00,1.010130345206864400e-01,2.150624487606026314e+00,5.102316063593126394e-03
6.835999999999847767e-09,1.696131078299707440e+00,1.010130425340255572e-01,2.151224065713362776e+00,5.102318171159651340e-03
6.837999999999847553e-09,1.696714435333438464e+00,1.010130505413592700e-01,2.151823643825634846e+00,5.102320278900570640e-03
6.839999999999847340e-09,1.697297801044630683e+00,1.010130585426935734e-01,2.152423221942843412e+00,5.102322386696528378e-03
6.841999999999847126e-09,1.697881175426420697e+00,1.010130665380344628e-01,2.153022800064988029e+00,5.102324494622902627e-03
6.843999999999846912e-09,1.698464558471952435e+00,1.010130745273880026e-01,2.153622378192069142e+00,5.102326602673406750e-03
6.845999999999846699e-09,1.699047950174378041e+00,1.010130825107601465e-01,2.154221956324086307e+00,5.102328710733495219e-03
6.847999999999846485e-09,1.699631350526855877e+00,1.010130904881569036e-01,2.154821534461039967e+00,5.102330818929710042e-03
6.849999999999846271e-09,1.700214759522550967e+00,1.010130984595842552e-01,2.155421112602930123e+00,5.102332927110438988e-03
6.851999999999846057e-09,1.700798177154637214e+00,1.010131064250481547e-01,2.156020690749757218e+00,5.102335035477845865e-03
6.853999999999845844e-09,1.701381603416293187e+00,1.010131143845546253e-01,2.156620268901520809e+00,5.102337143954585423e-03
6.855999999999845630e-09,1.701965038300706334e+00,1.010131223381095789e-01,2.157219847058220896e+00,5.102339252472587981e-03
6.857999999999845416e-09,1.702548481801070768e+00,1.010131302857189828e-01,2.157819425219857923e+00,5.102341361111289997e-03
6.859999999999845203e-09,1.703131933910587037e+00,1.010131382273887768e-01,2.158419003386431889e+00,5.102343469734838335e-03
6.861999999999844989e-09,1.703715394622463464e+00,1.010131461631249561e-01,2.159018581557942795e+00,5.102345578532921540e-03
6.863999999999844775e-09,1.704298863929915253e+00,1.010131540929333771e-01,2.159618159734390641e+00,5.102347687386528906e-03
6.865999999999844562e-09,1.704882341826164494e+00,1.010131620168199934e-01,2.160217737915775427e+00,5.102349796369202301e-03
6.867999999999844348e-09,1.705465828304440601e+00,1.010131699347907447e-01,2.160817316102097152e+00,5.102351905476313482e-03
6.869999999999844134e-09,1.706049323357978986e+00,1.010131778468515290e-01,2.161416894293356261e+00,5.102354014592480787e-03
6.871999999999843920e-09,1.706632826980023276e+00,1.010131857530082305e-01,2.162016472489553198e+00,5.102356123844996490e-03
6.873999999999843707e-09,1.707216339163823982e+00,1.010131936532667613e-01,2.162616050690687075e+00,5.102358233083020313e-03
6.875999999999843493e-09,1.707799859902637829e+00,1.010132015476330192e-01,2.163215628896758780e+00,5.102360342507593696e-03
6.877999999999843279e-09,1.708383389189729318e+00,1.010132094361128607e-01,2.163815207107767424e+00,5.102362452041499762e-03
6.879999999999843066e-09,1.708966927018369386e+00,1.010132173187121840e-01,2.164414785323713897e+00,5.102364561615206455e-03
6.881999999999842852e-09,1.709550473381835634e+00,1.010132251954368177e-01,2.165014363544598197e+00,5.102366671309642963e-03
6.883999999999842638e-09,1.710134028273414097e+00,1.010132330662926875e-01,2.165613941770419881e+00,5.102368780987558833e-03
6.885999999999842425e-09,1.710717591686396144e+00,1.010132409312855806e-01,2.166213520001179393e+00,5.102370890840837031e-03
6.887999999999842211e-09,1.711301163614080911e+00,1.010132487904213672e-01,2.166813098236877622e+00,5.102373000751523301e-03
6.889999999999841997e-09,1.711884744049773976e+00,1.010132566437058899e-01,2.167412676477512790e+00,5.102375110788479225e-03
6.891999999999841783e-09,1.712468332986788022e+00,1.010132644911449773e-01,2.168012254723086230e+00,5.102377220950078500e-03
6.893999999999841570e-09,1.713051930418443281e+00,1.010132723327444582e-01,2.168611832973597942e+00,5.102379331120367005e-03
6.895999999999841356e-09,1.713635536338066201e+00,1.010132801685101334e-01,2.169211411229047926e+00,5.102381441427624939e-03
6.897999999999841142e-09,1.714219150738989894e+00,1.010132879984478177e-01,2.169810989489435737e+00,5.102383551721783976e-03
6.899999999999840929e-09,1.714802773614555020e+00,1.010132958225633260e-01,2.170410567754761821e+00,5.102385662202209814e-03
6.901999999999840715e-09,1.715386404958108457e+00,1.010133036408624313e-01,2.171010146025026621e+00,5.102387772792220735e-03
6.903999999999840501e-09,1.715970044763004632e+00,1.010133114533509346e-01,2.171609724300230138e+00,5.102389883420022608e-03
6.905999999999840288e-09,1.716553693022604410e+00,1.010133192600346369e-01,2.172209302580371926e+00,5.102391994168954149e-03
6.907999999999840074e-09,1.717137349730275320e+00,1.010133270609192557e-01,2.172808880865451986e+00,5.102394104899109044e-03
6.909999999999839860e-09,1.717721014879391994e+00,1.010133348560106059e-01,2.173408459155470762e+00,5.102396215805775521e-03
6.911999999999839646e-09,1.718304688463336616e+00,1.010133426453144329e-01,2.174008037450428699e+00,5.102398326773099207e-03
6.913999999999839433e-09,1.718888370475496696e+00,1.010133504288364820e-01,2.174607615750325351e+00,5.102400437862389566e-03
6.915999999999839219e-09,1.719472060909267741e+00,1.010133582065824986e-01,2.175207194055160720e+00,5.102402549076608639e-03
6.917999999999839005e-09,1.720055759758051472e+00,1.010133659785582422e-01,2.175806772364934805e+00,5.102404660299049433e-03
6.919999999999838792e-09,1.720639467015256718e+00,1.010133737447694163e-01,2.176406350679648050e+00,5.102406771659841363e-03
6.921999999999838578e-09,1.721223182674298746e+00,1.010133815052217526e-01,2.177005928999300899e+00,5.102408883009733158e-03
6.923999999999838364e-09,1.721806906728599929e+00,1.010133892599209826e-01,2.177605507323892464e+00,5.102410994544964544e-03
6.925999999999838151e-09,1.722390639171589299e+00,1.010133970088727962e-01,2.178205085653422746e+00,5.102413106190309237e-03
6.927999999999837937e-09,1.722974379996702776e+00,1.010134047520829109e-01,2.178804663987893075e+00,5.102415217870680600e-03
6.929999999999837723e-09,1.723558129197382716e+00,1.010134124895570029e-01,2.179404242327303010e+00,5.102417329672482606e-03
6.931999999999837509e-09,1.724141886767078580e+00,1.010134202213007759e-01,2.180003820671651660e+00,5.102419441452601435e-03
6.933999999999837296e-09,1.724725652699246048e+00,1.010134279473199059e-01,2.180603399020940358e+00,5.102421553410706363e-03
6.935999999999837082e-09,1.725309426987348349e+00,1.010134356676200829e-01,2.181202977375168661e+00,5.102423665434077660e-03
6.937999999999836868e-09,1.725893209624854707e+00,1.010134433822069550e-01,2.181802555734336568e+00,5.102425777573698848e-03
6.939999999999836655e-09,1.726477000605241230e+00,1.010134510910861982e-01,2.182402134098444080e+00,5.102427889838672889e-03
6.941999999999836441e-09,1.727060799921991352e+00,1.010134587942634610e-01,2.183001712467491640e+00,5.102430002111252826e-03
6.943999999999836227e-09,1.727644607568594060e+00,1.010134664917443914e-01,2.183601290841478804e+00,5.102432114523610708e-03
6.945999999999836014e-09,1.728228423538545444e+00,1.010134741835346101e-01,2.184200869220406016e+00,5.102434226928116365e-03
6.947999999999835800e-09,1.728812247825348924e+00,1.010134818696397790e-01,2.184800447604272833e+00,5.102436339516754245e-03
6.949999999999835586e-09,1.729396080422513915e+00,1.010134895500655189e-01,2.185400025993080142e+00,5.102438452216386672e-03
6.951999999999835372e-09,1.729979921323556935e+00,1.010134972248174084e-01,2.185999604386827500e+00,5.102440564947344735e-03
6.953999999999835159e-09,1.730563770522000056e+00,1.010135048939011237e-01,2.186599182785514905e+00,5.102442677800383963e-03
6.955999999999834945e-09,1.731147628011374229e+00,1.010135125573222298e-01,2.187198761189142804e+00,5.102444790628369448e-03
6.957999999999834731e-09,1.731731493785214626e+00,1.010135202150863470e-01,2.187798339597711195e+00,5.102446903635636001e-03
6.959999999999834518e-09,1.732315367837064191e+00,1.010135278671990544e-01,2.188397918011220078e+00,5.102449016714532756e-03
6.961999999999834304e-09,1.732899250160472748e+00,1.010135355136659308e-01,2.188997496429669010e+00,5.102451129903431797e-03
6.963999999999834090e-09,1.733483140748995899e+00,1.010135431544925688e-01,2.189597074853058878e+00,5.102453243217487666e-03
6.965999999999833876e-09,1.734067039596196569e+00,1.010135507896845197e-01,2.190196653281389239e+00,5.102455356537881348e-03
6.967999999999833663e-09,1.734650946695643681e+00,1.010135584192473762e-01,2.190796231714660536e+00,5.102457469999692290e-03
6.969999999999833449e-09,1.735234862040913706e+00,1.010135660431866755e-01,2.191395810152872325e+00,5.102459583456172426e-03
6.971999999999833235e-09,1.735818785625588445e+00,1.010135736615079827e-01,2.191995388596025496e+00,5.102461697095344098e-03
6.973999999999833022e-09,1.736402717443256805e+00,1.010135812742168210e-01,2.192594967044119159e+00,5.102463810847597189e-03
6.975999999999832808e-09,1.736986657487514796e+00,1.010135888813187416e-01,2.193194545497153758e+00,5.102465924626660432e-03
6.977999999999832594e-09,1.737570605751964203e+00,1.010135964828192678e-01,2.193794123955129294e+00,5.102468038529558644e-03
6.979999999999832381e-09,1.738154562230213696e+00,1.010136040787239509e-01,2.194393702418046210e+00,5.102470152405141034e-03
6.981999999999832167e-09,1.738738526915878602e+00,1.010136116690382863e-01,2.194993280885904507e+00,5.102472266461315943e-03
6.983999999999831953e-09,1.739322499802580246e+00,1.010136192537677557e-01,2.195592859358704185e+00,5.102474380595526521e-03
6.985999999999831739e-09,1.739906480883947060e+00,1.010136268329179104e-01,2.196192437836444800e+00,5.102476494831397098e-03
6.987999999999831526e-09,1.740490470153613689e+00,1.010136344064942321e-01,2.196792016319126795e+00,5.102478609192107051e-03
6.989999999999831312e-09,1.741074467605221443e+00,1.010136419745021885e-01,2.197391594806750170e+00,5.102480723557721934e-03
6.991999999999831098e-09,1.741658473232417625e+00,1.010136495369472892e-01,2.197991173299315371e+00,5.102482838067183557e-03
6.993999999999830885e-09,1.742242487028857312e+00,1.010136570938350159e-01,2.198590751796822396e+00,5.102484952576626098e-03
6.995999999999830671e-09,1.742826508988200240e+00,1.010136646451708226e-01,2.199190330299270801e+00,5.102487067266213601e-03
6.997999999999830457e-09,1.743410539104113477e+00,1.010136721909601770e-01,2.199789908806661032e+00,5.102489182070962456e-03
6.999999999999830244e-09,1.743994577370271859e+00,1.010136797312085194e-01,2.200389487318993531e+00,5.102491296897541939e-03
7.001999999999830030e-09,1.744578623780354221e+00,1.010136872659213314e-01,2.200989065836267411e+00,5.102493411850468272e-03
7.003999999999829816e-09,1.745162678328047612e+00,1.010136947951040393e-01,2.201588644358483116e+00,5.102495526775391831e-03
7.005999999999829602e-09,1.745746741007044411e+00,1.010137023187620692e-01,2.202188222885641089e+00,5.102497641880595659e-03
7.007999999999829389e-09,1.746330811811044770e+00,1.010137098369008751e-01,2.202787801417740887e+00,5.102499757069178105e-03
7.009999999999829175e-09,1.746914890733753722e+00,1.010137173495258556e-01,2.203387379954782954e+00,5.102501872348893380e-03
7.011999999999828961e-09,1.747498977768884076e+00,1.010137248566424506e-01,2.203986958496767734e+00,5.102503987753756812e-03
7.013999999999828748e-09,1.748083072910153968e+00,1.010137323582560587e-01,2.204586537043694783e+00,5.102506103162894602e-03
7.015999999999828534e-09,1.748667176151288860e+00,1.010137398543720921e-01,2.205186115595563656e+00,5.102508218718852448e-03
7.017999999999828320e-09,1.749251287486019546e+00,1.010137473449959494e-01,2.205785694152374798e+00,5.102510334282222768e-03
7.019999999999828107e-09,1.749835406908084146e+00,1.010137548301329874e-01,2.206385272714129098e+00,5.102512450021520936e-03
7.021999999999827893e-09,1.750419534411226774e+00,1.010137623097886322e-01,2.206984851280826110e+00,5.102514565877779365e-03
7.023999999999827679e-09,1.751003669989197764e+00,1.010137697839682408e-01,2.207584429852465391e+00,5.102516681750066639e-03
7.025999999999827465e-09,1.751587813635754109e+00,1.010137772526771838e-01,2.208184008429047385e+00,5.102518797750153594e-03
7.027999999999827252e-09,1.752171965344659244e+00,1.010137847159208457e-01,2.208783587010572091e+00,5.102520913723333253e-03
7.029999999999827038e-09,1.752756125109682150e+00,1.010137921737045558e-01,2.209383165597039955e+00,5.102523029878288513e-03
7.031999999999826824e-09,1.753340292924598698e+00,1.010137996260337123e-01,2.209982744188450532e+00,5.102525146120562814e-03
7.033999999999826611e-09,1.753924468783191859e+00,1.010138070729135890e-01,2.210582322784804266e+00,5.102527262440138128e-03
7.035999999999826397e-09,1.754508652679249714e+00,1.010138145143495703e-01,2.211181901386100712e+00,5.102529378886018659e-03
7.037999999999826183e-09,1.755092844606566782e+00,1.010138219503469992e-01,2.211781479992340316e+00,5.102531495335287104e-03
7.039999999999825970e-09,1.755677044558944244e+00,1.010138293809111631e-01,2.212381058603523520e+00,5.102533611936382885e-03
7.041999999999825756e-09,1.756261252530190164e+00,1.010138368060474051e-01,2.212980637219649438e+00,5.102535728553697462e-03
7.043999999999825542e-09,1.756845468514117714e+00,1.010138442257610403e-01,2.213580215840719401e+00,5.102537845339381699e-03
7.045999999999825328e-09,1.757429692504546503e+00,1.010138516400573699e-01,2.214179794466732076e+00,5.102539962244873745e-03
7.047999999999825115e-09,1.758013924495303693e+00,1.010138590489416816e-01,2.214779373097688353e+00,5.102542079159944066e-03
7.049999999999824901e-09,1.758598164480221104e+00,1.010138664524192764e-01,2.215378951733589119e+00,5.102544196205574881e-03
7.051999999999824687e-09,1.759182412453137667e+00,1.010138738504954559e-01,2.215978530374432598e+00,5.102546313227705396e-03
7.053999999999824474e-09,1.759766668407898527e+00,1.010138812431754657e-01,2.216578109020219678e+00,5.102548430432269841e-03
7.055999999999824260e-09,1.760350932338354824e+00,1.010138886304646211e-01,2.217177687670950359e+00,5.102550547727660070e-03
7.057999999999824046e-09,1.760935204238363916e+00,1.010138960123681678e-01,2.217777266326625529e+00,5.102552665086164743e-03
7.059999999999823833e-09,1.761519484101789823e+00,1.010139033888913795e-01,2.218376844987244301e+00,5.102554782572844665e-03
7.061999999999823619e-09,1.762103771922502116e+00,1.010139107600394881e-01,2.218976423652806673e+00,5.102556900061139614e-03
7.063999999999823405e-09,1.762688067694377025e+00,1.010139181258177671e-01,2.219576002323313091e+00,5.102559017706179839e-03
7.065999999999823191e-09,1.763272371411297001e+00,1.010139254862314206e-01,2.220175580998763554e+00,5.102561135376513200e-03
7.067999999999822978e-09,1.763856683067150266e+00,1.010139328412857362e-01,2.220775159679158062e+00,5.102563253205723813e-03
7.069999999999822764e-09,1.764441002655831925e+00,1.010139401909859180e-01,2.221374738364497503e+00,5.102565371157825706e-03
7.071999999999822550e-09,1.765025330171242413e+00,1.010139475353371979e-01,2.221974317054780546e+00,5.102567489114721508e-03
7.073999999999822337e-09,1.765609665607288825e+00,1.010139548743447663e-01,2.222573895750008077e+00,5.102569607203953292e-03
7.075999999999822123e-09,1.766194008957884698e+00,1.010139622080138688e-01,2.223173474450180098e+00,5.102571725272567887e-03
7.077999999999821909e-09,1.766778360216949340e+00,1.010139695363496959e-01,2.223773053155296608e+00,5.102573843525371085e-03
7.079999999999821695e-09,1.767362719378408276e+00,1.010139768593574100e-01,2.224372631865357608e+00,5.102575961874597152e-03
7.081999999999821482e-09,1.767947086436192139e+00,1.010139841770422708e-01,2.224972210580363541e+00,5.102578080275728747e-03
7.083999999999821268e-09,1.768531461384240000e+00,1.010139914894094132e-01,2.225571789300313963e+00,5.102580198803460462e-03
7.085999999999821054e-09,1.769115844216495148e+00,1.010139987964640274e-01,2.226171368025208874e+00,5.102582317326589956e-03
7.087999999999820841e-09,1.769700234926907756e+00,1.010140060982113036e-01,2.226770946755048719e+00,5.102584436013221474e-03
7.089999999999820627e-09,1.770284633509433991e+00,1.010140133946563906e-01,2.227370525489833497e+00,5.102586554734409550e-03
7.091999999999820413e-09,1.770869039958035573e+00,1.010140206858044509e-01,2.227970104229563209e+00,5.102588673599893661e-03
7.093999999999820200e-09,1.771453454266681549e+00,1.010140279716606471e-01,2.228569682974237853e+00,5.102590792592011718e-03
7.095999999999819986e-09,1.772037876429345404e+00,1.010140352522301138e-01,2.229169261723857876e+00,5.102592911587944431e-03
7.097999999999819772e-09,1.772622306440008177e+00,1.010140425275180137e-01,2.229768840478422831e+00,5.102595030717057070e-03
7.099999999999819558e-09,1.773206744292656900e+00,1.010140497975294538e-01,2.230368419237933164e+00,5.102597149829584018e-03
7.101999999999819345e-09,1.773791189981283045e+00,1.010140570622696105e-01,2.230967998002387986e+00,5.102599269128166998e-03
7.103999999999819131e-09,1.774375643499885635e+00,1.010140643217435491e-01,2.231567576771789074e+00,5.102601388528487172e-03
7.105999999999818917e-09,1.774960104842469688e+00,1.010140715759564184e-01,2.232167155546135540e+00,5.102603507970496222e-03
7.107999999999818704e-09,1.775544574003045994e+00,1.010140788249133253e-01,2.232766734325426938e+00,5.102605627537155561e-03
7.109999999999818490e-09,1.776129050975630896e+00,1.010140860686193770e-01,2.233366313109664159e+00,5.102607747090800137e-03
7.111999999999818276e-09,1.776713535754247175e+00,1.010140933070796665e-01,2.233965891898846756e+00,5.102609866814696547e-03
7.113999999999818063e-09,1.777298028332923829e+00,1.010141005402992870e-01,2.234565470692975175e+00,5.102611986586746279e-03
7.115999999999817849e-09,1.777882528705695631e+00,1.010141077682833316e-01,2.235165049492049416e+00,5.102614106487600096e-03
7.117999999999817635e-09,1.778467036866603568e+00,1.010141149910368796e-01,2.235764628296069478e+00,5.102616226515357609e-03
7.119999999999817421e-09,1.779051552809694403e+00,1.010141222085649826e-01,2.236364207105035362e+00,5.102618346547261978e-03
7.121999999999817208e-09,1.779636076529020450e+00,1.010141294208727336e-01,2.236963785918947067e+00,5.102620466716768083e-03
7.123999999999816994e-09,1.780220608018640904e+00,1.010141366279651842e-01,2.237563364737804594e+00,5.102622586874000152e-03
7.125999999999816780e-09,1.780805147272620514e+00,1.010141438298474137e-01,2.238162943561608831e+00,5.102624707215921290e-03
7.127999999999816567e-09,1.781389694285029801e+00,1.010141510265244319e-01,2.238762522390358889e+00,5.102626827665233088e-03
7.129999999999816353e-09,1.781974249049945724e+00,1.010141582180013042e-01,2.239362101224055213e+00,5.102628948145593833e-03
7.131999999999816139e-09,1.782558811561450796e+00,1.010141654042830822e-01,2.239961680062697802e+00,5.102631068749975164e-03
7.133999999999815926e-09,1.783143381813633077e+00,1.010141725853747757e-01,2.240561258906286213e+00,5.102633189332918782e-03
7.135999999999815712e-09,1.783727959800587959e+00,1.010141797612814085e-01,2.241160837754820889e+00,5.102635310092515364e-03
7.137999999999815498e-09,1.784312545516415049e+00,1.010141869320080044e-01,2.241760416608303164e+00,5.102637430916440696e-03
7.139999999999815284e-09,1.784897138955221063e+00,1.010141940975595731e-01,2.242359995466731704e+00,5.102639551852133394e-03
7.141999999999815071e-09,1.785481740111118043e+00,1.010142012579411663e-01,2.242959574330106065e+00,5.102641672914754074e-03
7.143999999999814857e-09,1.786066348978224694e+00,1.010142084131577245e-01,2.243559153198427136e+00,5.102643793980359346e-03
7.145999999999814643e-09,1.786650965550664605e+00,1.010142155632142713e-01,2.244158732071695361e+00,5.102645915186743500e-03
7.147999999999814430e-09,1.787235589822567361e+00,1.010142227081157751e-01,2.244758310949910296e+00,5.102648036387370106e-03
7.149999999999814216e-09,1.787820221788069874e+00,1.010142298478672596e-01,2.245357889833072385e+00,5.102650157771178308e-03
7.151999999999814002e-09,1.788404861441313054e+00,1.010142369824736652e-01,2.245957468721180739e+00,5.102652279268951770e-03
7.153999999999813789e-09,1.788989508776444470e+00,1.010142441119399881e-01,2.246557047614236247e+00,5.102654400787042313e-03
7.155999999999813575e-09,1.789574163787617689e+00,1.010142512362711548e-01,2.247156626512238908e+00,5.102656522430768470e-03
7.157999999999813361e-09,1.790158826468992270e+00,1.010142583554721890e-01,2.247756205415188724e+00,5.102658644050349877e-03
7.159999999999813147e-09,1.790743496814732882e+00,1.010142654695479758e-01,2.248355784323085693e+00,5.102660765848932196e-03
7.161999999999812934e-09,1.791328174819010854e+00,1.010142725785035112e-01,2.248955363235930260e+00,5.102662887724480727e-03
7.163999999999812720e-09,1.791912860476003067e+00,1.010142796823437217e-01,2.249554942153721981e+00,5.102665009692456191e-03
7.165999999999812506e-09,1.792497553779891950e+00,1.010142867810735340e-01,2.250154521076460856e+00,5.102667131786412479e-03
7.167999999999812293e-09,1.793082254724865932e+00,1.010142938746979024e-01,2.250754100004146885e+00,5.102669253882361096e-03
7.169999999999812079e-09,1.793666963305119433e+00,1.010143009632217120e-01,2.251353678936780955e+00,5.102671376125970243e-03
7.171999999999811865e-09,1.794251679514852427e+00,1.010143080466499310e-01,2.251953257874362180e+00,5.102673498376621500e-03
7.173999999999811652e-09,1.794836403348270881e+00,1.010143151249874166e-01,2.252552836816891446e+00,5.102675620802279467e-03
7.175999999999811438e-09,1.795421134799586538e+00,1.010143221982391232e-01,2.253152415764368310e+00,5.102677743346563030e-03
7.177999999999811224e-09,1.796005873863016467e+00,1.010143292664099357e-01,2.253751994716792328e+00,5.102679865901177739e-03
7.179999999999811010e-09,1.796590620532784177e+00,1.010143363295047392e-01,2.254351573674164833e+00,5.102681988584879293e-03
7.181999999999810797e-09,1.797175374803118730e+00,1.010143433875284324e-01,2.254951152636484935e+00,5.102684111246448377e-03
7.183999999999810583e-09,1.797760136668254960e+00,1.010143504404858728e-01,2.255550731603753079e+00,5.102686234089283922e-03
7.185999999999810369e-09,1.798344906122432807e+00,1.010143574883819728e-01,2.256150310575969709e+00,5.102688357015315070e-03
7.187999999999810156e-09,1.798929683159899540e+00,1.010143645312215899e-01,2.256749889553133492e+00,5.102690480010010909e-03
7.189999999999809942e-09,1.799514467774905757e+00,1.010143715690095673e-01,2.257349468535245762e+00,5.102692603134362584e-03
7.191999999999809728e-09,1.800099259961710274e+00,1.010143786017508316e-01,2.257949047522306518e+00,5.102694726261368385e-03
7.193999999999809515e-09,1.800684059714576346e+00,1.010143856294501707e-01,2.258548626514315316e+00,5.102696849543400352e-03
7.195999999999809301e-09,1.801268867027772780e+00,1.010143926521124558e-01,2.259148205511272600e+00,5.102698972844457899e-03
7.197999999999809087e-09,1.801853681895575043e+00,1.010143996697425162e-01,2.259747784513177926e+00,5.102701096305978234e-03
7.199999999999808873e-09,1.802438504312262824e+00,1.010144066823452091e-01,2.260347363520032182e+00,5.102703219890849552e-03
7.201999999999808660e-09,1.803023334272123579e+00,1.010144136899253642e-01,2.260946942531834924e+00,5.102705343478406222e-03
7.203999999999808446e-09,1.803608171769448765e+00,1.010144206924877830e-01,2.261546521548586153e+00,5.102707467199265115e-03
7.205999999999808232e-09,1.804193016798535609e+00,1.010144276900373089e-01,2.262146100570285867e+00,5.102709590900811332e-03
7.207999999999808019e-09,1.804777869353688002e+00,1.010144346825787437e-01,2.262745679596934067e+00,5.102711714785158371e-03
7.209999999999807805e-09,1.805362729429214719e+00,1.010144416701169029e-01,2.263345258628531642e+00,5.102713838762542968e-03
7.211999999999807591e-09,1.805947597019430750e+00,1.010144486526565744e-01,2.263944837665078147e+00,5.102715962789619586e-03
7.213999999999807377e-09,1.806532472118655752e+00,1.010144556302025737e-01,2.264544416706573138e+00,5.102718086944837625e-03
7.215999999999807164e-09,1.807117354721216262e+00,1.010144626027596887e-01,2.265143995753017059e+00,5.102720211095124712e-03
7.217999999999806950e-09,1.807702244821443927e+00,1.010144695703326934e-01,2.265743574804410354e+00,5.102722335408170495e-03
7.219999999999806736e-09,1.808287142413675941e+00,1.010144765329263755e-01,2.266343153860752579e+00,5.102724459755115377e-03
7.221999999999806523e-09,1.808872047492254831e+00,1.010144834905454952e-01,2.266942732922043735e+00,5.102726584242665668e-03
7.223999999999806309e-09,1.809456960051529339e+00,1.010144904431948265e-01,2.267542311988284265e+00,5.102728708857986149e-03
7.225999999999806095e-09,1.810041880085853760e+00,1.010144973908791433e-01,2.268141891059474613e+00,5.102730833474993649e-03
7.227999999999805882e-09,1.810626807589587939e+00,1.010145043336031917e-01,2.268741470135613447e+00,5.102732958226553241e-03
7.229999999999805668e-09,1.811211742557096827e+00,1.010145112713717180e-01,2.269341049216702100e+00,5.102735082964033816e-03
7.231999999999805454e-09,1.811796684982751371e+00,1.010145182041894824e-01,2.269940628302740571e+00,5.102737207887018782e-03
7.233999999999805240e-09,1.812381634860928514e+00,1.010145251320612031e-01,2.270540207393727972e+00,5.102739332911803392e-03
7.235999999999805027e-09,1.812966592186009862e+00,1.010145320549916542e-01,2.271139786489665191e+00,5.102741457971983301e-03
7.237999999999804813e-09,1.813551556952383237e+00,1.010145389729855264e-01,2.271739365590552229e+00,5.102743583157872548e-03
7.239999999999804599e-09,1.814136529154442012e+00,1.010145458860475520e-01,2.272338944696389085e+00,5.102745708326143076e-03
7.241999999999804386e-09,1.814721508786584891e+00,1.010145527941824495e-01,2.272938523807175759e+00,5.102747833666994304e-03
7.243999999999804172e-09,1.815306495843216350e+00,1.010145596973949234e-01,2.273538102922911808e+00,5.102749959062764275e-03
7.245999999999803958e-09,1.815891490318745971e+00,1.010145665956896921e-01,2.274137682043597675e+00,5.102752084576654169e-03
7.247999999999803745e-09,1.816476492207589555e+00,1.010145734890714603e-01,2.274737261169233804e+00,5.102754210218684618e-03
7.249999999999803531e-09,1.817061501504167786e+00,1.010145803775449047e-01,2.275336840299820196e+00,5.102756335862117590e-03
7.251999999999803317e-09,1.817646518202907346e+00,1.010145872611147022e-01,2.275936419435356850e+00,5.102758461645334580e-03
7.253999999999803103e-09,1.818231542298240022e+00,1.010145941397855990e-01,2.276535998575843323e+00,5.102760587420392298e-03
7.255999999999802890e-09,1.818816573784603596e+00,1.010146010135622024e-01,2.277135577721280058e+00,5.102762713378715745e-03
7.257999999999802676e-09,1.819401612656441181e+00,1.010146078824492311e-01,2.277735156871667055e+00,5.102764839448960948e-03
7.259999999999802462e-09,1.819986658908200994e+00,1.010146147464513339e-01,2.278334736027004759e+00,5.102766965539219657e-03
7.261999999999802249e-09,1.820571712534337250e+00,1.010146216055731599e-01,2.278934315187292281e+00,5.102769091756238079e-03
7.263999999999802035e-09,1.821156773529309492e+00,1.010146284598194000e-01,2.279533894352530954e+00,5.102771217951523018e-03
7.265999999999801821e-09,1.821741841887582813e+00,1.010146353091946753e-01,2.280133473522719889e+00,5.102773344325133194e-03
7.267999999999801608e-09,1.822326917603626972e+00,1.010146421537036210e-01,2.280733052697859531e+00,5.102775470771244402e-03
7.269999999999801394e-09,1.822912000671918831e+00,1.010146489933509278e-01,2.281332631877949435e+00,5.102777597309193607e-03
7.271999999999801180e-09,1.823497091086939248e+00,1.010146558281411616e-01,2.281932211062990046e+00,5.102779723974009210e-03
7.273999999999800966e-09,1.824082188843175079e+00,1.010146626580790130e-01,2.282531790252981807e+00,5.102781850640108509e-03
7.275999999999800753e-09,1.824667293935118950e+00,1.010146694831690894e-01,2.283131369447924275e+00,5.102783977454485899e-03
7.277999999999800539e-09,1.825252406357268375e+00,1.010146763034159706e-01,2.283730948647817893e+00,5.102786104275375441e-03
7.279999999999800325e-09,1.825837526104126418e+00,1.010146831188243194e-01,2.284330527852662218e+00,5.102788231270292442e-03
7.281999999999800112e-09,1.826422653170201471e+00,1.010146899293987016e-01,2.284930107062457694e+00,5.102790358385051080e-03
7.283999999999799898e-09,1.827007787550008366e+00,1.010146967351437386e-01,2.285529686277204764e+00,5.102792485506371309e-03
7.285999999999799684e-09,1.827592929238065711e+00,1.010147035360640100e-01,2.286129265496902097e+00,5.102794612757836565e-03
7.287999999999799471e-09,1.828178078228898551e+00,1.010147103321641371e-01,2.286728844721551024e+00,5.102796739990349099e-03
7.289999999999799257e-09,1.828763234517037040e+00,1.010147171234486857e-01,2.287328423951151546e+00,5.102798867404046562e-03
7.291999999999799043e-09,1.829348398097017325e+00,1.010147239099222494e-01,2.287928003185703218e+00,5.102800994899215313e-03
7.293999999999798829e-09,1.829933568963379775e+00,1.010147306915893523e-01,2.288527582425206486e+00,5.102803122458222755e-03
7.295999999999798616e-09,1.830518747110670530e+00,1.010147374684546434e-01,2.289127161669660904e+00,5.102805250148100338e-03
7.297999999999798402e-09,1.831103932533442613e+00,1.010147442405226192e-01,2.289726740919066916e+00,5.102807377838365632e-03
7.299999999999798188e-09,1.831689125226251713e+00,1.010147510077978594e-01,2.290326320173424524e+00,5.102809505684831499e-03
7.301999999999797975e-09,1.832274325183661068e+00,1.010147577702849297e-01,2.290925899432734170e+00,5.102811633551912820e-03
7.303999999999797761e-09,1.832859532400238578e+00,1.010147645279883682e-01,2.291525478696994966e+00,5.102813761573563207e-03
7.305999999999797547e-09,1.833444746870557029e+00,1.010147712809127130e-01,2.292125057966207802e+00,5.102815889721313246e-03
7.307999999999797334e-09,1.834029968589195203e+00,1.010147780290625019e-01,2.292724637240372676e+00,5.102818017868934047e-03
7.309999999999797120e-09,1.834615197550736765e+00,1.010147847724422732e-01,2.293324216519488701e+00,5.102820146150081719e-03
7.311999999999796906e-09,1.835200433749771598e+00,1.010147915110565370e-01,2.293923795803557208e+00,5.102822274414055628e-03
7.313999999999796692e-09,1.835785677180892916e+00,1.010147982449098314e-01,2.294523375092578199e+00,5.102824402861839970e-03
7.315999999999796479e-09,1.836370927838701705e+00,1.010148049740066528e-01,2.295122954386550784e+00,5.102826531404003677e-03
7.317999999999796265e-09,1.836956185717802281e+00,1.010148116983515254e-01,2.295722533685475408e+00,5.102828659988401828e-03
7.319999999999796051e-09,1.837541450812806065e+00,1.010148184179489594e-01,2.296322112989352515e+00,5.102830788701792283e-03
7.321999999999795838e-09,1.838126723118327810e+00,1.010148251328034374e-01,2.296921692298181661e+00,5.102832917404275664e-03
7.323999999999795624e-09,1.838712002628988706e+00,1.010148318429194697e-01,2.297521271611963289e+00,5.102835046273021882e-03
7.325999999999795410e-09,1.839297289339415276e+00,1.010148385483015249e-01,2.298120850930697401e+00,5.102837175184470921e-03
7.327999999999795196e-09,1.839882583244239367e+00,1.010148452489540855e-01,2.298720430254383551e+00,5.102839304224472509e-03
7.329999999999794983e-09,1.840467884338097493e+00,1.010148519448816756e-01,2.299320009583023072e+00,5.102841433392859248e-03
7.331999999999794769e-09,1.841053192615631717e+00,1.010148586360887085e-01,2.299919588916614188e+00,5.102843562561063841e-03
7.333999999999794555e-09,1.841638508071489655e+00,1.010148653225796805e-01,2.300519168255158231e+00,5.102845691867927483e-03
7.335999999999794342e-09,1.842223830700323584e+00,1.010148720043590603e-01,2.301118747598655201e+00,5.102847821163027098e-03
7.337999999999794128e-09,1.842809160496791776e+00,1.010148786814313027e-01,2.301718326947104654e+00,5.102849950641757601e-03
7.339999999999793914e-09,1.843394497455556724e+00,1.010148853538008484e-01,2.302317906300507477e+00,5.102852080228773880e-03
7.341999999999793701e-09,1.843979841571287581e+00,1.010148920214721385e-01,2.302917485658863228e+00,5.102854209839286122e-03
7.343999999999793487e-09,1.844565192838657275e+00,1.010148986844496277e-01,2.303517065022171462e+00,5.102856339577871263e-03
7.345999999999793273e-09,1.845150551252344950e+00,1.010149053427377430e-01,2.304116644390432178e+00,5.102858469295749877e-03
7.347999999999793059e-09,1.845735916807033972e+00,1.010149119963409253e-01,2.304716223763646266e+00,5.102860599189016841e-03
7.349999999999792846e-09,1.846321289497414364e+00,1.010149186452636155e-01,2.305315803141813724e+00,5.102862729148554578e-03
7.351999999999792632e-09,1.846906669318179928e+00,1.010149252895101851e-01,2.305915382524934554e+00,5.102864859206790275e-03
7.353999999999792418e-09,1.847492056264030680e+00,1.010149319290851028e-01,2.306514961913008754e+00,5.102866989393158720e-03
7.355999999999792205e-09,1.848077450329671079e+00,1.010149385639927538e-01,2.307114541306035438e+00,5.102869119579384050e-03
7.357999999999791991e-09,1.848662851509811356e+00,1.010149451942375237e-01,2.307714120704015937e+00,5.102871249911667025e-03
7.359999999999791777e-09,1.849248259799166627e+00,1.010149518198238672e-01,2.308313700106950250e+00,5.102873380247455008e-03
7.361999999999791564e-09,1.849833675192456672e+00,1.010149584407561141e-01,2.308913279514837491e+00,5.102875510759944527e-03
7.363999999999791350e-09,1.850419097684407488e+00,1.010149650570387053e-01,2.309512858927678547e+00,5.102877641391342402e-03
7.365999999999791136e-09,1.851004527269749733e+00,1.010149716686759985e-01,2.310112438345473418e+00,5.102879772028643540e-03
7.367999999999790922e-09,1.851589963943219175e+00,1.010149782756723791e-01,2.310712017768221660e+00,5.102881902795196323e-03
7.369999999999790709e-09,1.852175407699556020e+00,1.010149848780322185e-01,2.311311597195923273e+00,5.102884033544433963e-03
7.371999999999790495e-09,1.852760858533507360e+00,1.010149914757599021e-01,2.311911176628578701e+00,5.102886164475032606e-03
7.373999999999790281e-09,1.853346316439823616e+00,1.010149980688597737e-01,2.312510756066188833e+00,5.102888295483398035e-03
7.375999999999790068e-09,1.853931781413261426e+00,1.010150046573361909e-01,2.313110335508752335e+00,5.102890426557703772e-03
7.377999999999789854e-09,1.854517253448582315e+00,1.010150112411935391e-01,2.313709914956269653e+00,5.102892557763289913e-03
7.379999999999789640e-09,1.855102732540552468e+00,1.010150178204361343e-01,2.314309494408741230e+00,5.102894688968240278e-03
7.381999999999789427e-09,1.855688218683944291e+00,1.010150243950683202e-01,2.314909073866166622e+00,5.102896820329290602e-03
7.383999999999789213e-09,1.856273711873533516e+00,1.010150309650944545e-01,2.315508653328546718e+00,5.102898951708924151e-03
7.385999999999788999e-09,1.856859212104102985e+00,1.010150375305188669e-01,2.316108232795880628e+00,5.102901083242770280e-03
7.387999999999788785e-09,1.857444719370438646e+00,1.010150440913458736e-01,2.316707812268168798e+00,5.102903214903228672e-03
7.389999999999788572e-09,1.858030233667333331e+00,1.010150506475798182e-01,2.317307391745411227e+00,5.102905346562081577e-03
7.391999999999788358e-09,1.858615754989583646e+00,1.010150571992249890e-01,2.317906971227607915e+00,5.102907478354618345e-03
7.393999999999788144e-09,1.859201283331991750e+00,1.010150637462857298e-01,2.318506550714759751e+00,5.102909610131208668e-03
7.395999999999787931e-09,1.859786818689365573e+00,1.010150702887663288e-01,2.319106130206864957e+00,5.102911742091499267e-03
7.397999999999787717e-09,1.860372361056516599e+00,1.010150768266710880e-01,2.319705709703925312e+00,5.102913874145046866e-03
7.399999999999787503e-09,1.860957910428262529e+00,1.010150833600043235e-01,2.320305289205940369e+00,5.102916006238681322e-03
7.401999999999787290e-09,1.861543466799425950e+00,1.010150898887703097e-01,2.320904868712910130e+00,5.102918138461999369e-03
7.403999999999787076e-09,1.862129030164833443e+00,1.010150964129733486e-01,2.321504448224834594e+00,5.102920270673100625e-03
7.405999999999786862e-09,1.862714600519318253e+00,1.010151029326177147e-01,2.322104027741713761e+00,5.102922403051242742e-03
7.407999999999786648e-09,1.863300177857717843e+00,1.010151094477076961e-01,2.322703607263547632e+00,5.102924535473545714e-03
7.409999999999786435e-09,1.863885762174874339e+00,1.010151159582475533e-01,2.323303186790336650e+00,5.102926668020240503e-03
7.411999999999786221e-09,1.864471353465635639e+00,1.010151224642415607e-01,2.323902766322080815e+00,5.102928800695844327e-03
7.413999999999786007e-09,1.865056951724854084e+00,1.010151289656939788e-01,2.324502345858780128e+00,5.102930933369259799e-03
7.415999999999785794e-09,1.865642556947387121e+00,1.010151354626090819e-01,2.325101925400434144e+00,5.102933066182867815e-03
7.417999999999785580e-09,1.866228169128097525e+00,1.010151419549911028e-01,2.325701504947043308e+00,5.102935198988334774e-03
7.419999999999785366e-09,1.866813788261852958e+00,1.010151484428443019e-01,2.326301084498607619e+00,5.102937331976355358e-03
7.421999999999785153e-09,1.867399414343525299e+00,1.010151549261729120e-01,2.326900664055127077e+00,5.102939465073324382e-03
7.423999999999784939e-09,1.867985047367992424e+00,1.010151614049811658e-01,2.327500243616602127e+00,5.102941598188382236e-03
7.425999999999784725e-09,1.868570687330136648e+00,1.010151678792733237e-01,2.328099823183032768e+00,5.102943731432518261e-03
7.427999999999784511e-09,1.869156334224846061e+00,1.010151743490535908e-01,2.328699402754418113e+00,5.102945864657787434e-03
7.429999999999784298e-09,1.869741988047012082e+00,1.010151808143262137e-01,2.329298982330759493e+00,5.102947998060635912e-03
7.431999999999784084e-09,1.870327648791532793e+00,1.010151872750953833e-01,2.329898561912056465e+00,5.102950131530240019e-03
7.433999999999783870e-09,1.870913316453310049e+00,1.010151937313653325e-01,2.330498141498309028e+00,5.102952265087628940e-03
7.435999999999783657e-09,1.871498991027251035e+00,1.010152001831402663e-01,2.331097721089516739e+00,5.102954398775037988e-03
7.437999999999783443e-09,1.872084672508268710e+00,1.010152066304243618e-01,2.331697300685680929e+00,5.102956532462974391e-03
7.439999999999783229e-09,1.872670360891279584e+00,1.010152130732218656e-01,2.332296880286800711e+00,5.102958666300432683e-03
7.441999999999783016e-09,1.873256056171205719e+00,1.010152195115369550e-01,2.332896459892876084e+00,5.102960800144606957e-03
7.443999999999782802e-09,1.873841758342973840e+00,1.010152259453737933e-01,2.333496039503907937e+00,5.102962934158722548e-03
7.445999999999782588e-09,1.874427467401516445e+00,1.010152323747366132e-01,2.334095619119895382e+00,5.102965068295546407e-03
7.447999999999782374e-09,1.875013183341770029e+00,1.010152387996295364e-01,2.334695198740838418e+00,5.102967202433795341e-03
7.449999999999782161e-09,1.875598906158675749e+00,1.010152452200567819e-01,2.335294778366737933e+00,5.102969336703606570e-03
7.451999999999782774e-09,1.876184635847181204e+00,1.010152516360225128e-01,2.335894357997593485e+00,5.102971470957591051e-03
7.453999999999783388e-09,1.876770372402237097e+00,1.010152580475308925e-01,2.336493937633405515e+00,5.102973605393351132e-03
7.455999999999784001e-09,1.877356115818800131e+00,1.010152644545860706e-01,2.337093517274173582e+00,5.102975739910026523e-03
7.457999999999784615e-09,1.877941866091831447e+00,1.010152708571922103e-01,2.337693096919897684e+00,5.102977874480753295e-03
7.459999999999785228e-09,1.878527623216297293e+00,1.010152772553534473e-01,2.338292676570578266e+00,5.102980009183831663e-03
7.461999999999785842e-09,1.879113387187168360e+00,1.010152836490739447e-01,2.338892256226215771e+00,5.102982143882433576e-03
7.463999999999786455e-09,1.879699157999421111e+00,1.010152900383578523e-01,2.339491835886809756e+00,5.102984278739273495e-03
7.465999999999787069e-09,1.880284935648035116e+00,1.010152964232092776e-01,2.340091415552359777e+00,5.102986413623090099e-03
7.467999999999787682e-09,1.880870720127997053e+00,1.010153028036323841e-01,2.340690995222866722e+00,5.102988548648556416e-03
7.469999999999788295e-09,1.881456511434296708e+00,1.010153091796312935e-01,2.341290574898330590e+00,5.102990683802271707e-03
7.471999999999788909e-09,1.882042309561929416e+00,1.010153155512100859e-01,2.341890154578751382e+00,5.102992818954357225e-03
7.473999999999789522e-09,1.882628114505895400e+00,1.010153219183729245e-01,2.342489734264128209e+00,5.102994954243080840e-03
7.475999999999790136e-09,1.883213926261199544e+00,1.010153282811239034e-01,2.343089313954461961e+00,5.102997089516253526e-03
7.477999999999790749e-09,1.883799744822851618e+00,1.010153346394671442e-01,2.343688893649752636e+00,5.102999224973632161e-03
7.479999999999791363e-09,1.884385570185865832e+00,1.010153409934067270e-01,2.344288473350000235e+00,5.103001360533061109e-03
7.481999999999791976e-09,1.884971402345261504e+00,1.010153473429467735e-01,2.344888053055205202e+00,5.103003496120769519e-03
7.483999999999792590e-09,1.885557241296063280e+00,1.010153536880913638e-01,2.345487632765367092e+00,5.103005631838802500e-03
7.485999999999793203e-09,1.886143087033299803e+00,1.010153600288445780e-01,2.346087212480485906e+00,5.103007767539038952e-03
7.487999999999793817e-09,1.886728939552004602e+00,1.010153663652105377e-01,2.346686792200562088e+00,5.103009903410505622e-03
7.489999999999794430e-09,1.887314798847216535e+00,1.010153726971932814e-01,2.347286371925595638e+00,5.103012039338705556e-03
7.491999999999795044e-09,1.887900664913978899e+00,1.010153790247969030e-01,2.347885951655586112e+00,5.103014175372616069e-03
7.493999999999795657e-09,1.888486537747339655e+00,1.010153853480254549e-01,2.348485531390534398e+00,5.103016311536299511e-03
7.495999999999796271e-09,1.889072417342351429e+00,1.010153916668830171e-01,2.349085111130439607e+00,5.103018447697303672e-03
7.497999999999796884e-09,1.889658303694072394e+00,1.010153979813736558e-01,2.349684690875302628e+00,5.103020584003356737e-03
7.499999999999797498e-09,1.890244196797564280e+00,1.010154042915014094e-01,2.350284270625123462e+00,5.103022720310608495e-03
7.501999999999798111e-09,1.890830096647894809e+00,1.010154105972703442e-01,2.350883850379901663e+00,5.103024856794696230e-03
7.503999999999798725e-09,1.891416003240135479e+00,1.010154168986844986e-01,2.351483430139637232e+00,5.103026993396241225e-03
7.505999999999799338e-09,1.892001916569363118e+00,1.010154231957479248e-01,2.352083009904330613e+00,5.103029130003191617e-03
7.507999999999799952e-09,1.892587836630658771e+00,1.010154294884646337e-01,2.352682589673981806e+00,5.103031266739453502e-03
7.509999999999800565e-09,1.893173763419109035e+00,1.010154357768386912e-01,2.353282169448590366e+00,5.103033403460276347e-03
7.511999999999801179e-09,1.893759696929804059e+00,1.010154420608741083e-01,2.353881749228157183e+00,5.103035540363305006e-03
7.513999999999801792e-09,1.894345637157839990e+00,1.010154483405748954e-01,2.354481329012681812e+00,5.103037677339694253e-03
7.515999999999802406e-09,1.894931584098316524e+00,1.010154546159450911e-01,2.355080908802164696e+00,5.103039814381664721e-03
7.517999999999803019e-09,1.895517537746339354e+00,1.010154608869887061e-01,2.355680488596605393e+00,5.103041951555674534e-03
7.519999999999803632e-09,1.896103498097017059e+00,1.010154671537097509e-01,2.356280068396004346e+00,5.103044088726460363e-03
7.521999999999804246e-09,1.896689465145464881e+00,1.010154734161122225e-01,2.356879648200361554e+00,5.103046226053480593e-03
7.523999999999804859e-09,1.897275438886801835e+00,1.010154796742001176e-01,2.357479228009676575e+00,5.103048363398209747e-03
7.525999999999805473e-09,1.897861419316151155e+00,1.010154859279774608e-01,2.358078807823950296e+00,5.103050500893822547e-03
7.527999999999806086e-09,1.898447406428641404e+00,1.010154921774481934e-01,2.358678387643181829e+00,5.103052638517144822e-03
7.529999999999806700e-09,1.899033400219405809e+00,1.010154984226163399e-01,2.359277967467372061e+00,5.103054776137494648e-03
7.531999999999807313e-09,1.899619400683582038e+00,1.010155046634858556e-01,2.359877547296520994e+00,5.103056913892514528e-03
7.533999999999807927e-09,1.900205407816312420e+00,1.010155109000607371e-01,2.360477127130627739e+00,5.103059051631761434e-03
7.535999999999808540e-09,1.900791421612744170e+00,1.010155171323449674e-01,2.361076706969693628e+00,5.103061189554948009e-03
7.537999999999809154e-09,1.901377442068028945e+00,1.010155233603425018e-01,2.361676286813717773e+00,5.103063327573259013e-03
7.539999999999809767e-09,1.901963469177323285e+00,1.010155295840572953e-01,2.362275866662700619e+00,5.103065465625655599e-03
7.541999999999810381e-09,1.902549502935787951e+00,1.010155358034933032e-01,2.362875446516642608e+00,5.103067603809607541e-03
7.543999999999810994e-09,1.903135543338588587e+00,1.010155420186544944e-01,2.363475026375543298e+00,5.103069741979398069e-03
7.545999999999811608e-09,1.903721590380895501e+00,1.010155482295448104e-01,2.364074606239402243e+00,5.103071880316892121e-03
7.547999999999812221e-09,1.904307644057884108e+00,1.010155544361682062e-01,2.364674186108220333e+00,5.103074018702957564e-03
7.549999999999812835e-09,1.904893704364733154e+00,1.010155606385286231e-01,2.365273765981997123e+00,5.103076157203330007e-03
7.551999999999813448e-09,1.905479771296627156e+00,1.010155668366299747e-01,2.365873345860733057e+00,5.103078295833258539e-03
7.553999999999814062e-09,1.906065844848755075e+00,1.010155730304762162e-01,2.366472925744428135e+00,5.103080434458328110e-03
7.555999999999814675e-09,1.906651925016309868e+00,1.010155792200712610e-01,2.367072505633082358e+00,5.103082573227162022e-03
7.557999999999815289e-09,1.907238011794489374e+00,1.010155854054190366e-01,2.367672085526695724e+00,5.103084711994885711e-03
7.559999999999815902e-09,1.907824105178496765e+00,1.010155915865234427e-01,2.368271665425268679e+00,5.103086850941089894e-03
7.561999999999816516e-09,1.908410205163538320e+00,1.010155977633884483e-01,2.368871245328800779e+00,5.103088990000391109e-03
7.563999999999817129e-09,1.908996311744826757e+00,1.010156039360179114e-01,2.369470825237292466e+00,5.103091129067456079e-03
7.565999999999817742e-09,1.909582424917577459e+00,1.010156101044157317e-01,2.370070405150742410e+00,5.103093268265420680e-03
7.567999999999818356e-09,1.910168544677011804e+00,1.010156162685858366e-01,2.370669985069152386e+00,5.103095407448217727e-03
7.569999999999818969e-09,1.910754671018355166e+00,1.010156224285321397e-01,2.371269564992521950e+00,5.103097546812034035e-03
7.571999999999819583e-09,1.911340803936837363e+00,1.010156285842584711e-01,2.371869144920851102e+00,5.103099686245147343e-03
7.573999999999820196e-09,1.911926943427692871e+00,1.010156347357687584e-01,2.372468724854139843e+00,5.103101825748346948e-03
7.575999999999820810e-09,1.912513089486160833e+00,1.010156408830669150e-01,2.373068304792388172e+00,5.103103965383835698e-03
7.577999999999821423e-09,1.913099242107485276e+00,1.010156470261567574e-01,2.373667884735596534e+00,5.103106105016371082e-03
7.579999999999822037e-09,1.913685401286914001e+00,1.010156531650421852e-01,2.374267464683764928e+00,5.103108244803302926e-03
7.581999999999822650e-09,1.914271567019699472e+00,1.010156592997270564e-01,2.374867044636892466e+00,5.103110384604516749e-03
7.583999999999823264e-09,1.914857739301099482e+00,1.010156654302152568e-01,2.375466624594980036e+00,5.103112524560460099e-03
7.585999999999823877e-09,1.915443918126375156e+00,1.010156715565106167e-01,2.376066204558027639e+00,5.103114664644165833e-03
7.587999999999824491e-09,1.916030103490793390e+00,1.010156776786170219e-01,2.376665784526035274e+00,5.103116804724324058e-03
7.589999999999825104e-09,1.916616295389624636e+00,1.010156837965383164e-01,2.377265364499002942e+00,5.103118944938028236e-03
7.591999999999825718e-09,1.917202493818144227e+00,1.010156899102783445e-01,2.377864944476930642e+00,5.103121085136745269e-03
7.593999999999826331e-09,1.917788698771631717e+00,1.010156960198409504e-01,2.378464524459818374e+00,5.103123225519473963e-03
7.595999999999826945e-09,1.918374910245371989e+00,1.010157021252299642e-01,2.379064104447666139e+00,5.103125365993978202e-03
7.597999999999827558e-09,1.918961128234653257e+00,1.010157082264492162e-01,2.379663684440474825e+00,5.103127506503961006e-03
7.599999999999828172e-09,1.919547352734768841e+00,1.010157143235025368e-01,2.380263264438243542e+00,5.103129647146596379e-03
7.601999999999828785e-09,1.920133583741016725e+00,1.010157204163937839e-01,2.380862844440972292e+00,5.103131787776140661e-03
7.603999999999829399e-09,1.920719821248699111e+00,1.010157265051267322e-01,2.381462424448662407e+00,5.103133928571768237e-03
7.605999999999830012e-09,1.921306065253122641e+00,1.010157325897052261e-01,2.382062004461312998e+00,5.103136069413101439e-03
7.607999999999830626e-09,1.921892315749598401e+00,1.010157386701330540e-01,2.382661584478923178e+00,5.103138210370042685e-03
7.609999999999831239e-09,1.922478572733441915e+00,1.010157447464140601e-01,2.383261164501494278e+00,5.103140351456615480e-03
7.611999999999831852e-09,1.923064836199973371e+00,1.010157508185520331e-01,2.383860744529026299e+00,5.103142492537479299e-03
7.613999999999832466e-09,1.923651106144517176e+00,1.010157568865507477e-01,2.384460324561518796e+00,5.103144633762696399e-03
7.615999999999833079e-09,1.924237382562402621e+00,1.010157629504140203e-01,2.385059904598971769e+00,5.103146774986933379e-03
7.617999999999833693e-09,1.924823665448962773e+00,1.010157690101456257e-01,2.385659484641386108e+00,5.103148916389084466e-03
7.619999999999834306e-09,1.925409954799535583e+00,1.010157750657493664e-01,2.386259064688761367e+00,5.103151057903784413e-03
7.621999999999834920e-09,1.925996250609463001e+00,1.010157811172290310e-01,2.386858644741097102e+00,5.103153199425646165e-03
7.623999999999835533e-09,1.926582552874092524e+00,1.010157871645883665e-01,2.387458224798394202e+00,5.103155341079042458e-03
7.625999999999836147e-09,1.927168861588774096e+00,1.010157932078311754e-01,2.388057804860652666e+00,5.103157482717980697e-03
7.627999999999836760e-09,1.927755176748863875e+00,1.010157992469612187e-01,2.388657384927871608e+00,5.103159624537983302e-03
7.629999999999837374e-09,1.928341498349722016e+00,1.010158052819822572e-01,2.389256965000051913e+00,5.103161766425898596e-03
7.631999999999837987e-09,1.928927826386712452e+00,1.010158113128980656e-01,2.389856545077193140e+00,5.103163908382509807e-03
7.633999999999838601e-09,1.929514160855203997e+00,1.010158173397123493e-01,2.390456125159296175e+00,5.103166050471909763e-03
7.635999999999839214e-09,1.930100501750569464e+00,1.010158233624289109e-01,2.391055705246360574e+00,5.103168192557381438e-03
7.637999999999839828e-09,1.930686849068186994e+00,1.010158293810514835e-01,2.391655285338385895e+00,5.103170334797543610e-03
7.639999999999840441e-09,1.931273202803437838e+00,1.010158353955838001e-01,2.392254865435372579e+00,5.103172477052385012e-03
7.641999999999841055e-09,1.931859562951708797e+00,1.010158414060296356e-01,2.392854445537320629e+00,5.103174619459712943e-03
7.643999999999841668e-09,1.932445929508389781e+00,1.010158474123926675e-01,2.393454025644230931e+00,5.103176761995242144e-03
7.645999999999842282e-09,1.933032302468876473e+00,1.010158534146766707e-01,2.394053605756102598e+00,5.103178904526606274e-03
7.647999999999842895e-09,1.933618681828567887e+00,1.010158594128853782e-01,2.394653185872935186e+00,5.103181047192358565e-03
7.649999999999843509e-09,1.934205067582867699e+00,1.010158654070224538e-01,2.395252765994730026e+00,5.103183189842902534e-03
7.651999999999844122e-09,1.934791459727184026e+00,1.010158713970916583e-01,2.395852346121486676e+00,5.103185332677383571e-03
7.653999999999844736e-09,1.935377858256929429e+00,1.010158773830967249e-01,2.396451926253204689e+00,5.103187475605676718e-03
7.655999999999845349e-09,1.935964263167520238e+00,1.010158833650413174e-01,2.397051506389884956e+00,5.103189618566310315e-03
7.657999999999845963e-09,1.936550674454377674e+00,1.010158893429291549e-01,2.397651086531527476e+00,5.103191761660448231e-03
7.659999999999846576e-09,1.937137092112927617e+00,1.010158953167639706e-01,2.398250666678131804e+00,5.103193904740954689e-03
7.661999999999847189e-09,1.937723516138599278e+00,1.010159012865494005e-01,2.398850246829697941e+00,5.103196047988229657e-03
7.663999999999847803e-09,1.938309946526826755e+00,1.010159072522891777e-01,2.399449826986225887e+00,5.103198191283002220e-03
7.665999999999848416e-09,1.938896383273048807e+00,1.010159132139869936e-01,2.400049407147716529e+00,5.103200334687842121e-03
7.667999999999849030e-09,1.939482826372707525e+00,1.010159191716465121e-01,2.400648987314168981e+00,5.103202478223378691e-03
7.669999999999849643e-09,1.940069275821250327e+00,1.010159251252714108e-01,2.401248567485583685e+00,5.103204621753255725e-03
7.671999999999850257e-09,1.940655731614128188e+00,1.010159310748653949e-01,2.401848147661960198e+00,5.103206765429088056e-03
7.673999999999850870e-09,1.941242193746796962e+00,1.010159370204321144e-01,2.402447727843299852e+00,5.103208909105553560e-03
7.675999999999851484e-09,1.941828662214716283e+00,1.010159429619752469e-01,2.403047308029601759e+00,5.103211052956766434e-03
7.677999999999852097e-09,1.942415137013350446e+00,1.010159488994984422e-01,2.403646888220865918e+00,5.103213196924061799e-03
7.679999999999852711e-09,1.943001618138168185e+00,1.010159548330053642e-01,2.404246468417092775e+00,5.103215340894877786e-03
7.681999999999853324e-09,1.943588105584641568e+00,1.010159607624996764e-01,2.404846048618281884e+00,5.103217484997037492e-03
7.683999999999853938e-09,1.944174599348247989e+00,1.010159666879850149e-01,2.405445628824433690e+00,5.103219629085766103e-03
7.685999999999854551e-09,1.944761099424468842e+00,1.010159726094650434e-01,2.406045209035548638e+00,5.103221773356574759e-03
7.687999999999855165e-09,1.945347605808788849e+00,1.010159785269433841e-01,2.406644789251625838e+00,5.103223917697108022e-03
7.689999999999855778e-09,1.945934118496698506e+00,1.010159844404236867e-01,2.407244369472665735e+00,5.103226062099351472e-03
7.691999999999856392e-09,1.946520637483691640e+00,1.010159903499095874e-01,2.407843949698668329e+00,5.103228206635653484e-03
7.693999999999857005e-09,1.947107162765266297e+00,1.010159962554047081e-01,2.408443529929634064e+00,5.103230351165785952e-03
7.695999999999857619e-09,1.947693694336925629e+00,1.010160021569126848e-01,2.409043110165562940e+00,5.103232495852141545e-03
7.697999999999858232e-09,1.948280232194175454e+00,1.010160080544371536e-01,2.409642690406454513e+00,5.103234640557585168e-03
7.699999999999858846e-09,1.948866776332527362e+00,1.010160139479816949e-01,2.410242270652309227e+00,5.103236785408041265e-03
7.701999999999859459e-09,1.949453326747496273e+00,1.010160198375499446e-01,2.410841850903127082e+00,5.103238930387205170e-03
7.703999999999860073e-09,1.950039883434601551e+00,1.010160257231455250e-01,2.411441431158908077e+00,5.103241075360659233e-03
7.705999999999860686e-09,1.950626446389366997e+00,1.010160316047720164e-01,2.412041011419652214e+00,5.103243220472140906e-03
7.707999999999861299e-09,1.951213015607320189e+00,1.010160374824330271e-01,2.412640591685359492e+00,5.103245365569814181e-03
7.709999999999861913e-09,1.951799591083993590e+00,1.010160433561321652e-01,2.413240171956030800e+00,5.103247510850587518e-03
7.711999999999862526e-09,1.952386172814923215e+00,1.010160492258729975e-01,2.413839752231664804e+00,5.103249656229760442e-03
7.713999999999863140e-09,1.952972760795649299e+00,1.010160550916591460e-01,2.414439332512261949e+00,5.103251801633132759e-03
7.715999999999863753e-09,1.953559355021716737e+00,1.010160609534941772e-01,2.415038912797823123e+00,5.103253947171040687e-03
7.717999999999864367e-09,1.954145955488674202e+00,1.010160668113816856e-01,2.415638493088346994e+00,5.103256092694938989e-03
7.719999999999864980e-09,1.954732562192075029e+00,1.010160726653252378e-01,2.416238073383835339e+00,5.103258238390404912e-03
7.721999999999865594e-09,1.955319175127475884e+00,1.010160785153284141e-01,2.416837653684286824e+00,5.103260384136840480e-03
7.723999999999866207e-09,1.955905794290438315e+00,1.010160843613947812e-01,2.417437233989701895e+00,5.103262529979488149e-03
7.725999999999866821e-09,1.956492419676527872e+00,1.010160902035278779e-01,2.418036814300081438e+00,5.103264675956104175e-03
7.727999999999867434e-09,1.957079051281314097e+00,1.010160960417313125e-01,2.418636394615424123e+00,5.103266821928416352e-03
7.729999999999868048e-09,1.957665689100370976e+00,1.010161018760086238e-01,2.419235974935730393e+00,5.103268968048532174e-03
7.731999999999868661e-09,1.958252333129276490e+00,1.010161077063633506e-01,2.419835555261000692e+00,5.103271114171940501e-03
7.733999999999869275e-09,1.958838983363612840e+00,1.010161135327990456e-01,2.420435135591235465e+00,5.103273260463545881e-03
7.735999999999869888e-09,1.959425639798966223e+00,1.010161193553192616e-01,2.421034715926434266e+00,5.103275406878087644e-03
7.737999999999870502e-09,1.960012302430926834e+00,1.010161251739275373e-01,2.421634296266596653e+00,5.103277553291415969e-03
7.739999999999871115e-09,1.960598971255089529e+00,1.010161309886274394e-01,2.422233876611723069e+00,5.103279699834171144e-03
7.741999999999871729e-09,1.961185646267052718e+00,1.010161367994224513e-01,2.422833456961813958e+00,5.103281846364970606e-03
7.743999999999872342e-09,1.961772327462419474e+00,1.010161426063161394e-01,2.423433037316868877e+00,5.103283993080083569e-03
7.745999999999872956e-09,1.962359014836796645e+00,1.010161484093119871e-01,2.424032617676887824e+00,5.103286139869283970e-03
7.747999999999873569e-09,1.962945708385795074e+00,1.010161542084135611e-01,2.424632198041871245e+00,5.103288286708315170e-03
7.749999999999874183e-09,1.963532408105030269e+00,1.010161600036243584e-01,2.425231778411819139e+00,5.103290433683698238e-03
7.751999999999874796e-09,1.964119113990121068e+00,1.010161657949478903e-01,2.425831358786731062e+00,5.103292580648918428e-03
7.753999999999875410e-09,1.964705826036691194e+00,1.010161715823876538e-01,2.426430939166607903e+00,5.103294727773902313e-03
7.755999999999876023e-09,1.965292544240367478e+00,1.010161773659472018e-01,2.427030519551449661e+00,5.103296874928430274e-03
7.757999999999876636e-09,1.965879268596781859e+00,1.010161831456299758e-01,2.427630099941255448e+00,5.103299022213017393e-03
7.759999999999877250e-09,1.966465999101570272e+00,1.010161889214395148e-01,2.428229680336025709e+00,5.103301169627150191e-03
7.761999999999877863e-09,1.967052735750371983e+00,1.010161946933793020e-01,2.428829260735760442e+00,5.103303317034505425e-03
7.763999999999878477e-09,1.967639478538830922e+00,1.010162004614528208e-01,2.429428841140459649e+00,5.103305464584307477e-03
7.765999999999879090e-09,1.968226227462594569e+00,1.010162062256635407e-01,2.430028421550124662e+00,5.103307612126879202e-03
7.767999999999879704e-09,1.968812982517315735e+00,1.010162119860149865e-01,2.430628001964754148e+00,5.103309759849876913e-03
7.769999999999880317e-09,1.969399743698649452e+00,1.010162177425106139e-01,2.431227582384348107e+00,5.103311907677690953e-03
7.771999999999880931e-09,1.969986511002256080e+00,1.010162234951538784e-01,2.431827162808907428e+00,5.103314055518064392e-03
7.773999999999881544e-09,1.970573284423799976e+00,1.010162292439482912e-01,2.432426743238431666e+00,5.103316203493819987e-03
7.775999999999882158e-09,1.971160063958949049e+00,1.010162349888972938e-01,2.433026323672920821e+00,5.103318351456082903e-03
7.777999999999882771e-09,1.971746849603375207e+00,1.010162407300043280e-01,2.433625904112374894e+00,5.103320499595484505e-03
7.779999999999883385e-09,1.972333641352755462e+00,1.010162464672728910e-01,2.434225484556794328e+00,5.103322647793306389e-03
7.781999999999883998e-09,1.972920439202769050e+00,1.010162522007064245e-01,2.434825065006179123e+00,5.103324796068692965e-03
7.783999999999884612e-09,1.973507243149100976e+00,1.010162579303083702e-01,2.435424645460528836e+00,5.103326944478842400e-03
7.785999999999885225e-09,1.974094053187439357e+00,1.010162636560821836e-01,2.436024225919843467e+00,5.103329092883152757e-03
7.787999999999885839e-09,1.974680869313476528e+00,1.010162693780313203e-01,2.436623806384123903e+00,5.103331241439360705e-03
7.789999999999886452e-09,1.975267691522908819e+00,1.010162750961591943e-01,2.437223386853369700e+00,5.103333390005220654e-03
7.791999999999887066e-09,1.975854519811436338e+00,1.010162808104692334e-01,2.437822967327580859e+00,5.103335538727641132e-03
7.793999999999887679e-09,1.976441354174763632e+00,1.010162865209648930e-01,2.438422547806757823e+00,5.103337687579011413e-03
7.795999999999888293e-09,1.977028194608599243e+00,1.010162922276496011e-01,2.439022128290900149e+00,5.103339836424608533e-03
7.797999999999888906e-09,1.977615041108655491e+00,1.010162979305267994e-01,2.439621708780007836e+00,5.103341985402310918e-03
7.799999999999889520e-09,1.978201893670648692e+00,1.010163036295998601e-01,2.440221289274081329e+00,5.103344134366498940e-03
7.801999999999890133e-09,1.978788752290298714e+00,1.010163093248722249e-01,2.440820869773120627e+00,5.103346283515245926e-03
7.803999999999890746e-09,1.979375616963330753e+00,1.010163150163472939e-01,2.441420450277125287e+00,5.103348432752868868e-03
7.805999999999891360e-09,1.979962487685472228e+00,1.010163207040284949e-01,2.442020030786096196e+00,5.103350582023578191e-03
7.807999999999891973e-09,1.980549364452456107e+00,1.010163263879192280e-01,2.442619611300032911e+00,5.103352731430628973e-03
7.809999999999892587e-09,1.981136247260018246e+00,1.010163320680229071e-01,2.443219191818935432e+00,5.103354880825179338e-03
7.811999999999893200e-09,1.981723136103899163e+00,1.010163377443428767e-01,2.443818772342803758e+00,5.103357030385160739e-03
7.813999999999893814e-09,1.982310030979842708e+00,1.010163434168825786e-01,2.444418352871638334e+00,5.103359179988019301e-03
7.815999999999894427e-09,1.982896931883597169e+00,1.010163490856453988e-01,2.445017933405439159e+00,5.103361329698799347e-03
7.817999999999895041e-09,1.983483838810914390e+00,1.010163547506347098e-01,2.445617513944205346e+00,5.103363479541872874e-03
7.819999999999895654e-09,1.984070751757550877e+00,1.010163604118539116e-01,2.446217094487938226e+00,5.103365629378076897e-03
7.821999999999896268e-09,1.984657670719266243e+00,1.010163660693063487e-01,2.446816675036637356e+00,5.103367779361792263e-03
7.823999999999896881e-09,1.985244595691824543e+00,1.010163717229954350e-01,2.447416255590302736e+00,5.103369929346563208e-03
7.825999999999897495e-09,1.985831526670993608e+00,1.010163773729245151e-01,2.448015836148934365e+00,5.103372079502069107e-03
7.827999999999898108e-09,1.986418463652545041e+00,1.010163830190969753e-01,2.448615416712532245e+00,5.103374229775455538e-03
7.829999999999898722e-09,1.987005406632254667e+00,1.010163886615161460e-01,2.449214997281096373e+00,5.103376380050009438e-03
7.831999999999899335e-09,1.987592355605901862e+00,1.010163943001854137e-01,2.449814577854627196e+00,5.103378530455525419e-03
7.833999999999899949e-09,1.988179310569270886e+00,1.010163999351081227e-01,2.450414158433124712e+00,5.103380680849155943e-03
7.835999999999900562e-09,1.988766271518148221e+00,1.010164055662876453e-01,2.451013739016588922e+00,5.103382831426243882e-03
7.837999999999901176e-09,1.989353238448325678e+00,1.010164111937273124e-01,2.451613319605019381e+00,5.103384982072156975e-03
7.839999999999901789e-09,1.989940211355598843e+00,1.010164168174304683e-01,2.452212900198416534e+00,5.103387132773227336e-03
7.841999999999902403e-09,1.990527190235766186e+00,1.010164224374004577e-01,2.452812480796780381e+00,5.103389283610852527e-03
7.843999999999903016e-09,1.991114175084631288e+00,1.010164280536406251e-01,2.453412061400111366e+00,5.103391434438088459e-03
7.845999999999903630e-09,1.991701165898000836e+00,1.010164336661542595e-01,2.454011642008408600e+00,5.103393585423281371e-03
7.847999999999904243e-09,1.992288162671685958e+00,1.010164392749447609e-01,2.454611222621673416e+00,5.103395736432886180e-03
7.849999999999904856e-09,1.992875165401500448e+00,1.010164448800154324e-01,2.455210803239904926e+00,5.103397887577313698e-03
7.851999999999905470e-09,1.993462174083264093e+00,1.010164504813695630e-01,2.455810383863103130e+00,5.103400038851462102e-03
7.853999999999906083e-09,1.994049188712798237e+00,1.010164560790105109e-01,2.456409964491268028e+00,5.103402190117181485e-03
7.855999999999906697e-09,1.994636209285929995e+00,1.010164616729415515e-01,2.457009545124400507e+00,5.103404341525210643e-03
7.857999999999907310e-09,1.995223235798488925e+00,1.010164672631660293e-01,2.457609125762499680e+00,5.103406492925343339e-03
7.859999999999907924e-09,1.995810268246309471e+00,1.010164728496872333e-01,2.458208706405566435e+00,5.103408644505714672e-03
7.861999999999908537e-09,1.996397306625229406e+00,1.010164784325084664e-01,2.458808287053599884e+00,5.103410796188206575e-03
7.863999999999909151e-09,1.996984350931090280e+00,1.010164840116330592e-01,2.459407867706601358e+00,5.103412947883877171e-03
7.865999999999909764e-09,1.997571401159738080e+00,1.010164895870642870e-01,2.460007448364569971e+00,5.103415099716609137e-03
7.867999999999910378e-09,1.998158457307021685e+00,1.010164951588054250e-01,2.460607029027505721e+00,5.103417251537197170e-03
7.869999999999910991e-09,1.998745519368794632e+00,1.010165007268598036e-01,2.461206609695409053e+00,5.103419403534188367e-03
7.871999999999911605e-09,1.999332587340914014e+00,1.010165062912306427e-01,2.461806190368279523e+00,5.103421555585836364e-03
7.873999999999912218e-09,1.999919661219240696e+00,1.010165118519213007e-01,2.462405771046118019e+00,5.103423707715531304e-03
7.875999999999912832e-09,2.000506740999639543e+00,1.010165174089350248e-01,2.463005351728923653e+00,5.103425859981100196e-03
7.877999999999913445e-09,2.001093826677978527e+00,1.010165229622750627e-01,2.463604932416696869e+00,5.103428012239392790e-03
7.879999999999914059e-09,2.001680918250130503e+00,1.010165285119447171e-01,2.464204513109438111e+00,5.103430164649223888e-03
7.881999999999914672e-09,2.002268015711972104e+00,1.010165340579472354e-01,2.464804093807146934e+00,5.103432317068283715e-03
7.883999999999915286e-09,2.002855119059382183e+00,1.010165396002859067e-01,2.465403674509823340e+00,5.103434469642983799e-03
7.885999999999915899e-09,2.003442228288245364e+00,1.010165451389639646e-01,2.466003255217467771e+00,5.103436622346875680e-03
7.887999999999916513e-09,2.004029343394448492e+00,1.010165506739846980e-01,2.466602835930080229e+00,5.103438775043489528e-03
7.889999999999917126e-09,2.004616464373884188e+00,1.010165562053513266e-01,2.467202416647660268e+00,5.103440927872461910e-03
7.891999999999917740e-09,2.005203591222445958e+00,1.010165617330671117e-01,2.467801997370208333e+00,5.103443080689689347e-03
7.893999999999918353e-09,2.005790723936034414e+00,1.010165672571353007e-01,2.468401578097724869e+00,5.103445233691676977e-03
7.895999999999918967e-09,2.006377862510550170e+00,1.010165727775591410e-01,2.469001158830209430e+00,5.103447386781984584e-03
7.897999999999919580e-09,2.006965006941901830e+00,1.010165782943418661e-01,2.469600739567661574e+00,5.103449539902518012e-03
7.899999999999920193e-09,2.007552157225998890e+00,1.010165838074867095e-01,2.470200320310082187e+00,5.103451693160859608e-03
7.901999999999920807e-09,2.008139313358754841e+00,1.010165893169969048e-01,2.470799901057470827e+00,5.103453846407333960e-03
7.903999999999921420e-09,2.008726475336087613e+00,1.010165948228756855e-01,2.471399481809827936e+00,5.103455999820948052e-03
7.905999999999922034e-09,2.009313643153919582e+00,1.010166003251262573e-01,2.471999062567153516e+00,5.103458153276551994e-03
7.907999999999922647e-09,2.009900816808175339e+00,1.010166058237518538e-01,2.472598643329447121e+00,5.103460306833943437e-03
7.909999999999923261e-09,2.010487996294784363e+00,1.010166113187557085e-01,2.473198224096709197e+00,5.103462460525716102e-03
7.911999999999923874e-09,2.011075181609678353e+00,1.010166168101409995e-01,2.473797804868939743e+00,5.103464614209581030e-03
7.913999999999924488e-09,2.011662372748795224e+00,1.010166222979109601e-01,2.474397385646138758e+00,5.103466768042002472e-03
7.915999999999925101e-09,2.012249569708074226e+00,1.010166277820688102e-01,2.474996966428306244e+00,5.103468921876619206e-03
7.917999999999925715e-09,2.012836772483460379e+00,1.010166332626176999e-01,2.475596547215442200e+00,5.103471075877902968e-03
7.919999999999926328e-09,2.013423981070900481e+00,1.010166387395608906e-01,2.476196128007547070e+00,5.103473230000942634e-03
7.921999999999926942e-09,2.014011195466346216e+00,1.010166442129015324e-01,2.476795708804621299e+00,5.103475384121798283e-03
7.923999999999927555e-09,2.014598415665752817e+00,1.010166496826428451e-01,2.477395289606663553e+00,5.103477538371814504e-03
7.925999999999928169e-09,2.015185641665079519e+00,1.010166551487880204e-01,2.477994870413674722e+00,5.103479692610554154e-03
7.927999999999928782e-09,2.015772873460287773e+00,1.010166606113402088e-01,2.478594451225654804e+00,5.103481847035200650e-03
7.929999999999929396e-09,2.016360111047345693e+00,1.010166660703026159e-01,2.479194032042603801e+00,5.103484001531569288e-03
7.931999999999930009e-09,2.016947354422221839e+00,1.010166715256784337e-01,2.479793612864521712e+00,5.103486156075380878e-03
7.933999999999930623e-09,2.017534603580890096e+00,1.010166769774708123e-01,2.480393193691408538e+00,5.103488310758248769e-03
7.935999999999931236e-09,2.018121858519328349e+00,1.010166824256829438e-01,2.480992774523264721e+00,5.103490465428792318e-03
7.937999999999931850e-09,2.018709119233517590e+00,1.010166878703179921e-01,2.481592355360089819e+00,5.103492620259149869e-03
7.939999999999932463e-09,2.019296385719442366e+00,1.010166933113790938e-01,2.482191936201884275e+00,5.103494775119658648e-03
7.941999999999933077e-09,2.019883657973090774e+00,1.010166987488694407e-01,2.482791517048647645e+00,5.103496930103499328e-03
7.943999999999933690e-09,2.020470935990455796e+00,1.010167041827921552e-01,2.483391097900380373e+00,5.103499085218233568e-03
7.945999999999934303e-09,2.021058219767532638e+00,1.010167096131504433e-01,2.483990678757082016e+00,5.103501240324192709e-03
7.947999999999934917e-09,2.021645509300321386e+00,1.010167150399474273e-01,2.484590259618753461e+00,5.103503395575890306e-03
7.949999999999935530e-09,2.022232804584824351e+00,1.010167204631862575e-01,2.485189840485394264e+00,5.103505550824010036e-03
7.951999999999936144e-09,2.022820105617049169e+00,1.010167258828700843e-01,2.485789421357004425e+00,5.103507706247179844e-03
7.953999999999936757e-09,2.023407412393005256e+00,1.010167312990020022e-01,2.486389002233583945e+00,5.103509861779264266e-03
7.955999999999937371e-09,2.023994724908707354e+00,1.010167367115852033e-01,2.486988583115133267e+00,5.103512017317092357e-03
7.957999999999937984e-09,2.024582043160173761e+00,1.010167421206227961e-01,2.487588164001651947e+00,5.103514172990169032e-03
7.959999999999938598e-09,2.025169367143424992e+00,1.010167475261179310e-01,2.488187744893140430e+00,5.103516328652198120e-03
7.961999999999939211e-09,2.025756696854486005e+00,1.010167529280737025e-01,2.488787325789598714e+00,5.103518484494474518e-03
7.963999999999939825e-09,2.026344032289386199e+00,1.010167583264932473e-01,2.489386906691026358e+00,5.103520640396058509e-03
7.965999999999940438e-09,2.026931373444157192e+00,1.010167637213797015e-01,2.489986487597424247e+00,5.103522796361779565e-03
7.967999999999941052e-09,2.027518720314835932e+00,1.010167691127361600e-01,2.490586068508791939e+00,5.103524952465204705e-03
7.969999999999941665e-09,2.028106072897461143e+00,1.010167745005657314e-01,2.491185649425128990e+00,5.103527108558787023e-03
7.971999999999942279e-09,2.028693431188075547e+00,1.010167798848715520e-01,2.491785230346436286e+00,5.103529264806777946e-03
7.973999999999942892e-09,2.029280795182727193e+00,1.010167852656566889e-01,2.492384811272713829e+00,5.103531421071413540e-03
7.975999999999943506e-09,2.029868164877465464e+00,1.010167906429242785e-01,2.492984392203960731e+00,5.103533577478673762e-03
7.977999999999944119e-09,2.030455540268345072e+00,1.010167960166774154e-01,2.493583973140178323e+00,5.103535734015846557e-03
7.979999999999944733e-09,2.031042921351422947e+00,1.010168013869191805e-01,2.494183554081366161e+00,5.103537890543084592e-03
7.981999999999945346e-09,2.031630308122760908e+00,1.010168067536526826e-01,2.494783135027523802e+00,5.103540047210629663e-03
7.983999999999945960e-09,2.032217700578423436e+00,1.010168121168809746e-01,2.495382715978651689e+00,5.103542203870076177e-03
7.985999999999946573e-09,2.032805098714479453e+00,1.010168174766071791e-01,2.495982296934749822e+00,5.103544360710774407e-03
7.987999999999947187e-09,2.033392502527000101e+00,1.010168228328343770e-01,2.496581877895817758e+00,5.103546517648862614e-03
7.989999999999947800e-09,2.033979912012060964e+00,1.010168281855656353e-01,2.497181458861856829e+00,5.103548674602159142e-03
7.991999999999948414e-09,2.034567327165742068e+00,1.010168335348040208e-01,2.497781039832866146e+00,5.103550831694023647e-03
7.993999999999949027e-09,2.035154747984125656e+00,1.010168388805526007e-01,2.498380620808845709e+00,5.103552988775756499e-03
7.995999999999949640e-09,2.035742174463297971e+00,1.010168442228144697e-01,2.498980201789795519e+00,5.103555146032113556e-03
7.997999999999950254e-09,2.036329606599349251e+00,1.010168495615926809e-01,2.499579782775716463e+00,5.103557303337210270e-03
7.999999999999950867e-09,2.036917044388372400e+00,1.010168548968903013e-01,2.500179363766608098e+00,5.103559460723606535e-03
8.001999999999951481e-09,2.037504487826464317e+00,1.010168602287103840e-01,2.500778944762469980e+00,5.103561618247183865e-03
8.003999999999952094e-09,2.038091936909725899e+00,1.010168655570559820e-01,2.501378525763302552e+00,5.103563775760973885e-03
8.005999999999952708e-09,2.038679391634261595e+00,1.010168708819301348e-01,2.501978106769105814e+00,5.103565933426113324e-03
8.007999999999953321e-09,2.039266851996178076e+00,1.010168762033359091e-01,2.502577687779879767e+00,5.103568091099065090e-03
8.009999999999953935e-09,2.039854317991587340e+00,1.010168815212763443e-01,2.503177268795625299e+00,5.103570248926722966e-03
8.011999999999954548e-09,2.040441789616603607e+00,1.010168868357544936e-01,2.503776849816341077e+00,5.103572406883670649e-03
8.013999999999955162e-09,2.041029266867345093e+00,1.010168921467733821e-01,2.504376430842027990e+00,5.103574564831989818e-03
8.015999999999955775e-09,2.041616749739934011e+00,1.010168974543360354e-01,2.504976011872686037e+00,5.103576722912853136e-03
8.017999999999956389e-09,2.042204238230495683e+00,1.010169027584455065e-01,2.505575592908314775e+00,5.103578880984152057e-03
8.019999999999957002e-09,2.042791732335158983e+00,1.010169080591048207e-01,2.506175173948915091e+00,5.103581039240287498e-03
8.021999999999957616e-09,2.043379232050055450e+00,1.010169133563169758e-01,2.506774754994486099e+00,5.103583197582802627e-03
8.023999999999958229e-09,2.043966737371321951e+00,1.010169186500850247e-01,2.507374336045028240e+00,5.103585355953404665e-03
8.025999999999958843e-09,2.044554248295097132e+00,1.010169239404119651e-01,2.507973917100541517e+00,5.103587514464202717e-03
8.027999999999959456e-09,2.045141764817524521e+00,1.010169292273008501e-01,2.508573498161026372e+00,5.103589672963937569e-03
8.029999999999960070e-09,2.045729286934749425e+00,1.010169345107546496e-01,2.509173079226482361e+00,5.103591831631867741e-03
8.031999999999960683e-09,2.046316814642923365e+00,1.010169397907763889e-01,2.509772660296909930e+00,5.103593990339984517e-03
8.033999999999961297e-09,2.046904347938197866e+00,1.010169450673690517e-01,2.510372241372308633e+00,5.103596149144871107e-03
8.035999999999961910e-09,2.047491886816731110e+00,1.010169503405356772e-01,2.510971822452678914e+00,5.103598308085057454e-03
8.037999999999962524e-09,2.048079431274683504e+00,1.010169556102792493e-01,2.511571403538020775e+00,5.103600467014820716e-03
8.039999999999963137e-09,2.048666981308218116e+00,1.010169608766027516e-01,2.512170984628334658e+00,5.103602626095518797e-03
8.041999999999963750e-09,2.049254536913502456e+00,1.010169661395091956e-01,2.512770565723619676e+00,5.103604785179523262e-03
8.043999999999964364e-09,2.049842098086707587e+00,1.010169713990015511e-01,2.513370146823876272e+00,5.103606944424626292e-03
8.045999999999964977e-09,2.050429664824007681e+00,1.010169766550828158e-01,2.513969727929104447e+00,5.103609103794520992e-03
8.047999999999965591e-09,2.051017237121581349e+00,1.010169819077559455e-01,2.514569309039304201e+00,5.103611263159720662e-03
8.049999999999966204e-09,2.051604814975608093e+00,1.010169871570239797e-01,2.515168890154475978e+00,5.103613422653687989e-03
8.051999999999966818e-09,2.052192398382273186e+00,1.010169924028898325e-01,2.515768471274619777e+00,5.103615582136229560e-03
8.053999999999967431e-09,2.052779987337765455e+00,1.010169976453565155e-01,2.516368052399735156e+00,5.103617741806526324e-03
8.055999999999968045e-09,2.053367581838275946e+00,1.010170028844269707e-01,2.516967633529823001e+00,5.103619901553557714e-03
8.057999999999968658e-09,2.053955181879999259e+00,1.010170081201041820e-01,2.517567214664882425e+00,5.103622061339488543e-03
8.059999999999969272e-09,2.054542787459134434e+00,1.010170133523911190e-01,2.518166795804913871e+00,5.103624221265940647e-03
8.061999999999969885e-09,2.055130398571884065e+00,1.010170185812907379e-01,2.518766376949917341e+00,5.103626381179959121e-03
8.063999999999970499e-09,2.055718015214452077e+00,1.010170238068059806e-01,2.519365958099893277e+00,5.103628541258226417e-03
8.065999999999971112e-09,2.056305637383047724e+00,1.010170290289397893e-01,2.519965539254840792e+00,5.103630701369570553e-03
8.067999999999971726e-09,2.056893265073883370e+00,1.010170342476951616e-01,2.520565120414760774e+00,5.103632861590025327e-03
8.069999999999972339e-09,2.057480898283174486e+00,1.010170394630749979e-01,2.521164701579653222e+00,5.103635021944526520e-03
8.071999999999972953e-09,2.058068537007140542e+00,1.010170446750822543e-01,2.521764282749518138e+00,5.103637182289832812e-03
8.073999999999973566e-09,2.058656181242004113e+00,1.010170498837198866e-01,2.522363863924355076e+00,5.103639342783288825e-03
8.075999999999974180e-09,2.059243830983990442e+00,1.010170550889908231e-01,2.522963445104164038e+00,5.103641503276441262e-03
8.077999999999974793e-09,2.059831486229328767e+00,1.010170602908979920e-01,2.523563026288945910e+00,5.103643663936883491e-03
8.079999999999975407e-09,2.060419146974252325e+00,1.010170654894443215e-01,2.524162607478700249e+00,5.103645824714306799e-03
8.081999999999976020e-09,2.061006813214996569e+00,1.010170706846327537e-01,2.524762188673427055e+00,5.103647985491249588e-03
8.083999999999976634e-09,2.061594484947801842e+00,1.010170758764662169e-01,2.525361769873126772e+00,5.103650146399207367e-03
8.085999999999977247e-09,2.062182162168910704e+00,1.010170810649476114e-01,2.525961351077798511e+00,5.103652307295978782e-03
8.087999999999977860e-09,2.062769844874569269e+00,1.010170862500798655e-01,2.526560932287442718e+00,5.103654468378526939e-03
8.089999999999978474e-09,2.063357533061027205e+00,1.010170914318659074e-01,2.527160513502060279e+00,5.103656629528031084e-03
8.091999999999979087e-09,2.063945226724537285e+00,1.010170966103086376e-01,2.527760094721650308e+00,5.103658790726306980e-03
8.093999999999979701e-09,2.064532925861356727e+00,1.010171017854109565e-01,2.528359675946213692e+00,5.103660952065699162e-03
8.095999999999980314e-09,2.065120630467745411e+00,1.010171069571757785e-01,2.528959257175749098e+00,5.103663113392226634e-03
8.097999999999980928e-09,2.065708340539965437e+00,1.010171121256060178e-01,2.529558838410257415e+00,5.103665274877934067e-03
8.099999999999981541e-09,2.066296056074284238e+00,1.010171172907045473e-01,2.530158419649739532e+00,5.103667436390327619e-03
8.101999999999982155e-09,2.066883777066970573e+00,1.010171224524742811e-01,2.530758000894194559e+00,5.103669598024864786e-03
8.103999999999982768e-09,2.067471503514299869e+00,1.010171276109180921e-01,2.531357582143622054e+00,5.103671759791791711e-03
8.105999999999983382e-09,2.068059235412546659e+00,1.010171327660389085e-01,2.531957163398022903e+00,5.103673921548676322e-03
8.107999999999983995e-09,2.068646972757992586e+00,1.010171379178396028e-01,2.532556744657397108e+00,5.103676083452616911e-03
8.109999999999984609e-09,2.069234715546919734e+00,1.010171430663230202e-01,2.533156325921744223e+00,5.103678245353220760e-03
8.111999999999985222e-09,2.069822463775615073e+00,1.010171482114920888e-01,2.533755907191064249e+00,5.103680407425068705e-03
8.113999999999985836e-09,2.070410217440368683e+00,1.010171533533496674e-01,2.534355488465358075e+00,5.103682569606951026e-03
8.115999999999986449e-09,2.070997976537474639e+00,1.010171584918986287e-01,2.534955069744624812e+00,5.103684731792631525e-03
8.117999999999987063e-09,2.071585741063228792e+00,1.010171636271418594e-01,2.535554651028865347e+00,5.103686894113875459e-03
8.119999999999987676e-09,2.072173511013931435e+00,1.010171687590822043e-01,2.536154232318079238e+00,5.103689056424897535e-03
8.121999999999988290e-09,2.072761286385886415e+00,1.010171738877225500e-01,2.536753813612266484e+00,5.103691218917315309e-03
8.123999999999988903e-09,2.073349067175398908e+00,1.010171790130657415e-01,2.537353394911427085e+00,5.103693381468438726e-03
8.125999999999989517e-09,2.073936853378781198e+00,1.010171841351146377e-01,2.537952976215561485e+00,5.103695544077633747e-03
8.127999999999990130e-09,2.074524644992344236e+00,1.010171892538721111e-01,2.538552557524669684e+00,5.103697706828024851e-03
8.129999999999990744e-09,2.075112442012406522e+00,1.010171943693409929e-01,2.539152138838750794e+00,5.103699869565686553e-03
8.131999999999991357e-09,2.075700244435287001e+00,1.010171994815241281e-01,2.539751720157806147e+00,5.103702032458680600e-03
8.133999999999991971e-09,2.076288052257308614e+00,1.010172045904244031e-01,2.540351301481835300e+00,5.103704195371715907e-03
8.135999999999992584e-09,2.076875865474799632e+00,1.010172096960446492e-01,2.540950882810837808e+00,5.103706358417390773e-03
8.137999999999993197e-09,2.077463684084087880e+00,1.010172147983876834e-01,2.541550464144814558e+00,5.103708521594564618e-03
8.139999999999993811e-09,2.078051508081507404e+00,1.010172198974563368e-01,2.542150045483764664e+00,5.103710684760680467e-03
8.141999999999994424e-09,2.078639337463395353e+00,1.010172249932534683e-01,2.542749626827689013e+00,5.103712848072227727e-03
8.143999999999995038e-09,2.079227172226090214e+00,1.010172300857819089e-01,2.543349208176587162e+00,5.103715011378872658e-03
8.145999999999995651e-09,2.079815012365935356e+00,1.010172351750444758e-01,2.543948789530459109e+00,5.103717174860468789e-03
8.147999999999996265e-09,2.080402857879277256e+00,1.010172402610440001e-01,2.544548370889305744e+00,5.103719338446090215e-03
8.149999999999996878e-09,2.080990708762465058e+00,1.010172453437832990e-01,2.545147952253126622e+00,5.103721502039160543e-03
8.151999999999997492e-09,2.081578565011852788e+00,1.010172504232652035e-01,2.545747533621921299e+00,5.103723665769846485e-03
8.153999999999998105e-09,2.082166426623794919e+00,1.010172554994925032e-01,2.546347114995689775e+00,5.103725829491524875e-03
8.155999999999998719e-09,2.082754293594652140e+00,1.010172605724680428e-01,2.546946696374432939e+00,5.103727993392349893e-03
8.157999999999999332e-09,2.083342165920786471e+00,1.010172656421946119e-01,2.547546277758150346e+00,5.103730157345544478e-03
8.159999999999999946e-09,2.083930043598563486e+00,1.010172707086750138e-01,2.548145859146841996e+00,5.103732321363903084e-03
8.162000000000000559e-09,2.084517926624353201e+00,1.010172757719120656e-01,2.548745440540507445e+00,5.103734485522923477e-03
8.164000000000001173e-09,2.085105814994526963e+00,1.010172808319085569e-01,2.549345021939148026e+00,5.103736649669271715e-03
8.166000000000001786e-09,2.085693708705461002e+00,1.010172858886673047e-01,2.549944603342762850e+00,5.103738813968915732e-03
8.168000000000002400e-09,2.086281607753534661e+00,1.010172909421910847e-01,2.550544184751352361e+00,5.103740978284323181e-03
8.170000000000003013e-09,2.086869512135129501e+00,1.010172959924827002e-01,2.551143766164916116e+00,5.103743142739559750e-03
8.172000000000003627e-09,2.087457421846630634e+00,1.010173010395449406e-01,2.551743347583454558e+00,5.103745307325500795e-03
8.174000000000004240e-09,2.088045336884426284e+00,1.010173060833805675e-01,2.552342929006967687e+00,5.103747471899356888e-03
8.176000000000004854e-09,2.088633257244910002e+00,1.010173111239923982e-01,2.552942510435455503e+00,5.103749636615799445e-03
8.178000000000005467e-09,2.089221182924475340e+00,1.010173161613831944e-01,2.553542091868918451e+00,5.103751801327489727e-03
8.180000000000006081e-09,2.089809113919521177e+00,1.010173211955557315e-01,2.554141673307355642e+00,5.103753966217336110e-03
8.182000000000006694e-09,2.090397050226448172e+00,1.010173262265127853e-01,2.554741254750767521e+00,5.103756131205641929e-03
8.184000000000007307e-09,2.090984991841663199e+00,1.010173312542571450e-01,2.555340836199154531e+00,5.103758296204636245e-03
8.186000000000007921e-09,2.091572938761570910e+00,1.010173362787915308e-01,2.555940417652516672e+00,5.103760461342901102e-03
8.188000000000008534e-09,2.092160890982585286e+00,1.010173413001187598e-01,2.556539999110853500e+00,5.103762626472451575e-03
8.190000000000009148e-09,2.092748848501118974e+00,1.010173463182415660e-01,2.557139580574165461e+00,5.103764791778788584e-03
8.192000000000009761e-09,2.093336811313590395e+00,1.010173513331627110e-01,2.557739162042452552e+00,5.103766957133177434e-03
8.194000000000010375e-09,2.093924779416419746e+00,1.010173563448849704e-01,2.558338743515714331e+00,5.103769122558812245e-03
8.196000000000010988e-09,2.094512752806031219e+00,1.010173613534110504e-01,2.558938324993951685e+00,5.103771288124864247e-03
8.198000000000011602e-09,2.095100731478851674e+00,1.010173663587437543e-01,2.559537906477164171e+00,5.103773453677962202e-03
8.200000000000012215e-09,2.095688715431311522e+00,1.010173713608857882e-01,2.560137487965351788e+00,5.103775619383163313e-03
8.202000000000012829e-09,2.096276704659844725e+00,1.010173763598399277e-01,2.560737069458514537e+00,5.103777785100627185e-03
8.204000000000013442e-09,2.096864699160886580e+00,1.010173813556088929e-01,2.561336650956652417e+00,5.103779950962671584e-03
8.206000000000014056e-09,2.097452698930878601e+00,1.010173863481954454e-01,2.561936232459766316e+00,5.103782116955148107e-03
8.208000000000014669e-09,2.098040703966263187e+00,1.010173913376022914e-01,2.562535813967855347e+00,5.103784282934973292e-03
8.210000000000015283e-09,2.098628714263485850e+00,1.010173963238321926e-01,2.563135395480919509e+00,5.103786449054558208e-03
8.212000000000015896e-09,2.099216729818996541e+00,1.010174013068878690e-01,2.563734976998959247e+00,5.103788615169455901e-03
8.214000000000016510e-09,2.099804750629248318e+00,1.010174062867720268e-01,2.564334558521974561e+00,5.103790781464877593e-03
8.216000000000017123e-09,2.100392776690695573e+00,1.010174112634874138e-01,2.564934140049965450e+00,5.103792947854684722e-03
8.218000000000017737e-09,2.100980807999797140e+00,1.010174162370367362e-01,2.565533721582931914e+00,5.103795114258275097e-03
8.220000000000018350e-09,2.101568844553016735e+00,1.010174212074227140e-01,2.566133303120874398e+00,5.103797280802238427e-03
8.222000000000018964e-09,2.102156886346817188e+00,1.010174261746480673e-01,2.566732884663792458e+00,5.103799447337400638e-03
8.224000000000019577e-09,2.102744933377668435e+00,1.010174311387155022e-01,2.567332466211686537e+00,5.103801614047565223e-03
8.226000000000020191e-09,2.103332985642042186e+00,1.010174360996277249e-01,2.567932047764556192e+00,5.103803780802496082e-03
8.228000000000020804e-09,2.103921043136411040e+00,1.010174410573874693e-01,2.568531629322401422e+00,5.103805947633520586e-03
8.230000000000021417e-09,2.104509105857254259e+00,1.010174460119973999e-01,2.569131210885222227e+00,5.103808114605109733e-03
8.232000000000022031e-09,2.105097173801051547e+00,1.010174509634602369e-01,2.569730792453019497e+00,5.103810281562806347e-03
8.234000000000022644e-09,2.105685246964287938e+00,1.010174559117786725e-01,2.570330374025793230e+00,5.103812448672253102e-03
8.236000000000023258e-09,2.106273325343449798e+00,1.010174608569554128e-01,2.570929955603542538e+00,5.103814615791542678e-03
8.238000000000023871e-09,2.106861408935027935e+00,1.010174657989931502e-01,2.571529537186267422e+00,5.103816783057502256e-03
8.240000000000024485e-09,2.107449497735514932e+00,1.010174707378945491e-01,2.572129118773968326e+00,5.103818950453955540e-03
8.242000000000025098e-09,2.108037591741407812e+00,1.010174756736623158e-01,2.572728700366646137e+00,5.103821117837970857e-03
8.244000000000025712e-09,2.108625690949205378e+00,1.010174806062991287e-01,2.573328281964299968e+00,5.103823285359607859e-03
8.246000000000026325e-09,2.109213795355409982e+00,1.010174855358076662e-01,2.573927863566929819e+00,5.103825452876680803e-03
8.248000000000026939e-09,2.109801904956529306e+00,1.010174904621906067e-01,2.574527445174536133e+00,5.103827620575838997e-03
8.250000000000027552e-09,2.110390019749070145e+00,1.010174953854506286e-01,2.575127026787118911e+00,5.103829788366026805e-03
8.252000000000028166e-09,2.110978139729545511e+00,1.010175003055903964e-01,2.575726608404677709e+00,5.103831956172213968e-03
8.254000000000028779e-09,2.111566264894469747e+00,1.010175052226125886e-01,2.576326190027213414e+00,5.103834124119942424e-03
8.256000000000029393e-09,2.112154395240361637e+00,1.010175101365198697e-01,2.576925771654725139e+00,5.103836292058864556e-03
8.258000000000030006e-09,2.112742530763742188e+00,1.010175150473148903e-01,2.577525353287213328e+00,5.103838460171443783e-03
8.260000000000030620e-09,2.113330671461135513e+00,1.010175199550003289e-01,2.578124934924678424e+00,5.103840628326501185e-03
8.262000000000031233e-09,2.113918817329068389e+00,1.010175248595788222e-01,2.578724516567119984e+00,5.103842796560552689e-03
8.264000000000031847e-09,2.114506968364072481e+00,1.010175297610530487e-01,2.579324098214538452e+00,5.103844964934949394e-03
8.266000000000032460e-09,2.115095124562680784e+00,1.010175346594256313e-01,2.579923679866933384e+00,5.103847133294635643e-03
8.268000000000033074e-09,2.115683285921428958e+00,1.010175395546992483e-01,2.580523261524304779e+00,5.103849301806248108e-03
8.270000000000033687e-09,2.116271452436858436e+00,1.010175444468765366e-01,2.581122843186653082e+00,5.103851470326699856e-03
8.272000000000034301e-09,2.116859624105510651e+00,1.010175493359601190e-01,2.581722424853978293e+00,5.103853638994650804e-03
8.274000000000034914e-09,2.117447800923931034e+00,1.010175542219526740e-01,2.582322006526279967e+00,5.103855807792712952e-03
8.276000000000035528e-09,2.118035982888669899e+00,1.010175591048568106e-01,2.582921588203558994e+00,5.103857976578443818e-03
8.278000000000036141e-09,2.118624169996277562e+00,1.010175639846751794e-01,2.583521169885814928e+00,5.103860145500953294e-03
8.280000000000036754e-09,2.119212362243310555e+00,1.010175688614103895e-01,2.584120751573048214e+00,5.103862314419051367e-03
8.282000000000037368e-09,2.119800559626324965e+00,1.010175737350650776e-01,2.584720333265257519e+00,5.103864483520051745e-03
8.284000000000037981e-09,2.120388762141883987e+00,1.010175786056419223e-01,2.585319914962444621e+00,5.103866652710345279e-03
8.286000000000038595e-09,2.120976969786549482e+00,1.010175834731434769e-01,2.585919496664609074e+00,5.103868821917466499e-03
8.288000000000039208e-09,2.121565182556890417e+00,1.010175883375723782e-01,2.586519078371750435e+00,5.103870991266743103e-03
8.290000000000039822e-09,2.122153400449475313e+00,1.010175931989312770e-01,2.587118660083868704e+00,5.103873160607273231e-03
8.292000000000040435e-09,2.122741623460878468e+00,1.010175980572227544e-01,2.587718241800964325e+00,5.103875330120907945e-03
8.294000000000041049e-09,2.123329851587675510e+00,1.010176029124494335e-01,2.588317823523037298e+00,5.103877499675658208e-03
8.296000000000041662e-09,2.123918084826446062e+00,1.010176077646139231e-01,2.588917405250087622e+00,5.103879669310316773e-03
8.298000000000042276e-09,2.124506323173771971e+00,1.010176126137188463e-01,2.589516986982115299e+00,5.103881839085389061e-03
8.300000000000042889e-09,2.125094566626238635e+00,1.010176174597667842e-01,2.590116568719120771e+00,5.103884008845089963e-03
8.302000000000043503e-09,2.125682815180433671e+00,1.010176223027603598e-01,2.590716150461103151e+00,5.103886178756965146e-03
8.304000000000044116e-09,2.126271068832950029e+00,1.010176271427021683e-01,2.591315732208063327e+00,5.103888348677526089e-03
8.306000000000044730e-09,2.126859327580380654e+00,1.010176319795947769e-01,2.591915313960000855e+00,5.103890518745288728e-03
8.308000000000045343e-09,2.127447591419322492e+00,1.010176368134408087e-01,2.592514895716916179e+00,5.103892688942924909e-03
8.310000000000045957e-09,2.128035860346376484e+00,1.010176416442428449e-01,2.593114477478808855e+00,5.103894859128017304e-03
8.312000000000046570e-09,2.128624134358145792e+00,1.010176464720034667e-01,2.593714059245679326e+00,5.103897029450043567e-03
8.314000000000047184e-09,2.129212413451237573e+00,1.010176512967252693e-01,2.594313641017527594e+00,5.103899199768074761e-03
8.316000000000047797e-09,2.129800697622259431e+00,1.010176561184108340e-01,2.594913222794353214e+00,5.103901370268905044e-03
8.318000000000048411e-09,2.130388986867824297e+00,1.010176609370627421e-01,2.595512804576157073e+00,5.103903540858802969e-03
8.320000000000049024e-09,2.130977281184547767e+00,1.010176657526835609e-01,2.596112386362939173e+00,5.103905711465167756e-03
8.322000000000049638e-09,2.131565580569048102e+00,1.010176705652758578e-01,2.596711968154698624e+00,5.103907882213720888e-03
8.324000000000050251e-09,2.132153885017945782e+00,1.010176753748422557e-01,2.597311549951436316e+00,5.103910052953677598e-03
8.326000000000050864e-09,2.132742194527864843e+00,1.010176801813852665e-01,2.597911131753151803e+00,5.103912223867019919e-03
8.328000000000051478e-09,2.133330509095433314e+00,1.010176849849074576e-01,2.598510713559845087e+00,5.103914394821123038e-03
8.330000000000052091e-09,2.133918828717281002e+00,1.010176897854114242e-01,2.599110295371517054e+00,5.103916565854177759e-03
8.332000000000052705e-09,2.134507153390040823e+00,1.010176945828997058e-01,2.599709877188166818e+00,5.103918737027978401e-03
8.334000000000053318e-09,2.135095483110349246e+00,1.010176993773748699e-01,2.600309459009794377e+00,5.103920908185874232e-03
8.336000000000053932e-09,2.135683817874844070e+00,1.010177041688394700e-01,2.600909040836400177e+00,5.103923079496280012e-03
8.338000000000054545e-09,2.136272157680168426e+00,1.010177089572960457e-01,2.601508622667984660e+00,5.103925250815780947e-03
8.340000000000055159e-09,2.136860502522966332e+00,1.010177137427471644e-01,2.602108204504547384e+00,5.103927422281054165e-03
8.342000000000055772e-09,2.137448852399886245e+00,1.010177185251953658e-01,2.602707786346088348e+00,5.103929593876336233e-03
8.344000000000056386e-09,2.138037207307578846e+00,1.010177233046431894e-01,2.603307368192607552e+00,5.103931765458545426e-03
8.346000000000056999e-09,2.138625567242697478e+00,1.010177280810931888e-01,2.603906950044105439e+00,5.103933937178751004e-03
8.348000000000057613e-09,2.139213932201899038e+00,1.010177328545478898e-01,2.604506531900581567e+00,5.103936108895621576e-03
8.350000000000058226e-09,2.139802302181843530e+00,1.010177376250098180e-01,2.605106113762035935e+00,5.103938280794276423e-03
8.352000000000058840e-09,2.140390677179192735e+00,1.010177423924815410e-01,2.605705695628468987e+00,5.103940452783199341e-03
8.354000000000059453e-09,2.140979057190612433e+00,1.010177471569655844e-01,2.606305277499880280e+00,5.103942624787141495e-03
8.356000000000060067e-09,2.141567442212771510e+00,1.010177519184644462e-01,2.606904859376270700e+00,5.103944796932883415e-03
8.358000000000060680e-09,2.142155832242339741e+00,1.010177566769806662e-01,2.607504441257639805e+00,5.103946969070501626e-03
8.360000000000061294e-09,2.142744227275993563e+00,1.010177614325167839e-01,2.608104023143987593e+00,5.103949141382379748e-03
8.362000000000061907e-09,2.143332627310408522e+00,1.010177661850753111e-01,2.608703605035314510e+00,5.103951313735358673e-03
8.364000000000062521e-09,2.143921032342265054e+00,1.010177709346587321e-01,2.609303186931619667e+00,5.103953486164576094e-03
8.366000000000063134e-09,2.144509442368246255e+00,1.010177756812696143e-01,2.609902768832903508e+00,5.103955658735283632e-03
8.368000000000063748e-09,2.145097857385037443e+00,1.010177804249104278e-01,2.610502350739166477e+00,5.103957831289729873e-03
8.370000000000064361e-09,2.145686277389327934e+00,1.010177851655837261e-01,2.611101932650408131e+00,5.103960003996941067e-03
8.372000000000064975e-09,2.146274702377809707e+00,1.010177899032919657e-01,2.611701514566628912e+00,5.103962176714370649e-03
8.374000000000065588e-09,2.146863132347176961e+00,1.010177946380376862e-01,2.612301096487828822e+00,5.103964349574907113e-03
8.376000000000066201e-09,2.147451567294127006e+00,1.010177993698233717e-01,2.612900678414007416e+00,5.103966522566032692e-03
8.378000000000066815e-09,2.148040007215359815e+00,1.010178040986515202e-01,2.613500260345165582e+00,5.103968695543734981e-03
8.380000000000067428e-09,2.148628452107579356e+00,1.010178088245246575e-01,2.614099842281302433e+00,5.103970868661186593e-03
8.382000000000068042e-09,2.149216901967492266e+00,1.010178135474452399e-01,2.614699424222418411e+00,5.103973041775853974e-03
8.384000000000068655e-09,2.149805356791806066e+00,1.010178182674157793e-01,2.615299006168514406e+00,5.103975215070227431e-03
8.386000000000069269e-09,2.150393816577233608e+00,1.010178229844387598e-01,2.615898588119589085e+00,5.103977388457419002e-03
8.388000000000069882e-09,2.150982281320489520e+00,1.010178276985166657e-01,2.616498170075642893e+00,5.103979561857156094e-03
8.390000000000070496e-09,2.151570751018291539e+00,1.010178324096519947e-01,2.617097752036676273e+00,5.103981735397794366e-03
8.392000000000071109e-09,2.152159225667359621e+00,1.010178371178471896e-01,2.617697334002688780e+00,5.103983908930936897e-03
8.394000000000071723e-09,2.152747705264417721e+00,1.010178418231047759e-01,2.618296915973680861e+00,5.103986082639942225e-03
8.396000000000072336e-09,2.153336189806191570e+00,1.010178465254271962e-01,2.618896497949652069e+00,5.103988256391116078e-03
8.398000000000072950e-09,2.153924679289410893e+00,1.010178512248169347e-01,2.619496079930603294e+00,5.103990430214331263e-03
8.400000000000073563e-09,2.154513173710807639e+00,1.010178559212764615e-01,2.620095661916534535e+00,5.103992604180778228e-03
8.402000000000074177e-09,2.155101673067115531e+00,1.010178606148082192e-01,2.620695243907444461e+00,5.103994778130572715e-03
8.404000000000074790e-09,2.155690177355073622e+00,1.010178653054147196e-01,2.621294825903334402e+00,5.103996952232858937e-03
8.406000000000075404e-09,2.156278686571420966e+00,1.010178699930984053e-01,2.621894407904203916e+00,5.103999126347171129e-03
8.408000000000076017e-09,2.156867200712902388e+00,1.010178746778617048e-01,2.622493989910053003e+00,5.104001300600694013e-03
8.410000000000076631e-09,2.157455719776263159e+00,1.010178793597071301e-01,2.623093571920882106e+00,5.104003474986034197e-03
8.412000000000077244e-09,2.158044243758252989e+00,1.010178840386370958e-01,2.623693153936690781e+00,5.104005649358348343e-03
8.414000000000077858e-09,2.158632772655622478e+00,1.010178887146540860e-01,2.624292735957479472e+00,5.104007823872343426e-03
8.416000000000078471e-09,2.159221306465127110e+00,1.010178933877605156e-01,2.624892317983248180e+00,5.104009998383297539e-03
8.418000000000079085e-09,2.159809845183525479e+00,1.010178980579588548e-01,2.625491900013996460e+00,5.104012173070694713e-03
8.420000000000079698e-09,2.160398388807575731e+00,1.010179027252515321e-01,2.626091482049724757e+00,5.104014347855082880e-03
8.422000000000080311e-09,2.160986937334043123e+00,1.010179073896410179e-01,2.626691064090433070e+00,5.104016522649172487e-03
8.424000000000080925e-09,2.161575490759692020e+00,1.010179120511297268e-01,2.627290646136121399e+00,5.104018697582802383e-03
8.426000000000081538e-09,2.162164049081292561e+00,1.010179167097201153e-01,2.627890228186789745e+00,5.104020872508453419e-03
8.428000000000082152e-09,2.162752612295615329e+00,1.010179213654145841e-01,2.628489810242438551e+00,5.104023047612212850e-03
8.430000000000082765e-09,2.163341180399434904e+00,1.010179260182155758e-01,2.629089392303067374e+00,5.104025222761319688e-03
8.432000000000083379e-09,2.163929753389528976e+00,1.010179306681255607e-01,2.629688974368676213e+00,5.104027397976203771e-03
8.434000000000083992e-09,2.164518331262677897e+00,1.010179353151469256e-01,2.630288556439265513e+00,5.104029573336157574e-03
8.436000000000084606e-09,2.165106914015663797e+00,1.010179399592820715e-01,2.630888138514835273e+00,5.104031748679796303e-03
8.438000000000085219e-09,2.165695501645272802e+00,1.010179446005334547e-01,2.631487720595385049e+00,5.104033924176245088e-03
8.440000000000085833e-09,2.166284094148292816e+00,1.010179492389035177e-01,2.632087302680915286e+00,5.104036099687103353e-03
8.442000000000086446e-09,2.166872691521515293e+00,1.010179538743946198e-01,2.632686884771425984e+00,5.104038275332063550e-03
8.444000000000087060e-09,2.167461293761734353e+00,1.010179585070092034e-01,2.633286466866917142e+00,5.104040451110065761e-03
8.446000000000087673e-09,2.168049900865747226e+00,1.010179631367496972e-01,2.633886048967388760e+00,5.104042626874740959e-03
8.448000000000088287e-09,2.168638512830352916e+00,1.010179677636184881e-01,2.634485631072841283e+00,5.104044802783738212e-03
8.450000000000088900e-09,2.169227129652353092e+00,1.010179723876179908e-01,2.635085213183273378e+00,5.104046978689540971e-03
8.452000000000089514e-09,2.169815751328555198e+00,1.010179770087505924e-01,2.635684795298686822e+00,5.104049154767449983e-03
8.454000000000090127e-09,2.170404377855764455e+00,1.010179816270187214e-01,2.636284377419081171e+00,5.104051330947950542e-03
8.456000000000090741e-09,2.170993009230793636e+00,1.010179862424247510e-01,2.636883959544455980e+00,5.104053507134886924e-03
8.458000000000091354e-09,2.171581645450455067e+00,1.010179908549710959e-01,2.637483541674811249e+00,5.104055683459699996e-03
8.460000000000091968e-09,2.172170286511565962e+00,1.010179954646601430e-01,2.638083123810147423e+00,5.104057859775292146e-03
8.462000000000092581e-09,2.172758932410943977e+00,1.010180000714942794e-01,2.638682705950464946e+00,5.104060036271556612e-03
8.464000000000093195e-09,2.173347583145412543e+00,1.010180046754758920e-01,2.639282288095762485e+00,5.104062212818425565e-03
8.466000000000093808e-09,2.173936238711794644e+00,1.010180092766073956e-01,2.639881870246041373e+00,5.104064389423157086e-03
8.468000000000094421e-09,2.174524899106917708e+00,1.010180138748911355e-01,2.640481452401301610e+00,5.104066566174274115e-03
8.470000000000095035e-09,2.175113564327613158e+00,1.010180184703294987e-01,2.641081034561542751e+00,5.104068742910209712e-03
8.472000000000095648e-09,2.175702234370711974e+00,1.010180230629248999e-01,2.641680616726764352e+00,5.104070919802349351e-03
8.474000000000096262e-09,2.176290909233050908e+00,1.010180276526796705e-01,2.642280198896966859e+00,5.104073096711319278e-03
8.476000000000096875e-09,2.176879588911468044e+00,1.010180322395962116e-01,2.642879781072151157e+00,5.104075273745290776e-03
8.478000000000097489e-09,2.177468273402803689e+00,1.010180368236768822e-01,2.643479363252316361e+00,5.104077450914088453e-03
8.480000000000098102e-09,2.178056962703903032e+00,1.010180414049240555e-01,2.644078945437462913e+00,5.104079628069392582e-03
8.482000000000098716e-09,2.178645656811610376e+00,1.010180459833400907e-01,2.644678527627590370e+00,5.104081805371529779e-03
8.484000000000099329e-09,2.179234355722776684e+00,1.010180505589273886e-01,2.645278109822699175e+00,5.104083982670410032e-03
8.486000000000099943e-09,2.179823059434252919e+00,1.010180551316882530e-01,2.645877692022789329e+00,5.104086160135978996e-03
8.488000000000100556e-09,2.180411767942894485e+00,1.010180597016250709e-01,2.646477274227860832e+00,5.104088337710403593e-03
8.490000000000101170e-09,2.181000481245558564e+00,1.010180642687402153e-01,2.647076856437913683e+00,5.104090515287113689e-03
8.492000000000101783e-09,2.181589199339105001e+00,1.010180688330360038e-01,2.647676438652948328e+00,5.104092692999466149e-03
8.494000000000102397e-09,2.182177922220396749e+00,1.010180733945148235e-01,2.648276020872964320e+00,5.104094870702026963e-03
8.496000000000103010e-09,2.182766649886298982e+00,1.010180779531789919e-01,2.648875603097961662e+00,5.104097048588859646e-03
8.498000000000103624e-09,2.183355382333679984e+00,1.010180825090308959e-01,2.649475185327940796e+00,5.104099226533402242e-03
8.500000000000104237e-09,2.183944119559411146e+00,1.010180870620728533e-01,2.650074767562901279e+00,5.104101404526748681e-03
8.502000000000104851e-09,2.184532861560365635e+00,1.010180916123071954e-01,2.650674349802843555e+00,5.104103582667381817e-03
8.504000000000105464e-09,2.185121608333421062e+00,1.010180961597362814e-01,2.651273932047767179e+00,5.104105760793836190e-03
8.506000000000106078e-09,2.185710359875454145e+00,1.010181007043624429e-01,2.651873514297672596e+00,5.104107939081478466e-03
8.508000000000106691e-09,2.186299116183348712e+00,1.010181052461880252e-01,2.652473096552560250e+00,5.104110117388897458e-03
8.510000000000107305e-09,2.186887877253987700e+00,1.010181097852153181e-01,2.653072678812429697e+00,5.104112295810569674e-03
8.512000000000107918e-09,2.187476643084259820e+00,1.010181143214467225e-01,2.653672261077280492e+00,5.104114474367984003e-03
8.514000000000108532e-09,2.188065413671053783e+00,1.010181188548845005e-01,2.654271843347113080e+00,5.104116652910392973e-03
8.516000000000109145e-09,2.188654189011261408e+00,1.010181233855309973e-01,2.654871425621927905e+00,5.104118831603942329e-03
8.518000000000109758e-09,2.189242969101779401e+00,1.010181279133885585e-01,2.655471007901724523e+00,5.104121010294837557e-03
8.520000000000110372e-09,2.189831753939504910e+00,1.010181324384594875e-01,2.656070590186503377e+00,5.104123189145945774e-03
8.522000000000110985e-09,2.190420543521338637e+00,1.010181369607460744e-01,2.656670172476264469e+00,5.104125368113213677e-03
8.524000000000111599e-09,2.191009337844183502e+00,1.010181414802506922e-01,2.657269754771007797e+00,5.104127547077780616e-03
8.526000000000112212e-09,2.191598136904945093e+00,1.010181459969756029e-01,2.657869337070732474e+00,5.104129726175607278e-03
8.528000000000112826e-09,2.192186940700532993e+00,1.010181505109231381e-01,2.658468919375439388e+00,5.104131905265887025e-03
8.530000000000113439e-09,2.192775749227857229e+00,1.010181550220956292e-01,2.659068501685128982e+00,5.104134084543012102e-03
8.532000000000114053e-09,2.193364562483832714e+00,1.010181595304953384e-01,2.659668083999800814e+00,5.104136263884575218e-03
8.534000000000114666e-09,2.193953380465374803e+00,1.010181640361245692e-01,2.660267666319454882e+00,5.104138443265930289e-03
8.536000000000115280e-09,2.194542203169404182e+00,1.010181685389856532e-01,2.660867248644091188e+00,5.104140622794606751e-03
8.538000000000115893e-09,2.195131030592841537e+00,1.010181730390808802e-01,2.661466830973709730e+00,5.104142802309992628e-03
8.540000000000116507e-09,2.195719862732611549e+00,1.010181775364125401e-01,2.662066413308310509e+00,5.104144981991731549e-03
8.542000000000117120e-09,2.196308699585641122e+00,1.010181820309829365e-01,2.662665995647893968e+00,5.104147161697681137e-03
8.544000000000117734e-09,2.196897541148860711e+00,1.010181865227943454e-01,2.663265577992460109e+00,5.104149341505504096e-03
8.546000000000118347e-09,2.197486387419202547e+00,1.010181910118490567e-01,2.663865160342008487e+00,5.104151521449805558e-03
8.548000000000118961e-09,2.198075238393601527e+00,1.010181954981493740e-01,2.664464742696539545e+00,5.104153701377499644e-03
8.550000000000119574e-09,2.198664094068994324e+00,1.010181999816975595e-01,2.665064325056053285e+00,5.104155881459329115e-03
8.552000000000120188e-09,2.199252954442323826e+00,1.010182044624959169e-01,2.665663907420549705e+00,5.104158061542273146e-03
8.554000000000120801e-09,2.199841819510530261e+00,1.010182089405467221e-01,2.666263489790028807e+00,5.104160241779717722e-03
8.556000000000121415e-09,2.200430689270560514e+00,1.010182134158522371e-01,2.666863072164490145e+00,5.104162422138860088e-03
8.558000000000122028e-09,2.201019563719362360e+00,1.010182178884147519e-01,2.667462654543934608e+00,5.104164602489485829e-03
8.560000000000122642e-09,2.201608442853887126e+00,1.010182223582365285e-01,2.668062236928361752e+00,5.104166782972528217e-03
8.562000000000123255e-09,2.202197326671087918e+00,1.010182268253198429e-01,2.668661819317772022e+00,5.104168963450307454e-03
8.564000000000123868e-09,2.202786215167920947e+00,1.010182312896669571e-01,2.669261401712164972e+00,5.104171144115500144e-03
8.566000000000124482e-09,2.203375108341345090e+00,1.010182357512801471e-01,2.669860984111541047e+00,5.104173324853852195e-03
8.568000000000125095e-09,2.203964006188321001e+00,1.010182402101616750e-01,2.670460566515899803e+00,5.104175505621304232e-03
8.570000000000125709e-09,2.204552908705812442e+00,1.010182446663137890e-01,2.671060148925241684e+00,5.104177686535900718e-03
8.572000000000126322e-09,2.205141815890787171e+00,1.010182491197387511e-01,2.671659731339566690e+00,5.104179867439393239e-03
8.574000000000126936e-09,2.205730727740213393e+00,1.010182535704388235e-01,2.672259313758874821e+00,5.104182048513491478e-03
8.576000000000127549e-09,2.206319644251062417e+00,1.010182580184162543e-01,2.672858896183165633e+00,5.104184229616596027e-03
8.578000000000128163e-09,2.206908565420309554e+00,1.010182624636733056e-01,2.673458478612439571e+00,5.104186410808146321e-03
8.580000000000128776e-09,2.207497491244930554e+00,1.010182669062121980e-01,2.674058061046697521e+00,5.104188592139262924e-03
8.582000000000129390e-09,2.208086421721906056e+00,1.010182713460352211e-01,2.674657643485938152e+00,5.104190773451684413e-03
8.584000000000130003e-09,2.208675356848217586e+00,1.010182757831445954e-01,2.675257225930161908e+00,5.104192954918215265e-03
8.586000000000130617e-09,2.209264296620849777e+00,1.010182802175425831e-01,2.675856808379369234e+00,5.104195136390365754e-03
8.588000000000131230e-09,2.209853241036789928e+00,1.010182846492313768e-01,2.676456390833559684e+00,5.104197318010200192e-03
8.590000000000131844e-09,2.210442190093027559e+00,1.010182890782132525e-01,2.677055973292733704e+00,5.104199499756731893e-03
8.592000000000132457e-09,2.211031143786555297e+00,1.010182935044904307e-01,2.677655555756891292e+00,5.104201681489916632e-03
8.594000000000133071e-09,2.211620102114367992e+00,1.010182979280651594e-01,2.678255138226032006e+00,5.104203863359249409e-03
8.596000000000133684e-09,2.212209065073463599e+00,1.010183023489396592e-01,2.678854720700156733e+00,5.104206045227009658e-03
8.598000000000134298e-09,2.212798032660841852e+00,1.010183067671161644e-01,2.679454303179264585e+00,5.104208227278228191e-03
8.600000000000134911e-09,2.213387004873505592e+00,1.010183111825968816e-01,2.680053885663356450e+00,5.104210409412896464e-03
8.602000000000135525e-09,2.213975981708460328e+00,1.010183155953840450e-01,2.680653468152431884e+00,5.104212591564744571e-03
8.604000000000136138e-09,2.214564963162713340e+00,1.010183200054798891e-01,2.681253050646490443e+00,5.104214773860546971e-03
8.606000000000136752e-09,2.215153949233275021e+00,1.010183244128866203e-01,2.681852633145533016e+00,5.104216956148341887e-03
8.608000000000137365e-09,2.215742939917158871e+00,1.010183288176064592e-01,2.682452215649559157e+00,5.104219138610832998e-03
8.610000000000137979e-09,2.216331935211379278e+00,1.010183332196416123e-01,2.683051798158569312e+00,5.104221321108524251e-03
8.612000000000138592e-09,2.216920935112955515e+00,1.010183376189943139e-01,2.683651380672563036e+00,5.104223503681570157e-03
8.614000000000139205e-09,2.217509939618908188e+00,1.010183420156667566e-01,2.684250963191540773e+00,5.104225686398551273e-03
8.616000000000139819e-09,2.218098948726258790e+00,1.010183464096611472e-01,2.684850545715502523e+00,5.104227869095769553e-03
8.618000000000140432e-09,2.218687962432033700e+00,1.010183508009796921e-01,2.685450128244448287e+00,5.104230051947111074e-03
8.620000000000141046e-09,2.219276980733262405e+00,1.010183551896245979e-01,2.686049710778378063e+00,5.104232234808579911e-03
8.622000000000141659e-09,2.219866003626973949e+00,1.010183595755980712e-01,2.686649293317291409e+00,5.104234417807208997e-03
8.624000000000142273e-09,2.220455031110203148e+00,1.010183639589022908e-01,2.687248875861189212e+00,5.104236600937428134e-03
8.626000000000142886e-09,2.221044063179983930e+00,1.010183683395394633e-01,2.687848458410071029e+00,5.104238784054232654e-03
8.628000000000143500e-09,2.221633099833356439e+00,1.010183727175117951e-01,2.688448040963937302e+00,5.104240967312645254e-03
8.630000000000144113e-09,2.222222141067359935e+00,1.010183770928214653e-01,2.689047623522787145e+00,5.104243150568758478e-03
8.632000000000144727e-09,2.222811186879039447e+00,1.010183814654706663e-01,2.689647206086621445e+00,5.104245333999881014e-03
8.634000000000145340e-09,2.223400237265440005e+00,1.010183858354615771e-01,2.690246788655440202e+00,5.104247517527295448e-03
8.636000000000145954e-09,2.223989292223609748e+00,1.010183902027964181e-01,2.690846371229242973e+00,5.104249701063465032e-03
8.638000000000146567e-09,2.224578351750599925e+00,1.010183945674773404e-01,2.691445953808029756e+00,5.104251884739194854e-03
8.640000000000147181e-09,2.225167415843464447e+00,1.010183989295065365e-01,2.692045536391801441e+00,5.104254068406036821e-03
8.642000000000147794e-09,2.225756484499258558e+00,1.010184032888861716e-01,2.692645118980557584e+00,5.104256252252592670e-03
8.644000000000148408e-09,2.226345557715040613e+00,1.010184076456184243e-01,2.693244701574297739e+00,5.104258436144474241e-03
8.646000000000149021e-09,2.226934635487872072e+00,1.010184119997054736e-01,2.693844284173022796e+00,5.104260620096476991e-03
8.648000000000149635e-09,2.227523717814816173e+00,1.010184163511494981e-01,2.694443866776732310e+00,5.104262804197219269e-03
8.650000000000150248e-09,2.228112804692939708e+00,1.010184206999526629e-01,2.695043449385426282e+00,5.104264988280966461e-03
8.652000000000150862e-09,2.228701896119310355e+00,1.010184250461171190e-01,2.695643031999104711e+00,5.104267172522098175e-03
8.654000000000151475e-09,2.229290992090998902e+00,1.010184293896450591e-01,2.696242614617768041e+00,5.104269356777393907e-03
8.656000000000152089e-09,2.229880092605078801e+00,1.010184337305386343e-01,2.696842197241415828e+00,5.104271541155437804e-03
8.658000000000152702e-09,2.230469197658626612e+00,1.010184380687999955e-01,2.697441779870048517e+00,5.104273725669248966e-03
8.660000000000153315e-09,2.231058307248720673e+00,1.010184424044312940e-01,2.698041362503666107e+00,5.104275910167247257e-03
8.662000000000153929e-09,2.231647421372441542e+00,1.010184467374347222e-01,2.698640945142268155e+00,5.104278094813032712e-03
8.664000000000154542e-09,2.232236540026871996e+00,1.010184510678124037e-01,2.699240527785854660e+00,5.104280279456009650e-03
8.666000000000155156e-09,2.232825663209098810e+00,1.010184553955665032e-01,2.699840110434426510e+00,5.104282464261962124e-03
8.668000000000155769e-09,2.233414790916210979e+00,1.010184597206991441e-01,2.700439693087983262e+00,5.104284649178275103e-03
8.670000000000156383e-09,2.234003923145298387e+00,1.010184640432125330e-01,2.701039275746524915e+00,5.104286834094945435e-03
8.672000000000156996e-09,2.234593059893453582e+00,1.010184683631087654e-01,2.701638858410051469e+00,5.104289019147010935e-03
8.674000000000157610e-09,2.235182201157773996e+00,1.010184726803899924e-01,2.702238441078562925e+00,5.104291204191726411e-03
8.676000000000158223e-09,2.235771346935357506e+00,1.010184769950583650e-01,2.702838023752060170e+00,5.104293389421920256e-03
8.678000000000158837e-09,2.236360497223303323e+00,1.010184813071160065e-01,2.703437606430541873e+00,5.104295574710137999e-03
8.680000000000159450e-09,2.236949652018716872e+00,1.010184856165650680e-01,2.704037189114008921e+00,5.104297760041264127e-03
8.682000000000160064e-09,2.237538811318701804e+00,1.010184899234076866e-01,2.704636771802461315e+00,5.104299945522266027e-03
8.684000000000160677e-09,2.238127975120366653e+00,1.010184942276459719e-01,2.705236354495898610e+00,5.104302130989201922e-03
8.686000000000161291e-09,2.238717143420823064e+00,1.010184985292820886e-01,2.705835937194320806e+00,5.104304316620937414e-03
8.688000000000161904e-09,2.239306316217183124e+00,1.010185028283181324e-01,2.706435519897729236e+00,5.104306502272751463e-03
8.690000000000162518e-09,2.239895493506561586e+00,1.010185071247562405e-01,2.707035102606122123e+00,5.104308688028766014e-03
8.692000000000163131e-09,2.240484675286078087e+00,1.010185114185985361e-01,2.707634685319500800e+00,5.104310873921829791e-03
8.694000000000163745e-09,2.241073861552850932e+00,1.010185157098471564e-01,2.708234268037864378e+00,5.104313059796691115e-03
8.696000000000164358e-09,2.241663052304004644e+00,1.010185199985041832e-01,2.708833850761213746e+00,5.104315245826305386e-03
8.698000000000164972e-09,2.242252247536663301e+00,1.010185242845717535e-01,2.709433433489548904e+00,5.104317431856154712e-03
8.700000000000165585e-09,2.242841447247954534e+00,1.010185285680520045e-01,2.710033016222869406e+00,5.104319618038994505e-03
8.702000000000166199e-09,2.243430651435009082e+00,1.010185328489470180e-01,2.710632598961175699e+00,5.104321804342343803e-03
8.704000000000166812e-09,2.244019860094959018e+00,1.010185371272589172e-01,2.711232181704466893e+00,5.104323990636372432e-03
8.706000000000167425e-09,2.244609073224939078e+00,1.010185414029897977e-01,2.711831764452743876e+00,5.104326177064102271e-03
8.708000000000168039e-09,2.245198290822087106e+00,1.010185456761417827e-01,2.712431347206006649e+00,5.104328363488373071e-03
8.710000000000168652e-09,2.245787512883542281e+00,1.010185499467169540e-01,2.713030929964255211e+00,5.104330550099596756e-03
8.712000000000169266e-09,2.246376739406446887e+00,1.010185542147174487e-01,2.713630512727489563e+00,5.104332736783218256e-03
8.714000000000169879e-09,2.246965970387945877e+00,1.010185584801453484e-01,2.714230095495709705e+00,5.104334923493927464e-03
8.716000000000170493e-09,2.247555205825186420e+00,1.010185627430027488e-01,2.714829678268915636e+00,5.104337110352028320e-03
8.718000000000171106e-09,2.248144445715317463e+00,1.010185670032917177e-01,2.715429261047107357e+00,5.104339297199265470e-03
8.720000000000171720e-09,2.248733690055491063e+00,1.010185712610143921e-01,2.716028843830285311e+00,5.104341484219006991e-03
8.722000000000172333e-09,2.249322938842860609e+00,1.010185755161728538e-01,2.716628426618448611e+00,5.104343671266835421e-03
8.724000000000172947e-09,2.249912192074584372e+00,1.010185797687691706e-01,2.717228009411598144e+00,5.104345858398337370e-03
8.726000000000173560e-09,2.250501449747820182e+00,1.010185840188054657e-01,2.717827592209733467e+00,5.104348045671751842e-03
8.728000000000174174e-09,2.251090711859729865e+00,1.010185882662837653e-01,2.718427175012855024e+00,5.104350232924395603e-03
8.730000000000174787e-09,2.251679978407476579e+00,1.010185925112062205e-01,2.719026757820962814e+00,5.104352420331748075e-03
8.732000000000175401e-09,2.252269249388227923e+00,1.010185967535748713e-01,2.719626340634056838e+00,5.104354607746009083e-03
8.734000000000176014e-09,2.252858524799151940e+00,1.010186009933918133e-01,2.720225923452136652e+00,5.104356795302106287e-03
8.736000000000176628e-09,2.253447804637419338e+00,1.010186052306590865e-01,2.720825506275203143e+00,5.104358982987123802e-03
8.738000000000177241e-09,2.254037088900203489e+00,1.010186094653788141e-01,2.721425089103255424e+00,5.104361170658587056e-03
8.740000000000177855e-09,2.254626377584679986e+00,1.010186136975530502e-01,2.722024671936293938e+00,5.104363358468729309e-03
8.742000000000178468e-09,2.255215670688028418e+00,1.010186179271838486e-01,2.722624254774318686e+00,5.104365546277755267e-03
8.744000000000179082e-09,2.255804968207427486e+00,1.010186221542732909e-01,2.723223837617330112e+00,5.104367734265793412e-03
8.746000000000179695e-09,2.256394270140061220e+00,1.010186263788234451e-01,2.723823420465327771e+00,5.104369922342432558e-03
8.748000000000180309e-09,2.256983576483114540e+00,1.010186306008363649e-01,2.724423003318311665e+00,5.104372110431436814e-03
8.750000000000180922e-09,2.257572887233775472e+00,1.010186348203141182e-01,2.725022586176282235e+00,5.104374298662186192e-03
8.752000000000181536e-09,2.258162202389233819e+00,1.010186390372587728e-01,2.725622169039239040e+00,5.104376486884173482e-03
8.754000000000182149e-09,2.258751521946681162e+00,1.010186432516723548e-01,2.726221751907182966e+00,5.104378675284509427e-03
8.756000000000182762e-09,2.259340845903313522e+00,1.010186474635569598e-01,2.726821334780113126e+00,5.104380863724321607e-03
8.758000000000183376e-09,2.259930174256328250e+00,1.010186516729146416e-01,2.727420917658029520e+00,5.104383052229439187e-03
8.760000000000183989e-09,2.260519507002923145e+00,1.010186558797474127e-01,2.728020500540932591e+00,5.104385240883071648e-03
8.762000000000184603e-09,2.261108844140302665e+00,1.010186600840573407e-01,2.728620083428822785e+00,5.104387429517883226e-03
8.764000000000185216e-09,2.261698185665668603e+00,1.010186642858464934e-01,2.729219666321700100e+00,5.104389618310651786e-03
8.766000000000185830e-09,2.262287531576228083e+00,1.010186684851168970e-01,2.729819249219563648e+00,5.104391807114760232e-03
8.768000000000186443e-09,2.262876881869190004e+00,1.010186726818705638e-01,2.730418832122413431e+00,5.104393996043177228e-03
8.770000000000187057e-09,2.263466236541766818e+00,1.010186768761095893e-01,2.731018415030250779e+00,5.104396185106927809e-03
8.772000000000187670e-09,2.264055595591170533e+00,1.010186810678359859e-01,2.731617997943074361e+00,5.104398374154300866e-03
8.774000000000188284e-09,2.264644959014618486e+00,1.010186852570517796e-01,2.732217580860885509e+00,5.104400563348668318e-03
8.776000000000188897e-09,2.265234326809327126e+00,1.010186894437590382e-01,2.732817163783683778e+00,5.104402752540636648e-03
8.778000000000189511e-09,2.265823698972519118e+00,1.010186936279597603e-01,2.733416746711468281e+00,5.104404941896257923e-03
8.780000000000190124e-09,2.266413075501416685e+00,1.010186978096559995e-01,2.734016329644239907e+00,5.104407131359713079e-03
8.782000000000190738e-09,2.267002456393244714e+00,1.010187019888497684e-01,2.734615912581999098e+00,5.104409320824520452e-03
8.784000000000191351e-09,2.267591841645230755e+00,1.010187061655430929e-01,2.735215495524745410e+00,5.104411510425837552e-03
8.786000000000191965e-09,2.268181231254605468e+00,1.010187103397380132e-01,2.735815078472477957e+00,5.104413700020361475e-03
8.788000000000192578e-09,2.268770625218600845e+00,1.010187145114365415e-01,2.736414661425198069e+00,5.104415889799567528e-03
8.790000000000193192e-09,2.269360023534451098e+00,1.010187186806406900e-01,2.737014244382905748e+00,5.104418079633980289e-03
8.792000000000193805e-09,2.269949426199393105e+00,1.010187228473524990e-01,2.737613827345600104e+00,5.104420269511502663e-03
8.794000000000194419e-09,2.270538833210666851e+00,1.010187270115739527e-01,2.738213410313282470e+00,5.104422459540559204e-03
8.796000000000195032e-09,2.271128244565513210e+00,1.010187311733071192e-01,2.738812993285951514e+00,5.104424649555040598e-03
8.798000000000195646e-09,2.271717660261177052e+00,1.010187353325539550e-01,2.739412576263608123e+00,5.104426839734489858e-03
8.800000000000196259e-09,2.272307080294903248e+00,1.010187394893164864e-01,2.740012159246251855e+00,5.104429029932565712e-03
8.802000000000196872e-09,2.272896504663940664e+00,1.010187436435967118e-01,2.740611742233883152e+00,5.104431220233404849e-03
8.804000000000197486e-09,2.273485933365540390e+00,1.010187477953966434e-01,2.741211325226502016e+00,5.104433410672315832e-03
8.806000000000198099e-09,2.274075366396955289e+00,1.010187519447183213e-01,2.741810908224108445e+00,5.104435601091609695e-03
8.808000000000198713e-09,2.274664803755440889e+00,1.010187560915637023e-01,2.742410491226701996e+00,5.104437791666012122e-03
8.810000000000199326e-09,2.275254245438254941e+00,1.010187602359348125e-01,2.743010074234284001e+00,5.104439982240958386e-03
8.812000000000199940e-09,2.275843691442657413e+00,1.010187643778336364e-01,2.743609657246852684e+00,5.104442172966384104e-03
8.814000000000200553e-09,2.276433141765910495e+00,1.010187685172621724e-01,2.744209240264409377e+00,5.104444363812726988e-03
8.816000000000201167e-09,2.277022596405278598e+00,1.010187726542224051e-01,2.744808823286953636e+00,5.104446554648178411e-03
8.818000000000201780e-09,2.277612055358028798e+00,1.010187767887163607e-01,2.745408406314485461e+00,5.104448745619044082e-03
8.820000000000202394e-09,2.278201518621430388e+00,1.010187809207459819e-01,2.746007989347005296e+00,5.104450936588017171e-03
8.822000000000203007e-09,2.278790986192754442e+00,1.010187850503132811e-01,2.746607572384513141e+00,5.104453127742666387e-03
8.824000000000203621e-09,2.279380458069276028e+00,1.010187891774202568e-01,2.747207155427008107e+00,5.104455318972313770e-03
8.826000000000204234e-09,2.279969934248268437e+00,1.010187933020688655e-01,2.747806738474491084e+00,5.104457510225146599e-03
8.828000000000204848e-09,2.280559414727012069e+00,1.010187974242611059e-01,2.748406321526962515e+00,5.104459701624429989e-03
8.830000000000205461e-09,2.281148899502787764e+00,1.010188015439989345e-01,2.749005904584421511e+00,5.104461893013283354e-03
8.832000000000206075e-09,2.281738388572876808e+00,1.010188056612843638e-01,2.749605487646868518e+00,5.104464084576736636e-03
8.834000000000206688e-09,2.282327881934564484e+00,1.010188097761193504e-01,2.750205070714303979e+00,5.104466276169577869e-03
8.836000000000207302e-09,2.282917379585139184e+00,1.010188138885058651e-01,2.750804653786727005e+00,5.104468467840194562e-03
8.838000000000207915e-09,2.283506881521890186e+00,1.010188179984459061e-01,2.751404236864137598e+00,5.104470659655173208e-03
8.840000000000208529e-09,2.284096387742109435e+00,1.010188221059414165e-01,2.752003819946536645e+00,5.104472851448367196e-03
8.842000000000209142e-09,2.284685898243090652e+00,1.010188262109943669e-01,2.752603403033924589e+00,5.104475043397753951e-03
8.844000000000209756e-09,2.285275413022131108e+00,1.010188303136067278e-01,2.753202986126300100e+00,5.104477235355339010e-03
8.846000000000210369e-09,2.285864932076528078e+00,1.010188344137804700e-01,2.753802569223663621e+00,5.104479427448242908e-03
8.848000000000210983e-09,2.286454455403583719e+00,1.010188385115175363e-01,2.754402152326015596e+00,5.104481619672147051e-03
8.850000000000211596e-09,2.287043983000600633e+00,1.010188426068198975e-01,2.755001735433356025e+00,5.104483811881393648e-03
8.852000000000212209e-09,2.287633514864884088e+00,1.010188466996895240e-01,2.755601318545684908e+00,5.104486004232328122e-03
8.854000000000212823e-09,2.288223050993742902e+00,1.010188507901283450e-01,2.756200901663001801e+00,5.104488196581766397e-03
8.856000000000213436e-09,2.288812591384485007e+00,1.010188548781383311e-01,2.756800484785307148e+00,5.104490389104338749e-03
8.858000000000214050e-09,2.289402136034424995e+00,1.010188589637214390e-01,2.757400067912600949e+00,5.104492581722666969e-03
8.860000000000214663e-09,2.289991684940875682e+00,1.010188630468796117e-01,2.757999651044883205e+00,5.104494774348970580e-03
8.862000000000215277e-09,2.290581238101153883e+00,1.010188671276148059e-01,2.758599234182153914e+00,5.104496967114809276e-03
8.864000000000215890e-09,2.291170795512578628e+00,1.010188712059289506e-01,2.759198817324413522e+00,5.104499159871967416e-03
8.866000000000216504e-09,2.291760357172470730e+00,1.010188752818240027e-01,2.759798400471661584e+00,5.104501352810614928e-03
8.868000000000217117e-09,2.292349923078154550e+00,1.010188793553019049e-01,2.760397983623898099e+00,5.104503545793941978e-03
8.870000000000217731e-09,2.292939493226954450e+00,1.010188834263645863e-01,2.760997566781123513e+00,5.104505738831991747e-03
8.872000000000218344e-09,2.293529067616198347e+00,1.010188874950139898e-01,2.761597149943337381e+00,5.104507932022472536e-03
8.874000000000218958e-09,2.294118646243217263e+00,1.010188915612520721e-01,2.762196733110539704e+00,5.104510125194997201e-03
8.876000000000219571e-09,2.294708229105343111e+00,1.010188956250807485e-01,2.762796316282730924e+00,5.104512318528775690e-03
8.878000000000220185e-09,2.295297816199909580e+00,1.010188996865019340e-01,2.763395899459911043e+00,5.104514511876404211e-03
8.880000000000220798e-09,2.295887407524253909e+00,1.010189037455175992e-01,2.763995482642080059e+00,5.104516705336828788e-03
8.882000000000221412e-09,2.296477003075714673e+00,1.010189078021296594e-01,2.764595065829237974e+00,5.104518898934635660e-03
8.884000000000222025e-09,2.297066602851633998e+00,1.010189118563400296e-01,2.765194649021384787e+00,5.104521092513110772e-03
8.886000000000222639e-09,2.297656206849353566e+00,1.010189159081506388e-01,2.765794232218520055e+00,5.104523286243767104e-03
8.888000000000223252e-09,2.298245815066219944e+00,1.010189199575634023e-01,2.766393815420645108e+00,5.104525479972901215e-03
8.890000000000223866e-09,2.298835427499581030e+00,1.010189240045802628e-01,2.766993398627759060e+00,5.104527673857104861e-03
8.892000000000224479e-09,2.299425044146786057e+00,1.010189280492031216e-01,2.767592981839861910e+00,5.104529867857466457e-03
8.894000000000225093e-09,2.300014665005188252e+00,1.010189320914339078e-01,2.768192565056953214e+00,5.104532061850398234e-03
8.896000000000225706e-09,2.300604290072140401e+00,1.010189361312745088e-01,2.768792148279033860e+00,5.104534255978493591e-03
8.898000000000226319e-09,2.301193919345000172e+00,1.010189401687268951e-01,2.769391731506104293e+00,5.104536450104472586e-03
8.900000000000226933e-09,2.301783552821126122e+00,1.010189442037928986e-01,2.769991314738163624e+00,5.104538644416413071e-03
8.902000000000227546e-09,2.302373190497879474e+00,1.010189482364745039e-01,2.770590897975211853e+00,5.104540838794508102e-03
8.904000000000228160e-09,2.302962832372621893e+00,1.010189522667735845e-01,2.771190481217249868e+00,5.104543033202366652e-03
8.906000000000228773e-09,2.303552478442720819e+00,1.010189562946920416e-01,2.771790064464276782e+00,5.104545227759349837e-03
8.908000000000229387e-09,2.304142128705541914e+00,1.010189603202317904e-01,2.772389647716293037e+00,5.104547422304659202e-03
8.910000000000230000e-09,2.304731783158455727e+00,1.010189643433947182e-01,2.772989230973298636e+00,5.104549617022411355e-03
8.912000000000230614e-09,2.305321441798833693e+00,1.010189683641827402e-01,2.773588814235294020e+00,5.104551811764377646e-03
8.914000000000231227e-09,2.305911104624049912e+00,1.010189723825977437e-01,2.774188397502278747e+00,5.104554006590874410e-03
8.916000000000231841e-09,2.306500771631481150e+00,1.010189763986416439e-01,2.774787980774252816e+00,5.104556201560692293e-03
8.918000000000232454e-09,2.307090442818505505e+00,1.010189804123163143e-01,2.775387564051216227e+00,5.104558396508020353e-03
8.920000000000233068e-09,2.307680118182503737e+00,1.010189844236236423e-01,2.775987147333169425e+00,5.104560591611168215e-03
8.922000000000233681e-09,2.308269797720857053e+00,1.010189884325655568e-01,2.776586730620111965e+00,5.104562786720194187e-03
8.924000000000234295e-09,2.308859481430952876e+00,1.010189924391439037e-01,2.777186313912044291e+00,5.104564981968242633e-03
8.926000000000234908e-09,2.309449169310175520e+00,1.010189964433605841e-01,2.777785897208965959e+00,5.104567177345495019e-03
8.928000000000235522e-09,2.310038861355917295e+00,1.010190004452174994e-01,2.778385480510877414e+00,5.104569372708571244e-03
8.930000000000236135e-09,2.310628557565566510e+00,1.010190044447164953e-01,2.778985063817779100e+00,5.104571568211519091e-03
8.932000000000236749e-09,2.311218257936518583e+00,1.010190084418595008e-01,2.779584647129670127e+00,5.104573763713393143e-03
8.934000000000237362e-09,2.311807962466168487e+00,1.010190124366483477e-01,2.780184230446550497e+00,5.104575959391175095e-03
8.936000000000237976e-09,2.312397671151914302e+00,1.010190164290849513e-01,2.780783813768421098e+00,5.104578155159258945e-03
8.938000000000238589e-09,2.312987383991155887e+00,1.010190204191711710e-01,2.781383397095281929e+00,5.104580350937921139e-03
8.940000000000239203e-09,2.313577100981296208e+00,1.010190244069088805e-01,2.781982980427132102e+00,5.104582546857674465e-03
8.942000000000239816e-09,2.314166822119738232e+00,1.010190283922999532e-01,2.782582563763972505e+00,5.104584742768225082e-03
8.944000000000240429e-09,2.314756547403889364e+00,1.010190323753462488e-01,2.783182147105802695e+00,5.104586938859550366e-03
8.946000000000241043e-09,2.315346276831157457e+00,1.010190363560496546e-01,2.783781730452623115e+00,5.104589134991469046e-03
8.948000000000241656e-09,2.315936010398953915e+00,1.010190403344120302e-01,2.784381313804433766e+00,5.104591331181941583e-03
8.950000000000242270e-09,2.316525748104691473e+00,1.010190443104352354e-01,2.784980897161234203e+00,5.104593527524820852e-03
8.952000000000242883e-09,2.317115489945785090e+00,1.010190482841211296e-01,2.785580480523024871e+00,5.104595723848445558e-03
8.954000000000243497e-09,2.317705235919651496e+00,1.010190522554715725e-01,2.786180063889805325e+00,5.104597920333756034e-03
8.956000000000244110e-09,2.318294986023710536e+00,1.010190562244884516e-01,2.786779647261576009e+00,5.104600116830721249e-03
8.958000000000244724e-09,2.318884740255382937e+00,1.010190601911735847e-01,2.787379230638336924e+00,5.104602313442075864e-03
8.960000000000245337e-09,2.319474498612092983e+00,1.010190641555288177e-01,2.787978814020088514e+00,5.104604510190839661e-03
8.962000000000245951e-09,2.320064261091265401e+00,1.010190681175560518e-01,2.788578397406829890e+00,5.104606706919744344e-03
8.964000000000246564e-09,2.320654027690329801e+00,1.010190720772571188e-01,2.789177980798561496e+00,5.104608903799556958e-03
8.966000000000247178e-09,2.321243798406713577e+00,1.010190760346338645e-01,2.789777564195284221e+00,5.104611100677912405e-03
8.968000000000247791e-09,2.321833573237850779e+00,1.010190799896881070e-01,2.790377147596996732e+00,5.104613297712301892e-03
8.970000000000248405e-09,2.322423352181174572e+00,1.010190839424217474e-01,2.790976731003699918e+00,5.104615494861049554e-03
8.972000000000249018e-09,2.323013135234121229e+00,1.010190878928365898e-01,2.791576314415393334e+00,5.104617692003158430e-03
8.974000000000249632e-09,2.323602922394129688e+00,1.010190918409345079e-01,2.792175897832076981e+00,5.104619889280891457e-03
8.976000000000250245e-09,2.324192713658640219e+00,1.010190957867173195e-01,2.792775481253751302e+00,5.104622086556700675e-03
8.978000000000250859e-09,2.324782509025094868e+00,1.010190997301868704e-01,2.793375064680416298e+00,5.104624284018204235e-03
8.980000000000251472e-09,2.325372308490938789e+00,1.010191036713449647e-01,2.793974648112071968e+00,5.104626481544157976e-03
8.982000000000252086e-09,2.325962112053618025e+00,1.010191076101935037e-01,2.794574231548718313e+00,5.104628679100145852e-03
8.984000000000252699e-09,2.326551919710583061e+00,1.010191115467342637e-01,2.795173814990355332e+00,5.104630876805823884e-03
8.986000000000253313e-09,2.327141731459283491e+00,1.010191154809691044e-01,2.795773398436983026e+00,5.104633074499593907e-03
8.988000000000253926e-09,2.327731547297173353e+00,1.010191194128998438e-01,2.796372981888601394e+00,5.104635272365832740e-03
8.990000000000254540e-09,2.328321367221706684e+00,1.010191233425283136e-01,2.796972565345210437e+00,5.104637470255259622e-03
8.992000000000255153e-09,2.328911191230341515e+00,1.010191272698563320e-01,2.797572148806810155e+00,5.104639668229027025e-03
8.994000000000255766e-09,2.329501019320537658e+00,1.010191311948857307e-01,2.798171732273400547e+00,5.104641866346759996e-03
8.996000000000256380e-09,2.330090851489755366e+00,1.010191351176183416e-01,2.798771315744982502e+00,5.104644064441416808e-03
8.998000000000256993e-09,2.330680687735459333e+00,1.010191390380559689e-01,2.799370899221555131e+00,5.104646262692601189e-03
9.000000000000257607e-09,2.331270528055114699e+00,1.010191429562004306e-01,2.799970482703118435e+00,5.104648460949282041e-03
9.002000000000258220e-09,2.331860372446189267e+00,1.010191468720535585e-01,2.800570066189672858e+00,5.104650659343277531e-03
9.004000000000258834e-09,2.332450220906153060e+00,1.010191507856171567e-01,2.801169649681218399e+00,5.104652857866754517e-03
9.006000000000259447e-09,2.333040073432477435e+00,1.010191546968930293e-01,2.801769233177755059e+00,5.104655056375727480e-03
9.008000000000260061e-09,2.333629930022636412e+00,1.010191586058830221e-01,2.802368816679282393e+00,5.104657255025294577e-03
9.010000000000260674e-09,2.334219790674106676e+00,1.010191625125888837e-01,2.802968400185801290e+00,5.104659453673798288e-03
9.012000000000261288e-09,2.334809655384365357e+00,1.010191664170124737e-01,2.803567983697310861e+00,5.104661652496490787e-03
9.014000000000261901e-09,2.335399524150893580e+00,1.010191703191555962e-01,2.804167567213811996e+00,5.104663851410618826e-03
9.016000000000262515e-09,2.335989396971172916e+00,1.010191742190200415e-01,2.804767150735303805e+00,5.104666050334453510e-03
9.018000000000263128e-09,2.336579273842688043e+00,1.010191781166075997e-01,2.805366734261787176e+00,5.104668249399180700e-03
9.020000000000263742e-09,2.337169154762925416e+00,1.010191820119200889e-01,2.805966317793262110e+00,5.104670448455434634e-03
9.022000000000264355e-09,2.337759039729372823e+00,1.010191859049593133e-01,2.806565901329728163e+00,5.104672647693244726e-03
9.024000000000264969e-09,2.338348928739521604e+00,1.010191897957270352e-01,2.807165484871185335e+00,5.104674846971832096e-03
9.026000000000265582e-09,2.338938821790863543e+00,1.010191936842250865e-01,2.807765068417634069e+00,5.104677046305956638e-03
9.028000000000266196e-09,2.339528718880893532e+00,1.010191975704552575e-01,2.808364651969074366e+00,5.104679245793706556e-03
9.030000000000266809e-09,2.340118620007108241e+00,1.010192014544193245e-01,2.808964235525506226e+00,5.104681445262108236e-03
9.032000000000267423e-09,2.340708525167007004e+00,1.010192053361190917e-01,2.809563819086929204e+00,5.104683644893638107e-03
9.034000000000268036e-09,2.341298434358089153e+00,1.010192092155563492e-01,2.810163402653343745e+00,5.104685844537178337e-03
9.036000000000268650e-09,2.341888347577859353e+00,1.010192130927328735e-01,2.810762986224749849e+00,5.104688044290816261e-03
9.038000000000269263e-09,2.342478264823821377e+00,1.010192169676504270e-01,2.811362569801147515e+00,5.104690244182958844e-03
9.040000000000269876e-09,2.343068186093481664e+00,1.010192208403108277e-01,2.811962153382536744e+00,5.104692444054203214e-03
9.042000000000270490e-09,2.343658111384349318e+00,1.010192247107158520e-01,2.812561736968917980e+00,5.104694644077661762e-03
9.044000000000271103e-09,2.344248040693936552e+00,1.010192285788672623e-01,2.813161320560291223e+00,5.104696844100131518e-03
9.046000000000271717e-09,2.344837974019755134e+00,1.010192324447668627e-01,2.813760904156655585e+00,5.104699044275212705e-03
9.048000000000272330e-09,2.345427911359320383e+00,1.010192363084164019e-01,2.814360487758011953e+00,5.104701244566921085e-03
9.050000000000272944e-09,2.346017852710149842e+00,1.010192401698176701e-01,2.814960071364359884e+00,5.104703444849289715e-03
9.052000000000273557e-09,2.346607798069761941e+00,1.010192440289724297e-01,2.815559654975699377e+00,5.104705645268000670e-03
9.054000000000274171e-09,2.347197747435678217e+00,1.010192478858824572e-01,2.816159238592031322e+00,5.104707845686530347e-03
9.056000000000274784e-09,2.347787700805421540e+00,1.010192517405495288e-01,2.816758822213354385e+00,5.104710046289861851e-03
9.058000000000275398e-09,2.348377658176517446e+00,1.010192555929753933e-01,2.817358405839669899e+00,5.104712246962229277e-03
9.060000000000276011e-09,2.348967619546493246e+00,1.010192594431618129e-01,2.817957989470977864e+00,5.104714447660051169e-03
9.062000000000276625e-09,2.349557584912877140e+00,1.010192632911105781e-01,2.818557573107277392e+00,5.104716648505752165e-03
9.064000000000277238e-09,2.350147554273201767e+00,1.010192671368234374e-01,2.819157156748568926e+00,5.104718849339709083e-03
9.066000000000277852e-09,2.350737527624999768e+00,1.010192709803021532e-01,2.819756740394852468e+00,5.104721050348788938e-03
9.068000000000278465e-09,2.351327504965806892e+00,1.010192748215484743e-01,2.820356324046128016e+00,5.104723251384008474e-03
9.070000000000279079e-09,2.351917486293159332e+00,1.010192786605641629e-01,2.820955907702396015e+00,5.104725452496602749e-03
9.072000000000279692e-09,2.352507471604597278e+00,1.010192824973509818e-01,2.821555491363655577e+00,5.104727653755594674e-03
9.074000000000280306e-09,2.353097460897662252e+00,1.010192863319106654e-01,2.822155075029908033e+00,5.104729854991931978e-03
9.076000000000280919e-09,2.353687454169896665e+00,1.010192901642450042e-01,2.822754658701152497e+00,5.104732056388012161e-03
9.078000000000281533e-09,2.354277451418846479e+00,1.010192939943556911e-01,2.823354242377388967e+00,5.104734257790380716e-03
9.080000000000282146e-09,2.354867452642058545e+00,1.010192978222445304e-01,2.823953826058618333e+00,5.104736459322069438e-03
9.082000000000282760e-09,2.355457457837082824e+00,1.010193016479132289e-01,2.824553409744839261e+00,5.104738660984719373e-03
9.084000000000283373e-09,2.356047467001470608e+00,1.010193054713635491e-01,2.825152993436053084e+00,5.104740862630522541e-03
9.086000000000283987e-09,2.356637480132773632e+00,1.010193092925972258e-01,2.825752577132258914e+00,5.104743064420440464e-03
9.088000000000284600e-09,2.357227497228549407e+00,1.010193131116160076e-01,2.826352160833457638e+00,5.104745266208996629e-03
9.090000000000285213e-09,2.357817518286354552e+00,1.010193169284216291e-01,2.826951744539648814e+00,5.104747468165814900e-03
9.092000000000285827e-09,2.358407543303747911e+00,1.010193207430158391e-01,2.827551328250831997e+00,5.104749670221763076e-03
9.094000000000286440e-09,2.358997572278290988e+00,1.010193245554003444e-01,2.828150911967008074e+00,5.104751872281941376e-03
9.096000000000287054e-09,2.359587605207547512e+00,1.010193283655769075e-01,2.828750495688176603e+00,5.104754074481827365e-03
9.098000000000287667e-09,2.360177642089081207e+00,1.010193321735472632e-01,2.829350079414338026e+00,5.104756276675993971e-03
9.100000000000288281e-09,2.360767682920460686e+00,1.010193359793131324e-01,2.829949663145491456e+00,5.104758479052885073e-03
9.102000000000288894e-09,2.361357727699255005e+00,1.010193397828762357e-01,2.830549246881638226e+00,5.104760681476433297e-03
9.104000000000289508e-09,2.361947776423034995e+00,1.010193435842383081e-01,2.831148830622777446e+00,5.104762883945720975e-03
9.106000000000290121e-09,2.362537829089375041e+00,1.010193473834010841e-01,2.831748414368909117e+00,5.104765086570429468e-03
9.108000000000290735e-09,2.363127885695847752e+00,1.010193511803662847e-01,2.832347998120033683e+00,5.104767289178009301e-03
9.110000000000291348e-09,2.363717946240032841e+00,1.010193549751356029e-01,2.832947581876151144e+00,5.104769491951078285e-03
9.112000000000291962e-09,2.364308010719508246e+00,1.010193587677108151e-01,2.833547165637261500e+00,5.104771694738821294e-03
9.114000000000292575e-09,2.364898079131854569e+00,1.010193625580935867e-01,2.834146749403365195e+00,5.104773897626632695e-03
9.116000000000293189e-09,2.365488151474655965e+00,1.010193663462856661e-01,2.834746333174460897e+00,5.104776100655814518e-03
9.118000000000293802e-09,2.366078227745495699e+00,1.010193701322887605e-01,2.835345916950549938e+00,5.104778303661643493e-03
9.120000000000294416e-09,2.366668307941962812e+00,1.010193739161046045e-01,2.835945500731631430e+00,5.104780506822852518e-03
9.122000000000295029e-09,2.367258392061645011e+00,1.010193776977348773e-01,2.836545084517706705e+00,5.104782709985130999e-03
9.124000000000295643e-09,2.367848480102133113e+00,1.010193814771812998e-01,2.837144668308774875e+00,5.104784913291865109e-03
9.126000000000296256e-09,2.368438572061019709e+00,1.010193852544455928e-01,2.837744252104835496e+00,5.104787116721537336e-03
9.128000000000296870e-09,2.369028667935900501e+00,1.010193890295294494e-01,2.838343835905889900e+00,5.104789320139142828e-03
9.130000000000297483e-09,2.369618767724371633e+00,1.010193928024345905e-01,2.838943419711937644e+00,5.104791523694767255e-03
9.132000000000298097e-09,2.370208871424032804e+00,1.010193965731626953e-01,2.839543003522978282e+00,5.104793727249403758e-03
9.134000000000298710e-09,2.370798979032482379e+00,1.010194003417154984e-01,2.840142587339011371e+00,5.104795930984390787e-03
9.136000000000299323e-09,2.371389090547325385e+00,1.010194041080946653e-01,2.840742171160038243e+00,5.104798134799519438e-03
9.138000000000299937e-09,2.371979205966164184e+00,1.010194078723019306e-01,2.841341754986058898e+00,5.104800338631201688e-03
9.140000000000300550e-09,2.372569325286606912e+00,1.010194116343389598e-01,2.841941338817072005e+00,5.104802542606844303e-03
9.142000000000301164e-09,2.373159448506260816e+00,1.010194153942074874e-01,2.842540922653078894e+00,5.104804746572252916e-03
9.144000000000301777e-09,2.373749575622737140e+00,1.010194191519091650e-01,2.843140506494079123e+00,5.104806950717865471e-03
9.146000000000302391e-09,2.374339706633647573e+00,1.010194229074457273e-01,2.843740090340072690e+00,5.104809154896381394e-03
9.148000000000303004e-09,2.374929841536606467e+00,1.010194266608188257e-01,2.844339674191060041e+00,5.104811359138949380e-03
9.150000000000303618e-09,2.375519980329229952e+00,1.010194304120301534e-01,2.844939258047040287e+00,5.104813563533549398e-03
9.152000000000304231e-09,2.376110123009136377e+00,1.010194341610814450e-01,2.845538841908014316e+00,5.104815767906538231e-03
9.154000000000304845e-09,2.376700269573945423e+00,1.010194379079743243e-01,2.846138425773981684e+00,5.104817972443012608e-03
9.156000000000305458e-09,2.377290420021278994e+00,1.010194416527105121e-01,2.846738009644942835e+00,5.104820176988191828e-03
9.158000000000306072e-09,2.377880574348761211e+00,1.010194453952916738e-01,2.847337593520897325e+00,5.104822381648922713e-03
9.160000000000306685e-09,2.378470732554016642e+00,1.010194491357195162e-01,2.847937177401845599e+00,5.104824586445669797e-03
9.162000000000307299e-09,2.379060894634674739e+00,1.010194528739956771e-01,2.848536761287787655e+00,5.104826791222019135e-03
9.164000000000307912e-09,2.379651060588364953e+00,1.010194566101218772e-01,2.849136345178723051e+00,5.104828996148351797e-03
9.166000000000308526e-09,2.380241230412717623e+00,1.010194603440997679e-01,2.849735929074652230e+00,5.104831201073379947e-03
9.168000000000309139e-09,2.380831404105366200e+00,1.010194640759310286e-01,2.850335512975575636e+00,5.104833406154996381e-03
9.170000000000309753e-09,2.381421581663948128e+00,1.010194678056173245e-01,2.850935096881492825e+00,5.104835611347739201e-03
9.172000000000310366e-09,2.382011763086098632e+00,1.010194715331603349e-01,2.851534680792403353e+00,5.104837816534861517e-03
9.174000000000310980e-09,2.382601948369456935e+00,1.010194752585617251e-01,2.852134264708307665e+00,5.104840021858884740e-03
9.176000000000311593e-09,2.383192137511664477e+00,1.010194789818231603e-01,2.852733848629206204e+00,5.104842227181774321e-03
9.178000000000312207e-09,2.383782330510365366e+00,1.010194827029463199e-01,2.853333432555098526e+00,5.104844432689504760e-03
9.180000000000312820e-09,2.384372527363202821e+00,1.010194864219328692e-01,2.853933016485984631e+00,5.104846638259647081e-03
9.182000000000313433e-09,2.384962728067824500e+00,1.010194901387844735e-01,2.854532600421865407e+00,5.104848843858635250e-03
9.184000000000314047e-09,2.385552932621879396e+00,1.010194938535027703e-01,2.855132184362739522e+00,5.104851049607946750e-03
9.186000000000314660e-09,2.386143141023016945e+00,1.010194975660894251e-01,2.855731768308608309e+00,5.104853255344705791e-03
9.188000000000315274e-09,2.386733353268891022e+00,1.010195012765461031e-01,2.856331352259470879e+00,5.104855461254908557e-03
9.190000000000315887e-09,2.387323569357155062e+00,1.010195049848744697e-01,2.856930936215327232e+00,5.104857667187408590e-03
9.192000000000316501e-09,2.387913789285465604e+00,1.010195086910761625e-01,2.857530520176178257e+00,5.104859873201259349e-03
9.194000000000317114e-09,2.388504013051480968e+00,1.010195123951528468e-01,2.858130104142022621e+00,5.104862079361350766e-03
9.196000000000317728e-09,2.389094240652861245e+00,1.010195160971061878e-01,2.858729688112862100e+00,5.104864285497797034e-03
9.198000000000318341e-09,2.389684472087267864e+00,1.010195197969378095e-01,2.859329272088695806e+00,5.104866491794605478e-03
9.200000000000318955e-09,2.390274707352364914e+00,1.010195234946493631e-01,2.859928856069522851e+00,5.104868698095958029e-03
9.202000000000319568e-09,2.390864946445818706e+00,1.010195271902425002e-01,2.860528440055345012e+00,5.104870904527403566e-03
9.204000000000320182e-09,2.391455189365295997e+00,1.010195308837188860e-01,2.861128024046161844e+00,5.104873111088767748e-03
9.206000000000320795e-09,2.392045436108467094e+00,1.010195345750801166e-01,2.861727608041972015e+00,5.104875317633397920e-03
9.208000000000321409e-09,2.392635686673002304e+00,1.010195382643278988e-01,2.862327192042777302e+00,5.104877524322007538e-03
9.210000000000322022e-09,2.393225941056575934e+00,1.010195419514638149e-01,2.862926776048576816e+00,5.104879731009281420e-03
9.212000000000322636e-09,2.393816199256862731e+00,1.010195456364895161e-01,2.863526360059371001e+00,5.104881937865074146e-03
9.214000000000323249e-09,2.394406461271538777e+00,1.010195493194066957e-01,2.864125944075159413e+00,5.104884144817587247e-03
9.216000000000323863e-09,2.394996727098283262e+00,1.010195530002169079e-01,2.864725528095942497e+00,5.104886351774689558e-03
9.218000000000324476e-09,2.395586996734778484e+00,1.010195566789218319e-01,2.865325112121719808e+00,5.104888558872437178e-03
9.220000000000325090e-09,2.396177270178705410e+00,1.010195603555230776e-01,2.865924696152492235e+00,5.104890765964998842e-03
9.222000000000325703e-09,2.396767547427748557e+00,1.010195640300223102e-01,2.866524280188259777e+00,5.104892973239971883e-03
9.224000000000326317e-09,2.397357828479594666e+00,1.010195677024211258e-01,2.867123864229021102e+00,5.104895180559562880e-03
9.226000000000326930e-09,2.397948113331931363e+00,1.010195713727211758e-01,2.867723448274777542e+00,5.104897387924982669e-03
9.228000000000327544e-09,2.398538401982449830e+00,1.010195750409240562e-01,2.868323032325528210e+00,5.104899595446591755e-03
9.230000000000328157e-09,2.399128694428840802e+00,1.010195787070314460e-01,2.868922616381273993e+00,5.104901802950262066e-03
9.232000000000328770e-09,2.399718990668798124e+00,1.010195823710448998e-01,2.869522200442014892e+00,5.104904010620649711e-03
9.234000000000329384e-09,2.400309290700018305e+00,1.010195860329660689e-01,2.870121784507750018e+00,5.104906218304696569e-03
9.236000000000329997e-09,2.400899594520197855e+00,1.010195896927965908e-01,2.870721368578480703e+00,5.104908426086493360e-03
9.238000000000330611e-09,2.401489902127036391e+00,1.010195933505380617e-01,2.871320952654205616e+00,5.104910634011359735e-03
9.240000000000331224e-09,2.402080213518234864e+00,1.010195970061921189e-01,2.871920536734925644e+00,5.104912841911513240e-03
9.242000000000331838e-09,2.402670528691495999e+00,1.010196006597603585e-01,2.872520120820640788e+00,5.104915049967606241e-03
9.244000000000332451e-09,2.403260847644525633e+00,1.010196043112444042e-01,2.873119704911351047e+00,5.104917258024863243e-03
9.246000000000333065e-09,2.403851170375029600e+00,1.010196079606458658e-01,2.873719289007055977e+00,5.104919466223941694e-03
9.248000000000333678e-09,2.404441496880716400e+00,1.010196116079663531e-01,2.874318873107756023e+00,5.104921674547411095e-03
9.250000000000334292e-09,2.405031827159296753e+00,1.010196152532074482e-01,2.874918457213450740e+00,5.104923882857503176e-03
9.252000000000334905e-09,2.405622161208482712e+00,1.010196188963708025e-01,2.875518041324141016e+00,5.104926091307131208e-03
9.254000000000335519e-09,2.406212499025988549e+00,1.010196225374580120e-01,2.876117625439826853e+00,5.104928299755808613e-03
9.256000000000336132e-09,2.406802840609528982e+00,1.010196261764706588e-01,2.876717209560507360e+00,5.104930508381505874e-03
9.258000000000336746e-09,2.407393185956822723e+00,1.010196298134103665e-01,2.877316793686182983e+00,5.104932717090567874e-03
9.260000000000337359e-09,2.407983535065589820e+00,1.010196334482787173e-01,2.877916377816854165e+00,5.104934925813994252e-03
9.262000000000337973e-09,2.408573887933550317e+00,1.010196370810773486e-01,2.878515961952520907e+00,5.104937134680835424e-03
9.264000000000338586e-09,2.409164244558428258e+00,1.010196407118078288e-01,2.879115546093182321e+00,5.104939343538682922e-03
9.266000000000339200e-09,2.409754604937948130e+00,1.010196443404717398e-01,2.879715130238839293e+00,5.104941552578053619e-03
9.268000000000339813e-09,2.410344969069837084e+00,1.010196479670706915e-01,2.880314714389491382e+00,5.104943761651267037e-03
9.270000000000340427e-09,2.410935336951823160e+00,1.010196515916062937e-01,2.880914298545139474e+00,5.104945970782949309e-03
9.272000000000341040e-09,2.411525708581637506e+00,1.010196552140801424e-01,2.881513882705782681e+00,5.104948180069105237e-03
9.274000000000341654e-09,2.412116083957012158e+00,1.010196588344937918e-01,2.882113466871421448e+00,5.104950389333656920e-03
9.276000000000342267e-09,2.412706463075680485e+00,1.010196624528488657e-01,2.882713051042055774e+00,5.104952598763999594e-03
9.278000000000342880e-09,2.413296845935379853e+00,1.010196660691469184e-01,2.883312635217685216e+00,5.104954808203202368e-03
9.280000000000343494e-09,2.413887232533847182e+00,1.010196696833895597e-01,2.883912219398310217e+00,5.104957017750754236e-03
9.282000000000344107e-09,2.414477622868821172e+00,1.010196732955783716e-01,2.884511803583930778e+00,5.104959227437561899e-03
9.284000000000344721e-09,2.415068016938044515e+00,1.010196769057149224e-01,2.885111387774547786e+00,5.104961437101624734e-03
9.286000000000345334e-09,2.415658414739259019e+00,1.010196805138008080e-01,2.885710971970159910e+00,5.104963646917765573e-03
9.288000000000345948e-09,2.416248816270210931e+00,1.010196841198376105e-01,2.886310556170767594e+00,5.104965856733251553e-03
9.290000000000346561e-09,2.416839221528646497e+00,1.010196877238268842e-01,2.886910140376371281e+00,5.104968066698741674e-03
9.292000000000347175e-09,2.417429630512313743e+00,1.010196913257702389e-01,2.887509724586970528e+00,5.104970276780772254e-03
9.294000000000347788e-09,2.418020043218963355e+00,1.010196949256692289e-01,2.888109308802565334e+00,5.104972486853821302e-03
9.296000000000348402e-09,2.418610459646348243e+00,1.010196985235254363e-01,2.888708893023156143e+00,5.104974697063929985e-03
9.298000000000349015e-09,2.419200879792220871e+00,1.010197021193404016e-01,2.889308477248742957e+00,5.104976907274342245e-03
9.300000000000349629e-09,2.419791303654337700e+00,1.010197057131157483e-01,2.889908061479325774e+00,5.104979117667120779e-03
9.302000000000350242e-09,2.420381731230456523e+00,1.010197093048530309e-01,2.890507645714904594e+00,5.104981328130113113e-03
9.304000000000350856e-09,2.420972162518335580e+00,1.010197128945537898e-01,2.891107229955478974e+00,5.104983538614908320e-03
9.306000000000351469e-09,2.421562597515737547e+00,1.010197164822196070e-01,2.891706814201048914e+00,5.104985749246505368e-03
9.308000000000352083e-09,2.422153036220423772e+00,1.010197200678520507e-01,2.892306398451615745e+00,5.104987959866479769e-03
9.310000000000352696e-09,2.422743478630160041e+00,1.010197236514526892e-01,2.892905982707178136e+00,5.104990170665038747e-03
9.312000000000353310e-09,2.423333924742712586e+00,1.010197272330230767e-01,2.893505566967736531e+00,5.104992381490722729e-03
9.314000000000353923e-09,2.423924374555848971e+00,1.010197308125647536e-01,2.894105151233291373e+00,5.104994592386100961e-03
9.316000000000354537e-09,2.424514828067339423e+00,1.010197343900792882e-01,2.894704735503842219e+00,5.104996803432584884e-03
9.318000000000355150e-09,2.425105285274955946e+00,1.010197379655682764e-01,2.895304319779388624e+00,5.104999014456395104e-03
9.320000000000355764e-09,2.425695746176471879e+00,1.010197415390332309e-01,2.895903904059931921e+00,5.105001225645084718e-03
9.322000000000356377e-09,2.426286210769662777e+00,1.010197451104757199e-01,2.896503488345471222e+00,5.105003436839776476e-03
9.324000000000356991e-09,2.426876679052306418e+00,1.010197486798972838e-01,2.897103072636006971e+00,5.105005648151795389e-03
9.326000000000357604e-09,2.427467151022180136e+00,1.010197522472995046e-01,2.897702656931539167e+00,5.105007859597749699e-03
9.328000000000358217e-09,2.428057626677065262e+00,1.010197558126838951e-01,2.898302241232066923e+00,5.105010071023014830e-03
9.330000000000358831e-09,2.428648106014744901e+00,1.010197593760520235e-01,2.898901825537591570e+00,5.105012282597262349e-03
9.332000000000359444e-09,2.429238589033002604e+00,1.010197629374054162e-01,2.899501409848112665e+00,5.105014494170335461e-03
9.334000000000360058e-09,2.429829075729623700e+00,1.010197664967456554e-01,2.900100994163629764e+00,5.105016705901813980e-03
9.336000000000360671e-09,2.430419566102396622e+00,1.010197700540742538e-01,2.900700578484143310e+00,5.105018917741345821e-03
9.338000000000361285e-09,2.431010060149110696e+00,1.010197736093927656e-01,2.901300162809653305e+00,5.105021129576224267e-03
9.340000000000361898e-09,2.431600557867557022e+00,1.010197771627027313e-01,2.901899747140160191e+00,5.105023341549452982e-03
9.342000000000362512e-09,2.432191059255528920e+00,1.010197807140056914e-01,2.902499331475663524e+00,5.105025553521919286e-03
9.344000000000363125e-09,2.432781564310821043e+00,1.010197842633031723e-01,2.903098915816163306e+00,5.105027765677679075e-03
9.346000000000363739e-09,2.433372073031229377e+00,1.010197878105967145e-01,2.903698500161659979e+00,5.105029977893293762e-03
9.348000000000364352e-09,2.433962585414552571e+00,1.010197913558878585e-01,2.904298084512153100e+00,5.105032190138356248e-03
9.350000000000364966e-09,2.434553101458590607e+00,1.010197948991781447e-01,2.904897668867642668e+00,5.105034402534333604e-03
9.352000000000365579e-09,2.435143621161145244e+00,1.010197984404690857e-01,2.905497253228128685e+00,5.105036614916702922e-03
9.354000000000366193e-09,2.435734144520019573e+00,1.010198019797622221e-01,2.906096837593612037e+00,5.105038827473126588e-03
9.356000000000366806e-09,2.436324671533018904e+00,1.010198055170590803e-01,2.906696421964091837e+00,5.105041040050596786e-03
9.358000000000367420e-09,2.436915202197950325e+00,1.010198090523612147e-01,2.907296006339568084e+00,5.105043252707702067e-03
9.360000000000368033e-09,2.437505736512622700e+00,1.010198125856700962e-01,2.907895590720041668e+00,5.105045465512686453e-03
9.362000000000368647e-09,2.438096274474846670e+00,1.010198161169872932e-01,2.908495175105512143e+00,5.105047678293858290e-03
9.364000000000369260e-09,2.438686816082433317e+00,1.010198196463143183e-01,2.909094759495979066e+00,5.105049891238430670e-03
9.366000000000369874e-09,2.439277361333197724e+00,1.010198231736526842e-01,2.909694343891443324e+00,5.105052104186790819e-03
9.368000000000370487e-09,2.439867910224955416e+00,1.010198266990039173e-01,2.910293928291904475e+00,5.105054317260442238e-03
9.370000000000371101e-09,2.440458462755523250e+00,1.010198302223695305e-01,2.910893512697362073e+00,5.105056530464138938e-03
9.372000000000371714e-09,2.441049018922719860e+00,1.010198337437510502e-01,2.911493097107817007e+00,5.105058743648946233e-03
9.374000000000372327e-09,2.441639578724367432e+00,1.010198372631499891e-01,2.912092681523269277e+00,5.105060956979960360e-03
9.376000000000372941e-09,2.442230142158287709e+00,1.010198407805678600e-01,2.912692265943717995e+00,5.105063170309977888e-03
9.378000000000373554e-09,2.442820709222305542e+00,1.010198442960061754e-01,2.913291850369164049e+00,5.105065383804648430e-03
9.380000000000374168e-09,2.443411279914246226e+00,1.010198478094664482e-01,2.913891434799606994e+00,5.105067597399103735e-03
9.382000000000374781e-09,2.444001854231938164e+00,1.010198513209501908e-01,2.914491019235047720e+00,5.105069810994243389e-03
9.384000000000375395e-09,2.444592432173210206e+00,1.010198548304589022e-01,2.915090603675485337e+00,5.105072024729633701e-03
9.386000000000376008e-09,2.445183013735893862e+00,1.010198583379940951e-01,2.915690188120920290e+00,5.105074238462114881e-03
9.388000000000376622e-09,2.445773598917821978e+00,1.010198618435572682e-01,2.916289772571352135e+00,5.105076452377173106e-03
9.390000000000377235e-09,2.446364187716828731e+00,1.010198653471499619e-01,2.916889357026781315e+00,5.105078666342165346e-03
9.392000000000377849e-09,2.446954780130751406e+00,1.010198688487736196e-01,2.917488941487208276e+00,5.105080880345710080e-03
9.394000000000378462e-09,2.447545376157427288e+00,1.010198723484297817e-01,2.918088525952632128e+00,5.105083094504065874e-03
9.396000000000379076e-09,2.448135975794696773e+00,1.010198758461199470e-01,2.918688110423053317e+00,5.105085308645750976e-03
9.398000000000379689e-09,2.448726579040399809e+00,1.010198793418456004e-01,2.919287694898471841e+00,5.105087522957856179e-03
9.400000000000380303e-09,2.449317185892381676e+00,1.010198828356082268e-01,2.919887279378887701e+00,5.105089737286250436e-03
9.402000000000380916e-09,2.449907796348485878e+00,1.010198863274093806e-01,2.920486863864301785e+00,5.105091951702821554e-03
9.404000000000381530e-09,2.450498410406559024e+00,1.010198898172504772e-01,2.921086448354712761e+00,5.105094166265429501e-03
9.406000000000382143e-09,2.451089028064449948e+00,1.010198933051330711e-01,2.921686032850121517e+00,5.105096380803171921e-03
9.408000000000382757e-09,2.451679649320007925e+00,1.010198967910586193e-01,2.922285617350527609e+00,5.105098595502541997e-03
9.410000000000383370e-09,2.452270274171085784e+00,1.010199002750286207e-01,2.922885201855931037e+00,5.105100810203390925e-03
9.412000000000383984e-09,2.452860902615535910e+00,1.010199037570445879e-01,2.923484786366332244e+00,5.105103025035010247e-03
9.414000000000384597e-09,2.453451534651213350e+00,1.010199072371079643e-01,2.924084370881731232e+00,5.105105239994527262e-03
9.416000000000385211e-09,2.454042170275975820e+00,1.010199107152202486e-01,2.924683955402127999e+00,5.105107454937322410e-03
9.418000000000385824e-09,2.454632809487679701e+00,1.010199141913829396e-01,2.925283539927522103e+00,5.105109670024107413e-03
9.420000000000386437e-09,2.455223452284187591e+00,1.010199176655975223e-01,2.925883124457914430e+00,5.105111885109516780e-03
9.422000000000387051e-09,2.455814098663360312e+00,1.010199211378654677e-01,2.926482708993304094e+00,5.105114100363873468e-03
9.424000000000387664e-09,2.456404748623060463e+00,1.010199246081882607e-01,2.927082293533691537e+00,5.105116315711531391e-03
9.426000000000388278e-09,2.456995402161154640e+00,1.010199280765673724e-01,2.927681878079076760e+00,5.105118531064503640e-03
9.428000000000388891e-09,2.457586059275509882e+00,1.010199315430042877e-01,2.928281462629460652e+00,5.105120746559529792e-03
9.430000000000389505e-09,2.458176719963993673e+00,1.010199350075004776e-01,2.928881047184841435e+00,5.105122962049978008e-03
9.432000000000390118e-09,2.458767384224476160e+00,1.010199384700574132e-01,2.929480631745220442e+00,5.105125177722848011e-03
9.434000000000390732e-09,2.459358052054829269e+00,1.010199419306765933e-01,2.930080216310597674e+00,5.105127393437708730e-03
9.436000000000391345e-09,2.459948723452928476e+00,1.010199453893594612e-01,2.930679800880972241e+00,5.105129609197850069e-03
9.438000000000391959e-09,2.460539398416646595e+00,1.010199488461074602e-01,2.931279385456345032e+00,5.105131825114783521e-03
9.440000000000392572e-09,2.461130076943862210e+00,1.010199523009221168e-01,2.931878970036716048e+00,5.105134041012212610e-03
9.442000000000393186e-09,2.461720759032453909e+00,1.010199557538048742e-01,2.932478554622085287e+00,5.105136257078693104e-03
9.444000000000393799e-09,2.462311444680300720e+00,1.010199592047572037e-01,2.933078139212452307e+00,5.105138473157896060e-03
9.446000000000394413e-09,2.462902133885285227e+00,1.010199626537805623e-01,2.933677723807817550e+00,5.105140689330705563e-03
9.448000000000395026e-09,2.463492826645291789e+00,1.010199661008764210e-01,2.934277308408181018e+00,5.105142905649067038e-03
9.450000000000395640e-09,2.464083522958204764e+00,1.010199695460462233e-01,2.934876893013542709e+00,5.105145121941732922e-03
9.452000000000396253e-09,2.464674222821911620e+00,1.010199729892914539e-01,2.935476477623902625e+00,5.105147338393263914e-03
9.454000000000396867e-09,2.465264926234301157e+00,1.010199764306135561e-01,2.936076062239260764e+00,5.105149554845297977e-03
9.456000000000397480e-09,2.465855633193263063e+00,1.010199798700139873e-01,2.936675646859617128e+00,5.105151771432683838e-03
9.458000000000398094e-09,2.466446343696689691e+00,1.010199833074942044e-01,2.937275231484972160e+00,5.105153988145938633e-03
9.460000000000398707e-09,2.467037057742474726e+00,1.010199867430556786e-01,2.937874816115324972e+00,5.105156204843861942e-03
9.462000000000399321e-09,2.467627775328512740e+00,1.010199901766998393e-01,2.938474400750676008e+00,5.105158421684353499e-03
9.464000000000399934e-09,2.468218496452700972e+00,1.010199936084281713e-01,2.939073985391026156e+00,5.105160638523733099e-03
9.466000000000400548e-09,2.468809221112938879e+00,1.010199970382420903e-01,2.939673570036374084e+00,5.105162855534775730e-03
9.468000000000401161e-09,2.469399949307125919e+00,1.010200004661430673e-01,2.940273154686720680e+00,5.105165072634188644e-03
9.470000000000401774e-09,2.469990681033163327e+00,1.010200038921325316e-01,2.940872739342065501e+00,5.105167289742576150e-03
9.472000000000402388e-09,2.470581416288955889e+00,1.010200073162119405e-01,2.941472324002408989e+00,5.105169506994002883e-03
9.474000000000403001e-09,2.471172155072408394e+00,1.010200107383827511e-01,2.942071908667751590e+00,5.105171724239791764e-03
9.476000000000403615e-09,2.471762897381426960e+00,1.010200141586463929e-01,2.942671493338092414e+00,5.105173941668245292e-03
9.478000000000404228e-09,2.472353643213920815e+00,1.010200175770043091e-01,2.943271078013431907e+00,5.105176159133582511e-03
9.480000000000404842e-09,2.472944392567799632e+00,1.010200209934579429e-01,2.943870662693769624e+00,5.105178376648381033e-03
9.482000000000405455e-09,2.473535145440975747e+00,1.010200244080087378e-01,2.944470247379106453e+00,5.105180594320237950e-03
9.484000000000406069e-09,2.474125901831361052e+00,1.010200278206581093e-01,2.945069832069441063e+00,5.105182811971293796e-03
9.486000000000406682e-09,2.474716661736871881e+00,1.010200312314075421e-01,2.945669416764774784e+00,5.105185029791725441e-03
9.488000000000407296e-09,2.475307425155425012e+00,1.010200346402584382e-01,2.946269001465108062e+00,5.105187247622053684e-03
9.490000000000407909e-09,2.475898192084938110e+00,1.010200380472122267e-01,2.946868586170440008e+00,5.105189465548958319e-03
9.492000000000408523e-09,2.476488962523331949e+00,1.010200414522703649e-01,2.947468170880770177e+00,5.105191683621037625e-03
9.494000000000409136e-09,2.477079736468526860e+00,1.010200448554342545e-01,2.948067755596099460e+00,5.105193901666947760e-03
9.496000000000409750e-09,2.477670513918445838e+00,1.010200482567053526e-01,2.948667340316427410e+00,5.105196119869453986e-03
9.498000000000410363e-09,2.478261294871014986e+00,1.010200516560850748e-01,2.949266925041754472e+00,5.105198338072315829e-03
9.500000000000410977e-09,2.478852079324159519e+00,1.010200550535748504e-01,2.949866509772079759e+00,5.105200556413884427e-03
9.502000000000411590e-09,2.479442867275809093e+00,1.010200584491761089e-01,2.950466094507404602e+00,5.105202774879452794e-03
9.504000000000412204e-09,2.480033658723891588e+00,1.010200618428902658e-01,2.951065679247728557e+00,5.105204993330705356e-03
9.506000000000412817e-09,2.480624453666339768e+00,1.010200652347187505e-01,2.951665263993051624e+00,5.105207211923389055e-03
9.508000000000413431e-09,2.481215252101084623e+00,1.010200686246629925e-01,2.952264848743373804e+00,5.105209430515178504e-03
9.510000000000414044e-09,2.481806054026062913e+00,1.010200720127244073e-01,2.952864433498695096e+00,5.105211649280089886e-03
9.512000000000414658e-09,2.482396859439209624e+00,1.010200753989044103e-01,2.953464018259015056e+00,5.105213868130012260e-03
9.514000000000415271e-09,2.482987668338462850e+00,1.010200787832044311e-01,2.954063603024333684e+00,5.105216086991742029e-03
9.516000000000415884e-09,2.483578480721761572e+00,1.010200821656258852e-01,2.954663187794652313e+00,5.105218305997108637e-03
9.518000000000416498e-09,2.484169296587046549e+00,1.010200855461701602e-01,2.955262772569970053e+00,5.105220524995680333e-03
9.520000000000417111e-09,2.484760115932261204e+00,1.010200889248387135e-01,2.955862357350286462e+00,5.105222744176993871e-03
9.522000000000417725e-09,2.485350938755349404e+00,1.010200923016329189e-01,2.956461942135602872e+00,5.105224963392321000e-03
9.524000000000418338e-09,2.485941765054256347e+00,1.010200956765542196e-01,2.957061526925918393e+00,5.105227182659647332e-03
9.526000000000418952e-09,2.486532594826929898e+00,1.010200990496039897e-01,2.957661111721232583e+00,5.105229402084132673e-03
9.528000000000419565e-09,2.487123428071319697e+00,1.010201024207836862e-01,2.958260696521546329e+00,5.105231621487090095e-03
9.530000000000420179e-09,2.487714264785376272e+00,1.010201057900946831e-01,2.958860281326860076e+00,5.105233841059724290e-03
9.532000000000420792e-09,2.488305104967050596e+00,1.010201091575383819e-01,2.959459866137172934e+00,5.105236060640573267e-03
9.534000000000421406e-09,2.488895948614298081e+00,1.010201125231161984e-01,2.960059450952484905e+00,5.105238280319519990e-03
9.536000000000422019e-09,2.489486795725072810e+00,1.010201158868295479e-01,2.960659035772796877e+00,5.105240500143248469e-03
9.538000000000422633e-09,2.490077646297332414e+00,1.010201192486798044e-01,2.961258620598107960e+00,5.105242719940649050e-03
9.540000000000423246e-09,2.490668500329035417e+00,1.010201226086683834e-01,2.961858205428418600e+00,5.105244939893631775e-03
9.542000000000423860e-09,2.491259357818142117e+00,1.010201259667967144e-01,2.962457790263728796e+00,5.105247159846921547e-03
9.544000000000424473e-09,2.491850218762613700e+00,1.010201293230661435e-01,2.963057375104038549e+00,5.105249379940581672e-03
9.546000000000425087e-09,2.492441083160414905e+00,1.010201326774781000e-01,2.963656959949347858e+00,5.105251600156989963e-03
9.548000000000425700e-09,2.493031951009509584e+00,1.010201360300339718e-01,2.964256544799656723e+00,5.105253820359683531e-03
9.550000000000426314e-09,2.493622822307864251e+00,1.010201393807351467e-01,2.964856129654965144e+00,5.105256040703382361e-03
9.552000000000426927e-09,2.494213697053448087e+00,1.010201427295830262e-01,2.965455714515274011e+00,5.105258261046455824e-03
9.554000000000427541e-09,2.494804575244229383e+00,1.010201460765790121e-01,2.966055299380581989e+00,5.105260481562989491e-03
9.556000000000428154e-09,2.495395456878180429e+00,1.010201494217244506e-01,2.966654884250889967e+00,5.105262702162529677e-03
9.558000000000428768e-09,2.495986341953273957e+00,1.010201527650207848e-01,2.967254469126197503e+00,5.105264922775240750e-03
9.560000000000429381e-09,2.496577230467484032e+00,1.010201561064693887e-01,2.967854054006505038e+00,5.105267143532054436e-03
9.562000000000429995e-09,2.497168122418787384e+00,1.010201594460716362e-01,2.968453638891812574e+00,5.105269364281638661e-03
9.564000000000430608e-09,2.497759017805161186e+00,1.010201627838289012e-01,2.969053223782119666e+00,5.105271585213997688e-03
9.566000000000431221e-09,2.498349916624584832e+00,1.010201661197425854e-01,2.969652808677426314e+00,5.105273806179038906e-03
9.568000000000431835e-09,2.498940818875038605e+00,1.010201694538140765e-01,2.970252393577733407e+00,5.105276027197007405e-03
9.570000000000432448e-09,2.499531724554505008e+00,1.010201727860447485e-01,2.970851978483040057e+00,5.105278248372108023e-03
9.572000000000433062e-09,2.500122633660968763e+00,1.010201761164359752e-01,2.971451563393347151e+00,5.105280469525087447e-03
9.574000000000433675e-09,2.500713546192414594e+00,1.010201794449891305e-01,2.972051148308654245e+00,5.105282690848242377e-03
9.576000000000434289e-09,2.501304462146829888e+00,1.010201827717056022e-01,2.972650733228960895e+00,5.105284912179238258e-03
9.578000000000434902e-09,2.501895381522202033e+00,1.010201860965867782e-01,2.973250318154267990e+00,5.105287133608361373e-03
9.580000000000435516e-09,2.502486304316523302e+00,1.010201894196340322e-01,2.973849903084575086e+00,5.105289355182153488e-03
9.582000000000436129e-09,2.503077230527784192e+00,1.010201927408486966e-01,2.974449488019882626e+00,5.105291576729543111e-03
9.584000000000436743e-09,2.503668160153977418e+00,1.010201960602322008e-01,2.975049072960189722e+00,5.105293798432579931e-03
9.586000000000437356e-09,2.504259093193099694e+00,1.010201993777858631e-01,2.975648657905497707e+00,5.105296020135699150e-03
9.588000000000437970e-09,2.504850029643145515e+00,1.010202026935110992e-01,2.976248242855805248e+00,5.105298241979062956e-03
9.590000000000438583e-09,2.505440969502114257e+00,1.010202060074092550e-01,2.976847827811112790e+00,5.105300463944880893e-03
9.592000000000439197e-09,2.506031912768004410e+00,1.010202093194816769e-01,2.977447412771421664e+00,5.105302685896931196e-03
9.594000000000439810e-09,2.506622859438817574e+00,1.010202126297297665e-01,2.978046997736730539e+00,5.105304907990164572e-03
9.596000000000440424e-09,2.507213809512556679e+00,1.010202159381548975e-01,2.978646582707039414e+00,5.105307130082815080e-03
9.598000000000441037e-09,2.507804762987225544e+00,1.010202192447583747e-01,2.979246167682348734e+00,5.105309352348530276e-03
9.600000000000441651e-09,2.508395719860829765e+00,1.010202225495415995e-01,2.979845752662658054e+00,5.105311574697078518e-03
9.602000000000442264e-09,2.508986680131375824e+00,1.010202258525059460e-01,2.980445337647968262e+00,5.105313797058537439e-03
9.604000000000442878e-09,2.509577643796874646e+00,1.010202291536527464e-01,2.981044922638278916e+00,5.105316019564305405e-03
9.606000000000443491e-09,2.510168610855335825e+00,1.010202324529833606e-01,2.981644507633589569e+00,5.105318242063124935e-03
9.608000000000444105e-09,2.510759581304770283e+00,1.010202357504991766e-01,2.982244092633901111e+00,5.105320464744687176e-03
9.610000000000444718e-09,2.511350555143191166e+00,1.010202390462015126e-01,2.982843677639213542e+00,5.105322687458974107e-03
9.612000000000445331e-09,2.511941532368615171e+00,1.010202423400917288e-01,2.983443262649525973e+00,5.105324910225569890e-03
9.614000000000445945e-09,2.512532512979058996e+00,1.010202456321711850e-01,2.984042847664839293e+00,5.105327133149377590e-03
9.616000000000446558e-09,2.513123496972538451e+00,1.010202489224412414e-01,2.984642432685153501e+00,5.105329356050783071e-03
9.618000000000447172e-09,2.513714484347075118e+00,1.010202522109032441e-01,2.985242017710467710e+00,5.105331579123020651e-03
9.620000000000447785e-09,2.514305475100688803e+00,1.010202554975585254e-01,2.985841602740782808e+00,5.105333802203291735e-03
9.622000000000448399e-09,2.514896469231403753e+00,1.010202587824084730e-01,2.986441187776099238e+00,5.105336025380292735e-03
9.624000000000449012e-09,2.515487466737243327e+00,1.010202620654543915e-01,2.987040772816416112e+00,5.105338248702636673e-03
9.626000000000449626e-09,2.516078467616232661e+00,1.010202653466976408e-01,2.987640357861732987e+00,5.105340471998421129e-03
9.628000000000450239e-09,2.516669471866399554e+00,1.010202686261395810e-01,2.988239942912051195e+00,5.105342695450930911e-03
9.630000000000450853e-09,2.517260479485772695e+00,1.010202719037815305e-01,2.988839527967369847e+00,5.105344918903282833e-03
9.632000000000451466e-09,2.517851490472382547e+00,1.010202751796248216e-01,2.989439113027689388e+00,5.105347142493966810e-03
9.634000000000452080e-09,2.518442504824260908e+00,1.010202784536708698e-01,2.990038698093010705e+00,5.105349366207656558e-03
9.636000000000452693e-09,2.519033522539441794e+00,1.010202817259209240e-01,2.990638283163332023e+00,5.105351589906834478e-03
9.638000000000453307e-09,2.519624543615958778e+00,1.010202849963763583e-01,2.991237868238654674e+00,5.105353813748042882e-03
9.640000000000453920e-09,2.520215568051849431e+00,1.010202882650385048e-01,2.991837453318978213e+00,5.105356037588474998e-03
9.642000000000454534e-09,2.520806595845150877e+00,1.010202915319087097e-01,2.992437038404302641e+00,5.105358261600895405e-03
9.644000000000455147e-09,2.521397626993902463e+00,1.010202947969883053e-01,2.993036623494627957e+00,5.105360485697901796e-03
9.646000000000455761e-09,2.521988661496146200e+00,1.010202980602786099e-01,2.993636208589954162e+00,5.105362709806001743e-03
9.648000000000456374e-09,2.522579699349923210e+00,1.010203013217809698e-01,2.994235793690282144e+00,5.105364934058321397e-03
9.650000000000456988e-09,2.523170740553279057e+00,1.010203045814967171e-01,2.994835378795611014e+00,5.105367158304592937e-03
9.652000000000457601e-09,2.523761785104257083e+00,1.010203078394271703e-01,2.995434963905940773e+00,5.105369382733595043e-03
9.654000000000458215e-09,2.524352833000905960e+00,1.010203110955736477e-01,2.996034549021271864e+00,5.105371607196964624e-03
9.656000000000458828e-09,2.524943884241273917e+00,1.010203143499374956e-01,2.996634134141603845e+00,5.105373831710363630e-03
9.658000000000459441e-09,2.525534938823410958e+00,1.010203176025200461e-01,2.997233719266937602e+00,5.105376056380978023e-03
9.660000000000460055e-09,2.526125996745367974e+00,1.010203208533226038e-01,2.997833304397272247e+00,5.105378281029172849e-03
9.662000000000460668e-09,2.526717058005198080e+00,1.010203241023464871e-01,2.998432889532607781e+00,5.105380505848983869e-03
9.664000000000461282e-09,2.527308122600956608e+00,1.010203273495930421e-01,2.999032474672945092e+00,5.105382730677746929e-03
9.666000000000461895e-09,2.527899190530699336e+00,1.010203305950635594e-01,2.999632059818283292e+00,5.105384955600383683e-03
9.668000000000462509e-09,2.528490261792483373e+00,1.010203338387593852e-01,3.000231644968623268e+00,5.105387180669734674e-03
9.670000000000463122e-09,2.529081336384368051e+00,1.010203370806818379e-01,3.000831230123965021e+00,5.105389405712742155e-03
9.672000000000463736e-09,2.529672414304413586e+00,1.010203403208322220e-01,3.001430815284307663e+00,5.105391630914579183e-03
9.674000000000464349e-09,2.530263495550682418e+00,1.010203435592118421e-01,3.002030400449651637e+00,5.105393856115608697e-03
9.676000000000464963e-09,2.530854580121237429e+00,1.010203467958220441e-01,3.002629985619997388e+00,5.105396081451650005e-03
9.678000000000465576e-09,2.531445668014144612e+00,1.010203500306641050e-01,3.003229570795344472e+00,5.105398306912205426e-03
9.680000000000466190e-09,2.532036759227469069e+00,1.010203532637393570e-01,3.003829155975692888e+00,5.105400532356588021e-03
9.682000000000466803e-09,2.532627853759279901e+00,1.010203564950491184e-01,3.004428741161042637e+00,5.105402757944265714e-03
9.684000000000467417e-09,2.533218951607645764e+00,1.010203597245946799e-01,3.005028326351394607e+00,5.105404983530768999e-03
9.686000000000468030e-09,2.533810052770638865e+00,1.010203629523773461e-01,3.005627911546747910e+00,5.105407209287463402e-03
9.688000000000468644e-09,2.534401157246330527e+00,1.010203661783984630e-01,3.006227496747102990e+00,5.105409435132205430e-03
9.690000000000469257e-09,2.534992265032794290e+00,1.010203694026593074e-01,3.006827081952460290e+00,5.105411660984840450e-03
9.692000000000469871e-09,2.535583376128106803e+00,1.010203726251611839e-01,3.007426667162818479e+00,5.105413886981235473e-03
9.694000000000470484e-09,2.536174490530343828e+00,1.010203758459053969e-01,3.008026252378178445e+00,5.105416112972973632e-03
9.696000000000471098e-09,2.536765608237585123e+00,1.010203790648932648e-01,3.008625837598540187e+00,5.105418339147359090e-03
9.698000000000471711e-09,2.537356729247909115e+00,1.010203822821260644e-01,3.009225422823903706e+00,5.105420565359533765e-03
9.700000000000472325e-09,2.537947853559398226e+00,1.010203854976051002e-01,3.009825008054269446e+00,5.105422791617668203e-03
9.702000000000472938e-09,2.538538981170134434e+00,1.010203887113316767e-01,3.010424593289636519e+00,5.105425018032969456e-03
9.704000000000473552e-09,2.539130112078201940e+00,1.010203919233071124e-01,3.011024178530005369e+00,5.105427244426469571e-03
9.706000000000474165e-09,2.539721246281686273e+00,1.010203951335326700e-01,3.011623763775376439e+00,5.105429470992004816e-03
9.708000000000474778e-09,2.540312383778676075e+00,1.010203983420096541e-01,3.012223349025749286e+00,5.105431697568717751e-03
9.710000000000475392e-09,2.540903524567259097e+00,1.010204015487393553e-01,3.012822934281124354e+00,5.105433924235576459e-03
9.712000000000476005e-09,2.541494668645524868e+00,1.010204047537230920e-01,3.013422519541501199e+00,5.105436151050279578e-03
9.714000000000476619e-09,2.542085816011566912e+00,1.010204079569621272e-01,3.014022104806879820e+00,5.105438377839153531e-03
9.716000000000477232e-09,2.542676966663475646e+00,1.010204111584577652e-01,3.014621690077260663e+00,5.105440604790273569e-03
9.718000000000477846e-09,2.543268120599347704e+00,1.010204143582112690e-01,3.015221275352643726e+00,5.105442831740305935e-03
9.720000000000478459e-09,2.543859277817277942e+00,1.010204175562239709e-01,3.015820860633028566e+00,5.105445058820035770e-03
9.722000000000479073e-09,2.544450438315363883e+00,1.010204207524971198e-01,3.016420445918415627e+00,5.105447286025617190e-03
9.724000000000479686e-09,2.545041602091705712e+00,1.010204239470320203e-01,3.017020031208804909e+00,5.105449513212939779e-03
9.726000000000480300e-09,2.545632769144402729e+00,1.010204271398299491e-01,3.017619616504195967e+00,5.105451740545998221e-03
9.728000000000480913e-09,2.546223939471556452e+00,1.010204303308922108e-01,3.018219201804589691e+00,5.105453967878093025e-03
9.730000000000481527e-09,2.546815113071271064e+00,1.010204335202200404e-01,3.018818787109985635e+00,5.105456195377111595e-03
9.732000000000482140e-09,2.547406289941650748e+00,1.010204367078147564e-01,3.019418372420383800e+00,5.105458422968300360e-03
9.734000000000482754e-09,2.547997470080801907e+00,1.010204398936776354e-01,3.020017957735784631e+00,5.105460650563250873e-03
9.736000000000483367e-09,2.548588653486832278e+00,1.010204430778099405e-01,3.020617543056187237e+00,5.105462878301356838e-03
9.738000000000483981e-09,2.549179840157850929e+00,1.010204462602129621e-01,3.021217128381592065e+00,5.105465106036665562e-03
9.740000000000484594e-09,2.549771030091967816e+00,1.010204494408879772e-01,3.021816713711999114e+00,5.105467333954271172e-03
9.742000000000485208e-09,2.550362223287296004e+00,1.010204526198362346e-01,3.022416299047408828e+00,5.105469561915188491e-03
9.744000000000485821e-09,2.550953419741948114e+00,1.010204557970590666e-01,3.023015884387821206e+00,5.105471789916193534e-03
9.746000000000486435e-09,2.551544619454038987e+00,1.010204589725576807e-01,3.023615469733235805e+00,5.105474018073079961e-03
9.748000000000487048e-09,2.552135822421686129e+00,1.010204621463333813e-01,3.024215055083652626e+00,5.105476246209733442e-03
9.750000000000487662e-09,2.552727028643005713e+00,1.010204653183874174e-01,3.024814640439072111e+00,5.105478474518992775e-03
9.752000000000488275e-09,2.553318238116117911e+00,1.010204684887210935e-01,3.025414225799494705e+00,5.105480702842523678e-03
9.754000000000488888e-09,2.553909450839142448e+00,1.010204716573356448e-01,3.026013811164919520e+00,5.105482931251657981e-03
9.756000000000489502e-09,2.554500666810203047e+00,1.010204748242323619e-01,3.026613396535346556e+00,5.105485159810052229e-03
9.758000000000490115e-09,2.555091886027422543e+00,1.010204779894124938e-01,3.027212981910776257e+00,5.105487388342979001e-03
9.760000000000490729e-09,2.555683108488925104e+00,1.010204811528772895e-01,3.027812567291208623e+00,5.105489617041930953e-03
9.762000000000491342e-09,2.556274334192837117e+00,1.010204843146280534e-01,3.028412152676643654e+00,5.105491845740389376e-03
9.764000000000491956e-09,2.556865563137287634e+00,1.010204874746660209e-01,3.029011738067081794e+00,5.105494074561717395e-03
9.766000000000492569e-09,2.557456795320405707e+00,1.010204906329924546e-01,3.029611323462522154e+00,5.105496303510844228e-03
9.768000000000493183e-09,2.558048030740320389e+00,1.010204937896086175e-01,3.030210908862965180e+00,5.105498532439941943e-03
9.770000000000493796e-09,2.558639269395165616e+00,1.010204969445157586e-01,3.030810494268411315e+00,5.105500761517088766e-03
9.772000000000494410e-09,2.559230511283073994e+00,1.010205000977151546e-01,3.031410079678860114e+00,5.105502990593188684e-03
9.774000000000495023e-09,2.559821756402180792e+00,1.010205032492080407e-01,3.032009665094312023e+00,5.105505219831565043e-03
9.776000000000495637e-09,2.560413004750622168e+00,1.010205063989956797e-01,3.032609250514766153e+00,5.105507449167867411e-03
9.778000000000496250e-09,2.561004256326536943e+00,1.010205095470793485e-01,3.033208835940223835e+00,5.105509678503566094e-03
9.780000000000496864e-09,2.561595511128062608e+00,1.010205126934602682e-01,3.033808421370684627e+00,5.105511907980818213e-03
9.782000000000497477e-09,2.562186769153341537e+00,1.010205158381397017e-01,3.034408006806147640e+00,5.105514137457095418e-03
9.784000000000498091e-09,2.562778030400515217e+00,1.010205189811188842e-01,3.035007592246613761e+00,5.105516367114655563e-03
9.786000000000498704e-09,2.563369294867725579e+00,1.010205221223990923e-01,3.035607177692083436e+00,5.105518596823703167e-03
9.788000000000499318e-09,2.563960562553120326e+00,1.010205252619815613e-01,3.036206763142555332e+00,5.105520826566014095e-03
9.790000000000499931e-09,2.564551833454843166e+00,1.010205283998675263e-01,3.036806348598030336e+00,5.105523056461324163e-03
9.792000000000500545e-09,2.565143107571044023e+00,1.010205315360582501e-01,3.037405934058508894e+00,5.105525286339463939e-03
9.794000000000501158e-09,2.565734384899870602e+00,1.010205346705549817e-01,3.038005519523990561e+00,5.105527516392553179e-03
9.796000000000501772e-09,2.566325665439473713e+00,1.010205378033589424e-01,3.038605104994475337e+00,5.105529746463070319e-03
9.798000000000502385e-09,2.566916949188005503e+00,1.010205409344713950e-01,3.039204690469962777e+00,5.105531976611483481e-03
9.800000000000502999e-09,2.567508236143619893e+00,1.010205440638935470e-01,3.039804275950453771e+00,5.105534206911518415e-03
9.802000000000503612e-09,2.568099526304470359e+00,1.010205471916266889e-01,3.040403861435947874e+00,5.105536437186529095e-03
9.804000000000504225e-09,2.568690819668714376e+00,1.010205503176720143e-01,3.041003446926445530e+00,5.105538667631226088e-03
9.806000000000504839e-09,2.569282116234508528e+00,1.010205534420308138e-01,3.041603032421945851e+00,5.105540898076819933e-03
9.808000000000505452e-09,2.569873416000012067e+00,1.010205565647042530e-01,3.042202617922449726e+00,5.105543128637126706e-03
9.810000000000506066e-09,2.570464718963386463e+00,1.010205596856936228e-01,3.042802203427957153e+00,5.105545359329494506e-03
9.812000000000506679e-09,2.571056025122792299e+00,1.010205628050001442e-01,3.043401788938467689e+00,5.105547589999611877e-03
9.814000000000507293e-09,2.571647334476392821e+00,1.010205659226250524e-01,3.044001374453981779e+00,5.105549820819143582e-03
9.816000000000507906e-09,2.572238647022353053e+00,1.010205690385695548e-01,3.044600959974498977e+00,5.105552051637678689e-03
9.818000000000508520e-09,2.572829962758838462e+00,1.010205721528349282e-01,3.045200545500020173e+00,5.105554282612138547e-03
9.820000000000509133e-09,2.573421281684017625e+00,1.010205752654223382e-01,3.045800131030544033e+00,5.105556513692380977e-03
9.822000000000509747e-09,2.574012603796058229e+00,1.010205783763330756e-01,3.046399716566071447e+00,5.105558744769241562e-03
9.824000000000510360e-09,2.574603929093130184e+00,1.010205814855683337e-01,3.046999302106602858e+00,5.105560975985319778e-03
9.826000000000510974e-09,2.575195257573405616e+00,1.010205845931293339e-01,3.047598887652137822e+00,5.105563207200389253e-03
9.828000000000511587e-09,2.575786589235058432e+00,1.010205876990173390e-01,3.048198473202675896e+00,5.105565438595192559e-03
9.830000000000512201e-09,2.576377924076261205e+00,1.010205908032335426e-01,3.048798058758217966e+00,5.105567670050239343e-03
9.832000000000512814e-09,2.576969262095190061e+00,1.010205939057791658e-01,3.049397644318763589e+00,5.105569901529944353e-03
9.834000000000513428e-09,2.577560603290022456e+00,1.010205970066554437e-01,3.049997229884312766e+00,5.105572133159754118e-03
9.836000000000514041e-09,2.578151947658937182e+00,1.010206001058635977e-01,3.050596815454865496e+00,5.105574364777921287e-03
9.838000000000514655e-09,2.578743295200113916e+00,1.010206032034048490e-01,3.051196401030421779e+00,5.105576596575221206e-03
9.840000000000515268e-09,2.579334645911733670e+00,1.010206062992803910e-01,3.051795986610982059e+00,5.105578828392874635e-03
9.842000000000515882e-09,2.579925999791979230e+00,1.010206093934914728e-01,3.052395572196546336e+00,5.105581060278738259e-03
9.844000000000516495e-09,2.580517356839034715e+00,1.010206124860392879e-01,3.052995157787114167e+00,5.105583292319775500e-03
9.846000000000517109e-09,2.581108717051085577e+00,1.010206155769250713e-01,3.053594743382685550e+00,5.105585524335398175e-03
9.848000000000517722e-09,2.581700080426317712e+00,1.010206186661500305e-01,3.054194328983260931e+00,5.105587756522393314e-03
9.850000000000518335e-09,2.582291446962920567e+00,1.010206217537153450e-01,3.054793914588840309e+00,5.105589988712378249e-03
9.852000000000518949e-09,2.582882816659082703e+00,1.010206248396222778e-01,3.055393500199423240e+00,5.105592221008600252e-03
9.854000000000519562e-09,2.583474189512994901e+00,1.010206279238720223e-01,3.055993085815010168e+00,5.105594453443225433e-03
9.856000000000520176e-09,2.584065565522850161e+00,1.010206310064657720e-01,3.056592671435601538e+00,5.105596685852665899e-03
9.858000000000520789e-09,2.584656944686841928e+00,1.010206340874047620e-01,3.057192257061196461e+00,5.105598918413222463e-03
9.860000000000521403e-09,2.585248327003165425e+00,1.010206371666901859e-01,3.057791842691795381e+00,5.105601150972412933e-03
9.862000000000522016e-09,2.585839712470016316e+00,1.010206402443232510e-01,3.058391428327397854e+00,5.105603383680443544e-03
9.864000000000522630e-09,2.586431101085592932e+00,1.010206433203051368e-01,3.058991013968004768e+00,5.105605616503279889e-03
9.866000000000523243e-09,2.587022492848094046e+00,1.010206463946370925e-01,3.059590599613615680e+00,5.105607849317603947e-03
9.868000000000523857e-09,2.587613887755720654e+00,1.010206494673202976e-01,3.060190185264231033e+00,5.105610082271404108e-03
9.870000000000524470e-09,2.588205285806673750e+00,1.010206525383559456e-01,3.060789770919849939e+00,5.105612315224152160e-03
9.872000000000525084e-09,2.588796686999156549e+00,1.010206556077452578e-01,3.061389356580473731e+00,5.105614548352586934e-03
9.874000000000525697e-09,2.589388091331374042e+00,1.010206586754894414e-01,3.061988942246101519e+00,5.105616781552789821e-03
9.876000000000526311e-09,2.589979498801532554e+00,1.010206617415896485e-01,3.062588527916733305e+00,5.105619014770084937e-03
9.878000000000526924e-09,2.590570909407838407e+00,1.010206648060471418e-01,3.063188113592369088e+00,5.105621248134779508e-03
9.880000000000527538e-09,2.591162323148500590e+00,1.010206678688630594e-01,3.063787699273009757e+00,5.105623481491842162e-03
9.882000000000528151e-09,2.591753740021729424e+00,1.010206709300386224e-01,3.064387284958654423e+00,5.105625715030598887e-03
9.884000000000528765e-09,2.592345160025735673e+00,1.010206739895750105e-01,3.064986870649303086e+00,5.105627948595235083e-03
9.886000000000529378e-09,2.592936583158732322e+00,1.010206770474734450e-01,3.065586456344956634e+00,5.105630182217518742e-03
9.888000000000529992e-09,2.593528009418933244e+00,1.010206801037350915e-01,3.066186042045613735e+00,5.105632415996682119e-03
9.890000000000530605e-09,2.594119438804554534e+00,1.010206831583611575e-01,3.066785627751275722e+00,5.105634649750867213e-03
9.892000000000531219e-09,2.594710871313811840e+00,1.010206862113528226e-01,3.067385213461942151e+00,5.105636883678950529e-03
9.894000000000531832e-09,2.595302306944923476e+00,1.010206892627112801e-01,3.067984799177612576e+00,5.105639117612619654e-03
9.896000000000532445e-09,2.595893745696109978e+00,1.010206923124377099e-01,3.068584384898287887e+00,5.105641351642553789e-03
9.898000000000533059e-09,2.596485187565590547e+00,1.010206953605333052e-01,3.069183970623967639e+00,5.105643585817342539e-03
9.900000000000533672e-09,2.597076632551587938e+00,1.010206984069992597e-01,3.069783556354652276e+00,5.105645819965539713e-03
9.902000000000534286e-09,2.597668080652325795e+00,1.010207014518367530e-01,3.070383142090340911e+00,5.105648054271641825e-03
9.904000000000534899e-09,2.598259531866028649e+00,1.010207044950469646e-01,3.070982727831034431e+00,5.105650288575932019e-03
9.906000000000535513e-09,2.598850986190922363e+00,1.010207075366310880e-01,3.071582313576732393e+00,5.105652523017076283e-03
9.908000000000536126e-09,2.599442443625235022e+00,1.010207105765902752e-01,3.072181899327435239e+00,5.105654757579806448e-03
9.910000000000536740e-09,2.600033904167195598e+00,1.010207136149257473e-01,3.072781485083142528e+00,5.105656992127190381e-03
9.912000000000537353e-09,2.600625367815033506e+00,1.010207166516386423e-01,3.073381070843854257e+00,5.105659226817774871e-03
9.914000000000537967e-09,2.601216834566979941e+00,1.010207196867301538e-01,3.073980656609570872e+00,5.105661461507593479e-03
9.916000000000538580e-09,2.601808304421269202e+00,1.010207227202014890e-01,3.074580242380291928e+00,5.105663696367012533e-03
9.918000000000539194e-09,2.602399777376133372e+00,1.010207257520537860e-01,3.075179828156018313e+00,5.105665931310961192e-03
9.920000000000539807e-09,2.602991253429809859e+00,1.010207287822882383e-01,3.075779413936749584e+00,5.105668166264138580e-03
9.922000000000540421e-09,2.603582732580533854e+00,1.010207318109059976e-01,3.076378999722484853e+00,5.105670401362233900e-03
9.924000000000541034e-09,2.604174214826545430e+00,1.010207348379082576e-01,3.076978585513225450e+00,5.105672636455698375e-03
9.926000000000541648e-09,2.604765700166081999e+00,1.010207378632961978e-01,3.077578171308970933e+00,5.105674871731781528e-03
9.928000000000542261e-09,2.605357188597384965e+00,1.010207408870709561e-01,3.078177757109721746e+00,5.105677107043964276e-03
9.930000000000542875e-09,2.605948680118697514e+00,1.010207439092337400e-01,3.078777342915476556e+00,5.105679342401336571e-03
9.932000000000543488e-09,2.606540174728261938e+00,1.010207469297856875e-01,3.079376928726236695e+00,5.105681577915705677e-03
9.934000000000544102e-09,2.607131672424323199e+00,1.010207499487279781e-01,3.079976514542001720e+00,5.105683813407004695e-03
9.936000000000544715e-09,2.607723173205127143e+00,1.010207529660617637e-01,3.080576100362771630e+00,5.105686049072787405e-03
9.938000000000545329e-09,2.608314677068921839e+00,1.010207559817882239e-01,3.081175686188546869e+00,5.105688284749344483e-03
9.940000000000545942e-09,2.608906184013955798e+00,1.010207589959085384e-01,3.081775272019326994e+00,5.105690520512269973e-03
9.942000000000546556e-09,2.609497694038478421e+00,1.010207620084238450e-01,3.082374857855112449e+00,5.105692756425334912e-03
9.944000000000547169e-09,2.610089207140741774e+00,1.010207650193353235e-01,3.082974443695902789e+00,5.105694992312515175e-03
9.946000000000547782e-09,2.610680723318997476e+00,1.010207680286441256e-01,3.083574029541698458e+00,5.105697228365312958e-03
9.948000000000548396e-09,2.611272242571501145e+00,1.010207710363514033e-01,3.084173615392499013e+00,5.105699464416153972e-03
9.950000000000549009e-09,2.611863764896506623e+00,1.010207740424583223e-01,3.084773201248304453e+00,5.105701700590484747e-03
9.952000000000549623e-09,2.612455290292271304e+00,1.010207770469660482e-01,3.085372787109115666e+00,5.105703936891415641e-03
9.954000000000550236e-09,2.613046818757052581e+00,1.010207800498757330e-01,3.085972372974931766e+00,5.105706173171886339e-03
9.956000000000550850e-09,2.613638350289110512e+00,1.010207830511885424e-01,3.086571958845753194e+00,5.105708409600701048e-03
9.958000000000551463e-09,2.614229884886703825e+00,1.010207860509055866e-01,3.087171544721579952e+00,5.105710646028631915e-03
9.960000000000552077e-09,2.614821422548096574e+00,1.010207890490280730e-01,3.087771130602412040e+00,5.105712882618286715e-03
9.962000000000552690e-09,2.615412963271550151e+00,1.010207920455571534e-01,3.088370716488249457e+00,5.105715119304621991e-03
9.964000000000553304e-09,2.616004507055330386e+00,1.010207950404939381e-01,3.088970302379092203e+00,5.105717355991285997e-03
9.966000000000553917e-09,2.616596053897701335e+00,1.010207980338395928e-01,3.089569888274940279e+00,5.105719592819805280e-03
9.968000000000554531e-09,2.617187603796931938e+00,1.010208010255952832e-01,3.090169474175793685e+00,5.105721829647047807e-03
9.970000000000555144e-09,2.617779156751288916e+00,1.010208040157621612e-01,3.090769060081652864e+00,5.105724066654901069e-03
9.972000000000555758e-09,2.618370712759043428e+00,1.010208070043413509e-01,3.091368645992517372e+00,5.105726303713564382e-03
9.974000000000556371e-09,2.618962271818464416e+00,1.010208099913339902e-01,3.091968231908387210e+00,5.105728540804015635e-03
9.976000000000556985e-09,2.619553833927825703e+00,1.010208129767412727e-01,3.092567817829262822e+00,5.105730778047381895e-03
9.978000000000557598e-09,2.620145399085400229e+00,1.010208159605642947e-01,3.093167403755143763e+00,5.105733015274521551e-03
9.980000000000558212e-09,2.620736967289462704e+00,1.010208189428042080e-01,3.093766989686030033e+00,5.105735252678451214e-03
9.982000000000558825e-09,2.621328538538290509e+00,1.010208219234622062e-01,3.094366575621922077e+00,5.105737490098793095e-03
9.984000000000559439e-09,2.621920112830158800e+00,1.010208249025393579e-01,3.094966161562819895e+00,5.105739727593616196e-03
9.986000000000560052e-09,2.622511690163348064e+00,1.010208278800368287e-01,3.095565747508723042e+00,5.105741965242204319e-03
9.988000000000560666e-09,2.623103270536137455e+00,1.010208308559557705e-01,3.096165333459632407e+00,5.105744202864841846e-03
9.990000000000561279e-09,2.623694853946808347e+00,1.010208338302973213e-01,3.096764919415547102e+00,5.105746440659969000e-03
9.992000000000561892e-09,2.624286440393643449e+00,1.010208368030626191e-01,3.097364505376467125e+00,5.105748678455717185e-03
9.994000000000562506e-09,2.624878029874927243e+00,1.010208397742527742e-01,3.097964091342393367e+00,5.105750916360043447e-03
9.996000000000563119e-09,2.625469622388942881e+00,1.010208427438689244e-01,3.098563677313325382e+00,5.105753154399999931e-03
9.998000000000563733e-09,2.626061217933978842e+00,1.010208457119122494e-01,3.099163263289262726e+00,5.105755392415617377e-03
1.000000000000056435e-08,2.626652816508321386e+00,1.010208486783838594e-01,3.099762849270206733e+00,5.105757630581549480e-03
1.000200000000056496e-08,2.627244418110261215e+00,1.010208516432848508e-01,3.100362435256156068e+00,5.105759868745869158e-03
1.000400000000056557e-08,2.627836022738086363e+00,1.010208546066164031e-01,3.100962021247111178e+00,5.105762107061481009e-03
1.000600000000056619e-08,2.628427630390090197e+00,1.010208575683796128e-01,3.101561607243072061e+00,5.105764345487954700e-03
1.000800000000056680e-08,2.629019241064564305e+00,1.010208605285756178e-01,3.102161193244039605e+00,5.105766583908166040e-03
1.001000000000056741e-08,2.629610854759804273e+00,1.010208634872055561e-01,3.102760779250012479e+00,5.105768822468283695e-03
1.001200000000056803e-08,2.630202471474103021e+00,1.010208664442705517e-01,3.103360365260991571e+00,5.105771061026869589e-03
1.001400000000056864e-08,2.630794091205759244e+00,1.010208693997717289e-01,3.103959951276976437e+00,5.105773299761449252e-03
1.001600000000056925e-08,2.631385713953069860e+00,1.010208723537101977e-01,3.104559537297967520e+00,5.105775538563588588e-03
1.001800000000056987e-08,2.631977339714335340e+00,1.010208753060871101e-01,3.105159123323964820e+00,5.105777777383950326e-03
1.002000000000057048e-08,2.632568968487854377e+00,1.010208782569035485e-01,3.105758709354967895e+00,5.105780016353026439e-03
1.002200000000057109e-08,2.633160600271929663e+00,1.010208812061606787e-01,3.106358295390977187e+00,5.105782255314362215e-03
1.002400000000057171e-08,2.633752235064863889e+00,1.010208841538595831e-01,3.106957881431992252e+00,5.105784494456856032e-03
1.002600000000057232e-08,2.634343872864961522e+00,1.010208871000014136e-01,3.107557467478013535e+00,5.105786733622846678e-03
1.002800000000057294e-08,2.634935513670527918e+00,1.010208900445872943e-01,3.108157053529041480e+00,5.105788972848000935e-03
1.003000000000057355e-08,2.635527157479869764e+00,1.010208929876182937e-01,3.108756639585075643e+00,5.105791212230120779e-03
1.003200000000057416e-08,2.636118804291295525e+00,1.010208959290955638e-01,3.109356225646115579e+00,5.105793451586174668e-03
1.003400000000057478e-08,2.636710454103114110e+00,1.010208988690202148e-01,3.109955811712161733e+00,5.105795691117773032e-03
1.003600000000057539e-08,2.637302106913636202e+00,1.010209018073933845e-01,3.110555397783214548e+00,5.105797930654136681e-03
1.003800000000057600e-08,2.637893762721173374e+00,1.010209047442161417e-01,3.111154983859273582e+00,5.105800170285498991e-03
1.004000000000057662e-08,2.638485421524039420e+00,1.010209076794896244e-01,3.111754569940338833e+00,5.105802410061908471e-03
1.004200000000057723e-08,2.639077083320547690e+00,1.010209106132149565e-01,3.112354156026410301e+00,5.105804649811742854e-03
1.004400000000057784e-08,2.639668748109013752e+00,1.010209135453932205e-01,3.112953742117488432e+00,5.105806889721014805e-03
1.004600000000057846e-08,2.640260415887756285e+00,1.010209164760255407e-01,3.113553328213572335e+00,5.105809129627473901e-03
1.004800000000057907e-08,2.640852086655091302e+00,1.010209194051130271e-01,3.114152914314663345e+00,5.105811369668897086e-03
1.005000000000057968e-08,2.641443760409339259e+00,1.010209223326567901e-01,3.114752500420761017e+00,5.105813609831853263e-03
1.005200000000058030e-08,2.642035437148820165e+00,1.010209252586579121e-01,3.115352086531864906e+00,5.105815849978424976e-03
1.005400000000058091e-08,2.642627116871855808e+00,1.010209281831175310e-01,3.115951672647975457e+00,5.105818090269382062e-03
1.005600000000058152e-08,2.643218799576769751e+00,1.010209311060367293e-01,3.116551258769092225e+00,5.105820330559506480e-03
1.005800000000058214e-08,2.643810485261887333e+00,1.010209340274166312e-01,3.117150844895215211e+00,5.105822571017350903e-03
1.006000000000058275e-08,2.644402173925531674e+00,1.010209369472583329e-01,3.117750431026345304e+00,5.105824811561073678e-03
1.006200000000058336e-08,2.644993865566032110e+00,1.010209398655629032e-01,3.118350017162482057e+00,5.105827052112143875e-03
1.006400000000058398e-08,2.645585560181714868e+00,1.010209427823314937e-01,3.118949603303625473e+00,5.105829292807883071e-03
1.006600000000058459e-08,2.646177257770910174e+00,1.010209456975651870e-01,3.119549189449775106e+00,5.105831533500079962e-03
1.006800000000058520e-08,2.646768958331948696e+00,1.010209486112650518e-01,3.120148775600931401e+00,5.105833774374530371e-03
1.007000000000058582e-08,2.647360661863161990e+00,1.010209515234322258e-01,3.120748361757094802e+00,5.105836015287731032e-03
1.007200000000058643e-08,2.647952368362882947e+00,1.010209544340677917e-01,3.121347947918264865e+00,5.105838256242438422e-03
1.007400000000058705e-08,2.648544077829445786e+00,1.010209573431728319e-01,3.121947534084441145e+00,5.105840497353126076e-03
1.007600000000058766e-08,2.649135790261186951e+00,1.010209602507484428e-01,3.122547120255624975e+00,5.105842738441292682e-03
1.007800000000058827e-08,2.649727505656441995e+00,1.010209631567957622e-01,3.123146706431815467e+00,5.105844979705066213e-03
1.008000000000058889e-08,2.650319224013550468e+00,1.010209660613158450e-01,3.123746292613012621e+00,5.105847220981025308e-03
1.008200000000058950e-08,2.650910945330850144e+00,1.010209689643097736e-01,3.124345878799216436e+00,5.105849462339541629e-03
1.008400000000059011e-08,2.651502669606681462e+00,1.010209718657786582e-01,3.124945464990427357e+00,5.105851703850567032e-03
1.008600000000059073e-08,2.652094396839387525e+00,1.010209747657235951e-01,3.125545051186645384e+00,5.105853945335301833e-03
1.008800000000059134e-08,2.652686127027309215e+00,1.010209776641456531e-01,3.126144637387870073e+00,5.105856186989502637e-03
1.009000000000059195e-08,2.653277860168793190e+00,1.010209805610459283e-01,3.126744223594101868e+00,5.105858428641678153e-03
1.009200000000059257e-08,2.653869596262183439e+00,1.010209834564254755e-01,3.127343809805340324e+00,5.105860670409828606e-03
1.009400000000059318e-08,2.654461335305825731e+00,1.010209863502854466e-01,3.127943396021585887e+00,5.105862912307390297e-03
1.009600000000059379e-08,2.655053077298069830e+00,1.010209892426268824e-01,3.128542982242838555e+00,5.105865154182629567e-03
1.009800000000059441e-08,2.655644822237262836e+00,1.010209921334508792e-01,3.129142568469098329e+00,5.105867396208049053e-03
1.010000000000059502e-08,2.656236570121756291e+00,1.010209950227585335e-01,3.129742154700365209e+00,5.105869638231909889e-03
1.010200000000059563e-08,2.656828320949901734e+00,1.010209979105508860e-01,3.130341740936639194e+00,5.105871880412413653e-03
1.010400000000059625e-08,2.657420074720052039e+00,1.010210007968290608e-01,3.130941327177920730e+00,5.105874122695928767e-03
1.010600000000059686e-08,2.658011831430560967e+00,1.010210036815941265e-01,3.131540913424208927e+00,5.105876364977175730e-03
1.010800000000059747e-08,2.658603591079782280e+00,1.010210065648471517e-01,3.132140499675504230e+00,5.105878607398400999e-03
1.011000000000059809e-08,2.659195353666074624e+00,1.010210094465892189e-01,3.132740085931807084e+00,5.105880849817869861e-03
1.011200000000059870e-08,2.659787119187793980e+00,1.010210123268214105e-01,3.133339672193116598e+00,5.105883092415480079e-03
1.011400000000059931e-08,2.660378887643299883e+00,1.010210152055447813e-01,3.133939258459433663e+00,5.105885335071426445e-03
1.011600000000059993e-08,2.660970659030952756e+00,1.010210180827604415e-01,3.134538844730758278e+00,5.105887577751868842e-03
1.011800000000060054e-08,2.661562433349113022e+00,1.010210209584694596e-01,3.135138431007089999e+00,5.105889820583449888e-03
1.012000000000060116e-08,2.662154210596143766e+00,1.010210238326728904e-01,3.135738017288429269e+00,5.105892063404074421e-03
1.012200000000060177e-08,2.662745990770408966e+00,1.010210267053718164e-01,3.136337603574775645e+00,5.105894306404543809e-03
1.012400000000060238e-08,2.663337773870272152e+00,1.010210295765673061e-01,3.136937189866129128e+00,5.105896549423813262e-03
1.012600000000060300e-08,2.663929559894100851e+00,1.010210324462604142e-01,3.137536776162490604e+00,5.105898792508081936e-03
1.012800000000060361e-08,2.664521348840261261e+00,1.010210353144522510e-01,3.138136362463859186e+00,5.105901035748760218e-03
1.013000000000060422e-08,2.665113140707122685e+00,1.010210381811438435e-01,3.138735948770235318e+00,5.105903278962814831e-03
1.013200000000060484e-08,2.665704935493054872e+00,1.010210410463362879e-01,3.139335535081619000e+00,5.105905522352739180e-03
1.013400000000060545e-08,2.666296733196428459e+00,1.010210439100306390e-01,3.139935121398010232e+00,5.105907765745009742e-03
1.013600000000060606e-08,2.666888533815615414e+00,1.010210467722279654e-01,3.140534707719408569e+00,5.105910009235956580e-03
1.013800000000060668e-08,2.667480337348989483e+00,1.010210496329293217e-01,3.141134294045814901e+00,5.105912252869486412e-03
1.014000000000060729e-08,2.668072143794924411e+00,1.010210524921357766e-01,3.141733880377228783e+00,5.105914496476262471e-03
1.014200000000060790e-08,2.668663953151797497e+00,1.010210553498483987e-01,3.142333466713649770e+00,5.105916740239849726e-03
1.014400000000060852e-08,2.669255765417984705e+00,1.010210582060682566e-01,3.142933053055078751e+00,5.105918984000853110e-03
1.014600000000060913e-08,2.669847580591863334e+00,1.010210610607964049e-01,3.143532639401515283e+00,5.105921227901466172e-03
1.014800000000060974e-08,2.670439398671813791e+00,1.010210639140338984e-01,3.144132225752959808e+00,5.105923471920553042e-03
1.015000000000061036e-08,2.671031219656216926e+00,1.010210667657817779e-01,3.144731812109411884e+00,5.105925715925424720e-03
1.015200000000061097e-08,2.671623043543453591e+00,1.010210696160411675e-01,3.145331398470871509e+00,5.105927960073526443e-03
1.015400000000061158e-08,2.672214870331907299e+00,1.010210724648130526e-01,3.145930984837339128e+00,5.105930204220259470e-03
1.015600000000061220e-08,2.672806700019962012e+00,1.010210753120985155e-01,3.146530571208814298e+00,5.105932448536370030e-03
1.015800000000061281e-08,2.673398532606003020e+00,1.010210781578986250e-01,3.147130157585297461e+00,5.105934692933876418e-03
1.016000000000061342e-08,2.673990368088416503e+00,1.010210810022144218e-01,3.147729743966788174e+00,5.105936937340725158e-03
1.016200000000061404e-08,2.674582206465590417e+00,1.010210838450469606e-01,3.148329330353286881e+00,5.105939181893396489e-03
1.016400000000061465e-08,2.675174047735913607e+00,1.010210866863972962e-01,3.148928916744793582e+00,5.105941426442071884e-03
1.016600000000061527e-08,2.675765891897776250e+00,1.010210895262664971e-01,3.149528503141307834e+00,5.105943671172911459e-03
1.016800000000061588e-08,2.676357738949569409e+00,1.010210923646555764e-01,3.150128089542830523e+00,5.105945915938503617e-03
1.017000000000061649e-08,2.676949588889685927e+00,1.010210952015656166e-01,3.150727675949361206e+00,5.105948160748752761e-03
1.017200000000061711e-08,2.677541441716519088e+00,1.010210980369976447e-01,3.151327262360899439e+00,5.105950405715669986e-03
1.017400000000061772e-08,2.678133297428463511e+00,1.010211008709527014e-01,3.151926848777445667e+00,5.105952650658350522e-03
1.017600000000061833e-08,2.678725156023915588e+00,1.010211037034318693e-01,3.152526435199000332e+00,5.105954895777719584e-03
1.017800000000061895e-08,2.679317017501272602e+00,1.010211065344361753e-01,3.153126021625562547e+00,5.105957140907576783e-03
1.018000000000061956e-08,2.679908881858932279e+00,1.010211093639666602e-01,3.153725608057132757e+00,5.105959386120561064e-03
1.018200000000062017e-08,2.680500749095294566e+00,1.010211121920243788e-01,3.154325194493710960e+00,5.105961631486006722e-03
1.018400000000062079e-08,2.681092619208759853e+00,1.010211150186103579e-01,3.154924780935297601e+00,5.105963876824891161e-03
1.018600000000062140e-08,2.681684492197729863e+00,1.010211178437256524e-01,3.155524367381892681e+00,5.105966122332854761e-03
1.018800000000062201e-08,2.682276368060608984e+00,1.010211206673713169e-01,3.156123953833495754e+00,5.105968367838130406e-03
1.019000000000062263e-08,2.682868246795800271e+00,1.010211234895483506e-01,3.156723540290106822e+00,5.105970613460435702e-03
1.019200000000062324e-08,2.683460128401708999e+00,1.010211263102578222e-01,3.157323126751726328e+00,5.105972859211298752e-03
1.019400000000062385e-08,2.684052012876742221e+00,1.010211291295007724e-01,3.157922713218354271e+00,5.105975104939789941e-03
1.019600000000062447e-08,2.684643900219307433e+00,1.010211319472782421e-01,3.158522299689989765e+00,5.105977350818546347e-03
1.019800000000062508e-08,2.685235790427813907e+00,1.010211347635912443e-01,3.159121886166634141e+00,5.105979596695732828e-03
1.020000000000062569e-08,2.685827683500671803e+00,1.010211375784408339e-01,3.159721472648286511e+00,5.105981842729779077e-03
1.020200000000062631e-08,2.686419579436291283e+00,1.010211403918280515e-01,3.160321059134947319e+00,5.105984088865712575e-03
1.020400000000062692e-08,2.687011478233086059e+00,1.010211432037539103e-01,3.160920645626616565e+00,5.105986334999810736e-03
1.020600000000062753e-08,2.687603379889468957e+00,1.010211460142194512e-01,3.161520232123294250e+00,5.105988581274359915e-03
1.020800000000062815e-08,2.688195284403855467e+00,1.010211488232257149e-01,3.162119818624980372e+00,5.105990827546874264e-03
1.021000000000062876e-08,2.688787191774660634e+00,1.010211516307737284e-01,3.162719405131674488e+00,5.105993073997133584e-03
1.021200000000062938e-08,2.689379102000301724e+00,1.010211544368645048e-01,3.163318991643377487e+00,5.105995320505035164e-03
1.021400000000062999e-08,2.689971015079197780e+00,1.010211572414991266e-01,3.163918578160088924e+00,5.105997567037088430e-03
1.021600000000063060e-08,2.690562931009767400e+00,1.010211600446785513e-01,3.164518164681808798e+00,5.105999813720675864e-03
1.021800000000063122e-08,2.691154849790431403e+00,1.010211628464038475e-01,3.165117751208537111e+00,5.106002060393552248e-03
1.022000000000063183e-08,2.691746771419611939e+00,1.010211656466760421e-01,3.165717337740273862e+00,5.106004307246248333e-03
1.022200000000063244e-08,2.692338695895730272e+00,1.010211684454961623e-01,3.166316924277019051e+00,5.106006554117490347e-03
1.022400000000063306e-08,2.692930623217212105e+00,1.010211712428652070e-01,3.166916510818773123e+00,5.106008801053050702e-03
1.022600000000063367e-08,2.693522553382482254e+00,1.010211740387842311e-01,3.167516097365536520e+00,5.106011048145175056e-03
1.022800000000063428e-08,2.694114486389967311e+00,1.010211768332542198e-01,3.168115683917307912e+00,5.106013295209948892e-03
1.023000000000063490e-08,2.694706422238094312e+00,1.010211796262762418e-01,3.168715270474087742e+00,5.106015542451883965e-03
1.023200000000063551e-08,2.695298360925291181e+00,1.010211824178513101e-01,3.169314857035876454e+00,5.106017789696246784e-03
1.023400000000063612e-08,2.695890302449988951e+00,1.010211852079804101e-01,3.169914443602674048e+00,5.106020037037022063e-03
1.023600000000063674e-08,2.696482246810618211e+00,1.010211879966645965e-01,3.170514030174480080e+00,5.106022284521443723e-03
1.023800000000063735e-08,2.697074194005610881e+00,1.010211907839048406e-01,3.171113616751295439e+00,5.106024531979262530e-03
1.024000000000063796e-08,2.697666144033400215e+00,1.010211935697022251e-01,3.171713203333119235e+00,5.106026779596025376e-03
1.024200000000063858e-08,2.698258096892421243e+00,1.010211963540577351e-01,3.172312789919951914e+00,5.106029027209193008e-03
1.024400000000063919e-08,2.698850052581108105e+00,1.010211991369723700e-01,3.172912376511793475e+00,5.106031274958963175e-03
1.024600000000063980e-08,2.699442011097898941e+00,1.010212019184471705e-01,3.173511963108643918e+00,5.106033522828234104e-03
1.024800000000064042e-08,2.700033972441230556e+00,1.010212046984831358e-01,3.174111549710502800e+00,5.106035770681593283e-03
1.025000000000064103e-08,2.700625936609543754e+00,1.010212074770812929e-01,3.174711136317371007e+00,5.106038018679517378e-03
1.025200000000064164e-08,2.701217903601275783e+00,1.010212102542426410e-01,3.175310722929247653e+00,5.106040266676208084e-03
1.025400000000064226e-08,2.701809873414869667e+00,1.010212130299682071e-01,3.175910309546133625e+00,5.106042514840061948e-03
1.025600000000064287e-08,2.702401846048767986e+00,1.010212158042589764e-01,3.176509896168028479e+00,5.106044763088056840e-03
1.025800000000064349e-08,2.702993821501412874e+00,1.010212185771159898e-01,3.177109482794933104e+00,5.106047011343414765e-03
1.026000000000064410e-08,2.703585799771250908e+00,1.010212213485402188e-01,3.177709069426846167e+00,5.106049259743860626e-03
1.026200000000064471e-08,2.704177780856726887e+00,1.010212241185327181e-01,3.178308656063768112e+00,5.106051508141128473e-03
1.026400000000064533e-08,2.704769764756287387e+00,1.010212268870944452e-01,3.178908242705699827e+00,5.106053756720071307e-03
1.026600000000064594e-08,2.705361751468381204e+00,1.010212296542264271e-01,3.179507829352639980e+00,5.106056005337510258e-03
1.026800000000064655e-08,2.705953740991457135e+00,1.010212324199296907e-01,3.180107416004589016e+00,5.106058253995271988e-03
1.027000000000064717e-08,2.706545733323964864e+00,1.010212351842052075e-01,3.180707002661547822e+00,5.106060502808434584e-03
1.027200000000064778e-08,2.707137728464357629e+00,1.010212379470539906e-01,3.181306589323515510e+00,5.106062751599632979e-03
1.027400000000064839e-08,2.707729726411086002e+00,1.010212407084770531e-01,3.181906175990492081e+00,5.106065000568236339e-03
1.027600000000064901e-08,2.708321727162605441e+00,1.010212434684753940e-01,3.182505762662478421e+00,5.106067249548114535e-03
1.027800000000064962e-08,2.708913730717370516e+00,1.010212462270499989e-01,3.183105349339473644e+00,5.106069498607495108e-03
1.028000000000065023e-08,2.709505737073835796e+00,1.010212489842018807e-01,3.183704936021478638e+00,5.106071747821374490e-03
1.028200000000065085e-08,2.710097746230459848e+00,1.010212517399320387e-01,3.184304522708492957e+00,5.106073997008307545e-03
1.028400000000065146e-08,2.710689758185701681e+00,1.010212544942414720e-01,3.184904109400516159e+00,5.106076246367669512e-03
1.028600000000065207e-08,2.711281772938017642e+00,1.010212572471311659e-01,3.185503696097548687e+00,5.106078495724465822e-03
1.028800000000065269e-08,2.711873790485871183e+00,1.010212599986021337e-01,3.186103282799590541e+00,5.106080745191354624e-03
1.029000000000065330e-08,2.712465810827722645e+00,1.010212627486553466e-01,3.186702869506642166e+00,5.106082994791102427e-03
1.029200000000065391e-08,2.713057833962034593e+00,1.010212654972918178e-01,3.187302456218702673e+00,5.106085244366714154e-03
1.029400000000065453e-08,2.713649859887271365e+00,1.010212682445125465e-01,3.187902042935772950e+00,5.106087494094019644e-03
1.029600000000065514e-08,2.714241888601898189e+00,1.010212709903185041e-01,3.188501629657852554e+00,5.106089743818945960e-03
1.029800000000065575e-08,2.714833920104380294e+00,1.010212737347107176e-01,3.189101216384941928e+00,5.106091993695398637e-03
1.030000000000065637e-08,2.715425954393185570e+00,1.010212764776901168e-01,3.189700803117040628e+00,5.106094243679105797e-03
1.030200000000065698e-08,2.716017991466781911e+00,1.010212792192577425e-01,3.190300389854148655e+00,5.106096493657895884e-03
1.030400000000065760e-08,2.716610031323639429e+00,1.010212819594145939e-01,3.190899976596266452e+00,5.106098743778076342e-03
1.030600000000065821e-08,2.717202073962227793e+00,1.010212846981616286e-01,3.191499563343394019e+00,5.106100993895669460e-03
1.030800000000065882e-08,2.717794119381018891e+00,1.010212874354998597e-01,3.192099150095530913e+00,5.106103244187843414e-03
1.031000000000065944e-08,2.718386167578485502e+00,1.010212901714302447e-01,3.192698736852677577e+00,5.106105494545177051e-03
1.031200000000066005e-08,2.718978218553102622e+00,1.010212929059537690e-01,3.193298323614833567e+00,5.106107744920233490e-03
1.031400000000066066e-08,2.719570272303343916e+00,1.010212956390714456e-01,3.193897910381999772e+00,5.106109995445704333e-03
1.031600000000066128e-08,2.720162328827686160e+00,1.010212983707842460e-01,3.194497497154175747e+00,5.106112245964159087e-03
1.031800000000066189e-08,2.720754388124605683e+00,1.010213011010931139e-01,3.195097083931360604e+00,5.106114496663483916e-03
1.032000000000066250e-08,2.721346450192582367e+00,1.010213038299991178e-01,3.195696670713555676e+00,5.106116747386080928e-03
1.032200000000066312e-08,2.721938515030093875e+00,1.010213065575031599e-01,3.196296257500760518e+00,5.106118998165206507e-03
1.032400000000066373e-08,2.722530582635622309e+00,1.010213092836062670e-01,3.196895844292975131e+00,5.106121249101236957e-03
1.032600000000066434e-08,2.723122653007648442e+00,1.010213120083093968e-01,3.197495431090199514e+00,5.106123500009375656e-03
1.032800000000066496e-08,2.723714726144655263e+00,1.010213147316135346e-01,3.198095017892433667e+00,5.106125751096748586e-03
1.033000000000066557e-08,2.724306802045126652e+00,1.010213174535196656e-01,3.198694604699678035e+00,5.106128002189650947e-03
1.033200000000066618e-08,2.724898880707547377e+00,1.010213201740287614e-01,3.199294191511932173e+00,5.106130253371101400e-03
1.033400000000066680e-08,2.725490962130403982e+00,1.010213228931417795e-01,3.199893778329196081e+00,5.106132504701020765e-03
1.033600000000066741e-08,2.726083046312183011e+00,1.010213256108597329e-01,3.200493365151469760e+00,5.106134756004612231e-03
1.033800000000066802e-08,2.726675133251372340e+00,1.010213283271835794e-01,3.201092951978753653e+00,5.106137007472842833e-03
1.034000000000066864e-08,2.727267222946462510e+00,1.010213310421142624e-01,3.201692538811047317e+00,5.106139258937008110e-03
1.034200000000066925e-08,2.727859315395942730e+00,1.010213337556527813e-01,3.202292125648350751e+00,5.106141510527487277e-03
1.034400000000066986e-08,2.728451410598306204e+00,1.010213364678001352e-01,3.202891712490664844e+00,5.106143762241314825e-03
1.034600000000067048e-08,2.729043508552043473e+00,1.010213391785572679e-01,3.203491299337988707e+00,5.106146013934670901e-03
1.034800000000067109e-08,2.729635609255649964e+00,1.010213418879251368e-01,3.204090886190322784e+00,5.106148265776140269e-03
1.035000000000067171e-08,2.730227712707619325e+00,1.010213445959047551e-01,3.204690473047666632e+00,5.106150517616459515e-03
1.035200000000067232e-08,2.730819818906448759e+00,1.010213473024970249e-01,3.205290059910020695e+00,5.106152769617656149e-03
1.035400000000067293e-08,2.731411927850634136e+00,1.010213500077029730e-01,3.205889646777384971e+00,5.106155021712585965e-03
1.035600000000067355e-08,2.732004039538673545e+00,1.010213527115235294e-01,3.206489233649759019e+00,5.106157273809977352e-03
1.035800000000067416e-08,2.732596153969066410e+00,1.010213554139596931e-01,3.207088820527144168e+00,5.106159526050283066e-03
1.036000000000067477e-08,2.733188271140313930e+00,1.010213581150124218e-01,3.207688407409539089e+00,5.106161778288635482e-03
1.036200000000067539e-08,2.733780391050915970e+00,1.010213608146826314e-01,3.208287994296943779e+00,5.106164030706207384e-03
1.036400000000067600e-08,2.734372513699375951e+00,1.010213635129713489e-01,3.208887581189359128e+00,5.106166283172283021e-03
1.036600000000067661e-08,2.734964639084196847e+00,1.010213662098795040e-01,3.209487168086784692e+00,5.106168535668280037e-03
1.036800000000067723e-08,2.735556767203883410e+00,1.010213689054080682e-01,3.210086754989220470e+00,5.106170788318088911e-03
1.037000000000067784e-08,2.736148898056941281e+00,1.010213715995580130e-01,3.210686341896666463e+00,5.106173040952970490e-03
1.037200000000067845e-08,2.736741031641877431e+00,1.010213742923302821e-01,3.211285928809123114e+00,5.106175293766755836e-03
1.037400000000067907e-08,2.737333167957199720e+00,1.010213769837258330e-01,3.211885515726590423e+00,5.106177546595192657e-03
1.037600000000067968e-08,2.737925307001417341e+00,1.010213796737456371e-01,3.212485102649067947e+00,5.106179799493008008e-03
1.037800000000068029e-08,2.738517448773039042e+00,1.010213823623906521e-01,3.213084689576555242e+00,5.106182052546476627e-03
1.038000000000068091e-08,2.739109593270577570e+00,1.010213850496618215e-01,3.213684276509053639e+00,5.106184305572231304e-03
1.038200000000068152e-08,2.739701740492543891e+00,1.010213877355600892e-01,3.214283863446562250e+00,5.106186558776517649e-03
1.038400000000068213e-08,2.740293890437452085e+00,1.010213904200864682e-01,3.214883450389081077e+00,5.106188811980831750e-03
1.038600000000068275e-08,2.740886043103815783e+00,1.010213931032418605e-01,3.215483037336611005e+00,5.106191065283174207e-03
1.038800000000068336e-08,2.741478198490149953e+00,1.010213957850272237e-01,3.216082624289151148e+00,5.106193318726994640e-03
1.039000000000068397e-08,2.742070356594972669e+00,1.010213984654435154e-01,3.216682211246701506e+00,5.106195572144569574e-03
1.039200000000068459e-08,2.742662517416800227e+00,1.010214011444917070e-01,3.217281798209262966e+00,5.106197825719653062e-03
1.039400000000068520e-08,2.743254680954150704e+00,1.010214038221727145e-01,3.217881385176834641e+00,5.106200079290782248e-03
1.039600000000068582e-08,2.743846847205545725e+00,1.010214064984875509e-01,3.218480972149417418e+00,5.106202333001436111e-03
1.039800000000068643e-08,2.744439016169504697e+00,1.010214091734371045e-01,3.219080559127010854e+00,5.106204586828896712e-03
1.040000000000068704e-08,2.745031187844549248e+00,1.010214118470223466e-01,3.219680146109614505e+00,5.106206840642068395e-03
1.040200000000068766e-08,2.745623362229202780e+00,1.010214145192442070e-01,3.220279733097228370e+00,5.106209094599520500e-03
1.040400000000068827e-08,2.746215539321989141e+00,1.010214171901036573e-01,3.220879320089853781e+00,5.106211348555002826e-03
1.040600000000068888e-08,2.746807719121432623e+00,1.010214198596016411e-01,3.221478907087490295e+00,5.106213602678193880e-03
1.040800000000068950e-08,2.747399901626061069e+00,1.010214225277390743e-01,3.222078494090137024e+00,5.106215856882582137e-03
1.041000000000069011e-08,2.747992086834399661e+00,1.010214251945169284e-01,3.222678081097794411e+00,5.106218111095100175e-03
1.041200000000069072e-08,2.748584274744978018e+00,1.010214278599361470e-01,3.223277668110462457e+00,5.106220365453466824e-03
1.041400000000069134e-08,2.749176465356323984e+00,1.010214305239976740e-01,3.223877255128141606e+00,5.106222619808881841e-03
1.041600000000069195e-08,2.749768658666969401e+00,1.010214331867024390e-01,3.224476842150831857e+00,5.106224874345553777e-03
1.041800000000069256e-08,2.750360854675444777e+00,1.010214358480513858e-01,3.225076429178533211e+00,5.106227128918641028e-03
1.042000000000069318e-08,2.750953053380282398e+00,1.010214385080454580e-01,3.225676016211244779e+00,5.106229383533005158e-03
1.042200000000069379e-08,2.751545254780015881e+00,1.010214411666855994e-01,3.226275603248967450e+00,5.106231638302794439e-03
1.042400000000069440e-08,2.752137458873180620e+00,1.010214438239727536e-01,3.226875190291700779e+00,5.106233893050362779e-03
1.042600000000069502e-08,2.752729665658311120e+00,1.010214464799078227e-01,3.227474777339445211e+00,5.106236147976654476e-03
1.042800000000069563e-08,2.753321875133944552e+00,1.010214491344917920e-01,3.228074364392201190e+00,5.106238402912736951e-03
1.043000000000069624e-08,2.753914087298618529e+00,1.010214517877255636e-01,3.228673951449967827e+00,5.106240657927207244e-03
1.043200000000069686e-08,2.754506302150871999e+00,1.010214544396100950e-01,3.229273538512745567e+00,5.106242913096855490e-03
1.043400000000069747e-08,2.755098519689244352e+00,1.010214570901463021e-01,3.229873125580533966e+00,5.106245168238941583e-03
1.043600000000069808e-08,2.755690739912277643e+00,1.010214597393351288e-01,3.230472712653333911e+00,5.106247423554979674e-03
1.043800000000069870e-08,2.756282962818511706e+00,1.010214623871775186e-01,3.231072299731144515e+00,5.106249678867919549e-03
1.044000000000069931e-08,2.756875188406490818e+00,1.010214650336743875e-01,3.231671886813966665e+00,5.106251934288649937e-03
1.044200000000069993e-08,2.757467416674759253e+00,1.010214676788266652e-01,3.232271473901799919e+00,5.106254189843566389e-03
1.044400000000070054e-08,2.758059647621861732e+00,1.010214703226353095e-01,3.232871060994644274e+00,5.106256445373300729e-03
1.044600000000070115e-08,2.758651881246344306e+00,1.010214729651012083e-01,3.233470648092500177e+00,5.106258701056390695e-03
1.044800000000070177e-08,2.759244117546753916e+00,1.010214756062253194e-01,3.234070235195366738e+00,5.106260956736921076e-03
1.045000000000070238e-08,2.759836356521639278e+00,1.010214782460085725e-01,3.234669822303244846e+00,5.106263212566097311e-03
1.045200000000070299e-08,2.760428598169548664e+00,1.010214808844518697e-01,3.235269409416133612e+00,5.106265468503633047e-03
1.045400000000070361e-08,2.761020842489033900e+00,1.010214835215561407e-01,3.235868996534034370e+00,5.106267724434404229e-03
1.045600000000070422e-08,2.761613089478644589e+00,1.010214861573223433e-01,3.236468583656946230e+00,5.106269980507723710e-03
1.045800000000070483e-08,2.762205339136934334e+00,1.010214887917513932e-01,3.237068170784869636e+00,5.106272236577931098e-03
1.046000000000070545e-08,2.762797591462456737e+00,1.010214914248441925e-01,3.237667757917804146e+00,5.106274492820700103e-03
1.046200000000070606e-08,2.763389846453764953e+00,1.010214940566016850e-01,3.238267345055749757e+00,5.106276749132153750e-03
1.046400000000070667e-08,2.763982104109415694e+00,1.010214966870247588e-01,3.238866932198707360e+00,5.106279005458056776e-03
1.046600000000070729e-08,2.764574364427964781e+00,1.010214993161143854e-01,3.239466519346676066e+00,5.106281261933918840e-03
1.046800000000070790e-08,2.765166627407970257e+00,1.010215019438714529e-01,3.240066106499656318e+00,5.106283518404457905e-03
1.047000000000070851e-08,2.765758893047989719e+00,1.010215045702969050e-01,3.240665693657647672e+00,5.106285775055939904e-03
1.047200000000070913e-08,2.766351161346584320e+00,1.010215071953916438e-01,3.241265280820651018e+00,5.106288031733990061e-03
1.047400000000070974e-08,2.766943432302313433e+00,1.010215098191565714e-01,3.241864867988665466e+00,5.106290288463395839e-03
1.047600000000071035e-08,2.767535705913739097e+00,1.010215124415926452e-01,3.242464455161691905e+00,5.106292545349312706e-03
1.047800000000071097e-08,2.768127982179424240e+00,1.010215150627007535e-01,3.243064042339729447e+00,5.106294802207799258e-03
1.048000000000071158e-08,2.768720261097933122e+00,1.010215176824818262e-01,3.243663629522778979e+00,5.106297059246536589e-03
1.048200000000071219e-08,2.769312542667829113e+00,1.010215203009367652e-01,3.244263216710839615e+00,5.106299316292318632e-03
1.048400000000071281e-08,2.769904826887678695e+00,1.010215229180664864e-01,3.244862803903911797e+00,5.106301573421897361e-03
1.048600000000071342e-08,2.770497113756049679e+00,1.010215255338719059e-01,3.245462391101996413e+00,5.106303830703223627e-03
1.048800000000071404e-08,2.771089403271508544e+00,1.010215281483539534e-01,3.246061978305092133e+00,5.106306087957794386e-03
1.049000000000071465e-08,2.771681695432625325e+00,1.010215307615135311e-01,3.246661565513199843e+00,5.106308345381558797e-03
1.049200000000071526e-08,2.772273990237969166e+00,1.010215333733515269e-01,3.247261152726319100e+00,5.106310602800870173e-03
1.049400000000071588e-08,2.772866287686110986e+00,1.010215359838688987e-01,3.247860739944449460e+00,5.106312860337997028e-03
1.049600000000071649e-08,2.773458587775623041e+00,1.010215385930665344e-01,3.248460327167592254e+00,5.106315118002432638e-03
1.049800000000071710e-08,2.774050890505078470e+00,1.010215412009453084e-01,3.249059914395747040e+00,5.106317375644070511e-03
1.050000000000071772e-08,2.774643195873051305e+00,1.010215438075061645e-01,3.249659501628913372e+00,5.106319633436207789e-03
1.050200000000071833e-08,2.775235503878116017e+00,1.010215464127500185e-01,3.250259088867091695e+00,5.106321891226252123e-03
1.050400000000071894e-08,2.775827814518848857e+00,1.010215490166777585e-01,3.250858676110281564e+00,5.106324149172032124e-03
1.050600000000071956e-08,2.776420127793827408e+00,1.010215516192903146e-01,3.251458263358483425e+00,5.106326407218271697e-03
1.050800000000072017e-08,2.777012443701628808e+00,1.010215542205885469e-01,3.252057850611697720e+00,5.106328665263055837e-03
1.051000000000072078e-08,2.777604762240833303e+00,1.010215568205733855e-01,3.252657437869923118e+00,5.106330923449657090e-03
1.051200000000072140e-08,2.778197083410020252e+00,1.010215594192457322e-01,3.253257025133160063e+00,5.106333181633339671e-03
1.051400000000072201e-08,2.778789407207770790e+00,1.010215620166065170e-01,3.253856612401409887e+00,5.106335439993009949e-03
1.051600000000072262e-08,2.779381733632667384e+00,1.010215646126566003e-01,3.254456199674671257e+00,5.106337698410524581e-03
1.051800000000072324e-08,2.779974062683292502e+00,1.010215672073969118e-01,3.255055786952944619e+00,5.106339956849573203e-03
1.052000000000072385e-08,2.780566394358231719e+00,1.010215698008282981e-01,3.255655374236230415e+00,5.106342215441012945e-03
1.052200000000072446e-08,2.781158728656068835e+00,1.010215723929517445e-01,3.256254961524528202e+00,5.106344474023298552e-03
1.052400000000072508e-08,2.781751065575390758e+00,1.010215749837680976e-01,3.256854548817837536e+00,5.106346732785764682e-03
1.052600000000072569e-08,2.782343405114784840e+00,1.010215775732782595e-01,3.257454136116159304e+00,5.106348991568025741e-03
1.052800000000072630e-08,2.782935747272838434e+00,1.010215801614831321e-01,3.258053723419493064e+00,5.106351250410061035e-03
1.053000000000072692e-08,2.783528092048141556e+00,1.010215827483835899e-01,3.258653310727839258e+00,5.106353509408620428e-03
1.053200000000072753e-08,2.784120439439284223e+00,1.010215853339805764e-01,3.259252898041197444e+00,5.106355768377863862e-03
1.053400000000072815e-08,2.784712789444857783e+00,1.010215879182749382e-01,3.259852485359567620e+00,5.106358027528488247e-03
1.053600000000072876e-08,2.785305142063453587e+00,1.010215905012676052e-01,3.260452072682950231e+00,5.106360286683053924e-03
1.053800000000072937e-08,2.785897497293666092e+00,1.010215930829594516e-01,3.261051660011345277e+00,5.106362545925825953e-03
1.054000000000072999e-08,2.786489855134089311e+00,1.010215956633513934e-01,3.261651247344752313e+00,5.106364805316853522e-03
1.054200000000073060e-08,2.787082215583318590e+00,1.010215982424442771e-01,3.262250834683171341e+00,5.106367064681429160e-03
1.054400000000073121e-08,2.787674578639949274e+00,1.010216008202390464e-01,3.262850422026602804e+00,5.106369324211473999e-03
1.054600000000073183e-08,2.788266944302578931e+00,1.010216033967365618e-01,3.263450009375046701e+00,5.106371583736612173e-03
1.054800000000073244e-08,2.788859312569806459e+00,1.010216059719376974e-01,3.264049596728503477e+00,5.106373843387198609e-03
1.055000000000073305e-08,2.789451683440230756e+00,1.010216085458433832e-01,3.264649184086971800e+00,5.106376103160680663e-03
1.055200000000073367e-08,2.790044056912452053e+00,1.010216111184544657e-01,3.265248771450452558e+00,5.106378362913345167e-03
1.055400000000073428e-08,2.790636432985071025e+00,1.010216136897718608e-01,3.265848358818945751e+00,5.106380622814721444e-03
1.055600000000073489e-08,2.791228811656691011e+00,1.010216162597964706e-01,3.266447946192451379e+00,5.106382882714252842e-03
1.055800000000073551e-08,2.791821192925914463e+00,1.010216188285291278e-01,3.267047533570969442e+00,5.106385142773193185e-03
1.056000000000073612e-08,2.792413576791346053e+00,1.010216213959707759e-01,3.267647120954500384e+00,5.106387402926376717e-03
1.056200000000073673e-08,2.793005963251591339e+00,1.010216239621222478e-01,3.268246708343043760e+00,5.106389663081713041e-03
1.056400000000073735e-08,2.793598352305255439e+00,1.010216265269844593e-01,3.268846295736599572e+00,5.106391923379981906e-03
1.056600000000073796e-08,2.794190743950946132e+00,1.010216290905582709e-01,3.269445883135167819e+00,5.106394183675491694e-03
1.056800000000073857e-08,2.794783138187271199e+00,1.010216316528446123e-01,3.270045470538748500e+00,5.106396444148858342e-03
1.057000000000073919e-08,2.795375535012840640e+00,1.010216342138443024e-01,3.270645057947341616e+00,5.106398704672457378e-03
1.057200000000073980e-08,2.795967934426264456e+00,1.010216367735582432e-01,3.271244645360947612e+00,5.106400965222785034e-03
1.057400000000074041e-08,2.796560336426153093e+00,1.010216393319873229e-01,3.271844232779566042e+00,5.106403225926637451e-03
1.057600000000074103e-08,2.797152741011120103e+00,1.010216418891324297e-01,3.272443820203196907e+00,5.106405486617993789e-03
1.057800000000074164e-08,2.797745148179777264e+00,1.010216444449944379e-01,3.273043407631841095e+00,5.106407747489209725e-03
1.058000000000074226e-08,2.798337557930739461e+00,1.010216469995741939e-01,3.273642995065497718e+00,5.106410008376182155e-03
1.058200000000074287e-08,2.798929970262621136e+00,1.010216495528726138e-01,3.274242582504167220e+00,5.106412269328778307e-03
1.058400000000074348e-08,2.799522385174039396e+00,1.010216521048905580e-01,3.274842169947849158e+00,5.106414530437325232e-03
1.058600000000074410e-08,2.800114802663610014e+00,1.010216546556288869e-01,3.275441757396543530e+00,5.106416791516407011e-03
1.058800000000074471e-08,2.800707222729952317e+00,1.010216572050885164e-01,3.276041344850251225e+00,5.106419052777149033e-03
1.059000000000074532e-08,2.801299645371685187e+00,1.010216597532702515e-01,3.276640932308971355e+00,5.106421314039104493e-03
1.059200000000074594e-08,2.801892070587427064e+00,1.010216623001750219e-01,3.277240519772704364e+00,5.106423575392684579e-03
1.059400000000074655e-08,2.802484498375801270e+00,1.010216648458037020e-01,3.277840107241450252e+00,5.106425836891716023e-03
1.059600000000074716e-08,2.803076928735428464e+00,1.010216673901571105e-01,3.278439694715209018e+00,5.106428098364511510e-03
1.059800000000074778e-08,2.803669361664931525e+00,1.010216699332361773e-01,3.279039282193980664e+00,5.106430359999996303e-03
1.060000000000074839e-08,2.804261797162934222e+00,1.010216724750417489e-01,3.279638869677765189e+00,5.106432621630287334e-03
1.060200000000074900e-08,2.804854235228062986e+00,1.010216750155746995e-01,3.280238457166563038e+00,5.106434883391513559e-03
1.060400000000074962e-08,2.805446675858942474e+00,1.010216775548358897e-01,3.280838044660373320e+00,5.106437145272728871e-03
1.060600000000075023e-08,2.806039119054199560e+00,1.010216800928261799e-01,3.281437632159196927e+00,5.106439407135282896e-03
1.060800000000075084e-08,2.806631564812462898e+00,1.010216826295464304e-01,3.282037219663033412e+00,5.106441669145057698e-03
1.061000000000075146e-08,2.807224013132359808e+00,1.010216851649975572e-01,3.282636807171882776e+00,5.106443931152824557e-03
1.061200000000075207e-08,2.807816464012521607e+00,1.010216876991803930e-01,3.283236394685745019e+00,5.106446193322546068e-03
1.061400000000075268e-08,2.808408917451577391e+00,1.010216902320957705e-01,3.283835982204620585e+00,5.106448455581639664e-03
1.061600000000075330e-08,2.809001373448160699e+00,1.010216927637446194e-01,3.284435569728509474e+00,5.106450717845878451e-03
1.061800000000075391e-08,2.809593832000903735e+00,1.010216952941277446e-01,3.285035157257411242e+00,5.106452980253930150e-03
1.062000000000075452e-08,2.810186293108439592e+00,1.010216978232460483e-01,3.285634744791325890e+00,5.106455242658571383e-03
1.062200000000075514e-08,2.810778756769402698e+00,1.010217003511003631e-01,3.286234332330253416e+00,5.106457505242066076e-03
1.062400000000075575e-08,2.811371222982429696e+00,1.010217028776915632e-01,3.286833919874194265e+00,5.106459767870686998e-03
1.062600000000075637e-08,2.811963691746156346e+00,1.010217054030205230e-01,3.287433507423148438e+00,5.106462030530299623e-03
1.062800000000075698e-08,2.812556163059220182e+00,1.010217079270880891e-01,3.288033094977115933e+00,5.106464293344535957e-03
1.063000000000075759e-08,2.813148636920260071e+00,1.010217104498950941e-01,3.288632682536096752e+00,5.106466556143501520e-03
1.063200000000075821e-08,2.813741113327915766e+00,1.010217129714424400e-01,3.289232270100090894e+00,5.106468819122078617e-03
1.063400000000075882e-08,2.814333592280827467e+00,1.010217154917309595e-01,3.289831857669098358e+00,5.106471082113770224e-03
1.063600000000075943e-08,2.814926073777635818e+00,1.010217180107615131e-01,3.290431445243118702e+00,5.106473345174397140e-03
1.063800000000076005e-08,2.815518557816984124e+00,1.010217205285349612e-01,3.291031032822152813e+00,5.106475608391012992e-03
1.064000000000076066e-08,2.816111044397514362e+00,1.010217230450521642e-01,3.291630620406200247e+00,5.106477871578182781e-03
1.064200000000076127e-08,2.816703533517872504e+00,1.010217255603139686e-01,3.292230207995260560e+00,5.106480134946762145e-03
1.064400000000076189e-08,2.817296025176702745e+00,1.010217280743212209e-01,3.292829795589334196e+00,5.106482398314959870e-03
1.064600000000076250e-08,2.817888519372651501e+00,1.010217305870747817e-01,3.293429383188421600e+00,5.106484661776843070e-03
1.064800000000076311e-08,2.818481016104365633e+00,1.010217330985755113e-01,3.294028970792522770e+00,5.106486925381803661e-03
1.065000000000076373e-08,2.819073515370494221e+00,1.010217356088242563e-01,3.294628558401636820e+00,5.106489188961015752e-03
1.065200000000076434e-08,2.819666017169684569e+00,1.010217381178218493e-01,3.295228146015764192e+00,5.106491452701706311e-03
1.065400000000076495e-08,2.820258521500588422e+00,1.010217406255691786e-01,3.295827733634905776e+00,5.106493716436715652e-03
1.065600000000076557e-08,2.820851028361855750e+00,1.010217431320670628e-01,3.296427321259060239e+00,5.106495980305822587e-03
1.065800000000076618e-08,2.821443537752138742e+00,1.010217456373163347e-01,3.297026908888228469e+00,5.106498244292985260e-03
1.066000000000076679e-08,2.822036049670090474e+00,1.010217481413178964e-01,3.297626496522410022e+00,5.106500508263364484e-03
1.066200000000076741e-08,2.822628564114364025e+00,1.010217506440725388e-01,3.298226084161605343e+00,5.106502772380255850e-03
1.066400000000076802e-08,2.823221081083615136e+00,1.010217531455811502e-01,3.298825671805813986e+00,5.106505036494677838e-03
1.066600000000076863e-08,2.823813600576499105e+00,1.010217556458445493e-01,3.299425259455036841e+00,5.106507300772489093e-03
1.066800000000076925e-08,2.824406122591672119e+00,1.010217581448635965e-01,3.300024847109272574e+00,5.106509565136547329e-03
1.067000000000076986e-08,2.824998647127792584e+00,1.010217606426391385e-01,3.300624434768522519e+00,5.106511829507136800e-03
1.067200000000077048e-08,2.825591174183518017e+00,1.010217631391720078e-01,3.301224022432786231e+00,5.106514094022148072e-03
1.067400000000077109e-08,2.826183703757508603e+00,1.010217656344630371e-01,3.301823610102063267e+00,5.106516358533753214e-03
1.067600000000077170e-08,2.826776235848424967e+00,1.010217681285131008e-01,3.302423197776354513e+00,5.106518623224425187e-03
1.067800000000077232e-08,2.827368770454928182e+00,1.010217706213230038e-01,3.303022785455659083e+00,5.106520887957263950e-03
1.068000000000077293e-08,2.827961307575681538e+00,1.010217731128936203e-01,3.303622373139977419e+00,5.106523152723574203e-03
1.068200000000077354e-08,2.828553847209346550e+00,1.010217756032257830e-01,3.304221960829309523e+00,5.106525417644935776e-03
1.068400000000077416e-08,2.829146389354588731e+00,1.010217780923203246e-01,3.304821548523655395e+00,5.106527682549632727e-03
1.068600000000077477e-08,2.829738934010072260e+00,1.010217805801780638e-01,3.305421136223015033e+00,5.106529947633980243e-03
1.068800000000077538e-08,2.830331481174463981e+00,1.010217830667998612e-01,3.306020723927388882e+00,5.106532212729883620e-03
1.069000000000077600e-08,2.830924030846431183e+00,1.010217855521865493e-01,3.306620311636776499e+00,5.106534477896385905e-03
1.069200000000077661e-08,2.831516583024640710e+00,1.010217880363389747e-01,3.307219899351177883e+00,5.106536743219113050e-03
1.069400000000077722e-08,2.832109137707762958e+00,1.010217905192579563e-01,3.307819487070593034e+00,5.106539008512261425e-03
1.069600000000077784e-08,2.832701694894466549e+00,1.010217930009443404e-01,3.308419074795021952e+00,5.106541273986682332e-03
1.069800000000077845e-08,2.833294254583422767e+00,1.010217954813989599e-01,3.309018662524465526e+00,5.106543539459973934e-03
1.070000000000077906e-08,2.833886816773302453e+00,1.010217979606226474e-01,3.309618250258922867e+00,5.106545805027865211e-03
1.070200000000077968e-08,2.834479381462780001e+00,1.010218004386162216e-01,3.310217837998393975e+00,5.106548070737770492e-03
1.070400000000078029e-08,2.835071948650528029e+00,1.010218029153805291e-01,3.310817425742878850e+00,5.106550336422087735e-03
1.070600000000078090e-08,2.835664518335220929e+00,1.010218053909164027e-01,3.311417013492378381e+00,5.106552602267601555e-03
1.070800000000078152e-08,2.836257090515534429e+00,1.010218078652246748e-01,3.312016601246891234e+00,5.106554868107258081e-03
1.071000000000078213e-08,2.836849665190144254e+00,1.010218103383061644e-01,3.312616189006418743e+00,5.106557134082116353e-03
1.071200000000078274e-08,2.837442242357728794e+00,1.010218128101617180e-01,3.313215776770960463e+00,5.106559400173999071e-03
1.071400000000078336e-08,2.838034822016965997e+00,1.010218152807921405e-01,3.313815364540515951e+00,5.106561666249758401e-03
1.071600000000078397e-08,2.838627404166534252e+00,1.010218177501982784e-01,3.314414952315085650e+00,5.106563932471863340e-03
1.071800000000078459e-08,2.839219988805114614e+00,1.010218202183809366e-01,3.315014540094669560e+00,5.106566198691277723e-03
1.072000000000078520e-08,2.839812575931387251e+00,1.010218226853409756e-01,3.315614127879267681e+00,5.106568465074469952e-03
1.072200000000078581e-08,2.840405165544034993e+00,1.010218251510792004e-01,3.316213715668880013e+00,5.106570731542625467e-03
1.072400000000078643e-08,2.840997757641739341e+00,1.010218276155964295e-01,3.316813303463506113e+00,5.106572998017695590e-03
1.072600000000078704e-08,2.841590352223185789e+00,1.010218300788934959e-01,3.317412891263147312e+00,5.106575264637523183e-03
1.072800000000078765e-08,2.842182949287058946e+00,1.010218325409712320e-01,3.318012479067802278e+00,5.106577531254025311e-03
1.073000000000078827e-08,2.842775548832042531e+00,1.010218350018304706e-01,3.318612066877471900e+00,5.106579798049436410e-03
1.073200000000078888e-08,2.843368150856825149e+00,1.010218374614720027e-01,3.319211654692155733e+00,5.106582064885954383e-03
1.073400000000078949e-08,2.843960755360093628e+00,1.010218399198966610e-01,3.319811242511853333e+00,5.106584331756564878e-03
1.073600000000079011e-08,2.844553362340536129e+00,1.010218423771052781e-01,3.320410830336565589e+00,5.106586598782376744e-03
1.073800000000079072e-08,2.845145971796842588e+00,1.010218448330986452e-01,3.321010418166292499e+00,5.106588865791295007e-03
1.074000000000079133e-08,2.845738583727702498e+00,1.010218472878776225e-01,3.321610006001033621e+00,5.106591132980111032e-03
1.074200000000079195e-08,2.846331198131807572e+00,1.010218497414430011e-01,3.322209593840788955e+00,5.106593400179929541e-03
1.074400000000079256e-08,2.846923815007849079e+00,1.010218521937956138e-01,3.322809181685558944e+00,5.106595667450438032e-03
1.074600000000079317e-08,2.847516434354520953e+00,1.010218546449362653e-01,3.323408769535343588e+00,5.106597934877269394e-03
1.074800000000079379e-08,2.848109056170517128e+00,1.010218570948657746e-01,3.324008357390142443e+00,5.106600202274218410e-03
1.075000000000079440e-08,2.848701680454531981e+00,1.010218595435849742e-01,3.324607945249955510e+00,5.106602469852896189e-03
1.075200000000079501e-08,2.849294307205261223e+00,1.010218619910946553e-01,3.325207533114783676e+00,5.106604737430265988e-03
1.075400000000079563e-08,2.849886936421402339e+00,1.010218644373956365e-01,3.325807120984626053e+00,5.106607005101701166e-03
1.075600000000079624e-08,2.850479568101651040e+00,1.010218668824887506e-01,3.326406708859483530e+00,5.106609272915289127e-03
1.075800000000079685e-08,2.851072202244707920e+00,1.010218693263748024e-01,3.327006296739354774e+00,5.106611540703377521e-03
1.076000000000079747e-08,2.851664838849271355e+00,1.010218717690545970e-01,3.327605884624241117e+00,5.106613808653204592e-03
1.076200000000079808e-08,2.852257477914042383e+00,1.010218742105289391e-01,3.328205472514142116e+00,5.106616076597023449e-03
1.076400000000079870e-08,2.852850119437720267e+00,1.010218766507986615e-01,3.328805060409057326e+00,5.106618344675314600e-03
1.076600000000079931e-08,2.853442763419009598e+00,1.010218790898645691e-01,3.329404648308987635e+00,5.106620612870625860e-03
1.076800000000079992e-08,2.854035409856611860e+00,1.010218815277274529e-01,3.330004236213932600e+00,5.106622881049563932e-03
1.077000000000080054e-08,2.854628058749231201e+00,1.010218839643881455e-01,3.330603824123892220e+00,5.106625149375181548e-03
1.077200000000080115e-08,2.855220710095573100e+00,1.010218863998474659e-01,3.331203412038866496e+00,5.106627417697864879e-03
1.077400000000080176e-08,2.855813363894342594e+00,1.010218888341061771e-01,3.331802999958854983e+00,5.106629686183804771e-03
1.077600000000080238e-08,2.856406020144246938e+00,1.010218912671651259e-01,3.332402587883859013e+00,5.106631954755394033e-03
1.077800000000080299e-08,2.856998678843993389e+00,1.010218936990251032e-01,3.333002175813877699e+00,5.106634223333457283e-03
1.078000000000080360e-08,2.857591339992290536e+00,1.010218961296869139e-01,3.333601763748911040e+00,5.106636492056114071e-03
1.078200000000080422e-08,2.858184003587847855e+00,1.010218985591513630e-01,3.334201351688959036e+00,5.106638760775362995e-03
1.078400000000080483e-08,2.858776669629374823e+00,1.010219009874192553e-01,3.334800939634022576e+00,5.106641029673135782e-03
1.078600000000080544e-08,2.859369338115583581e+00,1.010219034144914096e-01,3.335400527584100772e+00,5.106643298612787395e-03
1.078800000000080606e-08,2.859962009045186271e+00,1.010219058403686032e-01,3.336000115539193178e+00,5.106645567585249568e-03
1.079000000000080667e-08,2.860554682416895034e+00,1.010219082650516548e-01,3.336599703499301128e+00,5.106647836712913113e-03
1.079200000000080728e-08,2.861147358229423343e+00,1.010219106885413554e-01,3.337199291464423734e+00,5.106650105824543477e-03
1.079400000000080790e-08,2.861740036481487337e+00,1.010219131108385099e-01,3.337798879434561439e+00,5.106652375116220791e-03
1.079600000000080851e-08,2.862332717171802265e+00,1.010219155319439371e-01,3.338398467409714243e+00,5.106654644419497333e-03
1.079800000000080912e-08,2.862925400299084711e+00,1.010219179518584282e-01,3.338998055389881703e+00,5.106656913792205314e-03
1.080000000000080974e-08,2.863518085862051699e+00,1.010219203705827601e-01,3.339597643375064262e+00,5.106659183321119073e-03
1.080200000000081035e-08,2.864110773859421588e+00,1.010219227881177378e-01,3.340197231365262365e+00,5.106661452819742826e-03
1.080400000000081096e-08,2.864703464289913626e+00,1.010219252044641941e-01,3.340796819360475123e+00,5.106663722501185616e-03
1.080600000000081158e-08,2.865296157152248391e+00,1.010219276196228783e-01,3.341396407360702980e+00,5.106665992181660431e-03
1.080800000000081219e-08,2.865888852445146906e+00,1.010219300335946230e-01,3.341995995365945493e+00,5.106668261954265542e-03
1.081000000000081281e-08,2.866481550167330639e+00,1.010219324463801915e-01,3.342595583376203550e+00,5.106670531870571676e-03
1.081200000000081342e-08,2.867074250317522832e+00,1.010219348579804027e-01,3.343195171391477150e+00,5.106672801761247271e-03
1.081400000000081403e-08,2.867666952894446730e+00,1.010219372683960476e-01,3.343794759411765405e+00,5.106675071814801257e-03
1.081600000000081465e-08,2.868259657896827353e+00,1.010219396776279172e-01,3.344394347437068760e+00,5.106677341862141464e-03
1.081800000000081526e-08,2.868852365323389719e+00,1.010219420856768024e-01,3.344993935467387658e+00,5.106679612041475913e-03
1.082000000000081587e-08,2.869445075172861070e+00,1.010219444925434806e-01,3.345593523502722100e+00,5.106681882339102890e-03
1.082200000000081649e-08,2.870037787443967314e+00,1.010219468982287983e-01,3.346193111543071197e+00,5.106684152619023545e-03
1.082400000000081710e-08,2.870630502135437911e+00,1.010219493027334769e-01,3.346792699588435394e+00,5.106686423046312429e-03
1.082600000000081771e-08,2.871223219246000102e+00,1.010219517060583494e-01,3.347392287638815578e+00,5.106688693470554270e-03
1.082800000000081833e-08,2.871815938774386456e+00,1.010219541082041927e-01,3.347991875694210862e+00,5.106690964056619791e-03
1.083000000000081894e-08,2.872408660719325546e+00,1.010219565091717842e-01,3.348591463754621245e+00,5.106693234730771101e-03
1.083200000000081955e-08,2.873001385079549497e+00,1.010219589089619424e-01,3.349191051820046727e+00,5.106695505410026835e-03
1.083400000000082017e-08,2.873594111853792210e+00,1.010219613075754308e-01,3.349790639890487753e+00,5.106697776233522224e-03
1.083600000000082078e-08,2.874186841040784923e+00,1.010219637050130403e-01,3.350390227965944323e+00,5.106700047053428469e-03
1.083800000000082139e-08,2.874779572639264202e+00,1.010219661012755621e-01,3.350989816046416436e+00,5.106702318050986011e-03
1.084000000000082201e-08,2.875372306647963505e+00,1.010219684963637732e-01,3.351589404131903649e+00,5.106704589093209214e-03
1.084200000000082262e-08,2.875965043065619398e+00,1.010219708902784785e-01,3.352188992222406405e+00,5.106706860165283537e-03
1.084400000000082323e-08,2.876557781890969334e+00,1.010219732830204276e-01,3.352788580317924705e+00,5.106709131392031011e-03
1.084600000000082385e-08,2.877150523122750769e+00,1.010219756745904529e-01,3.353388168418458548e+00,5.106711402604600589e-03
1.084800000000082446e-08,2.877743266759702045e+00,1.010219780649893040e-01,3.353987756524007935e+00,5.106713673997632583e-03
1.085000000000082507e-08,2.878336012800563726e+00,1.010219804542177580e-01,3.354587344634572865e+00,5.106715945404166797e-03
1.085200000000082569e-08,2.878928761244075929e+00,1.010219828422766059e-01,3.355186932750153339e+00,5.106718216877293576e-03
1.085400000000082630e-08,2.879521512088978774e+00,1.010219852291666526e-01,3.355786520870749357e+00,5.106720488506166430e-03
1.085600000000082692e-08,2.880114265334016821e+00,1.010219876148886475e-01,3.356386108996360473e+00,5.106722760104257484e-03
1.085800000000082753e-08,2.880707020977930188e+00,1.010219899994433679e-01,3.356985697126987578e+00,5.106725031886609131e-03
1.086000000000082814e-08,2.881299779019465213e+00,1.010219923828316185e-01,3.357585285262630670e+00,5.106727303669093485e-03
1.086200000000082876e-08,2.881892539457366009e+00,1.010219947650541628e-01,3.358184873403288861e+00,5.106729575540675838e-03
1.086400000000082937e-08,2.882485302290378471e+00,1.010219971461117638e-01,3.358784461548963041e+00,5.106731847558514462e-03
1.086600000000082998e-08,2.883078067517248044e+00,1.010219995260052406e-01,3.359384049699652763e+00,5.106734119550370397e-03
1.086800000000083060e-08,2.883670835136724175e+00,1.010220019047353146e-01,3.359983637855358030e+00,5.106736391707120473e-03
1.087000000000083121e-08,2.884263605147553644e+00,1.010220042823028047e-01,3.360583226016079283e+00,5.106738663857556156e-03
1.087200000000083182e-08,2.884856377548485451e+00,1.010220066587084742e-01,3.361182814181816525e+00,5.106740936135709986e-03
1.087400000000083244e-08,2.885449152338270817e+00,1.010220090339530863e-01,3.361782402352569310e+00,5.106743208534400211e-03
1.087600000000083305e-08,2.886041929515659632e+00,1.010220114080374321e-01,3.362381990528337639e+00,5.106745480913118564e-03
1.087800000000083366e-08,2.886634709079404892e+00,1.010220137809622748e-01,3.362981578709121955e+00,5.106747753440560832e-03
1.088000000000083428e-08,2.887227491028257820e+00,1.010220161527283778e-01,3.363581166894922259e+00,5.106750025964846770e-03
1.088200000000083489e-08,2.887820275360972300e+00,1.010220185233365459e-01,3.364180755085738550e+00,5.106752298648305731e-03
1.088400000000083550e-08,2.888413062076303106e+00,1.010220208927875146e-01,3.364780343281570385e+00,5.106754571423541972e-03
1.088600000000083612e-08,2.889005851173005457e+00,1.010220232610820612e-01,3.365379931482418208e+00,5.106756844201995257e-03
1.088800000000083673e-08,2.889598642649835014e+00,1.010220256282210044e-01,3.365979519688282018e+00,5.106759117124133086e-03
1.089000000000083734e-08,2.890191436505549216e+00,1.010220279942050242e-01,3.366579107899161816e+00,5.106761390042154417e-03
1.089200000000083796e-08,2.890784232738905501e+00,1.010220303590349672e-01,3.367178696115057601e+00,5.106763663137093255e-03
1.089400000000083857e-08,2.891377031348662641e+00,1.010220327227115550e-01,3.367778284335969374e+00,5.106765936281299108e-03
1.089600000000083918e-08,2.891969832333580737e+00,1.010220350852355786e-01,3.368377872561897135e+00,5.106768209450933405e-03
1.089800000000083980e-08,2.892562635692418560e+00,1.010220374466077875e-01,3.368977460792840439e+00,5.106770482774902579e-03
1.090000000000084041e-08,2.893155441423939322e+00,1.010220398068289449e-01,3.369577049028800175e+00,5.106772756087234362e-03
1.090200000000084103e-08,2.893748249526904015e+00,1.010220421658998557e-01,3.370176637269775899e+00,5.106775029580091010e-03
1.090400000000084164e-08,2.894341060000075849e+00,1.010220445238212555e-01,3.370776225515768054e+00,5.106777303089411919e-03
1.090600000000084225e-08,2.894933872842218925e+00,1.010220468805939076e-01,3.371375813766775753e+00,5.106779576660615619e-03
1.090800000000084287e-08,2.895526688052096898e+00,1.010220492362185751e-01,3.371975402022799884e+00,5.106781850387408402e-03
1.091000000000084348e-08,2.896119505628476976e+00,1.010220515906960215e-01,3.372574990283840002e+00,5.106784124083066367e-03
1.091200000000084409e-08,2.896712325570124147e+00,1.010220539440270099e-01,3.373174578549896108e+00,5.106786397963967647e-03
1.091400000000084471e-08,2.897305147875805620e+00,1.010220562962123175e-01,3.373774166820969089e+00,5.106788671846945390e-03
1.091600000000084532e-08,2.897897972544289935e+00,1.010220586472526938e-01,3.374373755097057614e+00,5.106790945815543881e-03
1.091800000000084593e-08,2.898490799574346966e+00,1.010220609971488881e-01,3.374973343378162127e+00,5.106793219933483848e-03
1.092000000000084655e-08,2.899083628964744808e+00,1.010220633459016776e-01,3.375572931664283516e+00,5.106795494024369067e-03
1.092200000000084716e-08,2.899676460714255111e+00,1.010220656935118116e-01,3.376172519955420892e+00,5.106797768283751447e-03
1.092400000000084777e-08,2.900269294821648636e+00,1.010220680399800536e-01,3.376772108251574700e+00,5.106800042536796015e-03
1.092600000000084839e-08,2.900862131285698364e+00,1.010220703853071528e-01,3.377371696552744940e+00,5.106802316910852291e-03
1.092800000000084900e-08,2.901454970105177722e+00,1.010220727294938725e-01,3.377971284858931167e+00,5.106804591409389721e-03
1.093000000000084961e-08,2.902047811278859690e+00,1.010220750725409761e-01,3.378570873170133826e+00,5.106806865885525799e-03
1.093200000000085023e-08,2.902640654805520359e+00,1.010220774144492129e-01,3.379170461486352917e+00,5.106809140513085890e-03
1.093400000000085084e-08,2.903233500683934043e+00,1.010220797552193323e-01,3.379770049807588439e+00,5.106811415136981377e-03
1.093600000000085145e-08,2.903826348912878164e+00,1.010220820948521253e-01,3.380369638133839949e+00,5.106813689915034801e-03
1.093800000000085207e-08,2.904419199491130588e+00,1.010220844333482720e-01,3.380969226465107891e+00,5.106815964790262230e-03
1.094000000000085268e-08,2.905012052417468738e+00,1.010220867707086051e-01,3.381568814801392264e+00,5.106818239665186082e-03
1.094200000000085330e-08,2.905604907690670924e+00,1.010220891069338045e-01,3.382168403142693069e+00,5.106820514684098922e-03
1.094400000000085391e-08,2.906197765309519010e+00,1.010220914420246890e-01,3.382767991489011195e+00,5.106822789698752148e-03
1.094600000000085452e-08,2.906790625272793083e+00,1.010220937759819665e-01,3.383367579840345307e+00,5.106825064888335756e-03
1.094800000000085514e-08,2.907383487579274561e+00,1.010220961088064140e-01,3.383967168196695408e+00,5.106827340134283133e-03
1.095000000000085575e-08,2.907976352227745309e+00,1.010220984404987671e-01,3.384566756558062828e+00,5.106829615399222262e-03
1.095200000000085636e-08,2.908569219216988966e+00,1.010221007710597890e-01,3.385166344924446680e+00,5.106831890817708705e-03
1.095400000000085698e-08,2.909162088545790503e+00,1.010221031004902015e-01,3.385765933295846963e+00,5.106834166228054091e-03
1.095600000000085759e-08,2.909754960212934005e+00,1.010221054287907538e-01,3.386365521672263679e+00,5.106836441818462038e-03
1.095800000000085820e-08,2.910347834217205776e+00,1.010221077559622371e-01,3.386965110053696826e+00,5.106838717430083920e-03
1.096000000000085882e-08,2.910940710557391231e+00,1.010221100820053591e-01,3.387564698440146405e+00,5.106840993096474490e-03
1.096200000000085943e-08,2.911533589232280228e+00,1.010221124069208831e-01,3.388164286831613303e+00,5.106843268918716955e-03
1.096400000000086004e-08,2.912126470240657738e+00,1.010221147307095446e-01,3.388763875228097078e+00,5.106845544712100560e-03
1.096600000000086066e-08,2.912719353581315840e+00,1.010221170533721069e-01,3.389363463629596840e+00,5.106847820690226143e-03
1.096800000000086127e-08,2.913312239253043501e+00,1.010221193749093055e-01,3.389963052036113478e+00,5.106850096672162047e-03
1.097000000000086188e-08,2.913905127254631022e+00,1.010221216953218898e-01,3.390562640447646992e+00,5.106852372735400970e-03
1.097200000000086250e-08,2.914498017584871370e+00,1.010221240146105814e-01,3.391162228864197381e+00,5.106854648951331989e-03
1.097400000000086311e-08,2.915090910242555289e+00,1.010221263327761299e-01,3.391761817285764646e+00,5.106856925139529983e-03
1.097600000000086372e-08,2.915683805226477077e+00,1.010221286498192844e-01,3.392361405712348787e+00,5.106859201500939249e-03
1.097800000000086434e-08,2.916276702535430587e+00,1.010221309657407945e-01,3.392960994143949360e+00,5.106861477856021979e-03
1.098000000000086495e-08,2.916869602168211006e+00,1.010221332805413819e-01,3.393560582580566809e+00,5.106863754322941464e-03
1.098200000000086556e-08,2.917462504123613520e+00,1.010221355942218097e-01,3.394160171022201133e+00,5.106866030919930514e-03
1.098400000000086618e-08,2.918055408400435535e+00,1.010221379067828135e-01,3.394759759468852334e+00,5.106868307492073988e-03
1.098600000000086679e-08,2.918648314997474458e+00,1.010221402182251288e-01,3.395359347920520410e+00,5.106870584219528122e-03
1.098800000000086741e-08,2.919241223913527250e+00,1.010221425285494912e-01,3.395958936377205362e+00,5.106872860943514544e-03
1.099000000000086802e-08,2.919834135147394427e+00,1.010221448377566222e-01,3.396558524838907633e+00,5.106875137815506706e-03
1.099200000000086863e-08,2.920427048697875616e+00,1.010221471458472714e-01,3.397158113305626781e+00,5.106877414790875376e-03
1.099400000000086925e-08,2.921019964563771776e+00,1.010221494528221881e-01,3.397757701777362360e+00,5.106879691760145626e-03
1.099600000000086986e-08,2.921612882743883421e+00,1.010221517586820938e-01,3.398357290254114815e+00,5.106881968873836809e-03
1.099800000000087047e-08,2.922205803237013733e+00,1.010221540634277243e-01,3.398956878735884590e+00,5.106884245982818218e-03
1.100000000000087109e-08,2.922798726041965445e+00,1.010221563670598427e-01,3.399556467222671685e+00,5.106886523263050662e-03
1.100200000000087170e-08,2.923391651157543514e+00,1.010221586695791568e-01,3.400156055714475656e+00,5.106888800610630275e-03
1.100400000000087231e-08,2.923984578582551119e+00,1.010221609709864021e-01,3.400755644211296502e+00,5.106891077971409398e-03
1.100600000000087293e-08,2.924577508315795438e+00,1.010221632712823281e-01,3.401355232713134669e+00,5.106893355482337513e-03
1.100800000000087354e-08,2.925170440356082313e+00,1.010221655704676286e-01,3.401954821219990155e+00,5.106895632988628711e-03
1.101000000000087415e-08,2.925763374702219810e+00,1.010221678685430807e-01,3.402554409731862073e+00,5.106897910674203581e-03
1.101200000000087477e-08,2.926356311353015549e+00,1.010221701655093784e-01,3.403153998248751311e+00,5.106900188388101280e-03
1.101400000000087538e-08,2.926949250307277151e+00,1.010221724613672711e-01,3.403753586770657868e+00,5.106902466148277066e-03
1.101600000000087599e-08,2.927542191563815788e+00,1.010221747561174943e-01,3.404353175297581746e+00,5.106904744064246632e-03
1.101800000000087661e-08,2.928135135121442634e+00,1.010221770497607557e-01,3.404952763829523388e+00,5.106907021956340331e-03
1.102000000000087722e-08,2.928728080978967085e+00,1.010221793422977909e-01,3.405552352366481461e+00,5.106909300031654657e-03
1.102200000000087783e-08,2.929321029135203425e+00,1.010221816337293493e-01,3.406151940908456854e+00,5.106911578112229531e-03
1.102400000000087845e-08,2.929913979588962825e+00,1.010221839240561387e-01,3.406751529455449123e+00,5.106913856268639577e-03
1.102600000000087906e-08,2.930506932339060455e+00,1.010221862132788945e-01,3.407351118007459156e+00,5.106916134580262272e-03
1.102800000000087967e-08,2.931099887384310154e+00,1.010221885013983384e-01,3.407950706564486509e+00,5.106918412862379922e-03
1.103000000000088029e-08,2.931692844723527092e+00,1.010221907884152198e-01,3.408550295126531182e+00,5.106920691323758692e-03
1.103200000000088090e-08,2.932285804355528658e+00,1.010221930743302188e-01,3.409149883693593175e+00,5.106922969780279369e-03
1.103400000000088152e-08,2.932878766279131799e+00,1.010221953591440985e-01,3.409749472265672487e+00,5.106925248338054987e-03
1.103600000000088213e-08,2.933471730493153462e+00,1.010221976428575530e-01,3.410349060842769120e+00,5.106927527032472172e-03
1.103800000000088274e-08,2.934064696996411925e+00,1.010221999254713177e-01,3.410948649424883516e+00,5.106929805701748010e-03
1.104000000000088336e-08,2.934657665787728575e+00,1.010222022069861419e-01,3.411548238012014789e+00,5.106932084531395563e-03
1.104200000000088397e-08,2.935250636865922580e+00,1.010222044874026920e-01,3.412147826604163381e+00,5.106934363354825000e-03
1.104400000000088458e-08,2.935843610229814438e+00,1.010222067667217311e-01,3.412747415201330181e+00,5.106936642317717531e-03
1.104600000000088520e-08,2.936436585878226868e+00,1.010222090449439947e-01,3.413347003803514301e+00,5.106938921391675733e-03
1.104800000000088581e-08,2.937029563809983035e+00,1.010222113220701490e-01,3.413946592410715741e+00,5.106941200452832542e-03
1.105000000000088642e-08,2.937622544023905213e+00,1.010222135981009711e-01,3.414546181022934501e+00,5.106943479660569149e-03
1.105200000000088704e-08,2.938215526518818344e+00,1.010222158730371411e-01,3.415145769640170581e+00,5.106945758864028795e-03
1.105400000000088765e-08,2.938808511293547809e+00,1.010222181468793945e-01,3.415745358262424425e+00,5.106948038232626309e-03
1.105600000000088826e-08,2.939401498346918995e+00,1.010222204196284390e-01,3.416344946889696033e+00,5.106950317680587423e-03
1.105800000000088888e-08,2.939994487677759061e+00,1.010222226912849963e-01,3.416944535521984960e+00,5.106952597137397361e-03
1.106000000000088949e-08,2.940587479284894723e+00,1.010222249618497881e-01,3.417544124159292096e+00,5.106954876740767146e-03
1.106200000000089010e-08,2.941180473167155807e+00,1.010222272313235359e-01,3.418143712801616996e+00,5.106957156340278040e-03
1.106400000000089072e-08,2.941773469323370804e+00,1.010222294997069475e-01,3.418743301448958771e+00,5.106959436117406402e-03
1.106600000000089133e-08,2.942366467752368209e+00,1.010222317670007447e-01,3.419342890101318311e+00,5.106961715931808768e-03
1.106800000000089194e-08,2.942959468452980509e+00,1.010222340332056074e-01,3.419942478758695614e+00,5.106963995781746077e-03
1.107000000000089256e-08,2.943552471424038419e+00,1.010222362983222849e-01,3.420542067421090682e+00,5.106966275787440737e-03
1.107200000000089317e-08,2.944145476664374872e+00,1.010222385623514851e-01,3.421141656088503513e+00,5.106968555775676273e-03
1.107400000000089378e-08,2.944738484172822357e+00,1.010222408252939297e-01,3.421741244760934109e+00,5.106970835945289292e-03
1.107600000000089440e-08,2.945331493948215140e+00,1.010222430871503124e-01,3.422340833438382468e+00,5.106973116124467575e-03
1.107800000000089501e-08,2.945924505989387487e+00,1.010222453479213411e-01,3.422940422120848591e+00,5.106975396373130208e-03
1.108000000000089563e-08,2.946517520295175441e+00,1.010222476076077375e-01,3.423540010808332479e+00,5.106977676778120916e-03
1.108200000000089624e-08,2.947110536864415042e+00,1.010222498662102231e-01,3.424139599500834130e+00,5.106979957151440777e-03
1.108400000000089685e-08,2.947703555695942779e+00,1.010222521237295057e-01,3.424739188198353990e+00,5.106982237710030841e-03
1.108600000000089747e-08,2.948296576788597356e+00,1.010222543801662654e-01,3.425338776900891169e+00,5.106984518266867966e-03
1.108800000000089808e-08,2.948889600141217482e+00,1.010222566355212515e-01,3.425938365608446112e+00,5.106986798913225496e-03
1.109000000000089869e-08,2.949482625752642306e+00,1.010222588897951163e-01,3.426537954321019708e+00,5.106989079704160085e-03
1.109200000000089931e-08,2.950075653621712313e+00,1.010222611429886369e-01,3.427137543038610623e+00,5.106991360469667098e-03
1.109400000000089992e-08,2.950668683747267540e+00,1.010222633951024657e-01,3.427737131761219747e+00,5.106993641400606881e-03
1.109600000000090053e-08,2.951261716128151136e+00,1.010222656461373519e-01,3.428336720488846634e+00,5.106995922324316338e-03
1.109800000000090115e-08,2.951854750763204915e+00,1.010222678960939618e-01,3.428936309221491729e+00,5.106998203376407475e-03
1.110000000000090176e-08,2.952447787651272915e+00,1.010222701449730170e-01,3.429535897959154589e+00,5.107000484547727891e-03
1.110200000000090237e-08,2.953040826791197837e+00,1.010222723927752253e-01,3.430135486701835656e+00,5.107002765699996706e-03
1.110400000000090299e-08,2.953633868181826827e+00,1.010222746395012805e-01,3.430735075449534932e+00,5.107005047001465618e-03
1.110600000000090360e-08,2.954226911822003920e+00,1.010222768851519043e-01,3.431334664202251528e+00,5.107007328298556956e-03
1.110800000000090421e-08,2.954819957710577150e+00,1.010222791297277906e-01,3.431934252959986775e+00,5.107009609754049363e-03
1.111000000000090483e-08,2.955413005846391439e+00,1.010222813732296332e-01,3.432533841722739787e+00,5.107011891299829791e-03
1.111200000000090544e-08,2.956006056228298373e+00,1.010222836156581261e-01,3.433133430490511451e+00,5.107014172848714506e-03
1.111400000000090605e-08,2.956599108855143765e+00,1.010222858570140048e-01,3.433733019263300879e+00,5.107016454542167606e-03
1.111600000000090667e-08,2.957192163725778311e+00,1.010222880972979492e-01,3.434332608041108514e+00,5.107018736231180682e-03
1.111800000000090728e-08,2.957785220839052709e+00,1.010222903365106534e-01,3.434932196823934358e+00,5.107021018096330640e-03
1.112000000000090789e-08,2.958378280193818100e+00,1.010222925746528111e-01,3.435531785611777966e+00,5.107023300010473527e-03
1.112200000000090851e-08,2.958971341788926956e+00,1.010222948117251440e-01,3.436131374404640226e+00,5.107025581948864378e-03
1.112400000000090912e-08,2.959564405623230421e+00,1.010222970477283461e-01,3.436730963202520694e+00,5.107027864042202464e-03
1.112600000000090974e-08,2.960157471695584519e+00,1.010222992826630972e-01,3.437330552005419371e+00,5.107030146124495566e-03
1.112800000000091035e-08,2.960750540004841724e+00,1.010223015165300914e-01,3.437930140813335811e+00,5.107032428387232870e-03
1.113000000000091096e-08,2.961343610549857619e+00,1.010223037493300641e-01,3.438529729626271347e+00,5.107034710667263631e-03
1.113200000000091158e-08,2.961936683329488673e+00,1.010223059810636675e-01,3.439129318444225092e+00,5.107036993006147489e-03
1.113400000000091219e-08,2.962529758342590469e+00,1.010223082117316373e-01,3.439728907267196600e+00,5.107039275500464305e-03
1.113600000000091280e-08,2.963122835588022141e+00,1.010223104413346118e-01,3.440328496095186761e+00,5.107041557964323714e-03
1.113800000000091342e-08,2.963715915064639717e+00,1.010223126698733542e-01,3.440928084928195130e+00,5.107043840615000697e-03
1.114000000000091403e-08,2.964308996771304106e+00,1.010223148973485169e-01,3.441527673766221707e+00,5.107046123267525162e-03
1.114200000000091464e-08,2.964902080706874443e+00,1.010223171237607936e-01,3.442127262609266936e+00,5.107048406002152353e-03
1.114400000000091526e-08,2.965495166870211197e+00,1.010223193491108784e-01,3.442726851457330373e+00,5.107050688888290293e-03
1.114600000000091587e-08,2.966088255260175277e+00,1.010223215733994928e-01,3.443326440310412906e+00,5.107052971746739445e-03
1.114800000000091648e-08,2.966681345875629816e+00,1.010223237966272752e-01,3.443926029168513203e+00,5.107055254777891594e-03
1.115000000000091710e-08,2.967274438715436613e+00,1.010223260187949612e-01,3.444525618031632153e+00,5.107057537801951326e-03
1.115200000000091771e-08,2.967867533778459688e+00,1.010223282399032169e-01,3.445125206899769754e+00,5.107059820939807183e-03
1.115400000000091832e-08,2.968460631063563948e+00,1.010223304599527361e-01,3.445724795772925564e+00,5.107062104205902474e-03
1.115600000000091894e-08,2.969053730569614302e+00,1.010223326789442128e-01,3.446324384651100026e+00,5.107064387447578929e-03
1.115800000000091955e-08,2.969646832295476546e+00,1.010223348968783408e-01,3.446923973534293140e+00,5.107066670845337997e-03
1.116000000000092016e-08,2.970239936240016920e+00,1.010223371137558140e-01,3.447523562422504018e+00,5.107068954238788878e-03
1.116200000000092078e-08,2.970833042402104329e+00,1.010223393295772848e-01,3.448123151315734436e+00,5.107071237779959270e-03
1.116400000000092139e-08,2.971426150780605013e+00,1.010223415443434747e-01,3.448722740213983506e+00,5.107073521422967471e-03
1.116600000000092200e-08,2.972019261374389210e+00,1.010223437580550498e-01,3.449322329117250785e+00,5.107075805060545121e-03
1.116800000000092262e-08,2.972612374182327599e+00,1.010223459707127042e-01,3.449921918025537160e+00,5.107078088843129172e-03
1.117000000000092323e-08,2.973205489203288199e+00,1.010223481823171315e-01,3.450521506938841299e+00,5.107080372620595790e-03
1.117200000000092385e-08,2.973798606436144798e+00,1.010223503928689981e-01,3.451121095857164534e+00,5.107082656569182470e-03
1.117400000000092446e-08,2.974391725879768078e+00,1.010223526023690116e-01,3.451720684780506421e+00,5.107084940584189978e-03
1.117600000000092507e-08,2.974984847533031829e+00,1.010223548108178243e-01,3.452320273708867404e+00,5.107087224612750880e-03
1.117800000000092569e-08,2.975577971394808507e+00,1.010223570182161440e-01,3.452919862642247040e+00,5.107089508791642918e-03
1.118000000000092630e-08,2.976171097463972792e+00,1.010223592245646507e-01,3.453519451580645327e+00,5.107091792965324714e-03
1.118200000000092691e-08,2.976764225739400249e+00,1.010223614298640243e-01,3.454119040524061823e+00,5.107094077317555526e-03
1.118400000000092753e-08,2.977357356219967333e+00,1.010223636341149311e-01,3.454718629472497415e+00,5.107096361698032841e-03
1.118600000000092814e-08,2.977950488904549164e+00,1.010223658373180650e-01,3.455318218425952104e+00,5.107098646123935624e-03
1.118800000000092875e-08,2.978543623792023975e+00,1.010223680394740919e-01,3.455917807384425888e+00,5.107100930705748415e-03
1.119000000000092937e-08,2.979136760881269552e+00,1.010223702405837337e-01,3.456517396347917881e+00,5.107103215264508465e-03
1.119200000000092998e-08,2.979729900171165013e+00,1.010223724406476425e-01,3.457116985316428970e+00,5.107105500007160480e-03
1.119400000000093059e-08,2.980323041660590810e+00,1.010223746396664846e-01,3.457716574289959155e+00,5.107107784754909112e-03
1.119600000000093121e-08,2.980916185348425618e+00,1.010223768376409398e-01,3.458316163268507548e+00,5.107110069576818907e-03
1.119800000000093182e-08,2.981509331233552107e+00,1.010223790345717021e-01,3.458915752252075482e+00,5.107112354554037628e-03
1.120000000000093243e-08,2.982102479314852062e+00,1.010223812304594238e-01,3.459515341240662512e+00,5.107114639500534396e-03
1.120200000000093305e-08,2.982695629591207265e+00,1.010223834253047986e-01,3.460114930234267749e+00,5.107116924628892635e-03
1.120400000000093366e-08,2.983288782061502609e+00,1.010223856191085207e-01,3.460714519232892528e+00,5.107119209752613957e-03
1.120600000000093427e-08,2.983881936724620765e+00,1.010223878118712559e-01,3.461314108236535958e+00,5.107121494973380915e-03
1.120800000000093489e-08,2.984475093579447069e+00,1.010223900035936428e-01,3.461913697245198929e+00,5.107123780333155602e-03
1.121000000000093550e-08,2.985068252624867302e+00,1.010223921942763753e-01,3.462513286258880552e+00,5.107126065668086447e-03
1.121200000000093611e-08,2.985661413859769020e+00,1.010223943839201471e-01,3.463112875277581271e+00,5.107128351166201861e-03
1.121400000000093673e-08,2.986254577283038003e+00,1.010223965725256107e-01,3.463712464301301086e+00,5.107130636656904803e-03
1.121600000000093734e-08,2.986847742893562696e+00,1.010223987600934459e-01,3.464312053330039554e+00,5.107132922282289940e-03
1.121800000000093796e-08,2.987440910690231100e+00,1.010224009466243328e-01,3.464911642363797561e+00,5.107135208021413957e-03
1.122000000000093857e-08,2.988034080671934323e+00,1.010224031321189236e-01,3.465511231402574666e+00,5.107137493745277611e-03
1.122200000000093918e-08,2.988627252837561254e+00,1.010224053165779123e-01,3.466110820446370866e+00,5.107139779617155678e-03
1.122400000000093980e-08,2.989220427186003448e+00,1.010224075000019373e-01,3.466710409495186163e+00,5.107142065484009119e-03
1.122600000000094041e-08,2.989813603716152013e+00,1.010224096823916923e-01,3.467309998549020555e+00,5.107144351512943846e-03
1.122800000000094102e-08,2.990406782426899390e+00,1.010224118637478435e-01,3.467909587607874489e+00,5.107146637626072509e-03
1.123000000000094164e-08,2.990999963317139798e+00,1.010224140440710572e-01,3.468509176671747518e+00,5.107148923745179897e-03
1.123200000000094225e-08,2.991593146385766122e+00,1.010224162233619993e-01,3.469108765740639644e+00,5.107151210009674459e-03
1.123400000000094286e-08,2.992186331631673024e+00,1.010224184016213361e-01,3.469708354814550866e+00,5.107153496270251149e-03
1.123600000000094348e-08,2.992779519053756498e+00,1.010224205788497337e-01,3.470307943893481628e+00,5.107155782707023702e-03
1.123800000000094409e-08,2.993372708650912539e+00,1.010224227550478721e-01,3.470907532977431931e+00,5.107158069185921412e-03
1.124000000000094470e-08,2.993965900422037585e+00,1.010224249302164035e-01,3.471507122066400886e+00,5.107160355694344983e-03
1.124200000000094532e-08,2.994559094366029406e+00,1.010224271043559940e-01,3.472106711160389825e+00,5.107162642358287381e-03
1.124400000000094593e-08,2.995152290481787549e+00,1.010224292774673238e-01,3.472706300259397860e+00,5.107164929008670314e-03
1.124600000000094654e-08,2.995745488768209341e+00,1.010224314495510173e-01,3.473305889363424992e+00,5.107167215840474096e-03
1.124800000000094716e-08,2.996338689224196106e+00,1.010224336206077822e-01,3.473905478472471664e+00,5.107169502685830406e-03
1.125000000000094777e-08,2.996931891848646945e+00,1.010224357906382708e-01,3.474505067586537432e+00,5.107171789594478102e-03
1.125200000000094838e-08,2.997525096640464515e+00,1.010224379596431354e-01,3.475104656705622741e+00,5.107174076658618604e-03
1.125400000000094900e-08,2.998118303598551471e+00,1.010224401276230421e-01,3.475704245829728034e+00,5.107176363690738713e-03
1.125600000000094961e-08,2.998711512721808692e+00,1.010224422945786571e-01,3.476303834958852423e+00,5.107178650910466564e-03
1.125800000000095022e-08,2.999304724009140610e+00,1.010224444605106325e-01,3.476903424092995909e+00,5.107180938130296763e-03
1.126000000000095084e-08,2.999897937459452102e+00,1.010224466254196346e-01,3.477503013232159379e+00,5.107183225433940994e-03
1.126200000000095145e-08,3.000491153071647155e+00,1.010224487893063156e-01,3.478102602376341945e+00,5.107185512887245024e-03
1.126400000000095207e-08,3.001084370844632421e+00,1.010224509521713554e-01,3.478702191525544496e+00,5.107187800313445734e-03
1.126600000000095268e-08,3.001677590777313664e+00,1.010224531140154064e-01,3.479301780679766143e+00,5.107190087910704925e-03
1.126800000000095329e-08,3.002270812868597982e+00,1.010224552748391069e-01,3.479901369839007774e+00,5.107192375500190819e-03
1.127000000000095391e-08,3.002864037117394691e+00,1.010224574346431370e-01,3.480500959003268946e+00,5.107194663207452294e-03
1.127200000000095452e-08,3.003457263522611331e+00,1.010224595934281350e-01,3.481100548172549658e+00,5.107196951040356321e-03
1.127400000000095513e-08,3.004050492083158108e+00,1.010224617511947809e-01,3.481700137346849910e+00,5.107199238849590046e-03
1.127600000000095575e-08,3.004643722797943894e+00,1.010224639079437131e-01,3.482299726526169703e+00,5.107201526813997389e-03
1.127800000000095636e-08,3.005236955665880672e+00,1.010224660636755839e-01,3.482899315710509036e+00,5.107203814773642915e-03
1.128000000000095697e-08,3.005830190685879977e+00,1.010224682183910594e-01,3.483498904899867910e+00,5.107206102882681960e-03
1.128200000000095759e-08,3.006423427856853792e+00,1.010224703720907918e-01,3.484098494094246767e+00,5.107208391090614120e-03
1.128400000000095820e-08,3.007016667177714986e+00,1.010224725247754474e-01,3.484698083293645610e+00,5.107210679294999639e-03
1.128600000000095881e-08,3.007609908647377761e+00,1.010224746764456644e-01,3.485297672498063992e+00,5.107212967644801822e-03
1.128800000000095943e-08,3.008203152264757207e+00,1.010224768271020951e-01,3.485897261707501915e+00,5.107215255989246312e-03
1.129000000000096004e-08,3.008796398028767527e+00,1.010224789767453918e-01,3.486496850921959823e+00,5.107217544505777973e-03
1.129200000000096065e-08,3.009389645938325142e+00,1.010224811253762206e-01,3.487096440141437714e+00,5.107219833085175145e-03
1.129400000000096127e-08,3.009982895992346918e+00,1.010224832729952338e-01,3.487696029365935146e+00,5.107222121679299252e-03
1.129600000000096188e-08,3.010576148189749723e+00,1.010224854196030420e-01,3.488295618595452119e+00,5.107224410424719870e-03
1.129800000000096249e-08,3.011169402529452643e+00,1.010224875652003390e-01,3.488895207829989076e+00,5.107226699164127068e-03
1.130000000000096311e-08,3.011762659010374321e+00,1.010224897097877633e-01,3.489494797069546017e+00,5.107228988082062465e-03
1.130200000000096372e-08,3.012355917631433400e+00,1.010224918533659533e-01,3.490094386314122943e+00,5.107231277026634542e-03
1.130400000000096433e-08,3.012949178391550742e+00,1.010224939959355750e-01,3.490693975563719409e+00,5.107233566018116143e-03
1.130600000000096495e-08,3.013542441289648099e+00,1.010224961374972530e-01,3.491293564818335859e+00,5.107235855165259686e-03
1.130800000000096556e-08,3.014135706324646780e+00,1.010224982780516673e-01,3.491893154077972738e+00,5.107238144288765019e-03
1.131000000000096618e-08,3.014728973495469422e+00,1.010225004175994423e-01,3.492492743342629158e+00,5.107240433597144171e-03
1.131200000000096679e-08,3.015322242801038666e+00,1.010225025561412304e-01,3.493092332612305562e+00,5.107242722909703138e-03
1.131400000000096740e-08,3.015915514240278927e+00,1.010225046936776561e-01,3.493691921887001506e+00,5.107245012296577659e-03
1.131600000000096802e-08,3.016508787812114623e+00,1.010225068302094131e-01,3.494291511166717878e+00,5.107247301838405487e-03
1.131800000000096863e-08,3.017102063515471055e+00,1.010225089657371123e-01,3.494891100451454680e+00,5.107249591349139264e-03
1.132000000000096924e-08,3.017695341349274862e+00,1.010225111002614196e-01,3.495490689741211021e+00,5.107251881042416258e-03
1.132200000000096986e-08,3.018288621312452236e+00,1.010225132337829457e-01,3.496090279035987347e+00,5.107254170730706790e-03
1.132400000000097047e-08,3.018881903403931144e+00,1.010225153663023429e-01,3.496689868335783657e+00,5.107256460515618816e-03
1.132600000000097108e-08,3.019475187622640000e+00,1.010225174978202911e-01,3.497289457640600396e+00,5.107258750439725922e-03
1.132800000000097170e-08,3.020068473967507217e+00,1.010225196283374011e-01,3.497889046950437120e+00,5.107261040339109749e-03
1.133000000000097231e-08,3.020661762437462539e+00,1.010225217578543250e-01,3.498488636265293827e+00,5.107263330402248870e-03
1.133200000000097292e-08,3.021255053031436599e+00,1.010225238863716873e-01,3.499088225585170964e+00,5.107265620457603419e-03
1.133400000000097354e-08,3.021848345748360476e+00,1.010225260138901543e-01,3.499687814910068084e+00,5.107267910646548156e-03
1.133600000000097415e-08,3.022441640587165690e+00,1.010225281404103642e-01,3.500287404239985189e+00,5.107270200949257793e-03
1.133800000000097476e-08,3.023034937546785095e+00,1.010225302659329416e-01,3.500886993574922723e+00,5.107272491236382675e-03
1.134000000000097538e-08,3.023628236626151100e+00,1.010225323904585387e-01,3.501486582914880685e+00,5.107274781672180297e-03
1.134200000000097599e-08,3.024221537824200112e+00,1.010225345139877662e-01,3.502086172259858188e+00,5.107277072102381701e-03
1.134400000000097660e-08,3.024814841139863653e+00,1.010225366365213040e-01,3.502685761609856563e+00,5.107279362693646109e-03
1.134600000000097722e-08,3.025408146572079016e+00,1.010225387580597628e-01,3.503285350964874922e+00,5.107281653369525123e-03
1.134800000000097783e-08,3.026001454119781719e+00,1.010225408786037810e-01,3.503884940324913710e+00,5.107283944050622186e-03
1.135000000000097844e-08,3.026594763781908615e+00,1.010225429981540107e-01,3.504484529689972483e+00,5.107286234877400459e-03
1.135200000000097906e-08,3.027188075557396996e+00,1.010225451167110627e-01,3.505084119060051684e+00,5.107288525700076978e-03
1.135400000000097967e-08,3.027781389445184601e+00,1.010225472342756031e-01,3.505683708435151313e+00,5.107290816698472312e-03
1.135600000000098029e-08,3.028374705444212722e+00,1.010225493508482564e-01,3.506283297815271816e+00,5.107293107740280835e-03
1.135800000000098090e-08,3.028968023553417765e+00,1.010225514664296331e-01,3.506882887200412302e+00,5.107295398809771209e-03
1.136000000000098151e-08,3.029561343771742354e+00,1.010225535810204273e-01,3.507482476590573217e+00,5.107297690034889696e-03
1.136200000000098213e-08,3.030154666098126448e+00,1.010225556946211939e-01,3.508082065985754117e+00,5.107299981247426235e-03
1.136400000000098274e-08,3.030747990531512226e+00,1.010225578072326269e-01,3.508681655385955889e+00,5.107302272641169386e-03
1.136600000000098335e-08,3.031341317070841868e+00,1.010225599188553647e-01,3.509281244791178089e+00,5.107304564049764371e-03
1.136800000000098397e-08,3.031934645715058885e+00,1.010225620294899762e-01,3.509880834201420274e+00,5.107306855518876053e-03
1.137000000000098458e-08,3.032527976463106789e+00,1.010225641391371554e-01,3.510480423616683332e+00,5.107309147143273241e-03
1.137200000000098519e-08,3.033121309313929981e+00,1.010225662477974712e-01,3.511080013036967262e+00,5.107311438736910313e-03
1.137400000000098581e-08,3.033714644266473748e+00,1.010225683554716314e-01,3.511679602462271177e+00,5.107313730518980854e-03
1.137600000000098642e-08,3.034307981319684711e+00,1.010225704621602189e-01,3.512279191892595520e+00,5.107316022300997620e-03
1.137800000000098703e-08,3.034901320472509489e+00,1.010225725678638581e-01,3.512878781327941180e+00,5.107318314164458785e-03
1.138000000000098765e-08,3.035494661723894261e+00,1.010225746725832013e-01,3.513478370768306824e+00,5.107320606178981405e-03
1.138200000000098826e-08,3.036088005072788309e+00,1.010225767763188592e-01,3.514077960213692897e+00,5.107322898165522936e-03
1.138400000000098887e-08,3.036681350518139588e+00,1.010225788790714840e-01,3.514677549664099843e+00,5.107325190326200345e-03
1.138600000000098949e-08,3.037274698058898270e+00,1.010225809808416725e-01,3.515277139119527217e+00,5.107327482479280534e-03
1.138800000000099010e-08,3.037868047694013640e+00,1.010225830816300768e-01,3.515876728579975463e+00,5.107329774745079584e-03
1.139000000000099071e-08,3.038461399422437204e+00,1.010225851814373077e-01,3.516476318045444138e+00,5.107332067139274193e-03
1.139200000000099133e-08,3.039054753243120022e+00,1.010225872802640035e-01,3.517075907515934130e+00,5.107334359509386502e-03
1.139400000000099194e-08,3.039648109155015376e+00,1.010225893781107886e-01,3.517675496991444106e+00,5.107336652037669164e-03
1.139600000000099255e-08,3.040241467157075661e+00,1.010225914749782877e-01,3.518275086471974955e+00,5.107338944559789221e-03
1.139800000000099317e-08,3.040834827248253713e+00,1.010225935708671113e-01,3.518874675957526676e+00,5.107341237226895730e-03
1.140000000000099378e-08,3.041428189427504591e+00,1.010225956657779117e-01,3.519474265448098826e+00,5.107343529996572970e-03
1.140200000000099440e-08,3.042021553693783353e+00,1.010225977597112856e-01,3.520073854943692293e+00,5.107345822759555912e-03
1.140400000000099501e-08,3.042614920046045945e+00,1.010225998526678576e-01,3.520673444444305744e+00,5.107348115668397005e-03
1.140600000000099562e-08,3.043208288483247426e+00,1.010226019446482659e-01,3.521273033949940068e+00,5.107350408571549073e-03
1.140800000000099624e-08,3.043801659004346849e+00,1.010226040356531213e-01,3.521872623460596152e+00,5.107352701643998877e-03
1.141000000000099685e-08,3.044395031608301050e+00,1.010226061256830482e-01,3.522472212976272221e+00,5.107354994785738740e-03
1.141200000000099746e-08,3.044988406294068195e+00,1.010226082147386711e-01,3.523071802496969163e+00,5.107357287939965143e-03
1.141400000000099808e-08,3.045581783060607339e+00,1.010226103028206285e-01,3.523671392022687421e+00,5.107359581243659657e-03
1.141600000000099869e-08,3.046175161906879314e+00,1.010226123899294892e-01,3.524270981553426552e+00,5.107361874541850762e-03
1.141800000000099930e-08,3.046768542831844506e+00,1.010226144760659195e-01,3.524870571089186555e+00,5.107364168017016620e-03
1.142000000000099992e-08,3.047361925834463303e+00,1.010226165612305160e-01,3.525470160629966987e+00,5.107366461523293009e-03
1.142200000000100053e-08,3.047955310913698757e+00,1.010226186454239172e-01,3.526069750175768736e+00,5.107368755069571255e-03
1.142400000000100114e-08,3.048548698068511698e+00,1.010226207286467198e-01,3.526669339726591801e+00,5.107371048772136810e-03
1.142600000000100176e-08,3.049142087297867842e+00,1.010226228108995483e-01,3.527268929282435295e+00,5.107373342455296013e-03
1.142800000000100237e-08,3.049735478600729355e+00,1.010226248921830411e-01,3.527868518843299661e+00,5.107375636322257842e-03
1.143000000000100298e-08,3.050328871976061951e+00,1.010226269724977810e-01,3.528468108409185344e+00,5.107377930196262648e-03
1.143200000000100360e-08,3.050922267422830458e+00,1.010226290518444064e-01,3.529067697980092344e+00,5.107380224139972114e-03
1.143400000000100421e-08,3.051515664940001038e+00,1.010226311302235142e-01,3.529667287556019772e+00,5.107382518239018260e-03
1.143600000000100482e-08,3.052109064526540294e+00,1.010226332076357564e-01,3.530266877136968962e+00,5.107384812305368338e-03
1.143800000000100544e-08,3.052702466181416163e+00,1.010226352840817160e-01,3.530866466722938579e+00,5.107387106558586298e-03
1.144000000000100605e-08,3.053295869903595694e+00,1.010226373595620036e-01,3.531466056313929514e+00,5.107389400808473590e-03
1.144200000000100666e-08,3.053889275692048599e+00,1.010226394340772438e-01,3.532065645909941765e+00,5.107391695147360869e-03
1.144400000000100728e-08,3.054482683545744592e+00,1.010226415076280609e-01,3.532665235510974888e+00,5.107393989630688164e-03
1.144600000000100789e-08,3.055076093463653386e+00,1.010226435802150519e-01,3.533264825117029329e+00,5.107396284088550585e-03
1.144800000000100851e-08,3.055669505444745582e+00,1.010226456518388272e-01,3.533864414728105086e+00,5.107398578714580570e-03
1.145000000000100912e-08,3.056262919487991780e+00,1.010226477225000113e-01,3.534464004344201715e+00,5.107400873331823313e-03
1.145200000000100973e-08,3.056856335592366580e+00,1.010226497921992150e-01,3.535063593965319662e+00,5.107403168074363398e-03
1.145400000000101035e-08,3.057449753756841471e+00,1.010226518609370350e-01,3.535663183591458925e+00,5.107405462937350538e-03
1.145600000000101096e-08,3.058043173980389717e+00,1.010226539287141095e-01,3.536262773222619504e+00,5.107407757780358867e-03
1.145800000000101157e-08,3.058636596261986362e+00,1.010226559955309938e-01,3.536862362858800957e+00,5.107410052775219686e-03
1.146000000000101219e-08,3.059230020600604671e+00,1.010226580613883679e-01,3.537461952500003726e+00,5.107412347764090504e-03
1.146200000000101280e-08,3.059823446995222795e+00,1.010226601262867868e-01,3.538061542146227811e+00,5.107414642907244159e-03
1.146400000000101341e-08,3.060416875444814444e+00,1.010226621902268890e-01,3.538661131797473214e+00,5.107416938142326883e-03
1.146600000000101403e-08,3.061010305948359100e+00,1.010226642532092572e-01,3.539260721453740377e+00,5.107419233378111302e-03
1.146800000000101464e-08,3.061603738504832251e+00,1.010226663152345300e-01,3.539860311115028413e+00,5.107421528759728720e-03
1.147000000000101525e-08,3.062197173113212489e+00,1.010226683763032901e-01,3.540459900781337765e+00,5.107423824135663183e-03
1.147200000000101587e-08,3.062790609772479300e+00,1.010226704364161621e-01,3.541059490452668879e+00,5.107426119685709240e-03
1.147400000000101648e-08,3.063384048481612609e+00,1.010226724955737287e-01,3.541659080129020865e+00,5.107428415289883006e-03
1.147600000000101709e-08,3.063977489239592789e+00,1.010226745537766008e-01,3.542258669810394611e+00,5.107430710912696376e-03
1.147800000000101771e-08,3.064570932045399765e+00,1.010226766110254165e-01,3.542858259496789675e+00,5.107433006689151601e-03
1.148000000000101832e-08,3.065164376898015686e+00,1.010226786673207450e-01,3.543457849188206055e+00,5.107435302457772816e-03
1.148200000000101893e-08,3.065757823796423143e+00,1.010226807226631690e-01,3.544057438884644640e+00,5.107437598406061076e-03
1.148400000000101955e-08,3.066351272739605172e+00,1.010226827770533409e-01,3.544657028586104097e+00,5.107439894376368181e-03
1.148600000000102016e-08,3.066944723726544808e+00,1.010226848304918573e-01,3.545256618292584871e+00,5.107442190397741208e-03
1.148800000000102077e-08,3.067538176756227308e+00,1.010226868829793290e-01,3.545856208004087406e+00,5.107444486574313873e-03
1.149000000000102139e-08,3.068131631827637040e+00,1.010226889345162971e-01,3.546455797720611702e+00,5.107446782725075587e-03
1.149200000000102200e-08,3.068725088939759704e+00,1.010226909851034138e-01,3.547055387442157759e+00,5.107449079062764165e-03
1.149400000000102262e-08,3.069318548091581889e+00,1.010226930347412899e-01,3.547654977168724688e+00,5.107451375402146700e-03
1.149600000000102323e-08,3.069912009282090182e+00,1.010226950834305082e-01,3.548254566900313378e+00,5.107453671817314099e-03
1.149800000000102384e-08,3.070505472510272948e+00,1.010226971311716515e-01,3.548854156636924273e+00,5.107455968386768672e-03
1.150000000000102446e-08,3.071098937775118110e+00,1.010226991779653305e-01,3.549453746378556040e+00,5.107458264925195113e-03
1.150200000000102507e-08,3.071692405075614918e+00,1.010227012238121558e-01,3.550053336125209569e+00,5.107460561645770121e-03
1.150400000000102568e-08,3.072285874410752182e+00,1.010227032687127380e-01,3.550652925876884858e+00,5.107462858360408905e-03
1.150600000000102630e-08,3.072879345779520932e+00,1.010227053126676461e-01,3.551252515633581464e+00,5.107465155173615545e-03
1.150800000000102691e-08,3.073472819180912641e+00,1.010227073556774907e-01,3.551852105395300274e+00,5.107467452124314633e-03
1.151000000000102752e-08,3.074066294613918338e+00,1.010227093977428547e-01,3.552451695162040401e+00,5.107469749050707643e-03
1.151200000000102814e-08,3.074659772077529940e+00,1.010227114388643765e-01,3.553051284933802290e+00,5.107472046140711965e-03
1.151400000000102875e-08,3.075253251570741586e+00,1.010227134790425974e-01,3.553650874710585938e+00,5.107474343222598648e-03
1.151600000000102936e-08,3.075846733092546526e+00,1.010227155182781555e-01,3.554250464492392236e+00,5.107476640438829256e-03
1.151800000000102998e-08,3.076440216641938008e+00,1.010227175565716201e-01,3.554850054279219851e+00,5.107478937766826363e-03
1.152000000000103059e-08,3.077033702217912836e+00,1.010227195939235878e-01,3.555449644071068782e+00,5.107481235080290824e-03
1.152200000000103120e-08,3.077627189819465592e+00,1.010227216303346970e-01,3.556049233867939474e+00,5.107483532542977066e-03
1.152400000000103182e-08,3.078220679445592189e+00,1.010227236658054750e-01,3.556648823669832371e+00,5.107485829999146819e-03
1.152600000000103243e-08,3.078814171095290320e+00,1.010227257003365603e-01,3.557248413476747029e+00,5.107488127616292839e-03
1.152800000000103304e-08,3.079407664767557229e+00,1.010227277339285218e-01,3.557848003288683447e+00,5.107490425316438439e-03
1.153000000000103366e-08,3.080001160461391496e+00,1.010227297665819979e-01,3.558447593105641626e+00,5.107492723022235767e-03
1.153200000000103427e-08,3.080594658175791700e+00,1.010227317982975159e-01,3.559047182927621567e+00,5.107495020874434216e-03
1.153400000000103488e-08,3.081188157909758196e+00,1.010227338290757143e-01,3.559646772754623711e+00,5.107497318721983606e-03
1.153600000000103550e-08,3.081781659662289563e+00,1.010227358589171620e-01,3.560246362586648061e+00,5.107499616744655933e-03
1.153800000000103611e-08,3.082375163432389265e+00,1.010227378878224558e-01,3.560845952423694172e+00,5.107501914810294759e-03
1.154000000000103673e-08,3.082968669219056768e+00,1.010227399157921785e-01,3.561445542265762043e+00,5.107504212903143589e-03
1.154200000000103734e-08,3.083562177021294648e+00,1.010227419428269269e-01,3.562045132112852119e+00,5.107506511151499104e-03
1.154400000000103795e-08,3.084155686838106813e+00,1.010227439689273393e-01,3.562644721964963956e+00,5.107508809387614410e-03
1.154600000000103857e-08,3.084749198668495396e+00,1.010227459940939015e-01,3.563244311822097554e+00,5.107511107805251180e-03
1.154800000000103918e-08,3.085342712511464747e+00,1.010227480183272658e-01,3.563843901684253801e+00,5.107513406238114485e-03
1.155000000000103979e-08,3.085936228366020995e+00,1.010227500416280150e-01,3.564443491551432253e+00,5.107515704729561137e-03
1.155200000000104041e-08,3.086529746231168936e+00,1.010227520639967319e-01,3.565043081423632021e+00,5.107518003376382634e-03
1.155400000000104102e-08,3.087123266105913810e+00,1.010227540854340134e-01,3.565642671300853994e+00,5.107520301993856079e-03
1.155600000000104163e-08,3.087716787989263967e+00,1.010227561059404144e-01,3.566242261183098172e+00,5.107522600800425659e-03
1.155800000000104225e-08,3.088310311880225534e+00,1.010227581255165596e-01,3.566841851070364555e+00,5.107524899605969150e-03
1.156000000000104286e-08,3.088903837777807304e+00,1.010227601441630180e-01,3.567441440962653143e+00,5.107527198490834607e-03
1.156200000000104347e-08,3.089497365681018071e+00,1.010227621618803862e-01,3.568041030859963936e+00,5.107529497527622808e-03
1.156400000000104409e-08,3.090090895588867070e+00,1.010227641786692332e-01,3.568640620762296933e+00,5.107531796535235563e-03
1.156600000000104470e-08,3.090684427500363984e+00,1.010227661945301419e-01,3.569240210669651692e+00,5.107534095720152670e-03
1.156800000000104531e-08,3.091277961414519382e+00,1.010227682094636953e-01,3.569839800582029099e+00,5.107536394897853327e-03
1.157000000000104593e-08,3.091871497330346052e+00,1.010227702234705038e-01,3.570439390499428711e+00,5.107538694183654145e-03
1.157200000000104654e-08,3.092465035246853677e+00,1.010227722365511088e-01,3.571038980421849640e+00,5.107540993600178519e-03
1.157400000000104715e-08,3.093058575163056823e+00,1.010227742487061348e-01,3.571638570349294106e+00,5.107543292992726414e-03
1.157600000000104777e-08,3.093652117077967834e+00,1.010227762599361229e-01,3.572238160281760333e+00,5.107545592546551549e-03
1.157800000000104838e-08,3.094245660990601277e+00,1.010227782702416838e-01,3.572837750219248765e+00,5.107547892092753443e-03
1.158000000000104899e-08,3.094839206899970829e+00,1.010227802796233726e-01,3.573437340161759401e+00,5.107550191779445387e-03
1.158200000000104961e-08,3.095432754805092834e+00,1.010227822880817999e-01,3.574036930109292687e+00,5.107552491571474076e-03
1.158400000000105022e-08,3.096026304704981857e+00,1.010227842956175209e-01,3.574636520061848177e+00,5.107554791353734538e-03
1.158600000000105084e-08,3.096619856598656018e+00,1.010227863022311323e-01,3.575236110019425873e+00,5.107557091283146389e-03
1.158800000000105145e-08,3.097213410485130769e+00,1.010227883079232170e-01,3.575835699982025773e+00,5.107559391206200478e-03
1.159000000000105206e-08,3.097806966363424230e+00,1.010227903126943438e-01,3.576435289949648766e+00,5.107561691295510464e-03
1.159200000000105268e-08,3.098400524232555853e+00,1.010227923165450820e-01,3.577034879922293520e+00,5.107563991460071021e-03
1.159400000000105329e-08,3.098994084091543755e+00,1.010227943194760281e-01,3.577634469899960923e+00,5.107566291634329549e-03
1.159600000000105390e-08,3.099587645939407388e+00,1.010227963214877511e-01,3.578234059882650531e+00,5.107568591956294576e-03
1.159800000000105452e-08,3.100181209775168867e+00,1.010227983225808202e-01,3.578833649870362787e+00,5.107570892272980841e-03
1.160000000000105513e-08,3.100774775597847643e+00,1.010228003227558041e-01,3.579433239863097249e+00,5.107573192765227192e-03
1.160200000000105574e-08,3.101368343406465389e+00,1.010228023220133137e-01,3.580032829860854360e+00,5.107575493293451709e-03
1.160400000000105636e-08,3.101961913200044663e+00,1.010228043203539039e-01,3.580632419863634563e+00,5.107577793855197154e-03
1.160600000000105697e-08,3.102555484977608913e+00,1.010228063177781438e-01,3.581232009871436972e+00,5.107580094572936741e-03
1.160800000000105758e-08,3.103149058738180255e+00,1.010228083142866162e-01,3.581831599884261585e+00,5.107582395274841772e-03
1.161000000000105820e-08,3.103742634480784801e+00,1.010228103098798902e-01,3.582431189902108404e+00,5.107584696159766201e-03
1.161200000000105881e-08,3.104336212204446444e+00,1.010228123045585485e-01,3.583030779924978315e+00,5.107586997055634133e-03
1.161400000000105942e-08,3.104929791908189518e+00,1.010228142983231742e-01,3.583630369952870875e+00,5.107589298015681629e-03
1.161600000000106004e-08,3.105523373591041469e+00,1.010228162911742944e-01,3.584229959985785641e+00,5.107591599130945244e-03
1.161800000000106065e-08,3.106116957252029298e+00,1.010228182831125338e-01,3.584829550023723499e+00,5.107593900213371410e-03
1.162000000000106126e-08,3.106710542890179561e+00,1.010228202741384335e-01,3.585429140066684006e+00,5.107596201485815716e-03
1.162200000000106188e-08,3.107304130504519701e+00,1.010228222642525625e-01,3.586028730114666718e+00,5.107598502756473258e-03
1.162400000000106249e-08,3.107897720094079830e+00,1.010228242534555038e-01,3.586628320167672968e+00,5.107600804109344549e-03
1.162600000000106310e-08,3.108491311657888279e+00,1.010228262417478262e-01,3.587227910225701422e+00,5.107603105611417671e-03
1.162800000000106372e-08,3.109084905194974713e+00,1.010228282291300989e-01,3.587827500288752525e+00,5.107605407086015376e-03
1.163000000000106433e-08,3.109678500704371018e+00,1.010228302156029184e-01,3.588427090356825833e+00,5.107607708734883400e-03
1.163200000000106495e-08,3.110272098185107303e+00,1.010228322011668123e-01,3.589026680429922234e+00,5.107610010375236535e-03
1.163400000000106556e-08,3.110865697636215010e+00,1.010228341858223772e-01,3.589626270508041284e+00,5.107612312130147339e-03
1.163600000000106617e-08,3.111459299056726913e+00,1.010228361695701405e-01,3.590225860591183427e+00,5.107614614011418870e-03
1.163800000000106679e-08,3.112052902445676228e+00,1.010228381524106989e-01,3.590825450679348663e+00,5.107616915869487607e-03
1.164000000000106740e-08,3.112646507802097506e+00,1.010228401343446492e-01,3.591425040772536104e+00,5.107619217886474362e-03
1.164200000000106801e-08,3.113240115125023078e+00,1.010228421153725187e-01,3.592024630870746638e+00,5.107621519896065991e-03
1.164400000000106863e-08,3.113833724413490156e+00,1.010228440954948764e-01,3.592624220973979821e+00,5.107623822050475805e-03
1.164600000000106924e-08,3.114427335666532404e+00,1.010228460747122914e-01,3.593223811082235652e+00,5.107626124305507387e-03
1.164800000000106985e-08,3.115020948883186147e+00,1.010228480530253464e-01,3.593823401195514577e+00,5.107628426554413660e-03
1.165000000000107047e-08,3.115614564062489933e+00,1.010228500304345967e-01,3.594422991313816595e+00,5.107630728949970854e-03
1.165200000000107108e-08,3.116208181203479199e+00,1.010228520069405833e-01,3.595022581437141262e+00,5.107633031338967323e-03
1.165400000000107169e-08,3.116801800305193382e+00,1.010228539825439031e-01,3.595622171565489023e+00,5.107635333897422858e-03
1.165600000000107231e-08,3.117395421366670138e+00,1.010228559572451390e-01,3.596221761698859876e+00,5.107637636524394766e-03
1.165800000000107292e-08,3.117989044386949793e+00,1.010228579310447766e-01,3.596821351837253378e+00,5.107639939163599943e-03
1.166000000000107353e-08,3.118582669365072224e+00,1.010228599039434544e-01,3.597420941980669973e+00,5.107642241952531706e-03
1.166200000000107415e-08,3.119176296300077311e+00,1.010228618759416858e-01,3.598020532129109661e+00,5.107644544735249689e-03
1.166400000000107476e-08,3.119769925191006266e+00,1.010228638470400814e-01,3.598620122282572442e+00,5.107646847693854755e-03
1.166600000000107537e-08,3.120363556036902075e+00,1.010228658172391547e-01,3.599219712441057872e+00,5.107649150683906888e-03
1.166800000000107599e-08,3.120957188836805507e+00,1.010228677865394886e-01,3.599819302604566396e+00,5.107651453712215746e-03
1.167000000000107660e-08,3.121550823589760437e+00,1.010228697549416521e-01,3.600418892773098012e+00,5.107653756896804974e-03
1.167200000000107721e-08,3.122144460294811186e+00,1.010228717224461864e-01,3.601018482946652721e+00,5.107656060063347873e-03
1.167400000000107783e-08,3.122738098951001184e+00,1.010228736890536883e-01,3.601618073125230524e+00,5.107658363414326573e-03
1.167600000000107844e-08,3.123331739557375641e+00,1.010228756547646711e-01,3.602217663308831419e+00,5.107660666773288470e-03
1.167800000000107906e-08,3.123925382112980209e+00,1.010228776195797040e-01,3.602817253497455408e+00,5.107662970199293960e-03
1.168000000000107967e-08,3.124519026616860540e+00,1.010228795834993559e-01,3.603416843691102489e+00,5.107665273780264033e-03
1.168200000000108028e-08,3.125112673068064506e+00,1.010228815465241958e-01,3.604016433889772664e+00,5.107667577327722717e-03
1.168400000000108090e-08,3.125706321465638204e+00,1.010228835086547650e-01,3.604616024093466375e+00,5.107669881064509990e-03
1.168600000000108151e-08,3.126299971808630396e+00,1.010228854698916184e-01,3.605215614302183180e+00,5.107672184797990012e-03
1.168800000000108212e-08,3.126893624096089841e+00,1.010228874302353252e-01,3.605815204515923078e+00,5.107674488616445463e-03
1.169000000000108274e-08,3.127487278327065745e+00,1.010228893896864405e-01,3.606414794734686069e+00,5.107676792581969036e-03
1.169200000000108335e-08,3.128080934500607313e+00,1.010228913482454915e-01,3.607014384958472597e+00,5.107679096521114404e-03
1.169400000000108396e-08,3.128674592615765526e+00,1.010228933059130890e-01,3.607613975187282218e+00,5.107681400632735520e-03
1.169600000000108458e-08,3.129268252671591810e+00,1.010228952626897325e-01,3.608213565421114932e+00,5.107683704735036835e-03
1.169800000000108519e-08,3.129861914667137590e+00,1.010228972185760049e-01,3.608813155659971184e+00,5.107686008955896959e-03
1.170000000000108580e-08,3.130455578601455180e+00,1.010228991735724613e-01,3.609412745903850528e+00,5.107688313300735167e-03
1.170200000000108642e-08,3.131049244473597781e+00,1.010229011276796429e-01,3.610012336152753409e+00,5.107690617623182432e-03
1.170400000000108703e-08,3.131642912282618596e+00,1.010229030808981188e-01,3.610611926406679384e+00,5.107692922102749673e-03
1.170600000000108764e-08,3.132236582027571714e+00,1.010229050332284301e-01,3.611211516665628896e+00,5.107695226575084853e-03
1.170800000000108826e-08,3.132830253707512558e+00,1.010229069846711319e-01,3.611811106929601944e+00,5.107697531194958264e-03
1.171000000000108887e-08,3.133423927321495217e+00,1.010229089352267795e-01,3.612410697198598086e+00,5.107699835912225123e-03
1.171200000000108948e-08,3.134017602868577335e+00,1.010229108848959279e-01,3.613010287472617321e+00,5.107702140625483903e-03
1.171400000000109010e-08,3.134611280347815221e+00,1.010229128336791043e-01,3.613609877751660537e+00,5.107704445485242682e-03
1.171600000000109071e-08,3.135204959758265630e+00,1.010229147815768919e-01,3.614209468035726847e+00,5.107706750338078180e-03
1.171800000000109132e-08,3.135798641098985762e+00,1.010229167285898177e-01,3.614809058324816693e+00,5.107709055362081446e-03
1.172000000000109194e-08,3.136392324369035034e+00,1.010229186747184510e-01,3.615408648618930076e+00,5.107711360450532291e-03
1.172200000000109255e-08,3.136986009567472422e+00,1.010229206199633190e-01,3.616008238918066997e+00,5.107713665552890414e-03
1.172400000000109317e-08,3.137579696693357789e+00,1.010229225643249906e-01,3.616607829222227455e+00,5.107715970805991670e-03
1.172600000000109378e-08,3.138173385745750110e+00,1.010229245078040072e-01,3.617207419531411006e+00,5.107718276052141890e-03
1.172800000000109439e-08,3.138767076723712357e+00,1.010229264504009100e-01,3.617807009845618538e+00,5.107720581474670118e-03
1.173000000000109501e-08,3.139360769626304837e+00,1.010229283921162402e-01,3.618406600164849607e+00,5.107722886925972205e-03
1.173200000000109562e-08,3.139954464452589633e+00,1.010229303329505668e-01,3.619006190489103769e+00,5.107725192418408056e-03
1.173400000000109623e-08,3.140548161201629274e+00,1.010229322729044310e-01,3.619605780818381469e+00,5.107727498067250044e-03
1.173600000000109685e-08,3.141141859872487618e+00,1.010229342119783741e-01,3.620205371152683593e+00,5.107729803696657057e-03
1.173800000000109746e-08,3.141735560464228083e+00,1.010229361501729373e-01,3.620804961492008811e+00,5.107732109511379376e-03
1.174000000000109807e-08,3.142329262975915860e+00,1.010229380874886895e-01,3.621404551836357566e+00,5.107734415332377924e-03
1.174200000000109869e-08,3.142922967406615697e+00,1.010229400239261305e-01,3.622004142185729858e+00,5.107736721221865957e-03
1.174400000000109930e-08,3.143516673755392787e+00,1.010229419594858707e-01,3.622603732540126131e+00,5.107739027266044486e-03
1.174600000000109991e-08,3.144110382021313654e+00,1.010229438941683683e-01,3.623203322899545942e+00,5.107741333276507797e-03
1.174800000000110053e-08,3.144704092203446599e+00,1.010229458279742615e-01,3.623802913263989733e+00,5.107743639475914588e-03
1.175000000000110114e-08,3.145297804300858147e+00,1.010229477609040222e-01,3.624402503633456618e+00,5.107745945671299422e-03
1.175200000000110175e-08,3.145891518312616153e+00,1.010229496929582194e-01,3.625002094007947928e+00,5.107748251953214864e-03
1.175400000000110237e-08,3.146485234237789363e+00,1.010229516241374081e-01,3.625601684387462331e+00,5.107750558380886111e-03
1.175600000000110298e-08,3.147078952075447855e+00,1.010229535544421020e-01,3.626201274772001160e+00,5.107752864782600689e-03
1.175800000000110359e-08,3.147672671824660817e+00,1.010229554838728699e-01,3.626800865161563525e+00,5.107755171356021667e-03
1.176000000000110421e-08,3.148266393484499659e+00,1.010229574124302393e-01,3.627400455556149428e+00,5.107757477919691765e-03
1.176200000000110482e-08,3.148860117054034458e+00,1.010229593401147513e-01,3.628000045955759312e+00,5.107759784603595546e-03
1.176400000000110543e-08,3.149453842532337511e+00,1.010229612669269333e-01,3.628599636360392733e+00,5.107762091410353311e-03
1.176600000000110605e-08,3.150047569918481560e+00,1.010229631928673683e-01,3.629199226770050135e+00,5.107764398195544127e-03
1.176800000000110666e-08,3.150641299211538904e+00,1.010229651179365556e-01,3.629798817184731519e+00,5.107766705137246899e-03
1.177000000000110728e-08,3.151235030410583171e+00,1.010229670421350368e-01,3.630398407604437327e+00,5.107769012071349847e-03
1.177200000000110789e-08,3.151828763514688436e+00,1.010229689654633667e-01,3.630997998029166229e+00,5.107771319154042269e-03
1.177400000000110850e-08,3.152422498522930105e+00,1.010229708879220867e-01,3.631597588458919112e+00,5.107773626332579031e-03
1.177600000000110912e-08,3.153016235434383141e+00,1.010229728095117241e-01,3.632197178893695977e+00,5.107775933507975076e-03
1.177800000000110973e-08,3.153609974248122949e+00,1.010229747302328063e-01,3.632796769333496822e+00,5.107778240829935305e-03
1.178000000000111034e-08,3.154203714963227156e+00,1.010229766500859022e-01,3.633396359778321649e+00,5.107780548144839547e-03
1.178200000000111096e-08,3.154797457578771169e+00,1.010229785690715115e-01,3.633995950228170013e+00,5.107782855631417228e-03
1.178400000000111157e-08,3.155391202093834835e+00,1.010229804871901893e-01,3.634595540683043247e+00,5.107785163180617559e-03
1.178600000000111218e-08,3.155984948507494448e+00,1.010229824044424768e-01,3.635195131142940017e+00,5.107787470744577785e-03
1.178800000000111280e-08,3.156578696818830299e+00,1.010229843208288875e-01,3.635794721607860769e+00,5.107789778459728702e-03
1.179000000000111341e-08,3.157172447026921791e+00,1.010229862363499903e-01,3.636394312077805502e+00,5.107792086167564291e-03
1.179200000000111402e-08,3.157766199130848328e+00,1.010229881510062988e-01,3.636993902552774216e+00,5.107794394051948760e-03
1.179400000000111464e-08,3.158359953129690645e+00,1.010229900647983403e-01,3.637593493032767356e+00,5.107796701964045435e-03
1.179600000000111525e-08,3.158953709022529921e+00,1.010229919777266699e-01,3.638193083517784476e+00,5.107799009918044357e-03
1.179800000000111586e-08,3.159547466808449112e+00,1.010229938897918150e-01,3.638792674007825134e+00,5.107801318028445080e-03
1.180000000000111648e-08,3.160141226486529398e+00,1.010229958009943030e-01,3.639392264502890217e+00,5.107803626119023985e-03
1.180200000000111709e-08,3.160734988055854178e+00,1.010229977113346334e-01,3.639991855002979726e+00,5.107805934395377029e-03
1.180400000000111770e-08,3.161328751515506852e+00,1.010229996208133890e-01,3.640591445508093216e+00,5.107808242677525784e-03
1.180600000000111832e-08,3.161922516864573041e+00,1.010230015294310835e-01,3.641191036018230687e+00,5.107810551028322751e-03
1.180800000000111893e-08,3.162516284102135700e+00,1.010230034371882440e-01,3.641790626533392583e+00,5.107812859533646284e-03
1.181000000000111954e-08,3.163110053227281337e+00,1.010230053440854120e-01,3.642390217053578461e+00,5.107815168005153984e-03
1.181200000000112016e-08,3.163703824239096019e+00,1.010230072501231008e-01,3.642989807578788763e+00,5.107817476665817667e-03
1.181400000000112077e-08,3.164297597136665363e+00,1.010230091553018655e-01,3.643589398109023048e+00,5.107819785322155817e-03
1.181600000000112139e-08,3.164891371919076768e+00,1.010230110596222197e-01,3.644188988644281757e+00,5.107822094065036719e-03
1.181800000000112200e-08,3.165485148585418962e+00,1.010230129630846768e-01,3.644788579184564892e+00,5.107824402953483472e-03
1.182000000000112261e-08,3.166078927134779342e+00,1.010230148656898058e-01,3.645388169729871564e+00,5.107826711815972691e-03
1.182200000000112323e-08,3.166672707566246636e+00,1.010230167674381063e-01,3.645987760280203105e+00,5.107829020850601122e-03
1.182400000000112384e-08,3.167266489878910907e+00,1.010230186683301057e-01,3.646587350835558627e+00,5.107831329875267903e-03
1.182600000000112445e-08,3.167860274071862658e+00,1.010230205683663451e-01,3.647186941395938575e+00,5.107833639019756372e-03
1.182800000000112507e-08,3.168454060144191509e+00,1.010230224675473520e-01,3.647786531961343393e+00,5.107835948287183826e-03
1.183000000000112568e-08,3.169047848094989295e+00,1.010230243658736260e-01,3.648386122531772191e+00,5.107838257533144945e-03
1.183200000000112629e-08,3.169641637923347410e+00,1.010230262633457221e-01,3.648985713107225415e+00,5.107840566936159253e-03
1.183400000000112691e-08,3.170235429628359469e+00,1.010230281599641677e-01,3.649585303687702620e+00,5.107842876331208579e-03
1.183600000000112752e-08,3.170829223209117309e+00,1.010230300557294625e-01,3.650184894273204694e+00,5.107845185874207265e-03
1.183800000000112813e-08,3.171423018664714100e+00,1.010230319506421615e-01,3.650784484863730750e+00,5.107847495513196008e-03
1.184000000000112875e-08,3.172016815994244787e+00,1.010230338447027643e-01,3.651384075459281675e+00,5.107849805148658925e-03
1.184200000000112936e-08,3.172610615196804318e+00,1.010230357379117982e-01,3.651983666059857025e+00,5.107852114930881184e-03
1.184400000000112997e-08,3.173204416271487194e+00,1.010230376302698047e-01,3.652583256665456801e+00,5.107854424705842757e-03
1.184600000000113059e-08,3.173798219217390582e+00,1.010230395217772970e-01,3.653182847276081002e+00,5.107856734652225367e-03
1.184800000000113120e-08,3.174392024033610316e+00,1.010230414124348025e-01,3.653782437891729629e+00,5.107859044662052886e-03
1.185000000000113181e-08,3.174985830719242674e+00,1.010230433022428348e-01,3.654382028512402680e+00,5.107861354686133760e-03
1.185200000000113243e-08,3.175579639273386157e+00,1.010230451912019350e-01,3.654981619138100157e+00,5.107863664861191956e-03
1.185400000000113304e-08,3.176173449695138373e+00,1.010230470793125890e-01,3.655581209768822504e+00,5.107865975028881914e-03
1.185600000000113365e-08,3.176767261983599600e+00,1.010230489665753517e-01,3.656180800404568831e+00,5.107868285372666253e-03
1.185800000000113427e-08,3.177361076137867446e+00,1.010230508529907228e-01,3.656780391045340028e+00,5.107870595744897456e-03
1.186000000000113488e-08,3.177954892157042188e+00,1.010230527385592575e-01,3.657379981691135651e+00,5.107872906157895528e-03
1.186200000000113550e-08,3.178548710040224989e+00,1.010230546232814414e-01,3.657979572341956587e+00,5.107875216727271114e-03
1.186400000000113611e-08,3.179142529786516569e+00,1.010230565071578157e-01,3.658579162997801948e+00,5.107877527277534385e-03
1.186600000000113672e-08,3.179736351395018534e+00,1.010230583901888662e-01,3.659178753658671734e+00,5.107879838013516284e-03
1.186800000000113734e-08,3.180330174864833825e+00,1.010230602723751481e-01,3.659778344324565946e+00,5.107882148755966967e-03
1.187000000000113795e-08,3.180924000195064050e+00,1.010230621537171608e-01,3.660377934995485028e+00,5.107884459565928750e-03
1.187200000000113856e-08,3.181517827384813035e+00,1.010230640342154596e-01,3.660977525671428534e+00,5.107886770530372864e-03
1.187400000000113918e-08,3.182111656433185942e+00,1.010230659138705023e-01,3.661577116352396910e+00,5.107889081461026298e-03
1.187600000000113979e-08,3.182705487339285710e+00,1.010230677926828441e-01,3.662176707038390155e+00,5.107891392581514860e-03
1.187800000000114040e-08,3.183299320102218388e+00,1.010230696706529985e-01,3.662776297729407826e+00,5.107893703697731665e-03
1.188000000000114102e-08,3.183893154721088248e+00,1.010230715477814789e-01,3.663375888425450810e+00,5.107896014899047064e-03
1.188200000000114163e-08,3.184486991195003558e+00,1.010230734240687850e-01,3.663975479126518220e+00,5.107898326246726288e-03
1.188400000000114224e-08,3.185080829523069923e+00,1.010230752995154441e-01,3.664575069832610499e+00,5.107900637567773169e-03
1.188600000000114286e-08,3.185674669704395168e+00,1.010230771741219835e-01,3.665174660543727647e+00,5.107902949062647149e-03
1.188800000000114347e-08,3.186268511738087117e+00,1.010230790478889168e-01,3.665774251259869221e+00,5.107905260547856985e-03
1.189000000000114408e-08,3.186862355623254039e+00,1.010230809208167574e-01,3.666373841981035664e+00,5.107907572150472038e-03
1.189200000000114470e-08,3.187456201359005536e+00,1.010230827929060049e-01,3.666973432707226976e+00,5.107909883877237781e-03
1.189400000000114531e-08,3.188050048944451209e+00,1.010230846641571728e-01,3.667573023438443158e+00,5.107912195582188508e-03
1.189600000000114592e-08,3.188643898378700658e+00,1.010230865345708023e-01,3.668172614174684654e+00,5.107914507445909802e-03
1.189800000000114654e-08,3.189237749660865706e+00,1.010230884041473792e-01,3.668772204915950574e+00,5.107916819301059827e-03
1.190000000000114715e-08,3.189831602790056397e+00,1.010230902728874308e-01,3.669371795662241365e+00,5.107919131301816469e-03
1.190200000000114776e-08,3.190425457765385886e+00,1.010230921407914567e-01,3.669971386413557468e+00,5.107921443400376821e-03
1.190400000000114838e-08,3.191019314585965994e+00,1.010230940078599982e-01,3.670570977169897997e+00,5.107923755493880454e-03
1.190600000000114899e-08,3.191613173250910762e+00,1.010230958740935131e-01,3.671170567931263395e+00,5.107926067734592721e-03
1.190800000000114961e-08,3.192207033759332457e+00,1.010230977394925705e-01,3.671770158697654107e+00,5.107928379967699092e-03
1.191000000000115022e-08,3.192800896110346454e+00,1.010230996040576285e-01,3.672369749469070133e+00,5.107930692371072910e-03
1.191200000000115083e-08,3.193394760303066793e+00,1.010231014677892419e-01,3.672969340245511027e+00,5.107933004841186744e-03
1.191400000000115145e-08,3.193988626336608849e+00,1.010231033306878967e-01,3.673568931026976347e+00,5.107935317323827884e-03
1.191600000000115206e-08,3.194582494210088885e+00,1.010231051927541202e-01,3.674168521813466981e+00,5.107937629956590259e-03
1.191800000000115267e-08,3.195176363922622720e+00,1.010231070539883980e-01,3.674768112604982928e+00,5.107939942582234195e-03
1.192000000000115329e-08,3.195770235473328391e+00,1.010231089143912714e-01,3.675367703401523745e+00,5.107942255383197093e-03
1.192200000000115390e-08,3.196364108861323050e+00,1.010231107739632123e-01,3.675967294203089875e+00,5.107944568215070161e-03
1.192400000000115451e-08,3.196957984085725180e+00,1.010231126327047341e-01,3.676566885009680874e+00,5.107946881084659586e-03
1.192600000000115513e-08,3.197551861145651930e+00,1.010231144906163503e-01,3.677166475821296743e+00,5.107949194110429636e-03
1.192800000000115574e-08,3.198145740040224005e+00,1.010231163476986022e-01,3.677766066637937925e+00,5.107951507118718010e-03
1.193000000000115635e-08,3.198739620768561664e+00,1.010231182039519338e-01,3.678365657459603977e+00,5.107953820312073623e-03
1.193200000000115697e-08,3.199333503329783390e+00,1.010231200593769002e-01,3.678965248286295786e+00,5.107956133513784532e-03
1.193400000000115758e-08,3.199927387723012107e+00,1.010231219139739872e-01,3.679564839118012909e+00,5.107958446780400119e-03
1.193600000000115819e-08,3.200521273947368073e+00,1.010231237677437083e-01,3.680164429954754901e+00,5.107960760201449464e-03
1.193800000000115881e-08,3.201115162001974213e+00,1.010231256206865769e-01,3.680764020796521763e+00,5.107963073589611054e-03
1.194000000000115942e-08,3.201709051885952118e+00,1.010231274728030926e-01,3.681363611643313494e+00,5.107965387168639931e-03
1.194200000000116003e-08,3.202302943598426488e+00,1.010231293240937411e-01,3.681963202495130982e+00,5.107967700743504605e-03
1.194400000000116065e-08,3.202896837138519803e+00,1.010231311745590221e-01,3.682562793351973784e+00,5.107970014400796399e-03
1.194600000000116126e-08,3.203490732505356320e+00,1.010231330241994907e-01,3.683162384213841456e+00,5.107972328206571849e-03
1.194800000000116187e-08,3.204084629698062070e+00,1.010231348730155632e-01,3.683761975080734885e+00,5.107974641984433864e-03
1.195000000000116249e-08,3.204678528715761310e+00,1.010231367210078363e-01,3.684361565952653184e+00,5.107976955938777104e-03
1.195200000000116310e-08,3.205272429557580516e+00,1.010231385681767680e-01,3.684961156829596796e+00,5.107979269884257642e-03
1.195400000000116372e-08,3.205866332222645720e+00,1.010231404145228579e-01,3.685560747711566165e+00,5.107981583942475257e-03
1.195600000000116433e-08,3.206460236710085177e+00,1.010231422600466195e-01,3.686160338598560848e+00,5.107983898126850636e-03
1.195800000000116494e-08,3.207054143019024917e+00,1.010231441047485385e-01,3.686759929490580401e+00,5.107986212288848950e-03
1.196000000000116556e-08,3.207648051148594970e+00,1.010231459486291422e-01,3.687359520387625711e+00,5.107988526612706505e-03
1.196200000000116617e-08,3.208241961097922257e+00,1.010231477916888887e-01,3.687959111289696335e+00,5.107990840927319719e-03
1.196400000000116678e-08,3.208835872866136807e+00,1.010231496339283191e-01,3.688558702196792272e+00,5.107993155383492440e-03
1.196600000000116740e-08,3.209429786452369093e+00,1.010231514753479332e-01,3.689158293108913522e+00,5.107995469940959134e-03
1.196800000000116801e-08,3.210023701855749145e+00,1.010231533159481887e-01,3.689757884026060530e+00,5.107997784490794779e-03
1.197000000000116862e-08,3.210617619075407436e+00,1.010231551557296131e-01,3.690357474948232852e+00,5.108000099188443610e-03
1.197200000000116924e-08,3.211211538110475328e+00,1.010231569946927199e-01,3.690957065875430931e+00,5.108002413878352105e-03
1.197400000000116985e-08,3.211805458960085957e+00,1.010231588328379948e-01,3.691556656807653880e+00,5.108004728735716059e-03
1.197600000000117046e-08,3.212399381623371131e+00,1.010231606701659235e-01,3.692156247744902586e+00,5.108007043664501180e-03
1.197800000000117108e-08,3.212993306099463542e+00,1.010231625066770195e-01,3.692755838687177050e+00,5.108009358603497752e-03
1.198000000000117169e-08,3.213587232387498105e+00,1.010231643423717546e-01,3.693355429634476828e+00,5.108011673691463701e-03
1.198200000000117230e-08,3.214181160486608846e+00,1.010231661772506562e-01,3.693955020586801918e+00,5.108013988772950459e-03
1.198400000000117292e-08,3.214775090395929347e+00,1.010231680113142100e-01,3.694554611544152767e+00,5.108016304029129075e-03
1.198600000000117353e-08,3.215369022114597186e+00,1.010231698445629017e-01,3.695154202506529373e+00,5.108018619320061141e-03
1.198800000000117414e-08,3.215962955641745946e+00,1.010231716769972310e-01,3.695753793473931292e+00,5.108020934643677999e-03
1.199000000000117476e-08,3.216556890976512317e+00,1.010231735086177252e-01,3.696353384446358525e+00,5.108023250123250834e-03
1.199200000000117537e-08,3.217150828118035655e+00,1.010231753394248283e-01,3.696952975423811516e+00,5.108025565587787954e-03
1.199400000000117598e-08,3.217744767065450873e+00,1.010231771694190539e-01,3.697552566406290264e+00,5.108027881236124230e-03
1.199600000000117660e-08,3.218338707817896438e+00,1.010231789986009154e-01,3.698152157393794770e+00,5.108030196896046725e-03
1.199800000000117721e-08,3.218932650374513038e+00,1.010231808269708847e-01,3.698751748386325033e+00,5.108032512616527548e-03
1.200000000000117783e-08,3.219526594734437364e+00,1.010231826545294753e-01,3.699351339383880610e+00,5.108034828492123008e-03
1.200200000000117844e-08,3.220120540896810990e+00,1.010231844812771590e-01,3.699950930386462389e+00,5.108037144337398971e-03
1.200400000000117905e-08,3.220714488860772828e+00,1.010231863072144215e-01,3.700550521394069481e+00,5.108039460374134630e-03
1.200600000000117967e-08,3.221308438625464010e+00,1.010231881323417763e-01,3.701150112406701886e+00,5.108041776407261196e-03
1.200800000000118028e-08,3.221902390190026555e+00,1.010231899566597091e-01,3.701749703424360494e+00,5.108044092519021043e-03
1.201000000000118089e-08,3.222496343553602038e+00,1.010231917801687057e-01,3.702349294447045303e+00,5.108046408781422541e-03
1.201200000000118151e-08,3.223090298715332036e+00,1.010231936028692795e-01,3.702948885474755425e+00,5.108048725014212310e-03
1.201400000000118212e-08,3.223684255674361232e+00,1.010231954247618885e-01,3.703548476507491305e+00,5.108051041427185204e-03
1.201600000000118273e-08,3.224278214429831646e+00,1.010231972458470462e-01,3.704148067545252943e+00,5.108053357831951122e-03
1.201800000000118335e-08,3.224872174980888406e+00,1.010231990661252383e-01,3.704747658588040338e+00,5.108055674342691296e-03
1.202000000000118396e-08,3.225466137326674865e+00,1.010232008855969366e-01,3.705347249635853490e+00,5.108057990984415236e-03
1.202200000000118457e-08,3.226060101466337038e+00,1.010232027042626546e-01,3.705946840688692845e+00,5.108060307603011843e-03
1.202400000000118519e-08,3.226654067399021386e+00,1.010232045221228503e-01,3.706546431746557957e+00,5.108062624386284882e-03
1.202600000000118580e-08,3.227248035123872594e+00,1.010232063391780788e-01,3.707146022809448827e+00,5.108064941159530352e-03
1.202800000000118641e-08,3.227842004640038454e+00,1.010232081554287564e-01,3.707745613877365454e+00,5.108067258068648038e-03
1.203000000000118703e-08,3.228435975946664982e+00,1.010232099708753828e-01,3.708345204950307838e+00,5.108069575084433871e-03
1.203200000000118764e-08,3.229029949042901748e+00,1.010232117855184852e-01,3.708944796028276869e+00,5.108071892088895428e-03
1.203400000000118825e-08,3.229623923927895657e+00,1.010232135993585079e-01,3.709544387111271657e+00,5.108074209243519855e-03
1.203600000000118887e-08,3.230217900600797165e+00,1.010232154123959641e-01,3.710143978199292203e+00,5.108076526389599033e-03
1.203800000000118948e-08,3.230811879060754510e+00,1.010232172246313398e-01,3.710743569292338506e+00,5.108078843697831488e-03
1.204000000000119009e-08,3.231405859306918149e+00,1.010232190360650928e-01,3.711343160390411011e+00,5.108081161083900118e-03
1.204200000000119071e-08,3.231999841338438095e+00,1.010232208466977366e-01,3.711942751493508830e+00,5.108083478476454012e-03
1.204400000000119132e-08,3.232593825154466138e+00,1.010232226565297431e-01,3.712542342601633294e+00,5.108085796017280793e-03
1.204600000000119194e-08,3.233187810754154068e+00,1.010232244655615980e-01,3.713141933714783960e+00,5.108088113551913743e-03
1.204800000000119255e-08,3.233781798136653229e+00,1.010232262737938008e-01,3.713741524832960383e+00,5.108090431260421498e-03
1.205000000000119316e-08,3.234375787301116301e+00,1.010232280812268235e-01,3.714341115956163009e+00,5.108092749010509706e-03
1.205200000000119378e-08,3.234969778246696848e+00,1.010232298878611518e-01,3.714940707084391835e+00,5.108095066787333473e-03
1.205400000000119439e-08,3.235563770972548880e+00,1.010232316936972435e-01,3.715540298217646864e+00,5.108097384719458359e-03
1.205600000000119500e-08,3.236157765477825965e+00,1.010232334987356262e-01,3.716139889355927206e+00,5.108099702639670031e-03
1.205800000000119562e-08,3.236751761761683888e+00,1.010232353029767577e-01,3.716739480499234194e+00,5.108102020741578375e-03
1.206000000000119623e-08,3.237345759823277103e+00,1.010232371064211238e-01,3.717339071647567383e+00,5.108104338859746282e-03
1.206200000000119684e-08,3.237939759661761396e+00,1.010232389090691962e-01,3.717938662800925886e+00,5.108106657032433079e-03
1.206400000000119746e-08,3.238533761276294332e+00,1.010232407109214886e-01,3.718538253959311479e+00,5.108108975360281349e-03
1.206600000000119807e-08,3.239127764666031695e+00,1.010232425119784311e-01,3.719137845122722830e+00,5.108111293661373245e-03
1.206800000000119868e-08,3.239721769830131048e+00,1.010232443122405649e-01,3.719737436291160382e+00,5.108113612153115587e-03
1.207000000000119930e-08,3.240315776767751288e+00,1.010232461117083202e-01,3.720337027464624580e+00,5.108115930643019990e-03
1.207200000000119991e-08,3.240909785478049976e+00,1.010232479103821968e-01,3.720936618643114535e+00,5.108118249207800263e-03
1.207400000000120052e-08,3.241503795960186896e+00,1.010232497082626801e-01,3.721536209826631136e+00,5.108120567924937828e-03
1.207600000000120114e-08,3.242097808213320498e+00,1.010232515053502422e-01,3.722135801015173495e+00,5.108122886610082757e-03
1.207800000000120175e-08,3.242691822236611898e+00,1.010232533016453688e-01,3.722735392208742500e+00,5.108125205480556000e-03
1.208000000000120236e-08,3.243285838029221768e+00,1.010232550971485177e-01,3.723334983407337706e+00,5.108127524343809324e-03
1.208200000000120298e-08,3.243879855590310779e+00,1.010232568918601748e-01,3.723934574610959558e+00,5.108129843303929607e-03
1.208400000000120359e-08,3.244473874919041378e+00,1.010232586857808396e-01,3.724534165819607168e+00,5.108132162401769587e-03
1.208600000000120420e-08,3.245067896014575126e+00,1.010232604789109701e-01,3.725133757033280979e+00,5.108134481475483032e-03
1.208800000000120482e-08,3.245661918876074470e+00,1.010232622712510520e-01,3.725733348251980992e+00,5.108136800716656274e-03
1.209000000000120543e-08,3.246255943502703190e+00,1.010232640628015433e-01,3.726332939475708095e+00,5.108139119947474084e-03
1.209200000000120605e-08,3.246849969893625953e+00,1.010232658535629297e-01,3.726932530704460955e+00,5.108141439307188787e-03
1.209400000000120666e-08,3.247443998048005653e+00,1.010232676435356969e-01,3.727532121938240461e+00,5.108143758780818444e-03
1.209600000000120727e-08,3.248038027965007402e+00,1.010232694327203445e-01,3.728131713177046613e+00,5.108146078238013331e-03
1.209800000000120789e-08,3.248632059643797199e+00,1.010232712211173028e-01,3.728731304420878967e+00,5.108148397848908187e-03
1.210000000000120850e-08,3.249226093083541489e+00,1.010232730087270436e-01,3.729330895669737522e+00,5.108150717450845799e-03
1.210200000000120911e-08,3.249820128283404497e+00,1.010232747955500804e-01,3.729930486923622279e+00,5.108153037207375027e-03
1.210400000000120973e-08,3.250414165242554443e+00,1.010232765815868711e-01,3.730530078182534126e+00,5.108155357049989041e-03
1.210600000000121034e-08,3.251008203960160436e+00,1.010232783668378875e-01,3.731129669446472175e+00,5.108157676894015120e-03
1.210800000000121095e-08,3.251602244435387590e+00,1.010232801513035739e-01,3.731729260715436869e+00,5.108159996886099848e-03
1.211000000000121157e-08,3.252196286667405900e+00,1.010232819349844574e-01,3.732328851989428209e+00,5.108162316871846763e-03
1.211200000000121218e-08,3.252790330655384921e+00,1.010232837178809684e-01,3.732928443268445751e+00,5.108164637029942792e-03
1.211400000000121279e-08,3.253384376398493316e+00,1.010232854999936064e-01,3.733528034552489938e+00,5.108166957239959095e-03
1.211600000000121341e-08,3.253978423895901528e+00,1.010232872813228155e-01,3.734127625841560327e+00,5.108169277470708813e-03
1.211800000000121402e-08,3.254572473146779554e+00,1.010232890618691093e-01,3.734727217135657806e+00,5.108171597854945997e-03
1.212000000000121463e-08,3.255166524150299168e+00,1.010232908416329178e-01,3.735326808434781487e+00,5.108173918229626589e-03
1.212200000000121525e-08,3.255760576905632142e+00,1.010232926206147269e-01,3.735926399738931813e+00,5.108176238782806758e-03
1.212400000000121586e-08,3.256354631411950251e+00,1.010232943988150223e-01,3.736525991048109230e+00,5.108178559358167968e-03
1.212600000000121647e-08,3.256948687668427045e+00,1.010232961762342480e-01,3.737125582362312848e+00,5.108180879979911347e-03
1.212800000000121709e-08,3.257542745674234297e+00,1.010232979528728897e-01,3.737725173681543112e+00,5.108183200757438099e-03
1.213000000000121770e-08,3.258136805428546889e+00,1.010232997287314194e-01,3.738324765005800021e+00,5.108185521512872279e-03
1.213200000000121832e-08,3.258730866930537928e+00,1.010233015038102949e-01,3.738924356335083576e+00,5.108187842456988863e-03
1.213400000000121893e-08,3.259324930179383184e+00,1.010233032781099882e-01,3.739523947669393777e+00,5.108190163403416098e-03
1.213600000000121954e-08,3.259918995174257539e+00,1.010233050516309850e-01,3.740123539008730624e+00,5.108192484419943509e-03
1.213800000000122016e-08,3.260513061914336763e+00,1.010233068243737153e-01,3.740723130353094561e+00,5.108194805590136195e-03
1.214000000000122077e-08,3.261107130398798404e+00,1.010233085963386651e-01,3.741322721702484699e+00,5.108197126726094980e-03
1.214200000000122138e-08,3.261701200626816899e+00,1.010233103675263339e-01,3.741922313056901928e+00,5.108199448052038946e-03
1.214400000000122200e-08,3.262295272597571127e+00,1.010233121379371379e-01,3.742521904416345802e+00,5.108201769372307764e-03
1.214600000000122261e-08,3.262889346310238636e+00,1.010233139075716047e-01,3.743121495780816321e+00,5.108204090780017921e-03
1.214800000000122322e-08,3.263483421763997860e+00,1.010233156764301227e-01,3.743721087150313487e+00,5.108206412331598237e-03
1.215000000000122384e-08,3.264077498958027679e+00,1.010233174445132054e-01,3.744320678524837742e+00,5.108208733857182854e-03
1.215200000000122445e-08,3.264671577891507415e+00,1.010233192118213247e-01,3.744920269904388643e+00,5.108211055555848638e-03
1.215400000000122506e-08,3.265265658563616835e+00,1.010233209783549246e-01,3.745519861288967078e+00,5.108213377243905721e-03
1.215600000000122568e-08,3.265859740973536596e+00,1.010233227441144910e-01,3.746119452678571715e+00,5.108215699051165196e-03
1.215800000000122629e-08,3.266453825120447796e+00,1.010233245091004539e-01,3.746719044073202998e+00,5.108218020980681909e-03
1.216000000000122690e-08,3.267047911003531535e+00,1.010233262733133131e-01,3.747318635472861814e+00,5.108220342890061084e-03
1.216200000000122752e-08,3.267641998621970245e+00,1.010233280367535263e-01,3.747918226877547276e+00,5.108222664958441545e-03
1.216400000000122813e-08,3.268236087974945914e+00,1.010233297994215379e-01,3.748517818287258940e+00,5.108224987016768415e-03
1.216600000000122874e-08,3.268830179061641417e+00,1.010233315613178334e-01,3.749117409701998138e+00,5.108227309221017622e-03
1.216800000000122936e-08,3.269424271881240518e+00,1.010233333224428431e-01,3.749717001121764426e+00,5.108229631520866572e-03
1.217000000000122997e-08,3.270018366432927426e+00,1.010233350827970666e-01,3.750316592546557359e+00,5.108231953816048249e-03
1.217200000000123058e-08,3.270612462715885904e+00,1.010233368423809341e-01,3.750916183976377383e+00,5.108234276259180154e-03
1.217400000000123120e-08,3.271206560729301938e+00,1.010233386011949314e-01,3.751515775411224052e+00,5.108236598694249932e-03
1.217600000000123181e-08,3.271800660472361511e+00,1.010233403592395163e-01,3.752115366851098255e+00,5.108238921299454449e-03
1.217800000000123243e-08,3.272394761944248831e+00,1.010233421165151468e-01,3.752714958295999104e+00,5.108241243969986051e-03
1.218000000000123304e-08,3.272988865144151660e+00,1.010233438730222810e-01,3.753314549745926598e+00,5.108243566653341595e-03
1.218200000000123365e-08,3.273582970071256426e+00,1.010233456287613768e-01,3.753914141200882071e+00,5.108245889487065573e-03
1.218400000000123427e-08,3.274177076724751334e+00,1.010233473837329060e-01,3.754513732660864189e+00,5.108248212313017990e-03
1.218600000000123488e-08,3.274771185103823701e+00,1.010233491379373266e-01,3.755113324125872953e+00,5.108250535313831400e-03
1.218800000000123549e-08,3.275365295207663063e+00,1.010233508913750827e-01,3.755712915595909251e+00,5.108252858345475184e-03
1.219000000000123611e-08,3.275959407035458959e+00,1.010233526440466462e-01,3.756312507070972639e+00,5.108255181413545558e-03
1.219200000000123672e-08,3.276553520586397816e+00,1.010233543959524749e-01,3.756912098551063117e+00,5.108257504637492979e-03
1.219400000000123733e-08,3.277147635859674057e+00,1.010233561470929992e-01,3.757511690036180685e+00,5.108259827844846904e-03
1.219600000000123795e-08,3.277741752854474999e+00,1.010233578974687046e-01,3.758111281526324898e+00,5.108262151237634094e-03
1.219800000000123856e-08,3.278335871569994175e+00,1.010233596470800632e-01,3.758710873021496646e+00,5.108264474639577155e-03
1.220000000000123917e-08,3.278929992005420679e+00,1.010233613959275190e-01,3.759310464521695927e+00,5.108266798103559998e-03
1.220200000000123979e-08,3.279524114159948933e+00,1.010233631440115160e-01,3.759910056026922298e+00,5.108269121722067672e-03
1.220400000000124040e-08,3.280118238032769806e+00,1.010233648913325122e-01,3.760509647537175759e+00,5.108271445309694667e-03
1.220600000000124101e-08,3.280712363623078165e+00,1.010233666378909934e-01,3.761109239052456310e+00,5.108273769089154322e-03
1.220800000000124163e-08,3.281306490930065767e+00,1.010233683836873758e-01,3.761708830572763507e+00,5.108276092863339550e-03
1.221000000000124224e-08,3.281900619952927478e+00,1.010233701287221314e-01,3.762308422098098681e+00,5.108278416717278690e-03
1.221200000000124285e-08,3.282494750690858165e+00,1.010233718729957320e-01,3.762908013628460946e+00,5.108280740720834261e-03
1.221400000000124347e-08,3.283088883143053582e+00,1.010233736165086077e-01,3.763507605163850300e+00,5.108283064694865705e-03
1.221600000000124408e-08,3.283683017308707708e+00,1.010233753592612305e-01,3.764107196704267189e+00,5.108285388849876513e-03
1.221800000000124469e-08,3.284277153187018516e+00,1.010233771012540166e-01,3.764706788249711167e+00,5.108287712996250132e-03
1.222000000000124531e-08,3.284871290777180430e+00,1.010233788424874796e-01,3.765306379800182679e+00,5.108290037248867758e-03
1.222200000000124592e-08,3.285465430078393201e+00,1.010233805829620496e-01,3.765905971355681281e+00,5.108292361631613064e-03
1.222400000000124654e-08,3.286059571089852582e+00,1.010233823226781430e-01,3.766505562916207417e+00,5.108294685991827781e-03
1.222600000000124715e-08,3.286653713810756550e+00,1.010233840616362455e-01,3.767105154481760643e+00,5.108297010517564608e-03
1.222800000000124776e-08,3.287247858240305298e+00,1.010233857998368290e-01,3.767704746052341402e+00,5.108299335032250379e-03
1.223000000000124838e-08,3.287842004377696803e+00,1.010233875372803236e-01,3.768304337627949252e+00,5.108301659682039884e-03
1.223200000000124899e-08,3.288436152222131259e+00,1.010233892739671735e-01,3.768903929208585080e+00,5.108303984438311053e-03
1.223400000000124960e-08,3.289030301772808418e+00,1.010233910098978366e-01,3.769503520794247997e+00,5.108306309183265753e-03
1.223600000000125022e-08,3.289624453028928919e+00,1.010233927450727709e-01,3.770103112384938004e+00,5.108308634079293184e-03
1.223800000000125083e-08,3.290218605989693845e+00,1.010233944794924066e-01,3.770702703980655990e+00,5.108310958965846423e-03
1.224000000000125144e-08,3.290812760654305613e+00,1.010233962131572155e-01,3.771302295581401509e+00,5.108313284013578023e-03
1.224200000000125206e-08,3.291406917021964418e+00,1.010233979460676557e-01,3.771901887187173674e+00,5.108315609139138860e-03
1.224400000000125267e-08,3.292001075091875339e+00,1.010233996782241572e-01,3.772501478797973817e+00,5.108317934270386121e-03
1.224600000000125328e-08,3.292595234863239462e+00,1.010234014096271643e-01,3.773101070413801494e+00,5.108320259550356429e-03
1.224800000000125390e-08,3.293189396335261865e+00,1.010234031402771487e-01,3.773700662034657149e+00,5.108322584823624633e-03
1.225000000000125451e-08,3.293783559507145409e+00,1.010234048701745269e-01,3.774300253660539894e+00,5.108324910270128395e-03
1.225200000000125512e-08,3.294377724378095174e+00,1.010234065993197844e-01,3.774899845291450173e+00,5.108327235759803353e-03
1.225400000000125574e-08,3.294971890947316684e+00,1.010234083277133377e-01,3.775499436927388430e+00,5.108329561275284057e-03
1.225600000000125635e-08,3.295566059214014576e+00,1.010234100553556585e-01,3.776099028568353333e+00,5.108331886945801335e-03
1.225800000000125696e-08,3.296160229177396150e+00,1.010234117822471772e-01,3.776698620214346214e+00,5.108334212604649996e-03
1.226000000000125758e-08,3.296754400836666932e+00,1.010234135083883517e-01,3.777298211865367072e+00,5.108336538444246434e-03
1.226200000000125819e-08,3.297348574191034665e+00,1.010234152337796260e-01,3.777897803521415465e+00,5.108338864301585625e-03
1.226400000000125880e-08,3.297942749239706206e+00,1.010234169584214442e-01,3.778497395182490948e+00,5.108341190210310793e-03
1.226600000000125942e-08,3.298536925981889745e+00,1.010234186823142644e-01,3.779096986848594408e+00,5.108343516274309326e-03
1.226800000000126003e-08,3.299131104416794358e+00,1.010234204054585028e-01,3.779696578519725847e+00,5.108345842313732899e-03
1.227000000000126065e-08,3.299725284543628678e+00,1.010234221278546313e-01,3.780296170195884375e+00,5.108348168543832939e-03
1.227200000000126126e-08,3.300319466361602228e+00,1.010234238495030801e-01,3.780895761877070882e+00,5.108350494772821021e-03
1.227400000000126187e-08,3.300913649869924971e+00,1.010234255704043071e-01,3.781495353563284922e+00,5.108352821074323147e-03
1.227600000000126249e-08,3.301507835067807317e+00,1.010234272905587566e-01,3.782094945254526941e+00,5.108355147528581552e-03
1.227800000000126310e-08,3.302102021954460565e+00,1.010234290099668586e-01,3.782694536950796493e+00,5.108357473949197598e-03
1.228000000000126371e-08,3.302696210529096010e+00,1.010234307286290711e-01,3.783294128652093580e+00,5.108359800558666050e-03
1.228200000000126433e-08,3.303290400790925396e+00,1.010234324465458383e-01,3.783893720358418644e+00,5.108362127161312702e-03
1.228400000000126494e-08,3.303884592739162240e+00,1.010234341637175903e-01,3.784493312069771687e+00,5.108364453855424384e-03
1.228600000000126555e-08,3.304478786373017396e+00,1.010234358801447713e-01,3.785092903786152263e+00,5.108366780690670565e-03
1.228800000000126617e-08,3.305072981691706602e+00,1.010234375958278252e-01,3.785692495507560817e+00,5.108369107501013057e-03
1.229000000000126678e-08,3.305667178694441599e+00,1.010234393107672241e-01,3.786292087233996906e+00,5.108371434482130401e-03
1.229200000000126739e-08,3.306261377380438571e+00,1.010234410249633424e-01,3.786891678965460972e+00,5.108373761451802907e-03
1.229400000000126801e-08,3.306855577748911479e+00,1.010234427384166800e-01,3.787491270701953017e+00,5.108376088544410928e-03
1.229600000000126862e-08,3.307449779799075618e+00,1.010234444511276530e-01,3.788090862443472595e+00,5.108378415755858784e-03
1.229800000000126923e-08,3.308043983530147170e+00,1.010234461630967195e-01,3.788690454190020152e+00,5.108380742948829233e-03
1.230000000000126985e-08,3.308638188941342761e+00,1.010234478743243097e-01,3.789290045941596130e+00,5.108383070299519872e-03
1.230200000000127046e-08,3.309232396031879020e+00,1.010234495848108399e-01,3.789889637698199643e+00,5.108385397639778752e-03
1.230400000000127107e-08,3.309826604800972571e+00,1.010234512945568236e-01,3.790489229459830689e+00,5.108387725128692158e-03
1.230600000000127169e-08,3.310420815247841819e+00,1.010234530035626355e-01,3.791088821226490158e+00,5.108390052709359426e-03
1.230800000000127230e-08,3.311015027371705610e+00,1.010234547118286919e-01,3.791688412998177160e+00,5.108392380287062051e-03
1.231000000000127291e-08,3.311609241171781015e+00,1.010234564193554924e-01,3.792288004774892141e+00,5.108394708012899653e-03
1.231200000000127353e-08,3.312203456647288657e+00,1.010234581261434533e-01,3.792887596556635543e+00,5.108397035731122686e-03
1.231400000000127414e-08,3.312797673797447828e+00,1.010234598321930050e-01,3.793487188343406480e+00,5.108399363620391188e-03
1.231600000000127476e-08,3.313391892621479151e+00,1.010234615375045775e-01,3.794086780135205395e+00,5.108401691570556291e-03
1.231800000000127537e-08,3.313986113118602805e+00,1.010234632420786427e-01,3.794686371932032731e+00,5.108404019535942725e-03
1.232000000000127598e-08,3.314580335288040303e+00,1.010234649459156170e-01,3.795285963733887602e+00,5.108406347652596179e-03
1.232200000000127660e-08,3.315174559129012710e+00,1.010234666490159167e-01,3.795885555540770895e+00,5.108408675760656679e-03
1.232400000000127721e-08,3.315768784640742428e+00,1.010234683513800275e-01,3.796485147352682166e+00,5.108411004044279870e-03
1.232600000000127782e-08,3.316363011822452744e+00,1.010234700530083241e-01,3.797084739169621415e+00,5.108413332356152164e-03
1.232800000000127844e-08,3.316957240673366059e+00,1.010234717539012922e-01,3.797684330991588642e+00,5.108415660706365317e-03
1.233000000000127905e-08,3.317551471192706103e+00,1.010234734540593621e-01,3.798283922818584291e+00,5.108417989212370516e-03
1.233200000000127966e-08,3.318145703379697053e+00,1.010234751534829223e-01,3.798883514650607918e+00,5.108420317700767405e-03
1.233400000000128028e-08,3.318739937233563086e+00,1.010234768521724863e-01,3.799483106487659523e+00,5.108422646375806661e-03
1.233600000000128089e-08,3.319334172753528822e+00,1.010234785501284149e-01,3.800082698329739550e+00,5.108424975058585386e-03
1.233800000000128150e-08,3.319928409938821545e+00,1.010234802473511662e-01,3.800682290176847555e+00,5.108427303804266052e-03
1.234000000000128212e-08,3.320522648788665876e+00,1.010234819438411979e-01,3.801281882028983539e+00,5.108429632704025725e-03
1.234200000000128273e-08,3.321116889302287323e+00,1.010234836395989266e-01,3.801881473886147944e+00,5.108431961572471904e-03
1.234400000000128334e-08,3.321711131478914503e+00,1.010234853346247824e-01,3.802481065748340328e+00,5.108434290633023962e-03
1.234600000000128396e-08,3.322305375317774701e+00,1.010234870289192094e-01,3.803080657615561133e+00,5.108436619687466325e-03
1.234800000000128457e-08,3.322899620818094313e+00,1.010234887224825961e-01,3.803680249487809917e+00,5.108438948822319192e-03
1.235000000000128518e-08,3.323493867979102845e+00,1.010234904153154423e-01,3.804279841365087123e+00,5.108441278105983578e-03
1.235200000000128580e-08,3.324088116800029802e+00,1.010234921074181225e-01,3.804879433247392750e+00,5.108443607360134246e-03
1.235400000000128641e-08,3.324682367280102913e+00,1.010234937987910947e-01,3.805479025134726356e+00,5.108445936795821124e-03
1.235600000000128702e-08,3.325276619418552571e+00,1.010234954894348031e-01,3.806078617027088384e+00,5.108448266222587186e-03
1.235800000000128764e-08,3.325870873214609613e+00,1.010234971793496639e-01,3.806678208924478390e+00,5.108450595755640623e-03
1.236000000000128825e-08,3.326465128667503546e+00,1.010234988685361074e-01,3.807277800826897263e+00,5.108452925418343823e-03
1.236200000000128887e-08,3.327059385776466982e+00,1.010235005569945499e-01,3.807877392734344113e+00,5.108455255058863380e-03
1.236400000000128948e-08,3.327653644540730316e+00,1.010235022447254633e-01,3.808476984646819385e+00,5.108457584865617150e-03
1.236600000000129009e-08,3.328247904959526604e+00,1.010235039317292222e-01,3.809076576564323524e+00,5.108459914660755212e-03
1.236800000000129071e-08,3.328842167032087573e+00,1.010235056180062846e-01,3.809676168486855197e+00,5.108462244590348221e-03
1.237000000000129132e-08,3.329436430757647614e+00,1.010235073035571085e-01,3.810275760414415291e+00,5.108464574626390801e-03
1.237200000000129193e-08,3.330030696135438895e+00,1.010235089883820686e-01,3.810875352347003808e+00,5.108466904650967727e-03
1.237400000000129255e-08,3.330624963164696695e+00,1.010235106724816229e-01,3.811474944284621191e+00,5.108469234827299130e-03
1.237600000000129316e-08,3.331219231844654516e+00,1.010235123558561876e-01,3.812074536227266552e+00,5.108471564993576075e-03
1.237800000000129377e-08,3.331813502174547637e+00,1.010235140385061930e-01,3.812674128174940780e+00,5.108473895320237747e-03
1.238000000000129439e-08,3.332407774153611335e+00,1.010235157204320833e-01,3.813273720127642985e+00,5.108476225724909933e-03
1.238200000000129500e-08,3.333002047781082222e+00,1.010235174016342746e-01,3.813873312085374057e+00,5.108478556134585062e-03
1.238400000000129561e-08,3.333596323056196020e+00,1.010235190821131696e-01,3.814472904048133106e+00,5.108480886693343194e-03
1.238600000000129623e-08,3.334190599978189340e+00,1.010235207618692538e-01,3.815072496015921022e+00,5.108483217245079165e-03
1.238800000000129684e-08,3.334784878546300568e+00,1.010235224409028881e-01,3.815672087988737360e+00,5.108485547969491246e-03
1.239000000000129745e-08,3.335379158759767204e+00,1.010235241192145306e-01,3.816271679966582120e+00,5.108487878738346075e-03
1.239200000000129807e-08,3.335973440617826746e+00,1.010235257968046113e-01,3.816871271949455302e+00,5.108490209532429854e-03
1.239400000000129868e-08,3.336567724119718026e+00,1.010235274736735467e-01,3.817470863937357350e+00,5.108492540481293469e-03
1.239600000000129929e-08,3.337162009264680762e+00,1.010235291498217530e-01,3.818070455930287821e+00,5.108494871418561324e-03
1.239800000000129991e-08,3.337756296051954230e+00,1.010235308252496883e-01,3.818670047928246714e+00,5.108497202535902150e-03
1.240000000000130052e-08,3.338350584480778593e+00,1.010235324999577272e-01,3.819269639931234472e+00,5.108499533671889518e-03
1.240200000000130113e-08,3.338944874550394903e+00,1.010235341739463139e-01,3.819869231939250653e+00,5.108501864857077114e-03
1.240400000000130175e-08,3.339539166260044212e+00,1.010235358472158923e-01,3.820468823952295701e+00,5.108504196197833844e-03
1.240600000000130236e-08,3.340133459608967570e+00,1.010235375197668650e-01,3.821068415970369170e+00,5.108506527515361759e-03
1.240800000000130298e-08,3.340727754596406918e+00,1.010235391915996761e-01,3.821668007993471505e+00,5.108508859023555733e-03
1.241000000000130359e-08,3.341322051221604639e+00,1.010235408627147141e-01,3.822267600021602263e+00,5.108511190531619603e-03
1.241200000000130420e-08,3.341916349483804893e+00,1.010235425331124232e-01,3.822867192054761443e+00,5.108513522110519171e-03
1.241400000000130482e-08,3.342510649382249621e+00,1.010235442027932334e-01,3.823466784092949933e+00,5.108515853842179356e-03
1.241600000000130543e-08,3.343104950916183427e+00,1.010235458717575335e-01,3.824066376136166845e+00,5.108518185539465996e-03
1.241800000000130604e-08,3.343699254084849581e+00,1.010235475400057814e-01,3.824665968184412179e+00,5.108520517427392674e-03
1.242000000000130666e-08,3.344293558887494910e+00,1.010235492075383656e-01,3.825265560237686380e+00,5.108522849308555665e-03
1.242200000000130727e-08,3.344887865323362686e+00,1.010235508743557581e-01,3.825865152295989446e+00,5.108525181277964906e-03
1.242400000000130788e-08,3.345482173391699732e+00,1.010235525404583334e-01,3.826464744359320935e+00,5.108527513390136686e-03
1.242600000000130850e-08,3.346076483091751541e+00,1.010235542058465080e-01,3.827064336427681290e+00,5.108529845476252919e-03
1.242800000000130911e-08,3.346670794422764939e+00,1.010235558705207259e-01,3.827663928501070512e+00,5.108532177736157219e-03
1.243000000000130972e-08,3.347265107383987193e+00,1.010235575344814035e-01,3.828263520579489043e+00,5.108534509984974034e-03
1.243200000000131034e-08,3.347859421974665572e+00,1.010235591977289571e-01,3.828863112662935997e+00,5.108536842352311494e-03
1.243400000000131095e-08,3.348453738194049123e+00,1.010235608602638030e-01,3.829462704751411817e+00,5.108539174840981585e-03
1.243600000000131156e-08,3.349048056041384669e+00,1.010235625220863576e-01,3.830062296844916059e+00,5.108541507310673802e-03
1.243800000000131218e-08,3.349642375515922144e+00,1.010235641831970510e-01,3.830661888943449167e+00,5.108543839941285906e-03
1.244000000000131279e-08,3.350236696616911036e+00,1.010235658435962858e-01,3.831261481047011586e+00,5.108546172560301385e-03
1.244200000000131340e-08,3.350831019343600836e+00,1.010235675032844782e-01,3.831861073155603314e+00,5.108548505323561723e-03
1.244400000000131402e-08,3.351425343695241477e+00,1.010235691622620724e-01,3.832460665269223021e+00,5.108550838182273485e-03
1.244600000000131463e-08,3.352019669671084667e+00,1.010235708205294708e-01,3.833060257387872038e+00,5.108553171035523470e-03
1.244800000000131524e-08,3.352613997270380786e+00,1.010235724780870620e-01,3.833659849511549922e+00,5.108555504037756712e-03
1.245000000000131586e-08,3.353208326492381985e+00,1.010235741349353039e-01,3.834259441640256671e+00,5.108557837031109036e-03
1.245200000000131647e-08,3.353802657336340864e+00,1.010235757910745991e-01,3.834859033773992287e+00,5.108560170193293323e-03
1.245400000000131709e-08,3.354396989801508688e+00,1.010235774465053360e-01,3.835458625912756769e+00,5.108562503421660780e-03
1.245600000000131770e-08,3.354991323887139831e+00,1.010235791012279866e-01,3.836058218056550118e+00,5.108564836661630068e-03
1.245800000000131831e-08,3.355585659592487779e+00,1.010235807552429116e-01,3.836657810205372776e+00,5.108567170052110036e-03
1.246000000000131893e-08,3.356179996916805131e+00,1.010235824085505552e-01,3.837257402359224745e+00,5.108569503434358741e-03
1.246200000000131954e-08,3.356774335859347591e+00,1.010235840611513475e-01,3.837856994518105136e+00,5.108571836990782357e-03
1.246400000000132015e-08,3.357368676419369979e+00,1.010235857130456633e-01,3.838456586682014837e+00,5.108574170580248985e-03
1.246600000000132077e-08,3.357963018596126670e+00,1.010235873642339327e-01,3.839056178850953849e+00,5.108576504202742147e-03
1.246800000000132138e-08,3.358557362388873813e+00,1.010235890147165722e-01,3.839655771024921282e+00,5.108578837980736788e-03
1.247000000000132199e-08,3.359151707796868891e+00,1.010235906644939841e-01,3.840255363203918026e+00,5.108581171744074750e-03
1.247200000000132261e-08,3.359746054819367611e+00,1.010235923135665986e-01,3.840854955387944081e+00,5.108583505692169437e-03
1.247400000000132322e-08,3.360340403455627012e+00,1.010235939619348183e-01,3.841454547576999001e+00,5.108585839651996058e-03
1.247600000000132383e-08,3.360934753704904132e+00,1.010235956095990734e-01,3.842054139771083232e+00,5.108588173669506571e-03
1.247800000000132445e-08,3.361529105566458231e+00,1.010235972565597384e-01,3.842653731970196329e+00,5.108590507841383188e-03
1.248000000000132506e-08,3.362123459039548123e+00,1.010235989028172576e-01,3.843253324174338736e+00,5.108592841984800799e-03
1.248200000000132567e-08,3.362717814123431737e+00,1.010236005483720473e-01,3.843852916383510454e+00,5.108595176321118793e-03
1.248400000000132629e-08,3.363312170817368330e+00,1.010236021932244960e-01,3.844452508597711038e+00,5.108597510652897015e-03
1.248600000000132690e-08,3.363906529120618494e+00,1.010236038373750200e-01,3.845052100816940932e+00,5.108599845060404591e-03
1.248800000000132751e-08,3.364500889032442377e+00,1.010236054808240358e-01,3.845651693041200136e+00,5.108602179618417644e-03
1.249000000000132813e-08,3.365095250552101014e+00,1.010236071235719457e-01,3.846251285270488651e+00,5.108604514144702603e-03
1.249200000000132874e-08,3.365689613678854553e+00,1.010236087656191661e-01,3.846850877504806032e+00,5.108606848857380998e-03
1.249400000000132935e-08,3.366283978411965805e+00,1.010236104069661134e-01,3.847450469744152723e+00,5.108609183561611290e-03
1.249600000000132997e-08,3.366878344750696250e+00,1.010236120476131760e-01,3.848050061988528725e+00,5.108611518364073768e-03
1.249800000000133058e-08,3.367472712694309145e+00,1.010236136875607982e-01,3.848649654237933593e+00,5.108613853302539434e-03
1.250000000000133120e-08,3.368067082242066856e+00,1.010236153268093545e-01,3.849249246492368215e+00,5.108616188217313114e-03
1.250200000000133181e-08,3.368661453393233529e+00,1.010236169653592753e-01,3.849848838751832147e+00,5.108618523301528512e-03
1.250400000000133242e-08,3.369255826147071975e+00,1.010236186032109490e-01,3.850448431016325390e+00,5.108620858373501099e-03
1.250600000000133304e-08,3.369850200502848114e+00,1.010236202403647920e-01,3.851048023285847499e+00,5.108623193572415545e-03
1.250800000000133365e-08,3.370444576459825203e+00,1.010236218768212346e-01,3.851647615560399363e+00,5.108625528884917083e-03
1.251000000000133426e-08,3.371038954017270051e+00,1.010236235125806237e-01,3.852247207839980092e+00,5.108627864181386306e-03
1.251200000000133488e-08,3.371633333174446800e+00,1.010236251476434449e-01,3.852846800124590576e+00,5.108630199634412589e-03
1.251400000000133549e-08,3.372227713930622706e+00,1.010236267820100453e-01,3.853446392414230370e+00,5.108632535076481490e-03
1.251600000000133610e-08,3.372822096285063687e+00,1.010236284156808551e-01,3.854045984708899475e+00,5.108634870670489617e-03
1.251800000000133672e-08,3.373416480237037884e+00,1.010236300486562766e-01,3.854645577008598334e+00,5.108637206351094272e-03
1.252000000000133733e-08,3.374010865785811664e+00,1.010236316809367263e-01,3.855245169313326059e+00,5.108639542031449127e-03
1.252200000000133794e-08,3.374605252930653609e+00,1.010236333125225927e-01,3.855844761623083095e+00,5.108641877860552183e-03
1.252400000000133856e-08,3.375199641670831419e+00,1.010236349434142922e-01,3.856444353937869884e+00,5.108644213681996435e-03
1.252600000000133917e-08,3.375794032005615009e+00,1.010236365736122272e-01,3.857043946257686429e+00,5.108646549675164433e-03
1.252800000000133978e-08,3.376388423934273408e+00,1.010236382031168140e-01,3.857643538582532283e+00,5.108648885723996239e-03
1.253000000000134040e-08,3.376982817456075203e+00,1.010236398319284273e-01,3.858243130912407448e+00,5.108651221790918608e-03
1.253200000000134101e-08,3.377577212570291643e+00,1.010236414600474975e-01,3.858842723247311923e+00,5.108653558010122810e-03
1.253400000000134162e-08,3.378171609276192644e+00,1.010236430874744129e-01,3.859442315587246153e+00,5.108655894219747869e-03
1.253600000000134224e-08,3.378766007573050789e+00,1.010236447142095761e-01,3.860041907932209693e+00,5.108658230605860225e-03
1.253800000000134285e-08,3.379360407460135995e+00,1.010236463402534035e-01,3.860641500282202987e+00,5.108660567017146020e-03
1.254000000000134346e-08,3.379954808936720401e+00,1.010236479656062974e-01,3.861241092637225591e+00,5.108662903468799699e-03
1.254200000000134408e-08,3.380549212002077031e+00,1.010236495902686465e-01,3.861840684997277950e+00,5.108665240076075420e-03
1.254400000000134469e-08,3.381143616655478468e+00,1.010236512142408671e-01,3.862440277362360064e+00,5.108667576664795672e-03
1.254600000000134531e-08,3.381738022896198181e+00,1.010236528375233478e-01,3.863039869732471487e+00,5.108669913441663164e-03
1.254800000000134592e-08,3.382332430723508754e+00,1.010236544601165048e-01,3.863639462107612221e+00,5.108672250224507647e-03
1.255000000000134653e-08,3.382926840136686319e+00,1.010236560820207408e-01,3.864239054487782710e+00,5.108674587070978317e-03
1.255200000000134715e-08,3.383521251135003904e+00,1.010236577032364441e-01,3.864838646872983396e+00,5.108676924071111659e-03
1.255400000000134776e-08,3.384115663717736755e+00,1.010236593237640174e-01,3.865438239263213394e+00,5.108679261039607983e-03
1.255600000000134837e-08,3.384710077884160562e+00,1.010236609436038768e-01,3.866037831658473145e+00,5.108681598200680296e-03
1.255800000000134899e-08,3.385304493633551903e+00,1.010236625627563972e-01,3.866637424058762207e+00,5.108683935354753000e-03
1.256000000000134960e-08,3.385898910965186470e+00,1.010236641812219949e-01,3.867237016464081023e+00,5.108686272589618715e-03
1.256200000000135021e-08,3.386493329878340841e+00,1.010236657990010584e-01,3.867836608874429594e+00,5.108688609972389556e-03
1.256400000000135083e-08,3.387087750372292039e+00,1.010236674160940040e-01,3.868436201289807919e+00,5.108690947325431574e-03
1.256600000000135144e-08,3.387682172446319306e+00,1.010236690325012204e-01,3.869035793710215998e+00,5.108693284861074921e-03
1.256800000000135205e-08,3.388276596099699223e+00,1.010236706482231100e-01,3.869635386135653832e+00,5.108695622387145197e-03
1.257000000000135267e-08,3.388871021331711031e+00,1.010236722632600614e-01,3.870234978566121420e+00,5.108697960018751712e-03
1.257200000000135328e-08,3.389465448141632642e+00,1.010236738776124771e-01,3.870834571001618762e+00,5.108700297780203146e-03
1.257400000000135389e-08,3.390059876528745075e+00,1.010236754912807733e-01,3.871434163442145415e+00,5.108702635519898547e-03
1.257600000000135451e-08,3.390654306492327130e+00,1.010236771042653386e-01,3.872033755887702267e+00,5.108704973427219409e-03
1.257800000000135512e-08,3.391248738031658938e+00,1.010236787165665340e-01,3.872633348338289316e+00,5.108707311322032048e-03
1.258000000000135573e-08,3.391843171146022407e+00,1.010236803281848034e-01,3.873232940793905232e+00,5.108709649349602207e-03
1.258200000000135635e-08,3.392437605834698111e+00,1.010236819391205215e-01,3.873832533254551347e+00,5.108711987484324500e-03
1.258400000000135696e-08,3.393032042096967515e+00,1.010236835493740909e-01,3.874432125720227660e+00,5.108714325606887249e-03
1.258600000000135757e-08,3.393626479932112083e+00,1.010236851589459001e-01,3.875031718190933727e+00,5.108716663882893229e-03
1.258800000000135819e-08,3.394220919339414611e+00,1.010236867678363654e-01,3.875631310666669549e+00,5.108719002148075401e-03
1.259000000000135880e-08,3.394815360318159225e+00,1.010236883760458615e-01,3.876230903147435569e+00,5.108721340571567571e-03
1.259200000000135942e-08,3.395409802867628279e+00,1.010236899835748048e-01,3.876830495633230900e+00,5.108723679074172672e-03
1.259400000000136003e-08,3.396004246987105013e+00,1.010236915904235561e-01,3.877430088124056429e+00,5.108726017580334823e-03
1.259600000000136064e-08,3.396598692675874442e+00,1.010236931965925455e-01,3.878029680619911712e+00,5.108728356235973760e-03
1.259800000000136126e-08,3.397193139933221140e+00,1.010236948020821340e-01,3.878629273120796750e+00,5.108730694883977311e-03
1.260000000000136187e-08,3.397787588758430566e+00,1.010236964068927518e-01,3.879228865626711986e+00,5.108733033704125279e-03
1.260200000000136248e-08,3.398382039150786849e+00,1.010236980110247734e-01,3.879828458137657421e+00,5.108735372571676300e-03
1.260400000000136310e-08,3.398976491109577225e+00,1.010236996144785876e-01,3.880428050653632610e+00,5.108737711462568026e-03
1.260600000000136371e-08,3.399570944634087599e+00,1.010237012172545829e-01,3.881027643174637554e+00,5.108740050507587331e-03
1.260800000000136432e-08,3.400165399723604320e+00,1.010237028193531894e-01,3.881627235700672696e+00,5.108742389541320525e-03
1.261000000000136494e-08,3.400759856377415513e+00,1.010237044207747542e-01,3.882226828231738036e+00,5.108744728753614010e-03
1.261200000000136555e-08,3.401354314594807970e+00,1.010237060215196936e-01,3.882826420767833131e+00,5.108747067986383304e-03
1.261400000000136616e-08,3.401948774375071149e+00,1.010237076215883961e-01,3.883426013308958868e+00,5.108749407264848684e-03
1.261600000000136678e-08,3.402543235717492287e+00,1.010237092209812643e-01,3.884025605855113916e+00,5.108751746699255296e-03
1.261800000000136739e-08,3.403137698621360396e+00,1.010237108196986588e-01,3.884625198406298718e+00,5.108754086112452311e-03
1.262000000000136800e-08,3.403732163085965379e+00,1.010237124177409962e-01,3.885224790962514607e+00,5.108756425715761142e-03
1.262200000000136862e-08,3.404326629110597580e+00,1.010237140151086510e-01,3.885824383523759806e+00,5.108758765321041485e-03
1.262400000000136923e-08,3.404921096694545568e+00,1.010237156118020396e-01,3.886423976090035204e+00,5.108761104993891043e-03
1.262600000000136984e-08,3.405515565837101466e+00,1.010237172078215229e-01,3.887023568661341244e+00,5.108763444819753620e-03
1.262800000000137046e-08,3.406110036537555175e+00,1.010237188031675171e-01,3.887623161237677039e+00,5.108765784611923530e-03
1.263000000000137107e-08,3.406704508795199704e+00,1.010237203978403969e-01,3.888222753819043032e+00,5.108768124596314679e-03
1.263200000000137168e-08,3.407298982609326288e+00,1.010237219918405371e-01,3.888822346405438779e+00,5.108770464573331518e-03
1.263400000000137230e-08,3.407893457979226604e+00,1.010237235851683679e-01,3.889421938996864725e+00,5.108772804634215299e-03
1.263600000000137291e-08,3.408487934904194994e+00,1.010237251778242501e-01,3.890021531593321313e+00,5.108775144840489724e-03
1.263800000000137353e-08,3.409082413383523580e+00,1.010237267698085722e-01,3.890621124194808544e+00,5.108777485018723211e-03
1.264000000000137414e-08,3.409676893416505816e+00,1.010237283611217368e-01,3.891220716801325530e+00,5.108779825375875210e-03
1.264200000000137475e-08,3.410271375002436489e+00,1.010237299517641046e-01,3.891820309412872714e+00,5.108782165722644888e-03
1.264400000000137537e-08,3.410865858140609941e+00,1.010237315417361059e-01,3.892419902029449652e+00,5.108784506180537484e-03
1.264600000000137598e-08,3.411460342830320958e+00,1.010237331310381015e-01,3.893019494651057233e+00,5.108786846764257379e-03
1.264800000000137659e-08,3.412054829070865214e+00,1.010237347196704522e-01,3.893619087277695012e+00,5.108789187327533558e-03
1.265000000000137721e-08,3.412649316861537940e+00,1.010237363076335881e-01,3.894218679909363434e+00,5.108791528056565168e-03
1.265200000000137782e-08,3.413243806201636144e+00,1.010237378949278980e-01,3.894818272546061610e+00,5.108793868772790181e-03
1.265400000000137843e-08,3.413838297090456386e+00,1.010237394815537426e-01,3.895417865187790429e+00,5.108796209626142483e-03
1.265600000000137905e-08,3.414432789527294343e+00,1.010237410675115105e-01,3.896017457834549447e+00,5.108798550581744591e-03
1.265800000000137966e-08,3.415027283511449241e+00,1.010237426528016041e-01,3.896617050486338663e+00,5.108800891527974855e-03
1.266000000000138027e-08,3.415621779042218975e+00,1.010237442374243844e-01,3.897216643143158521e+00,5.108803232625953525e-03
1.266200000000138089e-08,3.416216276118899220e+00,1.010237458213802814e-01,3.897816235805008578e+00,5.108805573712893282e-03
1.266400000000138150e-08,3.416810774740792311e+00,1.010237474046696282e-01,3.898415828471889277e+00,5.108807914962511069e-03
1.266600000000138211e-08,3.417405274907195256e+00,1.010237489872928274e-01,3.899015421143799731e+00,5.108810256286163386e-03
1.266800000000138273e-08,3.417999776617408170e+00,1.010237505692502813e-01,3.899615013820740828e+00,5.108812597615941010e-03
1.267000000000138334e-08,3.418594279870731611e+00,1.010237521505423647e-01,3.900214606502712122e+00,5.108814939095570988e-03
1.267200000000138395e-08,3.419188784666464809e+00,1.010237537311694384e-01,3.900814199189714504e+00,5.108817280567289759e-03
1.267400000000138457e-08,3.419783291003910097e+00,1.010237553111319048e-01,3.901413791881746640e+00,5.108819622211627394e-03
1.267600000000138518e-08,3.420377798882367593e+00,1.010237568904301664e-01,3.902013384578809418e+00,5.108821963898123146e-03
1.267800000000138579e-08,3.420972308301139631e+00,1.010237584690645840e-01,3.902612977280902840e+00,5.108824305611473285e-03
1.268000000000138641e-08,3.421566819259527659e+00,1.010237600470355324e-01,3.903212569988026903e+00,5.108826647479693464e-03
1.268200000000138702e-08,3.422161331756835345e+00,1.010237616243434139e-01,3.903812162700181165e+00,5.108828989335270979e-03
1.268400000000138764e-08,3.422755845792364582e+00,1.010237632009886033e-01,3.904411755417366070e+00,5.108831331371302235e-03
1.268600000000138825e-08,3.423350361365419481e+00,1.010237647769714892e-01,3.905011348139580729e+00,5.108833673425229767e-03
1.268800000000138886e-08,3.423944878475303266e+00,1.010237663522924323e-01,3.905610940866826475e+00,5.108836015527707872e-03
1.269000000000138948e-08,3.424539397121320050e+00,1.010237679269518213e-01,3.906210533599102863e+00,5.108838357785950267e-03
1.269200000000139009e-08,3.425133917302775277e+00,1.010237695009500447e-01,3.906810126336409894e+00,5.108840700021491203e-03
1.269400000000139070e-08,3.425728439018973948e+00,1.010237710742874911e-01,3.907409719078747123e+00,5.108843042448399895e-03
1.269600000000139132e-08,3.426322962269220618e+00,1.010237726469645492e-01,3.908009311826115439e+00,5.108845384874966845e-03
1.269800000000139193e-08,3.426917487052822064e+00,1.010237742189815380e-01,3.908608904578513954e+00,5.108847727370986920e-03
1.270000000000139254e-08,3.427512013369083732e+00,1.010237757903389155e-01,3.909208497335942667e+00,5.108850070019195153e-03
1.270200000000139316e-08,3.428106541217313730e+00,1.010237773610370149e-01,3.909808090098402467e+00,5.108852412633183362e-03
1.270400000000139377e-08,3.428701070596817946e+00,1.010237789310762385e-01,3.910407682865893353e+00,5.108854755439250564e-03
1.270600000000139438e-08,3.429295601506904489e+00,1.010237805004569472e-01,3.911007275638414438e+00,5.108857098237699727e-03
1.270800000000139500e-08,3.429890133946881026e+00,1.010237820691795296e-01,3.911606868415965721e+00,5.108859441122478272e-03
1.271000000000139561e-08,3.430484667916056107e+00,1.010237836372443465e-01,3.912206461198548091e+00,5.108861784150773092e-03
1.271200000000139622e-08,3.431079203413738288e+00,1.010237852046518003e-01,3.912806053986161103e+00,5.108864127151850100e-03
1.271400000000139684e-08,3.431673740439237008e+00,1.010237867714022797e-01,3.913405646778804758e+00,5.108866470330045845e-03
1.271600000000139745e-08,3.432268278991862154e+00,1.010237883374961176e-01,3.914005239576479500e+00,5.108868813497222626e-03
1.271800000000139806e-08,3.432862819070923610e+00,1.010237899029337444e-01,3.914604832379184440e+00,5.108871156778440129e-03
1.272000000000139868e-08,3.433457360675732151e+00,1.010237914677155069e-01,3.915204425186920467e+00,5.108873500183054583e-03
1.272200000000139929e-08,3.434051903805597661e+00,1.010237930318417660e-01,3.915804017999687137e+00,5.108875843568470854e-03
1.272400000000139990e-08,3.434646448459831802e+00,1.010237945953129240e-01,3.916403610817484449e+00,5.108878187118521923e-03
1.272600000000140052e-08,3.435240994637747569e+00,1.010237961581293559e-01,3.917003203640312403e+00,5.108880530655387359e-03
1.272800000000140113e-08,3.435835542338654847e+00,1.010237977202914500e-01,3.917602796468171444e+00,5.108882874331652571e-03
1.273000000000140175e-08,3.436430091561868405e+00,1.010237992817995673e-01,3.918202389301061128e+00,5.108885218107264529e-03
1.273200000000140236e-08,3.437024642306699018e+00,1.010238008426540546e-01,3.918801982138981455e+00,5.108887561874829106e-03
1.273400000000140297e-08,3.437619194572461456e+00,1.010238024028553283e-01,3.919401574981932868e+00,5.108889905793770857e-03
1.273600000000140359e-08,3.438213748358469157e+00,1.010238039624037493e-01,3.920001167829915367e+00,5.108892249701942577e-03
1.273800000000140420e-08,3.438808303664036448e+00,1.010238055212996783e-01,3.920600760682928065e+00,5.108894593774593838e-03
1.274000000000140481e-08,3.439402860488478098e+00,1.010238070795435317e-01,3.921200353540972294e+00,5.108896937918328864e-03
1.274200000000140543e-08,3.439997418831107989e+00,1.010238086371356286e-01,3.921799946404046722e+00,5.108899282069681927e-03
1.274400000000140604e-08,3.440591978691242669e+00,1.010238101940763855e-01,3.922399539272152236e+00,5.108901626371365259e-03
1.274600000000140665e-08,3.441186540068197353e+00,1.010238117503661631e-01,3.922999132145288836e+00,5.108903970664722786e-03
1.274800000000140727e-08,3.441781102961288585e+00,1.010238133060053362e-01,3.923598725023456524e+00,5.108906315130864843e-03
1.275000000000140788e-08,3.442375667369832470e+00,1.010238148609942654e-01,3.924198317906654410e+00,5.108908659636712118e-03
1.275200000000140849e-08,3.442970233293147331e+00,1.010238164153333396e-01,3.924797910794883826e+00,5.108911004171046155e-03
1.275400000000140911e-08,3.443564800730548825e+00,1.010238179690229332e-01,3.925397503688143885e+00,5.108913348860373398e-03
1.275600000000140972e-08,3.444159369681356608e+00,1.010238195220633933e-01,3.925997096586435475e+00,5.108915693536469904e-03
1.275800000000141033e-08,3.444753940144887672e+00,1.010238210744551363e-01,3.926596689489757708e+00,5.108918038393968179e-03
1.276000000000141095e-08,3.445348512120460782e+00,1.010238226261984673e-01,3.927196282398111027e+00,5.108920383268097248e-03
1.276200000000141156e-08,3.445943085607395151e+00,1.010238241772938167e-01,3.927795875311494989e+00,5.108922728191875838e-03
1.276400000000141217e-08,3.446537660605011322e+00,1.010238257277415591e-01,3.928395468229910037e+00,5.108925073271111672e-03
1.276600000000141279e-08,3.447132237112627617e+00,1.010238272775419999e-01,3.928995061153356172e+00,5.108927418327102211e-03
1.276800000000141340e-08,3.447726815129564581e+00,1.010238288266955831e-01,3.929594654081833394e+00,5.108929763575202100e-03
1.277000000000141401e-08,3.448321394655144090e+00,1.010238303752026418e-01,3.930194247015341258e+00,5.108932108821969721e-03
1.277200000000141463e-08,3.448915975688686686e+00,1.010238319230635506e-01,3.930793839953880653e+00,5.108934454138715220e-03
1.277400000000141524e-08,3.449510558229512913e+00,1.010238334702786844e-01,3.931393432897451579e+00,5.108936799607190042e-03
1.277600000000141586e-08,3.450105142276945980e+00,1.010238350168484039e-01,3.931993025846052703e+00,5.108939145041566272e-03
1.277800000000141647e-08,3.450699727830307761e+00,1.010238365627730978e-01,3.932592618799684914e+00,5.108941490668136853e-03
1.278000000000141708e-08,3.451294314888920134e+00,1.010238381080531128e-01,3.933192211758349099e+00,5.108943836286765003e-03
1.278200000000141770e-08,3.451888903452108082e+00,1.010238396526888377e-01,3.933791804722043928e+00,5.108946181992684438e-03
1.278400000000141831e-08,3.452483493519193924e+00,1.010238411966806055e-01,3.934391397690769843e+00,5.108948527841303960e-03
1.278600000000141892e-08,3.453078085089501759e+00,1.010238427400288463e-01,3.934990990664526844e+00,5.108950873662839245e-03
1.278800000000141954e-08,3.453672678162355680e+00,1.010238442827338795e-01,3.935590583643315377e+00,5.108953219661168006e-03
1.279000000000142015e-08,3.454267272737081118e+00,1.010238458247960797e-01,3.936190176627134552e+00,5.108955565648195044e-03
1.279200000000142076e-08,3.454861868813001724e+00,1.010238473662158076e-01,3.936789769615984813e+00,5.108957911749940212e-03
1.279400000000142138e-08,3.455456466389445147e+00,1.010238489069934520e-01,3.937389362609867050e+00,5.108960257974274818e-03
1.279600000000142199e-08,3.456051065465736372e+00,1.010238504471293736e-01,3.937988955608780373e+00,5.108962604179970689e-03
1.279800000000142260e-08,3.456645666041201270e+00,1.010238519866239471e-01,3.938588548612724338e+00,5.108964950550247582e-03
1.280000000000142322e-08,3.457240268115167936e+00,1.010238535254775333e-01,3.939188141621699835e+00,5.108967296906970212e-03
1.280200000000142383e-08,3.457834871686962241e+00,1.010238550636904931e-01,3.939787734635706418e+00,5.108969643403483800e-03
1.280400000000142444e-08,3.458429476755911391e+00,1.010238566012631595e-01,3.940387327654744976e+00,5.108971989998555702e-03
1.280600000000142506e-08,3.459024083321345255e+00,1.010238581381959627e-01,3.940986920678814176e+00,5.108974336585790990e-03
1.280800000000142567e-08,3.459618691382590594e+00,1.010238596744892220e-01,3.941586513707914463e+00,5.108976683324597742e-03
1.281000000000142628e-08,3.460213300938976833e+00,1.010238612101433259e-01,3.942186106742046725e+00,5.108979030052611045e-03
1.281200000000142690e-08,3.460807911989832952e+00,1.010238627451586213e-01,3.942785699781210074e+00,5.108981376945224452e-03
1.281400000000142751e-08,3.461402524534488379e+00,1.010238642795354969e-01,3.943385292825404509e+00,5.108983723908180029e-03
1.281600000000142812e-08,3.461997138572273425e+00,1.010238658132742856e-01,3.943984885874630031e+00,5.108986070878972219e-03
1.281800000000142874e-08,3.462591754102517960e+00,1.010238673463753900e-01,3.944584478928887528e+00,5.108988418000302845e-03
1.282000000000142935e-08,3.463186371124553187e+00,1.010238688788391431e-01,3.945184071988176111e+00,5.108990765113084753e-03
1.282200000000142997e-08,3.463780989637710306e+00,1.010238704106659197e-01,3.945783665052496225e+00,5.108993112398544506e-03
1.282400000000143058e-08,3.464375609641320963e+00,1.010238719418560666e-01,3.946383258121847426e+00,5.108995459723514321e-03
1.282600000000143119e-08,3.464970231134716361e+00,1.010238734724100002e-01,3.946982851196230158e+00,5.108997807077202483e-03
1.282800000000143181e-08,3.465564854117229476e+00,1.010238750023280119e-01,3.947582444275644420e+00,5.109000154585845686e-03
1.283000000000143242e-08,3.466159478588192400e+00,1.010238765316105042e-01,3.948182037360089769e+00,5.109002502081118509e-03
1.283200000000143303e-08,3.466754104546939885e+00,1.010238780602578379e-01,3.948781630449566649e+00,5.109004849757768814e-03
1.283400000000143365e-08,3.467348731992803579e+00,1.010238795882703600e-01,3.949381223544075503e+00,5.109007197451045576e-03
1.283600000000143426e-08,3.467943360925118235e+00,1.010238811156484451e-01,3.949980816643615888e+00,5.109009545193649200e-03
1.283800000000143487e-08,3.468537991343219051e+00,1.010238826423924541e-01,3.950580409748186916e+00,5.109011893091716140e-03
1.284000000000143549e-08,3.469132623246439007e+00,1.010238841685027339e-01,3.951180002857789919e+00,5.109014240966718197e-03
1.284200000000143610e-08,3.469727256634114188e+00,1.010238856939796731e-01,3.951779595972424453e+00,5.109016589033938890e-03
1.284400000000143671e-08,3.470321891505580236e+00,1.010238872188236187e-01,3.952379189092090517e+00,5.109018937099937471e-03
1.284600000000143733e-08,3.470916527860173240e+00,1.010238887430349314e-01,3.952978782216788112e+00,5.109021285235442952e-03
1.284800000000143794e-08,3.471511165697228840e+00,1.010238902666139582e-01,3.953578375346517237e+00,5.109023633522687298e-03
1.285000000000143855e-08,3.472105805016084457e+00,1.010238917895610877e-01,3.954177968481277894e+00,5.109025981776003922e-03
1.285200000000143917e-08,3.472700445816076176e+00,1.010238933118766391e-01,3.954777561621070081e+00,5.109028330221803728e-03
1.285400000000143978e-08,3.473295088096542749e+00,1.010238948335610287e-01,3.955377154765893799e+00,5.109030678659328036e-03
1.285600000000144039e-08,3.473889731856820706e+00,1.010238963546145480e-01,3.955976747915749048e+00,5.109033027183448004e-03
1.285800000000144101e-08,3.474484377096249688e+00,1.010238978750376132e-01,3.956576341070635827e+00,5.109035375850656639e-03
1.286000000000144162e-08,3.475079023814167556e+00,1.010238993948305436e-01,3.957175934230554581e+00,5.109037724490468786e-03
1.286200000000144223e-08,3.475673672009913506e+00,1.010239009139937139e-01,3.957775527395505311e+00,5.109040073307996414e-03
1.286400000000144285e-08,3.476268321682826734e+00,1.010239024325274987e-01,3.958375120565486682e+00,5.109042422114259616e-03
1.286600000000144346e-08,3.476862972832248211e+00,1.010239039504322034e-01,3.958974713740500029e+00,5.109044771033901741e-03
1.286800000000144408e-08,3.477457625457516688e+00,1.010239054677082443e-01,3.959574306920545350e+00,5.109047120076941687e-03
1.287000000000144469e-08,3.478052279557973581e+00,1.010239069843559545e-01,3.960173900105621758e+00,5.109049469101167688e-03
1.287200000000144530e-08,3.478646935132959861e+00,1.010239085003756948e-01,3.960773493295730585e+00,5.109051818290929678e-03
1.287400000000144592e-08,3.479241592181817389e+00,1.010239100157678122e-01,3.961373086490870943e+00,5.109054167466740154e-03
1.287600000000144653e-08,3.479836250703886691e+00,1.010239115305326812e-01,3.961972679691042831e+00,5.109056516780910440e-03
1.287800000000144714e-08,3.480430910698510960e+00,1.010239130446706490e-01,3.962572272896246695e+00,5.109058866194971307e-03
1.288000000000144776e-08,3.481025572165032944e+00,1.010239145581820625e-01,3.963171866106482089e+00,5.109061215600478253e-03
1.288200000000144837e-08,3.481620235102794947e+00,1.010239160710672823e-01,3.963771459321749457e+00,5.109063565158214991e-03
1.288400000000144898e-08,3.482214899511140604e+00,1.010239175833266695e-01,3.964371052542048357e+00,5.109065914704571942e-03
1.288600000000144960e-08,3.482809565389413997e+00,1.010239190949605848e-01,3.964970645767379231e+00,5.109068264414208006e-03
1.288800000000145021e-08,3.483404232736958761e+00,1.010239206059693612e-01,3.965570238997741637e+00,5.109070614195740552e-03
1.289000000000145082e-08,3.483998901553119865e+00,1.010239221163533874e-01,3.966169832233135573e+00,5.109072963983930099e-03
1.289200000000145144e-08,3.484593571837241388e+00,1.010239236261129825e-01,3.966769425473561927e+00,5.109075313922561805e-03
1.289400000000145205e-08,3.485188243588670076e+00,1.010239251352485212e-01,3.967369018719019813e+00,5.109077663852551118e-03
1.289600000000145266e-08,3.485782916806750453e+00,1.010239266437603506e-01,3.967968611969509674e+00,5.109080013955142816e-03
1.289800000000145328e-08,3.486377591490828820e+00,1.010239281516488175e-01,3.968568205225031509e+00,5.109082364099277671e-03
1.290000000000145389e-08,3.486972267640251477e+00,1.010239296589143104e-01,3.969167798485585319e+00,5.109084714270671970e-03
1.290200000000145450e-08,3.487566945254366058e+00,1.010239311655571487e-01,3.969767391751170660e+00,5.109087064596879064e-03
1.290400000000145512e-08,3.488161624332519750e+00,1.010239326715776931e-01,3.970366985021787976e+00,5.109089414909970782e-03
1.290600000000145573e-08,3.488756304874058856e+00,1.010239341769762905e-01,3.970966578297437266e+00,5.109091765403420832e-03
1.290800000000145634e-08,3.489350986878333227e+00,1.010239356817533019e-01,3.971566171578118087e+00,5.109094115914696900e-03
1.291000000000145696e-08,3.489945670344689610e+00,1.010239371859090879e-01,3.972165764863831328e+00,5.109096466473463626e-03
1.291200000000145757e-08,3.490540355272477857e+00,1.010239386894439817e-01,3.972765358154576543e+00,5.109098817188077041e-03
1.291400000000145819e-08,3.491135041661046490e+00,1.010239401923583580e-01,3.973364951450353288e+00,5.109101167880631712e-03
1.291600000000145880e-08,3.491729729509745805e+00,1.010239416946525359e-01,3.973964544751162453e+00,5.109103518764732815e-03
1.291800000000145941e-08,3.492324418817924769e+00,1.010239431963269041e-01,3.974564138057003593e+00,5.109105869648826112e-03
1.292000000000146003e-08,3.492919109584934567e+00,1.010239446973817817e-01,3.975163731367876263e+00,5.109108220600924906e-03
1.292200000000146064e-08,3.493513801810125941e+00,1.010239461978175435e-01,3.975763324683780908e+00,5.109110571705227470e-03
1.292400000000146125e-08,3.494108495492849187e+00,1.010239476976345085e-01,3.976362918004717972e+00,5.109112922775924971e-03
1.292600000000146187e-08,3.494703190632455936e+00,1.010239491968330516e-01,3.976962511330687011e+00,5.109115274039536733e-03
1.292800000000146248e-08,3.495297887228299150e+00,1.010239506954135474e-01,3.977562104661688025e+00,5.109117625294740291e-03
1.293000000000146309e-08,3.495892585279730014e+00,1.010239521933762874e-01,3.978161697997720569e+00,5.109119976634454371e-03
1.293200000000146371e-08,3.496487284786101046e+00,1.010239536907216601e-01,3.978761291338785977e+00,5.109122328118444537e-03
1.293400000000146432e-08,3.497081985746766097e+00,1.010239551874499986e-01,3.979360884684883359e+00,5.109124679574052891e-03
1.293600000000146493e-08,3.497676688161077241e+00,1.010239566835616776e-01,3.979960478036012717e+00,5.109127031209836564e-03
1.293800000000146555e-08,3.498271392028389659e+00,1.010239581790570162e-01,3.980560071392174049e+00,5.109129382834725307e-03
1.294000000000146616e-08,3.498866097348056758e+00,1.010239596739363616e-01,3.981159664753367355e+00,5.109131734569614600e-03
1.294200000000146677e-08,3.499460804119433277e+00,1.010239611682000743e-01,3.981759258119593081e+00,5.109134086430228844e-03
1.294400000000146739e-08,3.500055512341874397e+00,1.010239626618485292e-01,3.982358851490850782e+00,5.109136438271153977e-03
1.294600000000146800e-08,3.500650222014734858e+00,1.010239641548820178e-01,3.982958444867140457e+00,5.109138790279629111e-03
1.294800000000146861e-08,3.501244933137369841e+00,1.010239656473009284e-01,3.983558038248462552e+00,5.109141142273872574e-03
1.295000000000146923e-08,3.501839645709137638e+00,1.010239671391056082e-01,3.984157631634817065e+00,5.109143494403189413e-03
1.295200000000146984e-08,3.502434359729391655e+00,1.010239686302963902e-01,3.984757225026203553e+00,5.109145846635743983e-03
1.295400000000147045e-08,3.503029075197491071e+00,1.010239701208736213e-01,3.985356818422622016e+00,5.109148198857841640e-03
1.295600000000147107e-08,3.503623792112792845e+00,1.010239716108376484e-01,3.985956411824072898e+00,5.109150551233837892e-03
1.295800000000147168e-08,3.504218510474653048e+00,1.010239731001888186e-01,3.986556005230555755e+00,5.109152903597728376e-03
1.296000000000147230e-08,3.504813230282430414e+00,1.010239745889274926e-01,3.987155598642071475e+00,5.109155256121611539e-03
1.296200000000147291e-08,3.505407951535483679e+00,1.010239760770540035e-01,3.987755192058619169e+00,5.109157608721166810e-03
1.296400000000147352e-08,3.506002674233171135e+00,1.010239775645686844e-01,3.988354785480198395e+00,5.109159961325021593e-03
1.296600000000147414e-08,3.506597398374851959e+00,1.010239790514718822e-01,3.988954378906810483e+00,5.109162314079090418e-03
1.296800000000147475e-08,3.507192123959885777e+00,1.010239805377639577e-01,3.989553972338454990e+00,5.109164666824357257e-03
1.297000000000147536e-08,3.507786850987632654e+00,1.010239820234452579e-01,3.990153565775131916e+00,5.109167019741948056e-03
1.297200000000147598e-08,3.508381579457452215e+00,1.010239835085161297e-01,3.990753159216840373e+00,5.109169372705505557e-03
1.297400000000147659e-08,3.508976309368704527e+00,1.010239849929768924e-01,3.991352752663582137e+00,5.109171725693143623e-03
1.297600000000147720e-08,3.509571040720751878e+00,1.010239864768279067e-01,3.991952346115355876e+00,5.109174078834800847e-03
1.297800000000147782e-08,3.510165773512954779e+00,1.010239879600695195e-01,3.992551939572161146e+00,5.109176431964129392e-03
1.298000000000147843e-08,3.510760507744675962e+00,1.010239894427020640e-01,3.993151533033999723e+00,5.109178785272146597e-03
1.298200000000147904e-08,3.511355243415276384e+00,1.010239909247258872e-01,3.993751126500870718e+00,5.109181138600401087e-03
1.298400000000147966e-08,3.511949980524118331e+00,1.010239924061413497e-01,3.994350719972774133e+00,5.109183491972553622e-03
1.298600000000148027e-08,3.512544719070565868e+00,1.010239938869487708e-01,3.994950313449709078e+00,5.109185845500407129e-03
1.298800000000148088e-08,3.513139459053981728e+00,1.010239953671485252e-01,3.995549906931676443e+00,5.109188199008126569e-03
1.299000000000148150e-08,3.513734200473729086e+00,1.010239968467408905e-01,3.996149500418677114e+00,5.109190552706680336e-03
1.299200000000148211e-08,3.514328943329172006e+00,1.010239983257262830e-01,3.996749093910710204e+00,5.109192906407749452e-03
1.299400000000148272e-08,3.514923687619675441e+00,1.010239998041049941e-01,3.997348687407775714e+00,5.109195260173589673e-03
1.299600000000148334e-08,3.515518433344603455e+00,1.010240012818773847e-01,3.997948280909873198e+00,5.109197614092325819e-03
1.299800000000148395e-08,3.516113180503321445e+00,1.010240027590438155e-01,3.998547874417003101e+00,5.109199967978794374e-03
1.300000000000148456e-08,3.516707929095194363e+00,1.010240042356045781e-01,3.999147467929165423e+00,5.109202322058716689e-03
1.300200000000148518e-08,3.517302679119588937e+00,1.010240057115600609e-01,3.999747061446360608e+00,5.109204676130403404e-03
1.300400000000148579e-08,3.517897430575871009e+00,1.010240071869105832e-01,4.000346654968588211e+00,5.109207030283508498e-03
1.300600000000148641e-08,3.518492183463406864e+00,1.010240086616564781e-01,4.000946248495847790e+00,5.109209384582599246e-03
1.300800000000148702e-08,3.519086937781563229e+00,1.010240101357981063e-01,4.001545842028140676e+00,5.109211738851738259e-03
1.301000000000148763e-08,3.519681693529708610e+00,1.010240116093358009e-01,4.002145435565465981e+00,5.109214093305116181e-03
1.301200000000148825e-08,3.520276450707209737e+00,1.010240130822698951e-01,4.002745029107823704e+00,5.109216447747909687e-03
1.301400000000148886e-08,3.520871209313435113e+00,1.010240145546007218e-01,4.003344622655213847e+00,5.109218802295202068e-03
1.301600000000148947e-08,3.521465969347752356e+00,1.010240160263286419e-01,4.003944216207636408e+00,5.109221156972497228e-03
1.301800000000149009e-08,3.522060730809531304e+00,1.010240174974539745e-01,4.004543809765092277e+00,5.109223511628631365e-03
1.302000000000149070e-08,3.522655493698140905e+00,1.010240189679770667e-01,4.005143403327580565e+00,5.109225866454853403e-03
1.302200000000149131e-08,3.523250258012950109e+00,1.010240204378982654e-01,4.005742996895101271e+00,5.109228221266539326e-03
1.302400000000149193e-08,3.523845023753329642e+00,1.010240219072178897e-01,4.006342590467654396e+00,5.109230576207842052e-03
1.302600000000149254e-08,3.524439790918649340e+00,1.010240233759362866e-01,4.006942184045240829e+00,5.109232931257607496e-03
1.302800000000149315e-08,3.525034559508279930e+00,1.010240248440537891e-01,4.007541777627858792e+00,5.109235286294348637e-03
1.303000000000149377e-08,3.525629329521592137e+00,1.010240263115707721e-01,4.008141371215510063e+00,5.109237641487979036e-03
1.303200000000149438e-08,3.526224100957958019e+00,1.010240277784875129e-01,4.008740964808194640e+00,5.109239996668952892e-03
1.303400000000149499e-08,3.526818873816748745e+00,1.010240292448043864e-01,4.009340558405911636e+00,5.109242352004457650e-03
1.303600000000149561e-08,3.527413648097337262e+00,1.010240307105217256e-01,4.009940152008660164e+00,5.109244707421172621e-03
1.303800000000149622e-08,3.528008423799095183e+00,1.010240321756398635e-01,4.010539745616441998e+00,5.109247062838609237e-03
1.304000000000149683e-08,3.528603200921395011e+00,1.010240336401591194e-01,4.011139339229256251e+00,5.109249418406187904e-03
1.304200000000149745e-08,3.529197979463611468e+00,1.010240351040798540e-01,4.011738932847104699e+00,5.109251773964718253e-03
1.304400000000149806e-08,3.529792759425117055e+00,1.010240365674024005e-01,4.012338526469984679e+00,5.109254129694663568e-03
1.304600000000149867e-08,3.530387540805286051e+00,1.010240380301270918e-01,4.012938120097897077e+00,5.109256485477212638e-03
1.304800000000149929e-08,3.530982323603492734e+00,1.010240394922542473e-01,4.013537713730842782e+00,5.109258841279089129e-03
1.305000000000149990e-08,3.531577107819111827e+00,1.010240409537842138e-01,4.014137307368821794e+00,5.109261197233686339e-03
1.305200000000150052e-08,3.532171893451518496e+00,1.010240424147173244e-01,4.014736901011833226e+00,5.109263553177390352e-03
1.305400000000150113e-08,3.532766680500088352e+00,1.010240438750539260e-01,4.015336494659877076e+00,5.109265909297685745e-03
1.305600000000150174e-08,3.533361468964197449e+00,1.010240453347943379e-01,4.015936088312954233e+00,5.109268265442934269e-03
1.305800000000150236e-08,3.533956258843220510e+00,1.010240467939388931e-01,4.016535681971063809e+00,5.109270621626778655e-03
1.306000000000150297e-08,3.534551050136535366e+00,1.010240482524879524e-01,4.017135275634205804e+00,5.109272977965369916e-03
1.306200000000150358e-08,3.535145842843518960e+00,1.010240497104418211e-01,4.017734869302381995e+00,5.109275334286613943e-03
1.306400000000150420e-08,3.535740636963547789e+00,1.010240511678008324e-01,4.018334462975589716e+00,5.109277690796843949e-03
1.306600000000150481e-08,3.536335432496000131e+00,1.010240526245653192e-01,4.018934056653830744e+00,5.109280047313878408e-03
1.306800000000150542e-08,3.536930229440253370e+00,1.010240540807356424e-01,4.019533650337105080e+00,5.109282403890580415e-03
1.307000000000150604e-08,3.537525027795686228e+00,1.010240555363121073e-01,4.020133244025412722e+00,5.109284760620436822e-03
1.307200000000150665e-08,3.538119827561677866e+00,1.010240569912950748e-01,4.020732837718752783e+00,5.109287117321161149e-03
1.307400000000150726e-08,3.538714628737606116e+00,1.010240584456848362e-01,4.021332431417125264e+00,5.109289474216020983e-03
1.307600000000150788e-08,3.539309431322851918e+00,1.010240598994817524e-01,4.021932025120531051e+00,5.109291831103410231e-03
1.307800000000150849e-08,3.539904235316793990e+00,1.010240613526861286e-01,4.022531618828969258e+00,5.109294188067875844e-03
1.308000000000150910e-08,3.540499040718812829e+00,1.010240628052983397e-01,4.023131212542440771e+00,5.109296545180668121e-03
1.308200000000150972e-08,3.541093847528289373e+00,1.010240642573186909e-01,4.023730806260945592e+00,5.109298902261622151e-03
1.308400000000151033e-08,3.541688655744603675e+00,1.010240657087475014e-01,4.024330399984482831e+00,5.109301259531864002e-03
1.308600000000151094e-08,3.542283465367138007e+00,1.010240671595851458e-01,4.024929993713054266e+00,5.109303616792619518e-03
1.308800000000151156e-08,3.542878276395273307e+00,1.010240686098319018e-01,4.025529587446658120e+00,5.109305974150592407e-03
1.309000000000151217e-08,3.543473088828390960e+00,1.010240700594881164e-01,4.026129181185294392e+00,5.109308331643030651e-03
1.309200000000151278e-08,3.544067902665874570e+00,1.010240715085541502e-01,4.026728774928963972e+00,5.109310689111712725e-03
1.309400000000151340e-08,3.544662717907106408e+00,1.010240729570302948e-01,4.027328368677666859e+00,5.109313046753921790e-03
1.309600000000151401e-08,3.545257534551469192e+00,1.010240744049168832e-01,4.027927962431403053e+00,5.109315404381910460e-03
1.309800000000151463e-08,3.545852352598346524e+00,1.010240758522142762e-01,4.028527556190171666e+00,5.109317762132448669e-03
1.310000000000151524e-08,3.546447172047122454e+00,1.010240772989227931e-01,4.029127149953973586e+00,5.109320119997447403e-03
1.310200000000151585e-08,3.547041992897181029e+00,1.010240787450427252e-01,4.029726743722807925e+00,5.109322477847685375e-03
1.310400000000151647e-08,3.547636815147905853e+00,1.010240801905744473e-01,4.030326337496676459e+00,5.109324835859407887e-03
1.310600000000151708e-08,3.548231638798683640e+00,1.010240816355182647e-01,4.030925931275577412e+00,5.109327193856927352e-03
1.310800000000151769e-08,3.548826463848897106e+00,1.010240830798745104e-01,4.031525525059512560e+00,5.109329552001235647e-03
1.311000000000151831e-08,3.549421290297934295e+00,1.010240845236435314e-01,4.032125118848479239e+00,5.109331910234557808e-03
1.311200000000151892e-08,3.550016118145179700e+00,1.010240859668256191e-01,4.032724712642480114e+00,5.109334268464691547e-03
1.311400000000151953e-08,3.550610947390019589e+00,1.010240874094211205e-01,4.033324306441513407e+00,5.109336626846401087e-03
1.311600000000152015e-08,3.551205778031842009e+00,1.010240888514303687e-01,4.033923900245580896e+00,5.109338985218062242e-03
1.311800000000152076e-08,3.551800610070032338e+00,1.010240902928536827e-01,4.034523494054680803e+00,5.109341343757721823e-03
1.312000000000152137e-08,3.552395443503978179e+00,1.010240917336913957e-01,4.035123087868814906e+00,5.109343702358044685e-03
1.312200000000152199e-08,3.552990278333068019e+00,1.010240931739438131e-01,4.035722681687981428e+00,5.109346060971683284e-03
1.312400000000152260e-08,3.553585114556689462e+00,1.010240946136112955e-01,4.036322275512181257e+00,5.109348419737290599e-03
1.312600000000152321e-08,3.554179952174230994e+00,1.010240960526941484e-01,4.036921869341414393e+00,5.109350778492989173e-03
1.312800000000152383e-08,3.554774791185081106e+00,1.010240974911926909e-01,4.037521463175680836e+00,5.109353137422731686e-03
1.313000000000152444e-08,3.555369631588630064e+00,1.010240989291072700e-01,4.038121057014979698e+00,5.109355496384939549e-03
1.313200000000152505e-08,3.555964473384265467e+00,1.010241003664382048e-01,4.038720650859312755e+00,5.109357855380139250e-03
1.313400000000152567e-08,3.556559316571378915e+00,1.010241018031858146e-01,4.039320244708679120e+00,5.109360214530166491e-03
1.313600000000152628e-08,3.557154161149359339e+00,1.010241032393504323e-01,4.039919838563077903e+00,5.109362573665161486e-03
1.313800000000152689e-08,3.557749007117598339e+00,1.010241046749323773e-01,4.040519432422510882e+00,5.109364932984740600e-03
1.314000000000152751e-08,3.558343854475486179e+00,1.010241061099319687e-01,4.041119026286977167e+00,5.109367292317143656e-03
1.314200000000152812e-08,3.558938703222414901e+00,1.010241075443495395e-01,4.041718620156475872e+00,5.109369651701826075e-03
1.314400000000152874e-08,3.559533553357775215e+00,1.010241089781854090e-01,4.042318214031007884e+00,5.109372011240835565e-03
1.314600000000152935e-08,3.560128404880959163e+00,1.010241104114398963e-01,4.042917807910574091e+00,5.109374370755385454e-03
1.314800000000152996e-08,3.560723257791360119e+00,1.010241118441133484e-01,4.043517401795173605e+00,5.109376730463664924e-03
1.315000000000153058e-08,3.561318112088369681e+00,1.010241132762060429e-01,4.044116995684806426e+00,5.109379090167765446e-03
1.315200000000153119e-08,3.561912967771380778e+00,1.010241147077183682e-01,4.044716589579473442e+00,5.109381449942914169e-03
1.315400000000153180e-08,3.562507824839787673e+00,1.010241161386505881e-01,4.045316183479172878e+00,5.109383809868511123e-03
1.315600000000153242e-08,3.563102683292983741e+00,1.010241175690030635e-01,4.045915777383905620e+00,5.109386169760962715e-03
1.315800000000153303e-08,3.563697543130363687e+00,1.010241189987760857e-01,4.046515371293671670e+00,5.109388529846251373e-03
1.316000000000153364e-08,3.564292404351320442e+00,1.010241204279700017e-01,4.047114965208471027e+00,5.109390889921914918e-03
1.316200000000153426e-08,3.564887266955249157e+00,1.010241218565851307e-01,4.047714559128304579e+00,5.109393250086293956e-03
1.316400000000153487e-08,3.565482130941546313e+00,1.010241232846217918e-01,4.048314153053171438e+00,5.109395610391550754e-03
1.316600000000153548e-08,3.566076996309606617e+00,1.010241247120803043e-01,4.048913746983071604e+00,5.109397970669808317e-03
1.316800000000153610e-08,3.566671863058825664e+00,1.010241261389609874e-01,4.049513340918005966e+00,5.109400331126291370e-03
1.317000000000153671e-08,3.567266731188600826e+00,1.010241275652641740e-01,4.050112934857972746e+00,5.109402691570409313e-03
1.317200000000153732e-08,3.567861600698326363e+00,1.010241289909901696e-01,4.050712528802972834e+00,5.109405052128276545e-03
1.317400000000153794e-08,3.568456471587401424e+00,1.010241304161392933e-01,4.051312122753007117e+00,5.109407412808172032e-03
1.317600000000153855e-08,3.569051343855222491e+00,1.010241318407118921e-01,4.051911716708074707e+00,5.109409773470641354e-03
1.317800000000153916e-08,3.569646217501186491e+00,1.010241332647082574e-01,4.052511310668175604e+00,5.109412134299548720e-03
1.318000000000153978e-08,3.570241092524692128e+00,1.010241346881287222e-01,4.053110904633310696e+00,5.109414495112973680e-03
1.318200000000154039e-08,3.570835968925137216e+00,1.010241361109736197e-01,4.053710498603479095e+00,5.109416856064313492e-03
1.318400000000154100e-08,3.571430846701921791e+00,1.010241375332432273e-01,4.054310092578680802e+00,5.109419217114890763e-03
1.318600000000154162e-08,3.572025725854443223e+00,1.010241389549379060e-01,4.054909686558916704e+00,5.109421578156619209e-03
1.318800000000154223e-08,3.572620606382101993e+00,1.010241403760579748e-01,4.055509280544185913e+00,5.109423939352247986e-03
1.319000000000154285e-08,3.573215488284295915e+00,1.010241417966037253e-01,4.056108874534488429e+00,5.109426300535785739e-03
1.319200000000154346e-08,3.573810371560428134e+00,1.010241432165754905e-01,4.056708468529825140e+00,5.109428661881148040e-03
1.319400000000154407e-08,3.574405256209896020e+00,1.010241446359735756e-01,4.057308062530195159e+00,5.109431023298302739e-03
1.319600000000154469e-08,3.575000142232101830e+00,1.010241460547983416e-01,4.057907656535598484e+00,5.109433384721508153e-03
1.319800000000154530e-08,3.575595029626446486e+00,1.010241474730500522e-01,4.058507250546035117e+00,5.109435746295568591e-03
1.320000000000154591e-08,3.576189918392331357e+00,1.010241488907290541e-01,4.059106844561506833e+00,5.109438107859990905e-03
1.320200000000154653e-08,3.576784808529158255e+00,1.010241503078356529e-01,4.059706438582010968e+00,5.109440469596906315e-03
1.320400000000154714e-08,3.577379700036329435e+00,1.010241517243701814e-01,4.060306032607549298e+00,5.109442831377268741e-03
1.320600000000154775e-08,3.577974592913247154e+00,1.010241531403329590e-01,4.060905626638120935e+00,5.109445193183435180e-03
1.320800000000154837e-08,3.578569487159314111e+00,1.010241545557243048e-01,4.061505220673727656e+00,5.109447555143768228e-03
1.321000000000154898e-08,3.579164382773934339e+00,1.010241559705444964e-01,4.062104814714366796e+00,5.109449917090865337e-03
1.321200000000154959e-08,3.579759279756509649e+00,1.010241573847939084e-01,4.062704408760039243e+00,5.109452279217453416e-03
1.321400000000155021e-08,3.580354178106445406e+00,1.010241587984728046e-01,4.063304002810745885e+00,5.109454641363212792e-03
1.321600000000155082e-08,3.580949077823145199e+00,1.010241602115815179e-01,4.063903596866486723e+00,5.109457003553053225e-03
1.321800000000155143e-08,3.581543978906013947e+00,1.010241616241203955e-01,4.064503190927261755e+00,5.109459365898360445e-03
1.322000000000155205e-08,3.582138881354456128e+00,1.010241630360897008e-01,4.065102784993070095e+00,5.109461728223504973e-03
1.322200000000155266e-08,3.582733785167877105e+00,1.010241644474897948e-01,4.065702379063911742e+00,5.109464090740250576e-03
1.322400000000155327e-08,3.583328690345682688e+00,1.010241658583209690e-01,4.066301973139787584e+00,5.109466453258797690e-03
1.322600000000155389e-08,3.583923596887278684e+00,1.010241672685835423e-01,4.066901567220696734e+00,5.109468815841585951e-03
1.322800000000155450e-08,3.584518504792071347e+00,1.010241686782778203e-01,4.067501161306640078e+00,5.109471178576913651e-03
1.323000000000155511e-08,3.585113414059466930e+00,1.010241700874041498e-01,4.068100755397617618e+00,5.109473541280364940e-03
1.323200000000155573e-08,3.585708324688873017e+00,1.010241714959628084e-01,4.068700349493629354e+00,5.109475904177943062e-03
1.323400000000155634e-08,3.586303236679695861e+00,1.010241729039541292e-01,4.069299943594674396e+00,5.109478267066855373e-03
1.323600000000155696e-08,3.586898150031344379e+00,1.010241743113784313e-01,4.069899537700753633e+00,5.109480630036521663e-03
1.323800000000155757e-08,3.587493064743226157e+00,1.010241757182360062e-01,4.070499131811866178e+00,5.109482993151859623e-03
1.324000000000155818e-08,3.588087980814749223e+00,1.010241771245272008e-01,4.071098725928012918e+00,5.109485356236924056e-03
1.324200000000155880e-08,3.588682898245322050e+00,1.010241785302522927e-01,4.071698320049192965e+00,5.109487719507923090e-03
1.324400000000155941e-08,3.589277817034354445e+00,1.010241799354116149e-01,4.072297914175408096e+00,5.109490082768015917e-03
1.324600000000156002e-08,3.589872737181255324e+00,1.010241813400054589e-01,4.072897508306656533e+00,5.109492446130835600e-03
1.324800000000156064e-08,3.590467658685434049e+00,1.010241827440341578e-01,4.073497102442939166e+00,5.109494809624475983e-03
1.325000000000156125e-08,3.591062581546300869e+00,1.010241841474980307e-01,4.074096696584255106e+00,5.109497173096588449e-03
1.325200000000156186e-08,3.591657505763266478e+00,1.010241855503973829e-01,4.074696290730605241e+00,5.109499536740755993e-03
1.325400000000156248e-08,3.592252431335740681e+00,1.010241869527325198e-01,4.075295884881989572e+00,5.109501900369496641e-03
1.325600000000156309e-08,3.592847358263135948e+00,1.010241883545037744e-01,4.075895479038408098e+00,5.109504264124953635e-03
1.325800000000156370e-08,3.593442286544863418e+00,1.010241897557114105e-01,4.076495073199859931e+00,5.109506627990697408e-03
1.326000000000156432e-08,3.594037216180332894e+00,1.010241911563557887e-01,4.077094667366346847e+00,5.109508991843213048e-03
1.326200000000156493e-08,3.594632147168959069e+00,1.010241925564371868e-01,4.077694261537867071e+00,5.109511355855174929e-03
1.326400000000156554e-08,3.595227079510152191e+00,1.010241939559559377e-01,4.078293855714420602e+00,5.109513719853234735e-03
1.326600000000156616e-08,3.595822013203326506e+00,1.010241953549123328e-01,4.078893449896009216e+00,5.109516084002374212e-03
1.326800000000156677e-08,3.596416948247894041e+00,1.010241967533067053e-01,4.079493044082632025e+00,5.109518448235065777e-03
1.327000000000156738e-08,3.597011884643269486e+00,1.010241981511393466e-01,4.080092638274288142e+00,5.109520812466423340e-03
1.327200000000156800e-08,3.597606822388865311e+00,1.010241995484105759e-01,4.080692232470978453e+00,5.109523176849341090e-03
1.327400000000156861e-08,3.598201761484096206e+00,1.010242009451207124e-01,4.081291826672703849e+00,5.109525541222404744e-03
1.327600000000156922e-08,3.598796701928376862e+00,1.010242023412700196e-01,4.081891420879462551e+00,5.109527905764924861e-03
1.327800000000156984e-08,3.599391643721121525e+00,1.010242037368588724e-01,4.082491015091255449e+00,5.109530270363445321e-03
1.328000000000157045e-08,3.599986586861745330e+00,1.010242051318875484e-01,4.083090609308082541e+00,5.109532634978292999e-03
1.328200000000157107e-08,3.600581531349664299e+00,1.010242065263563527e-01,4.083690203529942941e+00,5.109534999745697463e-03
1.328400000000157168e-08,3.601176477184294011e+00,1.010242079202655907e-01,4.084289797756838425e+00,5.109537364502470674e-03
1.328600000000157229e-08,3.601771424365050489e+00,1.010242093136155817e-01,4.084889391988768104e+00,5.109539729434408456e-03
1.328800000000157291e-08,3.602366372891349755e+00,1.010242107064066308e-01,4.085488986225731090e+00,5.109542094395286629e-03
1.329000000000157352e-08,3.602961322762608720e+00,1.010242120986390574e-01,4.086088580467729159e+00,5.109544459391134226e-03
1.329200000000157413e-08,3.603556273978244739e+00,1.010242134903131389e-01,4.086688174714761423e+00,5.109546824541730432e-03
1.329400000000157475e-08,3.604151226537675612e+00,1.010242148814292223e-01,4.087287768966827883e+00,5.109549189676605707e-03
1.329600000000157536e-08,3.604746180440319137e+00,1.010242162719875714e-01,4.087887363223928539e+00,5.109551554997962888e-03
1.329800000000157597e-08,3.605341135685593112e+00,1.010242176619885607e-01,4.088486957486063389e+00,5.109553920329698053e-03
1.330000000000157659e-08,3.605936092272915783e+00,1.010242190514323984e-01,4.089086551753231547e+00,5.109556285715380515e-03
1.330200000000157720e-08,3.606531050201705835e+00,1.010242204403194871e-01,4.089686146025434788e+00,5.109558651254894786e-03
1.330400000000157781e-08,3.607126009471383288e+00,1.010242218286500765e-01,4.090285740302673112e+00,5.109561016769052604e-03
1.330600000000157843e-08,3.607720970081366829e+00,1.010242232164244996e-01,4.090885334584944744e+00,5.109563382477363275e-03
1.330800000000157904e-08,3.608315932031077367e+00,1.010242246036430480e-01,4.091484928872249682e+00,5.109565748179914664e-03
1.331000000000157965e-08,3.608910895319933587e+00,1.010242259903060408e-01,4.092084523164590593e+00,5.109568113954907238e-03
1.331200000000158027e-08,3.609505859947356399e+00,1.010242273764137694e-01,4.092684117461964810e+00,5.109570479879556142e-03
1.331400000000158088e-08,3.610100825912767153e+00,1.010242287619665391e-01,4.093283711764374111e+00,5.109572845771388414e-03
1.331600000000158149e-08,3.610695793215586313e+00,1.010242301469646553e-01,4.093883306071817607e+00,5.109575211856271990e-03
1.331800000000158211e-08,3.611290761855236120e+00,1.010242315314084371e-01,4.094482900384294410e+00,5.109577577931069016e-03
1.332000000000158272e-08,3.611885731831137925e+00,1.010242329152981622e-01,4.095082494701806297e+00,5.109579944095804516e-03
1.332200000000158334e-08,3.612480703142713523e+00,1.010242342986341774e-01,4.095682089024353267e+00,5.109582310399976221e-03
1.332400000000158395e-08,3.613075675789386043e+00,1.010242356814167464e-01,4.096281683351933545e+00,5.109584676677480890e-03
1.332600000000158456e-08,3.613670649770578169e+00,1.010242370636462161e-01,4.096881277684548905e+00,5.109587043133284774e-03
1.332800000000158518e-08,3.614265625085712585e+00,1.010242384453228365e-01,4.097480872022198461e+00,5.109589409576060885e-03
1.333000000000158579e-08,3.614860601734213308e+00,1.010242398264469682e-01,4.098080466364882213e+00,5.109591776133100630e-03
1.333200000000158640e-08,3.615455579715503021e+00,1.010242412070188611e-01,4.098680060712600159e+00,5.109594142811234481e-03
1.333400000000158702e-08,3.616050559029007072e+00,1.010242425870388483e-01,4.099279655065353190e+00,5.109596509472798254e-03
1.333600000000158763e-08,3.616645539674150367e+00,1.010242439665072489e-01,4.099879249423140415e+00,5.109598876301075891e-03
1.333800000000158824e-08,3.617240521650355589e+00,1.010242453454243267e-01,4.100478843785961836e+00,5.109601243113130395e-03
1.334000000000158886e-08,3.617835504957049864e+00,1.010242467237904146e-01,4.101078438153818340e+00,5.109603610063206437e-03
1.334200000000158947e-08,3.618430489593658095e+00,1.010242481016057903e-01,4.101678032526709039e+00,5.109605977111800895e-03
1.334400000000159008e-08,3.619025475559605187e+00,1.010242494788707868e-01,4.102277626904633934e+00,5.109608344151589029e-03
1.334600000000159070e-08,3.619620462854317822e+00,1.010242508555856955e-01,4.102877221287593024e+00,5.109610711346009547e-03
1.334800000000159131e-08,3.620215451477222679e+00,1.010242522317507941e-01,4.103476815675587197e+00,5.109613078528114395e-03
1.335000000000159192e-08,3.620810441427746884e+00,1.010242536073664016e-01,4.104076410068616454e+00,5.109615445871565007e-03
1.335200000000159254e-08,3.621405432705316230e+00,1.010242549824328234e-01,4.104676004466679018e+00,5.109617813286322294e-03
1.335400000000159315e-08,3.622000425309359173e+00,1.010242563569503649e-01,4.105275598869776665e+00,5.109620180707034019e-03
1.335600000000159376e-08,3.622595419239303283e+00,1.010242577309193035e-01,4.105875193277909396e+00,5.109622548278808067e-03
1.335800000000159438e-08,3.623190414494576572e+00,1.010242591043399862e-01,4.106474787691076322e+00,5.109624915840526790e-03
1.336000000000159499e-08,3.623785411074607499e+00,1.010242604772126490e-01,4.107074382109277444e+00,5.109627283574727334e-03
1.336200000000159560e-08,3.624380408978824075e+00,1.010242618495376665e-01,4.107673976532513649e+00,5.109629651352876230e-03
1.336400000000159622e-08,3.624975408206656535e+00,1.010242632213152608e-01,4.108273570960784049e+00,5.109632019156360762e-03
1.336600000000159683e-08,3.625570408757534224e+00,1.010242645925458066e-01,4.108873165394089533e+00,5.109634387113680572e-03
1.336800000000159745e-08,3.626165410630885155e+00,1.010242659632295675e-01,4.109472759832429212e+00,5.109636755057663828e-03
1.337000000000159806e-08,3.626760413826141338e+00,1.010242673333668351e-01,4.110072354275803086e+00,5.109639123180874376e-03
1.337200000000159867e-08,3.627355418342731230e+00,1.010242687029579145e-01,4.110671948724212932e+00,5.109641491323876385e-03
1.337400000000159929e-08,3.627950424180087730e+00,1.010242700720031112e-01,4.111271543177656085e+00,5.109643859509615041e-03
1.337600000000159990e-08,3.628545431337640181e+00,1.010242714405027165e-01,4.111871137636134321e+00,5.109646227850632265e-03
1.337800000000160051e-08,3.629140439814821040e+00,1.010242728084570218e-01,4.112470732099647641e+00,5.109648596172227525e-03
1.338000000000160113e-08,3.629735449611060982e+00,1.010242741758663604e-01,4.113070326568195156e+00,5.109650964685309368e-03
1.338200000000160174e-08,3.630330460725792907e+00,1.010242755427309957e-01,4.113669921041777755e+00,5.109653333201028859e-03
1.338400000000160235e-08,3.630925473158448380e+00,1.010242769090512471e-01,4.114269515520395437e+00,5.109655701779156761e-03
1.338600000000160297e-08,3.631520486908459855e+00,1.010242782748273921e-01,4.114869110004047315e+00,5.109658070509759918e-03
1.338800000000160358e-08,3.632115501975261562e+00,1.010242796400597637e-01,4.115468704492733387e+00,5.109660439209570866e-03
1.339000000000160419e-08,3.632710518358284624e+00,1.010242810047486256e-01,4.116068298986455432e+00,5.109662808104114932e-03
1.339200000000160481e-08,3.633305536056965490e+00,1.010242823688942693e-01,4.116667893485211671e+00,5.109665176989928136e-03
1.339400000000160542e-08,3.633900555070736171e+00,1.010242837324970278e-01,4.117267487989002106e+00,5.109667545954832586e-03
1.339600000000160603e-08,3.634495575399031342e+00,1.010242850955571786e-01,4.117867082497828513e+00,5.109669915065917847e-03
1.339800000000160665e-08,3.635090597041285676e+00,1.010242864580750133e-01,4.118466677011689114e+00,5.109672284145861353e-03
1.340000000000160726e-08,3.635685619996933404e+00,1.010242878200508371e-01,4.119066271530583911e+00,5.109674653414356289e-03
1.340200000000160787e-08,3.636280644265411421e+00,1.010242891814849275e-01,4.119665866054513792e+00,5.109677022672022215e-03
1.340400000000160849e-08,3.636875669846153070e+00,1.010242905423776039e-01,4.120265460583479644e+00,5.109679392029107745e-03
1.340600000000160910e-08,3.637470696738596576e+00,1.010242919027291714e-01,4.120865055117478803e+00,5.109681761518700127e-03
1.340800000000160971e-08,3.638065724942176171e+00,1.010242932625398937e-01,4.121464649656513046e+00,5.109684130985384619e-03
1.341000000000161033e-08,3.638660754456328750e+00,1.010242946218100901e-01,4.122064244200583261e+00,5.109686500626484280e-03
1.341200000000161094e-08,3.639255785280492095e+00,1.010242959805400242e-01,4.122663838749687670e+00,5.109688870252170056e-03
1.341400000000161156e-08,3.639850817414103101e+00,1.010242973387300430e-01,4.123263433303827163e+00,5.109691240000734103e-03
1.341600000000161217e-08,3.640445850856598664e+00,1.010242986963803963e-01,4.123863027862999964e+00,5.109693609862119359e-03
1.341800000000161278e-08,3.641040885607416566e+00,1.010243000534914032e-01,4.124462622427208736e+00,5.109695979709985916e-03
1.342000000000161340e-08,3.641635921665995923e+00,1.010243014100633413e-01,4.125062216996453479e+00,5.109698349720288510e-03
1.342200000000161401e-08,3.642230959031773629e+00,1.010243027660965298e-01,4.125661811570732418e+00,5.109700719715263954e-03
1.342400000000161462e-08,3.642825997704189689e+00,1.010243041215912463e-01,4.126261406150046440e+00,5.109703089857133181e-03
1.342600000000161524e-08,3.643421037682682773e+00,1.010243054765477683e-01,4.126861000734394658e+00,5.109705460086640637e-03
1.342800000000161585e-08,3.644016078966691996e+00,1.010243068309664149e-01,4.127460595323778847e+00,5.109707830312844312e-03
1.343000000000161646e-08,3.644611121555657363e+00,1.010243081848474639e-01,4.128060189918197231e+00,5.109710200691851105e-03
1.343200000000161708e-08,3.645206165449019764e+00,1.010243095381912343e-01,4.128659784517650699e+00,5.109712571059857149e-03
1.343400000000161769e-08,3.645801210646218316e+00,1.010243108909979759e-01,4.129259379122139251e+00,5.109714941594796500e-03
1.343600000000161830e-08,3.646396257146694353e+00,1.010243122432680357e-01,4.129858973731662886e+00,5.109717312189854428e-03
1.343800000000161892e-08,3.646991304949888324e+00,1.010243135950016774e-01,4.130458568346221604e+00,5.109719682797754514e-03
1.344000000000161953e-08,3.647586354055242008e+00,1.010243149461991785e-01,4.131058162965815406e+00,5.109722053558048323e-03
1.344200000000162014e-08,3.648181404462196742e+00,1.010243162968608305e-01,4.131657757590444291e+00,5.109724424307929454e-03
1.344400000000162076e-08,3.648776456170195193e+00,1.010243176469869525e-01,4.132257352220107371e+00,5.109726795231465946e-03
1.344600000000162137e-08,3.649371509178677808e+00,1.010243189965778499e-01,4.132856946854806424e+00,5.109729166188768830e-03
1.344800000000162198e-08,3.649966563487089921e+00,1.010243203456337724e-01,4.133456541494540559e+00,5.109731537178258641e-03
1.345000000000162260e-08,3.650561619094871979e+00,1.010243216941550254e-01,4.134056136139309778e+00,5.109733908322366958e-03
1.345200000000162321e-08,3.651156676001468426e+00,1.010243230421418864e-01,4.134655730789113193e+00,5.109736279451346751e-03
1.345400000000162382e-08,3.651751734206322819e+00,1.010243243895946746e-01,4.135255325443952579e+00,5.109738650763835134e-03
1.345600000000162444e-08,3.652346793708878270e+00,1.010243257365136815e-01,4.135854920103827048e+00,5.109741022090433758e-03
1.345800000000162505e-08,3.652941854508580111e+00,1.010243270828991707e-01,4.136454514768736601e+00,5.109743393466360112e-03
1.346000000000162567e-08,3.653536916604871454e+00,1.010243284287514615e-01,4.137054109438681238e+00,5.109745764996741040e-03
1.346200000000162628e-08,3.654131979997198076e+00,1.010243297740708174e-01,4.137653704113660957e+00,5.109748136504299078e-03
1.346400000000162689e-08,3.654727044685004866e+00,1.010243311188575438e-01,4.138253298793675761e+00,5.109750508205569350e-03
1.346600000000162751e-08,3.655322110667737601e+00,1.010243324631119460e-01,4.138852893478725647e+00,5.109752879904171617e-03
1.346800000000162812e-08,3.655917177944841168e+00,1.010243338068342878e-01,4.139452488168810618e+00,5.109755251670888669e-03
1.347000000000162873e-08,3.656512246515761788e+00,1.010243351500248604e-01,4.140052082863930671e+00,5.109757623588616002e-03
1.347200000000162935e-08,3.657107316379946571e+00,1.010243364926839693e-01,4.140651677564085809e+00,5.109759995473721859e-03
1.347400000000162996e-08,3.657702387536841737e+00,1.010243378348118920e-01,4.141251272269276917e+00,5.109762367552950213e-03
1.347600000000163057e-08,3.658297459985894395e+00,1.010243391764089060e-01,4.141850866979503110e+00,5.109764739621896860e-03
1.347800000000163119e-08,3.658892533726551655e+00,1.010243405174753306e-01,4.142450461694764385e+00,5.109767111775805060e-03
1.348000000000163180e-08,3.659487608758261512e+00,1.010243418580114155e-01,4.143050056415060745e+00,5.109769484072458449e-03
1.348200000000163241e-08,3.660082685080472409e+00,1.010243431980174800e-01,4.143649651140392187e+00,5.109771856339836646e-03
1.348400000000163303e-08,3.660677762692631010e+00,1.010243445374938154e-01,4.144249245870759601e+00,5.109774228790699147e-03
1.348600000000163364e-08,3.661272841594187089e+00,1.010243458764406993e-01,4.144848840606161211e+00,5.109776601229665781e-03
1.348800000000163425e-08,3.661867921784589086e+00,1.010243472148584093e-01,4.145448435346598792e+00,5.109778973775401176e-03
1.349000000000163487e-08,3.662463003263286776e+00,1.010243485527472368e-01,4.146048030092071457e+00,5.109781346447824293e-03
1.349200000000163548e-08,3.663058086029729488e+00,1.010243498901074732e-01,4.146647624842579205e+00,5.109783719101229638e-03
1.349400000000163609e-08,3.663653170083366550e+00,1.010243512269394101e-01,4.147247219598122925e+00,5.109786091925839178e-03
1.349600000000163671e-08,3.664248255423648182e+00,1.010243525632433248e-01,4.147846814358702616e+00,5.109788464733600218e-03
1.349800000000163732e-08,3.664843342050025043e+00,1.010243538990195089e-01,4.148446409124316503e+00,5.109790837671476793e-03
1.350000000000163793e-08,3.665438429961948241e+00,1.010243552342682538e-01,4.149046003894965473e+00,5.109793210715635539e-03
1.350200000000163855e-08,3.666033519158868437e+00,1.010243565689898509e-01,4.149645598670650415e+00,5.109795583747848112e-03
1.350400000000163916e-08,3.666628609640237180e+00,1.010243579031845501e-01,4.150245193451370440e+00,5.109797956938570175e-03
1.350600000000163978e-08,3.667223701405506464e+00,1.010243592368526705e-01,4.150844788237126437e+00,5.109800330115110874e-03
1.350800000000164039e-08,3.667818794454126952e+00,1.010243605699945174e-01,4.151444383027917517e+00,5.109802703445702823e-03
1.351000000000164100e-08,3.668413888785552412e+00,1.010243619026103268e-01,4.152043977823743681e+00,5.109805076855967153e-03
1.351200000000164162e-08,3.669008984399235285e+00,1.010243632347004317e-01,4.152643572624605817e+00,5.109807450266588835e-03
1.351400000000164223e-08,3.669604081294628006e+00,1.010243645662650819e-01,4.153243167430503036e+00,5.109809823829003159e-03
1.351600000000164284e-08,3.670199179471183903e+00,1.010243658973045688e-01,4.153842762241435338e+00,5.109812197380885108e-03
1.351800000000164346e-08,3.670794278928357190e+00,1.010243672278191701e-01,4.154442357057403612e+00,5.109814571102976391e-03
1.352000000000164407e-08,3.671389379665600305e+00,1.010243685578092049e-01,4.155041951878406969e+00,5.109816944877913422e-03
1.352200000000164468e-08,3.671984481682369239e+00,1.010243698872749091e-01,4.155641546704446299e+00,5.109819318670979181e-03
1.352400000000164530e-08,3.672579584978116873e+00,1.010243712162165880e-01,4.156241141535520711e+00,5.109821692616995509e-03
1.352600000000164591e-08,3.673174689552299643e+00,1.010243725446345470e-01,4.156840736371631095e+00,5.109824066551513222e-03
1.352800000000164652e-08,3.673769795404371319e+00,1.010243738725290635e-01,4.157440331212776563e+00,5.109826440661915416e-03
1.353000000000164714e-08,3.674364902533787891e+00,1.010243751999003875e-01,4.158039926058957114e+00,5.109828814799602208e-03
1.353200000000164775e-08,3.674960010940004462e+00,1.010243765267488381e-01,4.158639520910173637e+00,5.109831188973318339e-03
1.353400000000164836e-08,3.675555120622477911e+00,1.010243778530746789e-01,4.159239115766426131e+00,5.109833563301590525e-03
1.353600000000164898e-08,3.676150231580663785e+00,1.010243791788782014e-01,4.159838710627713709e+00,5.109835937613621364e-03
1.353800000000164959e-08,3.676745343814020295e+00,1.010243805041596971e-01,4.160438305494037259e+00,5.109838312113113359e-03
1.354000000000165020e-08,3.677340457322002099e+00,1.010243818289194295e-01,4.161037900365395892e+00,5.109840686621945974e-03
1.354200000000165082e-08,3.677935572104067408e+00,1.010243831531576902e-01,4.161637495241790496e+00,5.109843061184536801e-03
1.354400000000165143e-08,3.678530688159674877e+00,1.010243844768747706e-01,4.162237090123220185e+00,5.109845435900699229e-03
1.354600000000165204e-08,3.679125805488281387e+00,1.010243858000709344e-01,4.162836685009684956e+00,5.109847810591726380e-03
1.354800000000165266e-08,3.679720924089344258e+00,1.010243871227464729e-01,4.163436279901186587e+00,5.109850185477185676e-03
1.355000000000165327e-08,3.680316043962323924e+00,1.010243884449016777e-01,4.164035874797723302e+00,5.109852560356496244e-03
1.355200000000165389e-08,3.680911165106677707e+00,1.010243897665368262e-01,4.164635469699295989e+00,5.109854935308032024e-03
1.355400000000165450e-08,3.681506287521865595e+00,1.010243910876521684e-01,4.165235064605903759e+00,5.109857310408785248e-03
1.355600000000165511e-08,3.682101411207346242e+00,1.010243924082480094e-01,4.165834659517548388e+00,5.109859685477119093e-03
1.355800000000165573e-08,3.682696536162579637e+00,1.010243937283246407e-01,4.166434254434227213e+00,5.109862060739325633e-03
1.356000000000165634e-08,3.683291662387026211e+00,1.010243950478823399e-01,4.167033849355942010e+00,5.109864435990731785e-03
1.356200000000165695e-08,3.683886789880145951e+00,1.010243963669213846e-01,4.167633444282692778e+00,5.109866811331256753e-03
1.356400000000165757e-08,3.684481918641399290e+00,1.010243976854420106e-01,4.168233039214478630e+00,5.109869186810980270e-03
1.356600000000165818e-08,3.685077048670247102e+00,1.010243990034445788e-01,4.168832634151301342e+00,5.109871562263382759e-03
1.356800000000165879e-08,3.685672179966151152e+00,1.010244003209293112e-01,4.169432229093159137e+00,5.109873937896336135e-03
1.357000000000165941e-08,3.686267312528572315e+00,1.010244016378965132e-01,4.170031824040052904e+00,5.109876313515939947e-03
1.357200000000166002e-08,3.686862446356973244e+00,1.010244029543464483e-01,4.170631418991982642e+00,5.109878689247257348e-03
1.357400000000166063e-08,3.687457581450815258e+00,1.010244042702794082e-01,4.171231013948947464e+00,5.109881065100700150e-03
1.357600000000166125e-08,3.688052717809561898e+00,1.010244055856956702e-01,4.171830608910948257e+00,5.109883440937534708e-03
1.357800000000166186e-08,3.688647855432674483e+00,1.010244069005955120e-01,4.172430203877985022e+00,5.109885816943447560e-03
1.358000000000166247e-08,3.689242994319616997e+00,1.010244082149792111e-01,4.173029798850056871e+00,5.109888192932151955e-03
1.358200000000166309e-08,3.689838134469852982e+00,1.010244095288470451e-01,4.173629393827164691e+00,5.109890569055984370e-03
1.358400000000166370e-08,3.690433275882845088e+00,1.010244108421993053e-01,4.174228988809309371e+00,5.109892945280723915e-03
1.358600000000166431e-08,3.691028418558058188e+00,1.010244121550362417e-01,4.174828583796489134e+00,5.109895321495311858e-03
1.358800000000166493e-08,3.691623562494955824e+00,1.010244134673581595e-01,4.175428178788705758e+00,5.109897697866583495e-03
1.359000000000166554e-08,3.692218707693003310e+00,1.010244147791653363e-01,4.176027773785956576e+00,5.109900074224247961e-03
1.359200000000166615e-08,3.692813854151665520e+00,1.010244160904580080e-01,4.176627368788244254e+00,5.109902450740152167e-03
1.359400000000166677e-08,3.693409001870407327e+00,1.010244174012365076e-01,4.177226963795567016e+00,5.109904827330365856e-03
1.359600000000166738e-08,3.694004150848694046e+00,1.010244187115010711e-01,4.177826558807925750e+00,5.109907203924114044e-03
1.359800000000166800e-08,3.694599301085990994e+00,1.010244200212520038e-01,4.178426153825320455e+00,5.109909580669136191e-03
1.360000000000166861e-08,3.695194452581765265e+00,1.010244213304895694e-01,4.179025748847751132e+00,5.109911957403383102e-03
1.360200000000166922e-08,3.695789605335482619e+00,1.010244226392140454e-01,4.179625343875218668e+00,5.109914334309591417e-03
1.360400000000166984e-08,3.696384759346610593e+00,1.010244239474257233e-01,4.180224938907721288e+00,5.109916711263703254e-03
1.360600000000167045e-08,3.696979914614614060e+00,1.010244252551248390e-01,4.180824533945259880e+00,5.109919088239738526e-03
1.360800000000167106e-08,3.697575071138963221e+00,1.010244265623117255e-01,4.181424128987834443e+00,5.109921465369049627e-03
1.361000000000167168e-08,3.698170228919123392e+00,1.010244278689865910e-01,4.182023724035444978e+00,5.109923842485584490e-03
1.361200000000167229e-08,3.698765387954563888e+00,1.010244291751497686e-01,4.182623319088090597e+00,5.109926219779601514e-03
1.361400000000167290e-08,3.699360548244751357e+00,1.010244304808015220e-01,4.183222914145773963e+00,5.109928597097153531e-03
1.361600000000167352e-08,3.699955709789155556e+00,1.010244317859421148e-01,4.183822509208492413e+00,5.109930974453622335e-03
1.361800000000167413e-08,3.700550872587244911e+00,1.010244330905718246e-01,4.184422104276245946e+00,5.109933351964792911e-03
1.362000000000167474e-08,3.701146036638488290e+00,1.010244343946909151e-01,4.185021699349036339e+00,5.109935729458551200e-03
1.362200000000167536e-08,3.701741201942355008e+00,1.010244356982997055e-01,4.185621294426862704e+00,5.109938107142233087e-03
1.362400000000167597e-08,3.702336368498315267e+00,1.010244370013984178e-01,4.186220889509725041e+00,5.109940484832163447e-03
1.362600000000167658e-08,3.702931536305838378e+00,1.010244383039873434e-01,4.186820484597623349e+00,5.109942862578867838e-03
1.362800000000167720e-08,3.703526705364394989e+00,1.010244396060667599e-01,4.187420079690557628e+00,5.109945240478345856e-03
1.363000000000167781e-08,3.704121875673455744e+00,1.010244409076369587e-01,4.188019674788527880e+00,5.109947618350597388e-03
1.363200000000167842e-08,3.704717047232490845e+00,1.010244422086981897e-01,4.188619269891534991e+00,5.109949996418012251e-03
1.363400000000167904e-08,3.705312220040972715e+00,1.010244435092507304e-01,4.189218864999577185e+00,5.109952374477619991e-03
1.363600000000167965e-08,3.705907394098371554e+00,1.010244448092948721e-01,4.189818460112655352e+00,5.109954752611809564e-03
1.363800000000168026e-08,3.706502569404159786e+00,1.010244461088308787e-01,4.190418055230770378e+00,5.109957130893932019e-03
1.364000000000168088e-08,3.707097745957808943e+00,1.010244474078589860e-01,4.191017650353921375e+00,5.109959509143866679e-03
1.364200000000168149e-08,3.707692923758791892e+00,1.010244487063795132e-01,4.191617245482108345e+00,5.109961887587151884e-03
1.364400000000168211e-08,3.708288102806581055e+00,1.010244500043927102e-01,4.192216840615332174e+00,5.109964266019640169e-03
1.364600000000168272e-08,3.708883283100649741e+00,1.010244513018988821e-01,4.192816435753590198e+00,5.109966644543889255e-03
1.364800000000168333e-08,3.709478464640470374e+00,1.010244525988982650e-01,4.193416030896885083e+00,5.109969023204866644e-03
1.365000000000168395e-08,3.710073647425517152e+00,1.010244538953911503e-01,4.194015626045217715e+00,5.109971401839820578e-03
1.365200000000168456e-08,3.710668831455263827e+00,1.010244551913777877e-01,4.194615221198585431e+00,5.109973780654101551e-03
1.365400000000168517e-08,3.711264016729184601e+00,1.010244564868584966e-01,4.195214816356989118e+00,5.109976159454151720e-03
1.365600000000168579e-08,3.711859203246753225e+00,1.010244577818334988e-01,4.195814411520429665e+00,5.109978538368474196e-03
1.365800000000168640e-08,3.712454391007445231e+00,1.010244590763030859e-01,4.196414006688905296e+00,5.109980917402391111e-03
1.366000000000168701e-08,3.713049580010734818e+00,1.010244603702675353e-01,4.197013601862417786e+00,5.109983296421084960e-03
1.366200000000168763e-08,3.713644770256097516e+00,1.010244616637270970e-01,4.197613197040966249e+00,5.109985675607412944e-03
1.366400000000168824e-08,3.714239961743010188e+00,1.010244629566820623e-01,4.198212792224550682e+00,5.109988054776148231e-03
1.366600000000168885e-08,3.714835154470946588e+00,1.010244642491326950e-01,4.198812387413171976e+00,5.109990434082581530e-03
1.366800000000168947e-08,3.715430348439384467e+00,1.010244655410792586e-01,4.199411982606830129e+00,5.109992813486774303e-03
1.367000000000169008e-08,3.716025543647799800e+00,1.010244668325220446e-01,4.200011577805523366e+00,5.109995192882207590e-03
1.367200000000169069e-08,3.716620740095669007e+00,1.010244681234613029e-01,4.200611173009253463e+00,5.109997572433837981e-03
1.367400000000169131e-08,3.717215937782470281e+00,1.010244694138972971e-01,4.201210768218020419e+00,5.109999951972406772e-03
1.367600000000169192e-08,3.717811136707680042e+00,1.010244707038303325e-01,4.201810363431822459e+00,5.110002331670925740e-03
1.367800000000169253e-08,3.718406336870775153e+00,1.010244719932606450e-01,4.202409958650661359e+00,5.110004711440363674e-03
1.368000000000169315e-08,3.719001538271235585e+00,1.010244732821885122e-01,4.203009553874536230e+00,5.110007091215259915e-03
1.368200000000169376e-08,3.719596740908537758e+00,1.010244745706142255e-01,4.203609149103447962e+00,5.110009471141592312e-03
1.368400000000169437e-08,3.720191944782161642e+00,1.010244758585380209e-01,4.204208744337395665e+00,5.110011851056972532e-03
1.368600000000169499e-08,3.720787149891584544e+00,1.010244771459601898e-01,4.204808339576379339e+00,5.110014231144724417e-03
1.368800000000169560e-08,3.721382356236286881e+00,1.010244784328809681e-01,4.205407934820399873e+00,5.110016611277677992e-03
1.369000000000169622e-08,3.721977563815747736e+00,1.010244797193006611e-01,4.206007530069456379e+00,5.110018991434603711e-03
1.369200000000169683e-08,3.722572772629446192e+00,1.010244810052195186e-01,4.206607125323549745e+00,5.110021371744998681e-03
1.369400000000169744e-08,3.723167982676862220e+00,1.010244822906378181e-01,4.207206720582679083e+00,5.110023752042001585e-03
1.369600000000169806e-08,3.723763193957477569e+00,1.010244835755558512e-01,4.207806315846845280e+00,5.110026132517464167e-03
1.369800000000169867e-08,3.724358406470771765e+00,1.010244848599738260e-01,4.208405911116047449e+00,5.110028513014445127e-03
1.370000000000169928e-08,3.724953620216224337e+00,1.010244861438920477e-01,4.209005506390286477e+00,5.110030893551653457e-03
1.370200000000169990e-08,3.725548835193319253e+00,1.010244874273107940e-01,4.209605101669561478e+00,5.110033274243743970e-03
1.370400000000170051e-08,3.726144051401535595e+00,1.010244887102303007e-01,4.210204696953873338e+00,5.110035654917744787e-03
1.370600000000170112e-08,3.726739268840356001e+00,1.010244899926508594e-01,4.210804292243221170e+00,5.110038035782629370e-03
1.370800000000170174e-08,3.727334487509262662e+00,1.010244912745727336e-01,4.211403887537605861e+00,5.110040416652313934e-03
1.371000000000170235e-08,3.727929707407737769e+00,1.010244925559961870e-01,4.212003482837026525e+00,5.110042797580122143e-03
1.371200000000170296e-08,3.728524928535263960e+00,1.010244938369214696e-01,4.212603078141484936e+00,5.110045178660367442e-03
1.371400000000170358e-08,3.729120150891322982e+00,1.010244951173488864e-01,4.213202673450978430e+00,5.110047559712494608e-03
1.371600000000170419e-08,3.729715374475399692e+00,1.010244963972786736e-01,4.213802268765508785e+00,5.110049940960112967e-03
1.371800000000170480e-08,3.730310599286976725e+00,1.010244976767110947e-01,4.214401864085075111e+00,5.110052322199392510e-03
1.372000000000170542e-08,3.730905825325538050e+00,1.010244989556464273e-01,4.215001459409679185e+00,5.110054703514150740e-03
1.372200000000170603e-08,3.731501052590567191e+00,1.010245002340849352e-01,4.215601054739320119e+00,5.110057084976193931e-03
1.372400000000170664e-08,3.732096281081549893e+00,1.010245015120268958e-01,4.216200650073996137e+00,5.110059466406243617e-03
1.372600000000170726e-08,3.732691510797968792e+00,1.010245027894725312e-01,4.216800245413709014e+00,5.110061848029390577e-03
1.372800000000170787e-08,3.733286741739310521e+00,1.010245040664221605e-01,4.217399840758458751e+00,5.110064229641334693e-03
1.373000000000170848e-08,3.733881973905058604e+00,1.010245053428760198e-01,4.217999436108245348e+00,5.110066611346035341e-03
1.373200000000170910e-08,3.734477207294700563e+00,1.010245066188343865e-01,4.218599031463067917e+00,5.110068993186620348e-03
1.373400000000170971e-08,3.735072441907719920e+00,1.010245078942975244e-01,4.219198626822927345e+00,5.110071375001606041e-03
1.373600000000171033e-08,3.735667677743604198e+00,1.010245091692656694e-01,4.219798222187823633e+00,5.110073756995839843e-03
1.373800000000171094e-08,3.736262914801840473e+00,1.010245104437391267e-01,4.220397817557756781e+00,5.110076138975368394e-03
1.374000000000171155e-08,3.736858153081912715e+00,1.010245117177181323e-01,4.220997412932725901e+00,5.110078521069743446e-03
1.374200000000171217e-08,3.737453392583310219e+00,1.010245129912029638e-01,4.221597008312731880e+00,5.110080903282812614e-03
1.374400000000171278e-08,3.738048633305519175e+00,1.010245142641938709e-01,4.222196603697773831e+00,5.110083285481275411e-03
1.374600000000171339e-08,3.738643875248027548e+00,1.010245155366911451e-01,4.222796199087853530e+00,5.110085667847198872e-03
1.374800000000171401e-08,3.739239118410322860e+00,1.010245168086950224e-01,4.223395794482969201e+00,5.110088050195200904e-03
1.375000000000171462e-08,3.739834362791893074e+00,1.010245180802057802e-01,4.223995389883121732e+00,5.110090432681487285e-03
1.375200000000171523e-08,3.740429608392226157e+00,1.010245193512236406e-01,4.224594985288311122e+00,5.110092815264622411e-03
1.375400000000171585e-08,3.741024855210811406e+00,1.010245206217489367e-01,4.225194580698537372e+00,5.110095197839471630e-03
1.375600000000171646e-08,3.741620103247137674e+00,1.010245218917818905e-01,4.225794176113800482e+00,5.110097580570729589e-03
1.375800000000171707e-08,3.742215352500693815e+00,1.010245231613227657e-01,4.226393771534099564e+00,5.110099963288830538e-03
1.376000000000171769e-08,3.742810602970969569e+00,1.010245244303718398e-01,4.226993366959436393e+00,5.110102346166994422e-03
1.376200000000171830e-08,3.743405854657454235e+00,1.010245256989293627e-01,4.227592962389808307e+00,5.110104729115174348e-03
1.376400000000171891e-08,3.744001107559638886e+00,1.010245269669955842e-01,4.228192557825217968e+00,5.110107112069183811e-03
1.376600000000171953e-08,3.744596361677012375e+00,1.010245282345707818e-01,4.228792153265664489e+00,5.110109495174786423e-03
1.376800000000172014e-08,3.745191617009066665e+00,1.010245295016552330e-01,4.229391748711147869e+00,5.110111878269253845e-03
1.377000000000172075e-08,3.745786873555292384e+00,1.010245307682491878e-01,4.229991344161667222e+00,5.110114261536177066e-03
1.377200000000172137e-08,3.746382131315180164e+00,1.010245320343528819e-01,4.230590939617224322e+00,5.110116644847873500e-03
1.377400000000172198e-08,3.746977390288221521e+00,1.010245332999665929e-01,4.231190535077817394e+00,5.110119028183738969e-03
1.377600000000172259e-08,3.747572650473908862e+00,1.010245345650905985e-01,4.231790130543447326e+00,5.110121411673046801e-03
1.377800000000172321e-08,3.748167911871733704e+00,1.010245358297251206e-01,4.232389726014115894e+00,5.110123795148769146e-03
1.378000000000172382e-08,3.748763174481188454e+00,1.010245370938704507e-01,4.232989321489819545e+00,5.110126178803076936e-03
1.378200000000172444e-08,3.749358438301765517e+00,1.010245383575268524e-01,4.233588916970559168e+00,5.110128562478870144e-03
1.378400000000172505e-08,3.749953703332958632e+00,1.010245396206945895e-01,4.234188512456337428e+00,5.110130946194772761e-03
1.378600000000172566e-08,3.750548969574259761e+00,1.010245408833739117e-01,4.234788107947152547e+00,5.110133330065528938e-03
1.378800000000172628e-08,3.751144237025163086e+00,1.010245421455650550e-01,4.235387703443004526e+00,5.110135713918250062e-03
1.379000000000172689e-08,3.751739505685161458e+00,1.010245434072682968e-01,4.235987298943892476e+00,5.110138097961881842e-03
1.379200000000172750e-08,3.752334775553750834e+00,1.010245446684839010e-01,4.236586894449817287e+00,5.110140482010345694e-03
1.379400000000172812e-08,3.752930046630423622e+00,1.010245459292121312e-01,4.237186489960778957e+00,5.110142866116394560e-03
1.379600000000172873e-08,3.753525318914675335e+00,1.010245471894532510e-01,4.237786085476777487e+00,5.110145250374872709e-03
1.379800000000172934e-08,3.754120592405999712e+00,1.010245484492075102e-01,4.238385680997813765e+00,5.110147634605631713e-03
1.380000000000172996e-08,3.754715867103893157e+00,1.010245497084751448e-01,4.238985276523886014e+00,5.110150019031926144e-03
1.380200000000173057e-08,3.755311143007850738e+00,1.010245509672564462e-01,4.239584872054996012e+00,5.110152403449902576e-03
1.380400000000173118e-08,3.755906420117368416e+00,1.010245522255516643e-01,4.240184467591142869e+00,5.110154787942943096e-03
1.380600000000173180e-08,3.756501698431940817e+00,1.010245534833610626e-01,4.240784063132327475e+00,5.110157172583305006e-03
1.380800000000173241e-08,3.757096977951066119e+00,1.010245547406848771e-01,4.241383658678548052e+00,5.110159557191813924e-03
1.381000000000173302e-08,3.757692258674239394e+00,1.010245559975233853e-01,4.241983254229804601e+00,5.110161941993787878e-03
1.381200000000173364e-08,3.758287540600957932e+00,1.010245572538768372e-01,4.242582849786098897e+00,5.110164326784298779e-03
1.381400000000173425e-08,3.758882823730718581e+00,1.010245585097454962e-01,4.243182445347430942e+00,5.110166711666854975e-03
1.381600000000173486e-08,3.759478108063019075e+00,1.010245597651296123e-01,4.243782040913799847e+00,5.110169096685491553e-03
1.381800000000173548e-08,3.760073393597357594e+00,1.010245610200294630e-01,4.244381636485205611e+00,5.110171481678167996e-03
1.382000000000173609e-08,3.760668680333230540e+00,1.010245622744452704e-01,4.244981232061648235e+00,5.110173866851110830e-03
1.382200000000173670e-08,3.761263968270137426e+00,1.010245635283772980e-01,4.245580827643127719e+00,5.110176252009350148e-03
1.382400000000173732e-08,3.761859257407576429e+00,1.010245647818258513e-01,4.246180423229644951e+00,5.110178637281163547e-03
1.382600000000173793e-08,3.762454547745045730e+00,1.010245660347911245e-01,4.246780018821199043e+00,5.110181022672409187e-03
1.382800000000173855e-08,3.763049839282045284e+00,1.010245672872733952e-01,4.247379614417789995e+00,5.110183408048889729e-03
1.383000000000173916e-08,3.763645132018074158e+00,1.010245685392729548e-01,4.247979210019417806e+00,5.110185793593851819e-03
1.383200000000173977e-08,3.764240425952630975e+00,1.010245697907900114e-01,4.248578805626082477e+00,5.110188179120554210e-03
1.383400000000174039e-08,3.764835721085217468e+00,1.010245710418248427e-01,4.249178401237784897e+00,5.110190564784147967e-03
1.383600000000174100e-08,3.765431017415331372e+00,1.010245722923776984e-01,4.249777996854524176e+00,5.110192950545849877e-03
1.383800000000174161e-08,3.766026314942475306e+00,1.010245735424488145e-01,4.250377592476301203e+00,5.110195336298569389e-03
1.384000000000174223e-08,3.766621613666148782e+00,1.010245747920384823e-01,4.250977188103115090e+00,5.110197722208493012e-03
1.384200000000174284e-08,3.767216913585853977e+00,1.010245760411469518e-01,4.251576783734964948e+00,5.110200108104796454e-03
1.384400000000174345e-08,3.767812214701089957e+00,1.010245772897744726e-01,4.252176379371852555e+00,5.110202494159841839e-03
1.384600000000174407e-08,3.768407517011360230e+00,1.010245785379212530e-01,4.252775975013777909e+00,5.110204880286386454e-03
1.384800000000174468e-08,3.769002820516166086e+00,1.010245797855876260e-01,4.253375570660741012e+00,5.110207266417629568e-03
1.385000000000174529e-08,3.769598125215009699e+00,1.010245810327737997e-01,4.253975166312740086e+00,5.110209652700758998e-03
1.385200000000174591e-08,3.770193431107392357e+00,1.010245822794800519e-01,4.254574761969776908e+00,5.110212038972467008e-03
1.385400000000174652e-08,3.770788738192818457e+00,1.010245835257066044e-01,4.255174357631850590e+00,5.110214425416158973e-03
1.385600000000174713e-08,3.771384046470789730e+00,1.010245847714537348e-01,4.255773953298961132e+00,5.110216811906299027e-03
1.385800000000174775e-08,3.771979355940809242e+00,1.010245860167216930e-01,4.256373548971110310e+00,5.110219198419051201e-03
1.386000000000174836e-08,3.772574666602381388e+00,1.010245872615107288e-01,4.256973144648295460e+00,5.110221585085167675e-03
1.386200000000174897e-08,3.773169978455009232e+00,1.010245885058211057e-01,4.257572740330518357e+00,5.110223971737879942e-03
1.386400000000174959e-08,3.773765291498196728e+00,1.010245897496530598e-01,4.258172336017778115e+00,5.110226358568452538e-03
1.386600000000175020e-08,3.774360605731448715e+00,1.010245909930068686e-01,4.258771931710075620e+00,5.110228745422408340e-03
1.386800000000175081e-08,3.774955921154269145e+00,1.010245922358827680e-01,4.259371527407409985e+00,5.110231132314967811e-03
1.387000000000175143e-08,3.775551237766162860e+00,1.010245934782810079e-01,4.259971123109782098e+00,5.110233519362203901e-03
1.387200000000175204e-08,3.776146555566636032e+00,1.010245947202018379e-01,4.260570718817191072e+00,5.110235906392110103e-03
1.387400000000175266e-08,3.776741874555192169e+00,1.010245959616455219e-01,4.261170314529637793e+00,5.110238293611924290e-03
1.387600000000175327e-08,3.777337194731338776e+00,1.010245972026123373e-01,4.261769910247121373e+00,5.110240680838058075e-03
1.387800000000175388e-08,3.777932516094581139e+00,1.010245984431024785e-01,4.262369505969642702e+00,5.110243068119477497e-03
1.388000000000175450e-08,3.778527838644424541e+00,1.010245996831162230e-01,4.262969101697200891e+00,5.110245455553700036e-03
1.388200000000175511e-08,3.779123162380376932e+00,1.010246009226538483e-01,4.263568697429796828e+00,5.110247842961770752e-03
1.388400000000175572e-08,3.779718487301944041e+00,1.010246021617155626e-01,4.264168293167429624e+00,5.110250230565078523e-03
1.388600000000175634e-08,3.780313813408632928e+00,1.010246034003016574e-01,4.264767888910100169e+00,5.110252618160795145e-03
1.388800000000175695e-08,3.780909140699951987e+00,1.010246046384123686e-01,4.265367484657807573e+00,5.110255005829900977e-03
1.389000000000175756e-08,3.781504469175407390e+00,1.010246058760479321e-01,4.265967080410553613e+00,5.110257393646977855e-03
1.389200000000175818e-08,3.782099798834507087e+00,1.010246071132086115e-01,4.266566676168336514e+00,5.110259781432160107e-03
1.389400000000175879e-08,3.782695129676760804e+00,1.010246083498946706e-01,4.267166271931156274e+00,5.110262169411654808e-03
1.389600000000175940e-08,3.783290461701674712e+00,1.010246095861063453e-01,4.267765867699013782e+00,5.110264557379730690e-03
1.389800000000176002e-08,3.783885794908758538e+00,1.010246108218438715e-01,4.268365463471909038e+00,5.110266945437725965e-03
1.390000000000176063e-08,3.784481129297522006e+00,1.010246120571075268e-01,4.268965059249841154e+00,5.110269333632992510e-03
1.390200000000176124e-08,3.785076464867473067e+00,1.010246132918975331e-01,4.269564655032811018e+00,5.110271721801009151e-03
1.390400000000176186e-08,3.785671801618121002e+00,1.010246145262141682e-01,4.270164250820817742e+00,5.110274110151336556e-03
1.390600000000176247e-08,3.786267139548976868e+00,1.010246157600576677e-01,4.270763846613863102e+00,5.110276498487316930e-03
1.390800000000176308e-08,3.786862478659549502e+00,1.010246169934282817e-01,4.271363442411945321e+00,5.110278886933846895e-03
1.391000000000176370e-08,3.787457818949349964e+00,1.010246182263262738e-01,4.271963038215065289e+00,5.110281275502186540e-03
1.391200000000176431e-08,3.788053160417887977e+00,1.010246194587518659e-01,4.272562634023222117e+00,5.110283664054725457e-03
1.391400000000176492e-08,3.788648503064675488e+00,1.010246206907053218e-01,4.273162229836416692e+00,5.110286052777996725e-03
1.391600000000176554e-08,3.789243846889222223e+00,1.010246219221869191e-01,4.273761825654649016e+00,5.110288441482638798e-03
1.391800000000176615e-08,3.789839191891041015e+00,1.010246231531968658e-01,4.274361421477919087e+00,5.110290830320767842e-03
1.392000000000176677e-08,3.790434538069642478e+00,1.010246243837354119e-01,4.274961017306226019e+00,5.110293219260398159e-03
1.392200000000176738e-08,3.791029885424538115e+00,1.010246256138028209e-01,4.275560613139571586e+00,5.110295608189623605e-03
1.392400000000176799e-08,3.791625233955241203e+00,1.010246268433993289e-01,4.276160208977953125e+00,5.110297997277666454e-03
1.392600000000176861e-08,3.792220583661263245e+00,1.010246280725252133e-01,4.276759804821373301e+00,5.110300386351230434e-03
1.392800000000176922e-08,3.792815934542117517e+00,1.010246293011806823e-01,4.277359400669831224e+00,5.110302775580563041e-03
1.393000000000176983e-08,3.793411286597317300e+00,1.010246305293660135e-01,4.277958996523326007e+00,5.110305164885206065e-03
1.393200000000177045e-08,3.794006639826375427e+00,1.010246317570814290e-01,4.278558592381858539e+00,5.110307554191970657e-03
1.393400000000177106e-08,3.794601994228804287e+00,1.010246329843272062e-01,4.279158188245428818e+00,5.110309943651651123e-03
1.393600000000177167e-08,3.795197349804119824e+00,1.010246342111035672e-01,4.279757784114036845e+00,5.110312333099534601e-03
1.393800000000177229e-08,3.795792706551834428e+00,1.010246354374107619e-01,4.280357379987682620e+00,5.110314722717702006e-03
1.394000000000177290e-08,3.796388064471462709e+00,1.010246366632490539e-01,4.280956975866365255e+00,5.110317112386064502e-03
1.394200000000177351e-08,3.796983423562519722e+00,1.010246378886186791e-01,4.281556571750086526e+00,5.110319502073646866e-03
1.394400000000177413e-08,3.797578783824520077e+00,1.010246391135199012e-01,4.282156167638845545e+00,5.110321891914603072e-03
1.394600000000177474e-08,3.798174145256979717e+00,1.010246403379529562e-01,4.282755763532641424e+00,5.110324281742944369e-03
1.394800000000177535e-08,3.798769507859411476e+00,1.010246415619180660e-01,4.283355359431475939e+00,5.110326671747416477e-03
1.395000000000177597e-08,3.799364871631333518e+00,1.010246427854155082e-01,4.283954955335346426e+00,5.110329061778807157e-03
1.395200000000177658e-08,3.799960236572261341e+00,1.010246440084454911e-01,4.284554551244255549e+00,5.110331451846431006e-03
1.395400000000177719e-08,3.800555602681709555e+00,1.010246452310083060e-01,4.285154147158202420e+00,5.110333842068308201e-03
1.395600000000177781e-08,3.801150969959196768e+00,1.010246464531041749e-01,4.285753743077187927e+00,5.110336232273734146e-03
1.395800000000177842e-08,3.801746338404238035e+00,1.010246476747333477e-01,4.286353339001210294e+00,5.110338622666944774e-03
1.396000000000177903e-08,3.802341708016351074e+00,1.010246488958960603e-01,4.286952934930270409e+00,5.110341013069401479e-03
1.396200000000177965e-08,3.802937078795052717e+00,1.010246501165925626e-01,4.287552530864368272e+00,5.110343403523448860e-03
1.396400000000178026e-08,3.803532450739861570e+00,1.010246513368231180e-01,4.288152126803503883e+00,5.110345794130822378e-03
1.396600000000178088e-08,3.804127823850293577e+00,1.010246525565879488e-01,4.288751722747677242e+00,5.110348184714340845e-03
1.396800000000178149e-08,3.804723198125868233e+00,1.010246537758873187e-01,4.289351318696888349e+00,5.110350575492600238e-03
1.397000000000178210e-08,3.805318573566103701e+00,1.010246549947214495e-01,4.289950914651137204e+00,5.110352966265176676e-03
1.397200000000178272e-08,3.805913950170517701e+00,1.010246562130905912e-01,4.290550510610423807e+00,5.110355357107920944e-03
1.397400000000178333e-08,3.806509327938629283e+00,1.010246574309950074e-01,4.291150106574749046e+00,5.110357748099939902e-03
1.397600000000178394e-08,3.807104706869957944e+00,1.010246586484349202e-01,4.291749702544111145e+00,5.110360139060205614e-03
1.397800000000178456e-08,3.807700086964023178e+00,1.010246598654105932e-01,4.292349298518510992e+00,5.110362530215622513e-03
1.398000000000178517e-08,3.808295468220344482e+00,1.010246610819222485e-01,4.292948894497948586e+00,5.110364921359467939e-03
1.398200000000178578e-08,3.808890850638441350e+00,1.010246622979701636e-01,4.293548490482423929e+00,5.110367312589614991e-03
1.398400000000178640e-08,3.809486234217834166e+00,1.010246635135545190e-01,4.294148086471938797e+00,5.110369703959940710e-03
1.398600000000178701e-08,3.810081618958042871e+00,1.010246647286756200e-01,4.294747682466490524e+00,5.110372095301252311e-03
1.398800000000178762e-08,3.810677004858589623e+00,1.010246659433337024e-01,4.295347278466079111e+00,5.110374486827868809e-03
1.399000000000178824e-08,3.811272391918993030e+00,1.010246671575289745e-01,4.295946874470707222e+00,5.110376878340986556e-03
1.399200000000178885e-08,3.811867780138776585e+00,1.010246683712616861e-01,4.296546470480373081e+00,5.110379269960146215e-03
1.399400000000178946e-08,3.812463169517460226e+00,1.010246695845321008e-01,4.297146066495075800e+00,5.110381661704888577e-03
1.399600000000179008e-08,3.813058560054566559e+00,1.010246707973404545e-01,4.297745662514817155e+00,5.110384053431013020e-03
1.399800000000179069e-08,3.813653951749616855e+00,1.010246720096869832e-01,4.298345258539596259e+00,5.110386445330985378e-03
1.400000000000179130e-08,3.814249344602133718e+00,1.010246732215719367e-01,4.298944854569413110e+00,5.110388837212487267e-03
1.400200000000179192e-08,3.814844738611639308e+00,1.010246744329955509e-01,4.299544450604267709e+00,5.110391229221787103e-03
1.400400000000179253e-08,3.815440133777657561e+00,1.010246756439580618e-01,4.300144046644160056e+00,5.110393621337752483e-03
1.400600000000179314e-08,3.816035530099710638e+00,1.010246768544597329e-01,4.300743642689091040e+00,5.110396013442333740e-03
1.400800000000179376e-08,3.816630927577321142e+00,1.010246780645007725e-01,4.301343238739060659e+00,5.110398405708887863e-03
1.401000000000179437e-08,3.817226326210014342e+00,1.010246792740814581e-01,4.301942834794067139e+00,5.110400797959250944e-03
1.401200000000179499e-08,3.817821725997311511e+00,1.010246804832020118e-01,4.302542430854111366e+00,5.110403190360203636e-03
1.401400000000179560e-08,3.818417126938739692e+00,1.010246816918626694e-01,4.303142026919194230e+00,5.110405582842740373e-03
1.401600000000179621e-08,3.819012529033821046e+00,1.010246829000636809e-01,4.303741622989314841e+00,5.110407975323727134e-03
1.401800000000179683e-08,3.819607932282081286e+00,1.010246841078052821e-01,4.304341219064473201e+00,5.110410367958929945e-03
1.402000000000179744e-08,3.820203336683044792e+00,1.010246853150877089e-01,4.304940815144670196e+00,5.110412760581826627e-03
1.402200000000179805e-08,3.820798742236236833e+00,1.010246865219112250e-01,4.305540411229904940e+00,5.110415153371798865e-03
1.402400000000179867e-08,3.821394148941182234e+00,1.010246877282760386e-01,4.306140007320178320e+00,5.110417546217634402e-03
1.402600000000179928e-08,3.821989556797407595e+00,1.010246889341823995e-01,4.306739603415489448e+00,5.110419939078039882e-03
1.402800000000179989e-08,3.822584965804438184e+00,1.010246901396305713e-01,4.307339199515838324e+00,5.110422332091667415e-03
1.403000000000180051e-08,3.823180375961800603e+00,1.010246913446207623e-01,4.307938795621224948e+00,5.110424725093765108e-03
1.403200000000180112e-08,3.823775787269021009e+00,1.010246925491532360e-01,4.308538391731650208e+00,5.110427118270515628e-03
1.403400000000180173e-08,3.824371199725626003e+00,1.010246937532282008e-01,4.309137987847114104e+00,5.110429511479861603e-03
1.403600000000180235e-08,3.824966613331142185e+00,1.010246949568459202e-01,4.309737583967615748e+00,5.110431904721482108e-03
1.403800000000180296e-08,3.825562028085097044e+00,1.010246961600066440e-01,4.310337180093155141e+00,5.110434298117087944e-03
1.404000000000180357e-08,3.826157443987018958e+00,1.010246973627106082e-01,4.310936776223733169e+00,5.110436691496828866e-03
1.404200000000180419e-08,3.826752861036434084e+00,1.010246985649580070e-01,4.311536372359348057e+00,5.110439085060643032e-03
1.404400000000180480e-08,3.827348279232871242e+00,1.010246997667491181e-01,4.312135968500002470e+00,5.110441478638441670e-03
1.404600000000180541e-08,3.827943698575859255e+00,1.010247009680841773e-01,4.312735564645694630e+00,5.110443872262930391e-03
1.404800000000180603e-08,3.828539119064925167e+00,1.010247021689634206e-01,4.313335160796424539e+00,5.110446266040829383e-03
1.405000000000180664e-08,3.829134540699597800e+00,1.010247033693870838e-01,4.313934756952192195e+00,5.110448659797432042e-03
1.405200000000180725e-08,3.829729963479408195e+00,1.010247045693554169e-01,4.314534353112998488e+00,5.110451053748333271e-03
1.405400000000180787e-08,3.830325387403882953e+00,1.010247057688686279e-01,4.315133949278843417e+00,5.110453447697209210e-03
1.405600000000180848e-08,3.830920812472553560e+00,1.010247069679269805e-01,4.315733545449726982e+00,5.110455841710691456e-03
1.405800000000180910e-08,3.831516238684948394e+00,1.010247081665306967e-01,4.316333141625648295e+00,5.110458235874937652e-03
1.406000000000180971e-08,3.832111666040598941e+00,1.010247093646800404e-01,4.316932737806607356e+00,5.110460630008486181e-03
1.406200000000181032e-08,3.832707094539033132e+00,1.010247105623752195e-01,4.317532333992605054e+00,5.110463024338109637e-03
1.406400000000181094e-08,3.833302524179784232e+00,1.010247117596164701e-01,4.318131930183640499e+00,5.110465418657039391e-03
1.406600000000181155e-08,3.833897954962381949e+00,1.010247129564040558e-01,4.318731526379715469e+00,5.110467813056777768e-03
1.406800000000181216e-08,3.834493386886356880e+00,1.010247141527381848e-01,4.319331122580828186e+00,5.110470207600245791e-03
1.407000000000181278e-08,3.835088819951240513e+00,1.010247153486191207e-01,4.319930718786978652e+00,5.110472602112962372e-03
1.407200000000181339e-08,3.835684254156564332e+00,1.010247165440470579e-01,4.320530314998167754e+00,5.110474996815494997e-03
1.407400000000181400e-08,3.836279689501861156e+00,1.010247177390222878e-01,4.321129911214394603e+00,5.110477391505531541e-03
1.407600000000181462e-08,3.836875125986661583e+00,1.010247189335450185e-01,4.321729507435660089e+00,5.110479786294660695e-03
1.407800000000181523e-08,3.837470563610498431e+00,1.010247201276154999e-01,4.322329103661963323e+00,5.110482181214592336e-03
1.408000000000181584e-08,3.838066002372904961e+00,1.010247213212339262e-01,4.322928699893306081e+00,5.110484576111581391e-03
1.408200000000181646e-08,3.838661442273413549e+00,1.010247225144005750e-01,4.323528296129686588e+00,5.110486971186410828e-03
1.408400000000181707e-08,3.839256883311557456e+00,1.010247237071156684e-01,4.324127892371105730e+00,5.110489366244313700e-03
1.408600000000181768e-08,3.839852325486869500e+00,1.010247248993794422e-01,4.324727488617563509e+00,5.110491761421875195e-03
1.408800000000181830e-08,3.840447768798883832e+00,1.010247260911921185e-01,4.325327084869059036e+00,5.110494156712789594e-03
1.409000000000181891e-08,3.841043213247133714e+00,1.010247272825539472e-01,4.325926681125592310e+00,5.110496551991503683e-03
1.409200000000181952e-08,3.841638658831153741e+00,1.010247284734651779e-01,4.326526277387164221e+00,5.110498947436543926e-03
1.409400000000182014e-08,3.842234105550478507e+00,1.010247296639260051e-01,4.327125873653775656e+00,5.110501342863033904e-03
1.409600000000182075e-08,3.842829553404642606e+00,1.010247308539366923e-01,4.327725469925424839e+00,5.110503738432387033e-03
1.409800000000182136e-08,3.843425002393179302e+00,1.010247320434974616e-01,4.328325066202112659e+00,5.110506134092371658e-03
1.410000000000182198e-08,3.844020452515625852e+00,1.010247332326085629e-01,4.328924662483839114e+00,5.110508529746365415e-03
1.410200000000182259e-08,3.844615903771516852e+00,1.010247344212702320e-01,4.329524258770603318e+00,5.110510925556946589e-03
1.410400000000182321e-08,3.845211356160387783e+00,1.010247356094826632e-01,4.330123855062406157e+00,5.110513321353812172e-03
1.410600000000182382e-08,3.845806809681774574e+00,1.010247367972461341e-01,4.330723451359246745e+00,5.110515717312600313e-03
1.410800000000182443e-08,3.846402264335213594e+00,1.010247379845608529e-01,4.331323047661125969e+00,5.110518113335986955e-03
1.411000000000182505e-08,3.846997720120240327e+00,1.010247391714270693e-01,4.331922643968043829e+00,5.110520509367789607e-03
1.411200000000182566e-08,3.847593177036392920e+00,1.010247403578450193e-01,4.332522240280001213e+00,5.110522905551972972e-03
1.411400000000182627e-08,3.848188635083206854e+00,1.010247415438149110e-01,4.333121836596997234e+00,5.110525301724307308e-03
1.411600000000182689e-08,3.848784094260220279e+00,1.010247427293370082e-01,4.333721432919030114e+00,5.110527698069968275e-03
1.411800000000182750e-08,3.849379554566970008e+00,1.010247439144115189e-01,4.334321029246101631e+00,5.110530094456858415e-03
1.412000000000182811e-08,3.849975016002993744e+00,1.010247450990386792e-01,4.334920625578212672e+00,5.110532490869829254e-03
1.412200000000182873e-08,3.850570478567830079e+00,1.010247462832187526e-01,4.335520221915361461e+00,5.110534887436276284e-03
1.412400000000182934e-08,3.851165942261015385e+00,1.010247474669519474e-01,4.336119818257548886e+00,5.110537283988234904e-03
1.412600000000182995e-08,3.851761407082090027e+00,1.010247486502384856e-01,4.336719414604775835e+00,5.110539680720156339e-03
1.412800000000183057e-08,3.852356873030592155e+00,1.010247498330786031e-01,4.337319010957041421e+00,5.110542077472134646e-03
1.413000000000183118e-08,3.852952340106060358e+00,1.010247510154725359e-01,4.337918607314344754e+00,5.110544474264838190e-03
1.413200000000183179e-08,3.853547808308033229e+00,1.010247521974205198e-01,4.338518203676685836e+00,5.110546871211843652e-03
1.413400000000183241e-08,3.854143277636051135e+00,1.010247533789227770e-01,4.339117800044066442e+00,5.110549268140437626e-03
1.413600000000183302e-08,3.854738748089653111e+00,1.010247545599795432e-01,4.339717396416485684e+00,5.110551665260849516e-03
1.413800000000183363e-08,3.855334219668379969e+00,1.010247557405910546e-01,4.340316992793942674e+00,5.110554062385036164e-03
1.414000000000183425e-08,3.855929692371770301e+00,1.010247569207575469e-01,4.340916589176439189e+00,5.110556459566113936e-03
1.414200000000183486e-08,3.856525166199366250e+00,1.010247581004792422e-01,4.341516185563974339e+00,5.110558856899316549e-03
1.414400000000183547e-08,3.857120641150707296e+00,1.010247592797563626e-01,4.342115781956548126e+00,5.110561254205430587e-03
1.414600000000183609e-08,3.857716117225334695e+00,1.010247604585891579e-01,4.342715378354160549e+00,5.110563651707583990e-03
1.414800000000183670e-08,3.858311594422789259e+00,1.010247616369778501e-01,4.343314974756810720e+00,5.110566049201116685e-03
1.415000000000183732e-08,3.858907072742613131e+00,1.010247628149226612e-01,4.343914571164500416e+00,5.110568446769050803e-03
1.415200000000183793e-08,3.859502552184347124e+00,1.010247639924238411e-01,4.344514167577228747e+00,5.110570844483889111e-03
1.415400000000183854e-08,3.860098032747533381e+00,1.010247651694815979e-01,4.345113763994995715e+00,5.110573242167374027e-03
1.415600000000183916e-08,3.860693514431714934e+00,1.010247663460961814e-01,4.345713360417800430e+00,5.110575640045129757e-03
1.415800000000183977e-08,3.861288997236432596e+00,1.010247675222678138e-01,4.346312956845644671e+00,5.110578037910516042e-03
1.416000000000184038e-08,3.861884481161230731e+00,1.010247686979967030e-01,4.346912553278527547e+00,5.110580435866770611e-03
1.416200000000184100e-08,3.862479966205651039e+00,1.010247698732831267e-01,4.347512149716449947e+00,5.110582833958989338e-03
1.416400000000184161e-08,3.863075452369236551e+00,1.010247710481272654e-01,4.348111746159410096e+00,5.110585232024286891e-03
1.416600000000184222e-08,3.863670939651531633e+00,1.010247722225293965e-01,4.348711342607408881e+00,5.110587630272923031e-03
1.416800000000184284e-08,3.864266428052079316e+00,1.010247733964897004e-01,4.349310939060446302e+00,5.110590028506431515e-03
1.417000000000184345e-08,3.864861917570423522e+00,1.010247745700084271e-01,4.349910535518522359e+00,5.110592426850146981e-03
1.417200000000184406e-08,3.865457408206108170e+00,1.010247757430858123e-01,4.350510131981637940e+00,5.110594825314835124e-03
1.417400000000184468e-08,3.866052899958677624e+00,1.010247769157220782e-01,4.351109728449793046e+00,5.110597223764600308e-03
1.417600000000184529e-08,3.866648392827677139e+00,1.010247780879174467e-01,4.351709324922985900e+00,5.110599622386053677e-03
1.417800000000184590e-08,3.867243886812651077e+00,1.010247792596721400e-01,4.352308921401217390e+00,5.110602020987742473e-03
1.418000000000184652e-08,3.867839381913144248e+00,1.010247804309864356e-01,4.352908517884487516e+00,5.110604419722240832e-03
1.418200000000184713e-08,3.868434878128702792e+00,1.010247816018605277e-01,4.353508114372796278e+00,5.110606818558113829e-03
1.418400000000184774e-08,3.869030375458871074e+00,1.010247827722945968e-01,4.354107710866144565e+00,5.110609217383895071e-03
1.418600000000184836e-08,3.869625873903197455e+00,1.010247839422889482e-01,4.354707307364531488e+00,5.110611616369904915e-03
1.418800000000184897e-08,3.870221373461224523e+00,1.010247851118437484e-01,4.355306903867957935e+00,5.110614015340723786e-03
1.419000000000184958e-08,3.870816874132501528e+00,1.010247862809592612e-01,4.355906500376422130e+00,5.110616414465918300e-03
1.419200000000185020e-08,3.871412375916574167e+00,1.010247874496357223e-01,4.356506096889925850e+00,5.110618813666627930e-03
1.419400000000185081e-08,3.872007878812988579e+00,1.010247886178733401e-01,4.357105693408468206e+00,5.110621212868895341e-03
1.419600000000185143e-08,3.872603382821293128e+00,1.010247897856723365e-01,4.357705289932049197e+00,5.110623612225193187e-03
1.419800000000185204e-08,3.873198887941033508e+00,1.010247909530329613e-01,4.358304886460669714e+00,5.110626011568828418e-03
1.420000000000185265e-08,3.873794394171758526e+00,1.010247921199553950e-01,4.358904482994328866e+00,5.110628411081576637e-03
1.420200000000185327e-08,3.874389901513015655e+00,1.010247932864399151e-01,4.359504079533025767e+00,5.110630810645597211e-03
1.420400000000185388e-08,3.874985409964352367e+00,1.010247944524867159e-01,4.360103676076763080e+00,5.110633210227398700e-03
1.420600000000185449e-08,3.875580919525318802e+00,1.010247956180960333e-01,4.360703272625539029e+00,5.110635609962699798e-03
1.420800000000185511e-08,3.876176430195460654e+00,1.010247967832681032e-01,4.361302869179353614e+00,5.110638009685495274e-03
1.421000000000185572e-08,3.876771941974329838e+00,1.010247979480031200e-01,4.361902465738206836e+00,5.110640409584075484e-03
1.421200000000185633e-08,3.877367454861472496e+00,1.010247991123013472e-01,4.362502062302098693e+00,5.110642809511551851e-03
1.421400000000185695e-08,3.877962968856440096e+00,1.010248002761630071e-01,4.363101658871030075e+00,5.110645209473578705e-03
1.421600000000185756e-08,3.878558483958781888e+00,1.010248014395882937e-01,4.363701255445000982e+00,5.110647609589615177e-03
1.421800000000185817e-08,3.879154000168045791e+00,1.010248026025774570e-01,4.364300852024011412e+00,5.110650009689345248e-03
1.422000000000185879e-08,3.879749517483783716e+00,1.010248037651307190e-01,4.364900448608059591e+00,5.110652409975403702e-03
1.422200000000185940e-08,3.880345035905545359e+00,1.010248049272483156e-01,4.365500045197146406e+00,5.110654810272552244e-03
1.422400000000186001e-08,3.880940555432880856e+00,1.010248060889304550e-01,4.366099641791272745e+00,5.110657210618349371e-03
1.422600000000186063e-08,3.881536076065341234e+00,1.010248072501773592e-01,4.366699238390438609e+00,5.110659611117321713e-03
1.422800000000186124e-08,3.882131597802477518e+00,1.010248084109892641e-01,4.367298834994642220e+00,5.110662011594028012e-03
1.423000000000186185e-08,3.882727120643840735e+00,1.010248095713663780e-01,4.367898431603886245e+00,5.110664412265443143e-03
1.423200000000186247e-08,3.883322644588983241e+00,1.010248107313089366e-01,4.368498028218168905e+00,5.110666812932843257e-03
1.423400000000186308e-08,3.883918169637455176e+00,1.010248118908171761e-01,4.369097624837491090e+00,5.110669213667007674e-03
1.423600000000186369e-08,3.884513695788809784e+00,1.010248130498913044e-01,4.369697221461851022e+00,5.110671614551098169e-03
1.423800000000186431e-08,3.885109223042598536e+00,1.010248142085315437e-01,4.370296818091250479e+00,5.110674015404146654e-03
1.424000000000186492e-08,3.885704751398374679e+00,1.010248153667381021e-01,4.370896414725689461e+00,5.110676416453445274e-03
1.424200000000186554e-08,3.886300280855689682e+00,1.010248165245112573e-01,4.371496011365167078e+00,5.110678817491503753e-03
1.424400000000186615e-08,3.886895811414097235e+00,1.010248176818511895e-01,4.372095608009683332e+00,5.110681218612011037e-03
1.424600000000186676e-08,3.887491343073150141e+00,1.010248188387581486e-01,4.372695204659239998e+00,5.110683619874784728e-03
1.424800000000186738e-08,3.888086875832402978e+00,1.010248199952323428e-01,4.373294801313835301e+00,5.110686021107360352e-03
1.425000000000186799e-08,3.888682409691408104e+00,1.010248211512739663e-01,4.373894397973469239e+00,5.110688422529286248e-03
1.425200000000186860e-08,3.889277944649719210e+00,1.010248223068832968e-01,4.374493994638142702e+00,5.110690823937935438e-03
1.425400000000186922e-08,3.889873480706890874e+00,1.010248234620605146e-01,4.375093591307855689e+00,5.110693225446969606e-03
1.425600000000186983e-08,3.890469017862477674e+00,1.010248246168058417e-01,4.375693187982607313e+00,5.110695627085350828e-03
1.425800000000187044e-08,3.891064556116034190e+00,1.010248257711195419e-01,4.376292784662398461e+00,5.110698028701673307e-03
1.426000000000187106e-08,3.891660095467114999e+00,1.010248269250018233e-01,4.376892381347228245e+00,5.110700430495896014e-03
1.426200000000187167e-08,3.892255635915275569e+00,1.010248280784528940e-01,4.377491978037097553e+00,5.110702832272371633e-03
1.426400000000187228e-08,3.892851177460070033e+00,1.010248292314729485e-01,4.378091574732006386e+00,5.110705234169299511e-03
1.426600000000187290e-08,3.893446720101055636e+00,1.010248303840622641e-01,4.378691171431953855e+00,5.110707636178379865e-03
1.426800000000187351e-08,3.894042263837787843e+00,1.010248315362210214e-01,4.379290768136939960e+00,5.110710038175881806e-03
1.427000000000187412e-08,3.894637808669821233e+00,1.010248326879494563e-01,4.379890364846965589e+00,5.110712440339912864e-03
1.427200000000187474e-08,3.895233354596713493e+00,1.010248338392477907e-01,4.380489961562031631e+00,5.110714842484955639e-03
1.427400000000187535e-08,3.895828901618020979e+00,1.010248349901162468e-01,4.381089558282136309e+00,5.110717244773387187e-03
1.427600000000187596e-08,3.896424449733299600e+00,1.010248361405550466e-01,4.381689155007280512e+00,5.110719647151320058e-03
1.427800000000187658e-08,3.897019998942107488e+00,1.010248372905644121e-01,4.382288751737464239e+00,5.110722049523434667e-03
1.428000000000187719e-08,3.897615549244000555e+00,1.010248384401445654e-01,4.382888348472685713e+00,5.110724452052763794e-03
1.428200000000187780e-08,3.898211100638538262e+00,1.010248395892957146e-01,4.383487945212946713e+00,5.110726854567976610e-03
1.428400000000187842e-08,3.898806653125276078e+00,1.010248407380180957e-01,4.384087541958247236e+00,5.110729257244830091e-03
1.428600000000187903e-08,3.899402206703773022e+00,1.010248418863119169e-01,4.384687138708587284e+00,5.110731659985628950e-03
1.428800000000187965e-08,3.899997761373588112e+00,1.010248430341774140e-01,4.385286735463967744e+00,5.110734062734952239e-03
1.429000000000188026e-08,3.900593317134278593e+00,1.010248441816147952e-01,4.385886332224386841e+00,5.110736465636888694e-03
1.429200000000188087e-08,3.901188873985403038e+00,1.010248453286242826e-01,4.386485928989844574e+00,5.110738868526551980e-03
1.429400000000188149e-08,3.901784431926520469e+00,1.010248464752060982e-01,4.387085525760341831e+00,5.110741271589653786e-03
1.429600000000188210e-08,3.902379990957190348e+00,1.010248476213604640e-01,4.387685122535878612e+00,5.110743674694013389e-03
1.429800000000188271e-08,3.902975551076973026e+00,1.010248487670875883e-01,4.388284719316454030e+00,5.110746077824065980e-03
1.430000000000188333e-08,3.903571112285425304e+00,1.010248499123877070e-01,4.388884316102069860e+00,5.110748481107494148e-03
1.430200000000188394e-08,3.904166674582109753e+00,1.010248510572610142e-01,4.389483912892725215e+00,5.110750884376223137e-03
1.430400000000188455e-08,3.904762237966585392e+00,1.010248522017077460e-01,4.390083509688419205e+00,5.110753287824866369e-03
1.430600000000188517e-08,3.905357802438412573e+00,1.010248533457281245e-01,4.390683106489152721e+00,5.110755691294243015e-03
1.430800000000188578e-08,3.905953367997152093e+00,1.010248544893223716e-01,4.391282703294925760e+00,5.110758094803618916e-03
1.431000000000188639e-08,3.906548934642363413e+00,1.010248556324906677e-01,4.391882300105738324e+00,5.110760498467212601e-03
1.431200000000188701e-08,3.907144502373609551e+00,1.010248567752332904e-01,4.392481896921589524e+00,5.110762902112666282e-03
1.431400000000188762e-08,3.907740071190451303e+00,1.010248579175504202e-01,4.393081493742481136e+00,5.110765305949479045e-03
1.431600000000188823e-08,3.908335641092448576e+00,1.010248590594422791e-01,4.393681090568412273e+00,5.110767709790730098e-03
1.431800000000188885e-08,3.908931212079164830e+00,1.010248602009090890e-01,4.394280687399382046e+00,5.110770113687242502e-03
1.432000000000188946e-08,3.909526784150160861e+00,1.010248613419510721e-01,4.394880284235391343e+00,5.110772517736002045e-03
1.432200000000189007e-08,3.910122357305000573e+00,1.010248624825684505e-01,4.395479881076441053e+00,5.110774921758739868e-03
1.432400000000189069e-08,3.910717931543244763e+00,1.010248636227614322e-01,4.396079477922529399e+00,5.110777325977334910e-03
1.432600000000189130e-08,3.911313506864456446e+00,1.010248647625302254e-01,4.396679074773657270e+00,5.110779730187782824e-03
1.432800000000189191e-08,3.911909083268198195e+00,1.010248659018750800e-01,4.397278671629824665e+00,5.110782134471387496e-03
1.433000000000189253e-08,3.912504660754034358e+00,1.010248670407961763e-01,4.397878268491031584e+00,5.110784538902219017e-03
1.433200000000189314e-08,3.913100239321527507e+00,1.010248681792937503e-01,4.398477865357278027e+00,5.110786943301786484e-03
1.433400000000189376e-08,3.913695818970241547e+00,1.010248693173680240e-01,4.399077462228563995e+00,5.110789347896349880e-03
1.433600000000189437e-08,3.914291399699739493e+00,1.010248704550192056e-01,4.399677059104889487e+00,5.110791752478420664e-03
1.433800000000189498e-08,3.914886981509585695e+00,1.010248715922475032e-01,4.400276655986254504e+00,5.110794157149556489e-03
1.434000000000189560e-08,3.915482564399345833e+00,1.010248727290531529e-01,4.400876252872658156e+00,5.110796561957506486e-03
1.434200000000189621e-08,3.916078148368583367e+00,1.010248738654363626e-01,4.401475849764102222e+00,5.110798966737537842e-03
1.434400000000189682e-08,3.916673733416861758e+00,1.010248750013973407e-01,4.402075446660585811e+00,5.110801371703005067e-03
1.434600000000189744e-08,3.917269319543748463e+00,1.010248761369363230e-01,4.402675043562109813e+00,5.110803776653414891e-03
1.434800000000189805e-08,3.917864906748807829e+00,1.010248772720534899e-01,4.403274640468672452e+00,5.110806181711442624e-03
1.435000000000189866e-08,3.918460495031604207e+00,1.010248784067490913e-01,4.403874237380274614e+00,5.110808586892187297e-03
1.435200000000189928e-08,3.919056084391705053e+00,1.010248795410233491e-01,4.404473834296917190e+00,5.110810992056253471e-03
1.435400000000189989e-08,3.919651674828674714e+00,1.010248806748764439e-01,4.405073431218598401e+00,5.110813397394620324e-03
1.435600000000190050e-08,3.920247266342080650e+00,1.010248818083085975e-01,4.405673028145320025e+00,5.110815802712956324e-03
1.435800000000190112e-08,3.920842858931488095e+00,1.010248829413200600e-01,4.406272625077081173e+00,5.110818208160352281e-03
1.436000000000190173e-08,3.921438452596464952e+00,1.010248840739109977e-01,4.406872222013880958e+00,5.110820613712168184e-03
1.436200000000190234e-08,3.922034047336577789e+00,1.010248852060816604e-01,4.407471818955721155e+00,5.110823019253273036e-03
1.436400000000190296e-08,3.922629643151392731e+00,1.010248863378322426e-01,4.408071415902600876e+00,5.110825424957187758e-03
1.436600000000190357e-08,3.923225240040477679e+00,1.010248874691630078e-01,4.408671012854520121e+00,5.110827830644512453e-03
1.436800000000190418e-08,3.923820838003400091e+00,1.010248886000741086e-01,4.409270609811479780e+00,5.110830236482568137e-03
1.437000000000190480e-08,3.924416437039728311e+00,1.010248897305657811e-01,4.409870206773478074e+00,5.110832642400528654e-03
1.437200000000190541e-08,3.925012037149029798e+00,1.010248908606382473e-01,4.410469803740515893e+00,5.110835048317496042e-03
1.437400000000190602e-08,3.925607638330872895e+00,1.010248919902917153e-01,4.411069400712594124e+00,5.110837454389429747e-03
1.437600000000190664e-08,3.926203240584826837e+00,1.010248931195264072e-01,4.411668997689711880e+00,5.110839860448049450e-03
1.437800000000190725e-08,3.926798843910458636e+00,1.010248942483425033e-01,4.412268594671869160e+00,5.110842266673468019e-03
1.438000000000190787e-08,3.927394448307338415e+00,1.010248953767402535e-01,4.412868191659066852e+00,5.110844672954186971e-03
1.438200000000190848e-08,3.927990053775035850e+00,1.010248965047198799e-01,4.413467788651304069e+00,5.110847079249339689e-03
1.438400000000190909e-08,3.928585660313118844e+00,1.010248976322815628e-01,4.414067385648580810e+00,5.110849485697793390e-03
1.438600000000190971e-08,3.929181267921158849e+00,1.010248987594255243e-01,4.414666982650897076e+00,5.110851892133721520e-03
1.438800000000191032e-08,3.929776876598723767e+00,1.010248998861519865e-01,4.415266579658253754e+00,5.110854298744559217e-03
1.439000000000191093e-08,3.930372486345385497e+00,1.010249010124611713e-01,4.415866176670649956e+00,5.110856705389118203e-03
1.439200000000191155e-08,3.930968097160713715e+00,1.010249021383532730e-01,4.416465773688085683e+00,5.110859112065036652e-03
1.439400000000191216e-08,3.931563709044277655e+00,1.010249032638285138e-01,4.417065370710560934e+00,5.110861518894374914e-03
1.439600000000191277e-08,3.932159321995650103e+00,1.010249043888871018e-01,4.417664967738076598e+00,5.110863925707630553e-03
1.439800000000191339e-08,3.932754936014401625e+00,1.010249055135292590e-01,4.418264564770630898e+00,5.110866332704622032e-03
1.440000000000191400e-08,3.933350551100102788e+00,1.010249066377551797e-01,4.418864161808226498e+00,5.110868739716650094e-03
1.440200000000191461e-08,3.933946167252324599e+00,1.010249077615650859e-01,4.419463758850860735e+00,5.110871146772957840e-03
1.440400000000191523e-08,3.934541784470640291e+00,1.010249088849591997e-01,4.420063355898535384e+00,5.110873553982185798e-03
1.440600000000191584e-08,3.935137402754621316e+00,1.010249100079377155e-01,4.420662952951250446e+00,5.110875961171372495e-03
1.440800000000191645e-08,3.935733022103839129e+00,1.010249111305008690e-01,4.421262550009004144e+00,5.110878368554849088e-03
1.441000000000191707e-08,3.936328642517866516e+00,1.010249122526488408e-01,4.421862147071798255e+00,5.110880775937868582e-03
1.441200000000191768e-08,3.936924263996275819e+00,1.010249133743818528e-01,4.422461744139631890e+00,5.110883183381754319e-03
1.441400000000191829e-08,3.937519886538640268e+00,1.010249144957001272e-01,4.423061341212505937e+00,5.110885590976303391e-03
1.441600000000191891e-08,3.938115510144533093e+00,1.010249156166038859e-01,4.423660938290420397e+00,5.110887998542416009e-03
1.441800000000191952e-08,3.938711134813526638e+00,1.010249167370933093e-01,4.424260535373374381e+00,5.110890406305696430e-03
1.442000000000192013e-08,3.939306760545195907e+00,1.010249178571686335e-01,4.424860132461367890e+00,5.110892814058353405e-03
1.442200000000192075e-08,3.939902387339113687e+00,1.010249189768300387e-01,4.425459729554400923e+00,5.110895221888418077e-03
1.442400000000192136e-08,3.940498015194854542e+00,1.010249200960777749e-01,4.426059326652474368e+00,5.110897629863446652e-03
1.442600000000192198e-08,3.941093644111991257e+00,1.010249212149120224e-01,4.426658923755588226e+00,5.110900037807768886e-03
1.442800000000192259e-08,3.941689274090099726e+00,1.010249223333330171e-01,4.427258520863741609e+00,5.110902445945321969e-03
1.443000000000192320e-08,3.942284905128754957e+00,1.010249234513409256e-01,4.427858117976934516e+00,5.110904854069206298e-03
1.443200000000192382e-08,3.942880537227529736e+00,1.010249245689360253e-01,4.428457715095167835e+00,5.110907262287014627e-03
1.443400000000192443e-08,3.943476170386000845e+00,1.010249256861184552e-01,4.429057312218441567e+00,5.110909670638162476e-03
1.443600000000192504e-08,3.944071804603743736e+00,1.010249268028884650e-01,4.429656909346753935e+00,5.110912078963756114e-03
1.443800000000192566e-08,3.944667439880332971e+00,1.010249279192462768e-01,4.430256506480107603e+00,5.110914487472356139e-03
1.444000000000192627e-08,3.945263076215344888e+00,1.010249290351920570e-01,4.430856103618500796e+00,5.110916895964410372e-03
1.444200000000192688e-08,3.945858713608355828e+00,1.010249301507260694e-01,4.431455700761934402e+00,5.110919304568831319e-03
1.444400000000192750e-08,3.946454352058941240e+00,1.010249312658484666e-01,4.432055297910407532e+00,5.110921713291768573e-03
1.444600000000192811e-08,3.947049991566678351e+00,1.010249323805594845e-01,4.432654895063920186e+00,5.110924122001286006e-03
1.444800000000192872e-08,3.947645632131143500e+00,1.010249334948593591e-01,4.433254492222474141e+00,5.110926530881680641e-03
1.445000000000192934e-08,3.948241273751913916e+00,1.010249346087482708e-01,4.433854089386066732e+00,5.110928939741567374e-03
1.445200000000192995e-08,3.948836916428565935e+00,1.010249357222264138e-01,4.434453686554699736e+00,5.110931348736615087e-03
1.445400000000193056e-08,3.949432560160677674e+00,1.010249368352940241e-01,4.435053283728373152e+00,5.110933757830003407e-03
1.445600000000193118e-08,3.950028204947826360e+00,1.010249379479513099e-01,4.435652880907086981e+00,5.110936166914318256e-03
1.445800000000193179e-08,3.950623850789589664e+00,1.010249390601984654e-01,4.436252478090840334e+00,5.110938576159265029e-03
1.446000000000193240e-08,3.951219497685546145e+00,1.010249401720356988e-01,4.436852075279634100e+00,5.110940985388761487e-03
1.446200000000193302e-08,3.951815145635274362e+00,1.010249412834632321e-01,4.437451672473467390e+00,5.110943394773246815e-03
1.446400000000193363e-08,3.952410794638351987e+00,1.010249423944812458e-01,4.438051269672341093e+00,5.110945804230496853e-03
1.446600000000193424e-08,3.953006444694358468e+00,1.010249435050900035e-01,4.438650866876255208e+00,5.110948213690617858e-03
1.446800000000193486e-08,3.953602095802871474e+00,1.010249446152896441e-01,4.439250464085209735e+00,5.110950623305405942e-03
1.447000000000193547e-08,3.954197747963471343e+00,1.010249457250804173e-01,4.439850061299203787e+00,5.110953032906847930e-03
1.447200000000193609e-08,3.954793401175737522e+00,1.010249468344625035e-01,4.440449658518237364e+00,5.110955442677442805e-03
1.447400000000193670e-08,3.955389055439248569e+00,1.010249479434361386e-01,4.441049255742311352e+00,5.110957852497714955e-03
1.447600000000193731e-08,3.955984710753585265e+00,1.010249490520015309e-01,4.441648852971426642e+00,5.110960262336364766e-03
1.447800000000193793e-08,3.956580367118327501e+00,1.010249501601588745e-01,4.442248450205581456e+00,5.110962672328686791e-03
1.448000000000193854e-08,3.957176024533055170e+00,1.010249512679083500e-01,4.442848047444775794e+00,5.110965082307869153e-03
1.448200000000193915e-08,3.957771682997349494e+00,1.010249523752502071e-01,4.443447644689011433e+00,5.110967492463304625e-03
1.448400000000193977e-08,3.958367342510790365e+00,1.010249534821846262e-01,4.444047241938286597e+00,5.110969902647440229e-03
1.448600000000194038e-08,3.958963003072958564e+00,1.010249545887118294e-01,4.444646839192601284e+00,5.110972312866077748e-03
1.448800000000194099e-08,3.959558664683436202e+00,1.010249556948320249e-01,4.445246436451957273e+00,5.110974723238377072e-03
1.449000000000194161e-08,3.960154327341804947e+00,1.010249568005454068e-01,4.445846033716353674e+00,5.110977133594131472e-03
1.449200000000194222e-08,3.960749991047645580e+00,1.010249579058521974e-01,4.446445630985789599e+00,5.110979544136677426e-03
1.449400000000194283e-08,3.961345655800539767e+00,1.010249590107525769e-01,4.447045228260265937e+00,5.110981954690365509e-03
1.449600000000194345e-08,3.961941321600069177e+00,1.010249601152467674e-01,4.447644825539781799e+00,5.110984365291558126e-03
1.449800000000194406e-08,3.962536988445817698e+00,1.010249612193349772e-01,4.448244422824338962e+00,5.110986776045347429e-03
1.450000000000194467e-08,3.963132656337366999e+00,1.010249623230174004e-01,4.448844020113936537e+00,5.110989186777448352e-03
1.450200000000194529e-08,3.963728325274299191e+00,1.010249634262942731e-01,4.449443617408573637e+00,5.110991597704560817e-03
1.450400000000194590e-08,3.964323995256198163e+00,1.010249645291657616e-01,4.450043214708251149e+00,5.110994008627934952e-03
1.450600000000194651e-08,3.964919666282646027e+00,1.010249656316320882e-01,4.450642812012969074e+00,5.110996419616329993e-03
1.450800000000194713e-08,3.965515338353228003e+00,1.010249667336934609e-01,4.451242409322728300e+00,5.110998830754533151e-03
1.451000000000194774e-08,3.966111011467525760e+00,1.010249678353500741e-01,4.451842006637527049e+00,5.111001241862947637e-03
1.451200000000194835e-08,3.966706685625124074e+00,1.010249689366021358e-01,4.452441603957365324e+00,5.111003653168469212e-03
1.451400000000194897e-08,3.967302360825606389e+00,1.010249700374498821e-01,4.453041201282244010e+00,5.111006064462442731e-03
1.451600000000194958e-08,3.967898037068557482e+00,1.010249711378934656e-01,4.453640798612163110e+00,5.111008475837075689e-03
1.451800000000195020e-08,3.968493714353562130e+00,1.010249722379331083e-01,4.454240395947123510e+00,5.111010887354361029e-03
1.452000000000195081e-08,3.969089392680204220e+00,1.010249733375690323e-01,4.454839993287123434e+00,5.111013298841324271e-03
1.452200000000195142e-08,3.969685072048069863e+00,1.010249744368014457e-01,4.455439590632164659e+00,5.111015710519905934e-03
1.452400000000195204e-08,3.970280752456742501e+00,1.010249755356305290e-01,4.456039187982245409e+00,5.111018122184570779e-03
1.452600000000195265e-08,3.970876433905808245e+00,1.010249766340565181e-01,4.456638785337365682e+00,5.111020533946656827e-03
1.452800000000195326e-08,3.971472116394854091e+00,1.010249777320795656e-01,4.457238382697527257e+00,5.111022945839409186e-03
1.453000000000195388e-08,3.972067799923463927e+00,1.010249788296999074e-01,4.457837980062730132e+00,5.111025357708538948e-03
1.453200000000195449e-08,3.972663484491224750e+00,1.010249799269177379e-01,4.458437577432972532e+00,5.111027769758674094e-03
1.453400000000195510e-08,3.973259170097722226e+00,1.010249810237332790e-01,4.459037174808254456e+00,5.111030181791171439e-03
1.453600000000195572e-08,3.973854856742543351e+00,1.010249821201466974e-01,4.459636772188578568e+00,5.111032593939792909e-03
1.453800000000195633e-08,3.974450544425275123e+00,1.010249832161582428e-01,4.460236369573943094e+00,5.111035006203539302e-03
1.454000000000195694e-08,3.975046233145502761e+00,1.010249843117680818e-01,4.460835966964347143e+00,5.111037418455225897e-03
1.454200000000195756e-08,3.975641922902815040e+00,1.010249854069764502e-01,4.461435564359790718e+00,5.111039830876318649e-03
1.454400000000195817e-08,3.976237613696798956e+00,1.010249865017835147e-01,4.462035161760276480e+00,5.111042243276963347e-03
1.454600000000195878e-08,3.976833305527042395e+00,1.010249875961895250e-01,4.462634759165801768e+00,5.111044655816510823e-03
1.454800000000195940e-08,3.977428998393132353e+00,1.010249886901946337e-01,4.463234356576367468e+00,5.111047068450181793e-03
1.455000000000196001e-08,3.978024692294656273e+00,1.010249897837990490e-01,4.463833953991973580e+00,5.111049481075683951e-03
1.455200000000196062e-08,3.978620387231204258e+00,1.010249908770029931e-01,4.464433551412620993e+00,5.111051893860919446e-03
1.455400000000196124e-08,3.979216083202362864e+00,1.010249919698066601e-01,4.465033148838308819e+00,5.111054306631271880e-03
1.455600000000196185e-08,3.979811780207722194e+00,1.010249930622102582e-01,4.465632746269037057e+00,5.111056719558880468e-03
1.455800000000196247e-08,3.980407478246870134e+00,1.010249941542140095e-01,4.466232343704804819e+00,5.111059132555170227e-03
1.456000000000196308e-08,3.981003177319395903e+00,1.010249952458180528e-01,4.466831941145613882e+00,5.111061545556678035e-03
1.456200000000196369e-08,3.981598877424889160e+00,1.010249963370226378e-01,4.467431538591463358e+00,5.111063958712686386e-03
1.456400000000196431e-08,3.982194578562939569e+00,1.010249974278279728e-01,4.468031136042353246e+00,5.111066371855397215e-03
1.456600000000196492e-08,3.982790280733136790e+00,1.010249985182342242e-01,4.468630733498283547e+00,5.111068785168718098e-03
1.456800000000196553e-08,3.983385983935069152e+00,1.010249996082416418e-01,4.469230330959255149e+00,5.111071198528512223e-03
1.457000000000196615e-08,3.983981688168328983e+00,1.010250006978503506e-01,4.469829928425267163e+00,5.111073611909015477e-03
1.457200000000196676e-08,3.984577393432505943e+00,1.010250017870606282e-01,4.470429525896319589e+00,5.111076025443175332e-03
1.457400000000196737e-08,3.985173099727191026e+00,1.010250028758726409e-01,4.471029123372412428e+00,5.111078438963295202e-03
1.457600000000196799e-08,3.985768807051974338e+00,1.010250039642866110e-01,4.471628720853545680e+00,5.111080852660775803e-03
1.457800000000196860e-08,3.986364515406446429e+00,1.010250050523026910e-01,4.472228318339719344e+00,5.111083266384363992e-03
1.458000000000196921e-08,3.986960224790200513e+00,1.010250061399211308e-01,4.472827915830934309e+00,5.111085680143984990e-03
1.458200000000196983e-08,3.987555935202825363e+00,1.010250072271421107e-01,4.473427513327189686e+00,5.111088094057950407e-03
1.458400000000197044e-08,3.988151646643914194e+00,1.010250083139658250e-01,4.474027110828486364e+00,5.111090507954986657e-03
1.458600000000197105e-08,3.988747359113059776e+00,1.010250094003924820e-01,4.474626708334822567e+00,5.111092922040054790e-03
1.458800000000197167e-08,3.989343072609853103e+00,1.010250104864222898e-01,4.475226305846199182e+00,5.111095336134107055e-03
1.459000000000197228e-08,3.989938787133886056e+00,1.010250115720554426e-01,4.475825903362617986e+00,5.111097750277342200e-03
1.459200000000197289e-08,3.990534502684751406e+00,1.010250126572921209e-01,4.476425500884076314e+00,5.111100164573126325e-03
1.459400000000197351e-08,3.991130219262042811e+00,1.010250137421325467e-01,4.477025098410575055e+00,5.111102578846217666e-03
1.459600000000197412e-08,3.991725936865352153e+00,1.010250148265769282e-01,4.477624695942115096e+00,5.111104993314590297e-03
1.459800000000197473e-08,3.992321655494273536e+00,1.010250159106254181e-01,4.478224293478696438e+00,5.111107407777863709e-03
1.460000000000197535e-08,3.992917375148400172e+00,1.010250169942782800e-01,4.478823891020317305e+00,5.111109822308157295e-03
1.460200000000197596e-08,3.993513095827324832e+00,1.010250180775356665e-01,4.479423488566979472e+00,5.111112236987450617e-03
1.460400000000197658e-08,3.994108817530642064e+00,1.010250191603977998e-01,4.480023086118682052e+00,5.111114651636377605e-03
1.460600000000197719e-08,3.994704540257945968e+00,1.010250202428648464e-01,4.480622683675425044e+00,5.111117066482465457e-03
1.460800000000197780e-08,3.995300264008830204e+00,1.010250213249370421e-01,4.481222281237209337e+00,5.111119481316794486e-03
1.461000000000197842e-08,3.995895988782890207e+00,1.010250224066145674e-01,4.481821878804034043e+00,5.111121896233308641e-03
1.461200000000197903e-08,3.996491714579719634e+00,1.010250234878976167e-01,4.482421476375900049e+00,5.111124311291062247e-03
1.461400000000197964e-08,3.997087441398913032e+00,1.010250245687864395e-01,4.483021073952806468e+00,5.111126726318910955e-03
1.461600000000198026e-08,3.997683169240067613e+00,1.010250256492811471e-01,4.483620671534753299e+00,5.111129141537813433e-03
1.461800000000198087e-08,3.998278898102776591e+00,1.010250267293819892e-01,4.484220269121741431e+00,5.111131556742308166e-03
1.462000000000198148e-08,3.998874627986636288e+00,1.010250278090891463e-01,4.484819866713770864e+00,5.111133972045670860e-03
1.462200000000198210e-08,3.999470358891243027e+00,1.010250288884028541e-01,4.485419464310839821e+00,5.111136387478460406e-03
1.462400000000198271e-08,4.000066090816191355e+00,1.010250299673232655e-01,4.485719263110635069e+00,5.111137595141090895e-03
