0.000000000000000000e+00,-1.043742094826953052e-06,-9.009659547019939377e-06,4.794759123008173959e-04,1.001388615971359180e-03,1.004375000797207195e-03,1.002251508800166141e-01,4.632741015664500933e-11,2.058811102086952063e-09,1.989797529215079352e-01,1.800992140447214796e-04,1.796047383832589245e-04,9.999227176103128029e-03
0.000000000000000000e+00,-1.043736328807959233e-06,-9.009662653286188981e-06,1.649206542099291954e-03,1.001840622221311520e-03,1.004824156485110975e-03,1.002257865105456586e-01,4.632741015664500933e-11,2.058811102086952063e-09,1.989797529215079352e-01,1.800992140447214796e-04,1.796047383832589245e-04,9.999227176103128029e-03
1.999999999999999879e-11,-1.043726510658322353e-06,-9.009658911070252097e-06,2.819377776022465119e-03,1.003233686187581441e-03,1.006208467186564797e-03,1.002277480403676591e-01,-5.662873043835505812e-10,5.267985916400203182e-09,1.990590873851134368e-01,3.635827533259259345e-04,3.625930920391576837e-04,1.013220538567730263e-02
3.999999999999999758e-11,-1.043712722124981029e-06,-9.009648163873897874e-06,3.989996547711865439e-03,1.005567277272724491e-03,1.008527495371412024e-03,1.002310527876001806e-01,-1.180742412123289895e-09,8.489555876344061503e-09,1.991405835717514061e-01,5.465627444589620356e-04,5.450969104771940859e-04,1.035378119355471679e-02
5.999999999999999960e-11,-1.043695099410712900e-06,-9.009630248408906562e-06,5.161073587046414481e-03,1.008840494524447648e-03,1.011780492863897799e-03,1.002357280340211432e-01,-1.798279357875764991e-09,1.172793026530851840e-08,1.992240622624761315e-01,7.287877138395617346e-04,7.268746470432394836e-04,1.066057734748710947e-02
7.999999999999999516e-11,-1.043673772059941556e-06,-9.009604920588499172e-06,6.332613386241850960e-03,1.013052035401044255e-03,1.015966372414139115e-03,1.002417863489766803e-01,-2.425062539915393529e-09,1.498408736491238322e-08,1.993093441689028633e-01,9.100104843076825501e-04,9.076881337605495394e-04,1.104758850653445902e-02
9.999999999999999072e-11,-1.043648991911695016e-06,-9.009571958732391509e-06,7.504624238114205106e-03,1.018200162783500576e-03,1.021083666412015084e-03,1.002492501827335764e-01,-3.071654130516768504e-09,1.825486184591540544e-08,1.993973241765353011e-01,1.089991952146427030e-03,1.087305791918140221e-03,1.150898664444091266e-02
1.199999999999999992e-10,-1.043621127146757917e-06,-9.009531082107073200e-06,8.677120334322514089e-03,1.024282677941342661e-03,1.027130500579601872e-03,1.002581568405243179e-01,-3.745106809155003325e-09,2.153520890098077087e-08,1.994880019110145675e-01,1.268503747722936337e-03,1.265506967030616617e-03,1.203859887164914454e-02
1.400000000000000077e-10,-1.043590538791847092e-06,-9.009482105624925323e-06,9.850109524419208701e-03,1.031296871909886427e-03,1.034104556752461291e-03,1.002685288298481997e-01,-4.442854289846480758e-09,2.481101711944679132e-08,1.995811979029278316e-01,1.445328990416638306e-03,1.442081586106794830e-03,1.263057928042556240e-02
1.600000000000000162e-10,-1.043557261311389348e-06,-9.009425021734915120e-06,1.102360350017743233e-02,1.039239482595793150e-03,1.042003016424063828e-03,1.002803984944595633e-01,-5.172198983567725099e-09,2.809329851683314832e-08,1.996774487900275785e-01,1.620260026752358027e-03,1.616824724692096258e-03,1.327901911329813084e-02
1.800000000000000247e-10,-1.043521498702529018e-06,-9.009359424490107521e-06,1.219761572563383620e-02,1.048106634185400413e-03,1.050822474768308302e-03,1.002938029146818733e-01,-5.943224830170384199e-09,3.140734272922508478e-08,1.997778282862228416e-01,1.793103821469771647e-03,1.789543744534295971e-03,1.397913109471905432e-02
2.000000000000000331e-10,-1.043483816339393393e-06,-9.009284989141063963e-06,1.337216951397424830e-02,1.057893818848315397e-03,1.060558914628818936e-03,1.003088030983213252e-01,-6.748787298850033438e-09,3.475761979194109083e-08,1.998825148693228471e-01,1.963682696670529006e-03,1.960061492970772198e-03,1.472668391271398161e-02
2.200000000000000416e-10,-1.043444748674111750e-06,-9.009201304482140191e-06,1.454727980543753935e-02,1.068595845954232321e-03,1.071207636265854475e-03,1.003254405602312105e-01,-7.592901046140384811e-09,3.813530139155045970e-08,1.999904337080416483e-01,2.131833537779304240e-03,2.128215944453477806e-03,1.551754603326816091e-02
2.400000000000000501e-10,-1.043404831391108239e-06,-9.009108183252486542e-06,1.572295724615578941e-02,1.080206798199328687e-03,1.082763245657341732e-03,1.003437472288689902e-01,-8.488624721562084194e-09,4.151761585959385820e-08,2.001015841907822779e-01,2.297413186110702690e-03,2.293862895514452768e-03,1.634707515909199216e-02
2.600000000000000327e-10,-1.043364682003070743e-06,-9.009005447129266985e-06,1.689921636040639732e-02,1.092720016606507985e-03,1.095219583297114309e-03,1.003637646118845234e-01,-9.453025822610558821e-09,4.488925198792792107e-08,2.002156076080798541e-01,2.460291463703636987e-03,2.456870750254778329e-03,1.721178308617320185e-02
2.800000000000000154e-10,-1.043325162711907514e-06,-9.008892817000763110e-06,1.807606327347911421e-02,1.106128070105003025e-03,1.108569725495755273e-03,1.003855151201163420e-01,-1.048702571220845275e-08,4.823092844199834916e-08,2.003328613993951013e-01,2.620350016236733335e-03,2.617124558196890372e-03,1.810929135538827395e-02
2.999999999999999980e-10,-1.043286673409343993e-06,-9.008770617093394352e-06,1.925351601757687575e-02,1.120422751937707236e-03,1.122806025485675267e-03,1.004090493202389051e-01,-1.155890684989381687e-08,5.153696198388128196e-08,2.004535239435123739e-01,2.777477959872328307e-03,2.774502832813955690e-03,1.903689732396780451e-02
3.199999999999999806e-10,-1.043249572669738215e-06,-9.008638790854089497e-06,2.043158227484423786e-02,1.135594996141902008e-03,1.137919861319115896e-03,1.004343942960234937e-01,-1.266160925412304024e-08,5.482150802281182959e-08,2.005783107413477151e-01,2.931582500268907314e-03,2.928901285071268488e-03,1.999284226479718790e-02
3.399999999999999633e-10,-1.043214034089929386e-06,-9.008497196275867420e-06,2.161028762634166142e-02,1.151635004205368721e-03,1.153901891108335487e-03,1.004616186517914428e-01,-1.380866207029752206e-08,5.813559322195795399e-08,2.007081163576634186e-01,3.082597485028829888e-03,3.080251471241712748e-03,2.097603168900111573e-02
3.599999999999999459e-10,-1.043180679728690509e-06,-9.008344836327985785e-06,2.278964926771574750e-02,1.168532285734658494e-03,1.170742035988981550e-03,1.004907722022313765e-01,-1.501659598158869498e-08,6.149048013049484631e-08,2.008407917061861281e-01,3.230484682531867876e-03,3.228507189317197153e-03,2.198459343126901375e-02
3.799999999999999285e-10,-1.043150087983330837e-06,-9.008181497769598577e-06,2.396966802491137458e-02,1.186275754383562218e-03,1.188429554425065281e-03,1.005218680669953263e-01,-1.632025826286411800e-08,6.488516767378732519e-08,2.009763361999939713e-01,3.375217389515106602e-03,3.373639969365484909e-03,2.301651112662515819e-02
3.999999999999999112e-10,-1.043123339162948468e-06,-9.008007178417388588e-06,2.515036067862394184e-02,1.204853634234763536e-03,1.206953047028391139e-03,1.005549559077390936e-01,-1.772508856531696875e-08,6.834964231845560058e-08,2.011168977437136629e-01,3.516776212782130994e-03,3.515623689871094117e-03,2.407079212279442451e-02
4.199999999999998938e-10,-1.043101450810519245e-06,-9.007820886805157466e-06,2.633175180754180819e-02,1.224253637557024552e-03,1.226300518092093578e-03,1.005901032795471495e-01,-1.918747045235842785e-08,7.183532458724624007e-08,2.012622967655049167e-01,3.655168119857155323e-03,3.654454893761003263e-03,2.514722675251369194e-02
4.399999999999998764e-10,-1.043084779436511195e-06,-9.007622969477460347e-06,2.751385553015016014e-02,1.244463025880854007e-03,1.246459509528970990e-03,1.006273546549952547e-01,-2.065781619697861005e-08,7.516498904674106296e-08,2.014116375591625541e-01,3.790407988459618821e-03,3.790140181399278847e-03,2.624494659884203315e-02
4.599999999999998591e-10,-1.043073380049207546e-06,-9.007414634192909930e-06,2.869668578833004663e-02,1.265468595302719507e-03,1.267416987547876749e-03,1.006667545565427951e-01,-2.213706676267186326e-08,7.821145075464244723e-08,2.015640244421581517e-01,3.922513588158672675e-03,3.922694892319865574e-03,2.736257963760667378e-02
4.799999999999998934e-10,-1.043068014355505265e-06,-9.007196567007474922e-06,2.988024617944979103e-02,1.287256755141209840e-03,1.289159554504233770e-03,1.007083250501464300e-01,-2.365983808033458606e-08,8.094410093429431343e-08,2.017192779275242820e-01,4.051512258820669926e-03,4.052150734713620694e-03,2.849895521504252488e-02
4.999999999999999277e-10,-1.043070024379544575e-06,-9.006970205627449537e-06,3.106454821667800972e-02,1.309813559286492068e-03,1.311673449260783919e-03,1.007521061038087196e-01,-2.525523173284510831e-08,8.331536092840357517e-08,2.018795460666271691e-01,4.177437875807125597e-03,4.178535116874214882e-03,2.965314603134531005e-02
5.199999999999999621e-10,-1.043080393221079136e-06,-9.006739187078007127e-06,3.224961934204694652e-02,1.333124782268788793e-03,1.334944549344696703e-03,1.007981726884533968e-01,-2.691154376537144341e-08,8.535750852756314652e-08,2.020453655947686000e-01,4.300342055854488102e-03,4.301887273443107465e-03,3.082450636187581208e-02
5.399999999999999964e-10,-1.043099038620602744e-06,-9.006504460676120923e-06,3.343547668250760468e-02,1.357176101364662192e-03,1.358958574238541437e-03,1.008465775772505596e-01,-2.858698317015280664e-08,8.707300254631370753e-08,2.022160200255983253e-01,4.420295119046997387e-03,4.422271054120597081e-03,3.201265302326671003e-02
5.600000000000000307e-10,-1.043125880372242057e-06,-9.006269322831744804e-06,3.462213910133334765e-02,1.381953137119035311e-03,1.383701172971284199e-03,1.008973774695872266e-01,-3.028615997660831371e-08,8.833322843653896411e-08,2.023920461804531445e-01,4.537362133827357695e-03,4.539761149030801385e-03,3.321808609156527703e-02
5.800000000000000651e-10,-1.043161325650836208e-06,-9.006034523310356069e-06,3.580962911642728008e-02,1.407441414482640861e-03,1.409157975659986904e-03,1.009506371231866512e-01,-3.205243041520936956e-08,8.902053191967890623e-08,2.025738018478029923e-01,4.651600397961102099e-03,4.654422649176643938e-03,3.444094814391291531e-02
6.000000000000000994e-10,-1.043208155659184187e-06,-9.005802922524473947e-06,3.699796902018752387e-02,1.433626388289901878e-03,1.435314530271269637e-03,1.010064210541995883e-01,-3.391116656447276000e-08,8.912059064287457072e-08,2.027623610074012206e-01,4.763080935595511919e-03,4.766317905558360019e-03,3.568137309212920244e-02
6.200000000000001337e-10,-1.043264465424816653e-06,-9.005578102319024148e-06,3.818719282463824138e-02,1.460493630953667125e-03,1.462156417465640445e-03,1.010648186041444574e-01,-3.587941108678867845e-08,8.862716757987415035e-08,2.029575443853443573e-01,4.871874592839987167e-03,4.875514700631843404e-03,3.693951987087013000e-02
6.400000000000001681e-10,-1.043328738820779043e-06,-9.005363976386684916e-06,3.937732015476829578e-02,1.488028739429066334e-03,1.489669259593906590e-03,1.011258888994198274e-01,-3.800161757688505547e-08,8.749389491774500647e-08,2.031577404073135196e-01,4.978047146418323847e-03,4.982083613933921927e-03,3.821531355181226330e-02
6.600000000000002024e-10,-1.043402855579552561e-06,-9.005164682704795980e-06,4.056836623327040453e-02,1.516217409625064379e-03,1.517838772424539347e-03,1.011896820253786605e-01,-4.031680539315539523e-08,8.565099358903780721e-08,2.033629488921033512e-01,5.081674606221428525e-03,5.086098966604475115e-03,3.950886658416646185e-02
6.800000000000002367e-10,-1.043489060723494635e-06,-9.004986557782311598e-06,4.176035003516988947e-02,1.545045518943096059e-03,1.546650806398819789e-03,1.012562561378852061e-01,-4.280513781628848930e-08,8.322789805367819488e-08,2.035728115814993411e-01,5.182828559265562247e-03,5.187622675196608066e-03,4.081996916342547216e-02
7.000000000000002711e-10,-1.043589355998806514e-06,-9.004830388229851144e-06,4.295328217019578343e-02,1.574499057597633081e-03,1.576091291640521795e-03,1.013256523462359310e-01,-4.544110527180325112e-08,8.040160162840126582e-08,2.037875073443429774e-01,5.281570686514062800e-03,5.286715926638886273e-03,4.214815831213170050e-02
7.200000000000003054e-10,-1.043706819190068392e-06,-9.004698595383641164e-06,4.414718314070364275e-02,1.604564169375771385e-03,1.606146332526438595e-03,1.013979323003963429e-01,-4.823782373634258051e-08,7.723583092501605095e-08,2.040081102879501840e-01,5.377972511756099264e-03,5.383450647227322645e-03,4.349318179122476508e-02
7.400000000000003397e-10,-1.043842008848473949e-06,-9.004592352249272838e-06,4.534207513184119326e-02,1.635227296110598446e-03,1.636802245772966567e-03,1.014731611475397643e-01,-5.121232744490526383e-08,7.381165665494024360e-08,2.042353364673238081e-01,5.472112629974494775e-03,5.477900862628029728e-03,4.485496763553286498e-02
7.600000000000003741e-10,-1.043997143058100098e-06,-9.004511539192556390e-06,4.653798613279200302e-02,1.666475129732473840e-03,1.668045625128458057e-03,1.015514158285582141e-01,-5.434537759538735223e-08,7.004012004383729919e-08,2.044700809749830928e-01,5.564056471163253761e-03,5.570135596634955347e-03,4.623360568909005291e-02
7.800000000000004084e-10,-1.044170079308430618e-06,-9.004460540767345297e-06,4.773494777644612247e-02,1.698294562923015425e-03,1.699863285772762250e-03,1.016327805613883167e-01,-5.758418352754204251e-08,6.581366393415562419e-08,2.047116275489196391e-01,5.653863545783354566e-03,5.660219842513694415e-03,4.762948217991440358e-02
8.000000000000004427e-10,-1.044363916397229316e-06,-9.004439920388588749e-06,4.893297922380920179e-02,1.730672736028671978e-03,1.732242294529816491e-03,1.017173145432586495e-01,-6.092049005963879201e-08,6.138082317317177532e-08,2.049603341945495927e-01,5.741605242482070333e-03,5.748218420844127159e-03,4.904243410656884683e-02
8.200000000000004771e-10,-1.044579265729676937e-06,-9.004449867043772413e-06,5.013211554613552362e-02,1.763597129410203468e-03,1.765169974817161697e-03,1.018051085736332989e-01,-6.445135583814547049e-08,5.696599605607570605e-08,2.052160218148558479e-01,5.827354529612449249e-03,5.834196886485423957e-03,5.047250544817193096e-02
8.400000000000005114e-10,-1.044818906051705760e-06,-9.004491841194158037e-06,5.133237321918899393e-02,1.797055530875959388e-03,1.798633949001823742e-03,1.018962166561109134e-01,-6.819631560140936888e-08,5.250170390335213203e-08,2.054785112950263948e-01,5.911163324684364992e-03,5.918214570404816896e-03,5.191999484661673214e-02
8.600000000000005457e-10,-1.045086455794786951e-06,-9.004565499878880157e-06,5.253378453209962828e-02,1.831035908883359587e-03,1.832622078784539770e-03,1.019907237742962436e-01,-7.205469336146852141e-08,4.806527261784315085e-08,2.057483396904986606e-01,5.993084521594117808e-03,6.000328320215074160e-03,5.338487682806952045e-02
8.800000000000005801e-10,-1.045382278576220274e-06,-9.004668457413869383e-06,5.373637135017644145e-02,1.865526541587308367e-03,1.867122533804674430e-03,1.020886945444447191e-01,-7.610021635453112184e-08,4.385297027278388292e-08,2.060255069868304478e-01,6.073192944926563905e-03,6.080604827838996876e-03,5.486699467995204138e-02
9.000000000000006144e-10,-1.045706758239583855e-06,-9.004804288405258728e-06,5.494016533733585284e-02,1.900516136403267034e-03,1.902123827787225840e-03,1.021902124052651711e-01,-8.047634968994420956e-08,3.989141378419789152e-08,2.063105502761737320e-01,6.151547605342729333e-03,6.159105442504488569e-03,5.636641384206855093e-02
9.200000000000006487e-10,-1.046061564444888961e-06,-9.004973650090657188e-06,5.614519370036368667e-02,1.935993599322631238e-03,1.937614749157430148e-03,1.022953520302826991e-01,-8.509914626544409832e-08,3.616489446021666344e-08,2.066040066373292239e-01,6.228192874658986314e-03,6.235885941795501868e-03,5.788335106171082350e-02
9.400000000000006831e-10,-1.046444339970088473e-06,-9.005170895945285983e-06,5.735149337483291115e-02,1.971948127476494048e-03,1.973584438725748021e-03,1.024042064406385372e-01,-8.996846142118330158e-08,3.273308552436530488e-08,2.069058760568630584e-01,6.303188040580290363e-03,6.311001491582675718e-03,5.941805206322373772e-02
9.600000000000006140e-10,-1.046854968572997251e-06,-9.005397702853696265e-06,5.855909075477613163e-02,2.008369258260388635e-03,2.010022287336841584e-03,1.025168484661585638e-01,-9.534621753248211916e-08,2.963310720664231241e-08,2.072161585142888451e-01,6.376585088048154423e-03,6.384501052526830867e-03,6.097073827427838821e-02
9.800000000000005449e-10,-1.047303602246022471e-06,-9.005647732069026987e-06,5.976802195044585153e-02,2.045246767434202254e-03,2.046917939147171149e-03,1.026333689243160568e-01,-1.013456351738032323e-07,2.684807124167166466e-08,2.075339587930278562e-01,6.448428732224673228e-03,6.456436383082826171e-03,6.254133856475099784e-02
1.000000000000000476e-09,-1.047791163673521396e-06,-9.005919017883262545e-06,6.097830255992964937e-02,2.082570709106850229e-03,2.084261398141621247e-03,1.027538201894699355e-01,-1.078808158306132555e-07,2.439411175080426604e-08,2.078582026635104885e-01,6.518772651540018920e-03,6.526864529945738611e-03,6.412999905001046108e-02
1.020000000000000407e-09,-1.048319903197867398e-06,-9.006207125551978090e-06,6.218995578888045217e-02,2.120331478244525617e-03,2.122043002025149252e-03,1.028782686472190094e-01,-1.149228433036398867e-07,2.220762564932276078e-08,2.081915757211738049e-01,6.587662944103118805e-03,6.595833315613043243e-03,6.573665258393880662e-02
1.040000000000000338e-09,-1.048892429615481867e-06,-9.006517365763714838e-06,6.340302673213900342e-02,2.158519680126900347e-03,2.160253304620260439e-03,1.030068205985173735e-01,-1.224287735874168338e-07,2.020251415380702478e-08,2.085351521943836217e-01,6.655143519780437091e-03,6.663380843273445861e-03,6.736119160221801239e-02
1.060000000000000269e-09,-1.049508972994735385e-06,-9.006850461948992718e-06,6.461754995343660379e-02,2.197126245526848619e-03,2.198883104184795340e-03,1.031395625638808350e-01,-1.303317467238267215e-07,1.849814409065876106e-08,2.088883949860845801e-01,6.721265787352236933e-03,6.729557893910657028e-03,6.900380058868582633e-02
1.080000000000000200e-09,-1.050169998047844582e-06,-9.007191790782205279e-06,6.583356363197070960e-02,2.236142402626446063e-03,2.237923576232578315e-03,1.032765872006720376e-01,-1.385066706430381162e-07,1.713407831725330004e-08,2.092509460288941026e-01,6.786069456546260474e-03,6.794413852903130949e-03,7.066466775810695267e-02
1.100000000000000131e-09,-1.050873985651450435e-06,-9.007539565064161052e-06,6.705109741638821952e-02,2.275559578231467830e-03,2.277366124630297254e-03,1.034179714488227125e-01,-1.467829427221958546e-07,1.604389527963385311e-08,2.096219101148494024e-01,6.849590901723739966e-03,6.857981108343440962e-03,7.234402963530672803e-02
1.120000000000000061e-09,-1.051625958272876272e-06,-9.007887154520903626e-06,6.827017849335177690e-02,2.315369478921372026e-03,2.317202343993652550e-03,1.035637875384688017e-01,-1.551258148259591869e-07,1.532985187860105897e-08,2.100032566960678693e-01,6.911872063523618985e-03,6.920298037400791739e-03,7.404173196460618611e-02
1.139999999999999992e-09,-1.052430419010260315e-06,-9.008227791175698468e-06,6.949085789366968302e-02,2.355564037938548232e-03,2.357424123003221215e-03,1.037141492387098213e-01,-1.634433265890504098e-07,1.500348844176960893e-08,2.103978504402281013e-01,6.972954269192490305e-03,6.981410947180364916e-03,7.575745144981871348e-02
1.159999999999999923e-09,-1.053286462705258856e-06,-9.008557289196807253e-06,7.071319431064590488e-02,2.396135481760571732e-03,2.398023635477068097e-03,1.038691828484761687e-01,-1.716058636987066132e-07,1.499374666961401199e-08,2.108033638422157907e-01,7.032873544792504761e-03,7.041356334642455590e-03,7.749180364208303751e-02
1.179999999999999854e-09,-1.054190666938513166e-06,-9.008881474087273802e-06,7.193721144421844071e-02,2.437076240836160302e-03,2.438993245787041738e-03,1.040289530077439517e-01,-1.795545949097519568e-07,1.540204031051301807e-08,2.112190807403740156e-01,7.091660258701528580e-03,7.100161485606433336e-03,7.924541224466960521e-02
1.199999999999999785e-09,-1.055137609607529318e-06,-9.009200297263095830e-06,7.316295872876389661e-02,2.478378929121139666e-03,2.480325493375906774e-03,1.041935682796805152e-01,-1.871537297727624837e-07,1.618968099845058709e-08,2.116467915554758883e-01,7.149348095353832283e-03,7.157863893982601040e-03,8.101831270494674886e-02
1.219999999999999716e-09,-1.056127529544853048e-06,-9.009516491858770800e-06,7.439047903172550658e-02,2.520036409161761134e-03,2.522013233969052064e-03,1.043631251410652022e-01,-1.942408608483236605e-07,1.725832510737390570e-08,2.120857801569631940e-01,7.205972800396879575e-03,7.214501024988224931e-03,8.281100929559344348e-02
1.239999999999999647e-09,-1.057162613635208881e-06,-9.009826425591461237e-06,7.561981251432126072e-02,2.562041769330664857e-03,2.564049496587591896e-03,1.045377147206817403e-01,-2.006995252699896489e-07,1.872367932951099990e-08,2.125374788723488895e-01,7.261564793239670863e-03,7.270097922060889985e-03,8.462363267221041652e-02
1.259999999999999578e-09,-1.058238185131507383e-06,-9.010119475904593023e-06,7.685101705870461819e-02,2.604388267904101696e-03,2.606427469784863057e-03,1.047174571466024662e-01,-2.063860514920896726e-07,2.052330953965794918e-08,2.130018877162526691e-01,7.316150146312969983e-03,7.324685771930842214e-03,8.645636889775662470e-02
1.279999999999999509e-09,-1.059337784882853564e-06,-9.010397141860137244e-06,7.808413169943970167e-02,2.647069339180127719e-03,2.649140604674763300e-03,1.049024402243278614e-01,-2.111842230122684073e-07,2.247927941684552859e-08,2.134766791925639118e-01,7.369757812896832530e-03,7.378295969364350067e-03,8.830950153456949836e-02
1.299999999999999440e-09,-1.060451566629966473e-06,-9.010655395503442560e-06,7.931918700969678437e-02,2.690078643711411692e-03,2.692182515982682791e-03,1.050927371707222613e-01,-2.149836537676529897e-07,2.472952753159964309e-08,2.139627485186460232e-01,7.422416844892185984e-03,7.430953859695524528e-03,9.018265119132003182e-02
1.319999999999999371e-09,-1.061574720409184377e-06,-9.010887225243975263e-06,8.055623125013275376e-02,2.733410013650743649e-03,2.735546986650517955e-03,1.052884494115545744e-01,-2.176259290897907333e-07,2.720398474832755748e-08,2.144626022680719002e-01,7.474151545520129128e-03,7.482685219107988034e-03,9.207590329799816842e-02
1.339999999999999302e-09,-1.062699135518053760e-06,-9.011092067820173664e-06,8.179532199880702736e-02,2.777057428538657127e-03,2.779227964247969231e-03,1.054896923513398282e-01,-2.190599206241950746e-07,2.963901288105929515e-08,2.149757033420571228e-01,7.524988136987416885e-03,7.533515980231186328e-03,9.398983525257997851e-02
1.359999999999999233e-09,-1.063836779160060419e-06,-9.011275299905338343e-06,8.303650005276190516e-02,2.821015059592209273e-03,2.823219588216247921e-03,1.056965534994049882e-01,-2.193601244376127430e-07,3.219897305775884315e-08,2.155007984736377336e-01,7.574947416841108783e-03,7.583469849291762585e-03,9.592460731342385138e-02
1.379999999999999164e-09,-1.064972753327694727e-06,-9.011439388635107814e-06,8.427980771816383221e-02,2.865277164170072343e-03,2.867516149017095613e-03,1.059091219553583846e-01,-2.186209008758926474e-07,3.489185228436976382e-08,2.160400361523253376e-01,7.624049628673820397e-03,7.632567950529265365e-03,9.788001178737153196e-02
1.399999999999999095e-09,-1.066114418896399557e-06,-9.011587583990971582e-06,8.552530885361668556e-02,2.909838180544805329e-03,2.912112071990654444e-03,1.061275196951783767e-01,-2.169661882914878127e-07,3.753738032723385727e-08,2.165946696853591757e-01,7.672321409114794301e-03,7.680834755843654257e-03,9.985610906994306368e-02
1.419999999999999026e-09,-1.067259904497826209e-06,-9.011719485115698668e-06,8.677305860129166937e-02,2.954692733268743550e-03,2.957001951620080379e-03,1.063518537481770998e-01,-2.144947323099666479e-07,4.033172857778379779e-08,2.171645200543631249e-01,7.719784386043249819e-03,7.728293853657095328e-03,1.018532599584310028e-01
1.439999999999998956e-09,-1.068397964267771716e-06,-9.011838663504859604e-06,8.802311736930315544e-02,2.999835573161918709e-03,3.002180528492236211e-03,1.065822379294556754e-01,-2.111699715049665845e-07,4.329685767152990890e-08,2.177479759136634607e-01,7.766458216473485360e-03,7.774964012356749832e-03,1.038720106701303547e-01
1.459999999999998887e-09,-1.069514955603109297e-06,-9.011934205752811065e-06,8.927552067038112271e-02,3.045261585735866989e-03,3.047642672720804555e-03,1.068187467616373704e-01,-2.070643373804580422e-07,4.627024682095528012e-08,2.183459324823490977e-01,7.812363163981587109e-03,7.820865788436040175e-03,1.059121020008681191e-01
1.479999999999998818e-09,-1.070592170217611383e-06,-9.012014917479870500e-06,9.053033785300310110e-02,3.090965787827007830e-03,3.093383392931249934e-03,1.070615049794857998e-01,-2.023354188694934279e-07,4.938140740021250413e-08,2.189592849849675005e-01,7.857519928184236377e-03,7.866021386704107055e-03,1.079736642667876168e-01
1.499999999999998749e-09,-1.071620744643398083e-06,-9.012073719800981178e-06,9.178761307960964233e-02,3.136943344738926318e-03,3.139397855328813786e-03,1.073105980728161629e-01,-1.968672252323393184e-07,5.266831168702186106e-08,2.195864220842956294e-01,7.901949162401554136e-03,7.910449796475755094e-03,1.100573734126686631e-01
1.519999999999998680e-09,-1.072604373970553635e-06,-9.012117690126486669e-06,9.304739589272711942e-02,3.183189557239000066e-03,3.185681331397676765e-03,1.075661183475093013e-01,-1.907836917409975384e-07,5.598770234331821870e-08,2.202291341940338099e-01,7.945667679442276754e-03,7.954167813337471860e-03,1.121629647580307670e-01
1.539999999999998611e-09,-1.073569958384658047e-06,-9.012164738401347579e-06,9.430974932025676383e-02,3.229699810818937970e-03,3.232229206209556033e-03,1.078281766960708793e-01,-1.846023073000564216e-07,5.940254232393190739e-08,2.208881374904923534e-01,7.988692047897536994e-03,7.997192659196166592e-03,1.142903422230569788e-01
1.559999999999998542e-09,-1.074501439504112584e-06,-9.012197325755222428e-06,9.557472962554612594e-02,3.276469630319718464e-03,3.279036989896002337e-03,1.080968725267390795e-01,-1.785459125630383522e-07,6.303558234603377930e-08,2.215630739135570348e-01,8.031039897007640274e-03,8.039541354955619459e-03,1.164395204235451481e-01
1.579999999999998473e-09,-1.075392178021019238e-06,-9.012200055855924008e-06,9.684239445354540787e-02,3.323494642619087471e-03,3.326100303763969510e-03,1.083723058353616847e-01,-1.729185615200205094e-07,6.676783204705985892e-08,2.222550177241072455e-01,8.072727769071131459e-03,8.081231958571065757e-03,1.186105548702468815e-01
1.599999999999998404e-09,-1.076237141943772699e-06,-9.012181224314224186e-06,9.811281062084474536e-02,3.370770579607645662e-03,3.373414898289434083e-03,1.086545880237384798e-01,-1.680611421417150682e-07,7.057084073490606656e-08,2.229630737408134222e-01,8.113771741303388990e-03,8.122280042457349220e-03,1.208037880398637048e-01
1.619999999999998335e-09,-1.077050947242227991e-06,-9.012145472526022987e-06,9.938602409872886179e-02,3.418293279799752143e-03,3.420976609536134725e-03,1.089437995790909913e-01,-1.638059711144374386e-07,7.464487243664704927e-08,2.236883162177156770e-01,8.154186861831920832e-03,8.162698944421880459e-03,1.230189618544943603e-01
1.639999999999998266e-09,-1.077852554198190391e-06,-9.012091565006910386e-06,1.006621124386255506e-01,3.466058670235772424e-03,3.468781364943128009e-03,1.092400633161566409e-01,-1.603426625115387478e-07,7.884090025618325432e-08,2.244309242176258934e-01,8.193989124905992280e-03,8.202505326917032200e-03,1.252563299291998278e-01
1.659999999999998197e-09,-1.078657913207249532e-06,-9.012019642437911970e-06,1.019411219433742632e-01,3.514062793383686961e-03,3.516825215497191605e-03,1.095434572259203071e-01,-1.580389217795127295e-07,8.309819459628940660e-08,2.251908977571509540e-01,8.233192022819031675e-03,8.241713636630116149e-03,1.275161291945193509e-01
1.679999999999998128e-09,-1.079464824757735434e-06,-9.011932390529024624e-06,1.032231284637405988e-01,3.562301773833510214e-03,3.565104251899456518e-03,1.098540979997253975e-01,-1.566686224313632182e-07,8.766179945131127070e-08,2.259691320524956082e-01,8.271809528624376670e-03,8.280337024411018806e-03,1.297983755857795574e-01
1.699999999999998059e-09,-1.080278242067693720e-06,-9.011814562471387327e-06,1.045081867300241690e-01,3.610771854916292305e-03,3.613614681823414804e-03,1.101720718656239439e-01,-1.563916578207481533e-07,9.235895445442109798e-08,2.267661642450227721e-01,8.309856881263410350e-03,8.318389659047492612e-03,1.321033512778625740e-01
1.719999999999997990e-09,-1.081071511589257323e-06,-9.011693177668451900e-06,1.057963767479992712e-01,3.659469348163946287e-03,3.662352780669741320e-03,1.104974968263043172e-01,-1.575458157297101133e-07,9.717557472730187484e-08,2.275819943482731145e-01,8.347344910019673797e-03,8.355884483627097625e-03,1.344312728353790343e-01
1.739999999999997920e-09,-1.081848497169808523e-06,-9.011554628201784838e-06,1.070877514441695433e-01,3.708390640549267484e-03,3.711314923420108020e-03,1.108304532958023364e-01,-1.598137509566098118e-07,1.022978710825263563e-07,2.284155481410012345e-01,8.384287170912127149e-03,8.392833883460132025e-03,1.367820824013981085e-01
1.759999999999997851e-09,-1.082619679402641707e-06,-9.011395827242697838e-06,1.083823772923669382e-01,3.757532191570877710e-03,3.760497578100947119e-03,1.111710376554596036e-01,-1.633883902005980142e-07,1.074959761256938701e-07,2.292702273993732220e-01,8.420697188696882329e-03,8.429249320734103976e-03,1.391551843994506543e-01
1.779999999999997782e-09,-1.083412002878803454e-06,-9.011220070336103914e-06,1.096803439346791115e-01,3.806890522117654940e-03,3.809897256884594782e-03,1.115193738746210472e-01,-1.686761561694455839e-07,1.121326125475945823e-07,2.301462111771582775e-01,8.456583908070721203e-03,8.465143859496983628e-03,1.415508476334047527e-01
1.799999999999997713e-09,-1.084216125106173968e-06,-9.011015329936417596e-06,1.109817179037738549e-01,3.856462226690289541e-03,3.859510577988030291e-03,1.118755539948484284e-01,-1.753794272932391126e-07,1.156463167840081342e-07,2.310404558123380636e-01,8.491959199503715944e-03,8.500528687975621167e-03,1.439698232983933623e-01
1.819999999999997644e-09,-1.085038689119397171e-06,-9.010784042122965158e-06,1.122865526094422306e-01,3.906244004958137755e-03,3.909334219431585301e-03,1.122396518347042460e-01,-1.834568174541167010e-07,1.179092393776801400e-07,2.319529613184321271e-01,8.526834872100555462e-03,8.535412700306516803e-03,1.464121677028042690e-01
1.839999999999997575e-09,-1.085898320758161929e-06,-9.010545649344270884e-06,1.135949128005689923e-01,3.956232594340029947e-03,3.959364933305549970e-03,1.126117534148648458e-01,-1.927015480603567906e-07,1.190226334116450275e-07,2.328842648313263208e-01,8.561220810023301500e-03,8.569807724813090222e-03,1.488776436189784835e-01
1.859999999999997506e-09,-1.086788849518646122e-06,-9.010309298380563011e-06,1.149068563373638330e-01,4.006424808173190445e-03,4.009599555872727164e-03,1.129919343963828315e-01,-2.024056399560379681e-07,1.189302767140603572e-07,2.338365148488242562e-01,8.595128651761962599e-03,8.603724884807980450e-03,1.513658861954400858e-01
1.879999999999997644e-09,-1.087708395223312870e-06,-9.010086951358024866e-06,1.162224703846392732e-01,4.056817511446765903e-03,4.060034935554244009e-03,1.133803036513843510e-01,-2.124393210240567287e-07,1.175758954574517069e-07,2.348132921849599986e-01,8.628568937548323353e-03,8.637174080310866531e-03,1.538764589740787003e-01
1.899999999999997575e-09,-1.088659029789441887e-06,-9.009892662407701286e-06,1.175418511157187568e-01,4.107407628761983870e-03,4.110667994803075993e-03,1.137769779682867161e-01,-2.229140963396409263e-07,1.151142162926126903e-07,2.358158501306840404e-01,8.661550418628049391e-03,8.670164120224841536e-03,1.564096086594521928e-01
1.919999999999997506e-09,-1.089639011046743587e-06,-9.009757009069226225e-06,1.188650974295435009e-01,4.158192114955768653e-03,4.161495698967417230e-03,1.141820742742362949e-01,-2.334350292046658693e-07,1.114160663234262011e-07,2.368411450228290471e-01,8.694083062833219550e-03,8.702704421629488610e-03,1.589662468903984271e-01
1.939999999999997437e-09,-1.090655332207085958e-06,-9.009697936108783205e-06,1.201922689212875373e-01,4.209168038815359891e-03,4.212515115541153043e-03,1.145956612458582935e-01,-2.439165291344380900e-07,1.064771446768319210e-07,2.378900720802420710e-01,8.726177536812946417e-03,8.734805491899479482e-03,1.615461877439680616e-01
1.959999999999997368e-09,-1.091717408474439359e-06,-9.009729794766010625e-06,1.215234726053117248e-01,4.260332486377994658e-03,4.263723319528569915e-03,1.150178594090972700e-01,-2.546601503985112605e-07,1.004151147955920866e-07,2.389638845950076973e-01,8.757842223312798866e-03,8.766475894999009935e-03,1.641492386279199966e-01
1.979999999999997298e-09,-1.092863932438446676e-06,-9.009843588306490239e-06,1.228587801471217600e-01,4.311682613522661335e-03,4.315117439421754450e-03,1.154487464316167333e-01,-2.654219582470766644e-07,9.326157645924534451e-08,2.400595389008790825e-01,8.789084865612879077e-03,8.797724268654244506e-03,1.667760962628618004e-01
1.999999999999997229e-09,-1.094074108166763134e-06,-9.010014164239281992e-06,1.241982621535670100e-01,4.363215617766725944e-03,4.366694680188435915e-03,1.158883965332116461e-01,-2.761247840795432262e-07,8.563007507832209316e-08,2.411768559728356964e-01,8.819914587467902328e-03,8.828558974028817910e-03,1.694268037644885427e-01
2.019999999999997160e-09,-1.095376973494211892e-06,-9.010253656020096247e-06,1.255419862473854953e-01,4.414928760689233213e-03,4.418452306047026927e-03,1.163368784250172344e-01,-2.870736113569621423e-07,7.790897991891961733e-08,2.423172681445335819e-01,8.850339395018020500e-03,8.858988797975118207e-03,1.721009511785849266e-01
2.039999999999997091e-09,-1.096780676241108797e-06,-9.010535453023959306e-06,1.268900372524413289e-01,4.466819321273235791e-03,4.470387602792656213e-03,1.167942769597642566e-01,-2.980832062773038326e-07,7.003107457478200358e-08,2.434816706297441291e-01,8.880367277400226175e-03,8.889022136064017587e-03,1.747982701096257308e-01
2.059999999999997022e-09,-1.098278510844615204e-06,-9.010852078429662973e-06,1.282424909080943920e-01,4.518884664837802788e-03,4.522497907333409249e-03,1.172606646226481281e-01,-3.090125990429035326e-07,6.210115416512050759e-08,2.446691682423959568e-01,8.910006818498711345e-03,8.918666084137764904e-03,1.775189758642208571e-01
2.079999999999996953e-09,-1.099889207539710937e-06,-9.011209378634690406e-06,1.295994198476738413e-01,4.571122191875589581e-03,4.574780624032550973e-03,1.177361081061965020e-01,-3.201576413054135004e-07,5.408322095759534319e-08,2.458795819567334007e-01,8.939265159859653351e-03,8.947929227490443449e-03,1.802631213586023129e-01
2.099999999999996884e-09,-1.101608726056670170e-06,-9.011605161256001966e-06,1.309608956874910857e-01,4.623529344738015398e-03,4.627233193466245322e-03,1.182206707750923097e-01,-3.313919096705373748e-07,4.596884936206410201e-08,2.471173877827116394e-01,8.968149396031195597e-03,8.976818706671921624e-03,1.830299412766373812e-01
2.119999999999996815e-09,-1.103407612487649757e-06,-9.012049460786963616e-06,1.323270390722391943e-01,4.676103569629079179e-03,4.679853053152970184e-03,1.187144628581507655e-01,-3.425121474340695188e-07,3.780539805062413627e-08,2.483833018918498448e-01,8.996666956302848059e-03,9.005340946391892504e-03,1.858196471736676125e-01
2.139999999999996746e-09,-1.105285539690385834e-06,-9.012572963154316040e-06,1.336979270291480948e-01,4.728842404222450245e-03,4.732637686726551968e-03,1.192175475245443317e-01,-3.537834406759252710e-07,2.953219262346676113e-08,2.496717740592725443e-01,9.024824368656045662e-03,9.033503400174705891e-03,1.886335393601930865e-01
2.159999999999996677e-09,-1.107269629675757822e-06,-9.013171691283015162e-06,1.350736153769601655e-01,4.781743432163023007e-03,4.785584678712296279e-03,1.197299646985781757e-01,-3.651555438937376566e-07,2.117456784445656449e-08,2.509835204570217138e-01,9.052628580702127073e-03,9.061312738628764241e-03,1.914713185574376253e-01
2.179999999999996608e-09,-1.109329913824713944e-06,-9.013836078426126818e-06,1.364541871400635764e-01,4.834804268609216304e-03,4.838691559079292409e-03,1.202517786110263304e-01,-3.764492522255863135e-07,1.277485871146313993e-08,2.523237332558971313e-01,9.080086731374390971e-03,9.088775657425886625e-03,1.943316449430649018e-01
2.199999999999996539e-09,-1.111464812080378887e-06,-9.014553627551966981e-06,1.378397545279210490e-01,4.888022473896382752e-03,4.891955938894641635e-03,1.207830783187186369e-01,-3.878019097854719771e-07,4.314092850567631620e-09,2.536909801457687408e-01,9.107204313014859512e-03,9.115898050343296255e-03,1.972149648407384437e-01
2.219999999999996470e-09,-1.113640801067895308e-06,-9.015299017474845858e-06,1.392303819973070844e-01,4.941395706578245034e-03,4.945375495435025588e-03,1.213239048635907508e-01,-3.992181075920758311e-07,-4.185395061368849041e-09,2.550852611364202716e-01,9.133987085483659743e-03,9.142685637827377074e-03,2.001211999086920101e-01
2.239999999999996401e-09,-1.115856591550629182e-06,-9.016098595525461171e-06,1.406261795184703123e-01,4.994921632713500773e-03,4.998947868318796318e-03,1.218743386720484712e-01,-4.106167647306527587e-07,-1.272545558094437698e-08,2.565097989591557659e-01,9.160441368104304052e-03,9.169145028051359919e-03,2.030496212339077677e-01
2.259999999999996332e-09,-1.118081221484857011e-06,-9.016996518125225025e-06,1.420272454191318645e-01,5.048597950967627715e-03,5.052670726994556126e-03,1.224344461378814863e-01,-4.220245434511265502e-07,-2.131851939960145066e-08,2.579622661057237587e-01,9.186573235884024080e-03,9.195281694255631744e-03,2.060009957402155201e-01
2.279999999999996263e-09,-1.120295333856992365e-06,-9.018012678149155226e-06,1.434336607953727027e-01,5.102422397063835491e-03,5.106541824960151438e-03,1.230042752830086822e-01,-4.334572443778944055e-07,-2.998668989996018402e-08,2.594423045053547150e-01,9.212387950132809936e-03,9.221100846903144271e-03,2.089753662027150072e-01
2.299999999999996193e-09,-1.122515122777470005e-06,-9.019185947421808782e-06,1.448455175766386882e-01,5.156392719942969050e-03,5.160558891655270437e-03,1.235838809136051847e-01,-4.448974280937285441e-07,-3.872921137454547554e-08,2.609500932083561597e-01,9.237890516571995586e-03,9.246608494150522495e-03,2.119726884866780514e-01
2.319999999999996124e-09,-1.124741899785478062e-06,-9.020492423746254249e-06,1.462628964303892276e-01,5.210506693116719566e-03,5.214719724049389493e-03,1.241733053103578066e-01,-4.563522258788692146e-07,-4.750947060779194202e-08,2.624843789459029297e-01,9.263086709172268021e-03,9.271809808773385717e-03,2.149933993531045751e-01
2.339999999999996055e-09,-1.126996429140352972e-06,-9.021910269975932570e-06,1.476858725531429717e-01,5.264762138494963849e-03,5.269022112336972999e-03,1.247725836637217783e-01,-4.676903552776496098e-07,-5.633029755501500436e-08,2.640455198063329512e-01,9.287981623908489817e-03,9.296709325630191437e-03,2.180374827898061418e-01
2.359999999999995986e-09,-1.129270832621831663e-06,-9.023446770013193293e-06,1.491145280629176118e-01,5.319156856004405610e-03,5.323463922215740905e-03,1.253817543613325314e-01,-4.787758677751690764e-07,-6.518467159798429211e-08,2.656345900384238234e-01,9.312580157111430626e-03,9.321312025314784991e-03,2.211043847125872264e-01
2.379999999999995917e-09,-1.131596587200153993e-06,-9.025104812673577840e-06,1.505489481513472561e-01,5.373688678617510005e-03,5.378043018084952692e-03,1.260008556593612272e-01,-4.897525929993992791e-07,-7.406439717697118080e-08,2.672540962113499896e-01,9.336887145140210925e-03,9.345623361239886046e-03,2.241932204530169559e-01
2.399999999999995848e-09,-1.133972443106673162e-06,-9.026856997111370955e-06,1.519892409628370300e-01,5.428355436560677524e-03,5.432757224696599732e-03,1.266299412584609430e-01,-5.005823509894143693e-07,-8.295804391669247816e-08,2.689054706523935079e-01,9.360906961965880652e-03,9.369647805624860271e-03,2.273036509343370204e-01
2.419999999999995779e-09,-1.136422840673228655e-06,-9.028682723876480640e-06,1.534355051995818231e-01,5.483154986888086509e-03,5.487604361124973767e-03,1.272690540962060912e-01,-5.111281250730349124e-07,-9.185183368827149457e-08,2.705897876087121068e-01,9.384644452026313227e-03,9.393389063941741043e-03,2.304356151920461393e-01
2.439999999999995710e-09,-1.138888395671331160e-06,-9.030613691487979273e-06,1.548878581228815554e-01,5.538085150589585823e-03,5.542582291822232068e-03,1.279182480736475447e-01,-5.215458255110022757e-07,-1.007604362973483125e-07,2.723083003687103432e-01,9.408103876778603838e-03,9.416852004307434479e-03,2.335888427876929851e-01
2.459999999999995641e-09,-1.141390404724704782e-06,-9.032688652293975338e-06,1.563464097543909581e-01,5.593143814516795230e-03,5.597688924243190631e-03,1.285775681149236294e-01,-5.318748513766868594e-07,-1.096838330818391663e-07,2.740606508599561231e-01,9.431288834659665513e-03,9.440041176425528410e-03,2.367633146917954012e-01
2.479999999999995572e-09,-1.143907234945648284e-06,-9.034875919031078580e-06,1.578112707884392618e-01,5.648328889471532221e-03,5.652922112437916945e-03,1.292470562474812568e-01,-5.419603040825661856e-07,-1.186367937480238044e-07,2.758479133292674468e-01,9.454203953483600667e-03,9.462959934516365287e-03,2.399589118964516876e-01
2.499999999999995503e-09,-1.146462481684084041e-06,-9.037192311036715714e-06,1.592825602916090877e-01,5.703638257178803017e-03,5.708279725965569040e-03,1.299267570626265189e-01,-5.518394730227223910e-07,-1.276141881383970714e-07,2.776704458645616325e-01,9.476853318570444690e-03,9.485612459502378024e-03,2.431755756269902424e-01
2.519999999999995434e-09,-1.149103455683812318e-06,-9.039677265160555138e-06,1.607603901054399931e-01,5.759069833744390708e-03,5.763759638978408623e-03,1.306167066034966684e-01,-5.616604964283731628e-07,-1.365771408107530150e-07,2.795278903925992320e-01,9.499240130597724416e-03,9.508002888892414309e-03,2.464134356906113876e-01
2.539999999999995365e-09,-1.151778899212393866e-06,-9.042318961743975591e-06,1.622448723567576079e-01,5.814621442136782767e-03,5.819359822559360546e-03,1.313169378558387834e-01,-5.713409325563226358e-07,-1.455767874799858859e-07,2.814202469196452339e-01,9.521368339462089186e-03,9.530134318434269405e-03,2.496726377024410526e-01
2.559999999999995296e-09,-1.154501066273771184e-06,-9.045094889043585356e-06,1.637361157646363696e-01,5.870291034229330011e-03,5.875078193240618543e-03,1.320274782728101115e-01,-5.807849431498524375e-07,-1.546043525316722633e-07,2.833450088947316314e-01,9.543241858499159833e-03,9.552010633893362815e-03,2.529539071322559618e-01
2.579999999999995227e-09,-1.157300704562510695e-06,-9.047971343590176496e-06,1.652342013658626152e-01,5.926076592661720654e-03,5.930912713429590567e-03,1.327483340711238247e-01,-5.901169289127295303e-07,-1.635841237372859195e-07,2.853025344046322687e-01,9.564863930741724848e-03,9.573635793482344544e-03,2.562571001766659751e-01
2.599999999999995157e-09,-1.160171586889234221e-06,-9.050934346320592546e-06,1.667392390450329054e-01,5.981976086302946520e-03,5.986861282767450519e-03,1.334795275978923612e-01,-5.993894867922994888e-07,-1.725456031482113944e-07,2.872972994521038603e-01,9.586237799816547250e-03,9.595012544870778690e-03,2.595808033738884468e-01
2.619999999999995088e-09,-1.163167296441720791e-06,-9.053978172919899023e-06,1.682513573449005428e-01,6.037987385948853473e-03,6.042921859143445332e-03,1.342210899630859045e-01,-6.085001325733064468e-07,-1.815419794042072213e-07,2.893300202038169289e-01,9.607367246500225083e-03,9.616144154343305578e-03,2.629248680708707875e-01
2.639999999999995019e-09,-1.166358685661390130e-06,-9.057142429979326504e-06,1.697706710354603410e-01,6.094108483371598814e-03,6.099092319344887742e-03,1.349730401824491832e-01,-6.174726982473180326e-07,-1.905136083286425518e-07,2.913996224288333825e-01,9.628255885464856445e-03,9.637034766707981009e-03,2.662896125304662909e-01
2.659999999999994950e-09,-1.169728078608102313e-06,-9.060434038086125164e-06,1.712972934964225036e-01,6.150337360956889890e-03,6.155370582384227067e-03,1.357353933131950907e-01,-6.264065587581201273e-07,-1.994178673390137801e-07,2.935075384516406261e-01,9.648906505999024427e-03,9.657687461617783797e-03,2.696745576174969794e-01
2.679999999999994881e-09,-1.173311382320046158e-06,-9.063824673519315449e-06,1.728313525353768476e-01,6.206671953390043538e-03,6.211754510898896860e-03,1.365081697790483384e-01,-6.352616175918171306e-07,-2.083629867893804702e-07,2.956548425158693760e-01,9.669321871636046145e-03,9.678104723082545102e-03,2.730793516660543485e-01
2.699999999999994812e-09,-1.177054764313621299e-06,-9.067292324694195267e-06,1.743729704596668761e-01,6.263110241090186561e-03,6.268241978025530271e-03,1.372913834367469887e-01,-6.439729183932043531e-07,-2.173309624174879782e-07,2.978390280709287130e-01,9.689505804611062839e-03,9.698290031258056942e-03,2.765045877033766586e-01
2.719999999999994743e-09,-1.180958939691662353e-06,-9.070880329058063211e-06,1.759222440543435906e-01,6.319650215089066790e-03,6.324830957124194172e-03,1.380850308029896722e-01,-6.525696821050570042e-07,-2.262188202099043508e-07,3.000588418444364303e-01,9.709461588021014652e-03,9.718246693903203823e-03,2.799507269194246306e-01
2.739999999999994674e-09,-1.184999574904016692e-06,-9.074619935050576663e-06,1.774792782343066477e-01,6.376289818695986267e-03,6.381519419206776490e-03,1.388891103910995795e-01,-6.610996159999271491e-07,-2.350840767147796584e-07,3.023124934410290621e-01,9.729191496505223968e-03,9.737977284200430642e-03,2.834184500849433186e-01
2.759999999999994605e-09,-1.189181127575070385e-06,-9.078464489098305609e-06,1.790441463118837839e-01,6.433027060830867269e-03,6.438305419819670417e-03,1.397036016189665275e-01,-6.695182726762915472e-07,-2.440321471548667411e-07,3.045955068684583211e-01,9.748698556714754243e-03,9.757484517272655561e-03,2.869089905429265674e-01
2.779999999999994536e-09,-1.193500930892790169e-06,-9.082389796664628958e-06,1.806169001850968792e-01,6.489859983949773821e-03,6.495187042269819945e-03,1.405284715090633629e-01,-6.777873271112903632e-07,-2.529539750613890488e-07,3.069128952518150322e-01,9.767985990226650539e-03,9.776771724766666893e-03,2.904202547350665520e-01
2.799999999999994467e-09,-1.197967995746726517e-06,-9.086420791471583558e-06,1.821976672281266640e-01,6.546786547799591030e-03,6.552162190005878482e-03,1.413637231891791413e-01,-6.859552061764807008e-07,-2.617540990765847661e-07,3.092727153931417172e-01,9.787056313648782868e-03,9.795842007784306971e-03,2.939492872682499258e-01
2.819999999999994398e-09,-1.202552592139230734e-06,-9.090565849525026533e-06,1.837865872246079724e-01,6.603804700189688792e-03,6.609228827282853311e-03,1.422093624746414153e-01,-6.940548643791015729e-07,-2.705621056486500172e-07,3.116746092170433746e-01,9.805912151052068385e-03,9.814697595402575164e-03,2.974962330173800962e-01
2.839999999999994329e-09,-1.207253010808358350e-06,-9.094782202707261674e-06,1.853837801659289908e-01,6.660912480677145392e-03,6.666384868513080056e-03,1.430653823918520418e-01,-7.020455488684086312e-07,-2.794453271053603308e-07,3.141230527275472584e-01,9.824556695854623836e-03,9.833340941276269911e-03,3.010596153575036960e-01
2.859999999999994260e-09,-1.211980612152981959e-06,-9.099040971377944523e-06,1.869894325823973635e-01,6.718107635867615578e-03,6.723628143709775573e-03,1.439318030411743110e-01,-7.098858991452987205e-07,-2.882678078604803486e-07,3.166194782486736470e-01,9.842992069712988915e-03,9.851774790859333525e-03,3.046389480617759937e-01
2.879999999999994191e-09,-1.216716024346951083e-06,-9.103321661736706331e-06,1.886036770241132643e-01,6.775388001160348103e-03,6.780956611618162676e-03,1.448086161382904080e-01,-7.176105292880029462e-07,-2.969618069303078469e-07,3.191583355466015015e-01,9.861219999558770016e-03,9.870001676051842754e-03,3.082362475503370169e-01
2.899999999999994122e-09,-1.221412757686632514e-06,-9.107719438902616576e-06,1.902266338919446909e-01,6.832751542070385729e-03,6.838368110436379710e-03,1.456958050596700305e-01,-7.252520964493816229e-07,-3.056905467359481778e-07,3.217398036663765004e-01,9.879243340396618236e-03,9.888023713610163273e-03,3.118514713465211363e-01
2.919999999999994052e-09,-1.226124236312662344e-06,-9.112286432169774942e-06,1.918584341499766643e-01,6.890196117561506878e-03,6.895860503786096357e-03,1.465933549631053268e-01,-7.327717936701597182e-07,-3.145025153862925865e-07,3.243633454935745397e-01,9.897064895235735058e-03,9.905843107285441929e-03,3.154845642580949572e-01
2.939999999999993983e-09,-1.230835000795768445e-06,-9.117024593783186012e-06,1.934991891075046044e-01,6.947719676808578569e-03,6.953431645566263142e-03,1.475012401897128345e-01,-7.401655113026307486e-07,-3.232731032580507997e-07,3.270262754336250577e-01,9.914686447974975503e-03,9.923462433262876178e-03,3.191364625755092610e-01
2.959999999999993914e-09,-1.235582154811413023e-06,-9.121924429228024086e-06,1.951489960631824228e-01,7.005320152323168612e-03,7.011079502137507712e-03,1.484194274462730112e-01,-7.474836419653430084e-07,-3.319643531867887417e-07,3.297300258096769188e-01,9.932109830780012222e-03,9.940883989676930002e-03,3.228065049066420333e-01
2.979999999999993845e-09,-1.240371503796479567e-06,-9.126970692849175110e-06,1.968079791548977275e-01,7.062995456870798001e-03,7.068801942731644042e-03,1.493478913727718793e-01,-7.547534465987491264e-07,-3.406902741787438076e-07,3.324751337463278111e-01,9.949337638935852948e-03,9.958109791194841992e-03,3.264942840475070218e-01
2.999999999999993776e-09,-1.245233025901624435e-06,-9.132193620767470018e-06,1.984762386067728812e-01,7.120743550060610466e-03,7.126596922458096686e-03,1.502865953830112011e-01,-7.619433400982092862e-07,-3.494778006767609451e-07,3.352610621291567949e-01,9.966372345737658373e-03,9.975142159027552621e-03,3.301998273757205116e-01
3.019999999999993707e-09,-1.250141074244532722e-06,-9.137532571903692530e-06,2.001538893014341014e-01,7.178562358983504692e-03,7.184462336551333643e-03,1.512355059248369216e-01,-7.690325412974529348e-07,-3.582152236468643679e-07,3.380896013623216345e-01,9.983216095765601664e-03,9.991983507938223888e-03,3.339222762754596729e-01
3.039999999999993638e-09,-1.255018463527279288e-06,-9.142949287483328769e-06,2.018410483782727416e-01,7.236449775294103923e-03,7.242396111960716643e-03,1.521945878960447307e-01,-7.760381141172915576e-07,-3.668717687976976820e-07,3.409630789687858599e-01,9.999870932059739398e-03,1.000863581278324879e-02,3.376605900165151053e-01
3.059999999999993569e-09,-1.259904849978242281e-06,-9.148507443338741766e-06,2.035378535277004020e-01,7.294403616380324903e-03,7.300396165604926269e-03,1.531638102972170956e-01,-7.829886385223849465e-07,-3.755227939751122538e-07,3.438811368728030837e-01,1.001633887888642334e-02,1.002510103577369284e-02,3.414147599434041447e-01
3.079999999999993500e-09,-1.264913967953483078e-06,-9.154191828077118918e-06,2.052444144797214154e-01,7.352421787714700369e-03,7.358460415293925812e-03,1.541431306880201302e-01,-7.898865769727629790e-07,-3.842198383163443363e-07,3.468419846798299067e-01,1.003262192120765554e-02,1.004138141413234847e-02,3.451853510667327596e-01
3.099999999999993431e-09,-1.270050536625155902e-06,-9.160031417878668257e-06,2.069608453782699475e-01,7.410502126635186947e-03,7.416586810149638533e-03,1.551325058718295291e-01,-7.967170767781191251e-07,-3.929026622487460473e-07,3.498475918335411383e-01,1.004872206423112514e-02,1.005747911368298254e-02,3.489714391036121688e-01
3.119999999999993362e-09,-1.275264791873333917e-06,-9.166019434111117992e-06,2.086872746753457297e-01,7.468642461277139044e-03,7.474773147449768201e-03,1.561318944031697131e-01,-8.034923450413494884e-07,-4.015151123319398391e-07,3.528970631388840262e-01,1.006464150293620574e-02,1.007339603874083875e-02,3.527732236581373471e-01
3.139999999999993293e-09,-1.280511290342378490e-06,-9.172119513599472936e-06,2.104238030668647841e-01,7.526840671111795396e-03,7.533017354401504162e-03,1.571412449914732778e-01,-8.102116940129059806e-07,-4.100984236674661941e-07,3.559884291611059015e-01,1.008038231350038942e-02,1.008913406219522427e-02,3.565913092676298302e-01
3.159999999999993224e-09,-1.285761909556294218e-06,-9.178360882676807545e-06,2.121705335728816810e-01,7.585094629811372884e-03,7.591317384523064635e-03,1.581605052095215458e-01,-8.168578656085854514e-07,-4.186980883279349033e-07,3.591222270239279868e-01,1.009594622037717632e-02,1.010469516742427097e-02,3.604252754046449181e-01
3.179999999999993155e-09,-1.291074309375810618e-06,-9.184768396185056212e-06,2.139275696895712453e-01,7.643402253857400040e-03,7.649671084899599752e-03,1.591896210468857209e-01,-8.234280380157804212e-07,-4.272948042510623318e-07,3.623015004098338876e-01,1.011133498575585328e-02,1.012008121364762342e-02,3.642735256277039868e-01
3.199999999999993086e-09,-1.296430895836958271e-06,-9.191266392746702367e-06,2.156950456881614464e-01,7.701761471719102692e-03,7.708076276667295314e-03,1.602285435440393147e-01,-8.299425620255557335e-07,-4.358342041108749277e-07,3.655271445226372373e-01,1.012655052327744894e-02,1.013529404150266197e-02,3.681355531891519761e-01
3.219999999999993016e-09,-1.301837036701657805e-06,-9.197887761300781851e-06,2.174730716495432981e-01,7.760170107689879845e-03,7.766530805854023056e-03,1.612772161168008755e-01,-8.363974389006247971e-07,-4.443280023276665039e-07,3.687975480074904278e-01,1.014159471734825749e-02,1.015033558417956228e-02,3.720119911657996381e-01
3.239999999999992947e-09,-1.307213148931341950e-06,-9.204677336418288684e-06,2.192617599956969698e-01,7.818626085861245592e-03,7.825032532748063541e-03,1.623355808259043798e-01,-8.427806735550629001e-07,-4.528234177405478379e-07,3.721143222272899065e-01,1.015646925705825099e-02,1.016520755565953997e-02,3.759019112225270298e-01
3.259999999999992878e-09,-1.312670188556052362e-06,-9.211544223759491069e-06,2.210612356463772521e-01,7.877127249320242663e-03,7.883579326325107495e-03,1.634035801045255198e-01,-8.490906282707452308e-07,-4.613183814763236386e-07,3.754778252656129633e-01,1.017117593898506263e-02,1.017991155961072217e-02,3.798049393171658017e-01
3.279999999999992809e-09,-1.318196482832222240e-06,-9.218566707147452091e-06,2.228716116988880558e-01,7.935671428354430096e-03,7.942169021354701652e-03,1.644811521278994604e-01,-8.553529212475004870e-07,-4.697729790514459329e-07,3.788866248073269327e-01,1.018571659122807088e-02,1.019444934733067416e-02,3.837215263250174369e-01
3.299999999999992740e-09,-1.323775243023018982e-06,-9.225723743736752514e-06,2.246929935114008459e-01,7.994256566657894150e-03,8.000799361603194715e-03,1.655682319606802122e-01,-8.615660307654038031e-07,-4.781711595094091301e-07,3.823443016546974604e-01,1.020009279490725028e-02,1.020882274980906140e-02,3.876497836603659541e-01
3.319999999999992671e-09,-1.329299604219180963e-06,-9.232988425579969591e-06,2.265255312839586366e-01,8.052880359043106118e-03,8.059468202003615411e-03,1.666647596888495841e-01,-8.677104381242941768e-07,-4.865524071966366561e-07,3.858497815716744328e-01,1.021430598683482037e-02,1.022303348922331753e-02,3.915899815927566530e-01
3.339999999999992602e-09,-1.334763140555341512e-06,-9.240325901886154122e-06,2.283693148977157528e-01,8.111540630025788901e-03,8.118173528654393928e-03,1.677706642061849718e-01,-8.737709563744249805e-07,-4.949151969963545637e-07,3.893987676037355405e-01,1.022835779087469081e-02,1.023708309193191619e-02,3.955438685807792232e-01
3.359999999999992533e-09,-1.340135193603547782e-06,-9.247709083727481458e-06,2.302244427814826577e-01,8.170235191843684686e-03,8.176913293733848939e-03,1.688858742742063990e-01,-8.797513995376668875e-07,-5.032262886548416694e-07,3.929912597549184428e-01,1.024225008024204873e-02,1.025097306201109941e-02,3.995111464828333125e-01
3.379999999999992464e-09,-1.345409847273748663e-06,-9.255148807136260743e-06,2.320910017964892269e-01,8.228961869141593680e-03,8.235685425647168087e-03,1.700103159572704248e-01,-8.856701545573774232e-07,-5.114815253640689464e-07,3.966267209096143165e-01,1.025598457159411329e-02,1.026470506132317120e-02,4.034917521311442989e-01
3.399999999999992395e-09,-1.350653529603742987e-06,-9.262623579988305477e-06,2.339690813529674840e-01,8.287718520347974252e-03,8.294487798304524609e-03,1.711439143207327540e-01,-8.915413099151876385e-07,-5.197051556538541006e-07,4.003089109097489051e-01,1.026956275100164399e-02,1.027828071508735119e-02,4.074837006138753992e-01
3.419999999999992326e-09,-1.355793109122824536e-06,-9.270164473667747381e-06,2.358588073885106717e-01,8.346503028520683987e-03,8.353318125868031477e-03,1.722865966470288890e-01,-8.973461284284422961e-07,-5.279052627227701289e-07,4.040399782379058280e-01,1.028298603451100433e-02,1.029170164944932624e-02,4.114856673578452528e-01
3.439999999999992257e-09,-1.360825908829620196e-06,-9.277832518594419703e-06,2.377602904312006715e-01,8.405313267244323219e-03,8.412174116450354261e-03,1.734382868894540353e-01,-9.030733743860175404e-07,-5.360736833259080774e-07,4.078208180975366193e-01,1.029625597544199349e-02,1.030496948128246416e-02,4.154969108735139804e-01
3.459999999999992188e-09,-1.365760222585124040e-06,-9.285556164092102440e-06,2.396736633493808111e-01,8.464146859881014132e-03,8.471053506767476163e-03,1.745989089391175586e-01,-9.087461267845917005e-07,-5.441978830359086510e-07,4.116517885718033454e-01,1.030937410487360942e-02,1.031808555918409254e-02,4.195170435563904676e-01
3.479999999999992119e-09,-1.370713308505443253e-06,-9.293390357934259020e-06,2.415990373144240866e-01,8.523001537748681189e-03,8.529954042238871437e-03,1.757683830560666516e-01,-9.143844180540922633e-07,-5.522880355541394327e-07,4.155314573445386128e-01,1.032234189596692268e-02,1.033105116282244558e-02,4.235465018707384455e-01
3.499999999999992050e-09,-1.375675412756162168e-06,-9.301313943854334863e-06,2.435365257879621159e-01,8.581874967064558393e-03,8.588873630788045402e-03,1.769466279529508523e-01,-9.199851172232817923e-07,-5.603522410713422380e-07,4.194626890582034973e-01,1.033516080324618260e-02,1.034386786242780937e-02,4.275836903617333817e-01
3.519999999999991981e-09,-1.380606758511483298e-06,-9.309290702368827269e-06,2.454862686714717190e-01,8.640764840762385490e-03,8.647809920223754193e-03,1.781335615551326579e-01,-9.255270279697443757e-07,-5.683754479982631750e-07,4.234487064349286012e-01,1.034783219579177120e-02,1.035653721561262224e-02,4.316266720845057248e-01
3.539999999999991911e-09,-1.385534794540618904e-06,-9.317197639070645866e-06,2.474484125004235979e-01,8.699668870775485383e-03,8.706760505293639416e-03,1.793290996315086983e-01,-9.310163554339083975e-07,-5.763428049856396635e-07,4.274859286793087354e-01,1.036035733332606006e-02,1.036906053493070849e-02,4.356770926550326273e-01
3.559999999999991842e-09,-1.390482336048091723e-06,-9.325053725440693076e-06,2.494230531215079760e-01,8.758584874214381255e-03,8.765723096134823630e-03,1.805331548682101162e-01,-9.364710788857023970e-07,-5.842528826522721531e-07,4.315759671535302489e-01,1.037273758397661699e-02,1.038143901632540382e-02,4.397339869674042334e-01
3.579999999999991773e-09,-1.395475945149453571e-06,-9.332914182476583962e-06,2.514103514143241624e-01,8.817510398339375999e-03,8.824695336727169173e-03,1.817456388786573562e-01,-9.418969668542807328e-07,-5.921170668586415159e-07,4.357190009008976572e-01,1.038497440893526927e-02,1.039367394680634944e-02,4.437969425549795344e-01
3.599999999999991704e-09,-1.400565328017121282e-06,-9.340844087936020474e-06,2.534104020044521399e-01,8.876443229502777379e-03,8.883674973254446910e-03,1.829664611416718933e-01,-9.472751259701008992e-07,-5.999431788352447878e-07,4.399094796873351254e-01,1.039706906633004052e-02,1.040576675216956654e-02,4.478684874574375141e-01
3.619999999999991635e-09,-1.405655749920960329e-06,-9.348871315924839483e-06,2.554233000454925184e-01,8.935381136546018468e-03,8.942659739335974758e-03,1.841955300703292664e-01,-9.526027762956619374e-07,-6.077484194252840277e-07,4.441452550373745090e-01,1.040902285561695617e-02,1.041771888698329526e-02,4.519495105445786587e-01
3.639999999999991566e-09,-1.410789363634888425e-06,-9.357110656767737389e-06,2.574491126922355266e-01,8.994321989512820206e-03,9.001647447056447190e-03,1.854327537631131340e-01,-9.578906372323582810e-07,-6.155331669709364008e-07,4.484257898350656468e-01,1.042083726508482265e-02,1.042953172935141143e-02,4.560399887720271161e-01
3.659999999999991497e-09,-1.416076362701668220e-06,-9.365510647382310573e-06,2.594879260427145895e-01,9.053263560902606241e-03,9.060635931519570724e-03,1.866780389002850316e-01,-9.631570904634853467e-07,-6.232752963284336266e-07,4.527582456801892974e-01,1.043251357354291371e-02,1.044120651178906574e-02,4.601356852812756304e-01
3.679999999999991428e-09,-1.421549953326031990e-06,-9.374057767911185917e-06,2.615398852262297846e-01,9.112203509430358284e-03,9.119622782629366667e-03,1.879312882178764965e-01,-9.683983798291684521e-07,-6.309568094668182787e-07,4.571454872143653758e-01,1.044405294919210567e-02,1.045274447607317386e-02,4.642348718104648553e-01
3.699999999999991359e-09,-1.427162360301911249e-06,-9.382784561842594053e-06,2.636051050490328951e-01,9.171139464720487813e-03,9.178605705921228861e-03,1.891924041149591895e-01,-9.735801295973527326e-07,-6.386118046683866626e-07,4.615878725208329425e-01,1.045545673053180878e-02,1.046414687931283838e-02,4.683370676076331063e-01
3.719999999999991290e-09,-1.432856086461008293e-06,-9.391720571440996255e-06,2.656837311950190905e-01,9.230068733061027805e-03,9.237582429124877384e-03,1.904612850966833637e-01,-9.787067162552055799e-07,-6.462682446481325238e-07,4.660846854436577202e-01,1.046672631430293175e-02,1.047541505647609471e-02,4.724424361690658936e-01
3.739999999999991634e-09,-1.438511946356172484e-06,-9.400836808744716833e-06,2.677758668067359293e-01,9.288989068513218636e-03,9.296550498514808206e-03,1.917378309300400152e-01,-9.837904811595908487e-07,-6.539020252039447144e-07,4.706312709486074608e-01,1.047786306321060387e-02,1.048655029822848604e-02,4.765531687694024021e-01
3.759999999999991979e-09,-1.444131097442693416e-06,-9.410151412019684682e-06,2.698816020146524441e-01,9.347898227249417519e-03,9.355507641714860823e-03,1.930219412688513325e-01,-9.888199586513066513e-07,-6.614683045084940434e-07,4.752260176796142543e-01,1.048886812550341510e-02,1.049755389712775204e-02,4.806696910051506677e-01
3.779999999999992323e-09,-1.449813873230831623e-06,-9.419645226902972630e-06,2.720010192109488800e-01,9.406793874523563040e-03,9.414451743675151738e-03,1.943135155174492423e-01,-9.937945375245040834e-07,-6.689470508987760300e-07,4.798708950792689998e-01,1.049974263438085975e-02,1.050842729474935934e-02,4.847905909594476537e-01
3.799999999999992668e-09,-1.455507105588116702e-06,-9.429258729688795525e-06,2.741342276584430859e-01,9.465673744695099825e-03,9.473380542935415372e-03,1.956124492323020603e-01,-9.987010386881310712e-07,-6.763717149222627985e-07,4.845664402708604324e-01,1.051048791621878205e-02,1.051917171404030682e-02,4.889152813999593228e-01
3.819999999999993012e-09,-1.461186651411235394e-06,-9.438968516670485340e-06,2.762813126542472686e-01,9.524535610874974509e-03,9.532291839400552566e-03,1.969186394489163550e-01,-1.003550083361487715e-06,-6.837613002143286977e-07,4.893088934195620743e-01,1.052110532895547679e-02,1.052978827091074696e-02,4.930455993938170911e-01
3.839999999999993357e-09,-1.466729645488653243e-06,-9.448774550950658394e-06,2.784423380557151106e-01,9.583377329835255157e-03,9.591183468499032624e-03,1.982319851348481321e-01,-1.008338519283551495e-06,-6.910963910753219537e-07,4.941021934074196209e-01,1.053159627094431804e-02,1.054027823969035278e-02,4.971788677032404902e-01
3.859999999999993702e-09,-1.472062879145650679e-06,-9.458643908819759321e-06,2.806174308467815348e-01,9.642196485996000835e-03,9.650053017234145117e-03,1.995523756502893542e-01,-1.013041891328520989e-06,-6.983373291750456491e-07,4.989458031185282083e-01,1.054196199785419757e-02,1.055064301965843825e-02,5.013150926049437794e-01
3.879999999999994046e-09,-1.477161121297312499e-06,-9.468570564075584790e-06,2.828066458643467840e-01,9.700990975906442076e-03,9.708898256087918760e-03,2.008797096426215567e-01,-1.017672187971283812e-06,-7.054771825679117517e-07,5.038384692773065776e-01,1.055220374241389557e-02,1.056088399827583707e-02,5.054545915765652486e-01
3.899999999999994391e-09,-1.481982309366935147e-06,-9.478492859659463010e-06,2.850100932456858804e-01,9.759758521058139666e-03,9.767716837200788801e-03,2.022138763202434020e-01,-1.022227445747613578e-06,-7.125468287722496716e-07,5.087861002045154235e-01,1.056232276888281058e-02,1.057100233082316869e-02,5.095935358437030382e-01
3.919999999999994735e-09,-1.486580670099803837e-06,-9.488374320494335722e-06,2.872278915289626089e-01,9.818496785586773926e-03,9.826506304721449939e-03,2.035547619155400889e-01,-1.026716481064953257e-06,-7.195472254079866009e-07,5.137849360648771846e-01,1.057232020536746052e-02,1.058099904557867343e-02,5.137338839768138543e-01
3.939999999999995080e-09,-1.490986322761444011e-06,-9.498129804610309123e-06,2.894601052997372581e-01,9.877203513713947447e-03,9.885264478651376724e-03,2.049022608382352340e-01,-1.031135933388413706e-06,-7.264396216021598385e-07,5.188355139815585826e-01,1.058219721591468349e-02,1.059087533853986067e-02,5.178748712451687330e-01
3.959999999999995424e-09,-1.495176718414245200e-06,-9.507773511004311392e-06,2.917068565021286863e-01,9.935876232310876868e-03,9.943988917327778801e-03,2.062562558379766597e-01,-1.035460756379966935e-06,-7.331935228804698182e-07,5.239387291579489236e-01,1.059195501161807815e-02,1.060063254240155121e-02,5.220156472458177266e-01
3.979999999999995769e-09,-1.499194046790074408e-06,-9.517288871309943218e-06,2.939682168636690851e-01,9.994512789970504477e-03,1.000267741040992281e-02,2.076166381335483591e-01,-1.039707366758198684e-06,-7.398148939130956077e-07,5.290926121585504127e-01,1.060159481522926668e-02,1.061027184898297171e-02,5.261571002324262336e-01
3.999999999999996113e-09,-1.503099406243316165e-06,-9.526664840496164931e-06,2.962442830921999115e-01,1.005311085778955865e-02,1.006132769210331748e-02,2.089832928267880141e-01,-1.043880842432294526e-06,-7.463360968852226166e-07,5.342987743465088535e-01,1.061111793021313719e-02,1.061979447377504188e-02,5.302978372898439208e-01
4.019999999999996458e-09,-1.506909288554569567e-06,-9.536003039950137567e-06,2.985351424528742692e-01,1.011166806915760573e-02,1.011993752164608469e-02,2.103561059114236187e-01,-1.047973077227425618e-06,-7.527795012194978792e-07,5.395566786055429054e-01,1.062052550250100480e-02,1.062920156489932655e-02,5.344378116567829462e-01
4.039999999999996802e-09,-1.510537069225949725e-06,-9.545418536689217602e-06,3.008408828585512063e-01,1.017018215819633954e-02,1.017850464382274132e-02,2.117349621618363764e-01,-1.051987350455722897e-06,-7.591380767504143498e-07,5.448641764599095882e-01,1.062981862877475543e-02,1.063849423330463957e-02,5.385780445404159122e-01
4.059999999999997147e-09,-1.514050299883072142e-06,-9.554854399109635770e-06,3.031615645272451864e-01,1.022865092137136174e-02,1.023702679711214168e-02,2.131197518952397951e-01,-1.055924054524975069e-06,-7.653939131655858951e-07,5.502250277516516075e-01,1.063899847250290680e-02,1.064767376662793807e-02,5.427157868275023223e-01
4.079999999999997491e-09,-1.517446439443110965e-06,-9.564373305622107059e-06,3.054973150301019125e-01,1.028707200383661632e-02,1.029550154936396608e-02,2.145103480242248339e-01,-1.059782013223640072e-06,-7.715326024675780055e-07,5.556408438435261887e-01,1.064806617119785741e-02,1.065674130937185882e-02,5.468496987774910112e-01
4.099999999999997836e-09,-1.520730761661246217e-06,-9.574008799116156583e-06,3.078482098261051680e-01,1.034544324593157302e-02,1.035392657387669731e-02,2.159066351378430837e-01,-1.063539484401602607e-06,-7.775687051467270255e-07,5.611076858607960682e-01,1.065702294260209050e-02,1.066569787228152655e-02,5.509818596266503610e-01
4.119999999999998180e-09,-1.523912309946361328e-06,-9.583695952357974721e-06,3.102143295214253027e-01,1.040376249837643083e-02,1.041229948932546889e-02,2.173084955028093956e-01,-1.067189478945552066e-06,-7.835193629617767214e-07,5.666260909265886658e-01,1.066586993053958085e-02,1.067454449163118303e-02,5.551114106405322657e-01
4.139999999999998525e-09,-1.526958359732177171e-06,-9.593393639220143681e-06,3.125957535241334351e-01,1.046202723378857752e-02,1.047061821907119099e-02,2.187158107254984774e-01,-1.070757294392206395e-06,-7.893684721233531926e-07,5.722017883216123924e-01,1.067460818582418106e-02,1.068328228927420583e-02,5.592341247376491076e-01
4.159999999999998869e-09,-1.529954677939963033e-06,-9.602980676492115975e-06,3.149926247095723442e-01,1.052023505090667055e-02,1.052888013249982796e-02,2.201284431377753537e-01,-1.074266775922903486e-06,-7.950888242919805455e-07,5.778335247699487587e-01,1.068323873366780995e-02,1.069191246657957145e-02,5.633505195613479621e-01
4.179999999999999214e-09,-1.532925416441855422e-06,-9.612573226849998573e-06,3.174050053694679185e-01,1.057838382550887676e-02,1.058708301574800940e-02,2.215462766855174903e-01,-1.077722702852009106e-06,-8.006665452602515044e-07,5.835157500376615403e-01,1.069176263450889557e-02,1.070043616095494449e-02,5.674640054097638275e-01
4.199999999999999558e-09,-1.535929268393038595e-06,-9.622152092069238409e-06,3.198329726220288660e-01,1.063647122981675741e-02,1.064522467032399770e-02,2.229691901405412291e-01,-1.081100834844090746e-06,-8.061114536413657640e-07,5.892504335673059979e-01,1.070018104459512405e-02,1.070885439210984835e-02,5.715728933651589294e-01
4.219999999999999903e-09,-1.538917401686525618e-06,-9.631875058717497893e-06,3.222766084208316673e-01,1.069449501456556408e-02,1.070330294118536363e-02,2.243970598189008736e-01,-1.084371379919707727e-06,-8.114577793028445915e-07,5.950361430428952048e-01,1.070849511851660815e-02,1.071716812369656949e-02,5.756777830261179396e-01
4.240000000000000248e-09,-1.541861377294406189e-06,-9.641805025197808951e-06,3.247359711415437888e-01,1.075245297417141629e-02,1.076131557864595453e-02,2.258297686000098337e-01,-1.087536197536202645e-06,-8.167171239245023852e-07,6.008759221465646005e-01,1.071670597735364244e-02,1.072537843433093302e-02,5.797761207276883599e-01
4.260000000000000592e-09,-1.544856412681196481e-06,-9.651913751917732547e-06,3.272111748465000858e-01,1.081034272860564860e-02,1.081926036333163629e-02,2.272671802676088371e-01,-1.090628004599235290e-06,-8.218727157369152118e-07,6.067731726402608716e-01,1.072481465481407020e-02,1.073348643465120086e-02,5.838651496862139467e-01
4.280000000000000937e-09,-1.547932804264570343e-06,-9.662170542719930230e-06,3.297023138144750676e-01,1.086816192495164077e-02,1.087713511336298178e-02,2.287091636064287059e-01,-1.093677257967883359e-06,-8.269099949816960607e-07,6.127218071701715507e-01,1.073282212967149700e-02,1.074149319533717652e-02,5.879486933363905488e-01
4.300000000000001281e-09,-1.551095656688690492e-06,-9.672529528682958112e-06,3.322094307724107187e-01,1.092590848740958298e-02,1.093493782702148129e-02,2.301556040268192549e-01,-1.096692578047507103e-06,-8.318280436537662862e-07,6.187178868617385641e-01,1.074072945170806599e-02,1.074939985726777736e-02,5.920290252824980115e-01
4.320000000000001626e-09,-1.554375595909179736e-06,-9.683046125109894697e-06,3.347325735024839766e-01,1.098358038596382313e-02,1.099266627991908434e-02,2.316063847927036512e-01,-1.099651450150176502e-06,-8.366394194879345100e-07,6.247601584391468954e-01,1.074853772164909536e-02,1.075720750622190247e-02,5.961066139629885852e-01
4.340000000000001970e-09,-1.557752449957494857e-06,-9.693806693812511988e-06,3.372717686249890878e-01,1.104117559084019304e-02,1.105031840564126532e-02,2.330613963910098674e-01,-1.102530775789070237e-06,-8.413575818039114242e-07,6.308505913449946600e-01,1.075624804150147364e-02,1.076491714512458307e-02,6.001796350576311667e-01
4.360000000000002315e-09,-1.561298408397906571e-06,-9.704912651063728510e-06,3.398270842325060159e-01,1.109869186226656798e-02,1.110789193547321620e-02,2.345205135433611476e-01,-1.105331811394528799e-06,-8.459894271687788385e-07,6.369927663811696394e-01,1.076386147502233007e-02,1.077252978874381449e-02,6.042451435834542695e-01
4.380000000000002659e-09,-1.564948331413016999e-06,-9.716263955525210666e-06,3.423985852690736298e-01,1.115612708765100457e-02,1.116538477798884391e-02,2.359836113006674174e-01,-1.108067938823258830e-06,-8.505271082901213026e-07,6.431850721919221137e-01,1.077137903902325271e-02,1.078004646588912041e-02,6.083038952978985225e-01
4.400000000000003004e-09,-1.568712372512876859e-06,-9.727873747087899383e-06,3.449863194923790677e-01,1.121347929329158735e-02,1.122279491410726679e-02,2.374505705744732187e-01,-1.110751743213139099e-06,-8.549661627016287697e-07,6.494258974216736702e-01,1.077880180858433595e-02,1.078746826035184223e-02,6.123566122676581402e-01
4.420000000000003348e-09,-1.572487894740709247e-06,-9.739669172433256170e-06,3.475903317700799744e-01,1.127074637405596838e-02,1.128012021009890120e-02,2.389212728184243462e-01,-1.113377489520611415e-06,-8.593119289644704017e-07,6.557204342317621837e-01,1.078613085585571930e-02,1.079479628387228565e-02,6.163990946244055635e-01
4.440000000000003693e-09,-1.576121923359863478e-06,-9.751748197221995880e-06,3.502107263803642678e-01,1.132792614464711752e-02,1.133735827863536182e-02,2.403955745174217451e-01,-1.115914504731762428e-06,-8.635613746451297728e-07,6.620704730248623271e-01,1.079336716407373366e-02,1.080203158181725770e-02,6.204296209228964409e-01
4.460000000000004037e-09,-1.579574854682508160e-06,-9.764091632010149535e-06,3.528475662218019115e-01,1.138501648626942878e-02,1.139450708324348145e-02,2.418733477538239363e-01,-1.118334828369123697e-06,-8.677019324099225359e-07,6.684738653253202711e-01,1.080051168007174420e-02,1.080917513716685499e-02,6.244492828049448274e-01
4.480000000000004382e-09,-1.582794381389155905e-06,-9.776702085387954400e-06,3.555009293526895653e-01,1.144201534245468249e-02,1.145156432642370666e-02,2.433544572076752344e-01,-1.120643931653729997e-06,-8.717309911273444482e-07,6.749322224959340977e-01,1.080756543101075128e-02,1.081622795678800417e-02,6.284564393738165666e-01
4.500000000000004726e-09,-1.585822961102161586e-06,-9.789583394437580556e-06,3.581708947787520803e-01,1.149892050549546074e-02,1.150852790333905910e-02,2.448387658593971505e-01,-1.122870904777380362e-06,-8.756502962590352197e-07,6.814416056622716322e-01,1.081452952582045296e-02,1.082319107658994729e-02,6.324536271237911622e-01
4.520000000000005071e-09,-1.588663988459054112e-06,-9.802812961920120334e-06,3.608574940296987443e-01,1.155573004383492544e-02,1.156539572513226241e-02,2.463261564862342379e-01,-1.125036462737675222e-06,-8.794657543110714498e-07,6.880039842669040118e-01,1.082140497417803313e-02,1.083006548004922937e-02,6.364388689543718503e-01
4.540000000000005415e-09,-1.591378213677396365e-06,-9.816403894380558865e-06,3.635608265196973443e-01,1.161244174176438021e-02,1.162216550980131081e-02,2.478164808028416877e-01,-1.127143115758739282e-06,-8.831849177549876705e-07,6.946181050338688934e-01,1.082819273138492001e-02,1.083685214418307619e-02,6.404127256887798270e-01
4.560000000000005760e-09,-1.593942072717736375e-06,-9.830233582404899090e-06,3.662809076696246224e-01,1.166905370360068854e-02,1.167883534883791194e-02,2.493096274817583335e-01,-1.129179001882969676e-06,-8.868016607683689045e-07,7.012807452482308079e-01,1.083489380522227770e-02,1.084355205149503155e-02,6.443772519835275769e-01
4.580000000000006104e-09,-1.596349615729843561e-06,-9.844244619882758134e-06,3.690177985269598171e-01,1.172556381117161907e-02,1.173540326821940517e-02,2.508054636777322655e-01,-1.131124561318780964e-06,-8.903038115847681793e-07,7.079951276318998676e-01,1.084150918369541743e-02,1.085016616253560960e-02,6.483295643196115288e-01
4.600000000000006449e-09,-1.598578918357473742e-06,-9.858396216703551665e-06,3.717715490414157387e-01,1.178196999686653007e-02,1.179186723457898052e-02,2.523038608973673935e-01,-1.132976633450931794e-06,-8.936808660180161367e-07,7.147610731483075019e-01,1.084803980382211507e-02,1.085669544140235344e-02,6.522693111827930768e-01
4.620000000000006794e-09,-1.600605880676660443e-06,-9.872609498758841225e-06,3.745422166256461849e-01,1.183827027054321426e-02,1.184822508501280972e-02,2.538046862049113117e-01,-1.134746591600362383e-06,-8.969228094655251646e-07,7.215773285215453248e-01,1.085448661390457127e-02,1.086314088359304972e-02,6.561970485797153918e-01
4.640000000000007138e-09,-1.602469094644966697e-06,-9.886957768081529107e-06,3.773298353194057819e-01,1.189446267539063205e-02,1.190447496296583377e-02,2.553078172303289151e-01,-1.136442595548418120e-06,-9.000332899916148137e-07,7.284379854379660069e-01,1.086085054998827196e-02,1.086950350804171371e-02,6.601170604231743066e-01
4.660000000000007483e-09,-1.604126737072886894e-06,-9.901444853523484727e-06,3.801343941391030490e-01,1.195054541504748762e-02,1.196061509127499187e-02,2.568131534993416953e-01,-1.138067762202462375e-06,-9.030287171911081674e-07,7.353437600609147307e-01,1.086713262378930997e-02,1.087578430825648923e-02,6.640282435009654538e-01
4.680000000000007827e-09,-1.605593070354430123e-06,-9.916053801588301057e-06,3.829559342941988853e-01,1.200651669281553070e-02,1.201664345289480892e-02,2.583205683170069489e-01,-1.139620127816219074e-06,-9.059217352704920793e-07,7.423007397512078054e-01,1.087333389717631306e-02,1.088198422994143301e-02,6.679251799440409920e-01
4.700000000000008172e-09,-1.606875137592493976e-06,-9.930762219700113518e-06,3.857945126349216491e-01,1.206237445516545985e-02,1.207255813145796490e-02,2.598299260939166411e-01,-1.141089903842479802e-06,-9.087182406851491437e-07,7.493094616319792012e-01,1.087945532364932924e-02,1.088810416845078372e-02,6.718070130765633197e-01
4.720000000000008516e-09,-1.607995635183830761e-06,-9.945695376208634885e-06,3.886501748073129536e-01,1.211811686580708397e-02,1.212835723593617965e-02,2.613410960485303969e-01,-1.142469568058565559e-06,-9.114221345720854206e-07,7.563675981876423204e-01,1.088549779067970666e-02,1.089414504371465434e-02,6.756752736665559977e-01
4.740000000000008861e-09,-1.608997570187787464e-06,-9.960803709409513535e-06,3.915229495194286757e-01,1.217374203316242721e-02,1.218403901981750248e-02,2.628539555037589515e-01,-1.143767599944899613e-06,-9.140337035058015145e-07,7.634735380623900447e-01,1.089146219512200295e-02,1.090010780766339886e-02,6.795308187215840512e-01
4.760000000000009205e-09,-1.609928436195198169e-06,-9.976082643844994891e-06,3.944128629410360576e-01,1.222924803376105977e-02,1.223960166863188349e-02,2.643683826253186431e-01,-1.144998263872556162e-06,-9.165488179689430989e-07,7.706285345391227226e-01,1.089734947049296639e-02,1.090599340408005859e-02,6.833720593518645137e-01
4.780000000000009550e-09,-1.610823509367593814e-06,-9.991453475979982256e-06,3.973199571259117824e-01,1.228463303516103521e-02,1.229504344945079458e-02,2.658842462941654050e-01,-1.146173918877746968e-06,-9.189662435126786089e-07,7.778340199408775302e-01,1.090316060868075712e-02,1.091180281866595617e-02,6.871973605657397677e-01
4.800000000000009894e-09,-1.611692112902674051e-06,-1.000682692052440729e-05,4.002442731068814874e-01,1.233989532419938265e-02,1.235036246127859186e-02,2.674014150915882126e-01,-1.147301507727917110e-06,-9.212874484284223496e-07,7.850887409919666826e-01,1.090889659219941056e-02,1.091753703321914071e-02,6.910073748122947945e-01
4.820000000000010239e-09,-1.612520233428037129e-06,-1.002210990947936346e-05,4.031858372448568484e-01,1.239503308565639839e-02,1.240555698422991446e-02,2.689197649675607593e-01,-1.148374934130745475e-06,-9.235097009270136753e-07,7.923918024962378626e-01,1.091455831030468775e-02,1.092319696488836152e-02,6.948023339791037367e-01
4.840000000000010583e-09,-1.613214871045678070e-06,-1.003721924625411576e-05,4.061446795512062002e-01,1.245004462683057048e-02,1.246062516067035671e-02,2.704391691103997797e-01,-1.149385964160083584e-06,-9.256308424073605324e-07,7.997446367762506281e-01,1.092014661241485357e-02,1.092878348012080864e-02,6.985805292446715109e-01
4.860000000000010928e-09,-1.613765616579123529e-06,-1.005219257106043614e-05,4.091208415723822656e-01,1.250492812757408347e-02,1.251556519473961439e-02,2.719594934032321110e-01,-1.150329026036868239e-06,-9.276527798126565858e-07,8.071445582364231708e-01,1.092566235535386357e-02,1.093429741780844837e-02,7.023437975482280660e-01
4.880000000000011272e-09,-1.614185858303166102e-06,-1.006692478700394838e-05,4.121143219748691910e-01,1.255968191726103238e-02,1.257037547373206048e-02,2.734806279071413937e-01,-1.151206292323004413e-06,-9.295765855655040141e-07,8.145912088001969753e-01,1.093110641243045036e-02,1.093973963159325206e-02,7.060919693229313898e-01
4.900000000000011617e-09,-1.614466824638774753e-06,-1.008149604960793537e-05,4.151251573313841092e-01,1.261430431349035326e-02,1.262505426750792914e-02,2.750024399277630205e-01,-1.152025012416341084e-06,-9.314085875965375742e-07,8.220870950296791380e-01,1.093647964774718817e-02,1.094511096965146250e-02,7.098224592745133732e-01
4.920000000000011961e-09,-1.614687542854098359e-06,-1.009597150527943433e-05,4.181533735061957469e-01,1.266879365065675007e-02,1.267959981459213306e-02,2.765248023251541953e-01,-1.152786865317542591e-06,-9.331627005438156131e-07,8.296349025272261590e-01,1.094178299947964027e-02,1.095041235903909498e-02,7.135324275362066038e-01
4.940000000000012306e-09,-1.614747111416509902e-06,-1.011033173190903535e-05,4.211990363657482916e-01,1.272314813878222192e-02,1.273401049724385073e-02,2.780475628733277138e-01,-1.153491022004766138e-06,-9.348456169152569137e-07,8.372323037776725485e-01,1.094701742869462653e-02,1.095564477127270939e-02,7.172234421060711407e-01
4.960000000000012650e-09,-1.614620437863497877e-06,-1.012455222955696042e-05,4.242621445124519219e-01,1.277736625402055813e-02,1.278828466973258582e-02,2.795706094238850081e-01,-1.154137046240412741e-06,-9.364550761587872724e-07,8.448746437466059245e-01,1.095218380203932806e-02,1.096080909949119497e-02,7.208991873711445564e-01
4.980000000000012995e-09,-1.614371398333873453e-06,-1.013859467569668467e-05,4.273427101270478867e-01,1.283144646605846421e-02,1.284242067744075649e-02,2.810938211057428249e-01,-1.154729387216928437e-06,-9.379901240095324262e-07,8.525638918763095431e-01,1.095728293409516628e-02,1.096590618002043702e-02,7.245574322093482067e-01
5.000000000000013340e-09,-1.614009961344382793e-06,-1.015245097088921478e-05,4.304407534277315817e-01,1.288538700594002266e-02,1.289641700524678074e-02,2.826170715440051162e-01,-1.155275968389727315e-06,-9.394554454947376675e-07,8.603004062495811510e-01,1.096231558355616892e-02,1.097093680125727465e-02,7.281973777873601561e-01
5.020000000000013684e-09,-1.613569497062213819e-06,-1.016614371227078809e-05,4.335562899417979010e-01,1.293918643024744540e-02,1.295027195476384542e-02,2.841402365854044931e-01,-1.155780229142945466e-06,-9.408579731986224247e-07,8.680850820690436676e-01,1.096728253589699699e-02,1.097590175165545287e-02,7.318177708496937939e-01
5.040000000000014029e-09,-1.613089556236882377e-06,-1.017965590221273279e-05,4.366893490951639367e-01,1.299284317592819780e-02,1.300398391592430709e-02,2.856631825016037185e-01,-1.156245849324940497e-06,-9.422027715592513325e-07,8.759189935774517322e-01,1.097218462275534150e-02,1.098080185834839941e-02,7.354171304026764222e-01
5.060000000000014373e-09,-1.612503388659076364e-06,-1.019300049983715641e-05,4.398399579000180637e-01,1.304635570103021384e-02,1.305755134705974436e-02,2.871857762905714595e-01,-1.156671677071114705e-06,-9.434934689998522695e-07,8.838010665387490139e-01,1.097702271681617013e-02,1.098563800004444257e-02,7.389959347379674304e-01
5.080000000000014718e-09,-1.611762255003303589e-06,-1.020612125844379892e-05,4.430081330017519581e-01,1.309972253474971440e-02,1.311097278538598219e-02,2.887078910165122303e-01,-1.157049722620824380e-06,-9.447312943015340400e-07,8.917327332757691849e-01,1.098179770779141549e-02,1.099041105783308755e-02,7.425524133664572757e-01
5.100000000000015062e-09,-1.610766862188481946e-06,-1.021903095692343952e-05,4.461939166238437227e-01,1.315294208163503460e-02,1.316424672025272129e-02,2.902293818931071523e-01,-1.157372663633153494e-06,-9.459147380852360911e-07,8.997111291532843280e-01,1.098651046180297748e-02,1.099512189941726295e-02,7.460887916668186293e-01
5.120000000000015407e-09,-1.609450317515364373e-06,-1.023174002407378603e-05,4.493972922032742900e-01,1.320601298166953520e-02,1.321737174107093758e-02,2.917501428681529285e-01,-1.157639787539771696e-06,-9.470454364031119407e-07,9.077326733761987843e-01,1.099116179630165412e-02,1.099977133649911697e-02,7.496078975001423395e-01
5.140000000000015751e-09,-1.607862865071918142e-06,-1.024432895404156995e-05,4.526182611651093368e-01,1.325893386513915528e-02,1.327034646644306877e-02,2.932700554679926186e-01,-1.157861483384921099e-06,-9.481323342048258578e-07,9.157987982668990279e-01,1.099575248600080830e-02,1.100436011966723568e-02,7.531079121394745890e-01
5.160000000000016096e-09,-1.606074392547212750e-06,-1.025690290398149524e-05,4.558568228559833346e-01,1.331170335210836095e-02,1.332316950900756629e-02,2.947890021908113334e-01,-1.158050993256970711e-06,-9.491874310128451385e-07,9.239095038283575700e-01,1.100028327666114150e-02,1.100888900851791467e-02,7.565883829331266908e-01
5.180000000000016440e-09,-1.604165117742949346e-06,-1.026942264123291009e-05,4.591129782638386780e-01,1.336432006508182085e-02,1.337583940002058311e-02,2.963068639513490865e-01,-1.158209627347583851e-06,-9.502150712526571781e-07,9.320631787044515448e-01,1.100475492888553820e-02,1.101335882762363196e-02,7.600504000595701415e-01
5.200000000000016785e-09,-1.602113286961912425e-06,-1.028186718164009013e-05,4.623867081856841699e-01,1.341678279846706193e-02,1.342835484998621855e-02,2.978235354911532018e-01,-1.158331948262911452e-06,-9.512108607711102096e-07,9.402578534593223347e-01,1.100916824116027898e-02,1.101777039514362060e-02,7.634953827257295877e-01
5.220000000000017129e-09,-1.599886191210117443e-06,-1.029420489093141882e-05,4.656779912760790618e-01,1.346909033860618082e-02,1.348071457474863018e-02,2.993389129663669990e-01,-1.158421034687125050e-06,-9.521685753253751084e-07,9.484944232957501775e-01,1.101352402379577634e-02,1.102212446890178492e-02,7.669219675303270423e-01
5.240000000000017474e-09,-1.597479135473871067e-06,-1.030641020701679114e-05,4.689868186100689673e-01,1.352124154141175552e-02,1.353291724587379896e-02,3.008528834033690202e-01,-1.158486997946083238e-06,-9.530856667776616054e-07,9.567768270951062526e-01,1.101782308974474239e-02,1.102642179564857286e-02,7.703258216964246063e-01
5.260000000000017818e-09,-1.594952709486461455e-06,-1.031835615759775481e-05,4.723132133415570144e-01,1.357323495742531264e-02,1.358496151688028293e-02,3.023653101008251243e-01,-1.158537167556652944e-06,-9.539649648290439341e-07,9.651075714194681243e-01,1.102206625200628787e-02,1.103066317170578632e-02,7.737040339529772659e-01
5.280000000000018163e-09,-1.592279215013545618e-06,-1.033007652838300541e-05,4.756571944426229992e-01,1.362506924952306200e-02,1.363684606197407279e-02,3.038760584941793130e-01,-1.158568770341541700e-06,-9.548096367201624081e-07,9.734852239528969386e-01,1.102625432390810789e-02,1.103484946412452809e-02,7.770574973001947994e-01
5.300000000000018507e-09,-1.589468012048716246e-06,-1.034172153951822737e-05,4.790187686507108022e-01,1.367674316252764748e-02,1.368856957816363962e-02,3.053850022534261299e-01,-1.158579123797903115e-06,-9.556273329223750966e-07,9.819088894989838057e-01,1.103038806869333262e-02,1.103898145973381678e-02,7.803866289316837568e-01
5.320000000000018852e-09,-1.586586834121856990e-06,-1.035332519117740941e-05,4.823979444302869957e-01,1.372825535868475721e-02,1.374013085249963656e-02,3.068920131276673402e-01,-1.158571314811170770e-06,-9.564235897686472278e-07,9.903808955795547764e-01,1.103446821270509005e-02,1.104305985274686534e-02,7.836886010227177568e-01
5.340000000000019196e-09,-1.583639923915019885e-06,-1.036489393583685096e-05,4.857947545409264656e-01,1.377960455010602929e-02,1.379152867938456851e-02,3.083969437201888319e-01,-1.158551628877311712e-06,-9.572016768710849374e-07,9.988980194790033629e-01,1.103849546680948923e-02,1.104708535279935386e-02,7.869661387779621764e-01
5.360000000000019541e-09,-1.580622934151050675e-06,-1.037644985760052031e-05,4.892091709710487124e-01,1.383078970035094349e-02,1.384276185833470917e-02,3.098996920374482711e-01,-1.158519397203217984e-06,-9.579673834164599786e-07,1.007457575601511612e+00,1.104247053202300072e-02,1.105105869886190660e-02,7.902214966956012665e-01
5.380000000000019885e-09,-1.577452486854049079e-06,-1.038797059249214599e-05,4.926411958544175684e-01,1.388180959639965725e-02,1.389382925749439550e-02,3.114001327167138511e-01,-1.158468541303583515e-06,-9.587196348780321235e-07,1.016059026830307133e+00,1.104639413803022198e-02,1.105498062678123873e-02,7.934548084619964525e-01
5.400000000000020230e-09,-1.574187023208742949e-06,-1.039946431787338517e-05,4.960907950193433891e-01,1.393266331868493399e-02,1.394472981235483043e-02,3.128981681175223573e-01,-1.158401276954495560e-06,-9.594542487017663033e-07,1.024701836048653281e+00,1.105026704284362872e-02,1.105885184348419890e-02,7.966661443663489717e-01
5.420000000000020575e-09,-1.570847039219733813e-06,-1.041099625066256832e-05,4.995579646505908245e-01,1.398334979206539673e-02,1.399546256474740527e-02,3.143936767048401970e-01,-1.158324530637684764e-06,-9.601761020600373320e-07,1.033390479257454642e+00,1.105408997647085688e-02,1.106267305420502965e-02,7.998504056995034972e-01
5.440000000000020919e-09,-1.567526091379446742e-06,-1.042260270526175258e-05,5.030427212159459538e-01,1.403386790044430787e-02,1.404602641076253822e-02,3.158865202516583648e-01,-1.158246616648668940e-06,-9.608934396919549835e-07,1.042123166060586303e+00,1.105786364582770839e-02,1.106644501120919617e-02,8.030089667180858592e-01
5.460000000000021264e-09,-1.564309431331087402e-06,-1.043429013892638532e-05,5.065450406662644900e-01,1.408421661479312796e-02,1.409642044019585733e-02,3.173765921818029745e-01,-1.158170496859532718e-06,-9.616088874482983071e-07,1.050894525263610824e+00,1.106158878909731420e-02,1.107016845798302306e-02,8.061469480533959286e-01
5.480000000000021608e-09,-1.561201250100260390e-06,-1.044607095602009492e-05,5.100648790660096132e-01,1.413439498666295077e-02,1.414664382594692064e-02,3.188638018244190908e-01,-1.158093463402915446e-06,-9.623245901447021634e-07,1.059703482630046656e+00,1.106526615525329181e-02,1.107384411448374996e-02,8.092650026517445028e-01
5.500000000000021953e-09,-1.558216255191734120e-06,-1.045794267618188050e-05,5.136022008131388983e-01,1.418440209814681406e-02,1.419669573059099445e-02,3.203480518066162963e-01,-1.158013691503815806e-06,-9.630352704703878564e-07,1.068553977041029945e+00,1.106889644032406361e-02,1.107747269650654134e-02,8.123584930356256839e-01
5.520000000000022297e-09,-1.555363781432180750e-06,-1.046982553350526647e-05,5.171570069196997910e-01,1.423423698025113107e-02,1.424657522121246418e-02,3.218292145734645282e-01,-1.157933216060057984e-06,-9.637295223916330163e-07,1.077448156978372484e+00,1.107248027567519708e-02,1.108105489701703347e-02,8.154246659564128308e-01
5.540000000000022642e-09,-1.552725166941507821e-06,-1.048167706842513959e-05,5.207292862951058421e-01,1.428389879756519244e-02,1.429628137689654271e-02,3.233071719363387331e-01,-1.157858307163483307e-06,-9.643994936536498135e-07,1.086385664365059345e+00,1.107601832083020092e-02,1.108459139214043598e-02,8.184633839908995734e-01
5.560000000000022986e-09,-1.550242692321221219e-06,-1.049344603556775136e-05,5.243190362266889615e-01,1.433338650804585369e-02,1.434581335957373603e-02,3.247817981635384155e-01,-1.157790152534782949e-06,-9.650437070355799546e-07,1.095365604004565618e+00,1.107951133722346292e-02,1.108808289274377731e-02,8.214751052348662208e-01
5.580000000000023331e-09,-1.547883676896090457e-06,-1.050514404393885408e-05,5.279262359050744813e-01,1.438269927407808714e-02,1.439517026953180193e-02,3.262529821928639717e-01,-1.157718837010570319e-06,-9.656667850356774793e-07,1.104384395101551286e+00,1.108296005881638166e-02,1.109153010459036810e-02,8.244632892141527947e-01
5.600000000000023675e-09,-1.545680794198338141e-06,-1.051675666083029786e-05,5.315508423562422813e-01,1.443183637313982630e-02,1.444435134476812661e-02,3.277206315803578018e-01,-1.157635410720841616e-06,-9.662695283423793642e-07,1.113440247259603000e+00,1.108636512528612429e-02,1.109493368955165142e-02,8.274294062777967085e-01
5.620000000000024020e-09,-1.543600681530044168e-06,-1.052826014929950897e-05,5.351928153085481199e-01,1.448079711238222690e-02,1.449335586171311176e-02,3.291846515952627228e-01,-1.157539346554431065e-06,-9.668479130508796331e-07,1.122533697601258096e+00,1.108972716625077938e-02,1.109829431790411956e-02,8.303724550959326045e-01
5.640000000000024364e-09,-1.541583875054236200e-06,-1.053958216955556962e-05,5.388521183553863780e-01,1.452958077788927237e-02,1.454218306080556737e-02,3.306449441280773227e-01,-1.157436001833918514e-06,-9.673966342370772289e-07,1.131665104209239825e+00,1.109304686584440362e-02,1.110161265453081698e-02,8.332916194860348069e-01
5.660000000000024709e-09,-1.539581785935586790e-06,-1.055067178763168995e-05,5.425287157917696446e-01,1.457818668365358679e-02,1.459083224758620997e-02,3.321014104282332680e-01,-1.157325921853031662e-06,-9.679134717821529045e-07,1.140832139567545367e+00,1.109632492096204737e-02,1.110488938679797533e-02,8.361889962073560945e-01
5.680000000000025053e-09,-1.537589283344169695e-06,-1.056157403783104221e-05,5.462225460054018766e-01,1.462661421585478155e-02,1.463930285601170583e-02,3.335539744389964811e-01,-1.157198105793081734e-06,-9.684028080126702740e-07,1.150035698878524970e+00,1.109956196724549461e-02,1.110812518864853424e-02,8.390631009198435963e-01
5.700000000000025398e-09,-1.535611278258255476e-06,-1.057233036630686799e-05,5.499335843992751993e-01,1.467486275153211117e-02,1.468759417835332516e-02,3.350025275533017322e-01,-1.157042438510622052e-06,-9.688700221719288881e-07,1.159279721023004806e+00,1.110275862093805001e-02,1.111132068393585678e-02,8.419090401716297078e-01
5.720000000000025742e-09,-1.533552851480742638e-06,-1.058293123588682724e-05,5.536618145863058116e-01,1.472293159000974405e-02,1.473570557006778810e-02,3.364469534203882728e-01,-1.156849334108066269e-06,-9.693222299447833414e-07,1.168562952724288229e+00,1.110591552763416992e-02,1.111447648365634401e-02,8.447277914169987190e-01
5.740000000000026087e-09,-1.531427137199686045e-06,-1.059346094334767629e-05,5.574071983494996996e-01,1.477082011827106703e-02,1.478363643413154425e-02,3.378871549626948911e-01,-1.156618399217079092e-06,-9.697664338173227493e-07,1.177882887426318081e+00,1.110903334479576739e-02,1.111759322312501179e-02,8.475217509085325451e-01
5.760000000000026431e-09,-1.529242888089036340e-06,-1.060393805467351274e-05,5.611696917824086084e-01,1.481852781339881159e-02,1.483138620576873734e-02,3.393230401836843657e-01,-1.156354803599401708e-06,-9.702028774755173081e-07,1.187239346091955028e+00,1.111211269239814267e-02,1.112067157853907640e-02,8.502906878131005763e-01
5.780000000000026776e-09,-1.527007951267282615e-06,-1.061436224947300959e-05,5.649492554565834768e-01,1.486605420607436771e-02,1.487895435393815635e-02,3.407545129564215625e-01,-1.156057336861460103e-06,-9.706310921067989904e-07,1.196634119123047624e+00,1.111515418024987614e-02,1.112371218872386554e-02,8.530320192786429168e-01
5.800000000000027121e-09,-1.524719014834931104e-06,-1.062479645852693832e-05,5.687458668363009062e-01,1.491339874082793331e-02,1.492634033206241377e-02,3.421814613952677275e-01,-1.155728208324054316e-06,-9.710513527687070007e-07,1.206066132282795245e+00,1.111815846270356768e-02,1.112671565679006908e-02,8.557465121971525868e-01
5.820000000000027465e-09,-1.522390400588496824e-06,-1.063523761296764610e-05,5.725594754079327275e-01,1.496056093995331258e-02,1.497354369949427215e-02,3.436037993221022213e-01,-1.155370055242837665e-06,-9.714693446124595660e-07,1.215535027494106135e+00,1.112112617573046691e-02,1.112968259674478044e-02,8.584341179216233853e-01
5.840000000000027810e-09,-1.519927775330546251e-06,-1.064566188413027515e-05,5.763900554792646957e-01,1.500754029798615809e-02,1.502056401563442271e-02,3.450214173026657227e-01,-1.154981891650456096e-06,-9.718897476703305834e-07,1.225042237078968421e+00,1.112405790879176723e-02,1.113261363821685911e-02,8.610926864192345320e-01
5.860000000000028154e-09,-1.517450079825111253e-06,-1.065604052258514598e-05,5.802375736709189935e-01,1.505433636829884951e-02,1.506740084343961839e-02,3.464342127997888654e-01,-1.154562641507118660e-06,-9.723107313937863127e-07,1.234584359281505561e+00,1.112695424612274338e-02,1.113550937947978096e-02,8.637258547824400168e-01
5.880000000000028499e-09,-1.514928950565646779e-06,-1.066636254215387616e-05,5.841019665464377564e-01,1.510094881616072179e-02,1.511405385925493165e-02,3.478421117592186973e-01,-1.154118032081629063e-06,-9.727248478242323531e-07,1.244157455226124975e+00,1.112981581553583801e-02,1.113837038919145150e-02,8.663378993357300217e-01
5.900000000000028843e-09,-1.512430114842269539e-06,-1.067659212670128738e-05,5.879831574367033742e-01,1.514737734008658049e-02,1.516052271893897178e-02,3.492450532150604969e-01,-1.153656939761864455e-06,-9.731204297156790374e-07,1.253760450675991400e+00,1.113264324629713656e-02,1.114119727119417674e-02,8.689296521299824105e-01
5.920000000000029188e-09,-1.509917741509949008e-06,-1.068671213588839121e-05,5.918810725162162445e-01,1.519362168317427500e-02,1.520680712964220943e-02,3.506429739751794061e-01,-1.153182962467555468e-06,-9.734969549266276180e-07,1.263394061793299938e+00,1.113543707902407177e-02,1.114399063165832579e-02,8.714998566362520682e-01
5.940000000000029532e-09,-1.507366944958802236e-06,-1.069675483499879084e-05,5.957956446803639450e-01,1.523968159467870183e-02,1.525290686860475593e-02,3.520358047795390521e-01,-1.152695830906602769e-06,-9.738674478202204119e-07,1.273059541859818289e+00,1.113819782008830354e-02,1.114675102649078514e-02,8.740465909946150136e-01
5.960000000000029877e-09,-1.504866741339749082e-06,-1.070683753611337994e-05,5.997268156767630032e-01,1.528555683549919809e-02,1.529882163173821967e-02,3.534234679853224814e-01,-1.152196226862025035e-06,-9.742397722137737393e-07,1.282759576476696584e+00,1.114092604464168336e-02,1.114947897712040281e-02,8.765660936170857065e-01
5.980000000000030221e-09,-1.502477599797102860e-06,-1.071699610511617206e-05,6.036745503385216871e-01,1.533124717106024507e-02,1.534455111243895886e-02,3.548058632324836426e-01,-1.151686440891909032e-06,-9.746136604951934128e-07,1.292495060846096555e+00,1.114362237427782114e-02,1.115217503929015475e-02,8.790568112602550332e-01
6.000000000000030566e-09,-1.500245532486150374e-06,-1.072724816971475616e-05,6.076388018531002633e-01,1.537675234193984844e-02,1.539009508278913092e-02,3.561829015007020871e-01,-1.151169171152738213e-06,-9.749879673277204962e-07,1.302264920731091014e+00,1.114628738472684885e-02,1.115483981044727325e-02,8.815196369117054287e-01
6.020000000000030910e-09,-1.498161903904908258e-06,-1.073756810022401080e-05,6.116195240773981689e-01,1.542207211842686922e-02,1.543545336662902404e-02,3.575544930752774242e-01,-1.150648898980600484e-06,-9.753639129887140008e-07,1.312067007655053352e+00,1.114892159575516135e-02,1.115747385989622302e-02,8.839567907022292115e-01
6.040000000000031255e-09,-1.496188197766569082e-06,-1.074795708493586978e-05,6.156166474602400296e-01,1.546720637943559823e-02,1.548062581098633150e-02,3.589205718907750309e-01,-1.150130660634297924e-06,-9.757433569829378735e-07,1.321902574899684435e+00,1.115152552635914791e-02,1.116007768820984764e-02,8.863662034845178894e-01
6.060000000000031599e-09,-1.494377770110347934e-06,-1.075837134151880969e-05,6.196301417101893749e-01,1.551215493341254019e-02,1.552561211361190401e-02,3.602810321745932298e-01,-1.149611688413676509e-06,-9.761200842769061566e-07,1.331770906307698343e+00,1.115409972612687803e-02,1.116265181837393199e-02,8.887483721175336582e-01
6.080000000000031944e-09,-1.492748603932569654e-06,-1.076878202212442949e-05,6.236599306119762209e-01,1.555691772855361324e-02,1.557041218258424162e-02,3.616358149569987579e-01,-1.149083193697129138e-06,-9.764844877568349933e-07,1.341670032442400906e+00,1.115664474352387296e-02,1.116519679922768626e-02,8.911053821036539757e-01
6.100000000000032288e-09,-1.491261278416662235e-06,-1.077915425239930714e-05,6.277059629584144096e-01,1.560149467399706176e-02,1.561502589594719083e-02,3.629848358669091057e-01,-1.148543618900778175e-06,-9.768373805608835946e-07,1.351602101785029042e+00,1.115916109226460298e-02,1.116771312101783563e-02,8.934340543989758299e-01
6.120000000000032633e-09,-1.489937929558272604e-06,-1.078947094234851471e-05,6.317681884476812337e-01,1.564588566380581067e-02,1.565945318401671185e-02,3.643280096156225611e-01,-1.148001497764388883e-06,-9.771823465574097833e-07,1.361567830497456333e+00,1.116164928877791222e-02,1.117020125722044399e-02,8.957330606186257871e-01
6.140000000000032977e-09,-1.488709596703016076e-06,-1.079973034403513670e-05,6.358465651746396663e-01,1.569009063735208806e-02,1.570369394318285594e-02,3.656652420692465544e-01,-1.147456288352743126e-06,-9.775141372653100898e-07,1.371567218581946079e+00,1.116410983345887849e-02,1.117266172504144048e-02,8.980019828258289927e-01
6.160000000000033322e-09,-1.487550693950921461e-06,-1.080992815275335374e-05,6.399410440785383569e-01,1.573410945445829004e-02,1.574774814117764488e-02,3.669964465418236177e-01,-1.146896787917905330e-06,-9.778261542950700549e-07,1.381600266040737157e+00,1.116654319438513052e-02,1.117509507502751492e-02,9.002403266755517608e-01
6.180000000000033667e-09,-1.486496611611041910e-06,-1.082000834552778014e-05,6.440515848572717639e-01,1.577794208532820597e-02,1.579161573517459324e-02,3.683215269706822670e-01,-1.146319901296674794e-06,-9.781172810804828570e-07,1.391664466317134252e+00,1.116894985450732694e-02,1.117750178911457518e-02,9.024509311896395936e-01
6.200000000000034011e-09,-1.485545224390763983e-06,-1.082992985905278398e-05,6.481781117042370033e-01,1.582158854118583674e-02,1.583529677842461514e-02,3.696404252052784556e-01,-1.145732061342733500e-06,-9.783843617475907967e-07,1.401755701495042805e+00,1.117133030381144143e-02,1.117988225878041239e-02,9.046388088286840823e-01
6.220000000000034356e-09,-1.484628401343018218e-06,-1.083968218408495012e-05,6.523205394769344689e-01,1.586504887769615499e-02,1.587879132175236754e-02,3.709530936412065438e-01,-1.145136182543748793e-06,-9.786209374440922490e-07,1.411875224855954514e+00,1.117368501656095144e-02,1.118223693475228937e-02,9.068018990377001431e-01
6.240000000000034700e-09,-1.483761004492472032e-06,-1.084929868454710062e-05,6.564788083909898209e-01,1.590832307625595840e-02,1.592209944050250459e-02,3.722594577974483454e-01,-1.144527044362818797e-06,-9.788177649322975217e-07,1.422024289681453668e+00,1.117601442490218262e-02,1.118456634891211443e-02,9.089380993342399684e-01
6.260000000000035045e-09,-1.482937548334177436e-06,-1.085872860926757667e-05,6.606528494869650103e-01,1.595141119433874516e-02,1.596522124256704797e-02,3.735594534471659012e-01,-1.143902236199867407e-06,-9.789688649452957498e-07,1.432202895973582857e+00,1.117831896378719200e-02,1.118687099594509356e-02,9.110469758820264330e-01
6.280000000000035389e-09,-1.482165138070797272e-06,-1.086800231094294426e-05,6.648426048137193733e-01,1.599431329658941581e-02,1.600815678957375615e-02,3.748530045671453759e-01,-1.143265162844002018e-06,-9.790889080292434655e-07,1.442408895255313572e+00,1.118059911154039611e-02,1.118915127751550151e-02,9.131310664165157576e-01
6.300000000000035734e-09,-1.481416249263082172e-06,-1.087710696084213821e-05,6.690479828051726363e-01,1.603702955333939292e-02,1.605090623066555283e-02,3.761400725540185452e-01,-1.142618058150622092e-06,-9.792009313392737224e-07,1.452641750408856902e+00,1.118285533192379076e-02,1.119140757925746708e-02,9.151906864225899385e-01
6.320000000000036078e-09,-1.480744760482825951e-06,-1.088604414663219859e-05,6.732689213887382840e-01,1.607956005940907110e-02,1.609346974259527260e-02,3.774205866539494525e-01,-1.141960166881640341e-06,-9.793131664585493287e-07,1.462903430875278854e+00,1.118508804277926032e-02,1.119364037335836629e-02,9.172227420133720610e-01
6.340000000000036423e-09,-1.480182413644848593e-06,-1.089481836481751934e-05,6.775053532796159184e-01,1.612190503245537407e-02,1.613584746096871636e-02,3.786944821947698658e-01,-1.141297026287836824e-06,-9.794207984325479105e-07,1.473193578576784013e+00,1.118729765989748444e-02,1.119585015436453702e-02,9.192273419578399496e-01
6.360000000000036767e-09,-1.479751580255459115e-06,-1.090344391488672949e-05,6.817572140359530186e-01,1.616406465891754782e-02,1.617803956901721352e-02,3.799616916437930092e-01,-1.140635249890476419e-06,-9.795274353859274775e-07,1.483512014475454333e+00,1.118948464372484380e-02,1.119803734378707789e-02,9.212043231386737308e-01
6.380000000000037112e-09,-1.479454086481212204e-06,-1.091194569440128231e-05,6.860244362416685338e-01,1.620603917592702836e-02,1.622004625616391485e-02,3.812221510923891610e-01,-1.139971826434440621e-06,-9.796469943321378335e-07,1.493854799695019331e+00,1.119164944682071207e-02,1.120020232200992505e-02,9.231587444488649208e-01
6.400000000000037456e-09,-1.479264071430068879e-06,-1.092032648948922265e-05,6.903069131968075922e-01,1.624782883360690808e-02,1.626186780912906166e-02,3.824758420171990303e-01,-1.139299535603803570e-06,-9.797847321007577610e-07,1.504222471357118618e+00,1.119379247302574459e-02,1.120234550496732734e-02,9.250894267687593819e-01
6.420000000000037801e-09,-1.479093045361615544e-06,-1.092864181516534298e-05,6.946045859199193595e-01,1.628943389247608162e-02,1.630350444491198217e-02,3.837226919133686076e-01,-1.138616379300221731e-06,-9.799316782712289093e-07,1.514618968341879812e+00,1.119591413938979610e-02,1.120446735162427404e-02,9.269904876858973131e-01
6.440000000000038145e-09,-1.478882256144342404e-06,-1.093693761804023421e-05,6.989173940764520365e-01,1.633085460345257839e-02,1.634495644459872318e-02,3.849626300059300066e-01,-1.137924171313620358e-06,-9.800860610534040395e-07,1.525042679291984671e+00,1.119801488473156845e-02,1.120656829294977043e-02,9.288638225185721353e-01
6.460000000000038490e-09,-1.478671029740918531e-06,-1.094523684101299937e-05,7.032452622629993266e-01,1.637209124452570358e-02,1.638622410730149540e-02,3.861956033038987379e-01,-1.137220381753627257e-06,-9.802563073806459806e-07,1.535490560530627935e+00,1.120009511439690013e-02,1.120864870975721468e-02,9.307133931146955863e-01
6.480000000000038834e-09,-1.478438225636079143e-06,-1.095356746192279841e-05,7.075880977382237313e-01,1.641314417068709744e-02,1.642730776154507563e-02,3.874215797076980272e-01,-1.136501138161395502e-06,-9.804482816562716838e-07,1.545961358780049588e+00,1.120215518136763976e-02,1.121070896805271069e-02,9.325406300244252211e-01
6.500000000000039179e-09,-1.478152864111557625e-06,-1.096192770541246190e-05,7.119458131693028324e-01,1.645401374953626636e-02,1.646820775029068235e-02,3.886405215782455791e-01,-1.135770524009615948e-06,-9.806573202960220941e-07,1.556458475800403196e+00,1.120419544753609858e-02,1.121274944373146405e-02,9.343402472683277615e-01
6.520000000000039523e-09,-1.477822925457224894e-06,-1.097031366780848654e-05,7.163183564952787519e-01,1.649470032341204123e-02,1.650892439113848739e-02,3.898523499896345279e-01,-1.135033289743008923e-06,-9.808766808669554862e-07,1.566980121194324171e+00,1.120621631499548777e-02,1.121477053172286256e-02,9.361144828311738220e-01
6.540000000000039868e-09,-1.477470728266829091e-06,-1.097873735662846542e-05,7.207056222912263665e-01,1.653520429559808200e-02,1.654945809957865041e-02,3.910570500329484389e-01,-1.134286562834969131e-06,-9.811061224229726685e-07,1.577524683604308420e+00,1.120821817292679858e-02,1.121677261898790592e-02,9.378652469192260144e-01
6.560000000000040212e-09,-1.477074041139105228e-06,-1.098721811593737005e-05,7.251075427767904591e-01,1.657552604111981256e-02,1.658980926960443303e-02,3.922545624600339842e-01,-1.133528185131352251e-06,-9.813480194114331747e-07,1.588091625912279037e+00,1.121020138803900147e-02,1.121875607660924659e-02,9.395930392686490107e-01
6.580000000000040557e-09,-1.476656962664145968e-06,-1.099575645752470107e-05,7.295240085983213385e-01,1.661566602818480287e-02,1.662997837206598231e-02,3.934448788525473639e-01,-1.132764484513987533e-06,-9.816029643990302403e-07,1.598680948119912015e+00,1.121216634284961239e-02,1.122072125736520154e-02,9.412974984318204230e-01
6.600000000000040902e-09,-1.476196143034117675e-06,-1.100433804139305300e-05,7.339549542290300099e-01,1.665562468539115090e-02,1.666996578281120661e-02,3.946279384845720606e-01,-1.131998081060479898e-06,-9.818663836660095113e-07,1.609295335827629403e+00,1.121411340494137335e-02,1.122266850951582698e-02,9.429742679097370406e-01
6.620000000000041246e-09,-1.475701234665646071e-06,-1.101296819543048098e-05,7.384003031325997446e-01,1.669540244705096724e-02,1.670977192967251085e-02,3.958036944344496821e-01,-1.131224598049546283e-06,-9.821339002767934593e-07,1.619935147116905449e+00,1.121604291392576738e-02,1.122459820205019311e-02,9.446224147177317843e-01
6.640000000000041591e-09,-1.475183179951310693e-06,-1.102161221463691129e-05,7.428599959914532480e-01,1.673499974571601365e-02,1.674939722598279765e-02,3.969720790340264815e-01,-1.130443482139088085e-06,-9.824035926102296560e-07,1.630599844869635495e+00,1.121795521628004069e-02,1.122651069644440246e-02,9.462423813356837243e-01
6.660000000000041935e-09,-1.474646272731356161e-06,-1.103025983462179658e-05,7.473339522760032994e-01,1.677441705842027883e-02,1.678884212981680488e-02,3.981330511729813115e-01,-1.129664882429487679e-06,-9.826768486311217178e-07,1.641288175807995131e+00,1.121985067651983664e-02,1.122840632504483981e-02,9.478356579669998672e-01
6.680000000000042280e-09,-1.474099275336141017e-06,-1.103892371781869953e-05,7.518221007578903547e-01,1.681365485944234101e-02,1.682810711814927002e-02,3.992865587173418662e-01,-1.128894971866441409e-06,-9.829530911199184115e-07,1.652000318973458670e+00,1.122172964908181060e-02,1.123028542883740787e-02,9.494015722514770328e-01
6.700000000000042624e-09,-1.473556980144049147e-06,-1.104754907223428659e-05,7.563243653813458423e-01,1.685271367755380653e-02,1.686719264833693929e-02,4.004325560376461035e-01,-1.128131513537653647e-06,-9.832277138556538494e-07,1.662735916287728655e+00,1.122359243995221627e-02,1.123214835821027824e-02,9.509403107780256548e-01
6.720000000000042969e-09,-1.473030874844199724e-06,-1.105614266748061135e-05,7.608406730091922254e-01,1.689159404133756121e-02,1.690609923157936068e-02,4.015709943603865684e-01,-1.127376827413166477e-06,-9.834974671797342591e-07,1.673492282153520749e+00,1.122543935296209383e-02,1.123399543963058897e-02,9.524556829686978698e-01
6.740000000000043313e-09,-1.472510513822813737e-06,-1.106472301291140678e-05,7.653709193915906317e-01,1.693029653177422975e-02,1.694482740656333072e-02,4.027018650729463634e-01,-1.126637542760466563e-06,-9.837645798731469231e-07,1.684265835773979259e+00,1.122727073422550258e-02,1.123582696045616509e-02,9.539529035150395853e-01
6.760000000000043658e-09,-1.472020158235789315e-06,-1.107327355353769357e-05,7.699149934324006628e-01,1.696882171827855321e-02,1.698337776660175519e-02,4.038251695220035908e-01,-1.125910496403480810e-06,-9.840342535551234503e-07,1.695056040030850530e+00,1.122908692393795663e-02,1.123764321589323587e-02,9.554325658823505929e-01
6.780000000000044002e-09,-1.471560588811974034e-06,-1.108181904779328499e-05,7.744727872770543753e-01,1.700717021357131542e-02,1.702175092427613348e-02,4.049409062070176146e-01,-1.125188614558907312e-06,-9.843052318562870628e-07,1.705863432045367611e+00,1.123088822701607571e-02,1.123944455916712180e-02,9.568935408420412569e-01
6.800000000000044347e-09,-1.471109032707395891e-06,-1.109034537279549119e-05,7.790441987007776792e-01,1.704534261126686157e-02,1.705994751641978779e-02,4.060490675665021643e-01,-1.124476867874898675e-06,-9.845720618286422140e-07,1.716691413577437597e+00,1.123267494248417035e-02,1.124123133732403933e-02,9.583300967353495237e-01
6.820000000000044691e-09,-1.470678708225149625e-06,-1.109884819015154864e-05,7.836291613499630770e-01,1.708333946847006429e-02,1.709796811213466078e-02,4.071496002927544322e-01,-1.123781501268883052e-06,-9.848347925549417654e-07,1.727539805588542476e+00,1.123444738850571702e-02,1.124300383863314698e-02,9.597422184298884940e-01
6.840000000000045036e-09,-1.470255971962041579e-06,-1.110730628443313270e-05,7.882275734137307310e-01,1.712116142579179351e-02,1.713581330294750363e-02,4.082424980280083826e-01,-1.123093645507585785e-06,-9.850984156677903674e-07,1.738404311122012880e+00,1.123620586343232128e-02,1.124476232623407811e-02,9.611364739339990360e-01
6.860000000000045380e-09,-1.469787119189991038e-06,-1.111570760985163669e-05,7.928393222404490626e-01,1.715880911836605710e-02,1.717348375885418069e-02,4.093277698841498169e-01,-1.122402765795993088e-06,-9.853627156688181471e-07,1.749286899618302638e+00,1.123795063797573997e-02,1.124650709629912600e-02,9.625094223767322044e-01
6.880000000000045725e-09,-1.469245110519390228e-06,-1.112407571697482855e-05,7.974643309647723166e-01,1.719628316873040089e-02,1.721098008650503650e-02,4.104053787840370449e-01,-1.121715316158355209e-06,-9.856233124013004978e-07,1.760190256677528486e+00,1.123968199892955676e-02,1.124823845513342642e-02,9.638563962557880060e-01
6.900000000000046069e-09,-1.468636196838594824e-06,-1.113243324217403691e-05,8.021025201573038776e-01,1.723358421806061094e-02,1.724830292177045518e-02,4.114752916753681156e-01,-1.121038057952493662e-06,-9.858817657178697215e-07,1.771112233821984683e+00,1.124140024729933414e-02,1.124995666592108062e-02,9.651805402612956275e-01
6.920000000000046414e-09,-1.467981973944385730e-06,-1.114079209681344496e-05,8.067537912205678952e-01,1.727071293750083100e-02,1.728545296285044497e-02,4.125375019513977115e-01,-1.120363641099638002e-06,-9.861442393639279566e-07,1.782049608334442592e+00,1.124310566101957218e-02,1.125166198857205022e-02,9.664868306227605288e-01
6.940000000000046758e-09,-1.467294140548672621e-06,-1.114914530372061351e-05,8.114180308115441775e-01,1.730767003499233611e-02,1.732243091011971547e-02,4.135920240424376670e-01,-1.119686780847793115e-06,-9.864106652484102326e-07,1.793002738296000098e+00,1.124479847850946498e-02,1.125335472604839168e-02,9.677744068540566902e-01
6.960000000000047103e-09,-1.466594070386883727e-06,-1.115747382509600581e-05,8.160951471719862793e-01,1.734445617316179508e-02,1.735923747319579810e-02,4.146388444593992473e-01,-1.119018939834741851e-06,-9.866748755551723224e-07,1.803973235067208414e+00,1.124647896239314854e-02,1.125503517788735593e-02,9.690403524032030758e-01
6.980000000000047448e-09,-1.465876311284672057e-06,-1.116579155806119556e-05,8.207850479155980317e-01,1.738107204903031888e-02,1.739587333505917405e-02,4.156779515116619250e-01,-1.118366566368329536e-06,-9.869362695841132723e-07,1.814961098649302329e+00,1.124814739646787243e-02,1.125670358213103593e-02,9.702843458725205483e-01
7.000000000000047792e-09,-1.465165001844061934e-06,-1.117409080049852883e-05,8.254876441236140838e-01,1.741751833979691619e-02,1.743233921586525778e-02,4.167093297279228503e-01,-1.117719941206284634e-06,-9.871995275127379781e-07,1.825965254803921800e+00,1.124980403041355402e-02,1.125836015279257744e-02,9.715079275742661835e-01
7.020000000000048137e-09,-1.464446471330981748e-06,-1.118234355638061054e-05,8.302028337458492446e-01,1.745379579280572843e-02,1.746863584115693202e-02,4.177329827217159952e-01,-1.117072489917884830e-06,-9.874648336439767941e-07,1.836983555053251838e+00,1.125144909055829021e-02,1.126000516265450273e-02,9.727144526037209138e-01
7.040000000000048481e-09,-1.463705961549920029e-06,-1.119057041074181460e-05,8.349305061846429288e-01,1.748990514940759744e-02,1.750476397745830137e-02,4.187489272420095165e-01,-1.116434729924501840e-06,-9.877280290567770566e-07,1.848015641318670799e+00,1.125308284039490576e-02,1.126163888633848094e-02,9.739042306764147394e-01
7.060000000000048826e-09,-1.462958105089934544e-06,-1.119878852664260867e-05,8.396705585022945506e-01,1.752584714550847050e-02,1.754072436826548120e-02,4.197571707559972221e-01,-1.115810117069332967e-06,-9.879888690610645853e-07,1.859065452479489844e+00,1.125470554120193423e-02,1.126326154802090480e-02,9.750702943969868919e-01
7.080000000000049170e-09,-1.462194490847569200e-06,-1.120698159533512251e-05,8.444229276271164597e-01,1.756162249196951269e-02,1.757651773516663227e-02,4.207576658038048589e-01,-1.115187628364325964e-06,-9.882524814583411994e-07,1.870134241816200804e+00,1.125631740466356140e-02,1.126487336806561608e-02,9.762102267185490678e-01
7.100000000000049515e-09,-1.461392847129998689e-06,-1.121512816288998925e-05,8.491875273800731927e-01,1.759723192494302979e-02,1.761214483654467006e-02,4.217503979764609667e-01,-1.114562656608881953e-06,-9.885183841995871422e-07,1.881219502771030339e+00,1.125791862484870794e-02,1.126647459543218648e-02,9.773279901512623713e-01
7.120000000000049859e-09,-1.460545004777802425e-06,-1.122321863772928194e-05,8.539642689495883232e-01,1.763267621012428940e-02,1.764760642258621573e-02,4.227353575279828579e-01,-1.113943974599337958e-06,-9.887807106310813400e-07,1.892318728786239523e+00,1.125950944407893423e-02,1.126806547587247583e-02,9.784276442694685993e-01
7.140000000000050204e-09,-1.459643044674326573e-06,-1.123126599517399151e-05,8.587530404793741745e-01,1.766795612634396856e-02,1.768290329623136217e-02,4.237125686525284318e-01,-1.113332602138787083e-06,-9.890387057604423390e-07,1.903431382743138611e+00,1.126109011991433505e-02,1.126964619937866584e-02,9.795098775201580565e-01
7.160000000000050548e-09,-1.458691980135482738e-06,-1.123926981174623177e-05,8.635537498227080500e-01,1.770307244998289842e-02,1.771803627279095947e-02,4.246820286997470828e-01,-1.112720169030066657e-06,-9.892962044929928610e-07,1.914558538882196848e+00,1.126266082940648172e-02,1.127121695589969157e-02,9.805725750148754916e-01
7.180000000000050893e-09,-1.457712335198901542e-06,-1.124721521776942705e-05,8.683663002037654843e-01,1.773802596361470640e-02,1.775300615895470183e-02,4.256437427651890149e-01,-1.112111020822060157e-06,-9.895521784040641267e-07,1.925697869685438546e+00,1.126422172664040371e-02,1.127277797115536738e-02,9.816195707367297851e-01
7.200000000000051237e-09,-1.456736877003067537e-06,-1.125510841052401507e-05,8.731905760015469253e-01,1.777281746584491798e-02,1.778781377506738828e-02,4.265977445763446396e-01,-1.111517605309841354e-06,-9.898018056154231355e-07,1.936849375153882447e+00,1.126577304293947118e-02,1.127432947320677198e-02,9.826506406023516327e-01
7.220000000000051582e-09,-1.455770404215194122e-06,-1.126294294615984435e-05,8.780264833284521231e-01,1.780744775193118454e-02,1.782245993359630673e-02,4.275440376578221180e-01,-1.110938850572794309e-06,-9.900443855507484603e-07,1.948014129528042870e+00,1.126731504434055724e-02,1.127587164390557797e-02,9.836636657445885223e-01
7.240000000000051926e-09,-1.454821997387003522e-06,-1.127072798078671467e-05,8.828739216755747687e-01,1.784191764720434101e-02,1.785694544352697463e-02,4.284826364176628766e-01,-1.110367645874595654e-06,-9.902851769579727497e-07,1.959191416649150197e+00,1.126884790288388942e-02,1.127740465405687072e-02,9.846596825589342128e-01
7.260000000000052271e-09,-1.453913311886687080e-06,-1.127846890393044881e-05,8.877327919298226844e-01,1.787622796233916123e-02,1.789127113138124295e-02,4.294135544840491092e-01,-1.109807664140657662e-06,-9.905255190942616519e-07,1.970381952677736415e+00,1.127037174560638864e-02,1.127892870869828638e-02,9.856371704764761432e-01
7.280000000000052615e-09,-1.453069912051284483e-06,-1.128616494369450098e-05,8.926030046109721949e-01,1.791037950973484172e-02,1.792543781623526927e-02,4.303367924259786648e-01,-1.109266097046627955e-06,-9.907613158852464860e-07,1.981585379534914537e+00,1.127188677518460060e-02,1.128044401752104249e-02,9.865965405823244883e-01
7.300000000000052960e-09,-1.452309685309575860e-06,-1.129381980416897760e-05,8.974844594254457464e-01,1.794437309869537089e-02,1.795944633931126355e-02,4.312523680332447373e-01,-1.108739582256069157e-06,-9.909924778633654835e-07,1.992800622982136671e+00,1.127339323024400750e-02,1.128195075672085157e-02,9.875394995831068279e-01
7.320000000000053304e-09,-1.451624519096536880e-06,-1.130142787978149963e-05,9.023770576243939079e-01,1.797820956232131298e-02,1.799329754025508557e-02,4.321602980949830752e-01,-1.108221947991681110e-06,-9.912220367954048383e-07,2.004027324940374832e+00,1.127489127561038043e-02,1.128344909141343853e-02,9.884664898261712462e-01
7.340000000000053649e-09,-1.451025498624979149e-06,-1.130898552159704467e-05,9.072806977627806413e-01,1.801188974408080359e-02,1.802699226482533737e-02,4.330606047695478855e-01,-1.107717981429440096e-06,-9.914498763977442529e-07,2.015265306370511045e+00,1.127638102979998391e-02,1.128493920761620105e-02,9.893776589022319490e-01
7.360000000000053994e-09,-1.450531525532129635e-06,-1.131648434664952493e-05,9.121952817917535761e-01,1.804541447884616678e-02,1.806053136039765736e-02,4.339533064543737440e-01,-1.107231081027575739e-06,-9.916721332999195372e-07,2.026515462472965545e+00,1.127786266987844746e-02,1.128642128334978595e-02,9.902711510863843047e-01
7.380000000000054338e-09,-1.450136820476199216e-06,-1.132389605615424661e-05,9.171207212647797258e-01,1.807878460516633076e-02,1.809391567242623830e-02,4.348384081519646727e-01,-1.106755294660621292e-06,-9.918887673707787173e-07,2.037776898049017404e+00,1.127933642312031401e-02,1.128789547249018504e-02,9.911483904194833272e-01
7.400000000000054683e-09,-1.449836668285471386e-06,-1.133122473198246426e-05,9.220569109991832990e-01,1.811200098175637721e-02,1.812714604340678534e-02,4.357159417014005998e-01,-1.106286135627366491e-06,-9.921015414302382902e-07,2.049048359820046183e+00,1.128080244117503524e-02,1.128936193516907188e-02,9.920114940673359083e-01
7.420000000000055027e-09,-1.449649634953440518e-06,-1.133846921201024112e-05,9.270037512777844491e-01,1.814506444504779270e-02,1.816022334895218623e-02,4.365859319934056737e-01,-1.105829150462660338e-06,-9.923103294435980353e-07,2.060330205866613529e+00,1.128226082534262639e-02,1.129082084558203150e-02,9.928596288636774014e-01
7.440000000000055372e-09,-1.449576714133182463e-06,-1.134565840177550000e-05,9.319611437869546045e-01,1.817797586123686207e-02,1.819314844233723208e-02,4.374484031338794487e-01,-1.105385383209064097e-06,-9.925150265413992191e-07,2.071623868508781108e+00,1.128371174238478915e-02,1.129227234271115883e-02,9.936899091650431837e-01
7.460000000000054889e-09,-1.449602829838355362e-06,-1.135280319109972902e-05,9.369290078406788957e-01,1.821073607886566220e-02,1.822592218398527003e-02,4.383033530447266179e-01,-1.104948147112003861e-06,-9.927190087884580377e-07,2.082930601026752093e+00,1.128515540169293049e-02,1.129371655752628260e-02,9.944997308087819565e-01
7.480000000000054406e-09,-1.449723502370434387e-06,-1.135990772128604622e-05,9.419072622078165091e-01,1.824334594426129177e-02,1.825854543220943246e-02,4.391507814597523374e-01,-1.104514980992619588e-06,-9.929232472872722821e-07,2.094249329181768093e+00,1.128659194421234059e-02,1.129515365238876676e-02,9.952908896735086497e-01
7.500000000000053924e-09,-1.449932477628299870e-06,-1.136695706344126220e-05,9.468958167970243922e-01,1.827580630855247731e-02,1.829101905644633236e-02,4.399907030566084232e-01,-1.104090670265013928e-06,-9.931252481424946259e-07,2.105578083535390999e+00,1.128802145674167624e-02,1.129658379587182744e-02,9.960669379655738842e-01
7.520000000000053441e-09,-1.450240920882290373e-06,-1.137397149402873136e-05,9.518945707954956648e-01,1.830811804673207824e-02,1.832334392195198239e-02,4.408231507524354997e-01,-1.103675561421960565e-06,-9.933245023942218682e-07,2.116916326968543594e+00,1.128944408168645192e-02,1.129800711155835857e-02,9.968287155228422458e-01
7.540000000000052958e-09,-1.450655224125831754e-06,-1.138093097639161751e-05,9.569034308679525980e-01,1.834028202907396141e-02,1.835552090726021157e-02,4.416481470217438754e-01,-1.103264952833693248e-06,-9.935237206700064096e-07,2.128264596601678882e+00,1.129086000135049415e-02,1.129942370837553299e-02,9.975750151598044013e-01
7.560000000000052476e-09,-1.451180741896661974e-06,-1.138784091421528149e-05,9.619223050934121444e-01,1.837229912252410710e-02,1.838755088435894622e-02,4.424657133782465279e-01,-1.102859187260093675e-06,-9.937228479858888431e-07,2.139621997235879647e+00,1.129226934894401145e-02,1.130083373861674907e-02,9.983073792656371737e-01
7.580000000000051993e-09,-1.451804412093792098e-06,-1.139470564804833814e-05,9.669510929003736210e-01,1.840417019853512678e-02,1.841943473315051788e-02,4.432758865884568467e-01,-1.102462025360662844e-06,-9.939186387850042793e-07,2.150986917512518026e+00,1.129367221426351431e-02,1.130223734673501540e-02,9.990287819548415715e-01
7.600000000000051510e-09,-1.452524114245196855e-06,-1.140151686030739311e-05,9.719896870050913629e-01,1.843589613326346646e-02,1.845117333333415668e-02,4.440787158431436232e-01,-1.102071309830560702e-06,-9.941108990807868043e-07,2.162361147831380226e+00,1.129506872588156158e-02,1.130363463784416107e-02,9.997355609495564011e-01
7.620000000000051028e-09,-1.453334440211850475e-06,-1.140826436380128820e-05,9.770380099631916782e-01,1.846747779469855993e-02,1.848276755296981988e-02,4.448742034150278135e-01,-1.101682540426040160e-06,-9.943018543645969727e-07,2.173746299552368200e+00,1.129645905256957544e-02,1.130502572189599417e-02,1.000424369348903886e+00
7.640000000000050545e-09,-1.454219307068021439e-06,-1.141494646045193374e-05,9.820959755632793220e-01,1.849891604955309840e-02,1.851421826442037344e-02,4.456623668934878157e-01,-1.101296902105680628e-06,-9.944911167263662533e-07,2.185140940356735673e+00,1.129784331210021038e-02,1.130641074329384772e-02,1.001097826773514221e+00
7.660000000000050062e-09,-1.455173706348208015e-06,-1.142156406837987283e-05,9.871634929075682185e-01,1.853021176107882972e-02,1.854552635129988122e-02,4.464432327874790496e-01,-1.100916886950657443e-06,-9.946762502571814501e-07,2.196543279845885710e+00,1.129922158505619438e-02,1.130778983941200383e-02,1.001759320326100600e+00
7.680000000000049580e-09,-1.456191769690712411e-06,-1.142812536063181415e-05,9.922404583169435188e-01,1.856136579972298209e-02,1.857669270212635587e-02,4.472168501176375099e-01,-1.100539943412008934e-06,-9.948586208504626097e-07,2.207953318020396072e+00,1.130059399311446854e-02,1.130916309946517970e-02,1.002408695753556733e+00
7.700000000000049097e-09,-1.457272245891497746e-06,-1.143461827569647292e-05,9.973267837054398122e-01,1.859237903623474006e-02,1.860771819101667349e-02,4.479832436192702216e-01,-1.100163642381030468e-06,-9.950394000829827481e-07,2.219370696801002296e+00,1.130196068073356999e-02,1.131053062159924696e-02,1.003046555598122946e+00
7.720000000000048614e-09,-1.458415468114987982e-06,-1.144103246370359124e-05,1.002422364083251471e+00,1.862325235425254036e-02,1.863860370069615399e-02,4.487424676028829440e-01,-1.099791019778808434e-06,-9.952171744285629435e-07,2.230794520988698793e+00,1.130332175580930042e-02,1.131189252448838375e-02,1.003674558348581547e+00
7.740000000000048132e-09,-1.459613885061545880e-06,-1.144736754701385999e-05,1.007527104088034697e+00,1.865398663028827383e-02,1.866935010644554804e-02,4.494945619411392368e-01,-1.099423467278626099e-06,-9.953906007196862296e-07,2.242224969623878295e+00,1.130467729096075284e-02,1.131324891878949211e-02,1.004292216291503337e+00
7.760000000000047649e-09,-1.460864468266937273e-06,-1.145362797416551697e-05,1.012640903676419013e+00,1.868458274053151277e-02,1.869995829133008075e-02,4.502395759415628307e-01,-1.099058444246345573e-06,-9.955621272610189090e-07,2.253661863667158372e+00,1.130602739502899190e-02,1.131459989707076820e-02,1.004899757272843530e+00
7.780000000000047166e-09,-1.462165239586704105e-06,-1.145983299242757142e-05,1.017763668354651374e+00,1.871504155777529987e-02,1.873042913466257606e-02,4.509775511130386105e-01,-1.098694503314060364e-06,-9.957331906111880193e-07,2.265104486959433672e+00,1.130737220852442992e-02,1.131594557128907420e-02,1.005498522899056724e+00
7.800000000000046684e-09,-1.463511055099977015e-06,-1.146598624884258103e-05,1.022895292915369625e+00,1.874536395622349721e-02,1.876076352205409067e-02,4.517085487685769674e-01,-1.098334250822878612e-06,-9.959025281356560613e-07,2.276552660461294231e+00,1.130871183371151036e-02,1.131728606835520623e-02,1.006088750608907567e+00
7.820000000000046201e-09,-1.464896330557518538e-06,-1.147208286367299310e-05,1.028035683800404998e+00,1.877555080783564409e-02,1.879096232101611780e-02,4.524326120357701209e-01,-1.097978098071908304e-06,-9.960697651759340300e-07,2.288008532652208160e+00,1.131004633614093521e-02,1.131862146981969970e-02,1.006665873466000116e+00
7.840000000000045719e-09,-1.466319483975468230e-06,-1.147812676439855987e-05,1.033184762982942706e+00,1.880560298260162272e-02,1.882102640375359764e-02,4.531497587796445292e-01,-1.097624133556873197e-06,-9.962373676973840468e-07,2.299473535851938699e+00,1.131137580558640165e-02,1.131995183665139397e-02,1.007226775838295119e+00
7.860000000000045236e-09,-1.467783407061084842e-06,-1.148411762194787746e-05,1.038342455712763179e+00,1.883552134246333290e-02,1.885095663961566109e-02,4.538600023046157061e-01,-1.097272242391412613e-06,-9.964049299673163786e-07,2.310947311981126351e+00,1.131270034194732134e-02,1.132127726428527013e-02,1.007772038454930685e+00
7.880000000000044753e-09,-1.469281979481911366e-06,-1.149005846631001851e-05,1.043508682453087255e+00,1.886530675251843828e-02,1.888075389514089902e-02,4.545633652821891024e-01,-1.096924143259253543e-06,-9.965698460006507397e-07,2.322428249681025569e+00,1.131402003450325024e-02,1.132259787190890640e-02,1.008304875269459888e+00
7.900000000000044271e-09,-1.470798154511324398e-06,-1.149594557387317615e-05,1.048683352860676044e+00,1.889496007560162796e-02,1.891041903753854989e-02,4.552598904780028599e-01,-1.096579116137530476e-06,-9.967324452354461294e-07,2.333917065111713818e+00,1.131533497283669122e-02,1.132391373126030026e-02,1.008823611143270460e+00
7.920000000000043788e-09,-1.472337131760009189e-06,-1.150177407286326263e-05,1.053866398182734754e+00,1.892448216440480863e-02,1.893995292928915553e-02,4.559495841874116606e-01,-1.096236170545034895e-06,-9.968955370173721658e-07,2.345416264832453024e+00,1.131664525510676748e-02,1.132522489567500991e-02,1.009322775070293776e+00
7.940000000000043305e-09,-1.473902581854383210e-06,-1.150753301520956225e-05,1.059057758947627326e+00,1.895387387135398505e-02,1.896935642903532088e-02,4.566324372073257698e-01,-1.095896537834469964e-06,-9.970576161930224407e-07,2.356924237484439910e+00,1.131795096142031859e-02,1.132653147194784445e-02,1.009805624407479785e+00
7.960000000000042823e-09,-1.475492015933068244e-06,-1.151322097897336179e-05,1.064257350508386546e+00,1.898313605464741621e-02,1.899863039487570404e-02,4.573084857662856328e-01,-1.095561383975037346e-06,-9.972147175729687457e-07,2.368437402269730541e+00,1.131925215032965511e-02,1.132783357903007458e-02,1.010279672773894966e+00
7.980000000000042340e-09,-1.477107197546800180e-06,-1.151884060485500104e-05,1.069465075299083523e+00,1.901226957426490824e-02,1.902777568852938653e-02,4.579777905565826090e-01,-1.095229816703993926e-06,-9.973679564946003126e-07,2.379955222068996346e+00,1.132054890568369269e-02,1.132913128045115979e-02,1.010745965999985563e+00
8.000000000000041857e-09,-1.478749828469784842e-06,-1.152438996998974834e-05,1.074680845268817464e+00,1.904127528717781612e-02,1.905679316407420457e-02,4.586403969628678468e-01,-1.094901597977805160e-06,-9.975211281080667566e-07,2.391478950162051920e+00,1.132184133517401096e-02,1.133042461438073939e-02,1.011201687204415167e+00
8.020000000000041375e-09,-1.480418907639841406e-06,-1.152987166017801291e-05,1.079904579771362227e+00,1.907015404248059431e-02,1.908568367023967538e-02,4.592963385207129989e-01,-1.094577936355851963e-06,-9.976735018980343962e-07,2.403008228469424523e+00,1.132312951189047047e-02,1.133171365617812940e-02,1.011647504920275553e+00
8.040000000000040892e-09,-1.482113684552680579e-06,-1.153528198985872889e-05,1.085136189292416953e+00,1.909890668461204991e-02,1.911444805857888396e-02,4.599456661665157209e-01,-1.094259048212913954e-06,-9.978211037276652543e-07,2.414542877951577182e+00,1.132441347648516401e-02,1.133299850303009712e-02,1.012083695344509149e+00
8.060000000000040409e-09,-1.483828694540416120e-06,-1.154061807660597671e-05,1.090375593720160685e+00,1.912753405743152987e-02,1.914308717495310716e-02,4.605884153139935266e-01,-1.093943099640624338e-06,-9.979652633334219242e-07,2.426082361489114270e+00,1.132569329833548084e-02,1.133427922725633794e-02,1.012511335453683659e+00
8.080000000000039927e-09,-1.485565098409874836e-06,-1.154588173525723140e-05,1.095622700080440604e+00,1.915603700177051852e-02,1.917160186696052412e-02,4.612246462383391976e-01,-1.093629420646700331e-06,-9.981091998857504409e-07,2.437626679082435910e+00,1.132696907742801289e-02,1.133555589000686918e-02,1.012930307293816723e+00
8.100000000000039444e-09,-1.487311604141699603e-06,-1.155107432738467067e-05,1.100877430900900844e+00,1.918441635436316309e-02,1.919999297213428879e-02,4.618543924143995172e-01,-1.093319141047923489e-06,-9.982521475584858680e-07,2.449176904971419599e+00,1.132824088689502948e-02,1.133682856556230203e-02,1.013338138685722756e+00
8.120000000000038961e-09,-1.489067114234990649e-06,-1.155619428530142675e-05,1.106139707910362757e+00,1.921267294804654760e-02,1.922826132419377596e-02,4.624776900965536508e-01,-1.093012517183495649e-06,-9.983911636888013350e-07,2.460732681076531758e+00,1.132950876550758990e-02,1.133809732848289203e-02,1.013735516832299677e+00
8.140000000000038479e-09,-1.490826674645267338e-06,-1.156124349365695585e-05,1.111409452001465237e+00,1.924080761552738120e-02,1.925640775589904791e-02,4.630945784065848003e-01,-1.092707753689556602e-06,-9.985279775098066867e-07,2.472294007398088134e+00,1.133077276949949475e-02,1.133936221712870084e-02,1.014122318395130895e+00
8.160000000000037996e-09,-1.492590619104281478e-06,-1.156622819097309632e-05,1.116686587424802202e+00,1.926882118384252301e-02,1.928443309386546761e-02,4.637050915773353044e-01,-1.092404572720603304e-06,-9.986653154837643726e-07,2.483861062976335798e+00,1.133203298157730785e-02,1.134062327767101051e-02,1.014498020025830893e+00
8.180000000000037513e-09,-1.494359449334612116e-06,-1.157114742434396243e-05,1.121971039593282482e+00,1.929671447759334288e-02,1.931233816376238741e-02,4.643092629434114049e-01,-1.092104892976814544e-06,-9.988023005972801498e-07,2.495433131651977554e+00,1.133328947666623066e-02,1.134188060800306493e-02,1.014864139679190869e+00
8.200000000000037031e-09,-1.496132512872410422e-06,-1.157600258141511194e-05,1.127262726988304653e+00,1.932448831782092660e-02,1.934012378568893478e-02,4.649071401592218544e-01,-1.091809377906024448e-06,-9.989367508889504768e-07,2.507008423026181987e+00,1.133454230095318378e-02,1.134313429641425550e-02,1.015224646319653701e+00
8.220000000000036548e-09,-1.497909748040818607e-06,-1.158079920925461740e-05,1.132561557198657809e+00,1.935214352264792714e-02,1.936779077836698129e-02,4.654987929673307656e-01,-1.091516566309399119e-06,-9.990699904307574163e-07,2.518586937099219991e+00,1.133579150823375500e-02,1.134438437737575293e-02,1.015579458496340237e+00
8.240000000000036065e-09,-1.499692138514457191e-06,-1.158553541896084095e-05,1.137867451269181540e+00,1.937968090603590932e-02,1.939533995469134089e-02,4.660842673360776067e-01,-1.091225952177785378e-06,-9.992037555082111555e-07,2.530169390031032250e+00,1.133703717051819798e-02,1.134563087364118782e-02,1.015926871651134933e+00
8.260000000000035583e-09,-1.501487092617054099e-06,-1.159020896356427219e-05,1.143180327425773912e+00,1.940710127683909283e-02,1.942277212660448865e-02,4.666636160373796027e-01,-1.090939194978725277e-06,-9.993371076055675061e-07,2.541757393181195646e+00,1.133827933934783948e-02,1.134687384897820409e-02,1.016263058251771767e+00
8.280000000000035100e-09,-1.503297838650241214e-06,-1.159482350545039152e-05,1.148500127514072267e+00,1.943440543418833294e-02,1.945008809310844536e-02,4.672368480241384514e-01,-1.090657201213419756e-06,-9.994682391803352270e-07,2.553351662709661518e+00,1.133951805204947393e-02,1.134811338614162730e-02,1.016586273237211069e+00
8.300000000000034617e-09,-1.505124094784652513e-06,-1.159937793182942901e-05,1.153826780089967086e+00,1.946159417933041036e-02,1.947728865655433059e-02,4.678039987349435491e-01,-1.090379159988783349e-06,-9.995978783019628610e-07,2.564950945337303168e+00,1.134075337481951599e-02,1.134934953971634269e-02,1.016899323842851199e+00
8.320000000000034135e-09,-1.506964928388552408e-06,-1.160387264081500477e-05,1.159160214853289572e+00,1.948866830862382160e-02,1.950437461381246407e-02,4.683651026603277145e-01,-1.090103865740683188e-06,-9.997273365977981517e-07,2.576554703944680558e+00,1.134198537613894005e-02,1.135058234541267905e-02,1.017203349654885569e+00
8.340000000000033652e-09,-1.508815912846167466e-06,-1.160830349946006550e-05,1.164500356654085245e+00,1.951562861310146557e-02,1.953134675655397029e-02,4.689202049738717681e-01,-1.089831308736068871e-06,-9.998560010122041634e-07,2.588162580452180173e+00,1.134321409566524559e-02,1.135181185644012873e-02,1.017499088952956043e+00
8.360000000000033169e-09,-1.510672946720031481e-06,-1.161267574755769752e-05,1.169847133467500688e+00,1.954247587982823470e-02,1.955820587199965516e-02,4.694693461355020636e-01,-1.089562083118204410e-06,-9.999829325862497999e-07,2.599774037740318899e+00,1.134443956619311626e-02,1.135303812613925288e-02,1.017787726447040297e+00
8.380000000000032687e-09,-1.512537487488850302e-06,-1.161699860964301092e-05,1.175200466365154739e+00,1.956921089116737955e-02,1.958495274273373832e-02,4.700125814829053117e-01,-1.089296145535336455e-06,-1.000108844293076433e-06,2.611388717729540510e+00,1.134566184843582154e-02,1.135426119898037996e-02,1.018070027491638330e+00
8.400000000000032204e-09,-1.514403452337678879e-06,-1.162127136010147062e-05,1.180560281594967176e+00,1.959583442560839869e-02,1.961158814772766268e-02,4.705499576662404704e-01,-1.089032356804132556e-06,-1.000234885932104691e-06,2.623006083300349456e+00,1.134688101098183140e-02,1.135548112162947272e-02,1.018347213506740179e+00
8.420000000000031722e-09,-1.516268478098658370e-06,-1.162549692835200465e-05,1.185926496440014022e+00,1.962234725837612437e-02,1.963811286145616605e-02,4.710815405099468833e-01,-1.088770049826404036e-06,-1.000360585263129353e-06,2.634626134453006419e+00,1.134809708883527564e-02,1.135669794861719588e-02,1.018619209046021323e+00
8.440000000000031239e-09,-1.518135352670589884e-06,-1.162967892419010300e-05,1.191299039535868243e+00,1.964875015607946834e-02,1.966452765092428778e-02,4.716073748891843609e-01,-1.088509955539738122e-06,-1.000485278630132537e-06,2.646249945427231687e+00,1.134931010280577218e-02,1.135791172861175778e-02,1.018883379720929128e+00
8.460000000000030756e-09,-1.520004030624577385e-06,-1.163381168158832095e-05,1.196677842638985689e+00,1.967504388342798671e-02,1.969083327972934519e-02,4.721275007764233478e-01,-1.088253060922842399e-06,-1.000609249059071429e-06,2.657877158143442831e+00,1.135052010363058785e-02,1.135912248843400953e-02,1.019140521785535158e+00
8.480000000000030274e-09,-1.521876030071166085e-06,-1.163789714645007817e-05,1.202062832493248967e+00,1.970122920064452943e-02,1.971703050781191402e-02,4.726419694870423460e-01,-1.087998702559770569e-06,-1.000732812181741955e-06,2.669506340282538304e+00,1.135172715713676089e-02,1.136033027239084260e-02,1.019394040403917234e+00
8.500000000000029791e-09,-1.523752514731373387e-06,-1.164193714797147442e-05,1.207453926832732449e+00,1.972730686351571033e-02,1.974312009155461747e-02,4.731508519665699741e-01,-1.087746130274536957e-06,-1.000855105239145467e-06,2.681137849924579264e+00,1.135293130234914412e-02,1.136153513741078834e-02,1.019643002252950348e+00
8.520000000000029308e-09,-1.525632456443521961e-06,-1.164593123805500779e-05,1.212851058796739157e+00,1.975327762321794911e-02,1.976910277821932599e-02,4.736541896043987565e-01,-1.087495163037628480e-06,-1.000976276916717446e-06,2.692772761309294438e+00,1.135413257317360175e-02,1.136273712854221803e-02,1.019884732592657883e+00
8.540000000000028826e-09,-1.527513710678587061e-06,-1.164988699272618875e-05,1.218254160557019627e+00,1.977914222484897580e-02,1.979497931173962444e-02,4.741520270234313439e-01,-1.087246961573436368e-06,-1.001097402746335060e-06,2.704410358277250293e+00,1.135533102082714706e-02,1.136393628079058332e-02,1.020120936690146918e+00
8.560000000000028343e-09,-1.529394726615865007e-06,-1.165380504983368129e-05,1.223663159184279481e+00,1.980490141067452539e-02,1.982075043363845310e-02,4.746444205943723404e-01,-1.087001641170538070e-06,-1.001218159977130597e-06,2.716050103708903318e+00,1.135652667548657513e-02,1.136513263014372194e-02,1.020352887952196141e+00
8.580000000000027860e-09,-1.531277264406962868e-06,-1.165768891324081074e-05,1.229077982886923159e+00,1.983055591745076091e-02,1.984641687947351699e-02,4.751314258180889816e-01,-1.086758327867812192e-06,-1.001337528712477553e-06,2.727691818564502491e+00,1.135771955178299653e-02,1.136632621547764219e-02,1.020580972268858355e+00
8.600000000000027378e-09,-1.533162536855924927e-06,-1.166153752574125604e-05,1.234498558977408900e+00,1.985610647583867239e-02,1.987197938014928153e-02,4.756131014984022465e-01,-1.086516239314452121e-06,-1.001456062885919731e-06,2.739336039963996772e+00,1.135890969552629144e-02,1.136751706904364292e-02,1.020803807636376126e+00
8.620000000000026895e-09,-1.535052103047809428e-06,-1.166534949439364851e-05,1.239924823908645113e+00,1.988155381293083696e-02,1.989743866152541077e-02,4.760894889469838298e-01,-1.086276306256244517e-06,-1.001574641296585928e-06,2.750983484067288654e+00,1.136009717359153133e-02,1.136870521310494493e-02,1.021019562045371476e+00
8.640000000000026412e-09,-1.536946619739144745e-06,-1.166912403220342570e-05,1.245356715157670546e+00,1.990689865034127662e-02,1.992279544276329140e-02,4.765606285667166042e-01,-1.086039355476441837e-06,-1.001692547504363062e-06,2.762633971834674629e+00,1.136128202963858184e-02,1.136989068729031896e-02,1.021228611680964127e+00
8.660000000000025930e-09,-1.538845959343689281e-06,-1.167286279397905119e-05,1.250794169219753948e+00,1.993214170429393958e-02,1.994805043925371169e-02,4.770265640165155530e-01,-1.085805170155005715e-06,-1.001808939178099276e-06,2.774287145186486558e+00,1.136246426530396897e-02,1.137107355155488574e-02,1.021431787766580612e+00
8.680000000000025447e-09,-1.540746441410683219e-06,-1.167656529768215369e-05,1.256237121587084893e+00,1.995728368548245479e-02,1.997320436191069720e-02,4.774873423181082432e-01,-1.085572525954727257e-06,-1.001924388412492813e-06,2.785942467003156953e+00,1.136364388895176950e-02,1.137225384721998224e-02,1.021630392517498098e+00
8.700000000000024964e-09,-1.542647546251836823e-06,-1.168023432675739971e-05,1.261685504711927308e+00,1.998232530014113981e-02,1.999825791715525297e-02,4.779430182089777768e-01,-1.085341062950258832e-06,-1.002039686047566052e-06,2.797600295364719436e+00,1.136482095596153680e-02,1.137343159116271582e-02,1.021823462385661907e+00
8.720000000000024482e-09,-1.544544405998563571e-06,-1.168386863933235488e-05,1.267139260184288574e+00,2.000726724932647832e-02,2.002321180536989487e-02,4.783936284297362618e-01,-1.085111131539505175e-06,-1.002154402399193596e-06,2.809260988351165000e+00,1.136599552870641572e-02,1.137460679815820858e-02,1.022010042852680822e+00
8.740000000000023999e-09,-1.546436627137594695e-06,-1.168746995549349482e-05,1.272598326442359262e+00,2.003211022916709730e-02,2.004806672180719368e-02,4.788392175652382843e-01,-1.084883662719655292e-06,-1.002267721471382338e-06,2.820923829802992611e+00,1.136716763827452445e-02,1.137577950063378869e-02,1.022191916576500326e+00
8.760000000000023516e-09,-1.548324579185430518e-06,-1.169104031525936422e-05,1.278062638863184386e+00,2.005685493126948757e-02,2.007282335776215676e-02,4.792798380018017945e-01,-1.084658344565479673e-06,-1.002380141142560292e-06,2.832588819720378126e+00,1.136833730192974255e-02,1.137694973791663483e-02,1.022369031484488877e+00
8.780000000000023034e-09,-1.550209127771632369e-06,-1.169458299994390776e-05,1.283532137861826739e+00,2.008150204212046097e-02,2.009748239875080306e-02,4.797155326349540894e-01,-1.084433862109093989e-06,-1.002492444280592631e-06,2.844256137143441165e+00,1.136950453936188404e-02,1.137811755881229861e-02,1.022540872642268894e+00
8.800000000000022551e-09,-1.552091603730409072e-06,-1.169809561312304587e-05,1.289006762834257414e+00,2.010605224292938073e-02,2.012204452394669024e-02,4.801463477584531070e-01,-1.084210046454994495e-06,-1.002604201580331532e-06,2.855925423992542456e+00,1.137066937144641000e-02,1.137928301162743037e-02,1.022708327050287469e+00
8.820000000000022068e-09,-1.553972653597010712e-06,-1.170157765485362324e-05,1.294486452002356902e+00,2.013050621045476066e-02,2.014651040943351082e-02,4.805723334668545732e-01,-1.083988553035995300e-06,-1.002714830475572956e-06,2.867596322187956570e+00,1.137183182710874499e-02,1.138044610299399420e-02,1.022872293686399869e+00
8.840000000000021586e-09,-1.555853803965511287e-06,-1.170502732084221561e-05,1.299971142567822646e+00,2.015486461601581625e-02,2.017088072555180134e-02,4.809935433664923599e-01,-1.083770681793141275e-06,-1.002824685282429190e-06,2.879269189809626095e+00,1.137299194708094909e-02,1.138160682003031866e-02,1.023031786341462412e+00
8.860000000000021103e-09,-1.557737584509998215e-06,-1.170844491671458355e-05,1.305460778772888686e+00,2.017912812548240675e-02,2.019515613769558293e-02,4.814100169928215989e-01,-1.083554683586637157e-06,-1.002933942570197011e-06,2.890944026857739324e+00,1.137414976818469994e-02,1.138276518634420871e-02,1.023186771743223700e+00
8.880000000000020620e-09,-1.559622945311575750e-06,-1.171182964166181108e-05,1.310955299657301065e+00,2.020329740021572368e-02,2.021933730644561930e-02,4.818218064474447671e-01,-1.083338611894740863e-06,-1.003042137391347469e-06,2.902620475252645882e+00,1.137530530734235518e-02,1.138392126427925817e-02,1.023338146753357325e+00
8.900000000000020138e-09,-1.561507182611754941e-06,-1.171518331551641631e-05,1.316454647264076794e+00,2.022737309599393837e-02,2.024342488756707137e-02,4.822289584979885246e-01,-1.083123650862786363e-06,-1.003149063129532059e-06,2.914297997874749413e+00,1.137645858166227465e-02,1.138507511262668720e-02,1.023487299499471259e+00
8.920000000000019655e-09,-1.563389085500721874e-06,-1.171850592703163808e-05,1.321958756443650129e+00,2.025135586388889311e-02,2.026741953195176221e-02,4.826315370856119058e-01,-1.082912366867001968e-06,-1.003255606638532076e-06,2.925976236644358686e+00,1.137760963288136917e-02,1.138622674850466726e-02,1.023635152132121640e+00
8.940000000000019172e-09,-1.565267727073291220e-06,-1.172179773432973699e-05,1.327467567068664644e+00,2.027524634919306359e-02,2.029132188527285954e-02,4.830295964163239808e-01,-1.082703653038890079e-06,-1.003361853083104313e-06,2.937656265801103839e+00,1.137875849553045271e-02,1.138737616924479640e-02,1.023778809092874775e+00
8.960000000000018690e-09,-1.567142737048566240e-06,-1.172505954979085973e-05,1.332981028040632010e+00,2.029904519220768200e-02,2.031513258762070867e-02,4.834231718029138314e-01,-1.082494537488054449e-06,-1.003466917543828992e-06,2.949338264385012565e+00,1.137990517531210950e-02,1.138852339527498050e-02,1.023917765413961956e+00
8.980000000000018207e-09,-1.569014492015230693e-06,-1.172829126910989363e-05,1.338499082973502174e+00,2.032275302905136791e-02,2.033885227471504686e-02,4.838123114757275633e-01,-1.082285074782464324e-06,-1.003570450757840560e-06,2.961022590476087846e+00,1.138104968543589800e-02,1.138966846360891898e-02,1.024051011632962860e+00
9.000000000000017725e-09,-1.570882796962155445e-06,-1.173149304145695892e-05,1.344021686498467982e+00,2.034637049036230536e-02,2.036248157677044909e-02,4.841970400315292467e-01,-1.082078653390501402e-06,-1.003673684404796050e-06,2.972708885994653993e+00,1.138219206294864734e-02,1.139081139758559881e-02,1.024179467835441004e+00
9.020000000000017242e-09,-1.572747692746656780e-06,-1.173466742531102071e-05,1.349548779922956410e+00,2.036989820189817960e-02,2.038602111879727480e-02,4.845774131266695206e-01,-1.081875786800778606e-06,-1.003777469692194196e-06,2.984396613821048039e+00,1.138333234100416709e-02,1.139195220570929715e-02,1.024304540826278531e+00
9.040000000000016759e-09,-1.574609546076507017e-06,-1.173781576672441593e-05,1.355080313482071919e+00,2.039333678483673182e-02,2.040947152112710869e-02,4.849534674135781986e-01,-1.081673497479855232e-06,-1.003880500267511667e-06,2.996086132035238769e+00,1.138447053812299131e-02,1.139309091627905245e-02,1.024425237298162372e+00
9.060000000000016277e-09,-1.576469870507204426e-06,-1.174093784058401539e-05,1.360616234168768424e+00,2.041668685506453987e-02,2.043283339948544219e-02,4.853252479872299796e-01,-1.081470118671335828e-06,-1.003981540516509252e-06,3.007776903517632938e+00,1.138560666644804382e-02,1.139422756495786504e-02,1.024542993405409552e+00
9.080000000000015794e-09,-1.578328203857413460e-06,-1.174403494308621688e-05,1.366156487761776228e+00,2.043994902372476760e-02,2.045610736466388704e-02,4.856928038821379801e-01,-1.081268562271181640e-06,-1.004081616005185179e-06,3.019468749228437776e+00,1.138674075323052419e-02,1.139536216930447758e-02,1.024658268244766690e+00
9.100000000000015311e-09,-1.580184200256926687e-06,-1.174710691726996056e-05,1.371701020925039982e+00,2.046312389722737546e-02,2.047929402230786247e-02,4.860561832944538252e-01,-1.081071056669439941e-06,-1.004182749569167868e-06,3.031162206287489447e+00,1.138787282527602140e-02,1.139649474738622589e-02,1.024769543980287967e+00
9.120000000000014829e-09,-1.582035743987666476e-06,-1.175015520438723751e-05,1.377249787216050292e+00,2.048621207659911958e-02,2.050239397330638411e-02,4.864154196518064577e-01,-1.080875026431354424e-06,-1.004284648594851615e-06,3.042857453734863160e+00,1.138900289163629481e-02,1.139762533092470755e-02,1.024876294388229248e+00
9.140000000000014346e-09,-1.583880713336729489e-06,-1.175317985998515381e-05,1.382802736912944086e+00,2.050921415788370741e-02,2.052540781358751926e-02,4.867705549711542345e-01,-1.080677900776723461e-06,-1.004384501010137787e-06,3.054553954450912379e+00,1.139013097229717685e-02,1.139875394860359256e-02,1.024979975659585429e+00
9.160000000000013863e-09,-1.585719660624375380e-06,-1.175618155394407633e-05,1.388359819055155819e+00,2.053213073265247601e-02,2.054833613429244907e-02,4.871216352499628810e-01,-1.080481098073024944e-06,-1.004482097409004300e-06,3.066251350355917005e+00,1.139125709998214421e-02,1.139988060560728593e-02,1.025081560943881032e+00
9.180000000000013381e-09,-1.587552582270085343e-06,-1.175916162657383637e-05,1.393920981452871244e+00,2.055496238777176216e-02,2.057117952167518068e-02,4.874687105014756661e-01,-1.080287599027457069e-06,-1.004580225155377006e-06,3.077949462410098924e+00,1.139238130346972681e-02,1.140100530546037799e-02,1.025181535953393563e+00
9.200000000000012898e-09,-1.589379331498882147e-06,-1.176212036504499828e-05,1.399486172679469620e+00,2.057770970526955415e-02,2.059393855734126949e-02,4.878118301282373670e-01,-1.080096453555754187e-06,-1.004680239723902402e-06,3.089647932533694519e+00,1.139350358868647904e-02,1.140212808120867095e-02,1.025280899408446134e+00
9.220000000000012415e-09,-1.591199738635768329e-06,-1.176505823140130051e-05,1.405055338051861780e+00,2.060037326235996530e-02,2.061661381821669470e-02,4.881510523972015236e-01,-1.079904820608582098e-06,-1.004779274586171458e-06,3.101347118806696113e+00,1.139462396045791068e-02,1.140324896628184398e-02,1.025378623075756446e+00
9.240000000000011933e-09,-1.593014014459597587e-06,-1.176797519647345420e-05,1.410628431782781966e+00,2.062295363142280236e-02,2.063920587617057781e-02,4.884864157552420427e-01,-1.079712899139293409e-06,-1.004874940753254380e-06,3.113047737388851655e+00,1.139574244278195383e-02,1.140436796335867267e-02,1.025472663105850168e+00
9.260000000000011450e-09,-1.594821484618840967e-06,-1.177087228423712102e-05,1.416205408808150379e+00,2.064545138012711251e-02,2.066171529844985921e-02,4.888179579347928239e-01,-1.079523264209003159e-06,-1.004969937362736157e-06,3.124749251160470198e+00,1.139685906580875999e-02,1.140548507502018791e-02,1.025564524899507557e+00
9.280000000000010967e-09,-1.596621949588606572e-06,-1.177374991700251500e-05,1.421786218715303196e+00,2.066786707149525365e-02,2.068414264764554047e-02,4.891457304556127705e-01,-1.079336518681471567e-06,-1.005067477969251324e-06,3.136451123001966490e+00,1.139797385039943191e-02,1.140660032978254787e-02,1.025655720174658114e+00
9.300000000000010485e-09,-1.598414909585880828e-06,-1.177660876631200360e-05,1.427370811871231382e+00,2.069020126378522811e-02,2.070648848171639106e-02,4.894697841381214221e-01,-1.079149939272048522e-06,-1.005165508936906059e-06,3.148153890033235758e+00,1.139908681401715848e-02,1.140771377390079749e-02,1.025744684854291711e+00
9.320000000000010002e-09,-1.600200196736632597e-06,-1.177944900554685297e-05,1.432959145502634035e+00,2.071245451044734925e-02,2.072875335387072693e-02,4.897901544148723363e-01,-1.078963071195517165e-06,-1.005260135396814875e-06,3.159857731294264394e+00,1.140019798357227304e-02,1.140882543318635055e-02,1.025830888805916885e+00
9.340000000000009519e-09,-1.601977584959963059e-06,-1.178227058102085623e-05,1.438551173439794884e+00,2.073462736046702282e-02,2.075093781279525873e-02,4.901068858912538406e-01,-1.078777792407947862e-06,-1.005352777716779451e-06,3.171562825825053444e+00,1.140130736868892256e-02,1.140993530050173586e-02,1.025913791700163502e+00
9.360000000000009037e-09,-1.603747802166331190e-06,-1.178507390052835778e-05,1.444146856300368986e+00,2.075672035811179303e-02,2.077304240243550704e-02,4.904200077307080408e-01,-1.078594906841592118e-06,-1.005447250295800869e-06,3.183269352665579532e+00,1.140241496209164727e-02,1.141104336992181459e-02,1.025992854173635616e+00
9.380000000000008554e-09,-1.605510528912319485e-06,-1.178785892200508315e-05,1.449746151287423013e+00,2.077873404306992966e-02,2.079506766219305081e-02,4.907295582876334827e-01,-1.078413068695891450e-06,-1.005543608954912706e-06,3.194976595656281226e+00,1.140352077510311049e-02,1.141214967155170130e-02,1.026070136202963168e+00
9.400000000000008071e-09,-1.607265830304136265e-06,-1.179062595644558926e-05,1.455349012252769469e+00,2.080066895054210815e-02,2.081701412707272561e-02,4.910355851080902556e-01,-1.078231267189572251e-06,-1.005638035616839213e-06,3.206684554797305964e+00,1.140462484271794266e-02,1.141325424038290744e-02,1.026145613857040173e+00
9.420000000000007589e-09,-1.609013436108540923e-06,-1.179337564720224679e-05,1.460955397800357991e+00,2.082252561109898537e-02,2.083888232754172939e-02,4.913381251318352794e-01,-1.078050343451734180e-06,-1.005728922201023842e-06,3.218393051048806353e+00,1.140572719546531326e-02,1.141435708216932861e-02,1.026219801241356366e+00
9.440000000000007106e-09,-1.610753256100552287e-06,-1.179610830631832756e-05,1.466565261125025721e+00,2.084430455096222129e-02,2.086067278955227103e-02,4.916372296096054861e-01,-1.077871318753942352e-06,-1.005819653172164318e-06,3.230102084410880092e+00,1.140682784749031710e-02,1.141545819389627389e-02,1.026292683311256004e+00
9.460000000000006623e-09,-1.612485218183631634e-06,-1.179882388167208266e-05,1.472178562164116356e+00,2.086600629185778391e-02,2.088238603448576425e-02,4.919329341897504260e-01,-1.077693836973033495e-06,-1.005913604026504703e-06,3.241811654883617333e+00,1.140792680984803985e-02,1.141655759695736454e-02,1.026364254122165587e+00
9.480000000000006141e-09,-1.614209241968542894e-06,-1.180152266150794484e-05,1.477795255445546019e+00,2.088763135109727997e-02,2.090402257942796868e-02,4.922252889156081279e-01,-1.077516574401731676e-06,-1.006007906177244471e-06,3.253521404387261562e+00,1.140902409235042096e-02,1.141765532970327734e-02,1.026435562789499434e+00
9.500000000000005658e-09,-1.615925129813612896e-06,-1.180420487800115504e-05,1.483415298173810681e+00,2.090918024155221169e-02,2.092558293710650164e-02,4.925143382404096326e-01,-1.077339900013016930e-06,-1.006098240876195191e-06,3.265231511961828925e+00,1.141011971456135782e-02,1.141875141823116974e-02,1.026506067667092514e+00
9.520000000000005176e-09,-1.617633562192430392e-06,-1.180687111482065679e-05,1.489038648251865604e+00,2.093065347157310047e-02,2.094706761585837448e-02,4.928001258816691044e-01,-1.077164536292451818e-06,-1.006186145859189171e-06,3.276942335687229146e+00,1.141121368708880070e-02,1.141984586014809303e-02,1.026574677932855062e+00
9.540000000000004693e-09,-1.619334703641972937e-06,-1.180952258141791910e-05,1.494665268279436132e+00,2.095205154527407521e-02,2.096847711951533091e-02,4.930826847174340499e-01,-1.076990676864454166e-06,-1.006276646391177806e-06,3.288653875563548379e+00,1.141230602037465389e-02,1.142093864888842243e-02,1.026641383714466560e+00
9.560000000000004210e-09,-1.621028290100590822e-06,-1.181215992741891642e-05,1.500295117399608857e+00,2.097337496251096278e-02,2.098981194767355479e-02,4.933620572370360780e-01,-1.076817640498340233e-06,-1.006369551864235965e-06,3.300365952550956994e+00,1.141339673494295645e-02,1.142202981071090660e-02,1.026706707103234972e+00
9.580000000000003728e-09,-1.622715028739149992e-06,-1.181478341148868127e-05,1.505928157418558344e+00,2.099462421873776047e-02,2.101107259570220154e-02,4.936382801409071042e-01,-1.076645317611176572e-06,-1.006460258527327836e-06,3.312078566649542477e+00,1.141448583727066798e-02,1.142311937616433647e-02,1.026770642766872799e+00
9.600000000000003245e-09,-1.624394996641578667e-06,-1.181739331848417191e-05,1.511564348677213454e+00,2.101579980528429231e-02,2.103225955482291784e-02,4.939113947649175773e-01,-1.076474079692258935e-06,-1.006547254451484775e-06,3.323791717859401196e+00,1.141557333677139206e-02,1.142420735263157024e-02,1.026833180114106181e+00
9.620000000000002762e-09,-1.626068291323152859e-06,-1.181999035629506443e-05,1.517203654169773097e+00,2.103690220925689275e-02,2.105337331195224551e-02,4.941814366080029552e-01,-1.076303890209676546e-06,-1.006634156406144512e-06,3.335505406180573118e+00,1.141665925180528410e-02,1.142529373108129923e-02,1.026894305195753532e+00
9.640000000000002280e-09,-1.627734928676721899e-06,-1.182257517328794773e-05,1.522846035455488023e+00,2.105793191359429939e-02,2.107441434977999628e-02,4.944484457345442174e-01,-1.076134543433051316e-06,-1.006724424414973205e-06,3.347219810653067285e+00,1.141774360416337140e-02,1.142637851743266188e-02,1.026953455432262352e+00
9.660000000000001797e-09,-1.629394460148968359e-06,-1.182514829451005331e-05,1.528491458720515173e+00,2.107888939702974931e-02,2.109538314690287755e-02,4.947124511995125706e-01,-1.075966191754265706e-06,-1.006815202211531997e-06,3.358934752237072274e+00,1.141882641298349634e-02,1.142746174953507103e-02,1.027011171858949412e+00
9.680000000000001314e-09,-1.631046904210271723e-06,-1.182771004061311830e-05,1.534139884634811102e+00,2.109977513425739457e-02,2.111628017790216985e-02,4.949734971330445599e-01,-1.075799024770678213e-06,-1.006902526415877191e-06,3.370649693812901582e+00,1.141990769389375319e-02,1.142854346807175951e-02,1.027069097090292260e+00
9.700000000000000832e-09,-1.632692280750931345e-06,-1.183026071818060951e-05,1.539791274454323844e+00,2.112058959589795115e-02,2.113710591331945804e-02,4.952316271156749772e-01,-1.075632343555266552e-06,-1.006987240509682951e-06,3.382365351540305376e+00,1.142098745159995758e-02,1.142962367752231589e-02,1.027125005307096162e+00
9.720000000000000349e-09,-1.634330478397795879e-06,-1.183280067589272152e-05,1.545445598129190357e+00,2.114133324840812220e-02,2.115786081952139921e-02,4.954868629946875269e-01,-1.075466132246665397e-06,-1.007074215722511502e-06,3.394082441578980092e+00,1.142206568547904019e-02,1.143070235840249436e-02,1.027176652513501987e+00
9.739999999999999866e-09,-1.635960985842751532e-06,-1.183533036045726313e-05,1.551102826138958557e+00,2.116200655404406467e-02,2.117854535876844552e-02,4.957392259008168156e-01,-1.075300883141948138e-06,-1.007163517210288396e-06,3.405800426809265868e+00,1.142314240860057249e-02,1.143177951816209438e-02,1.027225688439152185e+00
9.759999999999999384e-09,-1.637583649108660012e-06,-1.183784987214006033e-05,1.556762923367368101e+00,2.118260997131176868e-02,2.119915998946199712e-02,4.959887523606876791e-01,-1.075137344611429070e-06,-1.007250940449875072e-06,3.417518949151455931e+00,1.142421763884427129e-02,1.143285518815776933e-02,1.027273216414082313e+00
9.779999999999998901e-09,-1.639198769573819289e-06,-1.184035943163933885e-05,1.562425857251384942e+00,2.120314395476304015e-02,2.121970516610630075e-02,4.962354730200536634e-01,-1.074974901269838638e-06,-1.007335243107947488e-06,3.429238366685438688e+00,1.142529139742989169e-02,1.143392938856065480e-02,1.027318095839548251e+00
9.799999999999998418e-09,-1.640806559547320290e-06,-1.184285904772797985e-05,1.568091597794003755e+00,2.122360895505120623e-02,2.124018133921623877e-02,4.964794125044836304e-01,-1.074812230969127840e-06,-1.007419383946262846e-06,3.440958321331389680e+00,1.142636369462128598e-02,1.143500211478126923e-02,1.027361439530719567e+00
9.819999999999997936e-09,-1.642407032400481870e-06,-1.184534896689678414e-05,1.573760109397587037e+00,2.124400541892965122e-02,2.126058895544582009e-02,4.967206110537746300e-01,-1.074649467577680523e-06,-1.007506375243613484e-06,3.452678634049470396e+00,1.142743453431740476e-02,1.143607337225749365e-02,1.027403800590655614e+00
9.839999999999997453e-09,-1.643999898107634493e-06,-1.184782936327038921e-05,1.579431361039156156e+00,2.126433378926997561e-02,2.128092845762249996e-02,4.969590975852393178e-01,-1.074488206863352346e-06,-1.007593806716135520e-06,3.464399483879711195e+00,1.142850393234147270e-02,1.143714319131741708e-02,1.027444606169205521e+00
9.859999999999996970e-09,-1.645585217569065554e-06,-1.185030034370617385e-05,1.585105320155177466e+00,2.128459450518309717e-02,2.130120028480756225e-02,4.971949059027350182e-01,-1.074329249675295258e-06,-1.007678065259973526e-06,3.476120691782277117e+00,1.142957189871551468e-02,1.143821159531210538e-02,1.027484413034882360e+00
9.879999999999996488e-09,-1.647162850903670019e-06,-1.185276231287497055e-05,1.590781954692329192e+00,2.130478800197940781e-02,2.132140487227613540e-02,4.974280692497989875e-01,-1.074170763141131946e-06,-1.007760182404611430e-06,3.487842078717291017e+00,1.143063843863763827e-02,1.143927858289307473e-02,1.027523786032226161e+00
9.899999999999996005e-09,-1.648732798228081997e-06,-1.185521548270017909e-05,1.596461231055557040e+00,2.132491471121161081e-02,2.134154265152291355e-02,4.976586258355862324e-01,-1.074011270791392433e-06,-1.007844313454116206e-06,3.499563465644862426e+00,1.143170356081807046e-02,1.144034414556027376e-02,1.027563296099657464e+00
9.919999999999995522e-09,-1.650295061500521382e-06,-1.185766006620254228e-05,1.602143116145660962e+00,2.134497506069965578e-02,2.136161405030942081e-02,4.978866133822597018e-01,-1.073852102610862055e-06,-1.007930085999111457e-06,3.511285210644939703e+00,1.143276729046873753e-02,1.144140829747608210e-02,1.027601786779909432e+00
9.939999999999995040e-09,-1.651849713445480067e-06,-1.186009599690330605e-05,1.607827581405051109e+00,2.136496947460711504e-02,2.138161949273278614e-02,4.981120580946307164e-01,-1.073695526023795123e-06,-1.008014142714464854e-06,3.523007671797424134e+00,1.143382964568104287e-02,1.144247106418267226e-02,1.027638089745510630e+00
9.959999999999994557e-09,-1.653397262987248389e-06,-1.186252335840897266e-05,1.613514598755769303e+00,2.138489837337471250e-02,2.140155939928769374e-02,4.983349855662494443e-01,-1.073540779344438943e-06,-1.008095475360750198e-06,3.534730849102349914e+00,1.143489062920729875e-02,1.144353245400573683e-02,1.027672185458900156e+00
9.979999999999994074e-09,-1.654937405702611796e-06,-1.186494250465716852e-05,1.619204140564646011e+00,2.140476217368928596e-02,2.142143418679788927e-02,4.985554208565807777e-01,-1.073385559174042813e-06,-1.008176802730387258e-06,3.546454742559795648e+00,1.143595024695390032e-02,1.144459247083383889e-02,1.027704054259550137e+00
9.999999999999993592e-09,-1.656470609226610901e-06,-1.186735353463513864e-05,1.624896179664210738e+00,2.142456128875290175e-02,2.144124426846109877e-02,4.987733884211157931e-01,-1.073229210553654856e-06,-1.008261063464593808e-06,3.558179173129888184e+00,1.143700850626111314e-02,1.144565113141120076e-02,1.027734269128755429e+00
1.001999999999999311e-08,-1.657997097670135835e-06,-1.186975669265838799e-05,1.630590687252048365e+00,2.144429612827804602e-02,2.146099005397821696e-02,4.989889179055747581e-01,-1.073073968378950425e-06,-1.008345240597030264e-06,3.569903961772812551e+00,1.143806541797969326e-02,1.144670846034708672e-02,1.027763409324198518e+00
1.003999999999999263e-08,-1.659516902985473559e-06,-1.187215180238074373e-05,1.636287634974492811e+00,2.146396709848115772e-02,2.148067194953538067e-02,4.992020384402457989e-01,-1.072921796224172780e-06,-1.008426490655753119e-06,3.581628929448681387e+00,1.143912098586120051e-02,1.144776446848478312e-02,1.027792057803453840e+00
1.005999999999999214e-08,-1.661030088053268148e-06,-1.187453899150901097e-05,1.641986992868333939e+00,2.148357460204195629e-02,2.150029035785368942e-02,4.994127843579371229e-01,-1.072770549442647053e-06,-1.008506088337416864e-06,3.593354076157534660e+00,1.144017521322498489e-02,1.144881914396097058e-02,1.027820208397183022e+00
1.007999999999999166e-08,-1.662536679644657222e-06,-1.187691838918822624e-05,1.647688733450457965e+00,2.150311903816825090e-02,2.151984567815163826e-02,4.996211838426467544e-01,-1.072617980386999729e-06,-1.008587315082156910e-06,3.605079401899429214e+00,1.144122812116719727e-02,1.144987247875699915e-02,1.027847859092342997e+00
1.009999999999999118e-08,-1.664036731808826061e-06,-1.187929012516457891e-05,1.653392827614706073e+00,2.152260080269428541e-02,2.153933830619659748e-02,4.998272703322248489e-01,-1.072464932979911618e-06,-1.008670396658027867e-06,3.616804906674430775e+00,1.144227973741463941e-02,1.145092448662589878e-02,1.027875010565141523e+00
1.011999999999999070e-08,-1.665530305405028822e-06,-1.188165432498396260e-05,1.659099248676660032e+00,2.154202028809106342e-02,2.155876863440284522e-02,5.000310712130990876e-01,-1.072314073494015452e-06,-1.008751983318231096e-06,3.628530948562491698e+00,1.144333007385143174e-02,1.145197520194721208e-02,1.027900460446912856e+00
1.013999999999999021e-08,-1.667017274497981329e-06,-1.188401112010023423e-05,1.664807972434503736e+00,2.156137788342040243e-02,2.157813705183635536e-02,5.002326075437463215e-01,-1.072165802769627387e-06,-1.008830938152238690e-06,3.640257348523718850e+00,1.144437912030755664e-02,1.145302464828612359e-02,1.027924794859790492e+00
1.015999999999998973e-08,-1.668497689451464087e-06,-1.188636061512639446e-05,1.670518970998428721e+00,2.158067397435808193e-02,2.159744394426403591e-02,5.004319114418220860e-01,-1.072017230547153106e-06,-1.008909399737235550e-06,3.651983927518225759e+00,1.144542687492642805e-02,1.145407282157362081e-02,1.027948606211462668e+00
1.017999999999998925e-08,-1.669971699591774738e-06,-1.188870314623364511e-05,1.676232218920008066e+00,2.159990894330181960e-02,2.161668969406585136e-02,5.006290088125666671e-01,-1.071867199991295767e-06,-1.008990339413013473e-06,3.663710685546038626e+00,1.144647335817455987e-02,1.145511971550571169e-02,1.027971892486515992e+00
1.019999999999998877e-08,-1.671439357367437321e-06,-1.189103883215517855e-05,1.681947689102660126e+00,2.161908316942530439e-02,2.163587468037247996e-02,5.008239309267330519e-01,-1.071717819192340424e-06,-1.009071876967076625e-06,3.675437622607242716e+00,1.144751859401148264e-02,1.145616534142909065e-02,1.027994648268389488e+00
1.021999999999998828e-08,-1.672900784562878371e-06,-1.189336768858617647e-05,1.687665356874993527e+00,2.163819702868600633e-02,2.165499927911265776e-02,5.010167028243039944e-01,-1.071571175385931908e-06,-1.009151142412212839e-06,3.687164917741862613e+00,1.144856258478841975e-02,1.145720972249412647e-02,1.028016261435762413e+00
1.023999999999998780e-08,-1.674355999133817611e-06,-1.189568958379696769e-05,1.693385197945534326e+00,2.165725089376558873e-02,2.167406386300269050e-02,5.012073490916657548e-01,-1.071426299025248597e-06,-1.009228493365625085e-06,3.698892391909995858e+00,1.144960531879035334e-02,1.145825287172731743e-02,1.028037335277033781e+00
1.025999999999998732e-08,-1.675805056953772474e-06,-1.189800459783306866e-05,1.699107186356185517e+00,2.167624513415175244e-02,2.169306880159763487e-02,5.013958997552838692e-01,-1.071279905672452966e-06,-1.009306282200357533e-06,3.710619866071723116e+00,1.145064680322363353e-02,1.145929477892150550e-02,1.028058477878834420e+00
1.027999999999998683e-08,-1.677248007494503536e-06,-1.190031281429009387e-05,1.704831296525381568e+00,2.169518011620769765e-02,2.171201446125548343e-02,5.015823844433309198e-01,-1.071132254247835812e-06,-1.009386348782636051e-06,3.722347519267042326e+00,1.145168706197212741e-02,1.146033543749702677e-02,1.028079073553019418e+00
1.029999999999998635e-08,-1.678684903615853402e-06,-1.190261439421455312e-05,1.710557505275559054e+00,2.171405620321978716e-02,2.173090120521088339e-02,5.017668264774588494e-01,-1.070986389815520212e-06,-1.009466313790104834e-06,3.734075351496028539e+00,1.145272611450261387e-02,1.146137487187597059e-02,1.028099120280841827e+00
1.031999999999998587e-08,-1.680115805975563489e-06,-1.190490940967424741e-05,1.716285787748952574e+00,2.173287375536899282e-02,2.174972939367361344e-02,5.019492546877483141e-01,-1.070843490336148181e-06,-1.009543824094766655e-06,3.745803183718819263e+00,1.145376396891827769e-02,1.146241311207234215e-02,1.028119231730402872e+00
1.033999999999998539e-08,-1.681540775630321593e-06,-1.190719792937847519e-05,1.722016119447964178e+00,2.175163312977281341e-02,2.176849938380944274e-02,5.021296975168431098e-01,-1.070701639388122873e-06,-1.009619827288207478e-06,3.757531194975376909e+00,1.145480062574436193e-02,1.146345016997502367e-02,1.028138786257549508e+00
1.035999999999998490e-08,-1.682959903651375267e-06,-1.190947995406128028e-05,1.727748478261837750e+00,2.177033468049180756e-02,2.178721152974548089e-02,5.023081770524842060e-01,-1.070557775746526560e-06,-1.009696879515976952e-06,3.769259385265746332e+00,1.145583609029753556e-02,1.146448603578479816e-02,1.028157781843240137e+00
1.037999999999998442e-08,-1.684373241220357889e-06,-1.191175555179162624e-05,1.733482840384476642e+00,2.178897875861449812e-02,2.180586618255680315e-02,5.024847209617565591e-01,-1.070412774651361473e-06,-1.009775700549467096e-06,3.780987754589959504e+00,1.145687037326632157e-02,1.146552070087217962e-02,1.028176213729329547e+00
1.039999999999998394e-08,-1.685780829378422174e-06,-1.191402475181262253e-05,1.739219184377053695e+00,2.180756571225741722e-02,2.182446369034516526e-02,5.026593505495290382e-01,-1.070269781503631299e-06,-1.009854136199905839e-06,3.792716302948061724e+00,1.145790347558238616e-02,1.146655418437037867e-02,1.028194079896461721e+00
1.041999999999998346e-08,-1.687182729567039692e-06,-1.191628760710155522e-05,1.744957487103150129e+00,2.182609588657612870e-02,2.184300439832409166e-02,5.028320927266735074e-01,-1.070129976670614440e-06,-1.009930202039917628e-06,3.804445209380019843e+00,1.145893539824221000e-02,1.146758650633992842e-02,1.028210744560173584e+00
1.043999999999998297e-08,-1.688578895789071553e-06,-1.191854426720512858e-05,1.750697729814373105e+00,2.184456962379495090e-02,2.186148864877442144e-02,5.030029619564687637e-01,-1.069991141349348652e-06,-1.010004868871974621e-06,3.816174473885898255e+00,1.145996615454517031e-02,1.146861767430810454e-02,1.028226203676675610e+00
1.045999999999998249e-08,-1.689969374680996481e-06,-1.192079478975228290e-05,1.756439890009522831e+00,2.186298726327569678e-02,2.187991678110410426e-02,5.031719844027816579e-01,-1.069850411513218239e-06,-1.010080868421667111e-06,3.827903917425837577e+00,1.146099576361231907e-02,1.146964768022405018e-02,1.028241078101038486e+00
1.047999999999998201e-08,-1.691354171807941851e-06,-1.192303928436473642e-05,1.762183947538323858e+00,2.188134914153333846e-02,2.189828913180277142e-02,5.033391797870594431e-01,-1.069708274966637864e-06,-1.010158435894657138e-06,3.839633539999861345e+00,1.146202423860811538e-02,1.147067652221691984e-02,1.028255365809775723e+00
1.049999999999998153e-08,-1.692733334175312859e-06,-1.192527780696850695e-05,1.767929880527238318e+00,2.189965559226458164e-02,2.191660603456371814e-02,5.035045735571113124e-01,-1.069567393982130130e-06,-1.010235445988251993e-06,3.851363341607994428e+00,1.146305158573860880e-02,1.147170421997967781e-02,1.028269061277572227e+00
1.051999999999998104e-08,-1.694106955481994291e-06,-1.192751042207611062e-05,1.773677669439952531e+00,2.191790694634802167e-02,2.193486782030795029e-02,5.036681846954335073e-01,-1.069429733285590763e-06,-1.010310206813674942e-06,3.863093322250302553e+00,1.146407779995919224e-02,1.147273079425984062e-02,1.028282162480123718e+00
1.053999999999998056e-08,-1.695475090006564256e-06,-1.192973717662968309e-05,1.779427293010684252e+00,2.193610353186007181e-02,2.195307481719358314e-02,5.038300379522470118e-01,-1.069293793744374787e-06,-1.010383573118896866e-06,3.874823302886925447e+00,1.146510288150424592e-02,1.147375625790682252e-02,1.028295304143947098e+00
1.055999999999998008e-08,-1.696837785362079855e-06,-1.193195812008122027e-05,1.785178730277246384e+00,2.195424567413665692e-02,2.197122735060472176e-02,5.039901577394424459e-01,-1.069156555589093756e-06,-1.010458219258693029e-06,3.886553283517878654e+00,1.146612684533457154e-02,1.147478061379589992e-02,1.028308486270078648e+00
1.057999999999997959e-08,-1.698195086015804855e-06,-1.193417330420042891e-05,1.790931960576516380e+00,2.197233369581835793e-02,2.198932574319975228e-02,5.041485681334093583e-01,-1.069017439396547263e-06,-1.010534711264643083e-06,3.898283622223060352e+00,1.146714969345488319e-02,1.147580386559322353e-02,1.028320417415289567e+00
1.059999999999997911e-08,-1.699546998851344356e-06,-1.193638291754514738e-05,1.796686967599385065e+00,2.199036791681684838e-02,2.200737031494215401e-02,5.043052804411891632e-01,-1.068878361868041704e-06,-1.010610846746827752e-06,3.910014319002538041e+00,1.146817143165101971e-02,1.147682602316509037e-02,1.028331093525567397e+00
1.061999999999997863e-08,-1.700893571191165982e-06,-1.193858700900105045e-05,1.802443731240475966e+00,2.200834865439716542e-02,2.202536138316152706e-02,5.044603180624914751e-01,-1.068741846185041123e-06,-1.010684537870868708e-06,3.921745015776474386e+00,1.146919208057581123e-02,1.147784708656478941e-02,1.028341801991117910e+00
1.063999999999997815e-08,-1.702234853568806439e-06,-1.194078562336441573e-05,1.808202231679449712e+00,2.202627622318220624e-02,2.204329926250311877e-02,5.046137040764021586e-01,-1.068608093068463187e-06,-1.010756597224783827e-06,3.933475891584837569e+00,1.147021165541259671e-02,1.147886704719244984e-02,1.028351890298061289e+00
1.065999999999997766e-08,-1.703570924998208493e-06,-1.194297877359654139e-05,1.813962451410838117e+00,2.204415093519690103e-02,2.206118426498562130e-02,5.047654549478545194e-01,-1.068474492818084141e-06,-1.010829894179354084e-06,3.945206946427678663e+00,1.147123016786843683e-02,1.147988590595873035e-02,1.028361356419021710e+00
1.067999999999997718e-08,-1.704901829031576479e-06,-1.194516650831298000e-05,1.819724371158291776e+00,2.206197309988557412e-02,2.207901670004484493e-02,5.049155931153005428e-01,-1.068338907639530629e-06,-1.010905205848276247e-06,3.956938359344955636e+00,1.147224761647309271e-02,1.148090368249496222e-02,1.028369536622380398e+00
1.069999999999997670e-08,-1.706227545844282990e-06,-1.194734891332837924e-05,1.825487975992313272e+00,2.207974302409295222e-02,2.209679687456763894e-02,5.050641280090084617e-01,-1.068202106186766330e-06,-1.010980732349003329e-06,3.968670130336690249e+00,1.147326398943067025e-02,1.148192039650702476e-02,1.028376426845023728e+00
1.071999999999997622e-08,-1.707548117091809808e-06,-1.194952603068706599e-05,1.831253247149878360e+00,2.209746101210058322e-02,2.211452509290358706e-02,5.052110814353382162e-01,-1.068066718633188006e-06,-1.011053959005496508e-06,3.980402080362995587e+00,1.147427928823954724e-02,1.148293605871816316e-02,1.028382676835654319e+00
1.073999999999997573e-08,-1.708863622450960156e-06,-1.195169789599460551e-05,1.837020168163174816e+00,2.211512736569658938e-02,2.213220165690715432e-02,5.053564685288666203e-01,-1.067934145228695993e-06,-1.011124720968171404e-06,3.992134209423973790e+00,1.147529352400119759e-02,1.148395067913868944e-02,1.028388284561263744e+00
1.075999999999997525e-08,-1.710174109174472849e-06,-1.195386454739702833e-05,1.842788720777304823e+00,2.213274238418580162e-02,2.214982686594606232e-02,5.055003104977092709e-01,-1.067803378768302232e-06,-1.011196351661112127e-06,4.003866338479697085e+00,1.147630670490487961e-02,1.148496425520620021e-02,1.028393908396855849e+00
1.077999999999997477e-08,-1.711479621189716664e-06,-1.195602602902212687e-05,1.848558886991954919e+00,2.215030636440161807e-02,2.216740101690025527e-02,5.056426282617075829e-01,-1.067671665815237642e-06,-1.011270485893449229e-06,4.015598467530193005e+00,1.147731884239274087e-02,1.148597678149063279e-02,1.028399548344407277e+00
1.079999999999997429e-08,-1.712780196388600172e-06,-1.195818238212944692e-05,1.854330649057761793e+00,2.216781960074201696e-02,2.218492440418688705e-02,5.057834424550848862e-01,-1.067537932843804380e-06,-1.011345245545452024e-06,4.027330596575528610e+00,1.147832995047345060e-02,1.148698826525706117e-02,1.028405204405529405e+00
1.081999999999997380e-08,-1.714075874819538015e-06,-1.196033364179381305e-05,1.860103989472505992e+00,2.218528238519838769e-02,2.220239731982538364e-02,5.059227734291417145e-01,-1.067404219569272097e-06,-1.011418129659463406e-06,4.039062725615726102e+00,1.147934003951581877e-02,1.148799872471163198e-02,1.028410876581816735e+00
1.083999999999997332e-08,-1.715366700233857360e-06,-1.196247983795502779e-05,1.865878890977566318e+00,2.220269500737576118e-02,2.221982005347140215e-02,5.060606412549353283e-01,-1.067272353301089415e-06,-1.011488161367809353e-06,4.050794854650844989e+00,1.148034910956159324e-02,1.148900817446925175e-02,1.028416564874599981e+00
1.085999999999997284e-08,-1.716652717436053744e-06,-1.196462100031687304e-05,1.871655336554436388e+00,2.222005775448024703e-02,2.223719289242093514e-02,5.061970657259927675e-01,-1.067143051776694394e-06,-1.011558108938768580e-06,4.062526983680895043e+00,1.148135716589060266e-02,1.149001660997230057e-02,1.028422269284677837e+00
1.087999999999997235e-08,-1.717933971517794189e-06,-1.196675716604734256e-05,1.877433309421083107e+00,2.223737091138526523e-02,2.225451612157308343e-02,5.063320663609937045e-01,-1.067014613057379363e-06,-1.011630618698858170e-06,4.074259112705932218e+00,1.148236422300265812e-02,1.149102402538911341e-02,1.028427989812626286e+00
1.089999999999997187e-08,-1.719210501323820131e-06,-1.196888837094046982e-05,1.883212793028486987e+00,2.225463476065973542e-02,2.227179002350442028e-02,5.064656624064964863e-01,-1.066884487147149587e-06,-1.011704380243367806e-06,4.085991241725969836e+00,1.148337028611162540e-02,1.149203042717889672e-02,1.028433726459237585e+00
1.091999999999997139e-08,-1.720482343440732511e-06,-1.197101464512418170e-05,1.888993771057299487e+00,2.227184958257177536e-02,2.228901487850358520e-02,5.065978728396539621e-01,-1.066753196494591795e-06,-1.011776925332422991e-06,4.097723370741057636e+00,1.148437535033270014e-02,1.149303583186464875e-02,1.028439479225746300e+00
1.093999999999997091e-08,-1.721749537672459017e-06,-1.197313601457688213e-05,1.894776227414432634e+00,2.228901565509086233e-02,2.230619096461357309e-02,5.067287163709608411e-01,-1.066622596560805584e-06,-1.011846993273694446e-06,4.109455678791185562e+00,1.148537940361508795e-02,1.149404025697675809e-02,1.028444563458060346e+00
1.095999999999997042e-08,-1.723012099659189427e-06,-1.197525249735163671e-05,1.900560148273625627e+00,2.230613325388553989e-02,2.232331855762159298e-02,5.068582047950930258e-01,-1.066494007222084250e-06,-1.011915827336440985e-06,4.121188344916244972e+00,1.148638245017103224e-02,1.149504369974189109e-02,1.028448290385752362e+00
1.097999999999996994e-08,-1.724269917714326162e-06,-1.197736409269574149e-05,1.906345520015479522e+00,2.232320265240783641e-02,2.234039793105066854e-02,5.069863496177797746e-01,-1.066367306380827979e-06,-1.011986301147575983e-06,4.132921190076344509e+00,1.148738451226961887e-02,1.149604614883950431e-02,1.028451340593049546e+00
1.099999999999996946e-08,-1.725523021721037017e-06,-1.197947082997964547e-05,1.912132327178982294e+00,2.234022412193852752e-02,2.235742935620118124e-02,5.071131687513672492e-01,-1.066240317318501417e-06,-1.012058398717586074e-06,4.144654035231636335e+00,1.148838561343590477e-02,1.149704760658037776e-02,1.028454398780351386e+00
1.101999999999996898e-08,-1.726771437050519131e-06,-1.198157273314982728e-05,1.917920554514927156e+00,2.235719793159894955e-02,2.237441310219078286e-02,5.072386798590875490e-01,-1.066112059719016477e-06,-1.012130238464158187e-06,4.156386880382143545e+00,1.148938576441685053e-02,1.149804809162028978e-02,1.028457464949318556e+00
1.103999999999996849e-08,-1.728015190610941631e-06,-1.198366982460454345e-05,1.923710186982827697e+00,2.237412434831647853e-02,2.239134943599141100e-02,5.073629003576715091e-01,-1.065983622957879414e-06,-1.012200579785031942e-06,4.168119725527907882e+00,1.149038496009555793e-02,1.149904762878906257e-02,1.028460539101392568e+00
1.105999999999996801e-08,-1.729254311555449132e-06,-1.198576212320095815e-05,1.929501209747829016e+00,2.239100363685603279e-02,2.240823862246162090e-02,5.074858474200133474e-01,-1.065856087747122536e-06,-1.012268944339999269e-06,4.179852570668975531e+00,1.149138319837741430e-02,1.150004622460023412e-02,1.028463621237626135e+00
1.107999999999996753e-08,-1.730488829914618361e-06,-1.198784964792306518e-05,1.935293608177685920e+00,2.240783605986319121e-02,2.242508092431423281e-02,5.076075379777410523e-01,-1.065730360350069436e-06,-1.012337741126312553e-06,4.191585415805380244e+00,1.149238047831162117e-02,1.150104386492050400e-02,1.028466711358941410e+00
1.109999999999996705e-08,-1.731718776693871819e-06,-1.198993242344765326e-05,1.941087367839689160e+00,2.242462187787085809e-02,2.244187660212447130e-02,5.077279887238754785e-01,-1.065605462259809701e-06,-1.012407823870508613e-06,4.203318260937125572e+00,1.149337680270570705e-02,1.150204054450230939e-02,1.028469809466404428e+00
1.111999999999996656e-08,-1.732944178284629242e-06,-1.199201047034213587e-05,1.946882474497791504e+00,2.244136134933188975e-02,2.245862591437576550e-02,5.078472161154296005e-01,-1.065479905957991995e-06,-1.012478504411871885e-06,4.215051106064248820e+00,1.149437218007568623e-02,1.150303627208621934e-02,1.028472915561691403e+00
1.113999999999996608e-08,-1.734165061226960838e-06,-1.199408381012072634e-05,1.952678914109674535e+00,2.245805473064142049e-02,2.247532911750650675e-02,5.079652363760394085e-01,-1.065353894500889371e-06,-1.012549103679189107e-06,4.226783951186810384e+00,1.149536661544843172e-02,1.150403106707873283e-02,1.028476029646073098e+00
1.115999999999996560e-08,-1.735381453023060150e-06,-1.199615245993288909e-05,1.958476672823824538e+00,2.247470227614500188e-02,2.249198646595474207e-02,5.080820654985714890e-01,-1.065228289229089594e-06,-1.012617912384269010e-06,4.238516796304797829e+00,1.149636011745862330e-02,1.150502494534437654e-02,1.028479151720272933e+00
1.117999999999996512e-08,-1.736593382659884565e-06,-1.199821643446346156e-05,1.964275736976708764e+00,2.249130423817463642e-02,2.250859821212800038e-02,5.081977192477494798e-01,-1.065103912305846635e-06,-1.012685652228181677e-06,4.250249641418242241e+00,1.149735270125522464e-02,1.150601790205744816e-02,1.028482281784720342e+00
1.119999999999996463e-08,-1.737800879639314445e-06,-1.200027575215810572e-05,1.970076093090065372e+00,2.250786086707030897e-02,2.252516460639169757e-02,5.083122131627535456e-01,-1.064980604661987713e-06,-1.012753771822878513e-06,4.261982486527205793e+00,1.149834437672576232e-02,1.150700993054249062e-02,1.028485419840911907e+00
1.121999999999996415e-08,-1.739003972233598561e-06,-1.200233043134772758e-05,1.975877727867932032e+00,2.252437241119651865e-02,2.254168589712676057e-02,5.084255625598298467e-01,-1.064857015400079064e-06,-1.012822527859049110e-06,4.273715331631724901e+00,1.149933514733357358e-02,1.150800103626502605e-02,1.028488565891191753e+00
1.123999999999996367e-08,-1.740202685657289498e-06,-1.200438049021556815e-05,1.981680628194134153e+00,2.254083911695118486e-02,2.255816233077027541e-02,5.085377825349370884e-01,-1.064732806230103852e-06,-1.012892092086710953e-06,4.285448176731816439e+00,1.150032500514996253e-02,1.150899123165322578e-02,1.028491719937063564e+00
1.125999999999996318e-08,-1.741397046927898594e-06,-1.200642594654709671e-05,1.987484781129523093e+00,2.255726122875452780e-02,2.257459415182522244e-02,5.086488879663008111e-01,-1.064608872413620733e-06,-1.012961326917041258e-06,4.297181021827485736e+00,1.150131393848111659e-02,1.150998052884923128e-02,1.028494881979289177e+00
1.127999999999996270e-08,-1.742587083803154412e-06,-1.200846681402469058e-05,1.993290173909240570e+00,2.257363898908334651e-02,2.259098160286433787e-02,5.087588935170493931e-01,-1.064486094183083092e-06,-1.013028999500512967e-06,4.308913866918797630e+00,1.150230196030895859e-02,1.151096893312342391e-02,1.028498052017990716e+00
1.129999999999996222e-08,-1.743772826080325866e-06,-1.201050310596885086e-05,1.999096793940188466e+00,2.258997263854746820e-02,2.260732492454797793e-02,5.088678136378100847e-01,-1.064364659089658169e-06,-1.013096083355020696e-06,4.320646712005788537e+00,1.150328910095399330e-02,1.151195644787389102e-02,1.028501230053594506e+00
1.131999999999996174e-08,-1.744954302236870705e-06,-1.201253483833709215e-05,2.004904628798416244e+00,2.260626241590697402e-02,2.262362435566842370e-02,5.089756625692936076e-01,-1.064243159617470161e-06,-1.013163471134711742e-06,4.332379557088457567e+00,1.150427536846636810e-02,1.151294306835929857e-02,1.028504416087592022e+00
1.133999999999996125e-08,-1.746131537514523860e-06,-1.201456202638759997e-05,2.010713666226629392e+00,2.262250855802402233e-02,2.263988013312261821e-02,5.090824543449059547e-01,-1.064120746735171429e-06,-1.013231466025218605e-06,4.344112402166830478e+00,1.150526075341550859e-02,1.151392878547660703e-02,1.028507610121942806e+00
1.135999999999996077e-08,-1.747304557521850536e-06,-1.201658468629936431e-05,2.016523894131562411e+00,2.263871129988644787e-02,2.265609249193344804e-02,5.091882027933040122e-01,-1.063998146826735440e-06,-1.013300088492223977e-06,4.355845426280849253e+00,1.150624525591627950e-02,1.151491360541902036e-02,1.028510087413786689e+00
1.137999999999996029e-08,-1.748473388246684681e-06,-1.201860282976052844e-05,2.022335302607832563e+00,2.265487087465717364e-02,2.267226166530047007e-02,5.092929144969750022e-01,-1.063876546329280603e-06,-1.013368077815330450e-06,4.367578629430556525e+00,1.150722888051350194e-02,1.151589754384565491e-02,1.028511845925221158e+00
1.139999999999995981e-08,-1.749638058738366388e-06,-1.202061646813230800e-05,2.028147879869051096e+00,2.267098751369706761e-02,2.268838788463502926e-02,5.093966028806576896e-01,-1.063756646157531559e-06,-1.013434970247872247e-06,4.379311832576052055e+00,1.150821162714772521e-02,1.151688062063145959e-02,1.028513608362504383e+00
1.141999999999995932e-08,-1.750798598277919164e-06,-1.202262561401841264e-05,2.033961614285001662e+00,2.268706144655318127e-02,2.270447137958244918e-02,5.094992811754469608e-01,-1.063637540843847981e-06,-1.013501241848481444e-06,4.391045035717408673e+00,1.150919349311509826e-02,1.151786284422401732e-02,1.028515374726229892e+00
1.143999999999995884e-08,-1.751955032923971336e-06,-1.202463027981071246e-05,2.039776494379213378e+00,2.270309290097373769e-02,2.272051237797967013e-02,5.096009624212617384e-01,-1.063517505348332915e-06,-1.013567736599690839e-06,4.402778238854613058e+00,1.151017448765078062e-02,1.151884420902987878e-02,1.028517145016994760e+00
1.145999999999995836e-08,-1.753107386747549457e-06,-1.202663047998972697e-05,2.045592508826715061e+00,2.271908210296315345e-02,2.273651110587354002e-02,5.097016594693222213e-01,-1.063396559275255815e-06,-1.013634994039273545e-06,4.414511441987666984e+00,1.151115462881799854e-02,1.151982471483558278e-02,1.028518919235732021e+00
1.147999999999995788e-08,-1.754255685826023940e-06,-1.202862622799058965e-05,2.051409646451733071e+00,2.273502927681037705e-02,2.275246778758084620e-02,5.098013849845864920e-01,-1.063275775316453153e-06,-1.013702281835210955e-06,4.426244824156581714e+00,1.151213392772164681e-02,1.152080436584956326e-02,1.028519957753876390e+00
1.149999999999995739e-08,-1.755399985423092753e-06,-1.203061751670860836e-05,2.057227898268641386e+00,2.275093464507381771e-02,2.276838264569886264e-02,5.099001442116585237e-01,-1.063156325321404013e-06,-1.013769021681514133e-06,4.437978385361343037e+00,1.151311238612962549e-02,1.152178316986395175e-02,1.028520258531470999e+00
1.151999999999995691e-08,-1.756540316526435807e-06,-1.203260435634063337e-05,2.063047253380236423e+00,2.276679842857650196e-02,2.278425590112440405e-02,5.099979494443361849e-01,-1.063038741767317043e-06,-1.013835423872692326e-06,4.449711946562056042e+00,1.151409000239940819e-02,1.152276112846370611e-02,1.028520559158383252e+00
1.153999999999995643e-08,-1.757676709239762020e-06,-1.203458675802929842e-05,2.068867701031201101e+00,2.278262084643514068e-02,2.280008777302409625e-02,5.100948128009349380e-01,-1.062921620369931996e-06,-1.013901323728827145e-06,4.461445507758766027e+00,1.151506677742439484e-02,1.152373823711880241e-02,1.028520859635754903e+00
1.155999999999995594e-08,-1.758809190377655659e-06,-1.203656473138105318e-05,2.074689230605905266e+00,2.279840211610082226e-02,2.281587847887909734e-02,5.101907462266194182e-01,-1.062803374705282167e-06,-1.013967048355525197e-06,4.473179068951472104e+00,1.151604271912022408e-02,1.152471450504680139e-02,1.028521159964604248e+00
1.157999999999995546e-08,-1.759937785276008684e-06,-1.203853828797191577e-05,2.080511831626491670e+00,2.281414245337795924e-02,2.283162823453552259e-02,5.102857614956781696e-01,-1.062684286404650688e-06,-1.014033120233637757e-06,4.484912630140232892e+00,1.151701783376065519e-02,1.152568994746711040e-02,1.028521460146172961e+00
1.159999999999995498e-08,-1.761062521233655581e-06,-1.204050743833203040e-05,2.086335493750594239e+00,2.282984207241273503e-02,2.284733725420858008e-02,5.103798702138157006e-01,-1.062565383898988782e-06,-1.014098981031784452e-06,4.496646191325056385e+00,1.151799211947667108e-02,1.152666457579614757e-02,1.028521760181964728e+00
1.161999999999995450e-08,-1.762183426206680335e-06,-1.204247219196789515e-05,2.092160206769441366e+00,2.284550118570143756e-02,2.286300575048692829e-02,5.104730838203949128e-01,-1.062447274297084682e-06,-1.014164662387832770e-06,4.508379752505947025e+00,1.151896557564932068e-02,1.152763839034989454e-02,1.028522060073008948e+00
1.163999999999995401e-08,-1.763300528900332419e-06,-1.204443255929885047e-05,2.097985960605812661e+00,2.286112000412838727e-02,2.287863393432004733e-02,5.105654135906732005e-01,-1.062330714124345290e-06,-1.014230729481487985e-06,4.520113313682940337e+00,1.151993821167878775e-02,1.152861137663164365e-02,1.028522359820184251e+00
1.165999999999995353e-08,-1.764413859293365816e-06,-1.204638855151511806e-05,2.103812745312095611e+00,2.287669873700583570e-02,2.289422201503146098e-02,5.106568706380197886e-01,-1.062215331023036751e-06,-1.014296647560935906e-06,4.531846874856086949e+00,1.152091003326786815e-02,1.152958352863076019e-02,1.028522659423964258e+00
1.167999999999995305e-08,-1.765523444919531975e-06,-1.204834017747499560e-05,2.109640551068289849e+00,2.289223759204971759e-02,2.290977020036471731e-02,5.107474659160970987e-01,-1.062099712026958070e-06,-1.014361857717085174e-06,4.543580436025372649e+00,1.152188103593267988e-02,1.153055485531314164e-02,1.028522958884662497e+00
1.169999999999995257e-08,-1.766629311598212651e-06,-1.205028744672193724e-05,2.115469368180171728e+00,2.290773677538356090e-02,2.292527869650478126e-02,5.108372102210531063e-01,-1.061983313694503368e-06,-1.014426744239900277e-06,4.555313997190837405e+00,1.152285122522129363e-02,1.153152537067051939e-02,1.028523258203044355e+00
1.171999999999995208e-08,-1.767731485121217616e-06,-1.205223036891650959e-05,2.121299187077343440e+00,2.292319649158587949e-02,2.294074770809655800e-02,5.109261141936581874e-01,-1.061866388288513813e-06,-1.014491371404184559e-06,4.567047558352511416e+00,1.152382060805474603e-02,1.153249508965091541e-02,1.028523557380145892e+00
1.173999999999995160e-08,-1.768829991594258792e-06,-1.205416895325156631e-05,2.127129998311442005e+00,2.293861694369220966e-02,2.295617743825694584e-02,5.110141883214440739e-01,-1.061749522222961519e-06,-1.014555749200077320e-06,4.578781119510423991e+00,1.152478919323464933e-02,1.153346402021424542e-02,1.028523856417118409e+00
1.175999999999995112e-08,-1.769924858040977498e-06,-1.205610320929529492e-05,2.132961792554206149e+00,2.295399833324414385e-02,2.297156808857432619e-02,5.111014429408208271e-01,-1.061633226535612139e-06,-1.014620424476766224e-06,4.590514680664587566e+00,1.152575699349592253e-02,1.153443216271228706e-02,1.028524155314954447e+00
1.177999999999995064e-08,-1.771016111615961685e-06,-1.205803314779284536e-05,2.138794560595833616e+00,2.296934086028067784e-02,2.298691985912372851e-02,5.111878882391679424e-01,-1.061518012340299967e-06,-1.014685900731320510e-06,4.602248241815050100e+00,1.152672401210135672e-02,1.153539951321213078e-02,1.028524454074577488e+00
1.179999999999995015e-08,-1.772103780485339390e-06,-1.205995877977225118e-05,2.144628293343130654e+00,2.298464472333238903e-02,2.300223294846755195e-02,5.112735342568998087e-01,-1.061403906853209613e-06,-1.014751440830123880e-06,4.613981802961817813e+00,1.152769024154071988e-02,1.153636606813971018e-02,1.028524752696835964e+00
1.181999999999994967e-08,-1.773187891759559468e-06,-1.206188011398288162e-05,2.150462981817670371e+00,2.299991011941532326e-02,2.301750755367716270e-02,5.113583908895315000e-01,-1.061290223537498426e-06,-1.014816276794566001e-06,4.625715364104863170e+00,1.152865567238601195e-02,1.153733183215541885e-02,1.028525051182459737e+00
1.183999999999994919e-08,-1.774268471493133030e-06,-1.206379715906581783e-05,2.156298617154285058e+00,2.301513724406721931e-02,2.303274387036820942e-02,5.114424678897110388e-01,-1.061176569290623488e-06,-1.014880381283780070e-06,4.637448925244265219e+00,1.152962030806984131e-02,1.153829681467313448e-02,1.028525349532222188e+00
1.185999999999994870e-08,-1.775345545388854309e-06,-1.206570992353945331e-05,2.162135190599264511e+00,2.303032629138423992e-02,2.304794209270952937e-02,5.115257748692262352e-01,-1.061062486862403808e-06,-1.014943839011491601e-06,4.649182486379993762e+00,1.153058416241626617e-02,1.153926102266458059e-02,1.028525647747025484e+00
1.187999999999994822e-08,-1.776419137866840933e-06,-1.206761841628075773e-05,2.167972693508578352e+00,2.304547745404602818e-02,2.306310241343598882e-02,5.116083213010065300e-01,-1.060947872741085528e-06,-1.015007010483800696e-06,4.660916047512164262e+00,1.153154725121026229e-02,1.154022445895684645e-02,1.028525945827756027e+00
1.189999999999994774e-08,-1.777489273913710190e-06,-1.206952264675357430e-05,2.173811117346504673e+00,2.306059092332411048e-02,2.307822502385162983e-02,5.116901165210961944e-01,-1.060833375066710321e-06,-1.015070152996236284e-06,4.672649608640750962e+00,1.153250958087585938e-02,1.154118712297777516e-02,1.028526243775311100e+00
1.191999999999994726e-08,-1.778555979414752526e-06,-1.207142262454200798e-05,2.179650453683808387e+00,2.307566688906381031e-02,2.309331011383958937e-02,5.117711697306084329e-01,-1.060719209879990338e-06,-1.015133900715730318e-06,4.684383169765756527e+00,1.153347115152947473e-02,1.154214901637646597e-02,1.028526541590586874e+00
1.193999999999994677e-08,-1.779619279718364647e-06,-1.207331836090862557e-05,2.185490694196150940e+00,2.309070553970655332e-02,2.310835787188071991e-02,5.118514899976549515e-01,-1.060605425734964923e-06,-1.015198653188099041e-06,4.696116730887217372e+00,1.153443196582743663e-02,1.154311014279265149e-02,1.028526839274398030e+00
1.195999999999994629e-08,-1.780679200462901273e-06,-1.207520986644742400e-05,2.191331830662699431e+00,2.310570706230646518e-02,2.312336848506525364e-02,5.119310862592821865e-01,-1.060492426975903188e-06,-1.015263448274837430e-06,4.707850292005100634e+00,1.153539202322906645e-02,1.154407050803522156e-02,1.028527136827271038e+00
1.197999999999994581e-08,-1.781735767643906468e-06,-1.207709714955589638e-05,2.197173854964426631e+00,2.312067164253614818e-02,2.313834213911941662e-02,5.120099673233403648e-01,-1.060380316256003431e-06,-1.015327668047201160e-06,4.719583853119527106e+00,1.153635131890282453e-02,1.154503011889400355e-02,1.028527434249788319e+00
1.199999999999994533e-08,-1.782789006817665930e-06,-1.207898021906413588e-05,2.203016759082643716e+00,2.313559946469841838e-02,2.315327901841600713e-02,5.120881418703776555e-01,-1.060268874488974752e-06,-1.015391165401496455e-06,4.731317414230478136e+00,1.153730985119328506e-02,1.154598898183179650e-02,1.028527731542711932e+00
1.201999999999994484e-08,-1.783838942944863338e-06,-1.208085908314196160e-05,2.208860535097517008e+00,2.315049071174967929e-02,2.316817930598855449e-02,5.121656184554990165e-01,-1.060157642232254007e-06,-1.015453881939232219e-06,4.743050975337954611e+00,1.153826762802511938e-02,1.154694710087979248e-02,1.028528028706819919e+00
1.203999999999994436e-08,-1.784885600015387535e-06,-1.208273375072389742e-05,2.214705175186623354e+00,2.316534556532165445e-02,2.318304318352730486e-02,5.122424055101758578e-01,-1.060046015445753805e-06,-1.015516135973895440e-06,4.754784536441985843e+00,1.153922465474487014e-02,1.154790447391688957e-02,1.028528325743244487e+00
1.205999999999994388e-08,-1.785929001194390231e-06,-1.208460423100598523e-05,2.220550671623394923e+00,2.318016420571138159e-02,2.319787083138753411e-02,5.123185113441082184e-01,-1.059933990205052340e-06,-1.015578150197322471e-06,4.766518097542588706e+00,1.154018093305108142e-02,1.154886110007720922e-02,1.028528622653050117e+00
1.207999999999994340e-08,-1.786969170189074880e-06,-1.208647053350564137e-05,2.226397016775856219e+00,2.319494681191101859e-02,2.321266242861319204e-02,5.123939441469819167e-01,-1.059822008892012092e-06,-1.015640263771210907e-06,4.778251658639778299e+00,1.154113647077194792e-02,1.154981697903530342e-02,1.028528919436846323e+00
1.209999999999994291e-08,-1.788006130996767486e-06,-1.208833266827038253e-05,2.232244203105096858e+00,2.320969356162401118e-02,2.322741815293968143e-02,5.124687119902641141e-01,-1.059710110416136520e-06,-1.015703071948540203e-06,4.789985219733567057e+00,1.154209127684848422e-02,1.155077211189853466e-02,1.028529216094851151e+00
1.211999999999994243e-08,-1.789039906931819318e-06,-1.209019064631549779e-05,2.238092223164001471e+00,2.322440463127501895e-02,2.324213818081753008e-02,5.125428228289625743e-01,-1.059598121792065431e-06,-1.015766834565725311e-06,4.801718780824020705e+00,1.154304535743533831e-02,1.155172650452639463e-02,1.028529512627369025e+00
1.213999999999994195e-08,-1.790070521072012119e-06,-1.209204447826498939e-05,2.243941069595720261e+00,2.323908019601589325e-02,2.325682268743124378e-02,5.126162845033483961e-01,-1.059486314840353764e-06,-1.015830639042705230e-06,4.813452341911101051e+00,1.154399871640974726e-02,1.155268016920288007e-02,1.028529809035054532e+00
1.215999999999994147e-08,-1.791097997018381175e-06,-1.209389417258416049e-05,2.249790735132568553e+00,2.325372042973660250e-02,2.327147184672605576e-02,5.126891047406992863e-01,-1.059375205935108410e-06,-1.015893976287763188e-06,4.825185902994891585e+00,1.154495135635125354e-02,1.155363311580244988e-02,1.028530105318670396e+00
1.217999999999994098e-08,-1.792122358759979944e-06,-1.209573973863445989e-05,2.255641212594467149e+00,2.326832550507143896e-02,2.328608583139385804e-02,5.127612911569655596e-01,-1.059265048786032193e-06,-1.015956849729534182e-06,4.836919464075414510e+00,1.154590327799118535e-02,1.155458534545435526e-02,1.028530401479070822e+00
1.219999999999994050e-08,-1.793143630236911000e-06,-1.209758118516032031e-05,2.261492494887834770e+00,2.328289559340739751e-02,2.330066481288138244e-02,5.128328512584776622e-01,-1.059155758616603120e-06,-1.016019077381513541e-06,4.848653025152583673e+00,1.154685447867818612e-02,1.155553685672779281e-02,1.028530697517389569e+00
1.221999999999994002e-08,-1.794161834952164720e-06,-1.209941852118078594e-05,2.267344575004246465e+00,2.329743086489279719e-02,2.331520896139696250e-02,5.129037924435848605e-01,-1.059047053419895673e-06,-1.016080702999690501e-06,4.860386586226493222e+00,1.154780495897084203e-02,1.155648764997128757e-02,1.028530993434657148e+00
1.223999999999993953e-08,-1.795176995791259709e-06,-1.210125175566341493e-05,2.273197446019102674e+00,2.331193148846778807e-02,2.332971844593261651e-02,5.129741220043029237e-01,-1.058938395799968600e-06,-1.016141968151959707e-06,4.872120147297185788e+00,1.154875472181425208e-02,1.155743772840448109e-02,1.028531289231529033e+00
1.225999999999993905e-08,-1.796189134519296445e-06,-1.210308089836383978e-05,2.279051101090560749e+00,2.332639763186438939e-02,2.334419343427219032e-02,5.130438471279312740e-01,-1.058829291373961004e-06,-1.016203128204071014e-06,4.883853708364620516e+00,1.154970376863679454e-02,1.155838709487490290e-02,1.028531584908580321e+00
1.227999999999993857e-08,-1.797198272340085215e-06,-1.210490595891698574e-05,2.284905533458160942e+00,2.334082946162352803e-02,2.335863409300268159e-02,5.131129748986419381e-01,-1.058719792342808349e-06,-1.016264310600470378e-06,4.895587269428850696e+00,1.155065210267588842e-02,1.155933575167267073e-02,1.028531880466342141e+00
1.229999999999993809e-08,-1.798204430689562294e-06,-1.210672694736641553e-05,2.290760736441694423e+00,2.335522714310453440e-02,2.337304058752759026e-02,5.131815122990671663e-01,-1.058610267134552021e-06,-1.016325832585255738e-06,4.907320830489882546e+00,1.155159972932747088e-02,1.156028370351883626e-02,1.028532175905443102e+00
1.231999999999993760e-08,-1.799207631272005902e-06,-1.210854387415570827e-05,2.296616703440116591e+00,2.336959084050091104e-02,2.338741308208860947e-02,5.132494662118648465e-01,-1.058500837889859013e-06,-1.016388024979522972e-06,4.919054391547734717e+00,1.155254665440269904e-02,1.156123095724255999e-02,1.028532471226385470e+00
1.233999999999993712e-08,-1.800207895433976151e-06,-1.211035675022433175e-05,2.302473427930199268e+00,2.338392071684527312e-02,2.340175173976974735e-02,5.133168434212312947e-01,-1.058391321300133278e-06,-1.016450774440192304e-06,4.930787952602436519e+00,1.155349287997366366e-02,1.156217751693366068e-02,1.028532766429631318e+00
1.235999999999993664e-08,-1.801205244050603839e-06,-1.211216558577399821e-05,2.308330903465577233e+00,2.339821693401124281e-02,2.341605672250434214e-02,5.133836506144460188e-01,-1.058281603068523657e-06,-1.016513264928807384e-06,4.942521513654019927e+00,1.155443840840479457e-02,1.156312338578692131e-02,1.028533061515885638e+00
1.237999999999993616e-08,-1.802199697808436982e-06,-1.211397038966045237e-05,2.314189123675409299e+00,2.341247965273178175e-02,2.343032819108787843e-02,5.134498943833599727e-01,-1.058172022343051978e-06,-1.016575224731458532e-06,4.954255074702468065e+00,1.155538324225627994e-02,1.156406856459261424e-02,1.028533356485979544e+00
1.239999999999993567e-08,-1.803191278056361221e-06,-1.211577117145511571e-05,2.320048082263615363e+00,2.342670903260700085e-02,2.344456630517771645e-02,5.135155812258682673e-01,-1.058063217200156806e-06,-1.016636983130572820e-06,4.965988635747811131e+00,1.155632738373497947e-02,1.156501305106135899e-02,1.028533651340693966e+00
1.241999999999993519e-08,-1.804180006757867399e-06,-1.211756794096140864e-05,2.325907773007350965e+00,2.344090523211788193e-02,2.345877122330336517e-02,5.135807175473821040e-01,-1.057955403767176989e-06,-1.016698499029287964e-06,4.977722196790073994e+00,1.155727083605526985e-02,1.156595684467079735e-02,1.028533946080663286e+00
1.243999999999993471e-08,-1.805165905461253041e-06,-1.211936070778428161e-05,2.331768189756396659e+00,2.345506840863725503e-02,2.347294310288136621e-02,5.136453096622546344e-01,-1.057848464460971106e-06,-1.016759535552205568e-06,4.989455757829232674e+00,1.155821360356342267e-02,1.156689994902384416e-02,1.028534240706306724e+00
1.245999999999993423e-08,-1.806148995464784677e-06,-1.212114948123076831e-05,2.337629326431673427e+00,2.346919871844057107e-02,2.348708210023143714e-02,5.137093637952113712e-01,-1.057742142263361636e-06,-1.016819980679893656e-06,5.001189318865331579e+00,1.155915569059119685e-02,1.156784236813619866e-02,1.028534535218066814e+00
1.247999999999993374e-08,-1.807129297283784731e-06,-1.212293427064000329e-05,2.343491177024644045e+00,2.348329631671491544e-02,2.350118837057978138e-02,5.137728860827434074e-01,-1.057636076365838446e-06,-1.016880017545525422e-06,5.012922879898399131e+00,1.156009710168181583e-02,1.156878410339491278e-02,1.028534829616479573e+00
1.249999999999993326e-08,-1.808106830831064574e-06,-1.212471508577043969e-05,2.349353735595825832e+00,2.349736135757056824e-02,2.351526206807054084e-02,5.138358825744876457e-01,-1.057530020541516091e-06,-1.016939934174740116e-06,5.024656440928451318e+00,1.156103784218082825e-02,1.156972515926476923e-02,1.028535123902123871e+00
1.251999999999993278e-08,-1.809081615521535847e-06,-1.212649193669025841e-05,2.355216996274265728e+00,2.351139399404977848e-02,2.352930334578723012e-02,5.138983592345897078e-01,-1.057423743856997946e-06,-1.016999924293510790e-06,5.036390001955536100e+00,1.156197791526550334e-02,1.157066554145792965e-02,1.028535418075664953e+00
1.253999999999993229e-08,-1.810053670346273114e-06,-1.212826483370266318e-05,2.361080953256116555e+00,2.352539437813284257e-02,2.354331235575237574e-02,5.139603219430511905e-01,-1.057317131962663548e-06,-1.017060171012974865e-06,5.048123562979620615e+00,1.156291732373854186e-02,1.157160525399823087e-02,1.028535712137602864e+00
1.255999999999993181e-08,-1.811023014154840959e-06,-1.213003378739561835e-05,2.366945600804015282e+00,2.353936266074935571e-02,2.355728924894076245e-02,5.140217764970435033e-01,-1.057210271380833748e-06,-1.017120962836770707e-06,5.059857124000714634e+00,1.156385607023858141e-02,1.157254430062307909e-02,1.028536006088438537e+00
1.257999999999993133e-08,-1.811989665819170080e-06,-1.213179880887631779e-05,2.372810933245941278e+00,2.355329899178591063e-02,2.357123417528587603e-02,5.140827286122170436e-01,-1.057103248749454050e-06,-1.017182338790248564e-06,5.071590685018882105e+00,1.156479415556072553e-02,1.157348268328153157e-02,1.028536299928848541e+00
1.259999999999993085e-08,-1.812953644035504473e-06,-1.213355990892540722e-05,2.378676944974323249e+00,2.356720352009350830e-02,2.358514728368672417e-02,5.141431839239668511e-01,-1.056996179909006760e-06,-1.017243976778352385e-06,5.083324246034088389e+00,1.156573158133193321e-02,1.157442040533075180e-02,1.028536593659433951e+00
1.261999999999993036e-08,-1.813914967597250223e-06,-1.213531709784514847e-05,2.384543630445135953e+00,2.358107639350094306e-02,2.359902872202152696e-02,5.142031479887381185e-01,-1.056889157536103824e-06,-1.017305489782566424e-06,5.095057807046408982e+00,1.156666834962356144e-02,1.157535747027011765e-02,1.028536887280851575e+00
1.263999999999992988e-08,-1.814873655084551062e-06,-1.213707038545559261e-05,2.390410984176927656e+00,2.359491775882111356e-02,2.361287863715133550e-02,5.142626262852305619e-01,-1.056782166272727761e-06,-1.017366523162210406e-06,5.106791368055807467e+00,1.156760446024335080e-02,1.157629387937827645e-02,1.028537180793773320e+00
1.265999999999992940e-08,-1.815829724897623981e-06,-1.213881978124160112e-05,2.396279000750090038e+00,2.360872776185674038e-02,2.362669717492915655e-02,5.143216242156489759e-01,-1.056675215850513792e-06,-1.017427085862122296e-06,5.118524929062307827e+00,1.156853991375622268e-02,1.157722963513806505e-02,1.028537474198823576e+00
1.267999999999992892e-08,-1.816783195245584963e-06,-1.214056529513410507e-05,2.402147674805693800e+00,2.362250654741484407e-02,2.364048448021197069e-02,5.143801471069082698e-01,-1.056568579557855712e-06,-1.017487404893150338e-06,5.130258490065974009e+00,1.156947471320860475e-02,1.157816474044112177e-02,1.028537767496735311e+00
1.269999999999992843e-08,-1.817734084839386943e-06,-1.214230693726511946e-05,2.408017001044915339e+00,2.363625425931652549e-02,2.365424069686851427e-02,5.144382002118128572e-01,-1.056462637243965667e-06,-1.017547558184040498e-06,5.141992051066730518e+00,1.157040886055128552e-02,1.157909919808412617e-02,1.028538060688148681e+00
1.271999999999992795e-08,-1.818682412522981003e-06,-1.214404471776762997e-05,2.413886974228063309e+00,2.364997104040132692e-02,2.366796596778967740e-02,5.144957887102543648e-01,-1.056357518216772686e-06,-1.017607504700764879e-06,5.153725612064652850e+00,1.157134235788219966e-02,1.158003301085646503e-02,1.028538353773567282e+00
1.273999999999992747e-08,-1.819628196961769188e-06,-1.214577864665583609e-05,2.419757589173747725e+00,2.366365703254004124e-02,2.368166043489653913e-02,5.145529177103467244e-01,-1.056253166714717396e-06,-1.017667229876815936e-06,5.165459173059757880e+00,1.157227520925944129e-02,1.158096618184962026e-02,1.028538646753435870e+00
1.275999999999992699e-08,-1.820571456460421690e-06,-1.214750873407134630e-05,2.425628840757936722e+00,2.367731237664348620e-02,2.369532423915020336e-02,5.146095922495592667e-01,-1.056149345592034629e-06,-1.017726683963752956e-06,5.177192734052010081e+00,1.157320741913278432e-02,1.158189871446668393e-02,1.028538939628197424e+00
1.277999999999992650e-08,-1.821512208725974865e-06,-1.214923498998621851e-05,2.431500723913439188e+00,2.369093721267074779e-02,2.370895752055759975e-02,5.146658172958523680e-01,-1.056045816859040592e-06,-1.017785792528412550e-06,5.188926295041514258e+00,1.157413899114558692e-02,1.158283060965820642e-02,1.028539232398306247e+00
1.279999999999992602e-08,-1.822450471120110256e-06,-1.215095742441553651e-05,2.437373233628888691e+00,2.370453167963607402e-02,2.372256041817733668e-02,5.147215977487661354e-01,-1.055942430536220657e-06,-1.017844594898467332e-06,5.200659856028239325e+00,1.157506992779941749e-02,1.158376186869874459e-02,1.028539525064151805e+00
1.281999999999992554e-08,-1.823386260669936685e-06,-1.215267604745311240e-05,2.443246364947872618e+00,2.371809591561674369e-02,2.373613307013295454e-02,5.147769384405144200e-01,-1.055839118342786968e-06,-1.017903189861223982e-06,5.212393417012161301e+00,1.157600023191666591e-02,1.158469249622479623e-02,1.028539817626122677e+00
1.283999999999992505e-08,-1.824319594262674634e-06,-1.215439086937945282e-05,2.449120112968418805e+00,2.373163005776359955e-02,2.374967561362582164e-02,5.148318441370411946e-01,-1.055735811681164944e-06,-1.017961693647554033e-06,5.224126977993362786e+00,1.157692990706273017e-02,1.158562249703711140e-02,1.028540110084640746e+00
1.285999999999992457e-08,-1.825250488424630414e-06,-1.215610190059238697e-05,2.454994472842144670e+00,2.374513424231016606e-02,2.376318818493870083e-02,5.148863195390761538e-01,-1.055632341488544892e-06,-1.018020310649873554e-06,5.235860538971803813e+00,1.157785895686535595e-02,1.158655187376865341e-02,1.028540402440176527e+00
1.287999999999992409e-08,-1.826178959285323466e-06,-1.215780915187020580e-05,2.460869439773373468e+00,2.375860860457922746e-02,2.377667091944078367e-02,5.149403692831635571e-01,-1.055528671674564359e-06,-1.018079315681042308e-06,5.247594099947547441e+00,1.157878738482806882e-02,1.158748062867115750e-02,1.028540694693203195e+00
1.289999999999992361e-08,-1.827105022944916341e-06,-1.215951263429672844e-05,2.466745009018598278e+00,2.377205327899166790e-02,2.379012395159651669e-02,5.149939979426878534e-01,-1.055424799533625623e-06,-1.018138883467846321e-06,5.259327660920620318e+00,1.157971519337100408e-02,1.158840876371149131e-02,1.028540986844261429e+00
1.291999999999992312e-08,-1.828028695187605432e-06,-1.216121235910210238e-05,2.472621175885619138e+00,2.378546839907059313e-02,2.380354741497262699e-02,5.150472100288624455e-01,-1.055320740342887342e-06,-1.018199035642596297e-06,5.271061221890944282e+00,1.158064238431153088e-02,1.158933628043836393e-02,1.028541278893958744e+00
1.293999999999992264e-08,-1.828949991821363345e-06,-1.216290833746463834e-05,2.478497935732872026e+00,2.379885409745092703e-02,2.381694144224600143e-02,5.151000099917243391e-01,-1.055216527769116289e-06,-1.018259537586068371e-06,5.282794782858578841e+00,1.158156896051656774e-02,1.159026317968652776e-02,1.028541570842897768e+00
1.295999999999992216e-08,-1.829868928401977050e-06,-1.216460058006115954e-05,2.484375283968838666e+00,2.381221050588821705e-02,2.383030616520924461e-02,5.151524022210843823e-01,-1.055112196282003581e-06,-1.018319994328004357e-06,5.294528343823561300e+00,1.158249492431063198e-02,1.159118946091991509e-02,1.028541862691727315e+00
1.297999999999992168e-08,-1.830785520499238359e-06,-1.216628909708386943e-05,2.490253216051115270e+00,2.382553775526238468e-02,2.384364171477718758e-02,5.152043910474967126e-01,-1.055007892826064539e-06,-1.018380149913210522e-06,5.306261904785912087e+00,1.158342027760784695e-02,1.159211512517407602e-02,1.028542154440921674e+00
1.299999999999992119e-08,-1.831699783709050993e-06,-1.216797389858148407e-05,2.496131727486032847e+00,2.383883597558848419e-02,2.385694822100114729e-02,5.152559807431965622e-01,-1.054903721878113023e-06,-1.018439903248177555e-06,5.317995465745588568e+00,1.158434502236566598e-02,1.159304017545589524e-02,1.028542446090810802e+00
1.301999999999992071e-08,-1.832611733532561943e-06,-1.216965499450747918e-05,2.502010813827716618e+00,2.385210529602244806e-02,2.387022581307557748e-02,5.153071755229935436e-01,-1.054799778192211559e-06,-1.018499292212131614e-06,5.329729026702658246e+00,1.158526915980584264e-02,1.159396461338650132e-02,1.028542737641827465e+00
1.303999999999992023e-08,-1.833521385479001437e-06,-1.217133239504031086e-05,2.507890470677655692e+00,2.386534584486687746e-02,2.388347461934228755e-02,5.153579795452137846e-01,-1.054696131645100804e-06,-1.018558394611192856e-06,5.341462587657147765e+00,1.158619269132496118e-02,1.159488844089878214e-02,1.028543029094419747e+00
1.305999999999991975e-08,-1.834428754924900768e-06,-1.217300611037151172e-05,2.513770693683949009e+00,2.387855774957929264e-02,2.389669476729992803e-02,5.154083969125616838e-01,-1.054592792231596105e-06,-1.018617222547355741e-06,5.353196148608988736e+00,1.158711561863122116e-02,1.159581166164295150e-02,1.028543320449015530e+00
1.307999999999991926e-08,-1.835333857132826121e-06,-1.217467615073463567e-05,2.519651478540633427e+00,2.389174113677920014e-02,2.390988638361230684e-02,5.154584316730074223e-01,-1.054489823622019129e-06,-1.018675822355333761e-06,5.364929709558233561e+00,1.158803794308594683e-02,1.159673427943277123e-02,1.028543611706055350e+00
1.309999999999991878e-08,-1.836236707346444895e-06,-1.217634252644960688e-05,2.525532820987111293e+00,2.390489613225532314e-02,2.392304959411613308e-02,5.155080878206500516e-01,-1.054387399662436035e-06,-1.018734289521739749e-06,5.376663270504924874e+00,1.158895966652631615e-02,1.159765629852615651e-02,1.028543902865994841e+00
1.311999999999991830e-08,-1.837137320941528172e-06,-1.217800524800903075e-05,2.531414716807588228e+00,2.391802286097528818e-02,2.393618452382963516e-02,5.155573692965617072e-01,-1.054285538546286342e-06,-1.018792718471416338e-06,5.388396831449065338e+00,1.158988079109756104e-02,1.159857772178024896e-02,1.028544193929342487e+00
1.313999999999991781e-08,-1.838035712914991641e-06,-1.217966432598793064e-05,2.537297161830480707e+00,2.393112144709083275e-02,2.394929129695326508e-02,5.156062799896081739e-01,-1.054184061695170840e-06,-1.018851033297549581e-06,5.400130392390677159e+00,1.159080131935428387e-02,1.159949855133137440e-02,1.028544484896622313e+00
1.315999999999991733e-08,-1.838931897907180190e-06,-1.218131977072139942e-05,2.543180151927573185e+00,2.394419201394714161e-02,2.396237003688099151e-02,5.156548237372881038e-01,-1.054082960975879593e-06,-1.018909114509935141e-06,5.411863953329738131e+00,1.159172125411841829e-02,1.160041878921799947e-02,1.028544775768370334e+00
1.317999999999991685e-08,-1.839825890596230566e-06,-1.218297159252128392e-05,2.549063683013776060e+00,2.395723468408861648e-02,2.397542086620393226e-02,5.157030043265214969e-01,-1.053982252667165695e-06,-1.018966969056355049e-06,5.423597514266250030e+00,1.159264059728474724e-02,1.160133843652683475e-02,1.028545066545104580e+00
1.319999999999991637e-08,-1.840717705381301166e-06,-1.218461980174830144e-05,2.554947751046356519e+00,2.397024957926651573e-02,2.398844390671779625e-02,5.157508254944417336e-01,-1.053881788312811794e-06,-1.019024612344695217e-06,5.435331075200259932e+00,1.159355935108037985e-02,1.160225749522813231e-02,1.028545357227286461e+00
1.321999999999991588e-08,-1.841607356306027156e-06,-1.218626440875285576e-05,2.560832352024465575e+00,2.398323682044490798e-02,2.400143927943041225e-02,5.157982909291883855e-01,-1.053781493225438738e-06,-1.019082069580308603e-06,5.447064636131770499e+00,1.159447751828684460e-02,1.160317596742400925e-02,1.028545647815362507e+00
1.323999999999991540e-08,-1.842494857313785916e-06,-1.218790542394856477e-05,2.566717481988398664e+00,2.399619652780802040e-02,2.401440710456752281e-02,5.158454042706509535e-01,-1.053681313256650607e-06,-1.019139410188571487e-06,5.458798197060835911e+00,1.159539510168425096e-02,1.160409385422264857e-02,1.028545938309708641e+00
1.325999999999991492e-08,-1.843380222036690123e-06,-1.218954285783375810e-05,2.572603137019344732e+00,2.400912882076662591e-02,2.402734750157832500e-02,5.158921691112281493e-01,-1.053581149584163340e-06,-1.019196673788754350e-06,5.470531757987451726e+00,1.159631210386525418e-02,1.160501115726899138e-02,1.028546228710657928e+00
1.327999999999991444e-08,-1.844263463882394866e-06,-1.219117672090617416e-05,2.578489313238580216e+00,2.402203381796372966e-02,2.404026058914363398e-02,5.159385889965685257e-01,-1.053480900584327495e-06,-1.019253807247351796e-06,5.482265318911550445e+00,1.159722852709354005e-02,1.160592787944699465e-02,1.028546519018636474e+00
1.329999999999991395e-08,-1.845144595947041925e-06,-1.219280702354215120e-05,2.584376006807048043e+00,2.403491163728088686e-02,2.405314648518433115e-02,5.159846674263001143e-01,-1.053380540280316739e-06,-1.019310863149610841e-06,5.493998700793268242e+00,1.159814437360301952e-02,1.160684402355212190e-02,1.028546373460829777e+00
1.331999999999991347e-08,-1.846023631324295721e-06,-1.219443377638775326e-05,2.590263213920747543e+00,2.404776239584536374e-02,2.406600530686578421e-02,5.160304078434626573e-01,-1.053280106851841957e-06,-1.019368003176577157e-06,5.505731903632680613e+00,1.159905964526395869e-02,1.160775959215002741e-02,1.028545794079857467e+00
1.333999999999991299e-08,-1.846900582929346598e-06,-1.219605699019603481e-05,2.596150930818427405e+00,2.406058621003486636e-02,2.407883717060472703e-02,5.160758136578093014e-01,-1.053179564634231713e-06,-1.019425370511386669e-06,5.517465106469694014e+00,1.159997434399539715e-02,1.160867458731594526e-02,1.028545218691602647e+00
1.335999999999991251e-08,-1.847775463489624589e-06,-1.219767667590147292e-05,2.602039153776979141e+00,2.407338319548517000e-02,2.409164219207431470e-02,5.161208882351696614e-01,-1.053078922903680934e-06,-1.019483069297415115e-06,5.529198309304246273e+00,1.160088847213369342e-02,1.160958901091017730e-02,1.028544647296443681e+00
1.337999999999991202e-08,-1.848648285689857195e-06,-1.219929284447787747e-05,2.607927879110840674e+00,2.408615346709628777e-02,2.410442048621136771e-02,5.161656348981259468e-01,-1.052978243758981413e-06,-1.019541158747397681e-06,5.540931512136426207e+00,1.160180203263445030e-02,1.161050286645505178e-02,1.028544079894711638e+00
1.339999999999991154e-08,-1.849519062145308865e-06,-1.220090550696333799e-05,2.613817103171707235e+00,2.409889713903844849e-02,2.411717216722563534e-02,5.162100569266863115e-01,-1.052877531588361611e-06,-1.019599588033970824e-06,5.552664535926337130e+00,1.160271502802242942e-02,1.161141615821129069e-02,1.028543074004969249e+00
1.341999999999991106e-08,-1.850387805241765881e-06,-1.220251467447135703e-05,2.619706822343817798e+00,2.411161432475693311e-02,2.412989734860484722e-02,5.162541575483148293e-01,-1.052776746991751315e-06,-1.019658174796565725e-06,5.564397201634026402e+00,1.160362746020930994e-02,1.161232888921667587e-02,1.028541190383735371e+00
1.343999999999991058e-08,-1.851254526682075574e-06,-1.220412035895185170e-05,2.625597033047729845e+00,2.412430513697949239e-02,2.414259614311926178e-02,5.162979399493237143e-01,-1.052675903584515879e-06,-1.019716814387025830e-06,5.576129509259518890e+00,1.160453933145563950e-02,1.161324106119976558e-02,1.028538441126277680e+00
1.345999999999991009e-08,-1.852119239292703706e-06,-1.220572256957240190e-05,2.631487731739664326e+00,2.413696968772067325e-02,2.415526866282498297e-02,5.163414072753583772e-01,-1.052575047431375774e-06,-1.019775458727495507e-06,5.587861637842723717e+00,1.160545064383070556e-02,1.161415267561164387e-02,1.028535271598421952e+00
1.347999999999990961e-08,-1.852981955225006637e-06,-1.220732131679292430e-05,2.637378914915043282e+00,2.414960808828894509e-02,2.416791501907177356e-02,5.163845626426897262e-01,-1.052474205166249493e-06,-1.019834000629614676e-06,5.599593408343795709e+00,1.160636139913179092e-02,1.161506373453431197e-02,1.028531245892139845e+00
1.349999999999990913e-08,-1.853842688491410392e-06,-1.220891661504504768e-05,2.643270579096237860e+00,2.416222044928997489e-02,2.418053532250899126e-02,5.164274091073490780e-01,-1.052373453662682392e-06,-1.019892288222273036e-06,5.611324104602990914e+00,1.160727159887908408e-02,1.161597424039757277e-02,1.028524622873839389e+00
1.351999999999990864e-08,-1.854701450529736917e-06,-1.221050846971556109e-05,2.649162720832307638e+00,2.417480688063565822e-02,2.419312968309245485e-02,5.164699496661913081e-01,-1.052272887024744244e-06,-1.019950281889111782e-06,5.623053905660309049e+00,1.160818124460006630e-02,1.161688419515935836e-02,1.028515849985005781e+00
1.353999999999990816e-08,-1.855558252811650938e-06,-1.221209689134265552e-05,2.655055336717893955e+00,2.418736749154703006e-02,2.420569821008772965e-02,5.165121873091104154e-01,-1.052172549027873008e-06,-1.020008087290369017e-06,5.634783348635536093e+00,1.160909033828202638e-02,1.161779360037187847e-02,1.028506243214751148e+00
1.355999999999990768e-08,-1.856413103906725177e-06,-1.221368188903621775e-05,2.660948423381304551e+00,2.419990239056270948e-02,2.421824101207745855e-02,5.165541249885354791e-01,-1.052072461271646435e-06,-1.020065773317711915e-06,5.646511001209258751e+00,1.160999888264108854e-02,1.161870245764817962e-02,1.028492303914720907e+00
1.357999999999990720e-08,-1.857266012181180711e-06,-1.221526347409736138e-05,2.666841977453040968e+00,2.421241168554925938e-02,2.423075819696811004e-02,5.165957655398248916e-01,-1.051972644079880208e-06,-1.020123306529030978e-06,5.658235610102087421e+00,1.161090687997319050e-02,1.161961076825340257e-02,1.028470985310936392e+00
1.359999999999990671e-08,-1.858116980252973188e-06,-1.221684165592653597e-05,2.672735995600398429e+00,2.422489548369862258e-02,2.424324987199236170e-02,5.166371117729874340e-01,-1.051873106203670871e-06,-1.020180638496792293e-06,5.669957712433852492e+00,1.161181433190437012e-02,1.162051853385427137e-02,1.028443638514768166e+00
1.361999999999990623e-08,-1.858966027677875614e-06,-1.221841645667926893e-05,2.678630474530714345e+00,2.423735389153539033e-02,2.425571614371925880e-02,5.166781664826217702e-01,-1.051773816747625504e-06,-1.020237773911286012e-06,5.681676592044877516e+00,1.161272123990540056e-02,1.162142575701476284e-02,1.028408550296853186e+00
1.363999999999990575e-08,-1.859813203152471119e-06,-1.221998787527914739e-05,2.684525410960591607e+00,2.424978701492950389e-02,2.426815711805747205e-02,5.167189323700586145e-01,-1.051674752038920872e-06,-1.020294762051224372e-06,5.693391532775455843e+00,1.161362760563067198e-02,1.162233244039876864e-02,1.028363995232978612e+00
1.365999999999990527e-08,-1.860658487197821478e-06,-1.222155591515598903e-05,2.690420801645992732e+00,2.426219495909367682e-02,2.428057290026101531e-02,5.167594121227667703e-01,-1.051575912127190564e-06,-1.020351622027547056e-06,5.705102892705441242e+00,1.161453343100908413e-02,1.162323858618915205e-02,1.028310884824376270e+00
1.367999999999990478e-08,-1.861501882519918283e-06,-1.222312062590666966e-05,2.696316643374277788e+00,2.427457782858809948e-02,2.429296359493810648e-02,5.167996083951565955e-01,-1.051477310434324057e-06,-1.020408356347883878e-06,5.716809955675172361e+00,1.161543871818232661e-02,1.162414419565637076e-02,1.028247507720014164e+00
1.369999999999990430e-08,-1.862343390650609608e-06,-1.222468199315886298e-05,2.702212932948673263e+00,2.428693572733462563e-02,2.430532930605151104e-02,5.168395237710075030e-01,-1.051378985714767806e-06,-1.020465009689026818e-06,5.728512721684717590e+00,1.161634346943496779e-02,1.162504926984381758e-02,1.028173911625469339e+00
1.371999999999990382e-08,-1.863183019601767918e-06,-1.222623998532129445e-05,2.708109667218179251e+00,2.429926875861175561e-02,2.431767013692300375e-02,5.168791608401076543e-01,-1.051280924493781501e-06,-1.020521624640757022e-06,5.740210474574372945e+00,1.161724768673097832e-02,1.162595380979127187e-02,1.028088406865169446e+00
1.373999999999990334e-08,-1.864020813573775323e-06,-1.222779464105505671e-05,2.714006843031876226e+00,2.431157702508063637e-02,2.432998619024593148e-02,5.169185220857643870e-01,-1.051183107445688423e-06,-1.020578198760384996e-06,5.751900170665542156e+00,1.161815137212025666e-02,1.162685781644179177e-02,1.027983591669462404e+00
1.375999999999990285e-08,-1.864856761043400791e-06,-1.222934597784949292e-05,2.719904457235889250e+00,2.432386062880880287e-02,2.434227756813944418e-02,5.169576098782063811e-01,-1.051085570478542852e-06,-1.020634686330234276e-06,5.763579303399440690e+00,1.161905452753110926e-02,1.162776129129888640e-02,1.027853412892142382e+00
1.377999999999990237e-08,-1.865690957819164614e-06,-1.223089384785294216e-05,2.725802506687567295e+00,2.433611967126238576e-02,2.435454437210056097e-02,5.169964265127435787e-01,-1.050988318910729987e-06,-1.020691016090263056e-06,5.775247156616445388e+00,1.161995715458182150e-02,1.162866423613505805e-02,1.027696249239341331e+00
1.379999999999990189e-08,-1.866523307126502881e-06,-1.223243836512294611e-05,2.731700988277751208e+00,2.434835425329077638e-02,2.436678670301203539e-02,5.170349742661285442e-01,-1.050891332323074324e-06,-1.020747159115052164e-06,5.786906773995085018e+00,1.162085925465695599e-02,1.162956665270143547e-02,1.027519674146216477e+00
1.381999999999990140e-08,-1.867353864794052138e-06,-1.223397963825080744e-05,2.737599898985238589e+00,2.436056447505591596e-02,2.437900466110818481e-02,5.170732555317896217e-01,-1.050794567967460543e-06,-1.020803102625423782e-06,5.798562452493372987e+00,1.162176082911820299e-02,1.163046854235823269e-02,1.027334299881115243e+00
1.383999999999990092e-08,-1.868182616694931880e-06,-1.223551763794443615e-05,2.743499235846555973e+00,2.437275043610321809e-02,2.439119834596749359e-02,5.171112727457811697e-01,-1.050697958309649156e-06,-1.020858841608741326e-06,5.810215445390777944e+00,1.162266187974480766e-02,1.163136990638449948e-02,1.027143259457082403e+00
1.385999999999990044e-08,-1.869009589164975518e-06,-1.223705236462796874e-05,2.749398995922300415e+00,2.438491223536901065e-02,2.440336785656137611e-02,5.171490283057682547e-01,-1.050601439436770398e-06,-1.020914442577084309e-06,5.821866468846935483e+00,1.162356240851028857e-02,1.163227074630366481e-02,1.026948334286355013e+00
1.387999999999989996e-08,-1.869834786233536148e-06,-1.223858384130789749e-05,2.755299176318970478e+00,2.439704997118753368e-02,2.441551329125879813e-02,5.171865246248982251e-01,-1.050504980275991712e-06,-1.020969967700188618e-06,5.833515522861911329e+00,1.162446241732882982e-02,1.163317106327277708e-02,1.026749575725475871e+00
1.389999999999989947e-08,-1.870658200704555790e-06,-1.224011204015798729e-05,2.761199774151922970e+00,2.440916374129972755e-02,2.442763474783690714e-02,5.172237640430954464e-01,-1.050408547582626442e-06,-1.021025430458327804e-06,5.845162070315933711e+00,1.162536190841921904e-02,1.163407085877155890e-02,1.026545732178730130e+00
1.391999999999989899e-08,-1.871479834835749522e-06,-1.224163698089091574e-05,2.767100786570546145e+00,2.442125364286022379e-02,2.443973232347780924e-02,5.172607488897401629e-01,-1.050312017635088361e-06,-1.021080842818726607e-06,5.856805932169074858e+00,1.162626088426458107e-02,1.163497013487541608e-02,1.026336435132685354e+00
1.393999999999989851e-08,-1.872299712474319674e-06,-1.224315868510675145e-05,2.773002210739862861e+00,2.443331977244032893e-02,2.445180611478504559e-02,5.172974814400141952e-01,-1.050215345886764502e-06,-1.021136236888513635e-06,5.868447108421351643e+00,1.162715934692920561e-02,1.163586889367911742e-02,1.026121735091739540e+00
1.395999999999989803e-08,-1.873117827153004312e-06,-1.224467718905818608e-05,2.778904043862063578e+00,2.444536222602742767e-02,2.446385621777766653e-02,5.173339639680031299e-01,-1.050118581972066098e-06,-1.021191631868151478e-06,5.880085599072808478e+00,1.162805729831307283e-02,1.163676713734144823e-02,1.025901693702918616e+00
1.397999999999989754e-08,-1.873934246881514490e-06,-1.224619243875850408e-05,2.784806283154195317e+00,2.445738109903392715e-02,2.447588272790785641e-02,5.173701986946914744e-01,-1.050021725960233434e-06,-1.021247037855634687e-06,5.891719971804095124e+00,1.162895474022204896e-02,1.163766486758293674e-02,1.025673002933674915e+00
1.399999999999989706e-08,-1.874748948741486843e-06,-1.224770448129145992e-05,2.790708925840546417e+00,2.446937648632435333e-02,2.448788574005734964e-02,5.174061877713884705e-01,-1.049924808346745740e-06,-1.021302464752478988e-06,5.903350584695070680e+00,1.162985167376942401e-02,1.163856208577238038e-02,1.025436577288962425e+00
1.401999999999989658e-08,-1.875561977547279124e-06,-1.224921331349924872e-05,2.796611969196552305e+00,2.448134848216992204e-02,2.449986534853752090e-02,5.174419333838973234e-01,-1.049827865111036552e-06,-1.021357957188393398e-06,5.914977795825580920e+00,1.163074810031684315e-02,1.163945879392042776e-02,1.025193337936136206e+00
1.403999999999989610e-08,-1.876373329047641440e-06,-1.225071897829170067e-05,2.802515410504216042e+00,2.449329718028981154e-02,2.451182164709532832e-02,5.174774376494313266e-01,-1.049730891262170905e-06,-1.021413595242438568e-06,5.926601784235542958e+00,1.163164402175996363e-02,1.164035499417622258e-02,1.024943764310538574e+00
1.405999999999989561e-08,-1.877183038507005640e-06,-1.225222144269920182e-05,2.808419247092254434e+00,2.450522267383442240e-02,2.452375472891199851e-02,5.175127027111704470e-01,-1.049633897513063219e-06,-1.021469431708046330e-06,5.938223087044689485e+00,1.163253943994841874e-02,1.164125068832394354e-02,1.024689176083787290e+00
1.407999999999989513e-08,-1.877991155956513707e-06,-1.225372071434643272e-05,2.814323476302821980e+00,2.451712505540091028e-02,2.453566468661981179e-02,5.175477306617412010e-01,-1.049536918440924010e-06,-1.021525464984996323e-06,5.949840809053458912e+00,1.163343435668584558e-02,1.164214587804377095e-02,1.024427569194674259e+00
1.409999999999989465e-08,-1.878797605682641226e-06,-1.225521679808717340e-05,2.820228095494844212e+00,2.452900441704717119e-02,2.454755161230616142e-02,5.175825235523215939e-01,-1.049439979096424466e-06,-1.021581655242738614e-06,5.961454771221990967e+00,1.163432877367167120e-02,1.164304056503778426e-02,1.024158602797575979e+00
1.411999999999989416e-08,-1.879602373793365576e-06,-1.225670964421940244e-05,2.826133102054712243e+00,2.454086085028150260e-02,2.455941559751493794e-02,5.176170834184363745e-01,-1.049343072237074806e-06,-1.021637931606131424e-06,5.973064615470397243e+00,1.163522269222943759e-02,1.164393475134092512e-02,1.023881539545832275e+00
1.413999999999989368e-08,-1.880405617160641887e-06,-1.225819933791163894e-05,2.832038493381573208e+00,2.455269444608243479e-02,2.457125673325813095e-02,5.176514122468109935e-01,-1.049246187043389462e-06,-1.021694226584192604e-06,5.984669446599159670e+00,1.163611611337654617e-02,1.164482843913789215e-02,1.023594437893060372e+00
1.415999999999989320e-08,-1.881207200792980125e-06,-1.225968596831253191e-05,2.837944266890448208e+00,2.456450529488568221e-02,2.458307511002500931e-02,5.176855119843123409e-01,-1.049149336622015966e-06,-1.021750536184509861e-06,5.996270517887674067e+00,1.163700903851444188e-02,1.164572163042693412e-02,1.023300223214565374e+00
1.417999999999989272e-08,-1.882007097178524429e-06,-1.226116954654044078e-05,2.843850420052452588e+00,2.457629348658885854e-02,2.459487081773886752e-02,5.177193846294415591e-01,-1.049052544965748060e-06,-1.021806897134654134e-06,6.007868724535486926e+00,1.163790146962097836e-02,1.164661432737898461e-02,1.023000994158780985e+00
1.419999999999989223e-08,-1.882805400060415153e-06,-1.226265001854300157e-05,2.849756950346844508e+00,2.458805911056359539e-02,2.460664394580575759e-02,5.177530321247709733e-01,-1.048955827255114036e-06,-1.021863303393339956e-06,6.019461918063671924e+00,1.163879340872905552e-02,1.164750653226788273e-02,1.022692012917744586e+00
1.421999999999989175e-08,-1.883602083037743462e-06,-1.226412730321254393e-05,2.855663855245905935e+00,2.459980225567206039e-02,2.461839458314851736e-02,5.177864563250321739e-01,-1.048859187914007524e-06,-1.021919702938228550e-06,6.031050635591983067e+00,1.163968485735386929e-02,1.164839824692702822e-02,1.022374564078264214e+00
1.423999999999989127e-08,-1.884397197003060551e-06,-1.226560143898599491e-05,2.861571132284760566e+00,2.461152301024038813e-02,2.463012281811967699e-02,5.178196591527984838e-01,-1.048762619147554463e-06,-1.021976065772246095e-06,6.042635593280055062e+00,1.164057581695814893e-02,1.164928947294866998e-02,1.022050342727568006e+00
1.425999999999989079e-08,-1.885190665593313001e-06,-1.226707250311750267e-05,2.867478778994616562e+00,2.462322146208687293e-02,2.464182873858746306e-02,5.178526424520198956e-01,-1.048666106825385421e-06,-1.022032375794283481e-06,6.054216612088039184e+00,1.164146628936476441e-02,1.165018021212453452e-02,1.021719020745522233e+00
1.427999999999989030e-08,-1.885982390154456767e-06,-1.226854059102595892e-05,2.873386792950657576e+00,2.463489769851121350e-02,2.465351243188398933e-02,5.178854080937421722e-01,-1.048569672724508255e-06,-1.022088580499678711e-06,6.065794408175579910e+00,1.164235627632097085e-02,1.165107046637603797e-02,1.021382257049910036e+00
1.429999999999988982e-08,-1.886772453790192806e-06,-1.227000566486743591e-05,2.879295171742031201e+00,2.464655180631237369e-02,2.466517398484209186e-02,5.179179579116804932e-01,-1.048473342929968978e-06,-1.022144620561005164e-06,6.077368802502755685e+00,1.164324577937891382e-02,1.165196023746574092e-02,1.021039725835337864e+00
1.431999999999988934e-08,-1.887560865229032584e-06,-1.227146771643617998e-05,2.885203912982904573e+00,2.465818387177752535e-02,2.467681348378455292e-02,5.179502937265586526e-01,-1.048377127079242608e-06,-1.022200497613789016e-06,6.088938899870028898e+00,1.164413480018332454e-02,1.165284952709710539e-02,1.020689564225657264e+00
1.433999999999988886e-08,-1.888347652783625382e-06,-1.227292670413443190e-05,2.891113014286378569e+00,2.466979398074094915e-02,2.468843101455280367e-02,5.179824172909056612e-01,-1.048281046449313759e-06,-1.022256250964699005e-06,6.100503805077801545e+00,1.164502334059063643e-02,1.165373833686200560e-02,1.020329915341076754e+00
1.435999999999988837e-08,-1.889132787480477826e-06,-1.227438260837325033e-05,2.897022473289986078e+00,2.468138221854892372e-02,2.470002666248731146e-02,5.180143303452411363e-01,-1.048185120147834140e-06,-1.022311918742545897e-06,6.112063518126055861e+00,1.164591140236711023e-02,1.165462666840013685e-02,1.019960885855349053e+00
1.437999999999988789e-08,-1.889916381021601378e-06,-1.227583549668798501e-05,2.902932287648293919e+00,2.469294867003761842e-02,2.471160051248779202e-02,5.180460346024841067e-01,-1.048089349909314411e-06,-1.022367532986339701e-06,6.123616964775319360e+00,1.164679898704968665e-02,1.165551452328560285e-02,1.019580290843593140e+00
1.439999999999988741e-08,-1.890698282661863152e-06,-1.227728522786274631e-05,2.908842455017826012e+00,2.470449341956953287e-02,2.472315264899895004e-02,5.180775317172416905e-01,-1.047993725826865691e-06,-1.022423124571452865e-06,6.135163249826020682e+00,1.164768609604737055e-02,1.165640190304199214e-02,1.019186351861251394e+00
1.441999999999988693e-08,-1.891478628164096533e-06,-1.227873202909735278e-05,2.914752973075266596e+00,2.471601655107231663e-02,2.473468315597350878e-02,5.181088233254270703e-01,-1.047898234451083061e-06,-1.022478719134231581e-06,6.146703447517666064e+00,1.164857273035541964e-02,1.165728880934161285e-02,1.018781485538491793e+00
1.443999999999988644e-08,-1.892257576038219741e-06,-1.228017597588779848e-05,2.920663839539308970e+00,2.472751814792218186e-02,2.474619211681348616e-02,5.181399110907550787e-01,-1.047802872221325038e-06,-1.022534297987816131e-06,6.158237557850287480e+00,1.164945889091784439e-02,1.165817524377718746e-02,1.018365826546748343e+00
1.445999999999988596e-08,-1.893035195313881190e-06,-1.228161711776592913e-05,2.926575052126387799e+00,2.473899829306919207e-02,2.475767961448403776e-02,5.181707966123467735e-01,-1.047707679474325269e-06,-1.022589790944152030e-06,6.169765938903690738e+00,1.165034457915825605e-02,1.165906120794365369e-02,1.017940235959053030e+00
1.447999999999988548e-08,-1.893811220825559836e-06,-1.228305518584512007e-05,2.932486608601766243e+00,2.475045706895346448e-02,2.476914573144368276e-02,5.182014815323504608e-01,-1.047612693077782741e-06,-1.022645155671405923e-06,6.181290381077068297e+00,1.165122979680188221e-02,1.165994670372332530e-02,1.017508567498342398e+00
1.449999999999988499e-08,-1.894585633581745101e-06,-1.228449006570041042e-05,2.938398506757215145e+00,2.476189455752452265e-02,2.478059054967467548e-02,5.182319674898209216e-01,-1.047517917137254079e-06,-1.022700394593415738e-06,6.192809631091034994e+00,1.165211454570182908e-02,1.166083173288053748e-02,1.017068307512424941e+00
1.451999999999988451e-08,-1.895358424259410034e-06,-1.228592203779109719e-05,2.944310744370536526e+00,2.477331084029031974e-02,2.479201415074462275e-02,5.182622560378410403e-01,-1.047423348502308021e-06,-1.022755524967155133e-06,6.204323151825793303e+00,1.165299882767687270e-02,1.166171629682889038e-02,1.016618435015602673e+00
1.453999999999988403e-08,-1.896129814216650791e-06,-1.228735098417000242e-05,2.950223319260481869e+00,2.478470599829709492e-02,2.480341661575047665e-02,5.182923487572502763e-01,-1.047328967591232445e-06,-1.022810565665155144e-06,6.215830585201585379e+00,1.165388264428622936e-02,1.166260039682676976e-02,1.016158345649228911e+00
1.455999999999988355e-08,-1.896899145890725627e-06,-1.228877712056365129e-05,2.956136229234846535e+00,2.479608011220001476e-02,2.481479802538159168e-02,5.183222471518473817e-01,-1.047234743528345100e-06,-1.022865507395073220e-06,6.227330319859113672e+00,1.165476599696618071e-02,1.166348403394958100e-02,1.015684864177822666e+00
1.457999999999988306e-08,-1.897667069812883895e-06,-1.229020062195084118e-05,2.962049472116405902e+00,2.480743326223229517e-02,2.482615845989075490e-02,5.183519527014177619e-01,-1.047140641346951088e-06,-1.022920350113778656e-06,6.238822892918142848e+00,1.165564888713265836e-02,1.166436720949788966e-02,1.015199231154373383e+00
1.459999999999988258e-08,-1.898433571090899999e-06,-1.229162137325437215e-05,2.967963045760862340e+00,2.481876552811352124e-02,2.483749799908849601e-02,5.183814668989289443e-01,-1.047046626259563756e-06,-1.022975117419997092e-06,6.250309020538380445e+00,1.165653131617435355e-02,1.166524992494714225e-02,1.014703040949958446e+00
1.461999999999988210e-08,-1.899198252525686406e-06,-1.229303940861041397e-05,2.973876948042029511e+00,2.483007698917089057e-02,2.484881672227549909e-02,5.184107912209837687e-01,-1.046952659098228080e-06,-1.023029824910000496e-06,6.261787628480298906e+00,1.165741328541559062e-02,1.166613218157984237e-02,1.014194266458924520e+00
1.463999999999988162e-08,-1.899960761218295302e-06,-1.229445468654204342e-05,2.979791176829498234e+00,2.484136772425689713e-02,2.486011470843026844e-02,5.184399270843967900e-01,-1.046858717278050790e-06,-1.023084478718985300e-06,6.273259611943475811e+00,1.165829479621781697e-02,1.166701398084115521e-02,1.013674835766733784e+00
1.465999999999988113e-08,-1.900721697951069244e-06,-1.229586706858944499e-05,2.985705730051039897e+00,2.485263781177799586e-02,2.487139203591885034e-02,5.184688759701124861e-01,-1.046764799163159909e-06,-1.023139080311173527e-06,6.284725149967846924e+00,1.165917584993810506e-02,1.166789532432409987e-02,1.013145257533500709e+00
1.467999999999988065e-08,-1.901480783853103194e-06,-1.229727652982462032e-05,2.991620605614972117e+00,2.486388732981534636e-02,2.488264878277595196e-02,5.184976392710790583e-01,-1.046670913662911613e-06,-1.023193629099528569e-06,6.296182631194239931e+00,1.166005644788904207e-02,1.166877621344993531e-02,1.012602451712434126e+00
1.469999999999988017e-08,-1.902237797706951877e-06,-1.229868266963915095e-05,2.997535801450895931e+00,2.487511635596343848e-02,2.489388502669186154e-02,5.185262183723421403e-01,-1.046577081772603148e-06,-1.023248118234080794e-06,6.307632413702427776e+00,1.166093659153254192e-02,1.166965664973338562e-02,1.012047288671398926e+00
1.471999999999987969e-08,-1.902993155977104047e-06,-1.230008541171450776e-05,3.003451315509030550e+00,2.488632496741045516e-02,2.490510084482819297e-02,5.185546146510746635e-01,-1.046483337272142229e-06,-1.023302540215230768e-06,6.319074139412601099e+00,1.166181628230383502e-02,1.167053663458920976e-02,1.011479218826505599e+00
1.473999999999987920e-08,-1.903747170236261936e-06,-1.230148498912376798e-05,3.009367145745660999e+00,2.489751324091514159e-02,2.491629631401403797e-02,5.185828294484382539e-01,-1.046389717458134837e-06,-1.023356889762278213e-06,6.330506913125144131e+00,1.166269552148731237e-02,1.167141616919160040e-02,1.010896642788143174e+00
1.475999999999987872e-08,-1.904500153646661970e-06,-1.230288108100381404e-05,3.015283290126493654e+00,2.490868125280617032e-02,2.492747151069481248e-02,5.186108640771138756e-01,-1.046296240018660094e-06,-1.023411171602162700e-06,6.341930734840090622e+00,1.166357431032222398e-02,1.167229525469742207e-02,1.010299740121831880e+00
1.477999999999987824e-08,-1.905251365002732388e-06,-1.230427424301695668e-05,3.021199746641224149e+00,2.491982907906477307e-02,2.493862651082707008e-02,5.186387198497753870e-01,-1.046202903889975698e-06,-1.023465391914309123e-06,6.353347036876799692e+00,1.166445265017655372e-02,1.167317389240506327e-02,1.009691454099973296e+00
1.479999999999987775e-08,-1.906000725833663409e-06,-1.230566498367641034e-05,3.027116513318117708e+00,2.493095679517423613e-02,2.494976138990176451e-02,5.186663981067506368e-01,-1.046109702800876712e-06,-1.023519540675333408e-06,6.364755998275184012e+00,1.166533054257550689e-02,1.167405208381706513e-02,1.009072285372367261e+00
1.481999999999987727e-08,-1.906748890605385877e-06,-1.230705285568026916e-05,3.033033588183153828e+00,2.494206447626563100e-02,2.496087622307739673e-02,5.186939001396814186e-01,-1.046016640144628791e-06,-1.023573600018133264e-06,6.376156723835671336e+00,1.166620798896018246e-02,1.167492983034896722e-02,1.008440656107205013e+00
1.483999999999987679e-08,-1.907495740781985641e-06,-1.230843774028916590e-05,3.038950969278528813e+00,2.495315219708828247e-02,2.497197108511179861e-02,5.187212272264902779e-01,-1.045923726752958399e-06,-1.023627549716335252e-06,6.387549034518366753e+00,1.166708499069223255e-02,1.167580713331418420e-02,1.007796382647441202e+00
1.485999999999987631e-08,-1.908241410275267787e-06,-1.230981936904142217e-05,3.044868654658706042e+00,2.496422003210489043e-02,2.498304605037956344e-02,5.187483806247950024e-01,-1.045830965771081616e-06,-1.023681377310508869e-06,6.398931856083757808e+00,1.166796154927735897e-02,1.167668399401857772e-02,1.007137595605118952e+00
1.487999999999987582e-08,-1.908986238361742475e-06,-1.231119849593429186e-05,3.050786642375501234e+00,2.497526805541487246e-02,2.499410119300687558e-02,5.187753615450849676e-01,-1.045738352978637935e-06,-1.023735094794136241e-06,6.410305188531807197e+00,1.166883766619110536e-02,1.167756041371958119e-02,1.006464467654468509e+00
1.489999999999987534e-08,-1.909730114802366232e-06,-1.231257550639444413e-05,3.056704930514920093e+00,2.498629634046376988e-02,2.500513658676149775e-02,5.188021712188244372e-01,-1.045645886289912910e-06,-1.023788719065101996e-06,6.421668852822699947e+00,1.166971334271513401e-02,1.167843639371772026e-02,1.005776863210916083e+00
1.491999999999987486e-08,-1.910472752176168464e-06,-1.231395034566814970e-05,3.062623517156202624e+00,2.499730496060593998e-02,2.501615230505040838e-02,5.188288108245404651e-01,-1.045553558052581772e-06,-1.023842254676124369e-06,6.433022132796736514e+00,1.167058857995455050e-02,1.167931193529486884e-02,1.005073628766838922e+00
1.493999999999987438e-08,-1.911213505809166956e-06,-1.231532391339144642e-05,3.068542400401431003e+00,2.500829398880017110e-02,2.502714842089906119e-02,5.188552815417870612e-01,-1.045461327569278974e-06,-1.023895710945896044e-06,6.444365565573624721e+00,1.167146337907378276e-02,1.168018703976258545e-02,1.004355961319898904e+00
1.495999999999987389e-08,-1.911952645978241452e-06,-1.231669580554424332e-05,3.074461578371477710e+00,2.501926349761897372e-02,2.503812500692708179e-02,5.188815845445300390e-01,-1.045369164635139325e-06,-1.023949104236518796e-06,6.455697360754208525e+00,1.167233774126499347e-02,1.168106170842537692e-02,1.003620764357715744e+00
1.497999999999987341e-08,-1.912690193550601719e-06,-1.231806547825179090e-05,3.080381049161815987e+00,2.503021355951669247e-02,2.504908213562997629e-02,5.189077209223139642e-01,-1.045277066836748059e-06,-1.024002453646237185e-06,6.467016623138943210e+00,1.167321166769461245e-02,1.168193594251600020e-02,1.002866599762671562e+00
1.499999999999987293e-08,-1.913426518931903978e-06,-1.231943290279497798e-05,3.086300810905031611e+00,2.504114424644402620e-02,2.506001987906925771e-02,5.189336917927157566e-01,-1.045185027555794608e-06,-1.024055778209405984e-06,6.478323889847628081e+00,1.167408515970175947e-02,1.168280974333125999e-02,1.002094691297537921e+00
1.501999999999987245e-08,-1.914161530885894211e-06,-1.232079679378999583e-05,3.092220861737432269e+00,2.505205563005833899e-02,2.507093830898230596e-02,5.189594982424845515e-01,-1.045093032659200940e-06,-1.024109099596147443e-06,6.489619339920148278e+00,1.167495821878348529e-02,1.168368311210544845e-02,1.001305577702144012e+00
1.503999999999987196e-08,-1.914894993838667249e-06,-1.232215791022593624e-05,3.098141199824826053e+00,2.506294778167517112e-02,2.508183749660479467e-02,5.189851413729895668e-01,-1.045001062475596283e-06,-1.024162436707298745e-06,6.500901899117009108e+00,1.167583084649484806e-02,1.168455604993531328e-02,1.000497552558529346e+00
1.505999999999987148e-08,-1.915626964398869833e-06,-1.232351737530340706e-05,3.104061823310526158e+00,2.507382077290622180e-02,2.509271751303124298e-02,5.190106222104798883e-01,-1.044909103830495297e-06,-1.024215789723487547e-06,6.512172820717639254e+00,1.167670304436835976e-02,1.168542855792503374e-02,9.996730777403673995e-01
1.507999999999987100e-08,-1.916358065320484032e-06,-1.232487435197784804e-05,3.109982730414982299e+00,2.508467467403932560e-02,2.510357842856401206e-02,5.190359418788617063e-01,-1.044817149935123304e-06,-1.024269139866799572e-06,6.523434074161092333e+00,1.167757481380398560e-02,1.168630063728442504e-02,9.988359073597133930e-01
1.509999999999987051e-08,-1.917088297867253780e-06,-1.232622999453695027e-05,3.115903919350399232e+00,2.509550955506802822e-02,2.511442031334261069e-02,5.190611014528145883e-01,-1.044725207347406741e-06,-1.024322480055093458e-06,6.534683869048232729e+00,1.167844615607604650e-02,1.168717228922137689e-02,9.979830460791505597e-01
1.511999999999987003e-08,-1.917818179825846180e-06,-1.232758367499236199e-05,3.121825388328622441e+00,2.510632548582806406e-02,2.512524323761756648e-02,5.190861019712321722e-01,-1.044633258746986991e-06,-1.024375827990368890e-06,6.545919698820259036e+00,1.167931707245366095e-02,1.168804351483329271e-02,9.971102752662303059e-01
1.513999999999986955e-08,-1.918546984939574369e-06,-1.232893576244406014e-05,3.127747135538499368e+00,2.511712253622797389e-02,2.513604727153124704e-02,5.191109444002687257e-01,-1.044541261881083225e-06,-1.024429184340781975e-06,6.557141205397312156e+00,1.168018756412639997e-02,1.168891431528896151e-02,9.962172094284525992e-01
1.515999999999986907e-08,-1.919274074292858850e-06,-1.233028617040568637e-05,3.133669159212274735e+00,2.512790077574246841e-02,2.514683248455415118e-02,5.191356297460854030e-01,-1.044449204175267088e-06,-1.024482519800447940e-06,6.568350179178591652e+00,1.168105763227419991e-02,1.168978469202060569e-02,9.953072420437842904e-01
1.517999999999986858e-08,-1.919999318779107365e-06,-1.233163430081709555e-05,3.139591457603213787e+00,2.513866027360181846e-02,2.515759894537365760e-02,5.191601590172176817e-01,-1.044357095475309375e-06,-1.024535821996335761e-06,6.579545187844756171e+00,1.168192727821015797e-02,1.169065464656884878e-02,9.943781339601759361e-01
1.519999999999986810e-08,-1.920722147198451841e-06,-1.233297994299387690e-05,3.145514028941327922e+00,2.514940109923881340e-02,2.516834672320732158e-02,5.191845331512450201e-01,-1.044264967581556066e-06,-1.024589095508067982e-06,6.590724978116374366e+00,1.168279650329870356e-02,1.169152418038523801e-02,9.934279690932974471e-01
1.521999999999986762e-08,-1.921442910311059244e-06,-1.233432290914676942e-05,3.151436871481060109e+00,2.516012332097997128e-02,2.517907588698629559e-02,5.192087530948460428e-01,-1.044172827739175474e-06,-1.024642339286795042e-06,6.601890803272889130e+00,1.168366530886576736e-02,1.169239329474528605e-02,9.924591573936077937e-01
1.523999999999986714e-08,-1.922162028606262455e-06,-1.233566236856599438e-05,3.157359983505231060e+00,2.517082700695206371e-02,2.518978650494151442e-02,5.192328198094919856e-01,-1.044080652310416186e-06,-1.024695558610000191e-06,6.613042484274417099e+00,1.168453369626034841e-02,1.169326199085210516e-02,9.914716530156371110e-01
1.525999999999986665e-08,-1.922881052206713866e-06,-1.233699894388196785e-05,3.163283363291032657e+00,2.518151222562337727e-02,2.520047864518041095e-02,5.192567342174796430e-01,-1.043988439491200939e-06,-1.024748762563909614e-06,6.624178588801576950e+00,1.168540166680146104e-02,1.169413027001347909e-02,9.904632895935782111e-01
1.527999999999986617e-08,-1.923600661247988650e-06,-1.233833231877495364e-05,3.169207009118003349e+00,2.519217904450700429e-02,2.521115237606818757e-02,5.192804972145993458e-01,-1.043896182960711113e-06,-1.024801961918104237e-06,6.635299653974107592e+00,1.168626922182313538e-02,1.169499813362321478e-02,9.894352355575906088e-01
1.529999999999986569e-08,-1.924319949649200980e-06,-1.233966345815236259e-05,3.175130919300631405e+00,2.520282753127324818e-02,2.522180776463520818e-02,5.193041097233558334e-01,-1.043803869751336457e-06,-1.024855163171189815e-06,6.646405500752193163e+00,1.168713636265621310e-02,1.169586558296121896e-02,9.883874592243216961e-01
1.531999999999986521e-08,-1.925037551676873923e-06,-1.234099085821339445e-05,3.181055092140591789e+00,2.521345775304705342e-02,2.523244487862692439e-02,5.193275726165708095e-01,-1.043711497731224006e-06,-1.024908377797665669e-06,6.657496308175725019e+00,1.168800309053989565e-02,1.169673261917201536e-02,9.873205264962441330e-01
1.533999999999986472e-08,-1.925753460155476286e-06,-1.234231321579229487e-05,3.186979525981514350e+00,2.522406977668058964e-02,2.524306378513585872e-02,5.193508868053176020e-01,-1.043619074028907117e-06,-1.024961625969466007e-06,6.668572792404336091e+00,1.168886940670431536e-02,1.169759924350018132e-02,9.862358986905569447e-01
1.535999999999986424e-08,-1.926468467585428267e-06,-1.234363238939787884e-05,3.192904219165038526e+00,2.523466366848839057e-02,2.525366455069281979e-02,5.193740531690175244e-01,-1.043526622057187485e-06,-1.025014930850496552e-06,6.679633342078833635e+00,1.168973531232709966e-02,1.169846545722875823e-02,9.851311632210218994e-01
1.537999999999986376e-08,-1.927182554722148080e-06,-1.234494950056050346e-05,3.198829170026898705e+00,2.524523949521869856e-02,2.526424724174514830e-02,5.193970725502381480e-01,-1.043434165643053425e-06,-1.025068316956717347e-06,6.690676882959674110e+00,1.169060080862489859e-02,1.169933126148362326e-02,9.840048457935920423e-01
1.539999999999986327e-08,-1.927896088794378834e-06,-1.234626393124418476e-05,3.204754376911425062e+00,2.525579732317522960e-02,2.527481192441783861e-02,5.194199457780771523e-01,-1.043341716826214732e-06,-1.025121796516541245e-06,6.701703594086793281e+00,1.169146589685561392e-02,1.170019665731091354e-02,9.828575380154342955e-01
1.541999999999986279e-08,-1.928608451934691013e-06,-1.234757531583597883e-05,3.210679838182733725e+00,2.526633721929418333e-02,2.528535866429112988e-02,5.194426736854177440e-01,-1.043249281407103477e-06,-1.025175372672939479e-06,6.712714012579966472e+00,1.169233057818372216e-02,1.170106164583811781e-02,9.816903978648500173e-01
1.543999999999986231e-08,-1.929319516493887083e-06,-1.234888261111488834e-05,3.216605552220656694e+00,2.527685924953856217e-02,2.529588752772048837e-02,5.194652571030888843e-01,-1.043156857427284618e-06,-1.025229031823033230e-06,6.723706169000109867e+00,1.169319485373740940e-02,1.170192622827248910e-02,9.805005457350932652e-01
1.545999999999986183e-08,-1.930028898749633215e-06,-1.235018843012313371e-05,3.222531517373065757e+00,2.528736348051019781e-02,2.530639858084815508e-02,5.194876967877205542e-01,-1.043064441992303426e-06,-1.025282759572555927e-06,6.734680063347244783e+00,1.169405872471813816e-02,1.170279040587201419e-02,9.792882698257678875e-01
1.547999999999986134e-08,-1.930735950341025380e-06,-1.235149132324131397e-05,3.228457732044032191e+00,2.529784997720412043e-02,2.531689188913908289e-02,5.195099935554368109e-01,-1.042972039797488627e-06,-1.025336554529401298e-06,6.745634979461653913e+00,1.169492219238445728e-02,1.170365417987358388e-02,9.780527669580257877e-01
1.549999999999986086e-08,-1.931442533979726024e-06,-1.235279106185911100e-05,3.234384194590548489e+00,2.530831880475929024e-02,2.532736751986280899e-02,5.195321481275488873e-01,-1.042879666651211355e-06,-1.025390386387430140e-06,6.756569664063960090e+00,1.169578525794211926e-02,1.170451755143886788e-02,9.767923426349698346e-01
1.551999999999986038e-08,-1.932149275766829744e-06,-1.235408725034510423e-05,3.240310903414736377e+00,2.531877002800264273e-02,2.533782553935986712e-02,5.195541612680091292e-01,-1.042787336594561655e-06,-1.025444215137722415e-06,6.767487876992403173e+00,1.169664792262155827e-02,1.170538052168994085e-02,9.755132551852765399e-01
1.553999999999985990e-08,-1.932856629668356282e-06,-1.235538133806759849e-05,3.246237856974335756e+00,2.532920371163445428e-02,2.534826601192451470e-02,5.195760337986942146e-01,-1.042695057395452951e-06,-1.025498037357486170e-06,6.778388185927687992e+00,1.169751018768273691e-02,1.170624309168052414e-02,9.742135854595554978e-01
1.555999999999985941e-08,-1.933562904080815529e-06,-1.235667250189072956e-05,3.252165053664996641e+00,2.533961992229679869e-02,2.535868900296999948e-02,5.195977664273488950e-01,-1.042602840980937538e-06,-1.025551878307216208e-06,6.789267547191231600e+00,1.169837205434105278e-02,1.170710526243460420e-02,9.728888740435880367e-01
1.557999999999985893e-08,-1.934268298040310128e-06,-1.235796067713608650e-05,3.258092491905066446e+00,2.535001872556235519e-02,2.536909457788765615e-02,5.196193598716151163e-01,-1.042510696676205479e-06,-1.025605755381292719e-06,6.800125781743125764e+00,1.169923352374439320e-02,1.170796703500357611e-02,9.715391909954694816e-01
1.559999999999985845e-08,-1.934975499299971912e-06,-1.235924611934836801e-05,3.264020170109563690e+00,2.536040018639527244e-02,2.537948280240545987e-02,5.196408148220988954e-01,-1.042418620088560640e-06,-1.025659670185489424e-06,6.810964142862800941e+00,1.170009459699281919e-02,1.170882841045396000e-02,9.701668089727837341e-01
1.561999999999985797e-08,-1.935682328697463664e-06,-1.236052992097150928e-05,3.269948086745201987e+00,2.537076436939080665e-02,2.538985374037197942e-02,5.196621320211043393e-01,-1.042326609288013461e-06,-1.025713615198564139e-06,6.821786032308640557e+00,1.170095527523689824e-02,1.170968938994466045e-02,9.687772714516187378e-01
1.563999999999985748e-08,-1.936388394305550871e-06,-1.236181227631386215e-05,3.275876240319210098e+00,2.538111133806637484e-02,2.540020745466846711e-02,5.196833122460325916e-01,-1.042234663292132568e-06,-1.025767582704737470e-06,6.832590017761309475e+00,1.170181555962794551e-02,1.171054997468923622e-02,9.673686801690084547e-01
1.565999999999985700e-08,-1.937093603412123282e-06,-1.236309213349455416e-05,3.281804629291001252e+00,2.539144115775680485e-02,2.541054400959111975e-02,5.197043561853472715e-01,-1.042142772918276343e-06,-1.025821554101530910e-06,6.843371802262860015e+00,1.170267545127239017e-02,1.171141016588699187e-02,9.659348246108996339e-01
1.567999999999985652e-08,-1.937799068458431498e-06,-1.236436893074902731e-05,3.287733252101569636e+00,2.540175389417280091e-02,2.542086347138080085e-02,5.197252644813246114e-01,-1.042050948431792927e-06,-1.025875511440137371e-06,6.854127805014986308e+00,1.170353495133958158e-02,1.171226996464400961e-02,9.644706830182012691e-01
1.569999999999985604e-08,-1.938505935852716734e-06,-1.236564010015090232e-05,3.293662107159035735e+00,2.541204961351040820e-02,2.543116590591939022e-02,5.197460377106124518e-01,-1.041959214466285075e-06,-1.025929448016067247e-06,6.864857130818055708e+00,1.170439406098808602e-02,1.171312937203948870e-02,9.629753086373370463e-01
1.571999999999985555e-08,-1.939213386804782586e-06,-1.236690627276313519e-05,3.299591192908233328e+00,2.542232838176052001e-02,2.544145137791191738e-02,5.197666764807015172e-01,-1.041867577176564809e-06,-1.025983343600710932e-06,6.875563718550248282e+00,1.170525278125519181e-02,1.171398838919728361e-02,9.614549859968080092e-01
1.573999999999985507e-08,-1.939922924142027932e-06,-1.236816677423446674e-05,3.305520507859852408e+00,2.543259026221406441e-02,2.545171995164811213e-02,5.197871814691847892e-01,-1.041776032325527263e-06,-1.026037178270508206e-06,6.886249000530890285e+00,1.170611111314681305e-02,1.171484701719456741e-02,9.599122182618662347e-01
1.575999999999985459e-08,-1.940632682311982003e-06,-1.236941955155569425e-05,3.311450050509608278e+00,2.544283531962629810e-02,2.546197169230940763e-02,5.198075533136515824e-01,-1.041684574872912838e-06,-1.026090942735146010e-06,6.896910291161196582e+00,1.170696905768891898e-02,1.171570525706571407e-02,9.583434106494030935e-01
1.577999999999985410e-08,-1.941339864793535750e-06,-1.237066816679768981e-05,3.317379819334130620e+00,2.545306361932700434e-02,2.547220666583194931e-02,5.198277926078749278e-01,-1.041593198905779558e-06,-1.026144630763529596e-06,6.907549022760604451e+00,1.170782661601933033e-02,1.171656310993066802e-02,9.567510185794176891e-01
1.579999999999985362e-08,-1.942043320222970218e-06,-1.237191355974082331e-05,3.323309812879627678e+00,2.546327522434544202e-02,2.548242493503412656e-02,5.198479000187586907e-01,-1.041501901977874248e-06,-1.026198232217041138e-06,6.918166627648491662e+00,1.170868378932081455e-02,1.171742057699914734e-02,9.551374977824971246e-01
1.581999999999985314e-08,-1.942741958802027969e-06,-1.237315651490241618e-05,3.329240029673012469e+00,2.547347020026890368e-02,2.549262656356019938e-02,5.198678761696535755e-01,-1.041410687793890534e-06,-1.026251750394313229e-06,6.928762568705037594e+00,1.170954057872810629e-02,1.171827765937554812e-02,9.535023998527627498e-01
1.583999999999985266e-08,-1.943436528833308309e-06,-1.237439829151081116e-05,3.335170468270016730e+00,2.548364861070583076e-02,2.550281161473523170e-02,5.198877217030435371e-01,-1.041319556562818335e-06,-1.026305186414464435e-06,6.939335950730659341e+00,1.171039698534303425e-02,1.171913435811020726e-02,9.518447872610907856e-01
1.585999999999985217e-08,-1.944126605533780680e-06,-1.237563973769391838e-05,3.341101127199659349e+00,2.549381051922229580e-02,2.551298015346785408e-02,5.199074372094087959e-01,-1.041228500246883342e-06,-1.026358533490948620e-06,6.949885520445911347e+00,1.171125301024705107e-02,1.171999067429527197e-02,9.501632173482950083e-01
1.587999999999985169e-08,-1.944810583117267430e-06,-1.237688031170906512e-05,3.347032005012308797e+00,2.550395598916306919e-02,2.552313224368741446e-02,5.199270232891878285e-01,-1.041137515748377011e-06,-1.026411791936468750e-06,6.960408950331935074e+00,1.171210865449541332e-02,1.172084660898040434e-02,9.484547779932258615e-01
1.589999999999985121e-08,-1.945490592728882031e-06,-1.237812030759487059e-05,3.352963100209549019e+00,2.551408508663242231e-02,2.553326795121732898e-02,5.199464804645836935e-01,-1.041046605328237590e-06,-1.026464965149020735e-06,6.970904270949678683e+00,1.171296391914309828e-02,1.172170216318367542e-02,9.467170894108247747e-01
1.591999999999985073e-08,-1.946168924603842618e-06,-1.237935888816007182e-05,3.358894411321373674e+00,2.552419787584168931e-02,2.554338734200816211e-02,5.199658092775431006e-01,-1.040955771577691330e-06,-1.026518059364836158e-06,6.981372914618418690e+00,1.171381880524612583e-02,1.172255733795477331e-02,9.449525759849062290e-01
1.593999999999985024e-08,-1.946843798912229915e-06,-1.238059232342681132e-05,3.364825936899138004e+00,2.553429442054736681e-02,2.555349048046567234e-02,5.199850102800199769e-01,-1.040865014781732207e-06,-1.026571081696300963e-06,6.991816134617593548e+00,1.171467331383693744e-02,1.172341213432266487e-02,9.431633771273543188e-01
1.595999999999984976e-08,-1.947515353866198433e-06,-1.238182083710563673e-05,3.370757675518443630e+00,2.554437478406334366e-02,2.556357743031563781e-02,5.200040840386426222e-01,-1.040774334456804782e-06,-1.026624040075775364e-06,7.002236616546007930e+00,1.171552744594251023e-02,1.172426655325597804e-02,9.413536031494587064e-01
1.597999999999984928e-08,-1.948183641549460629e-06,-1.238304455969203802e-05,3.376689625805192385e+00,2.555443902907190631e-02,2.557364825415841744e-02,5.200230311654099324e-01,-1.040683735503476193e-06,-1.026676941550581739e-06,7.012631495764941825e+00,1.171638120251772101e-02,1.172512059571817131e-02,9.395196949108256534e-01
1.599999999999984880e-08,-1.948853103621187193e-06,-1.238426686526820762e-05,3.382621786295618715e+00,2.556448722167745449e-02,2.558370301787020115e-02,5.200418521485217216e-01,-1.040593225291116676e-06,-1.026729792900636285e-06,7.022997907635753378e+00,1.171723458450944950e-02,1.172597426269672734e-02,9.376580990990276421e-01
1.601999999999984831e-08,-1.949522531548767473e-06,-1.238548802389941824e-05,3.388554155576024129e+00,2.557451942559171507e-02,2.559374178580632250e-02,5.200605475218484930e-01,-1.040502808153251185e-06,-1.026782603587949027e-06,7.033337642557644820e+00,1.171808759290264394e-02,1.172682755518220619e-02,9.357716845903916170e-01
1.603999999999984783e-08,-1.950194241642265856e-06,-1.238670871007249159e-05,3.394486732238688464e+00,2.558453570559892851e-02,2.560376462310821541e-02,5.200791178117073477e-01,-1.040412484749924850e-06,-1.026835381311160070e-06,7.043650163410832832e+00,1.171894022870729156e-02,1.172768047420510128e-02,9.338601219330694425e-01
1.605999999999984735e-08,-1.950871365086052221e-06,-1.238792474121099789e-05,3.400419514878045835e+00,2.559453612655190197e-02,2.561377159425520453e-02,5.200975635325886248e-01,-1.040322255948292733e-06,-1.026888127159879680e-06,7.053933858836097137e+00,1.171979249301711989e-02,1.172853302078832004e-02,9.319216560837781937e-01
1.607999999999984686e-08,-1.951552854219922316e-06,-1.238913304023848307e-05,3.406352502072250044e+00,2.560452075378166423e-02,2.562376276468758540e-02,5.201158851664052785e-01,-1.040232121773644698e-06,-1.026940837361804487e-06,7.064186759394315729e+00,1.172064438690996815e-02,1.172938519591636142e-02,9.299540778845827305e-01
1.609999999999984638e-08,-1.952238312147793466e-06,-1.239033327749694924e-05,3.412285692394264824e+00,2.561448965514679169e-02,2.563373819965678382e-02,5.201340831758849426e-01,-1.040142077679601704e-06,-1.026993511902757489e-06,7.074412445883864642e+00,1.172149591138638841e-02,1.173023700059441267e-02,9.279625588484097243e-01
1.611999999999984590e-08,-1.952929388183932630e-06,-1.239152409501369030e-05,3.418219084514476869e+00,2.562444289485723767e-02,2.564369796264315618e-02,5.201521581216030921e-01,-1.040052116739354677e-06,-1.027046159675247590e-06,7.084611276384625178e+00,1.172234706746666695e-02,1.173108843581026524e-02,9.259480036737016695e-01
1.613999999999984542e-08,-1.953621156873464085e-06,-1.239271004119025827e-05,3.424152677031602643e+00,2.563438053749076545e-02,2.565364212051338133e-02,5.201701104698140954e-01,-1.039962231177805235e-06,-1.027098787580447564e-06,7.094781818577208909e+00,1.172319785622653356e-02,1.173193950253705389e-02,9.239089113021655697e-01
1.615999999999984493e-08,-1.954314764341738676e-06,-1.239388966524038470e-05,3.430086468604896410e+00,2.564430264818759117e-02,2.566357073562080052e-02,5.201879407418585899e-01,-1.039872419768320287e-06,-1.027151398412378386e-06,7.104925325741024089e+00,1.172404827875584213e-02,1.173279020171245045e-02,9.218473513287461785e-01
1.617999999999984445e-08,-1.955006160902840799e-06,-1.239506332009353706e-05,3.436020457876824530e+00,2.565420929459683724e-02,2.567348387179468200e-02,5.202056494279987398e-01,-1.039782686054366876e-06,-1.027203991185960642e-06,7.115040544596736183e+00,1.172489833604512671e-02,1.173364053427203811e-02,9.197620901805523275e-01
1.619999999999984397e-08,-1.955692864821236265e-06,-1.239623383921869082e-05,3.441954643498910560e+00,2.566410054274172181e-02,2.568338159766280632e-02,5.202232370159788344e-01,-1.039693030048811644e-06,-1.027256567783878583e-06,7.125122282986695588e+00,1.172574802905012106e-02,1.173449050123134482e-02,9.176468711195002737e-01
1.621999999999984349e-08,-1.956377961555881480e-06,-1.239740304373528157e-05,3.447889024025206250e+00,2.567397646312433515e-02,2.569326398451732274e-02,5.202407038764189640e-01,-1.039603453042024160e-06,-1.027309132240560937e-06,7.135170003791170501e+00,1.172659735871451822e-02,1.173534010359009692e-02,9.155014418838133272e-01
1.623999999999984300e-08,-1.957063939463635790e-06,-1.239856890743981778e-05,3.453823598114273974e+00,2.568383712102908709e-02,2.570313109878597999e-02,5.202580504810815354e-01,-1.039513959006368930e-06,-1.027361683159355829e-06,7.145186750688800714e+00,1.172744632599139088e-02,1.173618934228423845e-02,9.133301671163533975e-01
1.625999999999984252e-08,-1.957748554238427982e-06,-1.239972687874071288e-05,3.459758364400634889e+00,2.569368258525992280e-02,2.571298300605143888e-02,5.202752772647841750e-01,-1.039424551043235279e-06,-1.027414221505646190e-06,7.155170554240455338e+00,1.172829493187244748e-02,1.173703821829486481e-02,9.111309990937771497e-01
1.627999999999984204e-08,-1.958433552348667893e-06,-1.240087984637767006e-05,3.465693321519957681e+00,2.570351292325253126e-02,2.572281977514031745e-02,5.202923846531111174e-01,-1.039335232731648058e-06,-1.027466750596425112e-06,7.165118191727646746e+00,1.172914317730038361e-02,1.173788673265958697e-02,9.089003747615489459e-01
1.629999999999984156e-08,-1.959114607164921293e-06,-1.240202479100184468e-05,3.471628468058380879e+00,2.571332820599331673e-02,2.573264147907090849e-02,5.203093730096892688e-01,-1.039246005360087317e-06,-1.027519263860352334e-06,7.175028409870996882e+00,1.172999106324572154e-02,1.173873488643033432e-02,9.066371953601245481e-01
1.631999999999984107e-08,-1.959791874349679999e-06,-1.240316278911483788e-05,3.477563802643790503e+00,2.572312850552872093e-02,2.574244818593289866e-02,5.203262427315810124e-01,-1.039156869605354192e-06,-1.027571748368010534e-06,7.184904610428896277e+00,1.173083859066040291e-02,1.173958268066985569e-02,9.043461900981895063e-01
1.633999999999984059e-08,-1.960468699366548608e-06,-1.240429411963364536e-05,3.483499323949399873e+00,2.573291389165361515e-02,2.575223996456044509e-02,5.203429942520805263e-01,-1.039067834586875172e-06,-1.027624197148797766e-06,7.194747330521068740e+00,1.173168576049494691e-02,1.174043011645271167e-02,9.020285114988253472e-01
1.635999999999984011e-08,-1.961144872861478130e-06,-1.240542195580292707e-05,3.489435030631349299e+00,2.574268443314755780e-02,2.576201688387352168e-02,5.203596279772935151e-01,-1.038978901163553950e-06,-1.027676610438074627e-06,7.204555495908077312e+00,1.173253257372198176e-02,1.174127719480532947e-02,8.996832754361546725e-01
1.637999999999983962e-08,-1.961818405134134190e-06,-1.240654577650807976e-05,3.495370921358149641e+00,2.575244020168889272e-02,2.577177901554792219e-02,5.203761443161030176e-01,-1.038890056374883070e-06,-1.027728992422052008e-06,7.214328927550022641e+00,1.173337903130823243e-02,1.174212391668806935e-02,8.973107187127977724e-01
1.639999999999983914e-08,-1.962491042132545582e-06,-1.240766846631336109e-05,3.501306994799228800e+00,2.576218126589017304e-02,2.578152643181001388e-02,5.203925436693497275e-01,-1.038801291985169233e-06,-1.027781347264197542e-06,7.224064760808200703e+00,1.173422513417978277e-02,1.174297028303477632e-02,8.949078604656670599e-01
1.641999999999983866e-08,-1.963157380535366416e-06,-1.240879151747059047e-05,3.507243249581344813e+00,2.577190769946813287e-02,2.579125920384039983e-02,5.204088263874823150e-01,-1.038712601584692418e-06,-1.027833675178492927e-06,7.233763890882217495e+00,1.173507088319438070e-02,1.174381629481165840e-02,8.924762453629100367e-01
1.643999999999983818e-08,-1.963815127429972635e-06,-1.240991011231719247e-05,3.513179684409302173e+00,2.578161956934406362e-02,2.580097740451800514e-02,5.204249928874208342e-01,-1.038623978905419613e-06,-1.027885971918690212e-06,7.243427392011605015e+00,1.173591627924609054e-02,1.174466195295975277e-02,8.900176546058986560e-01
1.645999999999983769e-08,-1.964464317893429223e-06,-1.241102603889293372e-05,3.519116297948500005e+00,2.579131694615694609e-02,2.581068110935814952e-02,5.204410435401387591e-01,-1.038535420306797070e-06,-1.027938232905209206e-06,7.253053652837105680e+00,1.173676132324654418e-02,1.174550725834843171e-02,8.875306291683799920e-01
1.647999999999983721e-08,-1.965101348933595327e-06,-1.241213611748174297e-05,3.525053088887489583e+00,2.580099990134566285e-02,2.582037039160970868e-02,5.204569787298733985e-01,-1.038446921586571096e-06,-1.027990452025825010e-06,7.262641778159102834e+00,1.173760601609587229e-02,1.174635221188865403e-02,8.850146100335921640e-01
1.649999999999983673e-08,-1.965728406647117927e-06,-1.241324362532639755e-05,3.530990055889747570e+00,2.581066850501134366e-02,2.583004532949997184e-02,5.204727988102298974e-01,-1.038358476646154656e-06,-1.028042622775757211e-06,7.272192842217108044e+00,1.173845035868221857e-02,1.174719681449840417e-02,8.824713464076308078e-01
1.651999999999983625e-08,-1.966348324144585649e-06,-1.241434366229223237e-05,3.536927197682115942e+00,2.582032282898274328e-02,2.583970599419496000e-02,5.204885041850096927e-01,-1.038270078291439854e-06,-1.028094746852343580e-06,7.281707561170847498e+00,1.173929435187791998e-02,1.174804106706395755e-02,8.799021586297641750e-01
1.653999999999983576e-08,-1.966959886143280218e-06,-1.241543709127714213e-05,3.542864512959120304e+00,2.582996294727420150e-02,2.584935245796652833e-02,5.205040952210104876e-01,-1.038181718464282933e-06,-1.028146833794890980e-06,7.291187367339665215e+00,1.174013799657451854e-02,1.174888497050445048e-02,8.773091432225562647e-01
1.655999999999983528e-08,-1.967566218770118624e-06,-1.241652922626685728e-05,3.548802000493076481e+00,2.583958893173236154e-02,2.585898478818226057e-02,5.205195723467057611e-01,-1.038093392168071476e-06,-1.028198892568256577e-06,7.300635483442062146e+00,1.174098129368609904e-02,1.174972852581991287e-02,8.746964734276122533e-01
1.657999999999983480e-08,-1.968167270643451673e-06,-1.241761896360054444e-05,3.554739659060329071e+00,2.584920085387460223e-02,2.586860305366323748e-02,5.205349359864436254e-01,-1.038005091041458447e-06,-1.028250925487283370e-06,7.310050298118730971e+00,1.174182424413818329e-02,1.175057173402210831e-02,8.720627143289764183e-01
1.659999999999983432e-08,-1.968765737998572873e-06,-1.241870235657291431e-05,3.560677487415621734e+00,2.585879878654640668e-02,2.587820732469137824e-02,5.205501865381868543e-01,-1.037916804617268715e-06,-1.028302928774870607e-06,7.319426082092371111e+00,1.174266684887060631e-02,1.175141459612033187e-02,8.694018187078476068e-01
1.661999999999983383e-08,-1.969359275703301956e-06,-1.241978548809764676e-05,3.566615484233522260e+00,2.586838280116396382e-02,2.588779768109690863e-02,5.205653243246932682e-01,-1.037828527438565576e-06,-1.028354900112187880e-06,7.328757822245372644e+00,1.174350910882751911e-02,1.175225711311264978e-02,8.667086309705507308e-01
1.663999999999983335e-08,-1.969950634820151567e-06,-1.242087107979263370e-05,3.572553648181530761e+00,2.587795297796354269e-02,2.589737419910875457e-02,5.205803496572680711e-01,-1.037740255651366906e-06,-1.028406839494651469e-06,7.338044086258380894e+00,1.174435102492512456e-02,1.175309928594880579e-02,8.639820586391701029e-01
1.665999999999983287e-08,-1.970544354132459628e-06,-1.242195506711833600e-05,3.578491977921029576e+00,2.588750939923002703e-02,2.590693696054717846e-02,5.205952628359779011e-01,-1.037651989005337624e-06,-1.028458746468911765e-06,7.347284337011563693e+00,1.174519259805530992e-02,1.175394111553358482e-02,8.612220383966651127e-01
1.667999999999983239e-08,-1.971141954002077773e-06,-1.242303747817027237e-05,3.584430472124712441e+00,2.589705215260501223e-02,2.591648604850151777e-02,5.206100641655568850e-01,-1.037563727484315282e-06,-1.028510618104789366e-06,7.356481618183577709e+00,1.174603382908795748e-02,1.175478260274007494e-02,8.584324818561778203e-01
1.669999999999983190e-08,-1.971745907945425445e-06,-1.242411555076667668e-05,3.590369129531955750e+00,2.590658131350118826e-02,2.592602153612617866e-02,5.206247539991266660e-01,-1.037475470457496446e-06,-1.028562449405341724e-06,7.365637541133714272e+00,1.174687471884597843e-02,1.175562374840015238e-02,8.556156865931263678e-01
1.671999999999983142e-08,-1.972355411169120389e-06,-1.242518702862550590e-05,3.596307948864147619e+00,2.591609696216108302e-02,2.593554350940968645e-02,5.206393326699515489e-01,-1.037387220389939480e-06,-1.028614238572841359e-06,7.374750673542651569e+00,1.174771526815756445e-02,1.175646455334510877e-02,8.527705754150456396e-01
1.673999999999983094e-08,-1.972972639441957607e-06,-1.242625216325893135e-05,3.602246928846553509e+00,2.592559918020053561e-02,2.594505205014878413e-02,5.206538005094306643e-01,-1.037298977467954786e-06,-1.028665987278850830e-06,7.383822984849447657e+00,1.174855547785428819e-02,1.175730501843916601e-02,8.498997742561986701e-01
1.675999999999983045e-08,-1.973589279891369416e-06,-1.242730946258130455e-05,3.608186068256309831e+00,2.593508804309429400e-02,2.595454723649041548e-02,5.206681578837729640e-01,-1.037210740708127583e-06,-1.028717697801317864e-06,7.392856086413353012e+00,1.174939534875762276e-02,1.175814514454333153e-02,8.470055214223327633e-01
1.677999999999982997e-08,-1.974202496692900305e-06,-1.242836021120333880e-05,3.614125365866761808e+00,2.594456362427519439e-02,2.596402914816497640e-02,5.206824051512966012e-01,-1.037122510981256446e-06,-1.028769370132947602e-06,7.401849441114669581e+00,1.175023488173162524e-02,1.175898493258176712e-02,8.440877107724578110e-01
1.679999999999982949e-08,-1.974813799899748363e-06,-1.242940344754354048e-05,3.620064820458698929e+00,2.595402600220451245e-02,2.597349786373236158e-02,5.206965426707733657e-01,-1.037034287521604109e-06,-1.028821003541035581e-06,7.410801079514250489e+00,1.175107407767104692e-02,1.175982438349402852e-02,8.411447245312858589e-01
1.681999999999982901e-08,-1.975422637273949540e-06,-1.243044448218624542e-05,3.626004430779856236e+00,2.596347525799366091e-02,2.598295346073777740e-02,5.207105707719796861e-01,-1.036946068952859346e-06,-1.028872599054162283e-06,7.419708316013387872e+00,1.175191293742303307e-02,1.176066349814831359e-02,8.381742141811088231e-01
1.683999999999982852e-08,-1.976036053058635466e-06,-1.243148593725285418e-05,3.631944195570739442e+00,2.597291147489683497e-02,2.599239602267525845e-02,5.207244897753516844e-01,-1.036857850005799811e-06,-1.028924157726596796e-06,7.428572761971349969e+00,1.175275146178720795e-02,1.176150227739591880e-02,8.351783500200096189e-01
1.685999999999982804e-08,-1.976650929227299005e-06,-1.243252362264513535e-05,3.637884113627058991e+00,2.598233473266249940e-02,2.600182562706246023e-02,5.207383000365043424e-01,-1.036769624882034358e-06,-1.028975677204875652e-06,7.437394954507875688e+00,1.175358965156652301e-02,1.176234072212679720e-02,8.321581911377462504e-01
1.687999999999982756e-08,-1.977263019737949825e-06,-1.243355461208202831e-05,3.643824183714933884e+00,2.599174511610339786e-02,2.601124234928049728e-02,5.207520018862114020e-01,-1.036681393007225522e-06,-1.029027153872944684e-06,7.446170775704905154e+00,1.175442750756892224e-02,1.176317883324555676e-02,8.291099663300665057e-01
1.689999999999982708e-08,-1.977871101026347634e-06,-1.243457730491169308e-05,3.649764404560089215e+00,2.600114271555960602e-02,2.602064627438548799e-02,5.207655956237523531e-01,-1.036593156787313214e-06,-1.029078586382043259e-06,7.454903090201112192e+00,1.175526503065471053e-02,1.176401661164305605e-02,8.260371018487061567e-01
1.691999999999982659e-08,-1.978474344083202236e-06,-1.243559405475927761e-05,3.655704775002038609e+00,2.601052760801081734e-02,2.603003748341236462e-02,5.207790816225265074e-01,-1.036504919204241772e-06,-1.029129976821084010e-06,7.463592077036395267e+00,1.175610222165745546e-02,1.176485405817594664e-02,8.229403157750989628e-01
1.693999999999982611e-08,-1.979076703343852299e-06,-1.243660467577442336e-05,3.661645293784438149e+00,2.601989988438173015e-02,2.603941605979262150e-02,5.207924601880625781e-01,-1.036416683629363900e-06,-1.029181327138254787e-06,7.472237557170819500e+00,1.175693908138344609e-02,1.176569117369828318e-02,8.198198833557852616e-01
1.695999999999982563e-08,-1.979677495463981853e-06,-1.243760792911567463e-05,3.667585959757310832e+00,2.602925961978571831e-02,2.604878208537840523e-02,5.208057316928089708e-01,-1.036328455833858538e-06,-1.029232636716094828e-06,7.480840783883896172e+00,1.175777561070344077e-02,1.176652795907876838e-02,8.166775676742928924e-01
1.697999999999982515e-08,-1.980275189702900564e-06,-1.243860176433889010e-05,3.673526771704127114e+00,2.603860689727913180e-02,2.605813564733904311e-02,5.208188964625424244e-01,-1.036240238960354716e-06,-1.029283906147676486e-06,7.489399429656686813e+00,1.175861181046611650e-02,1.176736441514173413e-02,8.135115175394662668e-01
1.699999999999982466e-08,-1.980868893886758458e-06,-1.243959487189846395e-05,3.679467728441012220e+00,2.604794179435323750e-02,2.606747682758461457e-02,5.208319548412300160e-01,-1.036152034216952657e-06,-1.029335136885538022e-06,7.497911166970244956e+00,1.175944768145740886e-02,1.176820054269348860e-02,8.103199319399991829e-01
1.701999999999982418e-08,-1.981463209938100692e-06,-1.244058492399731903e-05,3.685408828717646745e+00,2.605726440245841047e-02,2.607680571864049585e-02,5.208449071284091403e-01,-1.036063845048681894e-06,-1.029386330603315108e-06,7.506374205425469626e+00,1.176028322447742261e-02,1.176903634259712783e-02,8.071015106381911330e-01
1.703999999999982370e-08,-1.982063953376913192e-06,-1.244156833189092791e-05,3.691350071327541560e+00,2.606657480829376386e-02,2.608612240330039980e-02,5.208577536484527704e-01,-1.035975674133973263e-06,-1.029437488502177755e-06,7.514790872541240674e+00,1.176111844036820640e-02,1.176987181571255946e-02,8.038590422103656374e-01
1.705999999999982321e-08,-1.982663089295194717e-06,-1.244254168645356804e-05,3.697291455082279299e+00,2.607587310033874020e-02,2.609542696260462938e-02,5.208704947341999958e-01,-1.035887526145293433e-06,-1.029488611897514132e-06,7.523163495836485914e+00,1.176195332996200771e-02,1.177070696283016513e-02,8.005952797253663711e-01
1.707999999999982273e-08,-1.983258656701812623e-06,-1.244351059857963149e-05,3.703232978836872746e+00,2.608515935614964462e-02,2.610471948093234101e-02,5.208831307417542966e-01,-1.035799406093346273e-06,-1.029539703542514624e-06,7.531491359151492482e+00,1.176278789406499936e-02,1.177154178471282418e-02,7.973100195851150485e-01
1.709999999999982225e-08,-1.983853094774275855e-06,-1.244447062062404959e-05,3.709174641401617567e+00,2.609443366188583802e-02,2.611400005565336913e-02,5.208956619988849290e-01,-1.035711318024985849e-06,-1.029590765760892786e-06,7.539772314007309184e+00,1.176362213346838700e-02,1.177237628211724556e-02,7.940016620816762183e-01
1.711999999999982177e-08,-1.984456465432087770e-06,-1.244542636580469413e-05,3.715116441601053587e+00,2.610369610338688154e-02,2.612326876920601643e-02,5.209080888394844733e-01,-1.035623265768994627e-06,-1.029641799657658577e-06,7.548006181364076639e+00,1.176445604896577193e-02,1.177321045581558069e-02,7.906705358931067629e-01
1.713999999999982128e-08,-1.985064175367251059e-06,-1.244638018284664952e-05,3.721058378255322374e+00,2.611294677040397125e-02,2.613252570081779635e-02,5.209204115932819512e-01,-1.035535255724211436e-06,-1.029692807191760129e-06,7.556195646820508038e+00,1.176528964134022567e-02,1.177404430657594259e-02,7.873196630193688428e-01
1.715999999999982080e-08,-1.985679043284617681e-06,-1.244733543801537475e-05,3.727000450257337061e+00,2.612218575125843309e-02,2.614177092701992430e-02,5.209326306278351248e-01,-1.035447295414654397e-06,-1.029743790352033555e-06,7.564340889416583558e+00,1.176612291138541891e-02,1.177487783518528335e-02,7.839497059354811892e-01
1.717999999999982032e-08,-1.986302170579429380e-06,-1.244829163154786147e-05,3.732942656444131035e+00,2.613141314048175734e-02,2.615100453341333980e-02,5.209447462789434935e-01,-1.035359388656952750e-06,-1.029794749901904993e-06,7.572440297793004760e+00,1.176695585990074518e-02,1.177571104247534216e-02,7.805596167481868575e-01
1.719999999999981984e-08,-1.986934344015752325e-06,-1.244924542929464687e-05,3.738884995688512625e+00,2.614062902076047523e-02,2.616022660758779775e-02,5.209567588997227050e-01,-1.035271534910249912e-06,-1.029845684206196394e-06,7.580493692909795911e+00,1.176778848764875943e-02,1.177654392926611587e-02,7.771497086757385153e-01
1.721999999999981935e-08,-1.987568968177246215e-06,-1.245020014147626398e-05,3.744827466836807783e+00,2.614983347675027547e-02,2.616943724295200946e-02,5.209686688282092470e-01,-1.035183731551219413e-06,-1.029896592231549800e-06,7.588500537647329125e+00,1.176862079537177933e-02,1.177737649638003863e-02,7.737199608062399481e-01
1.723999999999981887e-08,-1.988213664838684052e-06,-1.245115405486567772e-05,3.750770068763819687e+00,2.615902659107118000e-02,2.617863653431241541e-02,5.209804764155493428e-01,-1.035095977945017470e-06,-1.029947476316149897e-06,7.596460115845914629e+00,1.176945278381613495e-02,1.177820874464889124e-02,7.702702180708613788e-01
1.725999999999981839e-08,-1.988865344495725390e-06,-1.245210724533185447e-05,3.756712800314045975e+00,2.616820846357703970e-02,2.618782457083653273e-02,5.209921819968994505e-01,-1.035008271923740122e-06,-1.029998338427810922e-06,7.604370637106358188e+00,1.177028445373859249e-02,1.177904067488549401e-02,7.667993278502290844e-01
1.727999999999981791e-08,-1.989514884115173148e-06,-1.245305935433317446e-05,3.762655660338210861e+00,2.617737919044195449e-02,2.619700144428280947e-02,5.210037859098499702e-01,-1.034920609290607625e-06,-1.030049178550948529e-06,7.612229236790060583e+00,1.177111580592013658e-02,1.177987228790829816e-02,7.633051722656390981e-01
1.729999999999981742e-08,-1.990160966437683191e-06,-1.245400651238491000e-05,3.768598647635122756e+00,2.618653887415547943e-02,2.620616724834200911e-02,5.210152884673057150e-01,-1.034832989125483854e-06,-1.030099995691346996e-06,7.620034303537701170e+00,1.177194684115805308e-02,1.178070358452712810e-02,7.597867660238731835e-01
1.731999999999981694e-08,-1.990809733587424239e-06,-1.245495607495000831e-05,3.774541761035713705e+00,2.619568760762313459e-02,2.621532208224455068e-02,5.210266899968960530e-01,-1.034745413418324064e-06,-1.030150790478377425e-06,7.627789418147638223e+00,1.177277756022844513e-02,1.178153456552221041e-02,7.562478257965135064e-01
1.733999999999981646e-08,-1.991455419176944837e-06,-1.245591198903951050e-05,3.780484999425006265e+00,2.620482548133534761e-02,2.622446604271649884e-02,5.210379908502011936e-01,-1.034657881988696473e-06,-1.030201566566276111e-06,7.635493327340453718e+00,1.177360796390470622e-02,1.178236523164844472e-02,7.526877310806294741e-01
1.735999999999981597e-08,-1.992101695675230378e-06,-1.245686657365677313e-05,3.786428361620983729e+00,2.621395259303338152e-02,2.623359923051189757e-02,5.210491913492804050e-01,-1.034570392114908885e-06,-1.030252326186754219e-06,7.643144061677154433e+00,1.177443805295112778e-02,1.178319558365404501e-02,7.491051770298597923e-01
1.737999999999981549e-08,-1.992739836643416473e-06,-1.245782544170931453e-05,3.792371846481094710e+00,2.622306903858732594e-02,2.624272174425548720e-02,5.210602918331475042e-01,-1.034482941067891660e-06,-1.030303069671303386e-06,7.650744485796348471e+00,1.177526782812229021e-02,1.178402562230582672e-02,7.455031478932462319e-01
1.739999999999981501e-08,-1.993366310843398140e-06,-1.245878305527746013e-05,3.798315452894892807e+00,2.623217491181528693e-02,2.625183367384387526e-02,5.210712926538840772e-01,-1.034395528554454931e-06,-1.030353795664094279e-06,7.658296390097174111e+00,1.177609729017846732e-02,1.178485534835716463e-02,7.418836803071793273e-01
1.741999999999981453e-08,-1.993988460127014657e-06,-1.245973343514693116e-05,3.804259179768957999e+00,2.624127030352879988e-02,2.626093511515937423e-02,5.210821941704082416e-01,-1.034308157086147102e-06,-1.030404500371311431e-06,7.665800490739467676e+00,1.177692643983960057e-02,1.178568476253210630e-02,7.382478814606022732e-01
1.743999999999981404e-08,-1.994605727576080715e-06,-1.246066820629753054e-05,3.810203026019532313e+00,2.625035530331325598e-02,2.627002616532095672e-02,5.210929967455939504e-01,-1.034220828466590579e-06,-1.030455179705994615e-06,7.673258041002498864e+00,1.177775527777831510e-02,1.178651386556693083e-02,7.345972889471185097e-01
1.745999999999981356e-08,-1.995209195300334141e-06,-1.246159223735815681e-05,3.816146990590946864e+00,2.625943000040236591e-02,2.627910690813480346e-02,5.211037007527252740e-01,-1.034133539999738783e-06,-1.030505830986400673e-06,7.680665281048012716e+00,1.177858380469443307e-02,1.178734265820408599e-02,7.309291458873092839e-01
1.747999999999981308e-08,-1.995795634102083625e-06,-1.246250448454462214e-05,3.822091072334322881e+00,2.626849448966117953e-02,2.628817745408402670e-02,5.211143065314668421e-01,-1.034046288410262267e-06,-1.030556453425975234e-06,7.688016123518893963e+00,1.177941202132600299e-02,1.178817114114876982e-02,7.272387227185405090e-01
1.749999999999981260e-08,-1.996377973027415590e-06,-1.246340634493778586e-05,3.828035270081334485e+00,2.627754888415989240e-02,2.629723789711956722e-02,5.211248144157756279e-01,-1.033959075405965165e-06,-1.030607046582257509e-06,7.695313433053859065e+00,1.178023992840748074e-02,1.178899931510156950e-02,7.235288843916395374e-01
1.751999999999981211e-08,-1.996953975389431568e-06,-1.246430467791027429e-05,3.833979582754349469e+00,2.628659328175574419e-02,2.630628833196665961e-02,5.211352247715470565e-01,-1.033871904509930038e-06,-1.030657610589648756e-06,7.702559179091948316e+00,1.178106752664511911e-02,1.178982718077591606e-02,7.198017453263468868e-01
1.753999999999981163e-08,-1.997533281451278254e-06,-1.246519187426525563e-05,3.839924009237634550e+00,2.629562779444843956e-02,2.631532885418171736e-02,5.211455379526813703e-01,-1.033784776884123670e-06,-1.030708146446924276e-06,7.709754972992413080e+00,1.178189481672519724e-02,1.179065473887203411e-02,7.160590820059312689e-01
1.755999999999981115e-08,-1.998115812993338569e-06,-1.246607005625127208e-05,3.845868548498472705e+00,2.630465251554956960e-02,2.632435955372650072e-02,5.211557543406764026e-01,-1.033697693520709846e-06,-1.030758656127832619e-06,7.716904574593589139e+00,1.178272179933235672e-02,1.179148199007813702e-02,7.123044961341857828e-01
1.757999999999981067e-08,-1.998700385265103569e-06,-1.246694015536802829e-05,3.851813199509617647e+00,2.631366753672382749e-02,2.633338051729479726e-02,5.211658743193022802e-01,-1.033610653723509433e-06,-1.030809143844009852e-06,7.724004403097070259e+00,1.178354847513605509e-02,1.179230893507280872e-02,7.085355143315639204e-01
1.759999999999981018e-08,-1.999283518107671648e-06,-1.246780807610537296e-05,3.857757961176249140e+00,2.632267294998072438e-02,2.634239184369320877e-02,5.211758982530112494e-01,-1.033523655539498660e-06,-1.030859613999757309e-06,7.731052310023891039e+00,1.178437484482708526e-02,1.179313557453459324e-02,7.047507888080218885e-01
1.761999999999980970e-08,-1.999870998821542491e-06,-1.246867365219002705e-05,3.863702832438815626e+00,2.633166885517445807e-02,2.635139362802403629e-02,5.211858265173343607e-01,-1.033436700434885418e-06,-1.030910066917170914e-06,7.738050980972837500e+00,1.178520090911046141e-02,1.179396190914265910e-02,7.009529348272214300e-01
1.763999999999980922e-08,-2.000471576612970181e-06,-1.246953770613985952e-05,3.869647812269109366e+00,2.634065534548626908e-02,2.636038595940491322e-02,5.211956594976616675e-01,-1.033349790138253887e-06,-1.030960503015264526e-06,7.744999699784208325e+00,1.178602666867107837e-02,1.179478793960022504e-02,6.971418357566954160e-01
1.765999999999980873e-08,-2.001088934595218183e-06,-1.247039831207205019e-05,3.875592899604031860e+00,2.634963251041416016e-02,2.636936894378624774e-02,5.212053975713870635e-01,-1.033262919941670645e-06,-1.031010923636399867e-06,7.751897213178600587e+00,1.178685212418982727e-02,1.179561366658761316e-02,6.933169016419039599e-01
1.767999999999980825e-08,-2.001723406763231558e-06,-1.247126012480140509e-05,3.881538093401150302e+00,2.635860044462837518e-02,2.637834268157741510e-02,5.212150411223340774e-01,-1.033176082952161561e-06,-1.031061329773020452e-06,7.758746206754796759e+00,1.178767727632721446e-02,1.179643909073656814e-02,6.894807064038489530e-01
1.769999999999980777e-08,-2.002377442367235157e-06,-1.247212925788949738e-05,3.887483392663780180e+00,2.636755924553934455e-02,2.638730725495653379e-02,5.212245905467299822e-01,-1.033089277320949538e-06,-1.031111723744186448e-06,7.765545248193400418e+00,1.178850212571344591e-02,1.179726421270814452e-02,6.856325797540517852e-01
1.771999999999980729e-08,-2.003047754682131235e-06,-1.247300228802260613e-05,3.893428796330859587e+00,2.637650900309692140e-02,2.639626277286237846e-02,5.212340462271670694e-01,-1.033002501009632636e-06,-1.031162106894325066e-06,7.772290398616271467e+00,1.178932667298743416e-02,1.179808903319416041e-02,6.817698551434597798e-01
1.773999999999980680e-08,-2.003725446646036430e-06,-1.247388195523107142e-05,3.899374303336118786e+00,2.638544982081105633e-02,2.640520934661411828e-02,5.212434085472352763e-01,-1.032915753153071096e-06,-1.031212480196535285e-06,7.778982732262999633e+00,1.179015091882934518e-02,1.179891355287513918e-02,6.778937876747818114e-01
1.775999999999980632e-08,-2.004413674924093119e-06,-1.247477055944715802e-05,3.905319912651935343e+00,2.639438179834772275e-02,2.641414707408693344e-02,5.212526779003924249e-01,-1.032829037221681087e-06,-1.031262845353133311e-06,7.785624576652446116e+00,1.179097486393279950e-02,1.179973777238890568e-02,6.740066070438106571e-01
1.777999999999980584e-08,-2.005116779066057625e-06,-1.247566709693247137e-05,3.911265623270629543e+00,2.640330503188125996e-02,2.642307605304037438e-02,5.212618546856517820e-01,-1.032742354981386969e-06,-1.031313204071158620e-06,7.792213783305600217e+00,1.179179850897087677e-02,1.180056169237038953e-02,6.701070932021989668e-01
1.779999999999980536e-08,-2.005825349503245857e-06,-1.247657119067666328e-05,3.917211434131542269e+00,2.641221962206420637e-02,2.643199638286435407e-02,5.212709392942128650e-01,-1.032655703214172718e-06,-1.031363557977381819e-06,7.798750531262459873e+00,1.179262185457296414e-02,1.180138531346507438e-02,6.661957673201972518e-01
1.781999999999980487e-08,-2.006537003723914856e-06,-1.247748043571322359e-05,3.923157344241702482e+00,2.642112567602234244e-02,2.644090815380900975e-02,5.212799321310603862e-01,-1.032569078134786584e-06,-1.031413908490674365e-06,7.805235894762502014e+00,1.179344490135023939e-02,1.180220863630873120e-02,6.622738871284139517e-01
1.783999999999980439e-08,-2.007251471145073523e-06,-1.247838991677242299e-05,3.929103352573188879e+00,2.643002329308813750e-02,2.644981146589450022e-02,5.212888335977430287e-01,-1.032482479005233960e-06,-1.031464255854117136e-06,7.811669515725816026e+00,1.179426764993017629e-02,1.180303166152316986e-02,6.583415872642025546e-01
1.785999999999980391e-08,-2.007968878942827351e-06,-1.247929517951976364e-05,3.935049458136382849e+00,2.643891257609676249e-02,2.645870641555008937e-02,5.212976441035018782e-01,-1.032395905589291543e-06,-1.031514598703357319e-06,7.818048171433965798e+00,1.179509010094628371e-02,1.180385438973488750e-02,6.543969175239640057e-01
1.787999999999980343e-08,-2.008685022297322981e-06,-1.248019210621748705e-05,3.940995659847933208e+00,2.644779362708989112e-02,2.646759312478143972e-02,5.213063640478337035e-01,-1.032309355858106209e-06,-1.031564935834991277e-06,7.824373652286157999e+00,1.179591225502622104e-02,1.180467682157618214e-02,6.504415547233683981e-01
1.789999999999980294e-08,-2.009405297001544384e-06,-1.248107768403143484e-05,3.946941956765650961e+00,2.645666653006523150e-02,2.647647168757352037e-02,5.213149938496869362e-01,-1.032222826805480312e-06,-1.031615266959683778e-06,7.830651150439938313e+00,1.179673411278112961e-02,1.180549895765678828e-02,6.464797097650583080e-01
1.791999999999980246e-08,-2.010128100832590510e-06,-1.248195845595146433e-05,3.952888347923352530e+00,2.646553137624824831e-02,2.648534220729817715e-02,5.213235339274933100e-01,-1.032136318421165600e-06,-1.031665594486316057e-06,7.836879949735712003e+00,1.179755567482248559e-02,1.180632079857822647e-02,6.425112860945624282e-01
1.793999999999980198e-08,-2.010857168887002889e-06,-1.248283800605614066e-05,3.958834832374398705e+00,2.647438826710657445e-02,2.649420476852987205e-02,5.213319847036067545e-01,-1.032049826396205734e-06,-1.031715921597477615e-06,7.843054678975906135e+00,1.179837694178171616e-02,1.180714234491746228e-02,6.385328448773919252e-01
1.795999999999980150e-08,-2.011585140759201799e-06,-1.248371713532801141e-05,3.964781409052302141e+00,2.648323732406441394e-02,2.650305949067871189e-02,5.213403465924894009e-01,-1.031963343456072755e-06,-1.031766248974017985e-06,7.849172652561790642e+00,1.179919791429303449e-02,1.180796359724893899e-02,6.345428502877155097e-01
1.797999999999980101e-08,-2.012309791409279789e-06,-1.248459673076342960e-05,3.970728076965658992e+00,2.649207864944231119e-02,2.651190647975351991e-02,5.213486200176975505e-01,-1.031876867915892560e-06,-1.031816572827373726e-06,7.855236198012369719e+00,1.180001859296061530e-02,1.180878455618861698e-02,6.305433458696418914e-01
1.799999999999980053e-08,-2.013028459299425342e-06,-1.248548131917276405e-05,3.976674835106376094e+00,2.650091234728882417e-02,2.652074583168897298e-02,5.213568054045524258e-01,-1.031790399402572546e-06,-1.031866888081399418e-06,7.861244778207854722e+00,1.180083897836455530e-02,1.180960522236080418e-02,6.265343121346117483e-01
1.801999999999980005e-08,-2.013744170683026422e-06,-1.248635633141985442e-05,3.982621682482614833e+00,2.650973851683999932e-02,2.652957764629717760e-02,5.213649031822797930e-01,-1.031703937833277974e-06,-1.031917194354760616e-06,7.867201257786835100e+00,1.180165907110614955e-02,1.181042559637102488e-02,6.225180975316826348e-01
1.803999999999979956e-08,-2.014457733152777463e-06,-1.248721765896430038e-05,3.988568618155377443e+00,2.651855725329267319e-02,2.653840202294021136e-02,5.213729137851484952e-01,-1.031617483283638085e-06,-1.031967492608836751e-06,7.873105278669547680e+00,1.180247887179453233e-02,1.181124567882699261e-02,6.184948447675506777e-01
1.805999999999979908e-08,-2.015163202993520435e-06,-1.248806794720179946e-05,3.994515641135395256e+00,2.652736866215353595e-02,2.654721905440683705e-02,5.213808376488167085e-01,-1.031531034853026888e-06,-1.032017782273006925e-06,7.878954692377038604e+00,1.180329838102471725e-02,1.181206547033854595e-02,6.144634504956376642e-01
1.807999999999979860e-08,-2.015861613535161373e-06,-1.248890584192213882e-05,4.000462750449662153e+00,2.653617284956682337e-02,2.655602883758230101e-02,5.213886752123576551e-01,-1.031487811978208209e-06,-1.032042924802575882e-06,7.881865881716893618e+00,1.180370806284980999e-02,1.181247529343334816e-02,6.124458553747909040e-01
