0.000000000000000000e+00,-3.184171498666409452e-05,-4.723309775933864902e-05,5.379202071847477310e-06,1.004590324343605226e-03,1.006079743013698962e-03,1.030828853590444330e-03,-1.069826174925644152e-09,4.188676873199118920e-09,1.027119766751070085e-01,9.748097076394219782e-04,9.565959023333233746e-04,9.950896862758083165e-04
0.000000000000000000e+00,-3.184171617874596204e-05,-4.723309313381064749e-05,2.257519809114371192e-04,1.005472602497846629e-03,1.006955050110875435e-03,1.031711124328121192e-03,-1.069826174925644152e-09,4.188676873199118920e-09,1.027119766751070085e-01,9.748097076394219782e-04,9.565959023333233746e-04,9.950896862758083165e-04
3.749999999999999975e-12,-3.184173008762973848e-05,-4.723303235317925151e-05,4.484530771576102949e-04,1.008187887634410650e-03,1.009648745964290047e-03,1.034352360729355992e-03,-3.729230044920811155e-09,1.613633882435643422e-08,1.038372931436650354e-01,1.959342087132594310e-03,1.916801093116828579e-03,1.973410337807087085e-03
7.499999999999999950e-12,-3.184175990676767426e-05,-4.723286374816476645e-05,6.734772017814936573e-04,1.012726837302755159e-03,1.014150906856184234e-03,1.038741002283918424e-03,-6.086202385038053729e-09,3.480701882682857876e-08,1.049632815154738913e-01,2.918660338565826420e-03,2.847724659676458686e-03,2.923222609619304316e-03
1.124999999999999993e-11,-3.184179104302915108e-05,-4.723253958855739312e-05,9.008191820084340091e-04,1.019074628071669781e-03,1.020445647352249746e-03,1.044860243594387603e-03,-5.004060697733929614e-09,5.978499181148945568e-08,1.060898526470491487e-01,3.838013590447582682e-03,3.743572468496651328e-03,3.838712234911347519e-03
1.499999999999999990e-11,-3.184178880379818111e-05,-4.723201383380181150e-05,1.130473994886484071e-03,1.027209840611413008e-03,1.028511000777514520e-03,1.052687582899763680e-03,1.454028721963453679e-09,9.008266414136640958e-08,1.072169270214925613e-01,4.715437906956053936e-03,4.605192450848935581e-03,4.718331797517042077e-03
1.874999999999999988e-11,-3.184171214296164137e-05,-4.723124865700739460e-05,1.362436754937235844e-03,1.037105095045959572e-03,1.038318972756560295e-03,1.062194669469774134e-03,1.336327205675789701e-08,1.247166372507970832e-07,1.083444512529251474e-01,5.558367503753726055e-03,5.436421085344563323e-03,5.565235580413963393e-03
2.249999999999999985e-11,-3.184152980310494039e-05,-4.723020661584171833e-05,1.596702629161766062e-03,1.048727439962170160e-03,1.049836486601113091e-03,1.073348354144786423e-03,2.996922851283175863e-08,1.634813776931709982e-07,1.094723804404901107e-01,6.371111273911544103e-03,6.240795348684947605e-03,6.383420284751623215e-03
2.624999999999999983e-11,-3.184122120719029667e-05,-4.722885239830868479e-05,1.833266858351466138e-03,1.062039067825389701e-03,1.063025799710798662e-03,1.086111051900617765e-03,4.965152896209227022e-08,2.059879383256743129e-07,1.106006681020472726e-01,7.155760095642444210e-03,7.019013717517424977e-03,7.174191190512427783e-03
2.999999999999999980e-11,-3.184077608739115675e-05,-4.722715303366236886e-05,2.072124769557034257e-03,1.076997886346033138e-03,1.077845039469746717e-03,1.100441179920724983e-03,7.074600591137688720e-08,2.519599058798393940e-07,1.117292674797123880e-01,7.913143846054692537e-03,7.771181937475057054e-03,7.938229558086382434e-03
3.374999999999999978e-11,-3.184019140077692808e-05,-4.722507630424512454e-05,2.313271774221226616e-03,1.093558174324493109e-03,1.094248886067443948e-03,1.116293805495111122e-03,9.230020605988613477e-08,3.009778806005696249e-07,1.128581326064391904e-01,8.643582756405357101e-03,8.497316213190827389e-03,8.675901779221718152e-03
3.749999999999999975e-11,-3.183946714622487865e-05,-4.722259340971047187e-05,2.556703381318106878e-03,1.111671289313212116e-03,1.112189174731852874e-03,1.133621216738335850e-03,1.138853717973606716e-07,3.525214958248433901e-07,1.139872183040644554e-01,9.347186296370556952e-03,9.197287105746916602e-03,9.387284039929090496e-03
4.124999999999999973e-11,-3.183860574380424651e-05,-4.721967922494742118e-05,2.802415199296581783e-03,1.131286224879464236e-03,1.131615516882612978e-03,1.152373576471466855e-03,1.351141889680959734e-07,4.059282164476032018e-07,1.151164814150506532e-01,1.002408900771929907e-02,9.871032834737239470e-03,1.007245921965257106e-02
4.499999999999999970e-11,-3.183761158949161571e-05,-4.721631512555082665e-05,3.050402939242358603e-03,1.152350319235102231e-03,1.152475910146611533e-03,1.172499444922214112e-03,1.557640842129449346e-07,4.604110172770817499e-07,1.162458815679279223e-01,1.067453618619534916e-02,1.051864048421723326e-02,1.073153456800895675e-02
4.874999999999999968e-11,-3.183648956734847781e-05,-4.721248730759035876e-05,3.300662413591217911e-03,1.174809860211250287e-03,1.174717298073042629e-03,1.193946317223337425e-03,1.758165057562413084e-07,5.154575657989702789e-07,1.173753812899080845e-01,1.129883543884399599e-02,1.114034789926881749e-02,1.136472348453626720e-02
5.249999999999999965e-11,-3.183524394886146671e-05,-4.720818556939927632e-05,3.553189533207224467e-03,1.198610548784844734e-03,1.198286086686205752e-03,1.216661138789133356e-03,1.952959691946114815e-07,5.707055254546321488e-07,1.185049464944926412e-01,1.189740964365442431e-02,1.173654955829184568e-02,1.197237577306907441e-02
5.624999999999999963e-11,-3.183387870800630584e-05,-4.720340327740084156e-05,3.807980300918766339e-03,1.223698026093936100e-03,1.223128668660613183e-03,1.240590784281198544e-03,2.142247622047662291e-07,6.258665761325429735e-07,1.196345465330758695e-01,1.247079798981087090e-02,1.230775800302360071e-02,1.255496736911284120e-02
5.999999999999999960e-11,-3.183239727927047829e-05,-4.719813622458950164e-05,4.065030805753189723e-03,1.250018307100638415e-03,1.249191830471155576e-03,1.265682440139909073e-03,2.326541223310286343e-07,6.806627999340371512e-07,1.207641539048654039e-01,1.301960325614539248e-02,1.285456368176609264e-02,1.311305394153104362e-02
6.374999999999999958e-11,-3.183080240372135333e-05,-4.719238333013558301e-05,4.324337216726390452e-03,1.277518113280998787e-03,1.276423092955082921e-03,1.291883925146399773e-03,2.506022598414743162e-07,7.347774555295914669e-07,1.218937444433116080e-01,1.354452311337270808e-02,1.337763031548333190e-02,1.364728061169236464e-02
6.749999999999999955e-11,-3.182909623016802253e-05,-4.718614665714095194e-05,4.585895774131557023e-03,1.306145223194431128e-03,1.304770989642901067e-03,1.319144029218684939e-03,2.681075443939730972e-07,7.879772695669415305e-07,1.230232972005496639e-01,1.404632730318869545e-02,1.387768932508153495e-02,1.415837010292897089e-02
7.124999999999999953e-11,-3.182728021144706873e-05,-4.717943016459474404e-05,4.849702782106637272e-03,1.335848699277519076e-03,1.334185317797342363e-03,1.347412724210819224e-03,2.852285055295148089e-07,8.401168459141838382e-07,1.241527942394543282e-01,1.452582279907619484e-02,1.435553538675734056e-02,1.464708702784556227e-02
7.499999999999999950e-11,-3.182535540504463542e-05,-4.717223927904066805e-05,5.115754601023059581e-03,1.366579104938179601e-03,1.364617340468226355e-03,1.376641360806754762e-03,3.019434141374664185e-07,8.910819348431286914e-07,1.252822204723098576e-01,1.498384747625326578e-02,1.481201373741627275e-02,1.511422772209476337e-02
7.874999999999999948e-11,-3.182332327637604964e-05,-4.716458099748476655e-05,5.384047640205056814e-03,1.398288629315925895e-03,1.396019925968680500e-03,1.406782836915497492e-03,3.182162201806549217e-07,9.407273124269945204e-07,1.264115632509232590e-01,1.542125358398864152e-02,1.524797861154893186e-02,1.556062163458081515e-02
8.249999999999999945e-11,-3.182118527404694436e-05,-4.715646400797735943e-05,5.654578349858821115e-03,1.430931196351348895e-03,1.428347627487100207e-03,1.437791709002939587e-03,3.340683009785006138e-07,9.889165436930884648e-07,1.275408120991521344e-01,1.583890028013269086e-02,1.566427647869769735e-02,1.598712143619087506e-02
8.624999999999999943e-11,-3.181894255003222448e-05,-4.714789813608828169e-05,5.927343214107319395e-03,1.464462527745922192e-03,1.461556754353677970e-03,1.469624267038445497e-03,3.495435647665070633e-07,1.035591263257646299e-06,1.286699585432306558e-01,1.623764363799322374e-02,1.606175048327566218e-02,1.639458970269740135e-02
8.999999999999999940e-11,-3.181659599012959824e-05,-4.713889389829268201e-05,6.202338743934298661e-03,1.498840190740072589e-03,1.495605412689366516e-03,1.502238584108538371e-03,3.646840592910167647e-07,1.080750541812944043e-06,1.297989959752700595e-01,1.661833125680464013e-02,1.644124558690660681e-02,1.678388477733273182e-02
9.374999999999999938e-11,-3.181414623674924940e-05,-4.712946199200759297e-05,6.479561471657712887e-03,1.534023601162884907e-03,1.530453548034912134e-03,1.535594521905599185e-03,3.795141602154742142e-07,1.124426661052819944e-06,1.309279194509823108e-01,1.698179612715326400e-02,1.680360329315385565e-02,1.715584326339095536e-02
9.749999999999999935e-11,-3.181159390342640155e-05,-4.711961332536812754e-05,6.759007945786659095e-03,1.569974012438242516e-03,1.566062943368695887e-03,1.569653729432414274e-03,3.940160984332316345e-07,1.166618944721181726e-06,1.320567254292348836e-01,1.732885472498246066e-02,1.714964384294356131e-02,1.751127595126412972e-02
1.012499999999999993e-10,-3.180893973214776087e-05,-4.710935930239425987e-05,7.040674726587892521e-03,1.606654506075994374e-03,1.602397177924479599e-03,1.604379615536396988e-03,4.081455352769315604e-07,1.207299209314717904e-06,1.331854115900635571e-01,1.766030449200713462e-02,1.748016150972011434e-02,1.785096821676654399e-02
1.049999999999999993e-10,-3.180618488343971427e-05,-4.709871161302889471e-05,7.324558381599594048e-03,1.644029960030251236e-03,1.639421588430769235e-03,1.639737319377094701e-03,4.218680564683570156e-07,1.246453519735635728e-06,1.343139766792940948e-01,1.797691942119347686e-02,1.779592549896011691e-02,1.817568268025647471e-02
1.087499999999999993e-10,-3.180333053844520698e-05,-4.708768190648901671e-05,7.610655481543705976e-03,1.682066996608136585e-03,1.677103219180948231e-03,1.675693666683258963e-03,4.351768611597592068e-07,1.284098147126195487e-06,1.354424203051629028e-01,1.827944455023990458e-02,1.809767393159875809e-02,1.848615892399348495e-02
1.124999999999999993e-10,-3.180037794882937879e-05,-4.707628171459568329e-05,7.898962596559342547e-03,1.720733922375470605e-03,1.715410762479076950e-03,1.712217122255672418e-03,4.480886190262303910e-07,1.320278354823522620e-06,1.365707427948952002e-01,1.856859313732114186e-02,1.838611351128814630e-02,1.878311008814151362e-02
1.162499999999999992e-10,-3.179732818474508005e-05,-4.706452238073190089e-05,8.189476293121927125e-03,1.760000659062803093e-03,1.754314487913524127e-03,1.749277735730808345e-03,4.606252177847376743e-07,1.355034885527920871e-06,1.376989450823692951e-01,1.884504656639642700e-02,1.866191965728997149e-02,1.906721946460403216e-02
1.199999999999999992e-10,-3.179418232872599097e-05,-4.705241507480276505e-05,8.482193131362182267e-03,1.799838676265760624e-03,1.793786186597298065e-03,1.786847074119051219e-03,4.727854376129947314e-07,1.388397038449736134e-06,1.388270286221600647e-01,1.910945656825243158e-02,1.892573675951855772e-02,1.933914126646527759e-02
1.237500000000000121e-10,-3.179094156961752716e-05,-4.703997075636943558e-05,8.777109662537464080e-03,1.840220927186631775e-03,1.833799106755022029e-03,1.824898159075375413e-03,4.845610804776696650e-07,1.420410316372136864e-06,1.399549953328285690e-01,1.936244337891689093e-02,1.917818519253510628e-02,1.959949966244591002e-02
1.275000000000000250e-10,-3.178760711670411090e-05,-4.702720001072278248e-05,9.074222427012768738e-03,1.881121772798404401e-03,1.874327900690740374e-03,1.863405402025940152e-03,4.959574279240644917e-07,1.451125408816195247e-06,1.410828475057352982e-01,1.960459635859850003e-02,1.941985994407812235e-02,1.984888819382682468e-02
1.312500000000000379e-10,-3.178418015672338068e-05,-4.701411313382366700e-05,9.373527952450857320e-03,1.922516913963709818e-03,1.915348550144657788e-03,1.902344538643306214e-03,5.069809744088867227e-07,1.480581583521463617e-06,1.422105876908242306e-01,1.983647841661416444e-02,1.965132145239181088e-02,2.008787069072282688e-02
1.350000000000000508e-10,-3.178066192585292610e-05,-4.700072017005524745e-05,9.675022752342393381e-03,1.964383330518283850e-03,1.956838293630508603e-03,1.941692555079123144e-03,5.176237926625185093e-07,1.508817618045404376e-06,1.433382186702445993e-01,2.005862970110477289e-02,1.987309812589359986e-02,2.031698200185332037e-02
1.387500000000000637e-10,-3.177705376879450867e-05,-4.698703088773305449e-05,9.978703324642288972e-03,2.006699223311676685e-03,1.998775560079784144e-03,1.981427627761688567e-03,5.278883649065482271e-07,1.535875205415005205e-06,1.444657433663853463e-01,2.027156067141116375e-02,2.008569009700375205e-02,2.053672922344666057e-02
1.425000000000000766e-10,-3.177335700009571349e-05,-4.697305478879945255e-05,1.028456615074980866e-02,2.049443937607170474e-03,2.041139901554089170e-03,2.021529056715530917e-03,5.377878059172848857e-07,1.561799981697175726e-06,1.455931647675745844e-01,2.047574842861693903e-02,2.028957127752749334e-02,2.074759161953963760e-02
1.462500000000000895e-10,-3.176957296844355142e-05,-4.695880103327213634e-05,1.059260769471623460e-02,2.092597898415093048e-03,2.083911936003970435e-03,2.061977206182609174e-03,5.473280781700590506e-07,1.586642334638167984e-06,1.467204859463957789e-01,2.067164473785144257e-02,2.048519087598801511e-02,2.095002204083076108e-02
1.500000000000001024e-10,-3.176570308714468899e-05,-4.694427841214174639e-05,1.090282440246783183e-02,2.136142555384642518e-03,2.127073287748139710e-03,2.102753447146196112e-03,5.565180163407052513e-07,1.610455206246428576e-06,1.478477100180357051e-01,2.085967710706355255e-02,2.067297331007887651e-02,2.114444742530606491e-02
1.537500000000001153e-10,-3.176174879681897318e-05,-4.692949533665240279e-05,1.121521270142440685e-02,2.180060322641372544e-03,2.170606530650802651e-03,2.143840098743039942e-03,5.653734755908996525e-07,1.633288391511381765e-06,1.489748400925047789e-01,2.104024757322518063e-02,2.085331910516784876e-02,2.133127135776304029e-02
1.575000000000001282e-10,-3.175771146817595302e-05,-4.691445987159268181e-05,1.152976899981972281e-02,2.224334522943865414e-03,2.214495135626129603e-03,2.185220378251967379e-03,5.739092921277274412e-07,1.655185583999468972e-06,1.501018792617475062e-01,2.121373488903959686e-02,2.102660623701450501e-02,2.151087674994502097e-02
1.612500000000001411e-10,-3.175359246524554345e-05,-4.689917976063432868e-05,1.184648968632092195e-02,2.268949335987326208e-03,2.258723419723878724e-03,2.226878350707905269e-03,5.821360055909638334e-07,1.676190474195642696e-06,1.512288305913855879e-01,2.138049630979754062e-02,2.119319187988340583e-02,2.168362551049110923e-02
1.650000000000001540e-10,-3.174939314153691391e-05,-4.688366238639959401e-05,1.216537112973460621e-02,2.313889747663308398e-03,2.303276497477213004e-03,2.268798881302161712e-03,5.900640849470313500e-07,1.696346529294685173e-06,1.523556971074796762e-01,2.154086931692213852e-02,2.135341308624916223e-02,2.184985945517893546e-02
1.687500000000001669e-10,-3.174511485551088680e-05,-4.686791477575783248e-05,1.248640967882728298e-02,2.359141505091529294e-03,2.348140235244136533e-03,2.310967589653684096e-03,5.977063313196418604e-07,1.715692234104127385e-06,1.534824817792163620e-01,2.169517284548526381e-02,2.150758707385748078e-02,2.200990089928046498e-02
1.725000000000001798e-10,-3.174075891244942157e-05,-4.685194368956592629e-05,1.280960166226329140e-02,2.404691072905306391e-03,2.393301206774707188e-03,2.353370805490882789e-03,6.050768511979417807e-07,1.734262142446205688e-06,1.546091875069205424e-01,2.184370783692962670e-02,2.165601248205558521e-02,2.216405377887006173e-02
1.762500000000001927e-10,-3.173632658160023242e-05,-4.683575562118269102e-05,1.313494338855984711e-02,2.450525591694212996e-03,2.438746651886950119e-03,2.395995527777232230e-03,6.121871473741851739e-07,1.752089130119428980e-06,1.557358171236609690e-01,2.198675809183018443e-02,2.179897162054999366e-02,2.231260505546638767e-02
1.800000000000002056e-10,-3.173181911626790159e-05,-4.681935680900017248e-05,1.346243114608203402e-02,2.496632838216391627e-03,2.484464439862680597e-03,2.438829386822781702e-03,6.190450802149028147e-07,1.769207734177810252e-06,1.568623733960521904e-01,2.212459162482933311e-02,2.193673177772306054e-02,2.245582551968489451e-02
1.837500000000002185e-10,-3.172723778566392415e-05,-4.680275320104315819e-05,1.379206120310524745e-02,2.543001190060747117e-03,2.530443034622290553e-03,2.481860607806329801e-03,6.256570808367592327e-07,1.785652050354144505e-06,1.579888590122357772e-01,2.225746187963067307e-02,2.206954488227781674e-02,2.259397063979753928e-02
1.875000000000002314e-10,-3.172258384844709280e-05,-4.678595049751708577e-05,1.412382980792490847e-02,2.589619591284675337e-03,2.576671458608327959e-03,2.525077976478114650e-03,6.320317676665189829e-07,1.801452609442121515e-06,1.591152765691730142e-01,2.238560796238099615e-02,2.219764786059302136e-02,2.272728186855879629e-02
1.912500000000002443e-10,-3.171785853158055939e-05,-4.676895415450341723e-05,1.445773318895769190e-02,2.636477519507883678e-03,2.623139259629782543e-03,2.568470808618598510e-03,6.381791284347631399e-07,1.816639464566284414e-06,1.602416285726290801e-01,2.250925513558742902e-02,2.232126404205213646e-02,2.285598719080270819e-02
1.950000000000002572e-10,-3.171306300944525604e-05,-4.675176939827497012e-05,1.479376755494172038e-02,2.683564954488751753e-03,2.669836480364071087e-03,2.612028919388918475e-03,6.441092525054487017e-07,1.831240372036389228e-06,1.613679174387362136e-01,2.262861555488540621e-02,2.244060429675079349e-02,2.298030159330018141e-02
1.987500000000002701e-10,-3.170819841984773367e-05,-4.673440123687634874e-05,1.513192909513974560e-02,2.730872349019605825e-03,2.716753631406432917e-03,2.655742594800234238e-03,6.498323237830630592e-07,1.845283228421974530e-06,1.624941454986384981e-01,2.274388945881342106e-02,2.255586788459803399e-02,2.310042815175398362e-02
2.025000000000002830e-10,-3.170326586043392610e-05,-4.671685445186743283e-05,1.547221397953447812e-02,2.778390602783738662e-03,2.763881664660949693e-03,2.699602565589936595e-03,6.553590897042755405e-07,1.858795396275974898e-06,1.636203149994917561e-01,2.285526617758856793e-02,2.266724290845698042e-02,2.321655896066349839e-02
2.062500000000002959e-10,-3.169826638513970936e-05,-4.669913362291750782e-05,1.581461835903142515e-02,2.826111036997901345e-03,2.811211948052441765e-03,2.743599982759877595e-03,6.606987111325009036e-07,1.871800813419848718e-06,1.647464281029474842e-01,2.296292455266799731e-02,2.277490693332340915e-02,2.332887551162897075e-02
2.100000000000003088e-10,-3.169320102107219374e-05,-4.668124314765819912e-05,1.615913836573423801e-02,2.874025370470162464e-03,2.858736242047624308e-03,2.787726393371798596e-03,6.658596686732510834e-07,1.884322932691293734e-06,1.658724868887535842e-01,2.306703358203299192e-02,2.287902784019454905e-02,2.343754941929691166e-02
2.137500000000003217e-10,-3.168807076186593621e-05,-4.666318722675601410e-05,1.650577011315884288e-02,2.922125697667810051e-03,2.906446678092566935e-03,2.831973719841454889e-03,6.708507366488829546e-07,1.896384982962216840e-06,1.669984933574756858e-01,2.316775301625289760e-02,2.297976451891274585e-02,2.354274316037806986e-02
2.175000000000003346e-10,-3.168287656948731029e-05,-4.664496988598040308e-05,1.685450969650707786e-02,2.970404467385085335e-03,2.954335738502973825e-03,2.876334238971722541e-03,6.756789533730116443e-07,1.908008135423849101e-06,1.681244494294366620e-01,2.326523371705794055e-02,2.307726727133057459e-02,2.364461021046197764e-02
2.212500000000003475e-10,-3.167761939170915493e-05,-4.662659499632584018e-05,1.720535319297165217e-02,3.018854462762143778e-03,3.002396236871483857e-03,2.920800562455166949e-03,6.803504665957944755e-07,1.919212720239348388e-06,1.692503569473615965e-01,2.335961830332034667e-02,2.317167826174225745e-02,2.374329574070542168e-02
2.250000000000003604e-10,-3.167230015314627921e-05,-4.660806627171488006e-05,1.755829666199519579e-02,3.067468782977066273e-03,3.050621300288972396e-03,2.965365618821708907e-03,6.848716322399013383e-07,1.930018449482268008e-06,1.703762176823118701e-01,2.345104192605352439e-02,2.326313212489802135e-02,2.383893738798211620e-02
2.287500000000003733e-10,-3.166691975483158675e-05,-4.658938728011003750e-05,1.791333614552973602e-02,3.116240826621382611e-03,3.099004352400487085e-03,3.010022636838234275e-03,6.892487328963398606e-07,1.940443876220608469e-06,1.715020333350741333e-01,2.353963270532461946e-02,2.335175632809394219e-02,2.393166562352466026e-02
2.325000000000003862e-10,-3.166147907116259645e-05,-4.657056145093379606e-05,1.827046766831974187e-02,3.165164275709834562e-03,3.147539097313600733e-03,3.054765129618565965e-03,6.934880910415693148e-07,1.950505873153235697e-06,1.726278055368109243e-01,2.362551196921275701e-02,2.343767159095709596e-02,2.402160402163380781e-02
2.362500000000003991e-10,-3.165597895379997605e-05,-4.655159209098060313e-05,1.862968723819814071e-02,3.214233080227586661e-03,3.196219504603434701e-03,3.099586879445912890e-03,6.975957723640651521e-07,1.960219869087405608e-06,1.737535358516291428e-01,2.370879459238673173e-02,2.352099236275939642e-02,2.410886976599838430e-02
2.400000000000004120e-10,-3.165042022912110351e-05,-4.653248238381469721e-05,1.899099084635844439e-02,3.263441443593198803e-03,3.245039795330884394e-03,3.144481923857004105e-03,7.015781047079750892e-07,1.969600967620564681e-06,1.748792257798015837e-01,2.378958943494988154e-02,2.360182721840774905e-02,2.419357416229106494e-02
2.437500000000004249e-10,-3.164480369424183795e-05,-4.651323539125631874e-05,1.935437446762943575e-02,3.312783809426333818e-03,3.293994429134460781e-03,3.189444542689085990e-03,7.054408518502772017e-07,1.978663730508749735e-06,1.760048767611387954e-01,2.386799976111522725e-02,2.368027924485574531e-02,2.427582281441164475e-02
2.475000000000004378e-10,-3.163913012793289725e-05,-4.649385406774913035e-05,1.971983406077707293e-02,3.362254848965882687e-03,3.343078091981887146e-03,3.234469245555492839e-03,7.091886895273727403e-07,1.987422119182435758e-06,1.771304901778521512e-01,2.394412360434571008e-02,2.375644638242489087e-02,2.435571589427232633e-02
2.512500000000004507e-10,-3.163340029272989848e-05,-4.647434126321692022e-05,2.008736556878807852e-02,3.411849449466757001e-03,3.392285684662429707e-03,3.279550760235718128e-03,7.128258994626682530e-07,1.995889691537388835e-06,1.782560673565120601e-01,2.401805413008416962e-02,2.383042163272709388e-02,2.443334857317525088e-02
2.550000000000004636e-10,-3.162761494187328853e-05,-4.645469972163848607e-05,2.045696491914917453e-02,3.461562703360122808e-03,3.441612311624228735e-03,3.324684021798248595e-03,7.163565547360260869e-07,2.004079237034153184e-06,1.793816095686961154e-01,2.408987983833770635e-02,2.390229325079131287e-02,2.450881125937294513e-02
2.587500000000004765e-10,-3.162177481311466984e-05,-4.643493208979073631e-05,2.082862802414245373e-02,3.511389897684145944e-03,3.491053270641143649e-03,3.369864162129147106e-03,7.197844454824221967e-07,2.012002531841547919e-06,1.805071180332712966e-01,2.415968476178827901e-02,2.397214509147596942e-02,2.458218982035839661e-02
2.625000000000004894e-10,-3.161588063142665528e-05,-4.641504092710204820e-05,2.120235078113213989e-02,3.561326504231503414e-03,3.540604043138291263e-03,3.415086500183882063e-03,7.231129826986308547e-07,2.019670209557094571e-06,1.816325939184581517e-01,2.422754879267639133e-02,2.404005677707758692e-02,2.465356595454341881e-02
2.662500000000005023e-10,-3.160993310525886732e-05,-4.639502870511231478e-05,2.157812907283755688e-02,3.611368170466360428e-03,3.590260284789312858e-03,3.460346533147297138e-03,7.263455585426648091e-07,2.027092425944210057e-06,1.827580383446541501e-01,2.429354793176875804e-02,2.410610399954984245e-02,2.472301741293903704e-02
2.700000000000005152e-10,-3.160393292839403797e-05,-4.637489780975308305e-05,2.195595876761722090e-02,3.661510710799158880e-03,3.640017817131664581e-03,3.505639927662956498e-03,7.294857348293889196e-07,2.034279055991962073e-06,1.838834523872686366e-01,2.435775446690856966e-02,2.417035887155605939e-02,2.479061812789781771e-02
2.737500000000005281e-10,-3.159788078118575428e-05,-4.635465055205400300e-05,2.233583571975086488e-02,3.711750098318634689e-03,3.689872619538853236e-03,3.550962511598429374e-03,7.325370736249234288e-07,2.041239566670601695e-06,1.850088370778264490e-01,2.442023718825178658e-02,2.423289003314087892e-02,2.485643844095859409e-02
2.775000000000005410e-10,-3.159177732888335922e-05,-4.633428916813405233e-05,2.271775576971893362e-02,3.762082457078420178e-03,3.739820821484175425e-03,3.596310266374581378e-03,7.355029107601389701e-07,2.047983202449786744e-06,1.861341934057643699e-01,2.448106158924376330e-02,2.429376283018495203e-02,2.492054534848336250e-02
2.812500000000005539e-10,-3.158562322252475829e-05,-4.631381582379703578e-05,2.310171474447297868e-02,3.812504054810957402e-03,3.789858695389441458e-03,3.641679319848142860e-03,7.383864791909154781e-07,2.054518701024038321e-06,1.872595223204640558e-01,2.454029003992837243e-02,2.435303952967917546e-02,2.498300265612989762e-02
2.850000000000005668e-10,-3.157941909960883492e-05,-4.629323261949145772e-05,2.348770845771493837e-02,3.863011296063243762e-03,3.839982649890441406e-03,3.687065939319695163e-03,7.411907858449387878e-07,2.060854342880465135e-06,1.883848247329535930e-01,2.459798193893279750e-02,2.441077950503568739e-02,2.504387115317256718e-02
2.887500000000005797e-10,-3.157316558842039394e-05,-4.627254159321845400e-05,2.387573271016282458e-02,3.913600715636309478e-03,3.890189223491188723e-03,3.732466525219610681e-03,7.439184305344235029e-07,2.066998168478804000e-06,1.895101015173647208e-01,2.465419390516319226e-02,2.446703934239305434e-02,2.510320888211204499e-02
2.925000000000005926e-10,-3.156686330741786516e-05,-4.625174472074950653e-05,2.426578328980698307e-02,3.964268972544219595e-03,3.940475078322726483e-03,3.777877605260284398e-03,7.465717395139980709e-07,2.072957856230655442e-06,1.906353535127561227e-01,2.470897997680894173e-02,2.452187296618234258e-02,2.516107127560007761e-02
2.962500000000006055e-10,-3.156051286586608444e-05,-4.623084391971624363e-05,2.465785597217300812e-02,4.015012844220723805e-03,3.990836994418146128e-03,3.823295828730065467e-03,7.491532246646245114e-07,2.078740663824040993e-06,1.917605815247793999e-01,2.476239170888620486e-02,2.457533183870839327e-02,2.521751121365561205e-02
3.000000000000006184e-10,-3.155411486026289881e-05,-4.620984105137385415e-05,2.505194652058654464e-02,4.065829221043317301e-03,4.041271864380715367e-03,3.868717960959758631e-03,7.516655062366092938e-07,2.084353354688898557e-06,1.928857863265984740e-01,2.481447827520256652e-02,2.462746506698835006e-02,2.527257913943454365e-02
3.037500000000006313e-10,-3.154766987807274545e-05,-4.618873792837714816e-05,2.544805068643472140e-02,4.116715101138245306e-03,4.091776688167963680e-03,3.914140878146732394e-03,7.541109469579534053e-07,2.089802392499360737e-06,1.940109686610267392e-01,2.486528664727134103e-02,2.467831955003711719e-02,2.532632323582142270e-02
3.075000000000006442e-10,-3.154117849587232715e-05,-4.616753631117131561e-05,2.584616420941655140e-02,4.167667585649939901e-03,4.142348568364834054e-03,3.959561562574384110e-03,7.564918288508639516e-07,2.095094082973206114e-06,1.951361292424788063e-01,2.491486171641396630e-02,2.472794015469116646e-02,2.537878959249041319e-02
3.112500000000006571e-10,-3.153464127977578894e-05,-4.614623791365465334e-05,2.624628281778985245e-02,4.218683874088200239e-03,4.192984705695687077e-03,4.004977098174954120e-03,7.588103989753110755e-07,2.100234326995324729e-06,1.962612687576786030e-01,2.496324638196743828e-02,2.477636978708817189e-02,2.543002230165386512e-02
3.150000000000006700e-10,-3.152805878510115653e-05,-4.612484440501874751e-05,2.664840222862004462e-02,4.269761259998903005e-03,4.243682394666747557e-03,4.050384666177046442e-03,7.610688908644401313e-07,2.105228892144022669e-06,1.973863878666817229e-01,2.501048166971718903e-02,2.482364946048961490e-02,2.548006351309137912e-02
3.187500000000006829e-10,-3.152143155560072898e-05,-4.610335740930586842e-05,2.705251814803064786e-02,4.320897126852065936e-03,4.294439019438637054e-03,4.095781540938119546e-03,7.632694477005027959e-07,2.110083336887810844e-06,1.985114872040759926e-01,2.505660682685991250e-02,2.486981839881064610e-02,2.552895353078156460e-02
3.225000000000006958e-10,-3.151476012439367549e-05,-4.608177850913486512e-05,2.745862627144775997e-02,4.372088944144533057e-03,4.345252049951293070e-03,4.141165086065317670e-03,7.654140869989940147e-07,2.114802877436054062e-06,1.996365673801308027e-01,2.510165940909248050e-02,2.491491413647126119e-02,2.557673093303616807e-02
3.262500000000007087e-10,-3.150804501451025746e-05,-4.606010924787398117e-05,2.786672228384099587e-02,4.423334263695483104e-03,4.396119038246326660e-03,4.186532750745838513e-03,7.675047628863733656e-07,2.119392450201115183e-06,2.007616289817217292e-01,2.514567535976433565e-02,2.495897259753324451e-02,2.562343265079823629e-02
3.300000000000007216e-10,-3.150128673898128196e-05,-4.603835113256567966e-05,2.827680185996515536e-02,4.474630716112837706e-03,4.447037614965393751e-03,4.231882066202802099e-03,7.695433609477059429e-07,2.123856703133861982e-06,2.018866725732476053e-01,2.518868908903089399e-02,2.500202816913985049e-02,2.566909406190392984e-02
3.337500000000007345e-10,-3.149448580109580304e-05,-4.601650563531768819e-05,2.868886066459414366e-02,4.525976007450162146e-03,4.498005486018251051e-03,4.277210642454308542e-03,7.715316981569684857e-07,2.128200063649621042e-06,2.030116986976744364e-01,2.523073355225875086e-02,2.504411378482486461e-02,2.571374909538898940e-02
3.375000000000007474e-10,-3.148764269482925960e-05,-4.599457419423211269e-05,2.910289435275284844e-02,4.577367916047202223e-03,4.549020429438487348e-03,4.322516165231629799e-03,7.734714665111910815e-07,2.132426964752039144e-06,2.041367078780821076e-01,2.527184033542635017e-02,2.508526104944825558e-02,2.575743025779909240e-02
3.412500000000007603e-10,-3.148075790632222549e-05,-4.597255821188562315e-05,2.951889856995299627e-02,4.628804289567241097e-03,4.600080292544269506e-03,4.367796392844709198e-03,7.753642311342621052e-07,2.136541657879713617e-06,2.052617006181467474e-01,2.531203971918451895e-02,2.512550026934606134e-02,2.580016869520611322e-02
3.450000000000007732e-10,-3.147383191334353299e-05,-4.595045905959521996e-05,2.993686895242293755e-02,4.680283042123982613e-03,4.651182988976995149e-03,4.413049153384693453e-03,7.772115181515549566e-07,2.140548170767953229e-06,2.063866774026081874e-01,2.535136073384011007e-02,2.516486048682591015e-02,2.584199428261303721e-02
3.487500000000007861e-10,-3.146686518547505464e-05,-4.592827807727623728e-05,3.035680112733594310e-02,4.731802151566157424e-03,4.702326496053677030e-03,4.458272341989385698e-03,7.790147381154763925e-07,2.144450436620929951e-06,2.075116386983674455e-01,2.538983121792820485e-02,2.520336957467622652e-02,2.588293570032670216e-02
3.525000000000007990e-10,-3.145985818471545490e-05,-4.590601657484109943e-05,3.077869071303149240e-02,4.783359656877398877e-03,4.753508852199929587e-03,4.503463918347410354e-03,7.807752460570294519e-07,2.148252118927952112e-06,2.086365849551733154e-01,2.542747788475871462e-02,2.524105427619554795e-02,2.592302048454329239e-02
3.562500000000008119e-10,-3.145281136536554241e-05,-4.588367583481257330e-05,3.120253331924090906e-02,4.834953655763381437e-03,4.804728154515727767e-03,4.548621904207329758e-03,7.824944376429655206e-07,2.151956684090285132e-06,2.097615166065248116e-01,2.546432639209228119e-02,2.527794026177318173e-02,2.596227506068116836e-02
3.600000000000008248e-10,-3.144572517456435386e-05,-4.586125711329331624e-05,3.162832454730759441e-02,4.886582302350831429e-03,4.855982556446914594e-03,4.593744381052257755e-03,7.841737096127117325e-07,2.155567490093039554e-06,2.108864340702407691e-01,2.550040138579288615e-02,2.531405217496338067e-02,2.600072481247610312e-02
3.637500000000008377e-10,-3.143860005197981073e-05,-4.583876164046604554e-05,3.205605999040558873e-02,4.938243804977610757e-03,4.907270265547685438e-03,4.638829487891377168e-03,7.858143744934864821e-07,2.159087733416327362e-06,2.120113377489675766e-01,2.553572652995129977e-02,2.534941368353302998e-02,2.603839413405710165e-02
3.675000000000008506e-10,-3.143143643060590606e-05,-4.581619062241052581e-05,3.248573523375574562e-02,4.989936424038483517e-03,4.958589541390633938e-03,4.683875419157150499e-03,7.874176344443184245e-07,2.162520444994640390e-06,2.131362280309501700e-01,2.557032455745479604e-02,2.538404753473401734e-02,2.607530647475611932e-02
3.712500000000008635e-10,-3.142423473701640776e-05,-4.579354524158768552e-05,3.291734585483978986e-02,5.041658470000101415e-03,5.009938693574031779e-03,4.728880422693483056e-03,7.889846641977904973e-07,2.165868593752696118e-06,2.142611052907872904e-01,2.560421732709614387e-02,2.541797560057404426e-02,2.611148437419855833e-02
3.750000000000008764e-10,-3.141699539107213753e-05,-4.577082665737691378e-05,3.335088742361362601e-02,5.093408301491350772e-03,5.061316079838268540e-03,4.773842797823581868e-03,7.905166239623574818e-07,2.169135073991467074e-06,2.153859698899204533e-01,2.563742586848351615e-02,2.545121890600113984e-02,2.614694951840152923e-02
3.787500000000008893e-10,-3.140971880568570586e-05,-4.574803600714612040e-05,3.378635550271483212e-02,5.145184323522939036e-03,5.112720104202777768e-03,4.818760893563972872e-03,7.920146215415553755e-07,2.172322612201962947e-06,2.165108221771275265e-01,2.566997041448742037e-02,2.548379766840633276e-02,2.618172277966553108e-02
3.825000000000009022e-10,-3.140240538774346325e-05,-4.572517440744050939e-05,3.422374564767220045e-02,5.196984985730681086e-03,5.164149215252649729e-03,4.863633106859088437e-03,7.934796981317491441e-07,2.175433806358838289e-06,2.176356624890938840e-01,2.570187043246879161e-02,2.551573134498532486e-02,2.621582423755230984e-02
3.862500000000009151e-10,-3.139505553788931035e-05,-4.570224295409961178e-05,3.466305340711231531e-02,5.248808780735483848e-03,5.215601904489215561e-03,4.908457880897143175e-03,7.949128382887865531e-07,2.178471165850738600e-06,2.187604911508920225e-01,2.573314465576889351e-02,2.554703866893174441e-02,2.624927321837102617e-02
3.900000000000009280e-10,-3.138766965170029159e-05,-4.567924272338648900e-05,3.510427432296429895e-02,5.300654242529706517e-03,5.267076704773172857e-03,4.953233703527242134e-03,7.963150041948685142e-07,2.181437079320526078e-06,2.198853084763751076e-01,2.576381110994690332e-02,2.557773768080239679e-02,2.628208833843575370e-02
3.937500000000009409e-10,-3.138024811964930540e-05,-4.565617477269868487e-05,3.554740393066137261e-02,5.352519944957899282e-03,5.318572188811720308e-03,4.997959105764803768e-03,7.976871210089143635e-07,2.184333848459031250e-06,2.210101147686652778e-01,2.579388715192999088e-02,2.560784575546511815e-02,2.631428753762632411e-02
3.975000000000009538e-10,-3.137279132791133049e-05,-4.563304014099117965e-05,3.599243775934116152e-02,5.404404500274145699e-03,5.370086967729032802e-03,5.042632660338213814e-03,7.990300611081643984e-07,2.187163735601172583e-06,2.221349103206368691e-01,2.582338950385809628e-02,2.563737963248512858e-02,2.634588809485569408e-02
4.012500000000009667e-10,-3.136529965805759276e-05,-4.560983984930357658e-05,3.643937133204645101e-02,5.456306557774242769e-03,5.421619689682885372e-03,5.087252980278134280e-03,8.003446766554650645e-07,2.189928982580008652e-06,2.232596954154414948e-01,2.585233428723274912e-02,2.566635544964512849e-02,2.637690665257509670e-02
4.050000000000009796e-10,-3.135777348709880462e-05,-4.558657490108723276e-05,3.688820016592204293e-02,5.508224802503965123e-03,5.473169038582809641e-03,5.131818717581018707e-03,8.016317826619879768e-07,2.192631668009004890e-06,2.243844703267100504e-01,2.588073703999322489e-02,2.569478875954503416e-02,2.640735925261175621e-02
4.087500000000009925e-10,-3.135021318790948109e-05,-4.556324628403857728e-05,3.733891977241130672e-02,5.560157953973404212e-03,5.524733732803360949e-03,5.176328561948555403e-03,8.028921589585127580e-07,2.195273693694378280e-06,2.255092353188283827e-01,2.590861273676904608e-02,2.572269454960082052e-02,2.643726137241858565e-02
4.125000000000010054e-10,-3.134261912921513940e-05,-4.553985497041713483e-05,3.779152565744779702e-02,5.612104764956840630e-03,5.576312523991070087e-03,5.220781239583519549e-03,8.041265559396995545e-07,2.197856886576576434e-06,2.266339906474472143e-01,2.593597582141858593e-02,2.575008727319530455e-02,2.646662794037086402e-02
4.162500000000010183e-10,-3.133499167569363128e-05,-4.551640191752401798e-05,3.824601332164914713e-02,5.664064020345648681e-03,5.627904195902429241e-03,5.265175512007886152e-03,8.053356985632094075e-07,2.200383001072327079e-06,2.277587365597459890e-01,2.596284022749284146e-02,2.577698086661834448e-02,2.649547335677654436e-02
4.200000000000010312e-10,-3.132733118823258673e-05,-4.549288806834164033e-05,3.870237826050667435e-02,5.716034536042319952e-03,5.679507563289130923e-03,5.309510174959525090e-03,8.065203031768912760e-07,2.202853742664278631e-06,2.288834732948727968e-01,2.598921940110137177e-02,2.580338878126443858e-02,2.652381153144945519e-02
4.237500000000010441e-10,-3.131963802354585040e-05,-4.546931435181100127e-05,3.916061596457198757e-02,5.768015157913650506e-03,5.731121470872678134e-03,5.353784057337732973e-03,8.076811009106912419e-07,2.205270767366041294e-06,2.300082010842600944e-01,2.601512631983314214e-02,2.582932400620370841e-02,2.655165590463896830e-02
4.275000000000010570e-10,-3.131191253372654637e-05,-4.544568168340867121e-05,3.962072191964328971e-02,5.820004760766397944e-03,5.782744792329408932e-03,5.397996020193755046e-03,8.088188346319214307e-07,2.207635659646065609e-06,2.311329201519080612e-01,2.604057351334745224e-02,2.585479908490078901e-02,2.657901945613316136e-02
4.312500000000010699e-10,-3.130415506616319478e-05,-4.542199096650738403e-05,4.008269160695105554e-02,5.872002247398641801e-03,5.834376429339493270e-03,5.442144955733150061e-03,8.099341852254110193e-07,2.209949945939837290e-06,2.322576307147173058e-01,2.606557308718546184e-02,2.587982613358671274e-02,2.660591472015625888e-02
4.350000000000010828e-10,-3.129636596464181687e-05,-4.539824309156453885e-05,4.054652050334161401e-02,5.924006547678892579e-03,5.886015310659108331e-03,5.486229786373328018e-03,8.110277583733005989e-07,2.212215107665124606e-06,2.333823329826689719e-01,2.609013673648739179e-02,2.590441685344100492e-02,2.663235380828307686e-02
4.387500000000010957e-10,-3.128854556962229813e-05,-4.537443893655736487e-05,4.101220408145905133e-02,5.976016617654038819e-03,5.937660391226823493e-03,5.530249463841909428e-03,8.121001280914141916e-07,2.214432556995003109e-06,2.345070271590837530e-01,2.611427576197076703e-02,2.592858254806227128e-02,2.665834842508400110e-02
4.425000000000011086e-10,-3.128069421818655666e-05,-4.535057936751603721e-05,4.147973780992603859e-02,6.028031438702294645e-03,5.989310651308156139e-03,5.574202968305045844e-03,8.131518704534084841e-07,2.216603652175091235e-06,2.356317134408706659e-01,2.613800108660320823e-02,2.595233413899485087e-02,2.668390988297353328e-02
4.462500000000011215e-10,-3.127281224377639662e-05,-4.532666523861700629e-05,4.194911715352275805e-02,6.080050016714451042e-03,6.040965095670799111e-03,5.618089307528566570e-03,8.141835648518015972e-07,2.218729723779176255e-06,2.367563920188733018e-01,2.616132327265452764e-02,2.597568219024340430e-02,2.670904911853794195e-02
4.500000000000011344e-10,-3.126489997655189807e-05,-4.530269739246913240e-05,4.242033757336410166e-02,6.132071381322780866e-03,6.092622752833880967e-03,5.661907516074660314e-03,8.151957424453693478e-07,2.220812063096155403e-06,2.378810630780789359e-01,2.618425253325034133e-02,2.599863692367098550e-02,2.673377670813973511e-02
4.537500000000011473e-10,-3.125695774379869070e-05,-4.527867666038790751e-05,4.289339452707566919e-02,6.184094585138914107e-03,6.144282674312147828e-03,5.705656654533698864e-03,8.161888950992188653e-07,2.222851908108720029e-06,2.390057267977329647e-01,2.620679874407632129e-02,2.602120822444926873e-02,2.675810288859070338e-02
4.575000000000011602e-10,-3.124898586978123419e-05,-4.525460386293896585e-05,4.336828346896676178e-02,6.236118703031581431e-03,6.195943933892619250e-03,5.749335808797145959e-03,8.171635092162873914e-07,2.224850445324593395e-06,2.401303833516017505e-01,2.622897146082523931e-02,2.604340565565146579e-02,2.678203757120781875e-02
4.612500000000011731e-10,-3.124098467570647034e-05,-4.523047981042305427e-05,4.384499985020337554e-02,6.288142831437751150e-03,6.247605626940678017e-03,5.792944089346544444e-03,8.181200683124274721e-07,2.226808822546368896e-06,2.412550329081879774e-01,2.625077993111011448e-02,2.606523847296048774e-02,2.680559034778051339e-02
4.650000000000011860e-10,-3.123295447975886312e-05,-4.520630530292271394e-05,4.432353911897923132e-02,6.340166087696369641e-03,6.299266869742458155e-03,5.836480630562987902e-03,8.190590276189202456e-07,2.228728158489447203e-06,2.423796756309367917e-01,2.627223310828049468e-02,2.608671563641496577e-02,2.682877050107992586e-02
4.687500000000011989e-10,-3.122489559760082572e-05,-4.518208113040453420e-05,4.480389672068614548e-02,6.392187609418137177e-03,6.350926798863470828e-03,5.879944590064153584e-03,8.199808165574277866e-07,2.230609538825636847e-06,2.435043116783882355e-01,2.629333966173245246e-02,2.610784581992995484e-02,2.685158701951555552e-02
4.725000000000012118e-10,-3.121680834210292365e-05,-4.515780807289891999e-05,4.528606809808206207e-02,6.444206553865956637e-03,6.402584570531525028e-03,5.923335148072236822e-03,8.208858665843174463e-07,2.232454007451660770e-06,2.446289412043094191e-01,2.631410798418774843e-02,2.612863742137623915e-02,2.687404860986082611e-02
4.762500000000012247e-10,-3.120869302347667592e-05,-4.513348690101657873e-05,4.577004869145799570e-02,6.496222097360185299e-03,6.454239360041503192e-03,5.966651506801558084e-03,8.217745990014714943e-07,2.234262558421411449e-06,2.457535643578978857e-01,2.633454620387208275e-02,2.614909857495767431e-02,2.689616370810820473e-02
4.800000000000012376e-10,-3.120054994921240996e-05,-4.510911837637362240e-05,4.625583393880299682e-02,6.548233434710423566e-03,6.505890361192972517e-03,6.009892889873766873e-03,8.226474072888230829e-07,2.236036143868002718e-06,2.468781812839758727e-01,2.635466219621924316e-02,2.616923716275496026e-02,2.691794048896005084e-02
4.837500000000012505e-10,-3.119237942425364871e-05,-4.508470325182132351e-05,4.674341927596843693e-02,6.600239778670976588e-03,6.557536785743965646e-03,6.053058541746030030e-03,8.235046720433374242e-07,2.237775693733054299e-06,2.480027921231261201e-01,2.637446359382175642e-02,2.618906082197705251e-02,2.693938687473405522e-02
4.875000000000012634e-10,-3.118418175092037628e-05,-4.506024227151481294e-05,4.723280013683053835e-02,6.652240359417822130e-03,6.609177862881959395e-03,6.096147727164991960e-03,8.243467755313224274e-07,2.239482108123940624e-06,2.491273970118485781e-01,2.639395779420415297e-02,2.620857695623516476e-02,2.696051054825497617e-02
4.912500000000012763e-10,-3.117595722903461562e-05,-4.503573617127943176e-05,4.772397195345053772e-02,6.704234424038470891e-03,6.660812838726149626e-03,6.139159730649058552e-03,8.251740833816106414e-07,2.241156241935873795e-06,2.502519960826880552e-01,2.641315196768194429e-02,2.622779274356687451e-02,2.698131896055395301e-02
4.950000000000012892e-10,-3.116770615595177552e-05,-4.501118567883545253e-05,4.821693015623522427e-02,6.756221236043587208e-03,6.712440975833898135e-03,6.182093855976480284e-03,8.259869464320402580e-07,2.242798917715447366e-06,2.513765894643872900e-01,2.643205306730534929e-02,2.624671514486970336e-02,2.700181933812017404e-02
4.987500000000013021e-10,-3.115942882663174718e-05,-4.498659151414340443e-05,4.871167017409455680e-02,6.808200074900421297e-03,6.764061552740058617e-03,6.224949425698926217e-03,8.267857124990151839e-07,2.244410938724472924e-06,2.525011772820306977e-01,2.645066783740119762e-02,2.626535091259425345e-02,2.702201869204920448e-02
5.025000000000013150e-10,-3.115112553361972062e-05,-4.496195438937766617e-05,4.920818743459875327e-02,6.860170235581376091e-03,6.815673863500584795e-03,6.267725780665976340e-03,8.275707249206219231e-07,2.245993096084286254e-06,2.536257596571666606e-01,2.646900282129341017e-02,2.628370659792688899e-02,2.704192382413522083e-02
5.062500000000013279e-10,-3.114279656709334742e-05,-4.493727500899363911e-05,4.970647736413362494e-02,6.912131028131672517e-03,6.867277217264063267e-03,6.310422279565219492e-03,8.283423219530779450e-07,2.247546156043331040e-06,2.547503367079110848e-01,2.648706436813413195e-02,2.630178855682013817e-02,2.706154133497952474e-02
5.100000000000013408e-10,-3.113444221488350326e-05,-4.491255407000990406e-05,5.020653538805537608e-02,6.964081777248253176e-03,6.918870937842276636e-03,6.353038298481264966e-03,8.291008310551532562e-07,2.249070853779191781e-06,2.558749085490441000e-01,2.650485863936270087e-02,2.631960295550348633e-02,2.708087763213651300e-02
5.137500000000013537e-10,-3.112606276253125593e-05,-4.488779226215965047e-05,5.070835693084244783e-02,7.016021821875820762e-03,6.970454363306274881e-03,6.395573230469423810e-03,8.298465601300902827e-07,2.250567907934560084e-06,2.569994752921342940e-01,2.652239161494384170e-02,2.633715577896583379e-02,2.709993893735703624e-02
5.175000000000013666e-10,-3.111765849342030741e-05,-4.486299026794628923e-05,5.121193741624788243e-02,7.067950514813530274e-03,7.022026845593570647e-03,6.438026485144358185e-03,8.305798049210248160e-07,2.252038028543721547e-06,2.581240370456742705e-01,2.653966910121333470e-02,2.635445283885501366e-02,2.711873129674821636e-02
5.212500000000013795e-10,-3.110922968876750707e-05,-4.483814876277415323e-05,5.171727226744759348e-02,7.119867222344551834e-03,7.073587750139826227e-03,6.480397488291804280e-03,8.313008602998819916e-07,2.253481894360550024e-06,2.592485939151772389e-01,2.655669673674857997e-02,2.637149977914732962e-02,2.713726058165708346e-02
5.250000000000013924e-10,-3.110077662754985107e-05,-4.481326841535857649e-05,5.222435690719102325e-02,7.171771323868501857e-03,7.125136455510906568e-03,6.522685681471154968e-03,8.320100165556575859e-07,2.254900144968199205e-06,2.603731460032389644e-01,2.657347999626485588e-02,2.638830208024430315e-02,2.715553249132781483e-02
5.287500000000014053e-10,-3.109229958649234595e-05,-4.478834988783653024e-05,5.273318675794799043e-02,7.223662211549223937e-03,7.176672353051040919e-03,6.564890521643419741e-03,8.327075523310068807e-07,2.256293395978705671e-06,2.614976934096756578e-01,2.659002419923917754e-02,2.640486506621230259e-02,2.717355256476361794e-02
5.325000000000014182e-10,-3.108379884028106803e-05,-4.476339383589005933e-05,5.324375724205467758e-02,7.275539289982727205e-03,7.228194846546394034e-03,6.607011480813053741e-03,8.333937296256345765e-07,2.257662240321813897e-06,2.626222362316167347e-01,2.660633451427999244e-02,2.642119391135411971e-02,2.719132618823217815e-02
5.362500000000014311e-10,-3.107527466171007948e-05,-4.473840090887180572e-05,5.375606378185778661e-02,7.327401975864876633e-03,7.279703351901485597e-03,6.649048045684605689e-03,8.340687991713727526e-07,2.259007260989308612e-06,2.637467745635839744e-01,2.662241596366864485e-02,2.643729364508800445e-02,2.720885859725431788e-02
5.400000000000014440e-10,-3.106672732161482449e-05,-4.471337174974525543e-05,5.427010179985873595e-02,7.379249697680565281e-03,7.331197296824446333e-03,6.690999717318127198e-03,8.347330085173847874e-07,2.260329028833694758e-06,2.648713084975904963e-01,2.663827343056058422e-02,2.645316915616112430e-02,2.722615487893834813e-02
5.437500000000014569e-10,-3.105815708887618145e-05,-4.468830699530053536e-05,5.478586671885563031e-02,7.431081895401334646e-03,7.382676120522894958e-03,6.732866010799508534e-03,8.353865933521908407e-07,2.261628093258499024e-06,2.659958381232186975e-01,2.665391166332956377e-02,2.646882519758661512e-02,2.724321998060843381e-02
5.475000000000014698e-10,-3.104956423059469426e-05,-4.466320727628463961e-05,5.530335396208375248e-02,7.482898020193227279e-03,7.434139273410624200e-03,6.774646454927367098e-03,8.360297832139879017e-07,2.262904979801525602e-06,2.671203635276873101e-01,2.666933527880570309e-02,2.648426639138348054e-02,2.726005871603015551e-02
5.512500000000014827e-10,-3.104094901194645470e-05,-4.463807321761204244e-05,5.582255895335525020e-02,7.534697534129607653e-03,7.485586216823805240e-03,6.816340591908285132e-03,8.366628076376559785e-07,2.264160197585747628e-06,2.682448847959152394e-01,2.668454876608357049e-02,2.649949723239757374e-02,2.727667576623504786e-02
5.550000000000014956e-10,-3.103231169625112943e-05,-4.461290543839128162e-05,5.634347711719766422e-02,7.586479909916388903e-03,7.537016422744316664e-03,6.857947977051893039e-03,8.372858885895239874e-07,2.265394247742829616e-06,2.693694020105975584e-01,2.669955649152563198e-02,2.651452209213525993e-02,2.729307568318302055e-02
5.587500000000015085e-10,-3.102365254498175160e-05,-4.458770455199387978e-05,5.686610387899104779e-02,7.638244630626129204e-03,7.588429373533040270e-03,6.899468178481540925e-03,8.378992431500010239e-07,2.266607619023535059e-06,2.704939152522865542e-01,2.671436270340367750e-02,2.652934522351391849e-02,2.730926289601888837e-02
5.625000000000015214e-10,-3.101497181780440949e-05,-4.456247116611502585e-05,5.739043466510344166e-02,7.689991189442768951e-03,7.639824561673503635e-03,6.940900776853033138e-03,8.385030814697028015e-07,2.267800793058515930e-06,2.716184245994614499e-01,2.672897153621152030e-02,2.654397076459412766e-02,2.732524171528940074e-02
5.662500000000015343e-10,-3.100626977267404929e-05,-4.453720588269976122e-05,5.791646490302566896e-02,7.741719089414289545e-03,7.691201489521270682e-03,6.982245365082768475e-03,8.390976082848410284e-07,2.268974236373570258e-06,2.727429301285907992e-01,2.674338701368863744e-02,2.655840274267296311e-02,2.734101633675468587e-02
5.700000000000015472e-10,-3.099754666578021759e-05,-4.451190929823636486e-05,5.844419002150412490e-02,7.793427843211263306e-03,7.742559669065733792e-03,7.023501548083203525e-03,8.396830215085127481e-07,2.270128388725083644e-06,2.738674319141872759e-01,2.675761305228961315e-02,2.657264507742134949e-02,2.735659084358928184e-02
5.737500000000015601e-10,-3.098880275167469224e-05,-4.448658200389015739e-05,5.897360545067331650e-02,7.845116972895041507e-03,7.793898621693776813e-03,7.064668942502204396e-03,8.402595118150477202e-07,2.271263673943429962e-06,2.749919300288686252e-01,2.677165346481340941e-02,2.658670158421531232e-02,2.737196921141287279e-02
5.775000000000015730e-10,-3.098003828322941540e-05,-4.446122458559876862e-05,5.950470662218600160e-02,7.896786009691833530e-03,7.845217877965660058e-03,7.105747176477622377e-03,8.408272707955160750e-07,2.272380507363059665e-06,2.761164245434310494e-01,2.678551196365536874e-02,2.660057597908020710e-02,2.738715531223821081e-02
5.812500000000015859e-10,-3.097125351160381830e-05,-4.443583762416387456e-05,6.003748896934287677e-02,7.948434493774688553e-03,7.896516977399178211e-03,7.146735889393155024e-03,8.413864882915531983e-07,2.273479291034232700e-06,2.772409155269071612e-01,2.679919216477703869e-02,2.661427188139796340e-02,2.740215291580986451e-02
5.850000000000015988e-10,-3.096244868627080830e-05,-4.441042169536949067e-05,6.057194792722092602e-02,8.000061974054917605e-03,7.947795468257976351e-03,7.187634731640601439e-03,8.419373451796317441e-07,2.274560418511278816e-06,2.783654030466067852e-01,2.681269759009857756e-02,2.662779281634582509e-02,2.741696569602755304e-02
5.887500000000016117e-10,-3.095362405505548838e-05,-4.438497736995017763e-05,6.110807893279979891e-02,8.051668007974693494e-03,7.999052907346539468e-03,7.228443364398682430e-03,8.424800150922122539e-07,2.275624279385931453e-06,2.794898871681576469e-01,2.682603166966534072e-02,2.664114221761270523e-02,2.743159723510991271e-02
5.925000000000016246e-10,-3.094477986414152689e-05,-4.435950521360088050e-05,6.164587742508725876e-02,8.103252161307859455e-03,8.050288859810133743e-03,7.269161459411605658e-03,8.430146663797221849e-07,2.276671256018339607e-06,2.806143679555606618e-01,2.683919774502172700e-02,2.665432343022482858e-02,2.744605102372243977e-02
5.962500000000016375e-10,-3.093591635812222343e-05,-4.433400578702538573e-05,6.218533884524436728e-02,8.154814007967343611e-03,8.101502898942389286e-03,7.309788698771574680e-03,8.435414626703972537e-07,2.277701717278097436e-06,2.817388454712613233e-01,2.685219907275973247e-02,2.666733971485833049e-02,2.746033046400284117e-02
6.000000000000016504e-10,-3.092703378002148820e-05,-4.430847964615115586e-05,6.272645863670778255e-02,8.206353129821394518e-03,8.152694606002956410e-03,7.350324774710614330e-03,8.440605643566379121e-07,2.278716016044663584e-06,2.828633197762174256e-01,2.686503882837327356e-02,2.668019425140143522e-02,2.747443887317386688e-02
6.037500000000016633e-10,-3.091813237129239860e-05,-4.428292734226042988e-05,6.326923224531208478e-02,8.257869116516873553e-03,8.203863570039675659e-03,7.390769389397228162e-03,8.445721279623604383e-07,2.279714497581894619e-06,2.839877909299074465e-01,2.687772010768732164e-02,2.669289013892753651e-02,2.748837948508394205e-02
6.075000000000016762e-10,-3.090921237182828527e-05,-4.425734942190554704e-05,6.381365511941061719e-02,8.309361565301853422e-03,8.255009387708397289e-03,7.431122254735602478e-03,8.450763068268066355e-07,2.280697500204565092e-06,2.851122589903473115e-01,2.689024592754464538e-02,2.670543039728221282e-02,2.750215545233285555e-02
6.112500000000016891e-10,-3.090027401995246598e-05,-4.423174642696734468e-05,6.435972270999514022e-02,8.360830080853139806e-03,8.306131663102851725e-03,7.471383092171871541e-03,8.455732514817547083e-07,2.281665352084518003e-06,2.862367240141540092e-01,2.690261922883912735e-02,2.671781797095889449e-02,2.751576984940982268e-02
6.150000000000017020e-10,-3.089131755243942830e-05,-4.420611889472322582e-05,6.490743047081408423e-02,8.412274275111880292e-03,8.357230007589862980e-03,7.511551632505717932e-03,8.460631076839870870e-07,2.282618372896124553e-06,2.873611860565969955e-01,2.691484287975945411e-02,2.673005573151948297e-02,2.752922567531530113e-02
6.187500000000017149e-10,-3.088234320454839236e-05,-4.418046735791175727e-05,6.545677385848992780e-02,8.463693767124526660e-03,8.408304039649637865e-03,7.551627615707375701e-03,8.465460169870546079e-07,2.283556876598702678e-06,2.884856451716311665e-01,2.692691967790590557e-02,2.674214647928906813e-02,2.754252585536072148e-02
6.225000000000017278e-10,-3.087335121005017880e-05,-4.415479234472041812e-05,6.600774833263504948e-02,8.515088182887771417e-03,8.459353384718669433e-03,7.591610790737223467e-03,8.470221131796452712e-07,2.284481169860608858e-06,2.896101014119472072e-01,2.693885235240528822e-02,2.675409294682202024e-02,2.755567324334511070e-02
6.262500000000017407e-10,-3.086434180133052640e-05,-4.412909437891722193e-05,6.656034935596649715e-02,8.566457155198870660e-03,8.510377675043806836e-03,7.631500915372329413e-03,8.474915245829171655e-07,2.285391548013981558e-06,2.907345548290112824e-01,2.695064356611521703e-02,2.676589780102077779e-02,2.756867062428123780e-02
6.300000000000017536e-10,-3.085531520937153196e-05,-4.410337397994527268e-05,6.711457239441936951e-02,8.617800323509774638e-03,8.561376549534685867e-03,7.671297756036757169e-03,8.479543810479833342e-07,2.286288296003770494e-06,2.918590054730801908e-01,2.696229591722250699e-02,2.677756364349985138e-02,2.758152071613441392e-02
6.337500000000017665e-10,-3.084627166368103480e-05,-4.407763166298711219e-05,6.767041291725967023e-02,8.669117333784273280e-03,8.612349653620813769e-03,7.711001087635455629e-03,8.484108102685910093e-07,2.287171688778340793e-06,2.929834533932311746e-01,2.697381194074635960e-02,2.678909301251812189e-02,2.759422617203665870e-02
6.375000000000017794e-10,-3.083721139235014728e-05,-4.405186793900521503e-05,6.822786639719505275e-02,8.720407838358984129e-03,8.663296639111642966e-03,7.750610693393884636e-03,8.488609311245742816e-07,2.288041991171142493e-06,2.941078986374064397e-01,2.698519411111121452e-02,2.680048838526181629e-02,2.760678958284148304e-02
6.412500000000017923e-10,-3.082813462211312304e-05,-4.402608331480182299e-05,6.878692831048506540e-02,8.771671495811090083e-03,8.714217164063429305e-03,7.790126364702113643e-03,8.493048604233486708e-07,2.288899464300888102e-06,2.952323412524561208e-01,2.699644484430991850e-02,2.681175218030279819e-02,2.761921347816823427e-02
6.450000000000018052e-10,-3.081904157828167475e-05,-4.400027829300201114e-05,6.934759413704973119e-02,8.822907970828837085e-03,8.765110892649960461e-03,7.829547900959653306e-03,8.497427197518045807e-07,2.289744366679007521e-06,2.963567812841578220e-01,2.700756649880907759e-02,2.682288675900939418e-02,2.763150032747891532e-02
6.487500000000018181e-10,-3.080993248471743530e-05,-4.397445337210941586e-05,6.990985936057782235e-02,8.874116934083743982e-03,8.815977495035641834e-03,7.868875109424780870e-03,8.501746260281765454e-07,2.290576950077909417e-06,2.974812187772438721e-01,2.701856137744668498e-02,2.683389442666682390e-02,2.764365254268869032e-02
6.525000000000018310e-10,-3.080080756390763514e-05,-4.394860904655476641e-05,7.047371946863301151e-02,8.925298062109048719e-03,8.866816647251071770e-03,7.908107805069449631e-03,8.506006886951691655e-07,2.291397460218511090e-06,2.986056537754301354e-01,2.702943172921365780e-02,2.684477743403851369e-02,2.765567248019973334e-02
6.562500000000018439e-10,-3.079166703698638655e-05,-4.392274580675327314e-05,7.103916995275924573e-02,8.976451037179677614e-03,8.917628031072807882e-03,7.947245810436676453e-03,8.510210159337162699e-07,2.292206136132927496e-06,2.997300863214517608e-01,2.704017975063274098e-02,2.685553797971874240e-02,2.766756244161652431e-02
6.600000000000018568e-10,-3.078251112371583882e-05,-4.389686413913669274e-05,7.160620630858512137e-02,9.027575547196513284e-03,8.968411333909021010e-03,7.986288955499989267e-03,8.514357144324524295e-07,2.293003208891956712e-06,3.008545164570952113e-01,2.705080758745767588e-02,2.686617821200249639e-02,2.767932467492973531e-02
6.637500000000018697e-10,-3.077334004252263455e-05,-4.387096452623546333e-05,7.217482403592695439e-02,9.078671285573641087e-03,9.019166248687095558e-03,8.025237077526427287e-03,8.518448865015633854e-07,2.293788904456396118e-06,3.019789442232215237e-01,2.706131733624439484e-02,2.687670022996057478e-02,2.769096137673906360e-02
6.675000000000018826e-10,-3.076415401053658180e-05,-4.384504744665742703e-05,7.274501863889065723e-02,9.129737951130012172e-03,9.069892473743896080e-03,8.064090020944247525e-03,8.522486332155120644e-07,2.294563448170830016e-06,3.031033696597839056e-01,2.707171104489932562e-02,2.688710608476542821e-02,2.770247469385153649e-02
6.712500000000018955e-10,-3.075495324352119737e-05,-4.381911337506406556e-05,7.331678562597294946e-02,9.180775247978988432e-03,9.120589712719414863e-03,8.102847637212636650e-03,8.526470549650160696e-07,2.295327060065368262e-06,3.042277928058477188e-01,2.708199071429002319e-02,2.689739778048481564e-02,2.771386672432984630e-02
6.750000000000019084e-10,-3.074573795590578566e-05,-4.379316278227446846e-05,7.389012051016048688e-02,9.231782885426031982e-03,9.171257674450844499e-03,8.141509784694411778e-03,8.530402494869439127e-07,2.296079951551821356e-06,3.053522136996230651e-01,2.709215830048219281e-02,2.690757727528515775e-02,2.772513951879561345e-02
6.787500000000019213e-10,-3.073650836078419858e-05,-4.376719613529665980e-05,7.446501880902867132e-02,9.282760577867905580e-03,9.221896072871120856e-03,8.180076328531153337e-03,8.534283126558977963e-07,2.296822328404734653e-06,3.064766323784882673e-01,2.710221571555710904e-02,2.691764648320590231e-02,2.773629508184170811e-02
6.825000000000019342e-10,-3.072726466991940278e-05,-4.374121389736173693e-05,7.504147604483940581e-02,9.333708044694334627e-03,9.272504626910435879e-03,8.218547140521776165e-03,8.538113385583527136e-07,2.297554389166428702e-06,3.076010488790272834e-01,2.711216482969875524e-02,2.692760727605873067e-02,2.774733537449933576e-02
6.862500000000019471e-10,-3.071800709371582571e-05,-4.371521652798346098e-05,7.561948774463669865e-02,9.384625010195999165e-03,9.323083060402633654e-03,8.256922099006405377e-03,8.541894187730240332e-07,2.298276327205062310e-06,3.087254632370338703e-01,2.712200747140637580e-02,2.693746148381003652e-02,2.775826231464381677e-02
6.900000000000019600e-10,-3.070873584127013691e-05,-4.368920448298906176e-05,7.619904944034197602e-02,9.435511203467321709e-03,9.373631101988891615e-03,8.295201088748168847e-03,8.545626423448703633e-07,2.298988334095740729e-06,3.098498754875149142e-01,2.713174542755811963e-02,2.694721089506136452e-02,2.776907777749935274e-02
6.937500000000019729e-10,-3.069945112040903251e-05,-4.366317821451601224e-05,7.678015666884879797e-02,9.486366358315118444e-03,9.424148485026581645e-03,8.333384000820330886e-03,8.549310964264906164e-07,2.299690597067443161e-06,3.109742856647275677e-01,2.714138044538826414e-02,2.695685725888183337e-02,2.777978359730931199e-02
6.975000000000019858e-10,-3.069015313768201847e-05,-4.363713817107187651e-05,7.736280497211545093e-02,9.537190213169647809e-03,9.474634947500523360e-03,8.371470732494314115e-03,8.552948656755922049e-07,2.300383297673838325e-06,3.120986938021989565e-01,2.715091423368522910e-02,2.696640228588872631e-02,2.779038156797567632e-02
7.012500000000019987e-10,-3.068084209836442603e-05,-4.361108479757690539e-05,7.794698989725655502e-02,9.587982510998353108e-03,9.525090231936466506e-03,8.409461187130453513e-03,8.556540324615315542e-07,2.301066612784228302e-06,3.132230999327462739e-01,2.716034846388262064e-02,2.697584764931969942e-02,2.780087344439310590e-02
7.050000000000020116e-10,-3.067151820646697301e-05,-4.358501853539560703e-05,7.853270699663467136e-02,9.638742999221662500e-03,9.575514085316901361e-03,8.447355274071364703e-03,8.560086774806191653e-07,2.301740713979424311e-06,3.143475040884983196e-01,2.716968477112335217e-02,2.698519498624659188e-02,2.781126094352330547e-02
7.087500000000020245e-10,-3.066218166474128648e-05,-4.355893982233348074e-05,7.911995182794931414e-02,9.689471429631292196e-03,9.625906258999590917e-03,8.485152908537071242e-03,8.563588813512385076e-07,2.302405769097246410e-06,3.154719063009171487e-01,2.717892475583793405e-02,2.699444589838190245e-02,2.782154574560524035e-02
7.125000000000020374e-10,-3.065283267466681100e-05,-4.353284909269976522e-05,7.970871995432596280e-02,9.740167558312657486e-03,9.676266508636973893e-03,8.522854011523375850e-03,8.567047226593581515e-07,2.303061943216982456e-06,3.165963066008051774e-01,2.718806998392434005e-02,2.700360195271180389e-02,2.783172949507061941e-02
7.162500000000020503e-10,-3.064347143648075294e-05,-4.350674677733398115e-05,8.029900694440327003e-02,9.790831145564168198e-03,9.726594594097810742e-03,8.560458509701367874e-03,8.570462764705489894e-07,2.303709397362614550e-06,3.177207050183178394e-01,2.719712198705803718e-02,2.701266468257417300e-02,2.784181380128877836e-02
7.200000000000020632e-10,-3.063409814918126534e-05,-4.348063330363639731e-05,8.089080837242008937e-02,9.841461955821206170e-03,9.776890279391072663e-03,8.597966335319194575e-03,8.573836161789724565e-07,2.304348288833002635e-06,3.188451015829871782e-01,2.720608226427134388e-02,2.702163558862699308e-02,2.785180023961186455e-02
7.237500000000020761e-10,-3.062471301053817468e-05,-4.345450909559263515e-05,8.148411981830040729e-02,9.892059757581998791e-03,9.827153332591648596e-03,8.635377426105875914e-03,8.577168073672149793e-07,2.304978770638797331e-06,3.199694963237391665e-01,2.721495228244812450e-02,2.703051614018289403e-02,2.786169035281989628e-02
7.275000000000020890e-10,-3.061531621723305311e-05,-4.342837457381620343e-05,8.207893686773805320e-02,9.942624323334698158e-03,9.877383525769665648e-03,8.672691725178266128e-03,8.580459127962912047e-07,2.305600992131988695e-06,3.210938892689079727e-01,2.722373347744066682e-02,2.703930777566135660e-02,2.787148565153708263e-02
7.312500000000021019e-10,-3.060590796475779802e-05,-4.340223015556150864e-05,8.267525511227925838e-02,9.993155429487301719e-03,9.927580634918420008e-03,8.709909180947576421e-03,8.583710002634703962e-07,2.306215099497534312e-06,3.222182804462502270e-01,2.723242725537092235e-02,2.704801190283366227e-02,2.788118761445796193e-02
7.350000000000021148e-10,-3.059648844738680878e-05,-4.337607625475626584e-05,8.327307014940606156e-02,1.004365285629912896e-02,9.977744439885116376e-03,8.747029747028728722e-03,8.586921376926769599e-07,2.306821235325766899e-06,3.233426698829602874e-01,2.724103499312212698e-02,2.705662989998182041e-02,2.789079768959913663e-02
7.387500000000021277e-10,-3.058705785818504366e-05,-4.334991328202375196e-05,8.387237758261691101e-02,1.009411638781362343e-02,1.002787472430357631e-02,8.784053382151475395e-03,8.590093913930415268e-07,2.307419539426708061e-06,3.244670576056822853e-01,2.724955803890875133e-02,2.706516311670532568e-02,2.790031729504568667e-02
7.425000000000021406e-10,-3.057761638901424726e-05,-4.332374164470305323e-05,8.447317302150643414e-02,1.014454581179257894e-02,1.007797127552837943e-02,8.820980050072915399e-03,8.593228264411194881e-07,2.308010148762447959e-06,3.255914436405255019e-01,2.725799771303282631e-02,2.707361287466863997e-02,2.790974781972073784e-02
7.462500000000021535e-10,-3.056816423054123784e-05,-4.329756174687521481e-05,8.507545208184522090e-02,1.019494091965215607e-02,1.012803388457080879e-02,8.857809719491975889e-03,8.596325063813462636e-07,2.308593198058113562e-06,3.267158280130768033e-01,2.726635530833194931e-02,2.708198046859928640e-02,2.791909062453432067e-02
7.500000000000021664e-10,-3.055870157225275415e-05,-4.327137398933634578e-05,8.567921038565784464e-02,1.024530150639933399e-02,1.017806234603712071e-02,8.894542363966325901e-03,8.599384928651572209e-07,2.309168819456143681e-06,3.278402107484133521e-01,2.727463209106451014e-02,2.709026716674812693e-02,2.792834704282364661e-02
7.537500000000021793e-10,-3.054922860245431701e-05,-4.324517876965992011e-05,8.628444356129957860e-02,1.029562737057156639e-02,1.022805645806658392e-02,8.931177961829435755e-03,8.602408463469167206e-07,2.309737141337222491e-06,3.289645918711157080e-01,2.728282930197251099e-02,2.709847421123969327e-02,2.793751838064343837e-02
7.575000000000021922e-10,-3.053974550826623127e-05,-4.321897648222924177e-05,8.689114724353269592e-02,1.034591831417737418e-02,1.027801602227152930e-02,8.967716496109560259e-03,8.605396260993036230e-07,2.310298288956719762e-06,3.300889714052798740e-01,2.729094815670538368e-02,2.710660281890393125e-02,2.794660591770193811e-02
7.612500000000022051e-10,-3.053025247564077727e-05,-4.319276751826511894e-05,8.749931707360156241e-02,1.039617414263813155e-02,1.032794084367882372e-02,9.004157954450434098e-03,8.608348910319211979e-07,2.310852384896159418e-06,3.312133493745291757e-01,2.729898984635658818e-02,2.711465418204496783e-02,2.795561090818922054e-02
7.650000000000022180e-10,-3.052074968933980845e-05,-4.316655226583764119e-05,8.810894869930635531e-02,1.044639466473099541e-02,1.037783073067310470e-02,9.040502329033656831e-03,8.611266997930833796e-07,2.311399549168095769e-06,3.323377258020259184e-01,2.730695553811304452e-02,2.712262946907401107e-02,2.796453458139728718e-02
7.687500000000022309e-10,-3.051123733294157844e-05,-4.314033110989432809e-05,8.872003777507680988e-02,1.049657969253343578e-02,1.042768549494106113e-02,9.076749616502153423e-03,8.614151089704999464e-07,2.311939898639321346e-06,3.334621007104849877e-01,2.731484637599685544e-02,2.713052982506668903e-02,2.797337814194999009e-02
7.725000000000022438e-10,-3.050171558884079531e-05,-4.311410443228818966e-05,8.933257996204316265e-02,1.054672904136942820e-02,1.047750495141697505e-02,9.112899817884097947e-03,8.617001742768312677e-07,2.312473546759047247e-06,3.345864741221810101e-01,2.732266348117040611e-02,2.713835637239668183e-02,2.798214277036115832e-02
7.762500000000022567e-10,-3.049218463825320908e-05,-4.308787261180024397e-05,8.994657092810826038e-02,1.059684252975538754e-02,1.052728891822979872e-02,9.148952938519494885e-03,8.619819499007933038e-07,2.313000604937974421e-06,3.357108460589573462e-01,2.733040795242670101e-02,2.714611021120382980e-02,2.799082962404905381e-02
7.800000000000022696e-10,-3.048264466125792606e-05,-4.306163602416549050e-05,9.056200634801715721e-02,1.064691997934841781e-02,1.057703721665087179e-02,9.184908987988092688e-03,8.622604873485080132e-07,2.313521182933541196e-06,3.368352165422391908e-01,2.733808086695172293e-02,2.715379241990950598e-02,2.799943983794654645e-02
7.837500000000022825e-10,-3.047309583680685841e-05,-4.303539504209257486e-05,9.117888190342618437e-02,1.069696121489547951e-02,1.062674967104309739e-02,9.220767980038247977e-03,8.625358373861768057e-07,2.314035388266249811e-06,3.379595855930422887e-01,2.734568328080673114e-02,2.716140405571908570e-02,2.800797452505121923e-02
7.875000000000022954e-10,-3.046353834271350939e-05,-4.300915003527109367e-05,9.179719328297092362e-02,1.074696606418379038e-02,1.067642610881091962e-02,9.256529932517323228e-03,8.628080503137941569e-07,2.314543326548721780e-06,3.390839532319819272e-01,2.735321622942558928e-02,2.716894615508915964e-02,2.801643477695360887e-02
7.912500000000023083e-10,-3.045397235565084563e-05,-4.298290137038120998e-05,9.241693618233352836e-02,1.079693435799208324e-02,1.072606636035150149e-02,9.292194867302957031e-03,8.630771760031184011e-07,2.315045101912416146e-06,3.402083194792809850e-01,2.736068072802749079e-02,2.717641973425429305e-02,2.802482166418615236e-02
7.950000000000023212e-10,-3.044439805114740753e-05,-4.295664941110362799e-05,9.303810630430890682e-02,1.084686593004283856e-02,1.077567025900699922e-02,9.327762810235383853e-03,8.633432623177723258e-07,2.315540816560494343e-06,3.413326843547819234e-01,2.736807777221404725e-02,2.718382578975287941e-02,2.803313623680300445e-02
7.987500000000023341e-10,-3.043481560362862077e-05,-4.293039451813968467e-05,9.366069935886976727e-02,1.089676061695605061e-02,1.082523764101799880e-02,9.363233791051455562e-03,8.636063548431413051e-07,2.316030570140219604e-06,3.424570478779553895e-01,2.737540833837302096e-02,2.719116529897697490e-02,2.804137952483940627e-02
8.025000000000023470e-10,-3.042522518643112471e-05,-4.290413704923825151e-05,9.428471106323102480e-02,1.094661825820330073e-02,1.087476834547808184e-02,9.398607843319289196e-03,8.638664990145944022e-07,2.316514459543175770e-06,3.435814100679075445e-01,2.738267338407738422e-02,2.719843922064789019e-02,2.804955253868001222e-02
8.062500000000023599e-10,-3.041562697179053787e-05,-4.287787735923431179e-05,9.491013714191295914e-02,1.099643869606342465e-02,1.092426221428925183e-02,9.433885004373971164e-03,8.641237401004014083e-07,2.316992579295007476e-06,3.447057709433912764e-01,2.738987384876684708e-02,2.720564849522610212e-02,2.805765626960987982e-02
8.100000000000023728e-10,-3.040602113082912849e-05,-4.285161580005917919e-05,9.553697332680373411e-02,1.104622177557921386e-02,1.097371909211826077e-02,9.469065315254564241e-03,8.643781224946602319e-07,2.317465022122281706e-06,3.458301305228136391e-01,2.739701065414552883e-02,2.721279404530987586e-02,2.806569169030048022e-02
8.137500000000023857e-10,-3.039640783356037834e-05,-4.282535272075997955e-05,9.616521535722082070e-02,1.109596734451466678e-02,1.102313882635391415e-02,9.504148820642046094e-03,8.646296898357900315e-07,2.317931878834763768e-06,3.469544888242415137e-01,2.740408470442938157e-02,2.721987677602528619e-02,2.807365975515726045e-02
8.175000000000023986e-10,-3.038678724889173392e-05,-4.279908846751851598e-05,9.679485897997111565e-02,1.114567525331302406e-02,1.107252126706506287e-02,9.539135568798220999e-03,8.648784849742321556e-07,2.318393238372847746e-06,3.480788458654097139e-01,2.741109688678738249e-02,2.722689757544652714e-02,2.808156140076297283e-02
8.212500000000024115e-10,-3.037715954462474533e-05,-4.277282338366757933e-05,9.742589994941121267e-02,1.119534535505592454e-02,1.112186626695968461e-02,9.574025611505764324e-03,8.651245499680658999e-07,2.318849187880465712e-06,3.492032016637305891e-01,2.741804807182596226e-02,2.723385731505203328e-02,2.808939754638559161e-02
8.250000000000024244e-10,-3.036752488746879839e-05,-4.274655780970962359e-05,9.805833402750553651e-02,1.124497750542341641e-02,1.117117368134484985e-02,9.608819004009297449e-03,8.653679268871273774e-07,2.319299812379833849e-06,3.503275562362998530e-01,2.742493911389171091e-02,2.724075685011528164e-02,2.809716909436220725e-02
8.287500000000024373e-10,-3.035788344302658634e-05,-4.272029208333063687e-05,9.869215698388417168e-02,1.129457156265447834e-02,1.122044336808748245e-02,9.643515804957343909e-03,8.656086568408460880e-07,2.319745195146935378e-06,3.514519095999028564e-01,2.743177085143439983e-02,2.724759702001308681e-02,2.810487693036338788e-02
8.325000000000024502e-10,-3.034823537581903631e-05,-4.269402653941875580e-05,9.932736459589981692e-02,1.134412738750864916e-02,1.126967518757569439e-02,9.678116076344955160e-03,8.658467792303012735e-07,2.320185418172194679e-06,3.525762617710227476e-01,2.743854410745150824e-02,2.725437864856810818e-02,2.811252192379495862e-02
8.362500000000024631e-10,-3.033858084928002383e-05,-4.266776151008191774e-05,9.996395264868380981e-02,1.139364484322850403e-02,1.131886900268107808e-02,9.712619883457524611e-03,8.660823325916024585e-07,2.320620561884557996e-06,3.537006127658467447e-01,2.744525968985314993e-02,2.726110254436657845e-02,2.812010492828657948e-02
8.400000000000024760e-10,-3.032892002576621876e-05,-4.264149732466957865e-05,1.006019169352008885e-01,1.144312379550277772e-02,1.136802467872148441e-02,9.747027294815526280e-03,8.663153546489306541e-07,2.321050705137320887e-06,3.548249626002718538e-01,2.745191839179447063e-02,2.726776950106898564e-02,2.812762678204474773e-02
8.437500000000024889e-10,-3.031925306655654657e-05,-4.261523430979245915e-05,1.012412532563036482e-01,1.149256411243031011e-02,1.141714208342465078e-02,9.781338382120105188e-03,8.665458824571211076e-07,2.321475925218885537e-06,3.559493112899127509e-01,2.745852099192588880e-02,2.727438029793172874e-02,2.813508830807481126e-02
8.475000000000025018e-10,-3.030958013186119398e-05,-4.258897278933132654e-05,1.018819574207854156e-01,1.154196566448429523e-02,1.146622108689309902e-02,9.815553220199226339e-03,8.667739526159016518e-07,2.321896298355176661e-06,3.570736588501077224e-01,2.746506825470554011e-02,2.728093570018338271e-02,2.814249031454236702e-02
8.512500000000025147e-10,-3.029990138081265752e-05,-4.256271308443198718e-05,1.025240252454333312e-01,1.159132832447754176e-02,1.151526156156930554e-02,9.849671886955010253e-03,8.669996014783712304e-07,2.322311899944625384e-06,3.581980052959253813e-01,2.747156093082144326e-02,2.728743645923332670e-02,2.814983359520741718e-02
8.550000000000025276e-10,-3.029021697146824400e-05,-4.253645551350935898e-05,1.031674525550789479e-01,1.164065196752854178e-02,1.156426338220171296e-02,9.883694463311842177e-03,8.672228645571281578e-07,2.322722803384283217e-06,3.593223506421691082e-01,2.747799975743742129e-02,2.729388331295929532e-02,2.815711892958993809e-02
8.587500000000025405e-10,-3.028052706081866616e-05,-4.251020039229536605e-05,1.038122351826499951e-01,1.168993647102784840e-02,1.161322642581109378e-02,9.917621033164888966e-03,8.674437762504379201e-07,2.323129079972433600e-06,3.604466949033823808e-01,2.748438545844558017e-02,2.730027698598949670e-02,2.816434708329053002e-02
8.625000000000025534e-10,-3.027083180480547804e-05,-4.248394803386028394e-05,1.044583689692191453e-01,1.173918171460526690e-02,1.166215057165769994e-02,9.951451683329714040e-03,8.676623702941964030e-07,2.323530799678649879e-06,3.615710380938553237e-01,2.749071874482019243e-02,2.730661819000132148e-02,2.817151880840550529e-02
8.662500000000025663e-10,-3.026113135832054297e-05,-4.245769874862750508e-05,1.051058497640536271e-01,1.178838758009774328e-02,1.171103570120906288e-02,9.985186503492646942e-03,8.678786798005952517e-07,2.323928031124337273e-06,3.626953802276294825e-01,2.749700031489789656e-02,2.731290762402222363e-02,2.817863484378905006e-02
8.700000000000025792e-10,-3.025142587520785649e-05,-4.243145284438851439e-05,1.057546734246632980e-01,1.183755395151780444e-02,1.175988169810844065e-02,1.001882558616187455e-02,8.680927372704174013e-07,2.324320841614123905e-06,3.638197213185042633e-01,2.750323085465542980e-02,2.731914597470767175e-02,2.818569591534248256e-02
8.737500000000025921e-10,-3.024171550827184379e-05,-4.240521062631797994e-05,1.064048358168474123e-01,1.188668071502256909e-02,1.180868844814377504e-02,1.005236902661926605e-02,8.683045746062202977e-07,2.324709297169897981e-06,3.649440613800410405e-01,2.750941103798006451e-02,2.732533391661184224e-02,2.819270273629588888e-02
8.775000000000026050e-10,-3.023200040927645851e-05,-4.237897239699248939e-05,1.070563328147416671e-01,1.193576775888344384e-02,1.185745583921735298e-02,1.008581692287291616e-02,8.685142231310722662e-07,2.325093462555622467e-06,3.660684004255685409e-01,2.751554152693301211e-02,2.733147211245134239e-02,2.819965600748247994e-02
8.812500000000026179e-10,-3.022228072895354804e-05,-4.235273845639893895e-05,1.077091603008634574e-01,1.198481497345625993e-02,1.190618376131590689e-02,1.011916937561040987e-02,8.687217131637790411e-07,2.325473401639770318e-06,3.671927384681864526e-01,2.752162297190164503e-02,2.733756121326110997e-02,2.820655641749795703e-02
8.850000000000026308e-10,-3.021255661701211328e-05,-4.232650910194928534e-05,1.083633141661568683e-01,1.203382225115180032e-02,1.195487210648108443e-02,1.015242648815260947e-02,8.689270743317031973e-07,2.325849176979790446e-06,3.683170755207713087e-01,2.752765601198205181e-02,2.734360185868943069e-02,2.821340464308187343e-02
8.887500000000026437e-10,-3.020282822213478835e-05,-4.230028462850002075e-05,1.090187903100362510e-01,1.208278948640742999e-02,1.200352076878081521e-02,1.018558836640845108e-02,8.691303361616204532e-07,2.326220849626731103e-06,3.694414115959831491e-01,2.753364127530180325e-02,2.734959467740303088e-02,2.822020134946883613e-02
8.925000000000026566e-10,-3.019309569198429163e-05,-4.227406532836853754e-05,1.096755846404298684e-01,1.213171657565885984e-02,1.205212964428129842e-02,1.021865511883019752e-02,8.693315277932361874e-07,2.326588479597348935e-06,3.705657467062689614e-01,2.753957937912471232e-02,2.735554028727985032e-02,2.822694719051492204e-02
8.962500000000026695e-10,-3.018335917320188073e-05,-4.224785149134619962e-05,1.103336930738220006e-01,1.218060341731246922e-02,1.210069863101932014e-02,1.025162685636937625e-02,8.695306778623389373e-07,2.326952125735818998e-06,3.716900808638665121e-01,2.754547093011167069e-02,2.736143929557836169e-02,2.823364280894253425e-02
9.000000000000026824e-10,-3.017361881141323094e-05,-4.222164340471743123e-05,1.109931115352945641e-01,1.222944991171814356e-02,1.214922762897508758e-02,1.028450369243331074e-02,8.697278145517782304e-07,2.327311845588597499e-06,3.728144140808086759e-01,2.755131652455753560e-02,2.736729229915839737e-02,2.824028883655755467e-02
9.037500000000026953e-10,-3.016387475122841148e-05,-4.219544135327386571e-05,1.116538359585674267e-01,1.227825596114266553e-02,1.219771654004545361e-02,1.031728574284232480e-02,8.699229655312236008e-07,2.327667695695753697e-06,3.739387463689283209e-01,2.755711674859059185e-02,2.737309988470986929e-02,2.824688589451031587e-02
9.075000000000027082e-10,-3.015412713625109447e-05,-4.216924561932687489e-05,1.123158622860392919e-01,1.232702146974339920e-02,1.224616526801773284e-02,1.034997312578756108e-02,8.701161579005218020e-07,2.328019731749995252e-06,3.750630777398613058e-01,2.756287217837498707e-02,2.737886262897474068e-02,2.825343459353648473e-02
9.112500000000027211e-10,-3.014437610908075042e-05,-4.214305648271997638e-05,1.129791864688260844e-01,1.237574634354263528e-02,1.229457371854398087e-02,1.038256596178942920e-02,8.703074179309282417e-07,2.328368008511937830e-06,3.761874082050515322e-01,2.756858338038712178e-02,2.738458109895321527e-02,2.825993553409334932e-02
9.150000000000027340e-10,-3.013462181132013938e-05,-4.211687422084129512e-05,1.136438044667996278e-01,1.242443049040244454e-02,1.234294179911566564e-02,1.041506437365637486e-02,8.704967713224830248e-07,2.328712579892897489e-06,3.773117377757551072e-01,2.757425091160296826e-02,2.739025585209015415e-02,2.826638930659519308e-02
9.187500000000027469e-10,-3.012486438358081330e-05,-4.209069910863530667e-05,1.143097122486253642e-01,1.247307381999979842e-02,1.239126941903877926e-02,1.044746848644456140e-02,8.706842436811988229e-07,2.329053498737921495e-06,3.784360664630422866e-01,2.757987531960884309e-02,2.739588743647767069e-02,2.827279649171319034e-02
9.225000000000027598e-10,-3.011510396547987357e-05,-4.206453141862142447e-05,1.149769057917993526e-01,1.252167624380204174e-02,1.243955648940944445e-02,1.047977842741816372e-02,8.708698603047581503e-07,2.329390816803650273e-06,3.795603942778028594e-01,2.758545714281206152e-02,2.740147639106399469e-02,2.827915766055486349e-02
9.262500000000027727e-10,-3.010534069564428070e-05,-4.203837142091207217e-05,1.156453810826838791e-01,1.257023767504287549e-02,1.248780292308989716e-02,1.051199432601009759e-02,8.710536460530088029e-07,2.329724584913446403e-06,3.806847212307490902e-01,2.759099691066639951e-02,2.740702324583491750e-02,2.828547337482495080e-02
9.300000000000027855e-10,-3.009557471171587557e-05,-4.201221938322282766e-05,1.163151341165436087e-01,1.261875802869881665e-02,1.253600863468492393e-02,1.054411631378324860e-02,8.712356253579995040e-07,2.330054852979685144e-06,3.818090473324191603e-01,2.759649514385634564e-02,2.741252852199834236e-02,2.829174418701767627e-02
9.337500000000026951e-10,-3.008580615035339197e-05,-4.198607557088905205e-05,1.169861608975793221e-01,1.266723722146602393e-02,1.258417354051863217e-02,1.057614452439234291e-02,8.714158222309797855e-07,2.330381670022931256e-06,3.829333725931815535e-01,2.760195235447696765e-02,2.741799273216425498e-02,2.829797064060441888e-02
9.375000000000026046e-10,-3.007603514723696957e-05,-4.195994024687785652e-05,1.176584574389626797e-01,1.271567517173753485e-02,1.263229755861173392e-02,1.060807909354622228e-02,8.715942602816242467e-07,2.330705084208009055e-06,3.840576970232377207e-01,2.760736904620655213e-02,2.742341638051743954e-02,2.830415327021386374e-02
9.412500000000025141e-10,-3.006626183707146075e-05,-4.193381367180362002e-05,1.183320197628687787e-01,1.276407179958083220e-02,1.268038060865903961e-02,1.063992015897073998e-02,8.717709624673074145e-07,2.331025142036278569e-06,3.851820206326237450e-01,2.761274571443815551e-02,2.742879996287266031e-02,2.831029260170959266e-02
9.450000000000024236e-10,-3.005648635359801127e-05,-4.190769610395157058e-05,1.190068439005089046e-01,1.281242702671574196e-02,1.272842261200710090e-02,1.067166786037180778e-02,8.719459513074335718e-07,2.331341889065034170e-06,3.863063434312159483e-01,2.761808284648691741e-02,2.743414396695451063e-02,2.831638915246862190e-02
9.487500000000023331e-10,-3.004670882959332157e-05,-4.188158779928225774e-05,1.196829258921620343e-01,1.286074077649286378e-02,1.277642349163288053e-02,1.070332233939956176e-02,8.721192491561576498e-07,2.331655370844438216e-06,3.874306654287348328e-01,2.762338092179973670e-02,2.743944887269490068e-02,2.832244343168885403e-02
9.525000000000022426e-10,-3.003692939687206600e-05,-4.185548901144943505e-05,1.203602617872059355e-01,1.290901297387237086e-02,1.282438317212253841e-02,1.073488373961288544e-02,8.722908778356809481e-07,2.331965631945103504e-06,3.885549866347478565e-01,2.762864041209963512e-02,2.744471515231763914e-02,2.832845594067791295e-02
9.562500000000021521e-10,-3.002714818629135830e-05,-4.182939999183920654e-05,1.210388476441476846e-01,1.295724354540313608e-02,1.287230157965060101e-02,1.076635220644490618e-02,8.724608588484803222e-07,2.332272716182082667e-06,3.896793070586715979e-01,2.763386178151091069e-02,2.744994327043466173e-02,2.833442717271738090e-02
9.600000000000020616e-10,-3.001736532775563392e-05,-4.180332098955438715e-05,1.217186795306526986e-01,1.300543241920205581e-02,1.292017864195921587e-02,1.079772788716757727e-02,8.726292134763974850e-07,2.332576667102156064e-06,3.908036267097734218e-01,2.763904548669288141e-02,2.745513368417341199e-02,2.834035761302187983e-02
9.637500000000019711e-10,-3.000758095021619604e-05,-4.177725225141698279e-05,1.223997535235740730e-01,1.305357952493379353e-02,1.296801428833792985e-02,1.082901093085749354e-02,8.727959625371949624e-07,2.332877527931854448e-06,3.919279455971761417e-01,2.764419197698066849e-02,2.746028684336055542e-02,2.834624773911001427e-02
9.675000000000018806e-10,-2.999779518167479340e-05,-4.175119402198080101e-05,1.230820657089805453e-01,1.310168479379078717e-02,1.301580844960372081e-02,1.086020148836209023e-02,8.729611265660041025e-07,2.333175340951067938e-06,3.930522637298597410e-01,2.764930169454585945e-02,2.746540319064856225e-02,2.835209802094295142e-02
9.712500000000017901e-10,-2.998800814918885498e-05,-4.172514654355239641e-05,1.237656121821846533e-01,1.314974815847366578e-02,1.306356105808139170e-02,1.089129971226639529e-02,8.731247258596926619e-07,2.333470147275829503e-06,3.941765811166645928e-01,2.765437507457219057e-02,2.747048316166470286e-02,2.835790892112581563e-02
9.750000000000016996e-10,-2.997821997887371260e-05,-4.169911005620431822e-05,1.244503890477683811e-01,1.319776955317201149e-02,1.311127204758418159e-02,1.092230575686024309e-02,8.732867804391244049e-07,2.333761987660306085e-06,3.953008977662940682e-01,2.765941254538887423e-02,2.747552718512755870e-02,2.836368089505542783e-02
9.787500000000016091e-10,-2.996843079590241459e-05,-4.167308479778253035e-05,1.251363924196102484e-01,1.324574891354536425e-02,1.315894135339477564e-02,1.095321977810594267e-02,8.734473101455616183e-07,2.334050902989178849e-06,3.964252136873172572e-01,2.766441452862179046e-02,2.748053568294712978e-02,2.836941439107836666e-02
9.825000000000015186e-10,-2.995864072451165163e-05,-4.164707100390970462e-05,1.258236184209108599e-01,1.329368617670466379e-02,1.320656891224640181e-02,1.098404193360633455e-02,8.736063343563127621e-07,2.334336933158577136e-06,3.975495288881716327e-01,2.766938143925786950e-02,2.748550907046554137e-02,2.837510985056434371e-02
9.862500000000014281e-10,-2.994884988800715066e-05,-4.162106890800988635e-05,1.265120631842167886e-01,1.334158128119366377e-02,1.325415466230474466e-02,1.101477238257323257e-02,8.737638719836109981e-07,2.334620116556769342e-06,3.986738433771655488e-01,2.767431368576501322e-02,2.749044775660014484e-02,2.838076770802000146e-02
9.900000000000013376e-10,-2.993905840876890612e-05,-4.159507874132945340e-05,1.272017228514461529e-01,1.338943416697083687e-02,1.330169854314977411e-02,1.104541128579630306e-02,8.739199417130776818e-07,2.334900490871151530e-06,3.997981571624806829e-01,2.767921167026814525e-02,2.749535214388855453e-02,2.838638839126805119e-02
9.937500000000012471e-10,-2.992926640825091912e-05,-4.156910073294684682e-05,1.278925935739108899e-01,1.343724477539157657e-02,1.334920049575789164e-02,1.107595880561241392e-02,8.740745619295426044e-07,2.335178093157260290e-06,4.009224702521741457e-01,2.768407578865947696e-02,2.750022262862934427e-02,2.839197232157000816e-02
9.975000000000011566e-10,-2.991947400698946445e-05,-4.154313510978621828e-05,1.285846715123402650e-01,1.348501304919065731e-02,1.339666046248436278e-02,1.110641510587531688e-02,8.742277506011393931e-07,2.335452959782143505e-06,4.020467826541802570e-01,2.768890643074200381e-02,2.750505960092979735e-02,2.839751991376099696e-02
1.001250000000001066e-09,-2.990968132461075790e-05,-4.151718209663924285e-05,1.292779528369031317e-01,1.353273893246497751e-02,1.344407838704577557e-02,1.113678035192581725e-02,8.743795253639105494e-07,2.335725126484428538e-06,4.031710943763142652e-01,2.769370398033116354e-02,2.750986344486908153e-02,2.840303157636656084e-02
1.005000000000000976e-09,-2.989988847983089193e-05,-4.149124191617272199e-05,1.299724337272294139e-01,1.358042237065653843e-02,1.349145421450316518e-02,1.116705471056225925e-02,8.745299036905702938e-07,2.335994628476294833e-06,4.042954054262736241e-01,2.769846881533627111e-02,2.751463453871284132e-02,2.840850771170908354e-02
1.008750000000000885e-09,-2.989009559045824801e-05,-4.146531478893562405e-05,1.306681103724309512e-01,1.362806331053562255e-02,1.353878789124536054e-02,1.119723835001149026e-02,8.746789028356744293e-07,2.336261500208266422e-06,4.054197158116435995e-01,2.770320130828871075e-02,2.751937325488409622e-02,2.841394871597468022e-02
1.012500000000000795e-09,-2.988030277341099291e-05,-4.143940093338090386e-05,1.313649789711220373e-01,1.367566170018560436e-02,1.358607936497213675e-02,1.122733143990000716e-02,8.748265397666040962e-07,2.336525775580384009e-06,4.065440255398974911e-01,2.770790182615732317e-02,2.752407996015486871e-02,2.841935497938562899e-02
1.016250000000000704e-09,-2.987051014471064464e-05,-4.141350056586939909e-05,1.320630357314395709e-01,1.372321748898567943e-02,1.363332858467828333e-02,1.125733415122576186e-02,8.749728311365894675e-07,2.336787488091909582e-06,4.076683346183944678e-01,2.771257072992471329e-02,2.752875501584790482e-02,2.842472688638696815e-02
1.020000000000000614e-09,-2.986071781948647366e-05,-4.138761390068574090e-05,1.327622768710612355e-01,1.377073062759443835e-02,1.368053550063763960e-02,1.128724665633027736e-02,8.751177931565299467e-07,2.337046670395563457e-06,4.087926430543828427e-01,2.771720837489367872e-02,2.753339877789413512e-02,2.843006481578349773e-02
1.023750000000000523e-09,-2.985092591197978547e-05,-4.136174115005836427e-05,1.334626986172247620e-01,1.381820106793374414e-02,1.372770006438748212e-02,1.131706912887114544e-02,8.752614418135761019e-07,2.337303354663168077e-06,4.099169508550040697e-01,2.772181511104462870e-02,2.753801159685636407e-02,2.843536914072512106e-02
1.027500000000000433e-09,-2.984113453554435087e-05,-4.133588252416093775e-05,1.341642972067460526e-01,1.386562876317359166e-02,1.377482222871273532e-02,1.134680174379470302e-02,8.754037930440463603e-07,2.337557572829674816e-06,4.110412580272951311e-01,2.772639128323646507e-02,2.754259381796586928e-02,2.844064022872891395e-02
1.031250000000000342e-09,-2.983134380264732081e-05,-4.131003823112828772e-05,1.348670688860360567e-01,1.391301366771680384e-02,1.382190194763064338e-02,1.137644467730911102e-02,8.755448624683531288e-07,2.337809356541532238e-06,4.121655645781897026e-01,2.773093723119052223e-02,2.754714578128813693e-02,2.844587844190419115e-02
1.035000000000000252e-09,-2.982155382487389856e-05,-4.128420847705980006e-05,1.355710099111173683e-01,1.396035573718397253e-02,1.386893917637560016e-02,1.140599810685793795e-02,8.756846654394395268e-07,2.338058737003545929e-06,4.132898705145199858e-01,2.773545328957744208e-02,2.755166782182592866e-02,2.845108413703772293e-02
1.038750000000000161e-09,-2.981176471293294037e-05,-4.125839346603619139e-05,1.362761165476408520e-01,1.400765492839853472e-02,1.391593387138435021e-02,1.143546221109387542e-02,8.758232171457345464e-07,2.338305744691039758e-06,4.144141758430189837e-01,2.773993978809451491e-02,2.755616026962654994e-02,2.845625766566403994e-02
1.042500000000000071e-09,-2.980197657665705025e-05,-4.123259340013306839e-05,1.369823850709017687e-01,1.405491119937210022e-02,1.396288599028126104e-02,1.146483716985302083e-02,8.759605325559468333e-07,2.338550409405719399e-06,4.155384805703219997e-01,2.774439705158524699e-02,2.756062344984540682e-02,2.846139937413418378e-02
1.046249999999999980e-09,-2.979218952500531088e-05,-4.120680847944514617e-05,1.376898117658531817e-01,1.410212450929007079e-02,1.400979549186386064e-02,1.149412316412930062e-02,8.760966264878810314e-07,2.338792760416503411e-06,4.166627847029683585e-01,2.774882540014897078e-02,2.756505768287169714e-02,2.846650960380573206e-02
1.049999999999999890e-09,-2.978240366606447958e-05,-4.118103890210303983e-05,1.383983929271224433e-01,1.414929481849741717e-02,1.405666233608863537e-02,1.152332037604950413e-02,8.762315134986690891e-07,2.339032826702506504e-06,4.177870882474036263e-01,2.775322514916401390e-02,2.756946328440881833e-02,2.847158869113457919e-02
1.053749999999999799e-09,-2.977261910706026739e-05,-4.115528486426877860e-05,1.391081248590233244e-01,1.419642208848454108e-02,1.410348648405697000e-02,1.155242898884834522e-02,8.763652077954624936e-07,2.339270636914452098e-06,4.189113912099799442e-01,2.775759660935514170e-02,2.757384056551859947e-02,2.847663696767626165e-02
1.057499999999999709e-09,-2.976283595436007674e-05,-4.112954656015236699e-05,1.398190038755706688e-01,1.424350628187334537e-02,1.415026789800125084e-02,1.158144918684395584e-02,8.764977234116557814e-07,2.339506219187359465e-06,4.200356935969585259e-01,2.776194008693021187e-02,2.757818983274240576e-02,2.848165476020441539e-02
1.061249999999999618e-09,-2.975305431347244234e-05,-4.110382418201925905e-05,1.405310263004924676e-01,1.429054736240369106e-02,1.419700654127129327e-02,1.161038115541368834e-02,8.766290742175727058e-07,2.339739601136420368e-06,4.211599954145121005e-01,2.776625588366336481e-02,2.758251138818458917e-02,2.848664239079461494e-02
1.064999999999999528e-09,-2.974327428905857457e-05,-4.107811792020467660e-05,1.412441884672425430e-01,1.433754529491987686e-02,1.424370237832080568e-02,1.163922508097025785e-02,8.767592738743198826e-07,2.339970809943521784e-06,4.222842966687253563e-01,2.777054429696637974e-02,2.758680552958236998e-02,2.849160017691829833e-02
1.068749999999999437e-09,-2.973349598492751108e-05,-4.105242796312283849e-05,1.419584867190123167e-01,1.438450004535738597e-02,1.429035537469417784e-02,1.166798115093818124e-02,8.768883358394415810e-07,2.340199872366109256e-06,4.234085973655963286e-01,2.777480561996702527e-02,2.759107255038420817e-02,2.849652843152485418e-02
1.072499999999999347e-09,-2.972371950404311666e-05,-4.102675449728250534e-05,1.426739174087416906e-01,1.443141158072978013e-02,1.433696549701334727e-02,1.169664955373055440e-02,8.770162733683393519e-07,2.340426814745254035e-06,4.245328975110388425e-01,2.777904014158568205e-02,2.759531273982651287e-02,2.850142746312187697e-02
1.076249999999999256e-09,-2.971394494853077817e-05,-4.100109770729544315e-05,1.433904768991297596e-01,1.447827986911578990e-02,1.438353271296489468e-02,1.172523047872608797e-02,8.771430995185817308e-07,2.340651663014441894e-06,4.256571971108837893e-01,2.778324814661030373e-02,2.759952638300872813e-02,2.850629757585373958e-02
1.079999999999999166e-09,-2.970417241967886486e-05,-4.097545777588996899e-05,1.441081615626454426e-01,1.452510487964658002e-02,1.443005699128729023e-02,1.175372411624645182e-02,8.772688271875328297e-07,2.340874442707548792e-06,4.267814961708799038e-01,2.778742991578327451e-02,2.760371376096366208e-02,2.851113906958624086e-02
1.083749999999999075e-09,-2.969440201794050710e-05,-4.094983488392200987e-05,1.448269677815367806e-01,1.457188658249322297e-02,1.447653830175833246e-02,1.178213065753396828e-02,8.773934691254745716e-07,2.341095178966511601e-06,4.279057946966963177e-01,2.779158572587782372e-02,2.760787515072836429e-02,2.851595223998453985e-02
1.087499999999998985e-09,-2.968463384293605959e-05,-4.092422921038903476e-05,1.455468919478396794e-01,1.461862494885432691e-02,1.452297661518276231e-02,1.181045029472953430e-02,8.775170378617047596e-07,2.341313896547338652e-06,4.290300926939227266e-01,2.779571584973629036e-02,2.761201082542207030e-02,2.852073737856864605e-02
1.091249999999998894e-09,-2.967486799346479037e-05,-4.089864093243988019e-05,1.462679304633880684e-01,1.466531995094373653e-02,1.456937190338003507e-02,1.183868322085084891e-02,8.776395456946776139e-07,2.341530619823657114e-06,4.301543901680712767e-01,2.779982055633445012e-02,2.761612105431616657e-02,2.852549477278293333e-02
1.094999999999998804e-09,-2.966510456750235333e-05,-4.087307022538478582e-05,1.469900797398198677e-01,1.471197156197848015e-02,1.461572413917222417e-02,1.186682962977090791e-02,8.777610047448620154e-07,2.341745372796531793e-06,4.312786871245780085e-01,2.780390011086753335e-02,2.762020610289727188e-02,2.853022470607745331e-02
1.098749999999998713e-09,-2.965534366220546377e-05,-4.084751726270973988e-05,1.477133361985866478e-01,1.475857975616686087e-02,1.466203329637219381e-02,1.189488971619680202e-02,8.778814269545585469e-07,2.341958179103230235e-06,4.324029835688038559e-01,2.780795477481621744e-02,2.762426623293334077e-02,2.853492745797719943e-02
1.102499999999998623e-09,-2.964558537392076183e-05,-4.082198221608928626e-05,1.484376962709590131e-01,1.480514450869668472e-02,1.470829934977178725e-02,1.192286367564881003e-02,8.780008240919347576e-07,2.342169062022233768e-06,4.335272795060364226e-01,2.781198480601126607e-02,2.762830170253837911e-02,2.853960330414986174e-02
1.106249999999998532e-09,-2.963582979817777185e-05,-4.079646525539337530e-05,1.491631563980350406e-01,1.485166579572373864e-02,1.475452227513026834e-02,1.195075170443970006e-02,8.781192077560192699e-07,2.342378044480444062e-06,4.346515749414904262e-01,2.781599045869684317e-02,2.763231276623581353e-02,2.854425251647222175e-02
1.109999999999998442e-09,-2.962607702970770999e-05,-4.077096654870346424e-05,1.498897130307451919e-01,1.489814359436025977e-02,1.480070204916288275e-02,1.197855399965435524e-02,8.782365893761969475e-07,2.342585149061263822e-06,4.357758698803100295e-01,2.781997198359248760e-02,2.763629967502053211e-02,2.854887536309522883e-02
1.113749999999998351e-09,-2.961632716243471907e-05,-4.074548626232085875e-05,1.506173626298588364e-01,1.494457788266373433e-02,1.484683864952955450e-02,1.200627075912966656e-02,8.783529802184091766e-07,2.342790398007957813e-06,4.369001643275691182e-01,2.782392962795383201e-02,2.764026267641970722e-02,2.855347210850766801e-02
1.117499999999998261e-09,-2.960658028948764573e-05,-4.072002456078076694e-05,1.513461016659887748e-01,1.499096863962569651e-02,1.489293205482376814e-02,1.203390218143464592e-02,8.784683913887046279e-07,2.342993813208474031e-06,4.380244582882730775e-01,2.782786363561921480e-02,2.764420201457788370e-02,2.855804301360962208e-02
1.121249999999998170e-09,-2.959683650319731979e-05,-4.069458160686106782e-05,1.520759266195965409e-01,1.503731584516071300e-02,1.493898224456162785e-02,1.206144846585083252e-02,8.785828337279666140e-07,2.343195416556974309e-06,4.391487517673597352e-01,2.783177424706831729e-02,2.764811793032699930e-02,2.856258833580965426e-02
1.124999999999998080e-09,-2.958709589510967643e-05,-4.066915756158750192e-05,1.528068339809968701e-01,1.508361948009553054e-02,1.498498919917106743e-02,1.208890981235303912e-02,8.786963179473502694e-07,2.343395229777942837e-06,4.402730447697003613e-01,2.783566169950507652e-02,2.765201066118884443e-02,2.856710832903558775e-02
1.128749999999997989e-09,-2.957735855597693015e-05,-4.064375258424719674e-05,1.535388202503610300e-01,1.512987952615839869e-02,1.503095289998098577e-02,1.211628642159017118e-02,8.788088546973733340e-07,2.343593273944109221e-06,4.413973373001009448e-01,2.783952622691821324e-02,2.765588044140962834e-02,2.857160324374575719e-02
1.132499999999997899e-09,-2.956762457577261468e-05,-4.061836683240903616e-05,1.542718819377212336e-01,1.517609596596852968e-02,1.507687332921072397e-02,1.214357849486636179e-02,8.789204542770924727e-07,2.343789569445118431e-06,4.425216293633033038e-01,2.784336806014853574e-02,2.765972750203928021e-02,2.857607332701518968e-02
1.136249999999997808e-09,-2.955789404369825080e-05,-4.059300046193530887e-05,1.550060155629721659e-01,1.522226878302564840e-02,1.512275046995954775e-02,1.217078623412236674e-02,8.790311268168692690e-07,2.343984135977085189e-06,4.436459209639857515e-01,2.784718742693157584e-02,2.766355207095942681e-02,2.858051882256677778e-02
1.139999999999997718e-09,-2.954816704817338528e-05,-4.056765362700545235e-05,1.557412176558753691e-01,1.526839796169974367e-02,1.516858430619625123e-02,1.219790984191716950e-02,8.791408824816039213e-07,2.344176993187247024e-06,4.447702121067640957e-01,2.785098455189953526e-02,2.766735437298154313e-02,2.858493997088372082e-02
1.143749999999997627e-09,-2.953844367685113555e-05,-4.054232648010819924e-05,1.564774847560597149e-01,1.531448348722075359e-02,1.521437482274914932e-02,1.222494952140992970e-02,8.792497313305411267e-07,2.344368160831292180e-06,4.458945027961935259e-01,2.785475965663878825e-02,2.767113462993402856e-02,2.858933700930020583e-02
1.147499999999997537e-09,-2.952872401661733938e-05,-4.051701917205636312e-05,1.572148134130243180e-01,1.536052534566856136e-02,1.526012200529592092e-02,1.225190547634207733e-02,8.793576832806850334e-07,2.344557658376473852e-06,4.470187930367686691e-01,2.785851295976505757e-02,2.767489306067093952e-02,2.859371017200728129e-02
1.151249999999997446e-09,-2.951900815359307555e-05,-4.049173185199469896e-05,1.579532001861389812e-01,1.540652352396300502e-02,1.530582584035376781e-02,1.227877791101972954e-02,8.794647481034992005e-07,2.344745505002260706e-06,4.481430828329248106e-01,2.786224467696899257e-02,2.767862988111385869e-02,2.859805969010930510e-02
1.154999999999997356e-09,-2.950929617313749641e-05,-4.046646466741541401e-05,1.586926416446460542e-01,1.545247800985410404e-02,1.535148631526953196e-02,1.230556703029624978e-02,8.795709353770729533e-07,2.344931719698873924e-06,4.492673721890397820e-01,2.786595502108515574e-02,2.768234530432190157e-02,2.860238579163752043e-02
1.158749999999997265e-09,-2.949958815985671151e-05,-4.044121776416355492e-05,1.594331343676594626e-01,1.549838879191241768e-02,1.539710341821013545e-02,1.233227303955501328e-02,8.796762545514072950e-07,2.345116321191057618e-06,4.503916611094339051e-01,2.786964420212921859e-02,2.768603954053624333e-02,2.860668870162489177e-02
1.162499999999997175e-09,-2.948988419760223924e-05,-4.041599128644850707e-05,1.601746749441663731e-01,1.554425585951945202e-02,1.544267713815290072e-02,1.235889614469250566e-02,8.797807150438145330e-07,2.345299327868876244e-06,4.515159495983710469e-01,2.787331242733077918e-02,2.768971279720178549e-02,2.861096864218899694e-02
1.166249999999997084e-09,-2.948018436947815580e-05,-4.039078537685868549e-05,1.609172599730256947e-01,1.559007920285819526e-02,1.548820746487617264e-02,1.238543655210160715e-02,8.798843260375006209e-07,2.345480757984537949e-06,4.526402376600595634e-01,2.787695990115200001e-02,2.769336527900625317e-02,2.861522583249908810e-02
1.169999999999996994e-09,-2.947048875784374469e-05,-4.036560017636534991e-05,1.616608860629679123e-01,1.563585881290367741e-02,1.553369438894986777e-02,1.241189446865494095e-02,8.799870965965651273e-07,2.345660629510486065e-06,4.537645252986526878e-01,2.788058682534919411e-02,2.769699718793360715e-02,2.861946048879865714e-02
1.173749999999996903e-09,-2.946079744432279039e-05,-4.034043582434161218e-05,1.624055498325936431e-01,1.568159468141381088e-02,1.557913790172632713e-02,1.243827010168857203e-02,8.800890356478747306e-07,2.345838959578873357e-06,4.548888125182505848e-01,2.788419339905997413e-02,2.770060872337412258e-02,2.862367282469975224e-02
1.177499999999996813e-09,-2.945111050980269403e-05,-4.031529245857582615e-05,1.631512479103721658e-01,1.572728680092030235e-02,1.562453799533130606e-02,1.246456365898628016e-02,8.801901518216482308e-07,2.346015765199022649e-06,4.560130993229010166e-01,2.788777981884592652e-02,2.770420008210515081e-02,2.862786305131588202e-02
1.181249999999996722e-09,-2.944142803444235081e-05,-4.029017021526278534e-05,1.638979769346399773e-01,1.577293516471972232e-02,1.566989466265479580e-02,1.249077534876377217e-02,8.802904537523057111e-07,2.346191063618550851e-06,4.571373857165995092e-01,2.789134627871904526e-02,2.770777145831885072e-02,2.863203137695046613e-02
1.184999999999996632e-09,-2.943175009767658168e-05,-4.026506922902495971e-05,1.646457335535976840e-01,1.581853976686458524e-02,1.571520789734229262e-02,1.251690537965277454e-02,8.803899500612974861e-07,2.346364871767901689e-06,4.582616717032908515e-01,2.789489297015861069e-02,2.771132304373077546e-02,2.863617800709298070e-02
1.188749999999996541e-09,-2.942207677821217937e-05,-4.023998963292132515e-05,1.653945144253079480e-01,1.586410060215453360e-02,1.576047769378606869e-02,1.254295396068560824e-02,8.804886491581496153e-07,2.346537206318255659e-06,4.593859572868697061e-01,2.789842008216434147e-02,2.771485502758042063e-02,2.864030314458749713e-02
1.192499999999996451e-09,-2.941240815403905876e-05,-4.021493155846078726e-05,1.661443162176921839e-01,1.590961766612768863e-02,1.580570404711641869e-02,1.256892130127988845e-02,8.805865593647270245e-07,2.346708083660791269e-06,4.605102424711802755e-01,2.790192780130266656e-02,2.771836759665271405e-02,2.864440698966847984e-02
1.196249999999996360e-09,-2.940274430242376859e-05,-4.018989513561502914e-05,1.668951356085275617e-01,1.595509095505203215e-02,1.585088695319309543e-02,1.259480761122352792e-02,8.806836889849815864e-07,2.346877519990700543e-06,4.616345272600187455e-01,2.790541631174450407e-02,2.772186093530558740e-02,2.864848974003726331e-02
1.199999999999996270e-09,-2.939308529992516833e-05,-4.016488049282949572e-05,1.676469692854425098e-01,1.600052046591701749e-02,1.589602640859680976e-02,1.262061310065989289e-02,8.807800462127847723e-07,2.347045531298698365e-06,4.627588116571332844e-01,2.790888579530034080e-02,2.772533522552535212e-02,2.865255159089506384e-02
1.203749999999996179e-09,-2.938343122239028794e-05,-4.013988775703177599e-05,1.683998139459139121e-01,1.604590619642512137e-02,1.594112241062084143e-02,1.264633798007318288e-02,8.808756391346550974e-07,2.347212133318689391e-06,4.638830956662242655e-01,2.791233643146193849e-02,2.772879064699174459e-02,2.865659273497934284e-02
1.207499999999996089e-09,-2.937378214496030106e-05,-4.011491705364715453e-05,1.691536662972603078e-01,1.609124814498357273e-02,1.598617495726281645e-02,1.267198246027397349e-02,8.809704757242524072e-07,2.347377341604885322e-06,4.650073792909455994e-01,2.791576839741207947e-02,2.773222737703907870e-02,2.866061336257549538e-02
1.211249999999995998e-09,-2.936413814207458747e-05,-4.008996850659755440e-05,1.699085230566403926e-01,1.613654631069615444e-02,1.603118404721633541e-02,1.269754675238495174e-02,8.810645638500655484e-07,2.347541171495538337e-06,4.661316625349052889e-01,2.791918186808620139e-02,2.773564559075316141e-02,2.866461366158496935e-02
1.214999999999995908e-09,-2.935449928747402290e-05,-4.006504223832315346e-05,1.706643809510448306e-01,1.618180069335514032e-02,1.607614967986309082e-02,1.272303106782689611e-02,8.811579109870925177e-07,2.347703638076884599e-06,4.672559454016659286e-01,2.792257701617872206e-02,2.773904546104110497e-02,2.866859381767173851e-02
1.218749999999995817e-09,-2.934486565420343885e-05,-4.004013836978792730e-05,1.714212367172924800e-01,1.622701129343314883e-02,1.612107185526481107e-02,1.274843561830498080e-02,8.812505244335724767e-07,2.347864756215744853e-06,4.683802278947459263e-01,2.792595401219006429e-02,2.774242715860586808e-02,2.867255401420627792e-02
1.222499999999995727e-09,-2.933523731461624059e-05,-4.001525702049054550e-05,1.721790871020237590e-01,1.627217811207538195e-02,1.616595057415535011e-02,1.277376061579501079e-02,8.813424116733024004e-07,2.348024540366492398e-06,4.695045100176205577e-01,2.792931302450931200e-02,2.774579085203878956e-02,2.867649443218037164e-02
1.226249999999995636e-09,-2.932561434037779532e-05,-3.999039830847976053e-05,1.729379288616953447e-01,1.631730115109181548e-02,1.621078583793300956e-02,1.279900627252983022e-02,8.814335801765606183e-07,2.348183004800744706e-06,4.706287917737222437e-01,2.793265421943314300e-02,2.774913670784367667e-02,2.868041525032820685e-02
1.229999999999995546e-09,-2.931599680247229649e-05,-3.996556235036117046e-05,1.736977587625728459e-01,1.636238041294952109e-02,1.625557764865282612e-02,1.282417280098608996e-02,8.815240373325169726e-07,2.348340163787462952e-06,4.717530731664416055e-01,2.793597776120543968e-02,2.775246489044551693e-02,2.868431664520091490e-02
1.233749999999995455e-09,-2.930638477120777827e-05,-3.994074926130725459e-05,1.744585735807237803e-01,1.640741590076508216e-02,1.630032600901892142e-02,1.284926041387107407e-02,8.816137904359039085e-07,2.348496031401420926e-06,4.728773541991276863e-01,2.793928381202515770e-02,2.775577556222213679e-02,2.868819879117887744e-02
1.237499999999995365e-09,-2.929677831620942395e-05,-3.991595915506433267e-05,1.752203701020123017e-01,1.645240761829701304e-02,1.634503092237701155e-02,1.287426932410980565e-02,8.817028466840654108e-07,2.348650621526633821e-06,4.740016348750883957e-01,2.794257253207805061e-02,2.775906888353595059e-02,2.869206186050514071e-02
1.241249999999995274e-09,-2.928717750644086379e-05,-3.989119214396705259e-05,1.759831451220894571e-01,1.649735556993835173e-02,1.638969239270691297e-02,1.289919974483226886e-02,8.817912131807110543e-07,2.348803947859973374e-06,4.751259151975911754e-01,2.794584407956776997e-02,2.776234501276507449e-02,2.869590602331819826e-02
1.244999999999995184e-09,-2.927758241018916553e-05,-3.986644833894588489e-05,1.767468954463872199e-01,1.654225976070925266e-02,1.643431042461518735e-02,1.292405188936082347e-02,8.818788969429226603e-07,2.348956023914898191e-06,4.762501951698632774e-01,2.794909861074645549e-02,2.776560410633395828e-02,2.869973144768415280e-02
1.248749999999995093e-09,-2.926799309508359116e-05,-3.984172784953790380e-05,1.775116178901087749e-01,1.658712019624971473e-02,1.647888502332791119e-02,1.294882597119775824e-02,8.819659048925382772e-07,2.349106863022524405e-06,4.773744747950934286e-01,2.795233627994467632e-02,2.776884631874338913e-02,2.870353829962829853e-02
1.252499999999995003e-09,-2.925840962808810570e-05,-3.981703078389488488e-05,1.782773092782220792e-01,1.663193688281237523e-02,1.652341619468340392e-02,1.297352220401310104e-02,8.820522438621491740e-07,2.349256478335295017e-06,4.784987540764318870e-01,2.795555723960090749e-02,2.777207180259995759e-02,2.870732674316615884e-02
1.256249999999994912e-09,-2.924883207551526857e-05,-3.979235724879757585e-05,1.790439664454501756e-01,1.667670982725538709e-02,1.656790394512516404e-02,1.299814080163250174e-02,8.821379205998296723e-07,2.349404882832946401e-06,4.796230330169900524e-01,2.795876164029039920e-02,2.777528070864499279e-02,2.871109694033388907e-02
1.259999999999994822e-09,-2.923926050302215089e-05,-3.976770734965996560e-05,1.798115862362613948e-01,1.672143903703539672e-02,1.661234828169482272e-02,1.302268197802534770e-02,8.822229417657862839e-07,2.349552089320587227e-06,4.807473116198424101e-01,2.796194963075356033e-02,2.777847318578298072e-02,2.871484905121820738e-02
1.263749999999994731e-09,-2.922969497561830096e-05,-3.974308119054188130e-05,1.805801655048623611e-01,1.676612452020055308e-02,1.665674921202515285e-02,1.304714594729299362e-02,8.823073139559662128e-07,2.349698110419296400e-06,4.818715898880266413e-01,2.796512135792521628e-02,2.778164938111026688e-02,2.871858323396992568e-02
1.267499999999994641e-09,-2.922013555766829894e-05,-3.971847887415993881e-05,1.813497011151865290e-01,1.681076628538360346e-02,1.670110674433324116e-02,1.307153292365720310e-02,8.823910436969514414e-07,2.349842958574844111e-06,4.829958678245438453e-01,2.796827696696149723e-02,2.778480943994217009e-02,2.872229964483774198e-02
1.271249999999994550e-09,-2.921058231289539906e-05,-3.969390050189666356e-05,1.821201899408853020e-01,1.685536434179516277e-02,1.674542088741364648e-02,1.309584312144870463e-02,8.824741374106103505e-07,2.349986646082706412e-06,4.841201454323595388e-01,2.797141660126433241e-02,2.778795350583843429e-02,2.872599843822357460e-02
1.274999999999994460e-09,-2.920103530438590713e-05,-3.966934617380957749e-05,1.828916288653180122e-01,1.689991869921689260e-02,1.678969165063168983e-02,1.312007675509596280e-02,8.825566014264813418e-07,2.350129185086693024e-06,4.852444227144037114e-01,2.797454040250825155e-02,2.779108172062995721e-02,2.872967976670532872e-02
1.278749999999994369e-09,-2.919149459459180967e-05,-3.964481598864012340e-05,1.836640147815409296e-01,1.694442936799489541e-02,1.683391904391679655e-02,1.314423403911407252e-02,8.826384419944410624e-07,2.350270587570050103e-06,4.863686996735715473e-01,2.797764851066734948e-02,2.779419422444531426e-02,2.873334378105308826e-02
1.282499999999994279e-09,-2.918196024533579517e-05,-3.962031004382272486e-05,1.844373445922976307e-01,1.698889635903306702e-02,1.687810307775588700e-02,1.316831518809384594e-02,8.827196652818719265e-07,2.350410865359776717e-06,4.874929763127243687e-01,2.798074106404065467e-02,2.779729115573616877e-02,2.873699063025591388e-02
1.286249999999994188e-09,-2.917243231781399169e-05,-3.959582843549714601e-05,1.852116152100070912e-01,1.703331968378666433e-02,1.692224376318691298e-02,1.319232041669097903e-02,8.828002773825932310e-07,2.350550030129409896e-06,4.886172526346896916e-01,2.798381819927716133e-02,2.780037265130234220e-02,2.874062046154818653e-02
1.289999999999994098e-09,-2.916291087260022572e-05,-3.957137125851269296e-05,1.859868235567538053e-01,1.707769935425580005e-02,1.696634111179239415e-02,1.321624993961548547e-02,8.828802843131613152e-07,2.350688093401911315e-06,4.897415286422617808e-01,2.798688005140036877e-02,2.780343884631637785e-02,2.874423342043551030e-02
1.293749999999994007e-09,-2.915339596965022350e-05,-3.954693860644468680e-05,1.867629665642750458e-01,1.712203538297907973e-02,1.701039513569306896e-02,1.324010397162112343e-02,8.829596920154106604e-07,2.350825066547688628e-06,4.908658043382018721e-01,2.798992675383235595e-02,2.780648987434762923e-02,2.874782965072011226e-02
1.297499999999993917e-09,-2.914388766830250884e-05,-3.952253057159783146e-05,1.875400411739503170e-01,1.716632778302732212e-02,1.705440584754156289e-02,1.326388272749514860e-02,8.830385063580835803e-07,2.350960960791019364e-06,4.919900797252391156e-01,2.799295843841749162e-02,2.780952586738601531e-02,2.875140929452584676e-02
1.301249999999993826e-09,-2.913438602728787974e-05,-3.949814724501890561e-05,1.883180443367891144e-01,1.721057656799730023e-02,1.709837326051618853e-02,1.328758642204807411e-02,8.831167331370165692e-07,2.351095787214082806e-06,4.931143548060705761e-01,2.799597523544568312e-02,2.781254695586531100e-02,2.875497249232272096e-02
1.304999999999993736e-09,-2.912489110472653525e-05,-3.947378871650341020e-05,1.890969730134182680e-01,1.725478175200557962e-02,1.714229738831479777e-02,1.331121527010364208e-02,8.831943780764582846e-07,2.351229556754625566e-06,4.942386295833625098e-01,2.799897727367522265e-02,2.781555326868597952e-02,2.875851938295099358e-02
1.308749999999993645e-09,-2.911540295813607148e-05,-3.944945507460683061e-05,1.898768241740705631e-01,1.729894334968242950e-02,1.718617824514864778e-02,1.333476948648894787e-02,8.832714468298826990e-07,2.351362280210295006e-06,4.953629040597503641e-01,2.800196468035528324e-02,2.781854493323768218e-02,2.876205010364488862e-02
1.312499999999993555e-09,-2.910592164443443603e-05,-3.942514640665588523e-05,1.906575947985715280e-01,1.734306137616575816e-02,1.723001584573638154e-02,1.335824928602468396e-02,8.833479449818220795e-07,2.351493968240519653e-06,4.964871782378382781e-01,2.800493758124792190e-02,2.782152207542136491e-02,2.876556479005583714e-02
1.316249999999993464e-09,-2.909644721994059205e-05,-3.940086279875101236e-05,1.914392818763263060e-01,1.738713584709518367e-02,1.727381020529810199e-02,1.338165488351549665e-02,8.834238780484734630e-07,2.351624631369677101e-06,4.976114521202010255e-01,2.800789610064978105e-02,2.782448481967095266e-02,2.876906357627540337e-02
1.319999999999993374e-09,-2.908697974038416430e-05,-3.937660433578314147e-05,1.922218824063075537e-01,1.743116677860609073e-02,1.731756133954941504e-02,1.340498649374054739e-02,8.834992514786202281e-07,2.351754279988056240e-06,4.987357257093835150e-01,2.801084036141339786e-02,2.782743328897466922e-02,2.877254659485772512e-02
1.323749999999993283e-09,-2.907751926090233895e-05,-3.935237110143708809e-05,1.930053933970415914e-01,1.747515418732380199e-02,1.736126926469565984e-02,1.342824433144418177e-02,8.835740706536490360e-07,2.351882924354212006e-06,4.998599990079020117e-01,2.801377048496810421e-02,2.783036760489598221e-02,2.877601397684161066e-02
1.327499999999993193e-09,-2.906806583604944189e-05,-3.932816317820400181e-05,1.937898118665939140e-01,1.751909809035781182e-02,1.740493399742603850e-02,1.345142861132670765e-02,8.836483408920763744e-07,2.352010574597035534e-06,5.009842720182434705e-01,2.801668659134062822e-02,2.783328788759419775e-02,2.877946585177226790e-02
1.331249999999993102e-09,-2.905861951979597305e-05,-3.930398064738887441e-05,1.945751348425573957e-01,1.756299850529604786e-02,1.744855555490800597e-02,1.347453954803537121e-02,8.837220674471226551e-07,2.352137240677705434e-06,5.021085447428662585e-01,2.801958879917636203e-02,2.783619425584246340e-02,2.878290234772239164e-02
1.334999999999993012e-09,-2.904918036553516588e-05,-3.927982358911976231e-05,1.953613593620372457e-01,1.760685545019919848e-02,1.749213395478155589e-02,1.349757735615537621e-02,8.837952555050926872e-07,2.352262932302673793e-06,5.032328171842018749e-01,2.802247722576158007e-02,2.783908682704262089e-02,2.878632359131260907e-02
1.338749999999992921e-09,-2.903974842608504390e-05,-3.925569208236192188e-05,1.961484824716360487e-01,1.765066894359515817e-02,1.753566921515360352e-02,1.352054225020116011e-02,8.838679101904951439e-07,2.352387659098808870e-06,5.043570893446535086e-01,2.802535198703839242e-02,2.784196571725436678e-02,2.878972970773319498e-02
1.342499999999992831e-09,-2.903032375369328947e-05,-3.923158620491885975e-05,1.969365012274415794e-01,1.769443900447347645e-02,1.757916135459249365e-02,1.354343444460763372e-02,8.839400365701625311e-07,2.352511430701977800e-06,5.054813612265974809e-01,2.802821319762158550e-02,2.784483104121950742e-02,2.879312082076483301e-02
1.346249999999992740e-09,-2.902090640004024907e-05,-3.920750603344512643e-05,1.977254126950091229e-01,1.773816565227984490e-02,1.762261039212254313e-02,1.356625415372175736e-02,8.840116396499884163e-07,2.352634256626298594e-06,5.066056328323830238e-01,2.803106097082094447e-02,2.784768291237342888e-02,2.879649705279769406e-02
1.349999999999992650e-09,-2.901149641624067139e-05,-3.918345164345274015e-05,1.985152139493502332e-01,1.778184890691069525e-02,1.766601634721861117e-02,1.358900159179403377e-02,8.840827243874059180e-07,2.352756146264841475e-06,5.077299041643330568e-01,2.803389541866057807e-02,2.785052144286275649e-02,2.879985852484965095e-02
1.353749999999992559e-09,-2.900209385285247582e-05,-3.915942310932117511e-05,1.993059020749151922e-01,1.782548878870782172e-02,1.770937923980069398e-02,1.361167697297030119e-02,8.841532957523605255e-07,2.352877108845552679e-06,5.088541752247447425e-01,2.803671665190249004e-02,2.785334674356054058e-02,2.880320535658627626e-02
1.357499999999992469e-09,-2.899269875986992199e-05,-3.913542050430508643e-05,2.000974741655779654e-01,1.786908531845312134e-02,1.775269909022867548e-02,1.363428051128352803e-02,8.842233586477465999e-07,2.352997153464366658e-06,5.099784460158895971e-01,2.803952478005946464e-02,2.785615892409034830e-02,2.880653766634849733e-02
1.361249999999992378e-09,-2.898331118673828715e-05,-3.911144390054851995e-05,2.008899273246221029e-01,1.791263851736328919e-02,1.779597591929707456e-02,1.365681242064580546e-02,8.842929178445280386e-07,2.353116289154469668e-06,5.111027165400136019e-01,2.804231991140546804e-02,2.785895809284581748e-02,2.880985557116376092e-02
1.364999999999992288e-09,-2.897393118235135556e-05,-3.908749336908451242e-05,2.016832586647244463e-01,1.795614840708461418e-02,1.783920974822984090e-02,1.367927291484043704e-02,8.843619780530550612e-07,2.353234524859079512e-06,5.122269867993376469e-01,2.804510215299720055e-02,2.786174435700273719e-02,2.881315918675697932e-02
1.368749999999992197e-09,-2.896455879505827605e-05,-3.906356897984936236e-05,2.024774653079388642e-01,1.799961500968785821e-02,1.788240059867518897e-02,1.370166220751412381e-02,8.844305439298675783e-07,2.353351869411292931e-06,5.133512567960586415e-01,2.804787161069305715e-02,2.786451782253731094e-02,2.881644862757526404e-02
1.372499999999992107e-09,-2.895519407266264052e-05,-3.903967080168799681e-05,2.032725443856814584e-01,1.804303834766316991e-02,1.792554849270056386e-02,1.372398051216932105e-02,8.844986200758520479e-07,2.353468331536951970e-06,5.144755265323486260e-01,2.805062838916988488e-02,2.786727859424284817e-02,2.881972400680566856e-02
1.376249999999992016e-09,-2.894583706243398992e-05,-3.901579890236505055e-05,2.040684930387131613e-01,1.808641844391496722e-02,1.796865345278758977e-02,1.374622804215665066e-02,8.845662110381489931e-07,2.353583919854847261e-06,5.155997960103556599e-01,2.805337259193944541e-02,2.787002677574627191e-02,2.882298543639253904e-02
1.379999999999991926e-09,-2.893648781110375539e-05,-3.899195334857265879e-05,2.048653084171244421e-01,1.812975532175705590e-02,1.801171550182707401e-02,1.376840501066750599e-02,8.846333213113219082e-07,2.353698642878076662e-06,5.167240652322044880e-01,2.805610432136458957e-02,2.787276246952435574e-02,2.882623302705467766e-02
1.383749999999991835e-09,-2.892714636486961869e-05,-3.896813420593532254e-05,2.056629876803184598e-01,1.817304900490763694e-02,1.805473466311407690e-02,1.379051163072669665e-02,8.846999553374758427e-07,2.353812509018388848e-06,5.178483341999966516e-01,2.805882367867519947e-02,2.787548577691964860e-02,2.882946688830216250e-02
1.387499999999991745e-09,-2.891781276940572749e-05,-3.894434153902356276e-05,2.064615279969936879e-01,1.821629951748442861e-02,1.809771096034306845e-02,1.381254811518524243e-02,8.847661175070468367e-07,2.353925526584736575e-06,5.189726029158103771e-01,2.806153076398384266e-02,2.787819679815618096e-02,2.883268712845289683e-02
1.391249999999991654e-09,-2.890848706985635271e-05,-3.892057541135911101e-05,2.072609265451290650e-01,1.825950688399983340e-02,1.814064441760307109e-02,1.383451467671330433e-02,8.848318121594930992e-07,2.354037703783913647e-06,5.200968713817015754e-01,2.806422567630117298e-02,2.788089563235481710e-02,2.883589385464892588e-02
1.394999999999991564e-09,-2.889916931084737437e-05,-3.889683588542354237e-05,2.080611805119642055e-01,1.830267112935613991e-02,1.818353505937287881e-02,1.385641152779318493e-02,8.848970435834000402e-07,2.354149048724539365e-06,5.212211395997037311e-01,2.806690851355108859e-02,2.788358237754846175e-02,2.883908717287244489e-02
1.398749999999991473e-09,-2.888985953648679991e-05,-3.887312302266738277e-05,2.088622870939846055e-01,1.834579227884083896e-02,1.822638291051631443e-02,1.387823888071244328e-02,8.849618160269631510e-07,2.354259569395045828e-06,5.223454075718280132e-01,2.806957937258176480e-02,2.788625713070156178e-02,2.884226718795646766e-02
1.402499999999991383e-09,-2.888055779036627872e-05,-3.884943688351765774e-05,2.096642434969032964e-01,1.838887035812184975e-02,1.826918799627763254e-02,1.389999694755713645e-02,8.850261336953825302e-07,2.354369273664687600e-06,5.234696753000640523e-01,2.807223834917828287e-02,2.788891998773455200e-02,2.884543400359454793e-02
1.406249999999991292e-09,-2.887126411556973171e-05,-3.882577752738487873e-05,2.104670469356438034e-01,1.843190539324293664e-02,1.831195034227683927e-02,1.392168594020517895e-02,8.850900006674979016e-07,2.354478169443417486e-06,5.245939427863806070e-01,2.807488553810366660e-02,2.789157104353289299e-02,2.884858772237576183e-02
1.409999999999991202e-09,-2.886197855467485221e-05,-3.880214501267004976e-05,2.112706946343211878e-01,1.847489741061916074e-02,1.835466997450512991e-02,1.394330607031975949e-02,8.851534209685894014e-07,2.354586264565805743e-06,5.257182100327247865e-01,2.807752103309885811e-02,2.789421039193634363e-02,2.885172844580201346e-02
1.413749999999991111e-09,-2.885270114975665341e-05,-3.877853939677691894e-05,2.120751838262265598e-01,1.851784643703228983e-02,1.839734691932027807e-02,1.396485754934294506e-02,8.852163986467121879e-07,2.354693566660475041e-06,5.268424770410223834e-01,2.808014492687324268e-02,2.789683812575463259e-02,2.885485627428827082e-02
1.417499999999991021e-09,-2.884343194238706175e-05,-3.875496073611488544e-05,2.128805117538072611e-01,1.856075249962629847e-02,1.843998120344223640e-02,1.398634058848929017e-02,8.852789377869333710e-07,2.354800083376603845e-06,5.279667438131793178e-01,2.808275731113761900e-02,2.789945433680917491e-02,2.885797130721573511e-02
1.421249999999990930e-09,-2.883417097363823048e-05,-3.873140908610619591e-05,2.136866756686493229e-01,1.860361562590289244e-02,1.848257285394860200e-02,1.400775539873967517e-02,8.853410424408419304e-07,2.354905822290020951e-06,5.290910103510808593e-01,2.808535827661579748e-02,2.790205911593480331e-02,2.886107364291600266e-02
1.424999999999990840e-09,-2.882491828408867226e-05,-3.870788450119648836e-05,2.144936728314594254e-01,1.864643584371718232e-02,1.852512189827032474e-02,1.402910219083514792e-02,8.854027165361703000e-07,2.355010790779213424e-06,5.302152766565918496e-01,2.808794791305485247e-02,2.790465255297859201e-02,2.886416337864619597e-02
1.428749999999990749e-09,-2.881567391382340476e-05,-3.868438703486354704e-05,2.153015005120467451e-01,1.868921318127320444e-02,1.856762836418722473e-02,1.405038117527080722e-02,8.854639640107610991e-07,2.355114996149975959e-06,5.313395427315583674e-01,2.809052630924736144e-02,2.790723473682778927e-02,2.886724061067450289e-02
1.432499999999990659e-09,-2.880643790244076426e-05,-3.866091673962350277e-05,2.161101559893039148e-01,1.873194766711968814e-02,1.861009227982373532e-02,1.407159256229000704e-02,8.855247887558159248e-07,2.355218445633544024e-06,5.324638085778057306e-01,2.809309355303624481e-02,2.790980575542046163e-02,2.887030543425194232e-02
1.436249999999990568e-09,-2.879721028905297823e-05,-3.863747366704125484e-05,2.169196365511882052e-01,1.877463933014577105e-02,1.865251367364463564e-02,1.409273656187840298e-02,8.855851945587307923e-07,2.355321146367179861e-06,5.335880741971399388e-01,2.809564973132035182e-02,2.791236569575682169e-02,2.887335794357401980e-02
1.439999999999990478e-09,-2.878799111229034962e-05,-3.861405786773885996e-05,2.177299394947042332e-01,1.881728819957670384e-02,1.869489257445080058e-02,1.411381338375822421e-02,8.856451851617074271e-07,2.355423105394202984e-06,5.347123395913490063e-01,2.809819493007626942e-02,2.791491464391238075e-02,2.887639823185120594e-02
1.443749999999990387e-09,-2.877878041030674234e-05,-3.859066939139761264e-05,2.185410621258829511e-01,1.885989430496973207e-02,1.873722901137505822e-02,1.413482323738263040e-02,8.857047642415837160e-07,2.355524329663376927e-06,5.358366047622018513e-01,2.810072923436629511e-02,2.791745268505005373e-02,2.887942639132169004e-02
1.447499999999990297e-09,-2.876957822078408060e-05,-3.856730828677312913e-05,2.193530017597643267e-01,1.890245767620990155e-02,1.877952301387799186e-02,1.415576633193016236e-02,8.857639354160102717e-07,2.355624826051738469e-06,5.369608697114479634e-01,2.810325272835303284e-02,2.791997990343661126e-02,2.888244251325024908e-02
1.451249999999990206e-09,-2.876038458092673825e-05,-3.854397460169866778e-05,2.201657557203770266e-01,1.894497834350596446e-02,1.882177461174387723e-02,1.417664287629931581e-02,8.858227022566980279e-07,2.355724601324543150e-06,5.380851344408194015e-01,2.810576549530869120e-02,2.792249638244725940e-02,2.888544668796327528e-02
1.454999999999990116e-09,-2.875119952748122714e-05,-3.852066838309220346e-05,2.209793213407201251e-01,1.898745633738630617e-02,1.886398383507664755e-02,1.419745307910309957e-02,8.858810682635498532e-07,2.355823662109034347e-06,5.392093989520299058e-01,2.810826761761257148e-02,2.792500220457472607e-02,2.888843900486257055e-02
1.458749999999990025e-09,-2.874202309672417948e-05,-3.849738967697034601e-05,2.217936959627428706e-01,1.902989168869488254e-02,1.890615071429579963e-02,1.421819714866387474e-02,8.859390369171393244e-07,2.355922014978164013e-06,5.403336632467750089e-01,2.811075917678899222e-02,2.792749745144839854e-02,2.889141955242705007e-02
1.462499999999989935e-09,-2.873285532447542598e-05,-3.847413852844813021e-05,2.226088769373259779e-01,1.907228442858729250e-02,1.894827528013248025e-02,1.423887529300810889e-02,8.859966117193581435e-07,2.356019666476948956e-06,5.414579273267330350e-01,2.811324025352651343e-02,2.792998220384730959e-02,2.889438841822388609e-02
1.466249999999989844e-09,-2.872369624609283237e-05,-3.845091498175098258e-05,2.234248616242610619e-01,1.911463458852680902e-02,1.899035756362547900e-02,1.425948771986129335e-02,8.860537961695467491e-07,2.356116623043601904e-06,5.425821911935652109e-01,2.811571092764779747e-02,2.793245654170989009e-02,2.889734568890412261e-02
1.469999999999989754e-09,-2.871454589648255186e-05,-3.842771908022039998e-05,2.242416473922316800e-01,1.915694220028046207e-02,1.903239759611742576e-02,1.428003463664292635e-02,8.861105937244330465e-07,2.356212891045591395e-06,5.437064548489152216e-01,2.811817127814703055e-02,2.793492054414296877e-02,2.890029145023235643e-02
1.473749999999989663e-09,-2.870540431009765975e-05,-3.840455086632305005e-05,2.250592316187931541e-01,1.919920729591518757e-02,1.907439540925090146e-02,1.430051625046160728e-02,8.861670077693265110e-07,2.356308476808803424e-06,5.448307182944096549e-01,2.812062138322393712e-02,2.793737428943136522e-02,2.890322578711278234e-02
1.477499999999989573e-09,-2.869627152094183291e-05,-3.838141038165602289e-05,2.258776116903528364e-01,1.924142990779403178e-02,1.911635103496452798e-02,1.432093276811022622e-02,8.862230416480929897e-07,2.356403386586783985e-06,5.459549815316585564e-01,2.812306132027041911e-02,2.793981785505034177e-02,2.890614878358408954e-02
1.481249999999989482e-09,-2.868714756257405933e-05,-3.835829766695036822e-05,2.266967850021497366e-01,1.928361006857236618e-02,1.915826450548934606e-02,1.434128439606121783e-02,8.862786986699953398e-07,2.356497626563408917e-06,5.470792445622562061e-01,2.812549116587997541e-02,2.794225131767589729e-02,2.890906052283049449e-02
1.484999999999989392e-09,-2.867803246811273770e-05,-3.833521276208763624e-05,2.275167489582340385e-01,1.932574781119414387e-02,1.920013585334490527e-02,1.436157134046190872e-02,8.863339821076537733e-07,2.356591202854062977e-06,5.482035073877798981e-01,2.812791099585778762e-02,2.794467475319560579e-02,2.891196108719325947e-02
1.488749999999989301e-09,-2.866892627023769340e-05,-3.831215570609642853e-05,2.283375009714478931e-01,1.936784316888812835e-02,1.924196511133568696e-02,1.438179380712991708e-02,8.863888951868882377e-07,2.356684121517406817e-06,5.493277700097916050e-01,2.813032088522861296e-02,2.794708823672033965e-02,2.891485055818879615e-02
1.492499999999989211e-09,-2.865982900119301433e-05,-3.828912653716559145e-05,2.291590384634047128e-01,1.940989617516431648e-02,1.928375231254735728e-02,1.440195200154868391e-02,8.864434409360549719e-07,2.356776388618287820e-06,5.504520324298364242e-01,2.813272090823383531e-02,2.794949184258959871e-02,2.891772901657330141e-02
1.496249999999989120e-09,-2.865074069279387124e-05,-3.826612529264792272e-05,2.299813588644676332e-01,1.945190686381014292e-02,1.932549749034315895e-02,1.442204612886314324e-02,8.864976223639640821e-07,2.356868010127786820e-06,5.515762946494436880e-01,2.813511113835995281e-02,2.795188564437071574e-02,2.892059654229017784e-02
1.499999999999989030e-09,-2.864166137642880133e-05,-3.824315200906904834e-05,2.308044596137299176e-01,1.949387526888704189e-02,1.936720067836028222e-02,1.444207639387528816e-02,8.865514426121015275e-07,2.356958991871996328e-06,5.527005566701287398e-01,2.813749164836085170e-02,2.795426971488401691e-02,2.892345321441806144e-02
1.503749999999988939e-09,-2.863259108305836654e-05,-3.822020672213278939e-05,2.316283381589947510e-01,1.953580142472676959e-02,1.940886191050632953e-02,1.446204300103995366e-02,8.866049047850361835e-07,2.357049339622615787e-06,5.538248184933901586e-01,2.813986251025103399e-02,2.795664412622152206e-02,2.892629911123661968e-02
1.507499999999988849e-09,-2.862352984322221104e-05,-3.819728946673437575e-05,2.324529919567532577e-01,1.957768536592795899e-02,1.945048122095578008e-02,1.448194615446062733e-02,8.866580119529439993e-07,2.357139059088003517e-06,5.549490801207115354e-01,2.814222379531543250e-02,2.795900894974501921e-02,2.892913431024406873e-02
1.511249999999988758e-09,-2.861447768703573067e-05,-3.817440027696049354e-05,2.332784184721651277e-01,1.961952712735254289e-02,1.949205864414652045e-02,1.450178605788533109e-02,8.867107671500392937e-07,2.357228155908450270e-06,5.560733415535629165e-01,2.814457557411878183e-02,2.796136425609507814e-02,2.893195888816806755e-02
1.514999999999988668e-09,-2.860543464420178575e-05,-3.815153918609927330e-05,2.341046151790356633e-01,1.966132674412235729e-02,1.953359421477637511e-02,1.452156291470265564e-02,8.867631733301190771e-07,2.357316635620336184e-06,5.571976027933985831e-01,2.814691791651519753e-02,2.796371011519829808e-02,2.893477292098529940e-02
1.518749999999988577e-09,-2.859640074400791263e-05,-3.812870622664696465e-05,2.349315795597975154e-01,1.970308425161565805e-02,1.957508796779967170e-02,1.454127692793778098e-02,8.868152334389437115e-07,2.357404503719942856e-06,5.583218638416590496e-01,2.814925089165583663e-02,2.796604659628073794e-02,2.893757648392328644e-02
1.522499999999988487e-09,-2.858737601533144316e-05,-3.810590143031513267e-05,2.357593091054872858e-01,1.974479968546379374e-02,1.961653993842386867e-02,1.456092830024864095e-02,8.868669504538035135e-07,2.357491765694204029e-06,5.594461246997698423e-01,2.815157456799693980e-02,2.796837376788016347e-02,2.894036965146138882e-02
1.526249999999988396e-09,-2.857836048663978926e-05,-3.808312482803775261e-05,2.365878013157247106e-01,1.978647308154773965e-02,1.965795016210622817e-02,1.458051723392211028e-02,8.869183272761014235e-07,2.357578426994051159e-06,5.605703853691417216e-01,2.815388901330852234e-02,2.797069169785311449e-02,2.894315249733865267e-02
1.529999999999988306e-09,-2.856935418599833055e-05,-3.806037644996927195e-05,2.374170536986935365e-01,1.982810447599489545e-02,1.969931867455044019e-02,1.460004393087026980e-02,8.869693667911908018e-07,2.357664493013583175e-06,5.616946458511726803e-01,2.815619429468360288e-02,2.797300045337212590e-02,2.894592509455962831e-02
1.533749999999988215e-09,-2.856035714107365675e-05,-3.803765632550539313e-05,2.382470637711173733e-01,1.986969390517565395e-02,1.974064551170337176e-02,1.461950859262681375e-02,8.870200718783771937e-07,2.357749969044526609e-06,5.628189061472467225e-01,2.815849047854988504e-02,2.797530010093505007e-02,2.894868751541530838e-02
1.537499999999988125e-09,-2.855136937912646278e-05,-3.801496448327987520e-05,2.390778290582395715e-01,1.991124140570023349e-02,1.978193070975177784e-02,1.463891142034338608e-02,8.870704453562338818e-07,2.357834860306718609e-06,5.639431662587336413e-01,2.816077763067777531e-02,2.797759070638320203e-02,2.895143983149378944e-02
1.541249999999988034e-09,-2.854239092702647010e-05,-3.799230095117355301e-05,2.399093470938025441e-01,1.995274701441546519e-02,1.982317430511910950e-02,1.465825261478617345e-02,8.871204900145587455e-07,2.357919171960626091e-06,5.650674261869902404e-01,2.816305581618655518e-02,2.797987233490608835e-02,2.895418211368499736e-02
1.544999999999987944e-09,-2.853342181124922153e-05,-3.796966575632541640e-05,2.407416154200250624e-01,1.999421076840149705e-02,1.986437633446226994e-02,1.467753237633238547e-02,8.871702086126530902e-07,2.358002909110340847e-06,5.661916859333595564e-01,2.816532509955246844e-02,2.798214505104950137e-02,2.895691443218924646e-02
1.548749999999987853e-09,-2.852446205788262710e-05,-3.794705892513208166e-05,2.415746315875807182e-01,2.003563270496869914e-02,1.990553683466848509e-02,1.469675090496694835e-02,8.872196038833806287e-07,2.358086076807360698e-06,5.673159454991717476e-01,2.816758554461668007e-02,2.798440891872348499e-02,2.895963685652569106e-02
1.552499999999987763e-09,-2.851551169262184462e-05,-3.792448048325745445e-05,2.424083931555776339e-01,2.007701286165452723e-02,1.994665584285216023e-02,1.471590840027918630e-02,8.872686785300232953e-07,2.358168679984253262e-06,5.684402048857438716e-01,2.816983721457667206e-02,2.798666400119549647e-02,2.896234945554509305e-02
1.556249999999987672e-09,-2.850657074078154470e-05,-3.790193045564227084e-05,2.432428976915348151e-01,2.011835127622034133e-02,1.998773339635177837e-02,1.473500506145960197e-02,8.873174352251021757e-07,2.358250723506799307e-06,5.695644640943794412e-01,2.817208017200628634e-02,2.798891036110900607e-02,2.896505229743474158e-02
1.559999999999987582e-09,-2.849763922729722535e-05,-3.787940886650812913e-05,2.440781427713618335e-01,2.015964798664838381e-02,2.002876953272678465e-02,1.475404108729670184e-02,8.873658766177704106e-07,2.358332212248738318e-06,5.706887231263708671e-01,2.817431447888415000e-02,2.799114806050972612e-02,2.896774544972105514e-02
1.563749999999987491e-09,-2.848871717671958766e-05,-3.785691573936366306e-05,2.449141259793365388e-01,2.020090303113873664e-02,2.006976428975465118e-02,1.477301667617390846e-02,8.874140053255190493e-07,2.358413151042928585e-06,5.718129819829969041e-01,2.817654019658886663e-02,2.799337716084227337e-02,2.897042897928068378e-02
1.567499999999987401e-09,-2.847980461323015511e-05,-3.783445109700830260e-05,2.457508449080823831e-01,2.024211644810632732e-02,2.011071770542776846e-02,1.479193202606651075e-02,8.874618239412819618e-07,2.358493544673798440e-06,5.729372406655238725e-01,2.817875738590199311e-02,2.799559772295358642e-02,2.897310295234951580e-02
1.571249999999987310e-09,-2.847090156063236278e-05,-3.781201496154252650e-05,2.465882971585487138e-01,2.028328827617789307e-02,2.015162981795053099e-02,1.481078733453873066e-02,8.875093350316841747e-07,2.358573397874452797e-06,5.740614991752067686e-01,2.818096610701529073e-02,2.799780980710022196e-02,2.897576743453043890e-02
1.574999999999987220e-09,-2.846200804236191488e-05,-3.778960735436980701e-05,2.474264803399859325e-01,2.032441855418908733e-02,2.019250066573635011e-02,1.482958279874077231e-02,8.875565411344804438e-07,2.358652715325416151e-06,5.751857575132877098e-01,2.818316641953789309e-02,2.800001347295552265e-02,2.897842249080097299e-02
1.578749999999987129e-09,-2.845312408148994245e-05,-3.776722829620602213e-05,2.482653920699257610e-01,2.036550732118150298e-02,2.023333028740477088e-02,1.484831861540601532e-02,8.876034447421736365e-07,2.358731501534018477e-06,5.763100156809978225e-01,2.818535838249941125e-02,2.800220877961413432e-02,2.898106818557789552e-02
1.582499999999987039e-09,-2.844424970072034032e-05,-3.774487780708699086e-05,2.491050299741568719e-01,2.040655461639979268e-02,2.027411872177853347e-02,1.486699498084828770e-02,8.876500483215134306e-07,2.358809760955314264e-06,5.774342736795554654e-01,2.818754205436073412e-02,2.800439578560156434e-02,2.898370458266920011e-02
1.586249999999986948e-09,-2.843538492239801722e-05,-3.772255590637165796e-05,2.499453916867058478e-01,2.044756047928879272e-02,2.031486600788072472e-02,1.488561209095908694e-02,8.876963543345264482e-07,2.358887498120814584e-06,5.785585315101675619e-01,2.818971749302506824e-02,2.800657454888368439e-02,2.898633174522208950e-02
1.589999999999986858e-09,-2.842652976850844852e-05,-3.770026261274840275e-05,2.507864748498116469e-01,2.048852494949069195e-02,2.035557218493194709e-02,1.490417014120489284e-02,8.877423652158157727e-07,2.358964717520200632e-06,5.796827891740297112e-01,2.819188475584045311e-02,2.800874512687111587e-02,2.898894973578577255e-02
1.593749999999986767e-09,-2.841768426068232476e-05,-3.767799794424260134e-05,2.516282771139054519e-01,2.052944806684220067e-02,2.039623729234750840e-02,1.492266932662462790e-02,8.877880833496775066e-07,2.359041423617203904e-06,5.808070466723258551e-01,2.819404389960097901e-02,2.801090757642818799e-02,2.899155861632364550e-02
1.597499999999986677e-09,-2.840884842019512473e-05,-3.765576191821857821e-05,2.524707961375882714e-01,2.057032987137177166e-02,2.043686136973463588e-02,1.494110984182704834e-02,8.878335110963892862e-07,2.359117620827312287e-06,5.819313040062297215e-01,2.819619498055940185e-02,2.801306195387677500e-02,2.899415844821701463e-02
1.601249999999986586e-09,-2.840002226797491499e-05,-3.763355455139057024e-05,2.533140295876076253e-01,2.061117040329681072e-02,2.047744445688973527e-02,1.495949188098831366e-02,8.878786508194610257e-07,2.359193313497265083e-06,5.830555611769030477e-01,2.819833805443894975e-02,2.801520831500039360e-02,2.899674929226910003e-02
1.604999999999986496e-09,-2.839120582459913109e-05,-3.761137585982223203e-05,2.541579751388360897e-01,2.065196970302098783e-02,2.051798659379563267e-02,1.497781563784954424e-02,8.879235048598681744e-07,2.359268505925727396e-06,5.841798181854964689e-01,2.820047317643403079e-02,2.801734671505314370e-02,2.899933120871491660e-02
1.608749999999986405e-09,-2.838239911030403728e-05,-3.758922585894037811e-05,2.550026304742478711e-01,2.069272781113157267e-02,2.055848782061890992e-02,1.499608130571443779e-02,8.879680755341746925e-07,2.359343202368548506e-06,5.853040750331498510e-01,2.820260040121648493e-02,2.801947720876602280e-02,2.900190425722794577e-02
1.612499999999986315e-09,-2.837360214498224975e-05,-3.756710456353520665e-05,2.558479932848979344e-01,2.073344476839659653e-02,2.059894817770718811e-02,1.501428907744697949e-02,8.880123651350175530e-07,2.359417407037047479e-06,5.864283317209927349e-01,2.820471978294177701e-02,2.802159985035312592e-02,2.900446849692676562e-02
1.616249999999986224e-09,-2.836481494818345495e-05,-3.754501198776748222e-05,2.566940612698979107e-01,2.077412061576237867e-02,2.063936770558650116e-02,1.503243914546917477e-02,8.880563759324315023e-07,2.359491124094492893e-06,5.875525882501440034e-01,2.820683137525539091e-02,2.802371469351774488e-02,2.900702398638167409e-02
1.619999999999986134e-09,-2.835603753912341183e-05,-3.752294814517418721e-05,2.575408321363946151e-01,2.081475539435080624e-02,2.067974644495870068e-02,1.505053170175884615e-02,8.881001101602592626e-07,2.359564357651342518e-06,5.886768446217117701e-01,2.820893523130076075e-02,2.802582179145808594e-02,2.900957078362203026e-02
1.623749999999986043e-09,-2.834726993668604570e-05,-3.750091304867774438e-05,2.583883035995471200e-01,2.085534914545673218e-02,2.072008443669879491e-02,1.506856693784749436e-02,8.881435700308424718e-07,2.359637111775980304e-06,5.898011008367943786e-01,2.821103140372276802e-02,2.802792119687359113e-02,2.901210894614141000e-02
1.627499999999985953e-09,-2.833851215941868455e-05,-3.747890671058212042e-05,2.592364733825044398e-01,2.089590191054545298e-02,2.076038172185242989e-02,1.508654504481819238e-02,8.881867577493738101e-07,2.359709390504511467e-06,5.909253568964792924e-01,2.821311994467170722e-02,2.803001296197116243e-02,2.901463853090287606e-02
1.631249999999985862e-09,-2.832976422554528968e-05,-3.745692914259365626e-05,2.600853392163821054e-01,2.093641373125007532e-02,2.080063834163329781e-02,1.510446621330355926e-02,8.882296754972951534e-07,2.359781197833176467e-06,5.920496128018440940e-01,2.821520090581120660e-02,2.803209713847055334e-02,2.901715959434559428e-02
1.634999999999985772e-09,-2.832102615295993014e-05,-3.743498035581111269e-05,2.609348988402411251e-01,2.097688464936906319e-02,2.084085433742065979e-02,1.512233063348373922e-02,8.882723254341983159e-07,2.359852537707780032e-06,5.931738685539568179e-01,2.821727433832354678e-02,2.803417377761010382e-02,2.901967219238704709e-02
1.638749999999985681e-09,-2.831229795923266796e-05,-3.741306036073939234e-05,2.617851500010628385e-01,2.101731470686369480e-02,2.088102975075683404e-02,1.514013849508448646e-02,8.883147096988313251e-07,2.359923414033235529e-06,5.942981241538745074e-01,2.821934029291576704e-02,2.803624293015233651e-02,2.902217638043414275e-02
1.642499999999985591e-09,-2.830357966161311227e-05,-3.739116916729419491e-05,2.626360904537294871e-01,2.105770394585559577e-02,2.092116462334468394e-02,1.515788998737525872e-02,8.883568304091627962e-07,2.359993830682712918e-06,5.954223796026455462e-01,2.822139881982550433e-02,2.803830464638945238e-02,2.902467221339299214e-02
1.646249999999985500e-09,-2.829487127703077845e-05,-3.736930678480949823e-05,2.634877179609984021e-01,2.109805240862425504e-02,2.096125899704524148e-02,1.517558529916741318e-02,8.883986896608776014e-07,2.360063791488792339e-06,5.965466349013088809e-01,2.822344996882606913e-02,2.804035897614886100e-02,2.902715974567013704e-02
1.649999999999985410e-09,-2.828617282210454779e-05,-3.734747322203499679e-05,2.643400302934812429e-01,2.113836013760470728e-02,2.100131291387522664e-02,1.519322461881237110e-02,8.884402895285898217e-07,2.360133300244873577e-06,5.976708900508929112e-01,2.822549378923186816e-02,2.804240596879856162e-02,2.902963903117837877e-02
1.653749999999985319e-09,-2.827748431313160864e-05,-3.732566848715071815e-05,2.651930252296206825e-01,2.117862717538495157e-02,2.104132641600464995e-02,1.521080813419991955e-02,8.884816320685871328e-07,2.360202360704701722e-06,5.987951450524162667e-01,2.822753032990364327e-02,2.804444567325246884e-02,2.903211012334235702e-02
1.657499999999985229e-09,-2.826880576610309601e-05,-3.730389258776766669e-05,2.660467005556669262e-01,2.121885356470372061e-02,2.108129954575445678e-02,1.522833603275647492e-02,8.885227193147853767e-07,2.360270976583370058e-06,5.999193999068899164e-01,2.822955963925374845e-02,2.804647813797563061e-02,2.903457307510414614e-02
1.661249999999985138e-09,-2.826013719670314968e-05,-3.728214553093419330e-05,2.669010540656568398e-01,2.125903934844804166e-02,2.112123234559415419e-02,1.524580850144351650e-02,8.885635532811409106e-07,2.360339151560233854e-06,6.010436546153145043e-01,2.823158176525136093e-02,2.804850341098940464e-02,2.903702793892878886e-02
1.664999999999985048e-09,-2.825147862030399462e-05,-3.726042732313949871e-05,2.677560835613879142e-01,2.129918456965092938e-02,2.116112485813951422e-02,1.526322572675586908e-02,8.886041359642594690e-07,2.360406889274607435e-06,6.021679091786817928e-01,2.823359675542750497e-02,2.805052153987656546e-02,2.903947476680966699e-02
1.668749999999984957e-09,-2.824283005198165855e-05,-3.723873797032201572e-05,2.686117868523995589e-01,2.133928927148907514e-02,2.120097712615021113e-02,1.528058789472027355e-02,8.886444693390186972e-07,2.360474193328776239e-06,6.032921635979746622e-01,2.823560465688007906e-02,2.805253257178632470e-02,2.904191361027391727e-02
1.672499999999984867e-09,-2.823419150650461492e-05,-3.721707747787335297e-05,2.694681617559465114e-01,2.137935349728052603e-02,2.124078919252757325e-02,1.529789519089378054e-02,8.886845553613972415e-07,2.360541067288992917e-06,6.044164178741664450e-01,2.823760551627884502e-02,2.805453655343930625e-02,2.904434452038767711e-02
1.676249999999984776e-09,-2.822556299834645452e-05,-3.719544585064336363e-05,2.703252060969784654e-01,2.141937729048246086e-02,2.128056110031227577e-02,1.531514780036236263e-02,8.887243959694844121e-07,2.360607514684891195e-06,6.055406720082228134e-01,2.823959937987031293e-02,2.805653353113241391e-02,2.904676754776126801e-02
1.679999999999984686e-09,-2.821694454168162318e-05,-3.717384309294308626e-05,2.711829177081156450e-01,2.145936069468891774e-02,2.132029289268218969e-02,1.533234590773947977e-02,8.887639930820198989e-07,2.360673539012311573e-06,6.066649260011001132e-01,2.824158629348251862e-02,2.805852355074366783e-02,2.904918274255437888e-02
1.683749999999984595e-09,-2.820833615039694149e-05,-3.715226920855455007e-05,2.720412944296272117e-01,2.149930375362857707e-02,2.135998461295005729e-02,1.534948969716465328e-02,8.888033485987156433e-07,2.360739143730326541e-06,6.077891798537458090e-01,2.824356630252982184e-02,2.806050665773697494e-02,2.905159015448111059e-02
1.687499999999984505e-09,-2.819973783807998004e-05,-3.713072420073123571e-05,2.729003341094073942e-01,2.153920651116252374e-02,2.139963630456136190e-02,1.536657935230218569e-02,8.888424644009605702e-07,2.360804332261332066e-06,6.089134335670990383e-01,2.824553945201759356e-02,2.806248289716679542e-02,2.905398983281497205e-02
1.691249999999984414e-09,-2.819114961803470247e-05,-3.710920807220646430e-05,2.737600346029531173e-01,2.157906901128214816e-02,2.143924801109209008e-02,1.538361505633990128e-02,8.888813423532740962e-07,2.360869107996055246e-06,6.100376871420908342e-01,2.824750578654679906e-02,2.806445231368279516e-02,2.905638182639382408e-02
1.694999999999984324e-09,-2.818257150327820271e-05,-3.708772082519688041e-05,2.746203937733408540e-01,2.161889129810691534e-02,2.147881977624666386e-02,1.540059699198784333e-02,8.889199843007480905e-07,2.360933474289969667e-06,6.111619405796434590e-01,2.824946535031859843e-02,2.806641495153440122e-02,2.905876618362474018e-02
1.698749999999984233e-09,-2.817400350654118604e-05,-3.706626246140544038e-05,2.754814094912042544e-01,2.165867341588225553e-02,2.151835164385574109e-02,1.541752534147708409e-02,8.889583920707680453e-07,2.360997434464254247e-06,6.122861938806716253e-01,2.825141818713883604e-02,2.806837085457531203e-02,2.906114295248880125e-02
1.702499999999984143e-09,-2.816544564027256346e-05,-3.704483298203196300e-05,2.763430796347098317e-01,2.169841540897741658e-02,2.155784365787408868e-02,1.543440028655857464e-02,8.889965674748731604e-07,2.361060991809296560e-06,6.134104470460811642e-01,2.825336434042249878e-02,2.807032006626796611e-02,2.906351218054581756e-02
1.706249999999984053e-09,-2.815689791664496074e-05,-3.702343238777377322e-05,2.772054020895364235e-01,2.173811732188339965e-02,2.159729586237856339e-02,1.545122200850202777e-02,8.890345122997947349e-07,2.361124149589700498e-06,6.145347000767701351e-01,2.825530385318827595e-02,2.807226262969645184e-02,2.906587391494121556e-02
1.709999999999983962e-09,-2.814836034755160816e-05,-3.700206067882919872e-05,2.780683747488498780e-01,2.177777919921088101e-02,2.163670830156598154e-02,1.546799068809483896e-02,8.890722283070699196e-07,2.361186911048033545e-06,6.156589529736286037e-01,2.825723676806869353e-02,2.807419858756599745e-02,2.906822820240845956e-02
1.713749999999983872e-09,-2.813983294461097544e-05,-3.698071785490641972e-05,2.789319955132812390e-01,2.181740108568811301e-02,2.167608101975107907e-02,1.548470650564103684e-02,8.891097172567925214e-07,2.361249279436316071e-06,6.167832057375393084e-01,2.825916312733228047e-02,2.807612798218296624e-02,2.907057508927701761e-02
1.717499999999983781e-09,-2.813131571917172521e-05,-3.695940391522487163e-05,2.797962622909042629e-01,2.185698302615892916e-02,2.171541406136450955e-02,1.550136964096027539e-02,8.891469809013991693e-07,2.361311257977135745e-06,6.179074583693762168e-01,2.826108297287891272e-02,2.807805085547327231e-02,2.907291462147457151e-02
1.721249999999983691e-09,-2.812280868230602481e-05,-3.693811885852011723e-05,2.806611729972113833e-01,2.189652506558072143e-02,2.175470747095071058e-02,1.551798027338685028e-02,8.891840209688540162e-07,2.361372849809061347e-06,6.190317108700056359e-01,2.826299634623495940e-02,2.807996724900489391e-02,2.907524684452455002e-02
1.724999999999983600e-09,-2.811431184482262791e-05,-3.691686268304917955e-05,2.815267255550917835e-01,2.193602724902248002e-02,2.179396129316608227e-02,1.553453858176883327e-02,8.892208391678732386e-07,2.361434058027269848e-06,6.201559632402876554e-01,2.826490328856047854e-02,2.808187720398259979e-02,2.907757180355498988e-02
1.728749999999983510e-09,-2.810582521726513635e-05,-3.689563538660009642e-05,2.823929178948075824e-01,2.197548962166275335e-02,2.183317557277687088e-02,1.555104474446710773e-02,8.892574371923533244e-07,2.361494885695987641e-06,6.212802154810738164e-01,2.826680384065411583e-02,2.808378076124938907e-02,2.907988954330411463e-02
1.732499999999983419e-09,-2.809734880991243049e-05,-3.687443696648882372e-05,2.832597479539725738e-01,2.201491222878773635e-02,2.187235035465731614e-02,1.556749893935459664e-02,8.892938167213981782e-07,2.361555335849405325e-06,6.224044675932077775e-01,2.826869804295708069e-02,2.808567796129044641e-02,2.908220010812459511e-02
1.736249999999983329e-09,-2.808888263278245707e-05,-3.685326741957076181e-05,2.841272136775269685e-01,2.205429511578931717e-02,2.191148568378766676e-02,1.558390134381533627e-02,8.893299794169846981e-07,2.361615411491586235e-06,6.235287195775267577e-01,2.827058593555709445e-02,2.808756884423709368e-02,2.908450354198773360e-02
1.739999999999983238e-09,-2.808042669563351338e-05,-3.683212674223839057e-05,2.849953130177163008e-01,2.209363832816315862e-02,2.195058160525230340e-02,1.560025213474382222e-02,8.893659269244811607e-07,2.361675115597886064e-06,6.246529714348606488e-01,2.827246755819228310e-02,2.808945344987070006e-02,2.908679988848762721e-02
1.743749999999983148e-09,-2.807198100796602598e-05,-3.681101493043203017e-05,2.858640439340683903e-01,2.213294191150680379e-02,2.198963816423777154e-02,1.561655148854415587e-02,8.894016608708108526e-07,2.361734451117395708e-06,6.257772231660316820e-01,2.827434295025738759e-02,2.809133181762723391e-02,2.908908919084509173e-02
1.747499999999983057e-09,-2.806354557903158688e-05,-3.678993197964449633e-05,2.867334043933686405e-01,2.217220591151778872e-02,2.202865540603100858e-02,1.563279958112941473e-02,8.894371828506589868e-07,2.361793420981974024e-06,6.269014747718549829e-01,2.827621215081424846e-02,2.809320398660315743e-02,2.909137149191117627e-02
1.751249999999982967e-09,-2.805512041782334478e-05,-3.676887788491669574e-05,2.876033923696404426e-01,2.221143037399178968e-02,2.206763337601736277e-02,1.564899658792092210e-02,8.894724944471572468e-07,2.361852028093620263e-06,6.280257262531383500e-01,2.827807519858394070e-02,2.809506999555552373e-02,2.909364683417202391e-02
1.754999999999982876e-09,-2.804670553308569175e-05,-3.674785264085226282e-05,2.884740058441187527e-01,2.225061534482080522e-02,2.210657211967888974e-02,1.566514268384761044e-02,8.895075972469067629e-07,2.361910275311694039e-06,6.291499776106833641e-01,2.827993213194369970e-02,2.809692988290360405e-02,2.909591525975324666e-02
1.758749999999982786e-09,-2.803830093331977910e-05,-3.672685624161787138e-05,2.893452428052302738e-01,2.228976086999128609e-02,2.214547168259239918e-02,1.568123804334546970e-02,8.895424928204997430e-07,2.361968165468172085e-06,6.302742288452848340e-01,2.828178298893982770e-02,2.809878368673538254e-02,2.909817681042319720e-02
1.762499999999982695e-09,-2.802990662677582630e-05,-3.670588868094972634e-05,2.902171012485684765e-01,2.232886699558231380e-02,2.218433211042772357e-02,1.569728284035690896e-02,8.895771827218858913e-07,2.362025701367905748e-06,6.313984799577300189e-01,2.828362780729119438e-02,2.810063144481075512e-02,2.910043152759909588e-02
1.766249999999982605e-09,-2.802152262145905028e-05,-3.668494995215189672e-05,2.910895791768717822e-01,2.236793376776385206e-02,2.222315344894593148e-02,1.571327724833023604e-02,8.896116684815046657e-07,2.362082885786849002e-06,6.325227309487991834e-01,2.828546662439267514e-02,2.810247319456432580e-02,2.910267945235544759e-02
1.769999999999982514e-09,-2.801314892514109012e-05,-3.666404004810808605e-05,2.919626746000010820e-01,2.240696123279492177e-02,2.226193574399748173e-02,1.572922144021914742e-02,8.896459516163615817e-07,2.362139721473694912e-06,6.336469818192667081e-01,2.828729947731893277e-02,2.810430897311044784e-02,2.910492062541846989e-02
1.773749999999982424e-09,-2.800478554534282930e-05,-3.664315896128270974e-05,2.928363855349155331e-01,2.244594943702192882e-02,2.230067904152058939e-02,1.574511558848227730e-02,8.896800336183357692e-07,2.362196211123925932e-06,6.347712325699006453e-01,2.828912640283089489e-02,2.810613881724997182e-02,2.910715508716342492e-02
1.777499999999982333e-09,-2.799643248935712323e-05,-3.662230668372504222e-05,2.937107100056512432e-01,2.248489842687683565e-02,2.233938338753940073e-02,1.576095986508267016e-02,8.897139159652320587e-07,2.362252357402897250e-06,6.358954832014614977e-01,2.829094743737633338e-02,2.810796276347016578e-02,2.910938287762683888e-02
1.781249999999982243e-09,-2.798808976423865862e-05,-3.660148320707688762e-05,2.945856460432976220e-01,2.252380824887549593e-02,2.237804882816231064e-02,1.577675444148748593e-02,8.897476001422176912e-07,2.362308162980070468e-06,6.370197337147036620e-01,2.829276261708992685e-02,2.810978084794536411e-02,2.911160403651188305e-02
1.784999999999982152e-09,-2.797975737680933377e-05,-3.658068852256887320e-05,2.954611916859748999e-01,2.256267894961594758e-02,2.241667540958025909e-02,1.579249948866747605e-02,8.897810876230046340e-07,2.362363630504049850e-06,6.381439841103749844e-01,2.829457197779930780e-02,2.811159310654254284e-02,2.911381860319042780e-02
1.788749999999982062e-09,-2.797143533365942757e-05,-3.655992262103160300e-05,2.963373449788124225e-01,2.260151057577668501e-02,2.245526317806506231e-02,1.580819517709673022e-02,8.898143798678641357e-07,2.362418762596629372e-06,6.392682343892169827e-01,2.829637555502859808e-02,2.811339957482485510e-02,2.911602661670641481e-02
1.792499999999981971e-09,-2.796312364114885639e-05,-3.653918549290031324e-05,2.972141039739235047e-01,2.264030317411502846e-02,2.249381217996769197e-02,1.582384167675230519e-02,8.898474783234437669e-07,2.362473561856096152e-06,6.403924845519658460e-01,2.829817338400163543e-02,2.811520028805487501e-02,2.911822811577928147e-02
1.796249999999981881e-09,-2.795482230541407578e-05,-3.651847712821040668e-05,2.980914667303845023e-01,2.267905679146547254e-02,2.253232246171668271e-02,1.583943915711393327e-02,8.898803844254135511e-07,2.362528030856034440e-06,6.415167345993505466e-01,2.829996549964471780e-02,2.811699528119693606e-02,2.912042313880744762e-02
1.799999999999981790e-09,-2.794653133236084001e-05,-3.649779751661203517e-05,2.989694313142137183e-01,2.271777147473799663e-02,2.257079406981644595e-02,1.585498778716374832e-02,8.899130996020404442e-07,2.362582172158566435e-06,6.426409845320939507e-01,2.830175193658624258e-02,2.811878458891410928e-02,2.912261172387230895e-02
1.803749999999981700e-09,-2.793825072767648065e-05,-3.647714664736727394e-05,2.998479957983435917e-01,2.275644727091648972e-02,2.260922705084569481e-02,1.587048773538604282e-02,8.899456252733751820e-07,2.362635988301148738e-06,6.437652343509129294e-01,2.830353272916265317e-02,2.812056824557907994e-02,2.912479390873711979e-02
1.807499999999981609e-09,-2.792998049682602040e-05,-3.645652450935710117e-05,3.007271582626043216e-01,2.279508422705716145e-02,2.264762145145579955e-02,1.588593916976707363e-02,8.899779628477218478e-07,2.362689481784439448e-06,6.448894840565184694e-01,2.830530791142464586e-02,2.812234628528325134e-02,2.912696973084890131e-02
1.811249999999981519e-09,-2.792172064505162420e-05,-3.643593109108363414e-05,3.016069167936967221e-01,2.283368239028686977e-02,2.268597731836923675e-02,1.590134225779485377e-02,8.900101137136588215e-07,2.362742655082753943e-06,6.460137336496164506e-01,2.830707751713996273e-02,2.812411874183329968e-02,2.912913922735057420e-02
1.814999999999981428e-09,-2.791347117738181494e-05,-3.641536638067544859e-05,3.024872694851716282e-01,2.287224180780162916e-02,2.272429469837801072e-02,1.591669716645899985e-02,8.900420792415058408e-07,2.362795510649743383e-06,6.471379831309053143e-01,2.830884157979674659e-02,2.812588564875431393e-02,2.913130243508489994e-02
1.818749999999981338e-09,-2.790523209862800404e-05,-3.639483036588901530e-05,3.033682144374070244e-01,2.291076252686504583e-02,2.276257363834208527e-02,1.593200406225061747e-02,8.900738607876641979e-07,2.362848050915812955e-06,6.482622325010783948e-01,2.831060013260439448e-02,2.812764703929234930e-02,2.913345939059313813e-02
1.822499999999981247e-09,-2.789700341338987178e-05,-3.637432303412042981e-05,3.042497497575849530e-01,2.294924459480672876e-02,2.280081418518788150e-02,1.594726311116216599e-02,8.901054596962430429e-07,2.362900278285790841e-06,6.493864817608240303e-01,2.831235320849647893e-02,2.812940294641732425e-02,2.913561013011819328e-02
1.826249999999981157e-09,-2.788878512605149807e-05,-3.635384437239753838e-05,3.051318735596700860e-01,2.298768805902081866e-02,2.283901638590669220e-02,1.596247447868736832e-02,8.901368773012989391e-07,2.362952195145352112e-06,6.505107309108235647e-01,2.831410084013364151e-02,2.813115340282595217e-02,2.913775468960770262e-02
1.829999999999981066e-09,-2.788057724079401372e-05,-3.633339436739251477e-05,3.060145839643865773e-01,2.302609296696444055e-02,2.287718028755328717e-02,1.597763832982124210e-02,8.901681149231699039e-07,2.363003803856349888e-06,6.516349799517533459e-01,2.831584305990641343e-02,2.813289844094453776e-02,2.913989310471705105e-02
1.833749999999980976e-09,-2.787237976158474148e-05,-3.631297300542231420e-05,3.068978790991954142e-01,2.306445936615620154e-02,2.291530593724422360e-02,1.599275482905994708e-02,8.901991738707488457e-07,2.363055106758780446e-06,6.527592288842847257e-01,2.831757989993806748e-02,2.813463809293184625e-02,2.914202541081241382e-02
1.837499999999980885e-09,-2.786419269218791948e-05,-3.629258027245500919e-05,3.077817570982722684e-01,2.310278730417473364e-02,2.295339338215657277e-02,1.600782414040086837e-02,8.902300554391931865e-07,2.363106106170217410e-06,6.538834777090822836e-01,2.831931139208737278e-02,2.813637239068188245e-02,2.914415164297371602e-02
1.841249999999980795e-09,-2.785601603616423368e-05,-3.627221615410823103e-05,3.086662161024850692e-01,2.314107682865725046e-02,2.299144266952634144e-02,1.602284642734262340e-02,8.902607609164131346e-07,2.363156804387217823e-06,6.550077264268057142e-01,2.832103756795132862e-02,2.813810136582658300e-02,2.914627183599755034e-02
1.844999999999980704e-09,-2.784784979687253564e-05,-3.625188063565915796e-05,3.095512542593722438e-01,2.317932798729800334e-02,2.302945384664705636e-02,1.603782185288505149e-02,8.902912915760311462e-07,2.363207203684536097e-06,6.561319750381093829e-01,2.832275845886786034e-02,2.813982504973855381e-02,2.914838602440012263e-02
1.848749999999980614e-09,-2.783969397746928346e-05,-3.623157370204495563e-05,3.104368697231187912e-01,2.321754082784695944e-02,2.306742696086831051e-02,1.605275057952933529e-02,8.903216486792453986e-07,2.363257306316580915e-06,6.572562235436422151e-01,2.832447409591855661e-02,2.814154347353377619e-02,2.915049424242008996e-02
1.852499999999980523e-09,-2.783154858091388151e-05,-3.621129533786626015e-05,3.113230606545356327e-01,2.325571539810827870e-02,2.310536205959436151e-02,1.606763276927809445e-02,8.903518334799492568e-07,2.363307114516967995e-06,6.583804719440491393e-01,2.832618450993126466e-02,2.814325666807421938e-02,2.915259652402135346e-02
1.856249999999980433e-09,-2.782341360997055745e-05,-3.619104552738921767e-05,3.122098252210371849e-01,2.329385174593896074e-02,2.314325919028270215e-02,1.608246858363545848e-02,8.903818472177076765e-07,2.363356630497069968e-06,6.595047202399673125e-01,2.832788973148268538e-02,2.814496466397045996e-02,2.915469290289592064e-02
1.859999999999980342e-09,-2.781528906720653939e-05,-3.617082425455723447e-05,3.130971615966163801e-01,2.333194991924745360e-02,2.318111840044271427e-02,1.609725818360723329e-02,8.904116911215891809e-07,2.363405856450258324e-06,6.606289684320292288e-01,2.832958979090098584e-02,2.814666749158427350e-02,2.915678341246661850e-02
1.863749999999980458e-09,-2.780717495499744643e-05,-3.615063150298487155e-05,3.139850679618280127e-01,2.337000996599224514e-02,2.321893973763421160e-02,1.611200172970103303e-02,8.904413664104165831e-07,2.363454794547065153e-06,6.617532165208642736e-01,2.833128471826832501e-02,2.814836518103116733e-02,2.915886808588982054e-02
1.867499999999980575e-09,-2.779907127552751564e-05,-3.613046725596338757e-05,3.148735425037607616e-01,2.340803193418049613e-02,2.325672324946619074e-02,1.612669938192649866e-02,8.904708742933294151e-07,2.363503446940326335e-06,6.628774645070953930e-01,2.833297454342337263e-02,2.815005776218289235e-02,2.916094695605817022e-02
1.871249999999980691e-09,-2.779097803079241087e-05,-3.611033149646944641e-05,3.157625834160186495e-01,2.344601587186671832e-02,2.329446898359533932e-02,1.614135129979546793e-02,8.905002159669446742e-07,2.363551815763009745e-06,6.640017123913400932e-01,2.833465929596379329e-02,2.815174526466995147e-02,2.916302005560319349e-02
1.874999999999980807e-09,-2.778289522259863654e-05,-3.609022420716372119e-05,3.166521888986968403e-01,2.348396182715139710e-02,2.333217698772481127e-02,1.615595764232220094e-02,8.905293926177996653e-07,2.363599903126924374e-06,6.651259601742114391e-01,2.833633900524861957e-02,2.815342771788383047e-02,2.916508741689791476e-02
1.878749999999980924e-09,-2.777482285256718673e-05,-3.607014537039589523e-05,3.175423571583615989e-01,2.352186984817969742e-02,2.336984730960287721e-02,1.617051856802362297e-02,8.905584054233481122e-07,2.363647711126718327e-06,6.662502078563175001e-01,2.833801370040037529e-02,2.815510515097883332e-02,2.916714907205923690e-02
1.882499999999981040e-09,-2.776676092213443956e-05,-3.605009496821026595e-05,3.184330864080269774e-01,2.355973998314012802e-02,2.340747999702154011e-02,1.618503423491961940e-02,8.905872555499205019e-07,2.363695241837412259e-06,6.673744554382616823e-01,2.833968341030795868e-02,2.815677759287553428e-02,2.916920505295082788e-02
1.886249999999981156e-09,-2.775870943255827962e-05,-3.603007298234285144e-05,3.193243748671328319e-01,2.359757228026326120e-02,2.344507509781536270e-02,1.619950480053328895e-02,8.906159441545536759e-07,2.363742497316418707e-06,6.684987029206415077e-01,2.834134816362925829e-02,2.815844507226368879e-02,2.917125539118583383e-02
1.889999999999981272e-09,-2.775066838490945144e-05,-3.601007939423274070e-05,3.202162207615222300e-01,2.363536678782042141e-02,2.348263265986009346e-02,1.621393042189122474e-02,8.906444723825242705e-07,2.363789479599411953e-06,6.696229503040515008e-01,2.834300798879312716e-02,2.816010761760374265e-02,2.917330011812914459e-02
1.893749999999981389e-09,-2.774263778008483752e-05,-3.599011418502069773e-05,3.211086223234216330e-01,2.367312355412242580e-02,2.352015273107139690e-02,1.622831125552392020e-02,8.906728413694629104e-07,2.363836190701059861e-06,6.707471975890800797e-01,2.834466291399984073e-02,2.816176525713060680e-02,2.917533926490029419e-02
1.897499999999981505e-09,-2.773461761880187480e-05,-3.597017733555105210e-05,3.220015777914169708e-01,2.371084262751834912e-02,2.355763535940366693e-02,1.624264745746601887e-02,8.907010522433735360e-07,2.363882632618693227e-06,6.718714447763105557e-01,2.834631296722494448e-02,2.816341801885472243e-02,2.917737286237557723e-02
1.901249999999981621e-09,-2.772660790160267789e-05,-3.595026882638247998e-05,3.228950854104329915e-01,2.374852405639421224e-02,2.359508059284869466e-02,1.625693918325671339e-02,8.907291061198527489e-07,2.363928807333413694e-06,6.729956918663234644e-01,2.834795817622367056e-02,2.816506593056265079e-02,2.917940094118984945e-02
1.904999999999981738e-09,-2.771860862885695636e-05,-3.593038863778080777e-05,3.237891434317103356e-01,2.378616788917181299e-02,2.363248847943452344e-02,1.627118658794017222e-02,8.907570041038279237e-07,2.363974716810388521e-06,6.741199388596930131e-01,2.834959856853157961e-02,2.816670901982051139e-02,2.918142353173931725e-02
1.908749999999981854e-09,-2.771061980075899584e-05,-3.591053674973221902e-05,3.246837501127849412e-01,2.382377417430748059e-02,2.366985906722412353e-02,1.628538982606587276e-02,8.907847472856269752e-07,2.364020362994866142e-06,6.752441857569897454e-01,2.835123417146699631e-02,2.816834731397534208e-02,2.918344066418279703e-02
1.912499999999981970e-09,-2.770264141733493917e-05,-3.589071314193929710e-05,3.255789037174649514e-01,2.386134296029086832e-02,2.370719240431429231e-02,1.629954905168903498e-02,8.908123367328976640e-07,2.364065747813301021e-06,6.763684325587793200e-01,2.835286501213348659e-02,2.816998084015660472e-02,2.918545236844311691e-02
1.916249999999982087e-09,-2.769467347844125490e-05,-3.587091779382917703e-05,3.264746025158113407e-01,2.389887429564369406e-02,2.374448853883435670e-02,1.631366441837107245e-02,8.908397735110481954e-07,2.364110873176948467e-06,6.774926792656228436e-01,2.835449111742061046e-02,2.817160962528115348e-02,2.918745867421283779e-02
1.919999999999982203e-09,-2.768671598376977892e-05,-3.585115068455221735e-05,3.273708447841132685e-01,2.393636822891870644e-02,2.378174751894506639e-02,1.632773607918004341e-02,8.908670586894610536e-07,2.364155740979913061e-06,6.786169258780782032e-01,2.835611251400576086e-02,2.817323369605607281e-02,2.918945961095735508e-02
1.923749999999982319e-09,-2.767876893284511566e-05,-3.583141179298963020e-05,3.282676288048679281e-01,2.397382480869836990e-02,2.381896939283741077e-02,1.634176418669110523e-02,8.908941933280963281e-07,2.364200353098931825e-06,6.797411723966966246e-01,2.835772922835707449e-02,2.817485307897895502e-02,2.919145520791503051e-02
1.927499999999982435e-09,-2.767083232502281197e-05,-3.581170109775055394e-05,3.291649528667600633e-01,2.401124408359372325e-02,2.385615420873142545e-02,1.635574889298701401e-02,8.909211784797007759e-07,2.364244711395495184e-06,6.808654188220263359e-01,2.835934128673550311e-02,2.817646780034003401e-02,2.919344549409941258e-02
1.931249999999982552e-09,-2.766290615950283506e-05,-3.579201857718708972e-05,3.300628152646377655e-01,2.404862610224332148e-02,2.389330201487507854e-02,1.636969034965862074e-02,8.909480151851118706e-07,2.364288817712641800e-06,6.819896651546122346e-01,2.836094871519687782e-02,2.817807788622418014e-02,2.919543049830139458e-02
1.934999999999982668e-09,-2.765499043532198989e-05,-3.577236420937787579e-05,3.309612142994944328e-01,2.408597091331196594e-02,2.393041285954309108e-02,1.638358870780541252e-02,8.909747044844826833e-07,2.364332673875388862e-06,6.831139113949931119e-01,2.836255153958961578e-02,2.817968336250983863e-02,2.919741024908627941e-02
1.938749999999982784e-09,-2.764708515135595881e-05,-3.575273797215598536e-05,3.318601482784431789e-01,2.412327856548971555e-02,2.396748679103587534e-02,1.639744411803600518e-02,8.910012474141038150e-07,2.364376281694950308e-06,6.842381575437044283e-01,2.836414978555987926e-02,2.818128425487331085e-02,2.919938477479965683e-02
1.942499999999982901e-09,-2.763919030632360787e-05,-3.573313984308617197e-05,3.327596155146999024e-01,2.416054910749062742e-02,2.400452385767838648e-02,1.641125673046872277e-02,8.910276449923087679e-07,2.364419642963393745e-06,6.853624036012776477e-01,2.836574347855902803e-02,2.818288058879465235e-02,2.920135410357608749e-02
1.946249999999983017e-09,-2.763130589878535375e-05,-3.571356979948918267e-05,3.336596143275576964e-01,2.419778258805178536e-02,2.404152410781898452e-02,1.642502669473219767e-02,8.910538982252879802e-07,2.364462759460044016e-06,6.864866495682400149e-01,2.836733264384243280e-02,2.818447238955739884e-02,2.920331826333744801e-02
1.949999999999983133e-09,-2.762343192714968254e-05,-3.569402781842971660e-05,3.345601430423687517e-01,2.423497905593209947e-02,2.407848758982844214e-02,1.643875415996585640e-02,8.910800081104091946e-07,2.364505632951178268e-06,6.876108954451142230e-01,2.836891730647021423e-02,2.818605968224962080e-02,2.920527728179360058e-02
1.953749999999983250e-09,-2.761556838966988355e-05,-3.567451387673072294e-05,3.354611999905219299e-01,2.427213855991135899e-02,2.411541435209878584e-02,1.645243927482064120e-02,8.911059756392430606e-07,2.364548265182998967e-06,6.887351412324191902e-01,2.837049749130914414e-02,2.818764249176582137e-02,2.920723118644441910e-02
1.957499999999983366e-09,-2.760771528444845390e-05,-3.565502795096721415e-05,3.363627835094201157e-01,2.430926114878901451e-02,2.415230444304225510e-02,1.646608218745951660e-02,8.911318017937921434e-07,2.364590657888359341e-06,6.898593869306697268e-01,2.837207322303452600e-02,2.818922084280883755e-02,2.920918000458179800e-02
1.961249999999983482e-09,-2.759987260943565516e-05,-3.563557001747606447e-05,3.372648919424605651e-01,2.434634687138323081e-02,2.418915791109023036e-02,1.647968304555817373e-02,8.911574875460606313e-07,2.364632812784910070e-06,6.909836325403773127e-01,2.837364452613203719e-02,2.819079475989168249e-02,2.921112376329165761e-02
1.964999999999983598e-09,-2.759204036243603216e-05,-3.561614005235713476e-05,3.381675236390150330e-01,2.438339577652978707e-02,2.422597480469224074e-02,1.649324199630562010e-02,8.911830338690657639e-07,2.364674731571789082e-06,6.921078780620493198e-01,2.837521142489984188e-02,2.819236426733947448e-02,2.921306248945310449e-02
1.968749999999983715e-09,-2.758421854110460467e-05,-3.559673803146770919e-05,3.390706769544060140e-01,2.442040791308103601e-02,2.426275517231485032e-02,1.650675918640485962e-02,8.912084417339511441e-07,2.364716415931888212e-06,6.932321234961882350e-01,2.837677394345046109e-02,2.819392938929126541e-02,2.921499620973947581e-02
1.972499999999983831e-09,-2.757640714294970670e-05,-3.557736393044144848e-05,3.399743502498861480e-01,2.445738332990495673e-02,2.429949906244070063e-02,1.652023476207355179e-02,8.912337120955600726e-07,2.364757867535227783e-06,6.943563688432936587e-01,2.837833210571200429e-02,2.819549014970167133e-02,2.921692495062690187e-02
1.976249999999983947e-09,-2.756860616533394191e-05,-3.555801772467947905e-05,3.408785418926200683e-01,2.449432207588401328e-02,2.433620652356748362e-02,1.653366886904468827e-02,8.912588458967757451e-07,2.364799088039779923e-06,6.954806141038614165e-01,2.837988593542989380e-02,2.819704657234265582e-02,2.921884873839700539e-02
1.979999999999984064e-09,-2.756081560548310122e-05,-3.553869938935503485e-05,3.417832502556587548e-01,2.453122419991423525e-02,2.437287760420689398e-02,1.654706165256732489e-02,8.912838440701949889e-07,2.364840079089134138e-06,6.966048592783826710e-01,2.838143545616893249e-02,2.819859868080536874e-02,2.922076759913508348e-02
1.983749999999984180e-09,-2.755303546047595774e-05,-3.551940889941776019e-05,3.426884737179218265e-01,2.456808975090424285e-02,2.440951235288368187e-02,1.656041325740722700e-02,8.913087075403745949e-07,2.364880842311985708e-06,6.977291043673454762e-01,2.838298069131503856e-02,2.820014649850188099e-02,2.922268155873199158e-02
1.987499999999984296e-09,-2.754526572725145636e-05,-3.550014622959654230e-05,3.435942106641768912e-01,2.460491877777420608e-02,2.444611081813468159e-02,1.657372382784766743e-02,8.913334372262301142e-07,2.364921379324243103e-06,6.988533493712345557e-01,2.838452166407695251e-02,2.820169004866689144e-02,2.922459064288594061e-02
1.991249999999984412e-09,-2.753750640261246106e-05,-3.548091135440253348e-05,3.445004594850171187e-01,2.464171132945484899e-02,2.448267304850779841e-02,1.658699350769010650e-02,8.913580340365228672e-07,2.364961691727255992e-06,6.999775942905299697e-01,2.838605839748791979e-02,2.820322935435942702e-02,2.922649487710436700e-02
1.994999999999984529e-09,-2.752975748322067948e-05,-3.546170424812974069e-05,3.454072185768412573e-01,2.467846745488660315e-02,2.451919909256109614e-02,1.660022244025496224e-02,8.913824988738376100e-07,2.365001781106988536e-06,7.011018391257088922e-01,2.838759091440739429e-02,2.820476443846453574e-02,2.922839428670571602e-02
1.998749999999984645e-09,-2.752201896560535005e-05,-3.544252488485724812e-05,3.463144863418318731e-01,2.471518720301854252e-02,2.455568899886178408e-02,1.661341076838234593e-02,8.914068326322786048e-07,2.365041649037349925e-06,7.022260838772445002e-01,2.838911923752267946e-02,2.820629532369493819e-02,2.923028889682120768e-02
2.002499999999984761e-09,-2.751429084616082295e-05,-3.542337323845935450e-05,3.472222611879378085e-01,2.475187062280749528e-02,2.459214281598531837e-02,1.662655863443287391e-02,8.914310361995804260e-07,2.365081297079499805e-06,7.033503285456069731e-01,2.839064338935057621e-02,2.820782203259266860e-02,2.923217873239662007e-02
2.006249999999984878e-09,-2.750657312114620086e-05,-3.540424928259584917e-05,3.481305415288488136e-01,2.478851776321707931e-02,2.462856059251449306e-02,1.663966618028841701e-02,8.914551104564269457e-07,2.365120726778538083e-06,7.044745731312624937e-01,2.839216339223898933e-02,2.820934458753066726e-02,2.923406381819401711e-02
2.009999999999984994e-09,-2.749886578669209498e-05,-3.538515299072707569e-05,3.490393257839787822e-01,2.482512867321682096e-02,2.466494237703845474e-02,1.665273354735289507e-02,8.914790562745641446e-07,2.365159939667543570e-06,7.055988176346732477e-01,2.839367926836851991e-02,2.821086301071441121e-02,2.923594417879347290e-02
2.013749999999985110e-09,-2.749116883879393006e-05,-3.536608433610725726e-05,3.499486123784436020e-01,2.486170340178121482e-02,2.470128821815184561e-02,1.666576087655310609e-02,8.915028745201882432e-07,2.365198937268068655e-06,7.067230620562987564e-01,2.839519103975408909e-02,2.821237732418349631e-02,2.923781983859475436e-02
2.017499999999985227e-09,-2.748348227332214264e-05,-3.534704329179275692e-05,3.508583997430408941e-01,2.489824199788879741e-02,2.473759816445387366e-02,1.667874830833953118e-02,8.915265660512894071e-07,2.365237721086049826e-06,7.078473063965950995e-01,2.839669872824644031e-02,2.821388754981320884e-02,2.923969082181902129e-02
2.021249999999985343e-09,-2.747580608601762745e-05,-3.532802983063873693e-05,3.517686863142296949e-01,2.493474451052131446e-02,2.477387226454739674e-02,1.669169598268715332e-02,8.915501317189290721e-07,2.365276292614270845e-06,7.089715506560142488e-01,2.839820235553374567e-02,2.821539370931606255e-02,2.924155715251049864e-02
2.024999999999985459e-09,-2.746814027249526783e-05,-3.530904392531067837e-05,3.526794705341104730e-01,2.497121098866279115e-02,2.481011056703814888e-02,1.670460403909628314e-02,8.915735723674161276e-07,2.365314653335923672e-06,7.100957948350050675e-01,2.839970194314309776e-02,2.821689582424330434e-02,2.924341885453809325e-02
2.028749999999985575e-09,-2.746048482824617185e-05,-3.529008554827765229e-05,3.535907508504038121e-01,2.500764148129864389e-02,2.484631312053368901e-02,1.671747261659344702e-02,8.915968888346321769e-07,2.365352804719946395e-06,7.112200389340141982e-01,2.840119751244201199e-02,2.821839391598646163e-02,2.924527595159703147e-02
2.032499999999985692e-09,-2.745283974863461631e-05,-3.527115467181969914e-05,3.545025257164301502e-01,2.504403603741487891e-02,2.488247997364271408e-02,1.673030185373223025e-02,8.916200819524821588e-07,2.365390748220169427e-06,7.123442829534833987e-01,2.840268908463997738e-02,2.821988800577884815e-02,2.924712846721050363e-02
2.036249999999985808e-09,-2.744520502890435533e-05,-3.525225126803165050e-05,3.554147935910911826e-01,2.508039470599717630e-02,2.491861117497408754e-02,1.674309188859413045e-02,8.916431525444006826e-07,2.365428485281044827e-06,7.134685268938514291e-01,2.840417668078935171e-02,2.822137811469844354e-02,2.924897642473187065e-02
2.039999999999985924e-09,-2.743758066417832908e-05,-3.523337530881959191e-05,3.563275529388478802e-01,2.511671753603005389e-02,2.495470677313603447e-02,1.675584285878943536e-02,8.916661014263311982e-07,2.365466017332201580e-06,7.145927707555546071e-01,2.840566032178619416e-02,2.822286426367094647e-02,2.925081984734698159e-02
2.043749999999986041e-09,-2.742996664945711191e-05,-3.521452676591116957e-05,3.572408022297017260e-01,2.515300457649604846e-02,2.499076681673532280e-02,1.676855490145814920e-02,8.916889293929058068e-07,2.365503345784166384e-06,7.157170145390254756e-01,2.840714002837398805e-02,2.822434647346681175e-02,2.925265875808163302e-02
2.047499999999986157e-09,-2.742236297962537023e-05,-3.519570561085095536e-05,3.581545399391720674e-01,2.518925587637488306e-02,2.502679135437643754e-02,1.678122815327083572e-02,8.917116372023274162e-07,2.365540472030555771e-06,7.168412582446930248e-01,2.840861582114598965e-02,2.822582476470118784e-02,2.925449317980878539e-02
2.051249999999986273e-09,-2.741476964945190986e-05,-3.517691181500658614e-05,3.590687645482800172e-01,2.522547148464261355e-02,2.506278043466067182e-02,1.679386275042960702e-02,8.917342256212590996e-07,2.365577397456441403e-06,7.179655018729843574e-01,2.841008772054408327e-02,2.822729915783814270e-02,2.925632313522902317e-02
2.054999999999986390e-09,-2.740718665358854444e-05,-3.515814534957280920e-05,3.599834745435256944e-01,2.526165145027087916e-02,2.509873410618541911e-02,1.680645882866893190e-02,8.917566954399114461e-07,2.365614123445051802e-06,7.190897454243225795e-01,2.841155574685982205e-02,2.822876967319204455e-02,2.925814864686570108e-02
2.058749999999986506e-09,-2.739961398656823197e-05,-3.513940618556752487e-05,3.608986684168690173e-01,2.529779582222605946e-02,2.513465241754336832e-02,1.681901652325667670e-02,8.917790474457167765e-07,2.365650651369132607e-06,7.202139888991268002e-01,2.841301992023670744e-02,2.823023633092906076e-02,2.925996973708087229e-02
2.062499999999986622e-09,-2.739205164281818681e-05,-3.512069429383852897e-05,3.618143446657093310e-01,2.533390464946844514e-02,2.517053541732161906e-02,1.683153596899491025e-02,8.918012824184502339e-07,2.365686982589767509e-06,7.213382322978141303e-01,2.841448026067153187e-02,2.823169915106847616e-02,2.926178642807677338e-02
2.066249999999986738e-09,-2.738449961664846853e-05,-3.510200964507005861e-05,3.627305017928663111e-01,2.536997798095155451e-02,2.520638315410097391e-02,1.684401730022094812e-02,8.918234011278580915e-07,2.365723118456977946e-06,7.224624756207987941e-01,2.841593678801574568e-02,2.823315815348409474e-02,2.926359874189722945e-02
2.069999999999986855e-09,-2.737695790225495667e-05,-3.508335220977151656e-05,3.636471383065604246e-01,2.540601586562122455e-02,2.524219567645517165e-02,1.685646065080828246e-02,8.918454043406406917e-07,2.365759060308042597e-06,7.235867188684919071e-01,2.841738952197681717e-02,2.823461335790556845e-02,2.926540670042913905e-02
2.073749999999986971e-09,-2.736942649372942023e-05,-3.506472195829857247e-05,3.645642527203917238e-01,2.544201835241498635e-02,2.527797303295007889e-02,1.686886615416748753e-02,8.918672928200933046e-07,2.365794809470492482e-06,7.247109620413010322e-01,2.841883848211964464e-02,2.823606478391983698e-02,2.926721032540412215e-02
2.077499999999987087e-09,-2.736190538504984119e-05,-3.504611886083823481e-05,3.654818435533226939e-01,2.547798549026117701e-02,2.531371527214294065e-02,1.688123394324723622e-02,8.918890673267159915e-07,2.365830367259976445e-06,7.258352051396308457e-01,2.842028368786823911e-02,2.823751245097270990e-02,2.926900963840035896e-02
2.081249999999987204e-09,-2.735439457008934566e-05,-3.502754288741886615e-05,3.663999093296555487e-01,2.551391732807826648e-02,2.534942244258160671e-02,1.689356415053527849e-02,8.919107286038953602e-07,2.365865734996788457e-06,7.269594481638834704e-01,2.842172515850300424e-02,2.823895637836836003e-02,2.927080466083649413e-02
2.084999999999987320e-09,-2.734689404261354752e-05,-3.500899400791395756e-05,3.673184485790157439e-01,2.554981391477407354e-02,2.538509459280389666e-02,1.690585690805938152e-02,8.919322773837219870e-07,2.365900913998705108e-06,7.280836911144579204e-01,2.842316291316311291e-02,2.824039658527062110e-02,2.927259541397363857e-02
2.088749999999987436e-09,-2.733940379628205957e-05,-3.499047219203904542e-05,3.682374598363294393e-01,2.558567529924503370e-02,2.542073177133671522e-02,1.691811234738834629e-02,8.919537144015153378e-07,2.365935905555154490e-06,7.292079339917509895e-01,2.842459697085398737e-02,2.824183309070677633e-02,2.927438191892918484e-02
2.092499999999987553e-09,-2.733192382465035022e-05,-3.497197740935950410e-05,3.691569416418066241e-01,2.562150153037551226e-02,2.545633402669536874e-02,1.693033059963298947e-02,8.919750403881496496e-07,2.365970710933629927e-06,7.303321767961554745e-01,2.842602735045193091e-02,2.824326591357022992e-02,2.927616419668919306e-02
2.096249999999987669e-09,-2.732445412117336878e-05,-3.495350962928429146e-05,3.700768925409201326e-01,2.565729265703702369e-02,2.549190140738297194e-02,1.694251179544720501e-02,8.919962560675907587e-07,2.366005331392344655e-06,7.314564195280612857e-01,2.842745407069776839e-02,2.824469507261927192e-02,2.927794226809275757e-02
2.099999999999987785e-09,-2.731699467920248260e-05,-3.493506882108316061e-05,3.709973110843875488e-01,2.569304872808760368e-02,2.552743396188954933e-02,1.695465606502890785e-02,8.920173621585190157e-07,2.366039768182508636e-06,7.325806621878565572e-01,2.842887715019324496e-02,2.824612058647665153e-02,2.927971615382128634e-02
2.103749999999987901e-09,-2.730954549198566001e-05,-3.491665495386929907e-05,3.719181958281509992e-01,2.572876979237100764e-02,2.556293173869149046e-02,1.696676353812105395e-02,8.920383593736110018e-07,2.366074022544879449e-06,7.337049047759267584e-01,2.843029660740747921e-02,2.824754247363236645e-02,2.928148587441147671e-02
2.107499999999988018e-09,-2.730210655267428728e-05,-3.489826799662076211e-05,3.728395453333567811e-01,2.576445589871610709e-02,2.559839478625074161e-02,1.697883434401272623e-02,8.920592484204035023e-07,2.366108095710406031e-06,7.348291472926533618e-01,2.843171246067816710e-02,2.824896075244484606e-02,2.928325145025663379e-02
2.111249999999988134e-09,-2.729467785432125089e-05,-3.487990791816718451e-05,3.737613581663394857e-01,2.580010709593611590e-02,2.563382315301414999e-02,1.699086861154010600e-02,8.920800300024488594e-07,2.366141988899815325e-06,7.359533897384158418e-01,2.843312472821276499e-02,2.825037544114212401e-02,2.928501290160794718e-02
2.114999999999988250e-09,-2.728725938987850488e-05,-3.486157468719982297e-05,3.746836328985999609e-01,2.583572343282797973e-02,2.566921688741286012e-02,1.700286646908753460e-02,8.921007048151645110e-07,2.366175703323192151e-06,7.370776321135911191e-01,2.843453342808965889e-02,2.825178655782303525e-02,2.928677024857577818e-02
2.118749999999988367e-09,-2.727985115220752662e-05,-3.484326827227417174e-05,3.756063681067871030e-01,2.587130495817166476e-02,2.570457603786156092e-02,1.701482804458856121e-02,8.921212735470933754e-07,2.366209240181181995e-06,7.382018744185531167e-01,2.843593857825907692e-02,2.825319412045750392e-02,2.928852351113421515e-02
2.122499999999988483e-09,-2.727245313406862387e-05,-3.482498864180684554e-05,3.765295623726786500e-01,2.590685172072946726e-02,2.573990065275777450e-02,1.702675346552696631e-02,8.921417368773017665e-07,2.366242600668524830e-06,7.393261166536730933e-01,2.843734019654361317e-02,2.825459814688546789e-02,2.929027270913110714e-02
2.126249999999988599e-09,-2.726506532812999464e-05,-3.480673576408193574e-05,3.774532142831625858e-01,2.594236376924546200e-02,2.577519078048134613e-02,1.703864285893787189e-02,8.921620954829281511e-07,2.366275785965747414e-06,7.404503588193197539e-01,2.843873830064089225e-02,2.825599865482142370e-02,2.929201786227420001e-02
2.129999999999988715e-09,-2.725768772696841836e-05,-3.478850960724907227e-05,3.783773224302195426e-01,2.597784115244471809e-02,2.581044646939363238e-02,1.705049635140875805e-02,8.921823500427745687e-07,2.366308797235944569e-06,7.415746009158591390e-01,2.844013290812569955e-02,2.825739566185719170e-02,2.929375899012393036e-02
2.133749999999988832e-09,-2.725032032306712136e-05,-3.477031013933202277e-05,3.793018854109004856e-01,2.601328391903275083e-02,2.584566776783698769e-02,1.706231406908054193e-02,8.922025012262647101e-07,2.366341635637647303e-06,7.426988429436547356e-01,2.844152403644898200e-02,2.825878918546162466e-02,2.929549611210563106e-02
2.137499999999988948e-09,-2.724296310881680689e-05,-3.475213732822483685e-05,3.802269018273112255e-01,2.604869211769480705e-02,2.588085472413407043e-02,1.707409613764862902e-02,8.922225496907706813e-07,2.366374302340760582e-06,7.438230849030672553e-01,2.844291170293730686e-02,2.826017924297854339e-02,2.929722924752987956e-02
2.141249999999989064e-09,-2.723561607652070338e-05,-3.473399114169218492e-05,3.811523702865908803e-01,2.608406579709535503e-02,2.591600738658720801e-02,1.708584268236405107e-02,8.922424960881995316e-07,2.366406798508941656e-06,7.449473267944551891e-01,2.844429592479569974e-02,2.826156585162951235e-02,2.929895841557948050e-02
2.144999999999989181e-09,-2.722827921839267393e-05,-3.471587154737925155e-05,3.820782894008957764e-01,2.611940500587731431e-02,2.595112580347777240e-02,1.709755382803451393e-02,8.922623410687032582e-07,2.366439125279952286e-06,7.460715686181751405e-01,2.844567671911030216e-02,2.826294902851960236e-02,2.930068363528638350e-02
2.148749999999989297e-09,-2.722095252655574581e-05,-3.469777851280346162e-05,3.830046577873807423e-01,2.615470979266155266e-02,2.598621002306562497e-02,1.710922969902544527e-02,8.922820852815631083e-07,2.366471283778689495e-06,7.471958103745794944e-01,2.844705410284851035e-02,2.826432879063554837e-02,2.930240492554775367e-02
2.152499999999989413e-09,-2.721363599305047238e-05,-3.467971200536912384e-05,3.839314740681770144e-01,2.618998020604621987e-02,2.602126009358842612e-02,1.712087041926117770e-02,8.923017293713813192e-07,2.366503275120336532e-06,7.483200520640185260e-01,2.844842809285967611e-02,2.826570515484595758e-02,2.930412230513181754e-02
2.156249999999989530e-09,-2.720632960982871928e-05,-3.466167199235175049e-05,3.848587368703776379e-01,2.622521629460618231e-02,2.605627606326111484e-02,1.713247611222592712e-02,8.923212739760821204e-07,2.366535100410179914e-06,7.494442936868415117e-01,2.844979870587616144e-02,2.826707813790229826e-02,2.930583579267897337e-02
2.159999999999989646e-09,-2.719903336875569727e-05,-3.464365844092044618e-05,3.857864448260180379e-01,2.626041810689241571e-02,2.609125798027528420e-02,1.714404690096502440e-02,8.923407197294562206e-07,2.366566760745689738e-06,7.505685352433950630e-01,2.845116595851436558e-02,2.826844775643994750e-02,2.930754540670288399e-02
2.163749999999989762e-09,-2.719174726161761944e-05,-3.462567131812492453e-05,3.867145965720557022e-01,2.629558569143140845e-02,2.612620589279854300e-02,1.715558290808592151e-02,8.923600672597682855e-07,2.366598257215171203e-06,7.516927767340224609e-01,2.845252986727574152e-02,2.826981402697921475e-02,2.930925116559160437e-02
2.167499999999989878e-09,-2.718447128011110991e-05,-3.460771059090084786e-05,3.876431907503540830e-01,2.633071909672457175e-02,2.616111984897404388e-02,1.716708425575935032e-02,8.923793171919084017e-07,2.366629590897917080e-06,7.528170181590645438e-01,2.845389044854779864e-02,2.827117696592636176e-02,2.931095308760866061e-02
2.171249999999989995e-09,-2.717720541585767790e-05,-3.458977622607492975e-05,3.885722260076630574e-01,2.636581837124774008e-02,2.619599989691976868e-02,1.717855106572042587e-02,8.923984701455387684e-07,2.366660762864959873e-06,7.539412595188604849e-01,2.845524771860510893e-02,2.827253658957457755e-02,2.931265119089411508e-02
2.174999999999990111e-09,-2.716994966039349915e-05,-3.457186819036425058e-05,3.895017009956007747e-01,2.640088356345047377e-02,2.623084608472811552e-02,1.718998345926977395e-02,8.924175267327796033e-07,2.366691774178129919e-06,7.550655008137456825e-01,2.845660169361029918e-02,2.827389291410493943e-02,2.931434549346564195e-02
2.178749999999990227e-09,-2.716270400517433549e-05,-3.455398645037673869e-05,3.904316143706370035e-01,2.643591472175561147e-02,2.626565846046523614e-02,1.720138155727465173e-02,8.924364875637555146e-07,2.366722625892715075e-06,7.561897420440550910e-01,2.845795238961500162e-02,2.827524595558746773e-02,2.931603601321959920e-02
2.182499999999990344e-09,-2.715546844158007490e-05,-3.453613097261667270e-05,3.913619647940713708e-01,2.647091189455868035e-02,2.630043707217052940e-02,1.721274548017009617e-02,8.924553532449624213e-07,2.366753319052907064e-06,7.573139832101207780e-01,2.845929982256084623e-02,2.827659572998205556e-02,2.931772276793202792e-02
2.186249999999990460e-09,-2.714824296090672881e-05,-3.451830172348249954e-05,3.922927509320198736e-01,2.650587513022732017e-02,2.633518196785603407e-02,1.722407534795999604e-02,8.924741243753440967e-07,2.366783854694799977e-06,7.584382243122718137e-01,2.846064400828041130e-02,2.827794225313938828e-02,2.931940577525971037e-02
2.189999999999990576e-09,-2.714102755437988290e-05,-3.450049866927046651e-05,3.932239714553937837e-01,2.654080447710077326e-02,2.636989319550595706e-02,1.723537128021829581e-02,8.924928015508559818e-07,2.366814233848152095e-06,7.595624653508358248e-01,2.846198496249814636e-02,2.827928554080192183e-02,2.932108505274119356e-02
2.193749999999990693e-09,-2.713382221314520362e-05,-3.448272177617578009e-05,3.941556250398813854e-01,2.657569998348935023e-02,2.640457080307612864e-02,1.724663339609011289e-02,8.925113853619240866e-07,2.366844457533211216e-06,7.606867063261376627e-01,2.846332270083132623e-02,2.828062560860484381e-02,2.932276061779778842e-02
2.197499999999990809e-09,-2.712662692827276821e-05,-3.446497101029836568e-05,3.950877103659319323e-01,2.661056169767387486e-02,2.643921483849340573e-02,1.725786181429285124e-02,8.925298763959827006e-07,2.366874526763089730e-06,7.618109472384995140e-01,2.846465723879116477e-02,2.828196247207696162e-02,2.932443248773463837e-02
2.201249999999990925e-09,-2.711944169075944990e-05,-3.444724633763772447e-05,3.960202261187384387e-01,2.664538966790520533e-02,2.647382534965526252e-02,1.726905665311739141e-02,8.925482752347333945e-07,2.366904442540559452e-06,7.629351880882431214e-01,2.846598859178502139e-02,2.828329614664171210e-02,2.932610067974204121e-02
2.204999999999991041e-09,-2.711226649152434400e-05,-3.442954772409617247e-05,3.969531709882151982e-01,2.668018394240366520e-02,2.650840238442917635e-02,1.728021803042921120e-02,8.925665824547345548e-07,2.366934205860704522e-06,7.640594288756864527e-01,2.846731677511561004e-02,2.828462664761798376e-02,2.932776521089599034e-02
2.208749999999991158e-09,-2.710510132142156145e-05,-3.441187513548596237e-05,3.978865436689862367e-01,2.671494456935860282e-02,2.654294599065214200e-02,1.729134606366955138e-02,8.925847986294003816e-07,2.366963817713455735e-06,7.651836696011447003e-01,2.846864180398063493e-02,2.828595399022094253e-02,2.932942609815877844e-02
2.212499999999991274e-09,-2.709794617122658817e-05,-3.439422853752485188e-05,3.988203428603628309e-01,2.674967159692775986e-02,2.657745621613022413e-02,1.730244086985657792e-02,8.926029243270798184e-07,2.366993279079043663e-06,7.663079102649328345e-01,2.846996369347514974e-02,2.828727818956299628e-02,2.933108335838035402e-02
2.216249999999991390e-09,-2.709080103164731012e-05,-3.437660789583814336e-05,3.997545672663289640e-01,2.678436507323694177e-02,2.661193310863794667e-02,1.731350256558650963e-02,8.926209601114834557e-07,2.367022590930407619e-06,7.674321508673627168e-01,2.847128245859277540e-02,2.828859926065450947e-02,2.933273700829915065e-02
2.219999999999991507e-09,-2.708366589332181093e-05,-3.435901317596833321e-05,4.006892155955208423e-01,2.681902504637940013e-02,2.664637671591793197e-02,1.732453126703480464e-02,8.926389065364827497e-07,2.367051754232338457e-06,7.685563914087440995e-01,2.847259811422722664e-02,2.828991721840421608e-02,2.933438706454267325e-02
2.223749999999991623e-09,-2.707654074681705060e-05,-3.434144434336372102e-05,4.016242865612116852e-01,2.685365156441540946e-02,2.668078708568033877e-02,1.733552708995734354e-02,8.926567641537062133e-07,2.367080769941708971e-06,7.696806318893845145e-01,2.847391067517225649e-02,2.829123207762090919e-02,2.933603354362879223e-02
2.227499999999991739e-09,-2.706942558263333100e-05,-3.432390136339085753e-05,4.025597788812939615e-01,2.688824467537171900e-02,2.671516426560234872e-02,1.734649014969154301e-02,8.926745335150093640e-07,2.367109639009655844e-06,7.708048723095897170e-01,2.847522015612145158e-02,2.829254385301470040e-02,2.933767646196725962e-02
2.231249999999991856e-09,-2.706232039120152441e-05,-3.430638420132955051e-05,4.034956912782610705e-01,2.692280442724116415e-02,2.674950830332779514e-02,1.735742056115756674e-02,8.926922151683174868e-07,2.367138362379014838e-06,7.719291126696634642e-01,2.847652657166964418e-02,2.829385255919728004e-02,2.933931583586045500e-02
2.234999999999991972e-09,-2.705522516288980236e-05,-3.428889282237766240e-05,4.044320224791899676e-01,2.695733086798215300e-02,2.678381924646662526e-02,1.736831843885949800e-02,8.927098096593806857e-07,2.367166940984832401e-06,7.730533529699065154e-01,2.847782993631418902e-02,2.829515821068272902e-02,2.934095168150396490e-02
2.238749999999992088e-09,-2.704813988799742853e-05,-3.427142719165281789e-05,4.053687712157256762e-01,2.699182404551814934e-02,2.681809714259437982e-02,1.737918389688648119e-02,8.927273175266137596e-07,2.367195375754050567e-06,7.741775932106187419e-01,2.847913026445575771e-02,2.829646082188833067e-02,2.934258401498749530e-02
2.242499999999992204e-09,-2.704106455675734055e-05,-3.425398727419144170e-05,4.063059362240609151e-01,2.702628400773735354e-02,2.685234203925191548e-02,1.739001704891392219e-02,8.927447393045656490e-07,2.367223667607499182e-06,7.753018333920975724e-01,2.848042757039915759e-02,2.829776040713543467e-02,2.934421285229576321e-02
2.246249999999992321e-09,-2.703399915934300078e-05,-3.423657303495426091e-05,4.072435162449215551e-01,2.706071080249210919e-02,2.688655398394473872e-02,1.740081800820469232e-02,8.927620755258642237e-07,2.367251817459374130e-06,7.764260735146384373e-01,2.848172186835416092e-02,2.829905698065022721e-02,2.934583820930937101e-02
2.249999999999992437e-09,-2.702694368586307694e-05,-3.421918443882206303e-05,4.081815100235494098e-01,2.709510447759850074e-02,2.692073302414273867e-02,1.741158688761023157e-02,8.927793267011585425e-07,2.367279826220239217e-06,7.775503135785348796e-01,2.848301317243780162e-02,2.830035055656565657e-02,2.934746010180255826e-02
2.253749999999992553e-09,-2.701989812636000556e-05,-3.420182145060251291e-05,4.091199163096824187e-01,2.712946508083596484e-02,2.695487920727959036e-02,1.742232379957181498e-02,8.927964933287614764e-07,2.367307694793773567e-06,7.786745535840781107e-01,2.848430149667463204e-02,2.830164114892180782e-02,2.934907854544515152e-02
2.257499999999992670e-09,-2.701286247081899084e-05,-3.418448403502684591e-05,4.100587338575412688e-01,2.716379265994679770e-02,2.698899258075249802e-02,1.743302885612168368e-02,8.928135759177093336e-07,2.367335424074189861e-06,7.797987935315575658e-01,2.848558685499501947e-02,2.830292877166488280e-02,2.935069355580854217e-02
2.261249999999992786e-09,-2.700583670916625639e-05,-3.416717215675938178e-05,4.109979614258098546e-01,2.719808726263574575e-02,2.702307319192154972e-02,1.744370216888424877e-02,8.928305749840891243e-07,2.367363014947260945e-06,7.809230334212620139e-01,2.848686926123644714e-02,2.830421343864840053e-02,2.935230514836543320e-02
2.264999999999992902e-09,-2.699882083126328540e-05,-3.414988578038765168e-05,4.119375977776187359e-01,2.723234893656955799e-02,2.705712108810950575e-02,1.745434384907727440e-02,8.928474910409012709e-07,2.367390468290895812e-06,7.820472732534764493e-01,2.848814872914528368e-02,2.830549516363465440e-02,2.935391333848865261e-02
2.268749999999993019e-09,-2.699181482691534516e-05,-3.413262487043387713e-05,4.128776416805299831e-01,2.726657772937661831e-02,2.709113631660121924e-02,1.746495400751308172e-02,8.928643245963113317e-07,2.367417784977216526e-06,7.831715130284843118e-01,2.848942527237754985e-02,2.830677396029547543e-02,2.935551814145198266e-02
2.272499999999993135e-09,-2.698481868586667594e-05,-3.411538939135021984e-05,4.138180919065181929e-01,2.730077368864644582e-02,2.712511892464329263e-02,1.747553275459972494e-02,8.928810761568280684e-07,2.367444965871413030e-06,7.842957527465679313e-01,2.849069890449965059e-02,2.830804984221298171e-02,2.935711957243098205e-02
2.276249999999993251e-09,-2.697783239780759929e-05,-3.409817930752292883e-05,4.147589472319544446e-01,2.733493686192934799e-02,2.715906895944366489e-02,1.748608020034218835e-02,8.928977462217706272e-07,2.367472011815581766e-06,7.854199924080067508e-01,2.849196963898780605e-02,2.830932282288826929e-02,2.935871764648984028e-02
2.279999999999993367e-09,-2.697085595236705735e-05,-3.408099458327282151e-05,4.157002064375908690e-01,2.736906729673603197e-02,2.719298646817120899e-02,1.749659645434356245e-02,8.929143352899905921e-07,2.367498923639530417e-06,7.865442320130797693e-01,2.849323748923096936e-02,2.831059291573620809e-02,2.936031237859340615e-02
2.283749999999993484e-09,-2.696388933912072407e-05,-3.406383518285994576e-05,4.166418683085419405e-01,2.740316504053711896e-02,2.722687149795532252e-02,1.750708162580627211e-02,8.929308438633482079e-07,2.367525702185846703e-06,7.876684715620629884e-01,2.849450246853246077e-02,2.831186013407683416e-02,2.936190378362392439e-02
2.287499999999993600e-09,-2.695693254758885709e-05,-3.404670107047972423e-05,4.175839316342692675e-01,2.743723014076281455e-02,2.726072409588553222e-02,1.751753582353323194e-02,8.929472724339018546e-07,2.367552348294956713e-06,7.887927110552308552e-01,2.849576459010808027e-02,2.831312449114135182e-02,2.936349187637140451e-02
2.291249999999993716e-09,-2.694998556723707706e-05,-3.402959221026979837e-05,4.185263952085647166e-01,2.747126264480259303e-02,2.729454430901114351e-02,1.752795915592909176e-02,8.929636214864288164e-07,2.367578862798897524e-06,7.899169504928564844e-01,2.849702386708727678e-02,2.831438600007425699e-02,2.936507667153238216e-02
2.294999999999993833e-09,-2.694304838747640826e-05,-3.401250856630173429e-05,4.194692578295341479e-01,2.750526260000459716e-02,2.732833218434075825e-02,1.753835173100139547e-02,8.929798915057436475e-07,2.367605246522811363e-06,7.910411898752109927e-01,2.849828031251423754e-02,2.831564467393473186e-02,2.936665818370985670e-02
2.298749999999993949e-09,-2.693612099766102891e-05,-3.399545010259468370e-05,4.204125182995799292e-01,2.753923005367548554e-02,2.736208776884200070e-02,1.754871365636179181e-02,8.929960829709451234e-07,2.367631500286355073e-06,7.921654292025632760e-01,2.849953393934862717e-02,2.831690052569734231e-02,2.936823642741408918e-02
2.302499999999994065e-09,-2.692920338709964170e-05,-3.397841678310723206e-05,4.213561754253864478e-01,2.757316505307991564e-02,2.739581110944103517e-02,1.755904503922724527e-02,8.930121963568663618e-07,2.367657624902920840e-06,7.932896684751802319e-01,2.850078476046628492e-02,2.831815356825269706e-02,2.936981141706335174e-02
2.306249999999994181e-09,-2.692229554504685444e-05,-3.396140857174143724e-05,4.223002280179025680e-01,2.760706764544025235e-02,2.742950225302231981e-02,1.756934598642123299e-02,8.930282321370292735e-07,2.367683621180307046e-06,7.944139076933278698e-01,2.850203278865990134e-02,2.831940381440817972e-02,2.937138316698464924e-02
2.309999999999994298e-09,-2.691539746070078121e-05,-3.394442543234959901e-05,4.232446748923253677e-01,2.764093787793611354e-02,2.746316124642814160e-02,1.757961660437492440e-02,8.930441907790909130e-07,2.367709489919752648e-06,7.955381468572702008e-01,2.850327803663969817e-02,2.832065127688863926e-02,2.937295169141452417e-02
2.313749999999994414e-09,-2.690850912321729964e-05,-3.392746732872456222e-05,4.241895148680836503e-01,2.767477579770414101e-02,2.749678813645830069e-02,1.758985699912841288e-02,8.930600727496139683e-07,2.367735231915506889e-06,7.966623859672696817e-01,2.850452051703408762e-02,2.832189596833702139e-02,2.937451700449970893e-02
2.317499999999994530e-09,-2.690163052170027277e-05,-3.391053422461316763e-05,4.251347467688234572e-01,2.770858145183749052e-02,2.753038296986974956e-02,1.760006727633189882e-02,8.930758785094961710e-07,2.367760847957092567e-06,7.977866250235865486e-01,2.850576024239100115e-02,2.832313790131518391e-02,2.937607912029836094e-02
2.321249999999994647e-09,-2.689476164520286362e-05,-3.389362608370574199e-05,4.260803694223902482e-01,2.774235488738562710e-02,2.756394579337622178e-02,1.761024754124693170e-02,8.930916085152239053e-07,2.367786338828245551e-06,7.989108640264790395e-01,2.850699722518375973e-02,2.832437708830549961e-02,2.937763805278491985e-02
2.324999999999994763e-09,-2.688790248272912087e-05,-3.387674286964863408e-05,4.270263816608122487e-01,2.777609615135387747e-02,2.759747665364788854e-02,1.762039789874752724e-02,8.931072632219994533e-07,2.367811705305230879e-06,8.000351029762053923e-01,2.850823147780525563e-02,2.832561354171031498e-02,2.937919381584568751e-02
2.328749999999994879e-09,-2.688105302324011813e-05,-3.385988454603306781e-05,4.279727823202886250e-01,2.780980529070314206e-02,2.763097559731108807e-02,1.763051845332146150e-02,8.931228430812168369e-07,2.367836948157727063e-06,8.011593418730205141e-01,2.850946301256333110e-02,2.832684727385169354e-02,2.938074642327547642e-02
2.332499999999994996e-09,-2.687421325564952226e-05,-3.384305107641057169e-05,4.289195702411678357e-01,2.784348235234951341e-02,2.766444267094784679e-02,1.764060930907143318e-02,8.931383485406752703e-07,2.367862068152397175e-06,8.022835807171779798e-01,2.851069184168730092e-02,2.832807829697309154e-02,2.938229588878290416e-02
2.336249999999995112e-09,-2.686738316881789456e-05,-3.382624242428048349e-05,4.298667442679360851e-01,2.787712738316399860e-02,2.769787792109572322e-02,1.765067056971628134e-02,8.931537800454770147e-07,2.367887066049382134e-06,8.034078195089302543e-01,2.851191797732861161e-02,2.832930662324000676e-02,2.938384222599102480e-02
2.339999999999995228e-09,-2.686056275156813384e-05,-3.380945855310311645e-05,4.308143032491986157e-01,2.791074042997210292e-02,2.773128139424727370e-02,1.766070233859216160e-02,8.931691380395622023e-07,2.367911942602426067e-06,8.045320582485276928e-01,2.851314143156148326e-02,2.833053226474060993e-02,2.938538544843804362e-02
2.343749999999995344e-09,-2.685375199267835459e-05,-3.379269942628966268e-05,4.317622460376677740e-01,2.794432153955361819e-02,2.776465313684991013e-02,1.767070471865377426e-02,8.931844229615211049e-07,2.367936698559340483e-06,8.056562969362194293e-01,2.851436221638348201e-02,2.833175523348636232e-02,2.938692556957801100e-02
2.347499999999995461e-09,-2.684695088087778056e-05,-3.377596500721209331e-05,4.327105714901418043e-01,2.797787075864218570e-02,2.779799319530548707e-02,1.768067781247559950e-02,8.931996352476976632e-07,2.367961334662668343e-06,8.067805355722529326e-01,2.851558034371620351e-02,2.833297554141263330e-02,2.938846260278146771e-02
2.351249999999995577e-09,-2.684015940485561490e-05,-3.375925525920116618e-05,4.336592784674941359e-01,2.801138813392510182e-02,2.783130161597001731e-02,1.769062172225302140e-02,8.932147753308545624e-07,2.367985851649287654e-06,8.079047741568732288e-01,2.851679582540584540e-02,2.833419320037933870e-02,2.938999656133609722e-02
2.354999999999995693e-09,-2.683337755325528029e-05,-3.374257014554778796e-05,4.346083658346566181e-01,2.804487371204285318e-02,2.786457844515330753e-02,1.770053654980359784e-02,8.932298436384656141e-07,2.368010250251339815e-06,8.090290126903256773e-01,2.851800867322380056e-02,2.833540822217150978e-02,2.939152745844742648e-02
2.358749999999995810e-09,-2.682660531468156797e-05,-3.372590962950286502e-05,4.355578324606007024e-01,2.807832753958899516e-02,2.789782372911873976e-02,1.771042239656825043e-02,8.932448405985602834e-07,2.368034531195047158e-06,8.101532511728520847e-01,2.851921889886731287e-02,2.833662061849991781e-02,2.939305530723944695e-02
2.362499999999995926e-09,-2.681984267769526410e-05,-3.370927367427890945e-05,4.365076772183266174e-01,2.811174966310964543e-02,2.793103751408286539e-02,1.772027936361246503e-02,8.932597666369386448e-07,2.368058695199618582e-06,8.112774896046931472e-01,2.852042651396003228e-02,2.833783040100166378e-02,2.939458012075524956e-02
2.366249999999996042e-09,-2.681308963081660568e-05,-3.369266224305435546e-05,4.374578989848452726e-01,2.814514012910341451e-02,2.796421984621523527e-02,1.773010755162748517e-02,8.932746221715843528e-07,2.368082742981437284e-06,8.124017279860893392e-01,2.852163153005258731e-02,2.833903758124079950e-02,2.939610191195769079e-02
2.369999999999996159e-09,-2.680634616252935986e-05,-3.367607529897036109e-05,4.384084966411635476e-01,2.817849898402087147e-02,2.799737077163794163e-02,1.773990706093151945e-02,8.932894076191664665e-07,2.368106675251387523e-06,8.135259663172781375e-01,2.852283395862320603e-02,2.834024217070883062e-02,2.939762069372999637e-02
2.373749999999996275e-09,-2.679961226126808459e-05,-3.365951280513199395e-05,4.393594690722690266e-01,2.821182627426440867e-02,2.803049033642547247e-02,1.774967799147095932e-02,8.933041233958729306e-07,2.368130492712506647e-06,8.146502045984957974e-01,2.852403381107827124e-02,2.834144418082536893e-02,2.939913647887642395e-02
2.377499999999996391e-09,-2.679288791543872161e-05,-3.364297472461479072e-05,4.403108151671126236e-01,2.824512204618795375e-02,2.806357858660435758e-02,1.775942044282157253e-02,8.933187699129687342e-07,2.368154196065145212e-06,8.157744428299777972e-01,2.852523109875290327e-02,2.834264362293868050e-02,2.940064928012287027e-02
2.381249999999996507e-09,-2.678617311340471876e-05,-3.362646102045782501e-05,4.412625338185990342e-01,2.827838634609658106e-02,2.809663556815286331e-02,1.776913451418969669e-02,8.933333475782392549e-07,2.368177786002867349e-06,8.168986810119578390e-01,2.852642583291135209e-02,2.834384050832600838e-02,2.940215911011753724e-02
2.384999999999996624e-09,-2.677946784348968619e-05,-3.360997165567218445e-05,4.422146239235643095e-01,2.831161922024633820e-02,2.812966132700077740e-02,1.777882030441345698e-02,8.933478567886922234e-07,2.368201263208313849e-06,8.180229191446674042e-01,2.852761802474631028e-02,2.834503484819224373e-02,2.940366598143227816e-02
2.388749999999996740e-09,-2.677277209398283098e-05,-3.359350659323851092e-05,4.431670843827669182e-01,2.834482071484390603e-02,2.816265590902908983e-02,1.778847791196396660e-02,8.933622979400953137e-07,2.368224628362285752e-06,8.191471572283368641e-01,2.852880768538106071e-02,2.834622665367285410e-02,2.940516990656235480e-02
2.392499999999996856e-09,-2.676608585313792712e-05,-3.357706579610616706e-05,4.441199141008691509e-01,2.837799087604638351e-02,2.819561936006968056e-02,1.779810743494647865e-02,8.933766714342911207e-07,2.368247882143334373e-06,8.202713952631958128e-01,2.852999482587127017e-02,2.834741593583638142e-02,2.940667089792627781e-02
2.396249999999996973e-09,-2.675940910916568545e-05,-3.356064922719917230e-05,4.450731119864219654e-01,2.841112974996092347e-02,2.822855172590519462e-02,1.780770897110167325e-02,8.933909776682975390e-07,2.368271025224241044e-06,8.213956332494717349e-01,2.853117945720413939e-02,2.834860270568277663e-02,2.940816896786719106e-02
2.399999999999997089e-09,-2.675274185025303890e-05,-3.354425684941160854e-05,4.460266769518525520e-01,2.844423738264461807e-02,2.826145305226861193e-02,1.781728261780677822e-02,8.934052170356121948e-07,2.368294058275554313e-06,8.225198711873910051e-01,2.853236159029891306e-02,2.834978697414399645e-02,2.940966412865346838e-02
2.403749999999997205e-09,-2.674608406454008285e-05,-3.352788862561273620e-05,4.469806079134485133e-01,2.847731382010409290e-02,2.829432338484311540e-02,1.782682847207680762e-02,8.934193899275033233e-07,2.368316981960744925e-06,8.236441090771785545e-01,2.853354123600742101e-02,2.835096875208446832e-02,2.941115639247930680e-02
2.407499999999997322e-09,-2.673943574014121712e-05,-3.351154451864872899e-05,4.479349037913402665e-01,2.851035910829531964e-02,2.832716276926170243e-02,1.783634663056574837e-02,8.934334967328437505e-07,2.368339796939637992e-06,8.247683469190574268e-01,2.853471840511460217e-02,2.835214805030168705e-02,2.941264577146528864e-02
2.411249999999997438e-09,-2.673279686513251496e-05,-3.349522449133678531e-05,4.488895635094901082e-01,2.854337329312339397e-02,2.835997125110709810e-02,1.784583718956775714e-02,8.934475378390053602e-07,2.368362503866566467e-06,8.258925847132498888e-01,2.853589310833905268e-02,2.835332487952670760e-02,2.941413227765896088e-02
2.414999999999997554e-09,-2.672616742755916342e-05,-3.347892850647780666e-05,4.498445859956765602e-01,2.857635642044223032e-02,2.839274887591138399e-02,1.785530024501834692e-02,8.934615136286776379e-07,2.368385103391672182e-06,8.270168224599765416e-01,2.853706535633351166e-02,2.835449925042467928e-02,2.941561592303539724e-02
2.418749999999997670e-09,-2.671954741543038791e-05,-3.346265652684293318e-05,4.507999701814773830e-01,2.860930853605428426e-02,2.842549568915575531e-02,1.786473589249559096e-02,8.934754244820631804e-07,2.368407596159506553e-06,8.281410601594569876e-01,2.853823515968539892e-02,2.835567117359535580e-02,2.941709671949774285e-02
2.422499999999997787e-09,-2.671293681673022648e-05,-3.344640851518850563e-05,4.517557150022580292e-01,2.864222968571043457e-02,2.845821173627037515e-02,1.787414422722133703e-02,8.934892707770030569e-07,2.368429982809122056e-06,8.292652978119084972e-01,2.853940252891733545e-02,2.835684065957357058e-02,2.941857467887777633e-02
2.426249999999997903e-09,-2.670633561940468877e-05,-3.343018443424435607e-05,4.527118193971544913e-01,2.867511991510965363e-02,2.849089706263401717e-02,1.788352534406232458e-02,8.935030528887735204e-07,2.368452263978835945e-06,8.303895354175481192e-01,2.854056747448759784e-02,2.835800771882981963e-02,2.942004981293646834e-02
2.429999999999998019e-09,-2.669974381136885081e-05,-3.341398424672941352e-05,4.536682823090602001e-01,2.870797926989875765e-02,2.852355171357391986e-02,1.789287933753148582e-02,8.935167711913260646e-07,2.368474440298014028e-06,8.315137729765907926e-01,2.854173000679068040e-02,2.835917236177070214e-02,2.942152213336450203e-02
2.433749999999998136e-09,-2.669316138051106978e-05,-3.339780791533569846e-05,4.546251026846122589e-01,2.874080779567224700e-02,2.855617573436548470e-02,1.790220630178901082e-02,8.935304260531539030e-07,2.368496512392823718e-06,8.326380104892503464e-01,2.854289013615775999e-02,2.836033459873940621e-02,2.942299165178284201e-02
2.437499999999998252e-09,-2.668658831468778670e-05,-3.338165540274079795e-05,4.555822794741758441e-01,2.877360553797203915e-02,2.858876917023213740e-02,1.791150633064366934e-02,8.935440178418828871e-07,2.368518480885925710e-06,8.337622479557396105e-01,2.854404787285717143e-02,2.836149444001626052e-02,2.942445837974326517e-02
2.441249999999998368e-09,-2.668002460172931329e-05,-3.336552667160887524e-05,4.565398116318286070e-01,2.880637254228722924e-02,2.862133206634501215e-02,1.792077951755387949e-02,8.935575469229264185e-07,2.368540346393987095e-06,8.348864853762696381e-01,2.854520322709493824e-02,2.836265189581918880e-02,2.942592232872885682e-02
2.444999999999998484e-09,-2.667347022943163272e-05,-3.334942168458529624e-05,4.574976981153490718e-01,2.883910885405392005e-02,2.865386446782276775e-02,1.793002595562897053e-02,8.935710136584927262e-07,2.368562109529978512e-06,8.360107227510508165e-01,2.854635620901522369e-02,2.836380697630417475e-02,2.942738351015455542e-02
2.448749999999998601e-09,-2.666692518556520200e-05,-3.333334040429942812e-05,4.584559378862009815e-01,2.887181451865491674e-02,2.868636641973143150e-02,1.793924573763033131e-02,8.935844183996430855e-07,2.368583770898047904e-06,8.371349600802912017e-01,2.854750682869953288e-02,2.836495969156769756e-02,2.942884193535752826e-02
2.452499999999998717e-09,-2.666038945787260734e-05,-3.331728279337056172e-05,4.594145299095185875e-01,2.890448958141959152e-02,2.871883796708402103e-02,1.794843895597257946e-02,8.935977614944131699e-07,2.368605331098826334e-06,8.382591973641981831e-01,2.854865509616837452e-02,2.836611005164538582e-02,2.943029761560715662e-02
2.456249999999998833e-09,-2.665386303407124081e-05,-3.330124881440267354e-05,4.603734731540949920e-01,2.893713408762366157e-02,2.875127915484053040e-02,1.795760570272480344e-02,8.936110432989904982e-07,2.368626790731511686e-06,8.393834346029789284e-01,2.854980102138311715e-02,2.836725806651042153e-02,2.943175056211640161e-02
2.459999999999998950e-09,-2.664734590184959372e-05,-3.328523842998814587e-05,4.613327665923638299e-01,2.896974808248897401e-02,2.878369002790759704e-02,1.796674606961164850e-02,8.936242641637824364e-07,2.368648150390348394e-06,8.405076717968367195e-01,2.855094461424523972e-02,2.836840374607579873e-02,2.943320078603284956e-02
2.463749999999999066e-09,-2.664083804886922173e-05,-3.326925160270731283e-05,4.622924092003888319e-01,2.900233161118324909e-02,2.881607063113834910e-02,1.797586014801462462e-02,8.936374244389998385e-07,2.368669410669055732e-06,8.416319089459756153e-01,2.855208588459672708e-02,2.836954710019496534e-02,2.943464829843848302e-02
2.467499999999999182e-09,-2.663433946276887838e-05,-3.325328829513213307e-05,4.632523999578491702e-01,2.903488471881999350e-02,2.884842100933213832e-02,1.798494802897313699e-02,8.936505244730375203e-07,2.368690572153251951e-06,8.427561460505987867e-01,2.855322484222048984e-02,2.837068813866221867e-02,2.943609311035018383e-02
2.471249999999999299e-09,-2.662785013116009017e-05,-3.323734846982246961e-05,4.642127378480231381e-01,2.906740745045819155e-02,2.888074120723444632e-02,1.799400980318579396e-02,8.936635646108852249e-07,2.368711635421840025e-06,8.438803831109062958e-01,2.855436149684079800e-02,2.837182687121183461e-02,2.943753523271975397e-02
2.474999999999999415e-09,-2.662137004162786808e-05,-3.322143208933012849e-05,4.651734218577778246e-01,2.909989985110216296e-02,2.891303126953656197e-02,1.800304556101147216e-02,8.936765451964180000e-07,2.368732601052608231e-06,8.450046201270985380e-01,2.855549585812380831e-02,2.837296330751958723e-02,2.943897467643478288e-02
2.478749999999999531e-09,-2.661489918173824958e-05,-3.320553911620099328e-05,4.661344509775524059e-01,2.913236196570135120e-02,2.894529124087553279e-02,1.801205539247057591e-02,8.936894665693773728e-07,2.368753469617605354e-06,8.461288570993742431e-01,2.855662793567793206e-02,2.837409745720483045e-02,2.944041145231969178e-02
2.482499999999999647e-09,-2.660843753902229303e-05,-3.318966951297142693e-05,4.670958242013460993e-01,2.916479383915019166e-02,2.897752116583383192e-02,1.802103938724616480e-02,8.937023290697284868e-07,2.368774241686471215e-06,8.472530940279308087e-01,2.855775773905436243e-02,2.837522932982986315e-02,2.944184557113579959e-02
2.486249999999999764e-09,-2.660198510100467357e-05,-3.317382324217245946e-05,4.680575405267030642e-01,2.919719551628782717e-02,2.900972108893929910e-02,1.802999763468508820e-02,8.937151330333402346e-07,2.368794917827053313e-06,8.483773309129640783e-01,2.855888527774743529e-02,2.837635893490011996e-02,2.944327704358174619e-02
2.489999999999999880e-09,-2.659554185517417246e-05,-3.315800026633275595e-05,4.690195989547004674e-01,2.922956704189801774e-02,2.904189105466488743e-02,1.803893022379924466e-02,8.937278787921512755e-07,2.368815498600683770e-06,8.495015677546697841e-01,2.856001056119508025e-02,2.837748628186453903e-02,2.944470588029392960e-02
2.493749999999999996e-09,-2.658910778899825964e-05,-3.314220054796852675e-05,4.699819984899322178e-01,2.926190846070890125e-02,2.907403110742846561e-02,1.804783724326667477e-02,8.937405666766467605e-07,2.368835984566319629e-06,8.506258045532422152e-01,2.856113359877923696e-02,2.837861138011601655e-02,2.944613209184701250e-02
2.497500000000000113e-09,-2.658268288992754567e-05,-3.312642404959960070e-05,4.709447381404986976e-01,2.929421981739283379e-02,2.910614129159272076e-02,1.805671878143272346e-02,8.937531970162310266e-07,2.368856376278201652e-06,8.517500413088732181e-01,2.856225439982627845e-02,2.837973423899184389e-02,2.944755568875432467e-02
2.501250000000000229e-09,-2.657626714538821269e-05,-3.311067073373917947e-05,4.719078169179907190e-01,2.932650115656626824e-02,2.913822165146488785e-02,1.806557492631124043e-02,8.937657701397019351e-07,2.368876674284854823e-06,8.528742780217543062e-01,2.856337297360747596e-02,2.838085486777408573e-02,2.944897668146839037e-02
2.505000000000000345e-09,-2.656986054278510440e-05,-3.309494056290088486e-05,4.728712338374755353e-01,2.935875252278947675e-02,2.917027223129666641e-02,1.807440576558572501e-02,8.937782863695757510e-07,2.368896879133391276e-06,8.539985146920762160e-01,2.856448932933935286e-02,2.838197327569005890e-02,2.945039508038130999e-02
2.508750000000000462e-09,-2.656346306950379280e-05,-3.307923349958953629e-05,4.738349879174869050e-01,2.939097396056647785e-02,2.920229307528402277e-02,1.808321138661046074e-02,8.937907460276267385e-07,2.368916991367287677e-06,8.551227513200285735e-01,2.856560347618412876e-02,2.838308947191269666e-02,2.945181089582522838e-02
2.512500000000000578e-09,-2.655707471290818616e-05,-3.306354950631922311e-05,4.747990781800079940e-01,2.942316551434482480e-02,2.923428422756695413e-02,1.809199187641171921e-02,8.938031494356799835e-07,2.368937011524284588e-06,8.562469879057985622e-01,2.856671542325011498e-02,2.838420346556094070e-02,2.945322413807282408e-02
2.516250000000000694e-09,-2.655069546034360549e-05,-3.304788854559469023e-05,4.757635036504596071e-01,2.945532722851546339e-02,2.926624573222945391e-02,1.810074732168884606e-02,8.938154969100853514e-07,2.368956940138202500e-06,8.573712244495744761e-01,2.856782517959213785e-02,2.838531526570020266e-02,2.945463481733771177e-02
2.520000000000000810e-09,-2.654432529913558508e-05,-3.303225057992780438e-05,4.767282633576879758e-01,2.948745914741256538e-02,2.929817763329924801e-02,1.810947780881548216e-02,8.938277887656307784e-07,2.368976777742150399e-06,8.584954609515418333e-01,2.856893275421190648e-02,2.838642488134274222e-02,2.945604294377487248e-02
2.523750000000000927e-09,-2.653796421659036721e-05,-3.301663557183068980e-05,4.776933563339487154e-01,2.951956131531336541e-02,2.933007997474771505e-02,1.811818342384065306e-02,8.938400253169856164e-07,2.368996524863016659e-06,8.596196974118849310e-01,2.857003815605843600e-02,2.838753232144804878e-02,2.945744852748109072e-02
2.527500000000001043e-09,-2.653161219999665719e-05,-3.300104348381280089e-05,4.786587816148958896e-01,2.955163377643800493e-02,2.936195280048962963e-02,1.812686425248998326e-02,8.938522068756309851e-07,2.369016182023525640e-06,8.607439338307878440e-01,2.857114139402844311e-02,2.838863759492323696e-02,2.945885157849538472e-02
2.531250000000001159e-09,-2.652526923662672790e-05,-3.298547427839093073e-05,4.796245382395692980e-01,2.958367657494944541e-02,2.939379615438315885e-02,1.813552038016677873e-02,8.938643337499207586e-07,2.369035749744002905e-06,8.618681702084330931e-01,2.857224247696672423e-02,2.838974071062346644e-02,2.946025210679945744e-02
2.535000000000001276e-09,-2.651893531373187966e-05,-3.296992791808685296e-05,4.805906252503783782e-01,2.961568975495314227e-02,2.942561008022953617e-02,1.814415189195317524e-02,8.938764062482833499e-07,2.369055228540440598e-06,8.629924065450023107e-01,2.857334141366655103e-02,2.839084167735229924e-02,2.946165012231808170e-02
2.538750000000001392e-09,-2.651261041854687195e-05,-3.295440436542101308e-05,4.815570416930923803e-01,2.964767336049717317e-02,2.945739462177308227e-02,1.815275887261135618e-02,8.938884246757522641e-07,2.369074618926774264e-06,8.641166428406756861e-01,2.857443821287002778e-02,2.839194050386208840e-02,2.946304563491951994e-02
2.542500000000001508e-09,-2.650629453829223410e-05,-3.293890358292150019e-05,4.825237866168264889e-01,2.967962743557184604e-02,2.948914982270097254e-02,1.816134140658457949e-02,8.939003893344370482e-07,2.369093921410654467e-06,8.652408790956325202e-01,2.857553288326850766e-02,2.839303719885437338e-02,2.946443865441596838e-02
2.546250000000001625e-09,-2.649998766016986747e-05,-3.292342553312256983e-05,4.834908590740268353e-01,2.971155202410968171e-02,2.952087572664310183e-02,1.816989957799840238e-02,8.939123005249598598e-07,2.369113136497065308e-06,8.663651153100518920e-01,2.857662543350295709e-02,2.839413177098024446e-02,2.946582919056393857e-02
2.550000000000001741e-09,-2.649368977136507160e-05,-3.290797017856521311e-05,4.844582581204613936e-01,2.974344716998522653e-02,2.955257237717195257e-02,1.817843347066177423e-02,8.939241585460488905e-07,2.369132264688659855e-06,8.674893514841106601e-01,2.857771587216430265e-02,2.839522422884070696e-02,2.946721725306466338e-02
2.553750000000001857e-09,-2.648740085905140952e-05,-3.289253748179425652e-05,4.854259828152036604e-01,2.977531291701501423e-02,2.958423981780243864e-02,1.818694316806818492e-02,8.939359636959681580e-07,2.369151306484716598e-06,8.686135876179845727e-01,2.857880420779383701e-02,2.839631458098705596e-02,2.946860285156449599e-02
2.557500000000001973e-09,-2.648112091038430421e-05,-3.287712740536696099e-05,4.863940322206215527e-01,2.980714930895728143e-02,2.961587809199189153e-02,1.819542875339674737e-02,8.939477162688244422e-07,2.369170262380844677e-06,8.697378237118492672e-01,2.857989044888357283e-02,2.839740283592126838e-02,2.946998599565534699e-02
2.561250000000002090e-09,-2.647484991250313247e-05,-3.286173991184217989e-05,4.873624054023640295e-01,2.983895638951193988e-02,2.964748724313972725e-02,1.820389030951343953e-02,8.939594165576199921e-07,2.369189132866961173e-06,8.708620597658791596e-01,2.858097460387658967e-02,2.839848900209633598e-02,2.947136669487505217e-02
2.565000000000002206e-09,-2.646858785253770299e-05,-3.284637496379191928e-05,4.883311014293494345e-01,2.987073420232046889e-02,2.967906731458749142e-02,1.821232791897208977e-02,8.939710648537104246e-07,2.369207918430448845e-06,8.719862957802474446e-01,2.858205668116741219e-02,2.839957308791663665e-02,2.947274495870775071e-02
2.568750000000002322e-09,-2.646233471759927786e-05,-3.283103252379925089e-05,4.893001193737520627e-01,2.990248279096568290e-02,2.971061834961862339e-02,1.822074166401561890e-02,8.939826614445651695e-07,2.369226619557860357e-06,8.731105317551255407e-01,2.858313668910236749e-02,2.840065510173829522e-02,2.947412079658429107e-02
2.572500000000002439e-09,-2.645609049478541075e-05,-3.281571255445421922e-05,4.902694583109891702e-01,2.993420219897172802e-02,2.974214039145843883e-02,1.822913162657705324e-02,8.939942066209164275e-07,2.369245236732499157e-06,8.742347676906843112e-01,2.858421463597909593e-02,2.840173505186824321e-02,2.947549421787900095e-02
2.576250000000002555e-09,-2.644985517118572714e-05,-3.280041501835647072e-05,4.912391173197089289e-01,2.996589246980387727e-02,2.977363348327388345e-02,1.823749788828074939e-02,8.940057006696508696e-07,2.369263770434134871e-06,8.753590035870950636e-01,2.858529053004721376e-02,2.840281294656492317e-02,2.947686523191066568e-02
2.580000000000002671e-09,-2.644362873387157012e-05,-3.278513987812103398e-05,4.922090954817778252e-01,2.999755364686841272e-02,2.980509766817352954e-02,1.824584053044342805e-02,8.940171438735589158e-07,2.369282221140212865e-06,8.764832394445263297e-01,2.858636437951000281e-02,2.840388879404085604e-02,2.947823384794955731e-02
2.583750000000002787e-09,-2.643741116990384058e-05,-3.276988709637106232e-05,4.931793918822685030e-01,3.002918577351260804e-02,2.983653298920736774e-02,1.825415963407533287e-02,8.940285365155156889e-07,2.369300589323784101e-06,8.776074752631460862e-01,2.858743619252447632e-02,2.840496260246265503e-02,2.947960007521729237e-02
2.587500000000002904e-09,-2.643120246633126245e-05,-3.275465663574280079e-05,4.941500056094472182e-01,3.006078889302451346e-02,2.986793948936677587e-02,1.826245527988131986e-02,8.940398788738189461e-07,2.369318875452634381e-06,8.787317110431215328e-01,2.858850597720118125e-02,2.840603437995040115e-02,2.948096392288408057e-02
2.591250000000003020e-09,-2.642500261018966443e-05,-3.273944845888788335e-05,4.951209357547609602e-01,3.009236304863285860e-02,2.989931721158433503e-02,1.827072754826199186e-02,8.940511712264344075e-07,2.369337079990446482e-06,8.798559467846192028e-01,2.858957374160451398e-02,2.840710413457801092e-02,2.948232540006906488e-02
2.595000000000003136e-09,-2.641881158850916284e-05,-3.272426252847001249e-05,4.960921814128255170e-01,3.012390828350699698e-02,2.993066619873377410e-02,1.827897651931473938e-02,8.940624138494202748e-07,2.369355203399896905e-06,8.809801824878041865e-01,2.859063949375308458e-02,2.840817187437354868e-02,2.948368451584076205e-02
2.598750000000003253e-09,-2.641262938829760720e-05,-3.270909880716716826e-05,4.970637416814138732e-01,3.015542464075674639e-02,2.996198649362982400e-02,1.828720227283496189e-02,8.940736070166697340e-07,2.369373246139349059e-06,8.821044181528405748e-01,2.859170324162005339e-02,2.840923760731956307e-02,2.948504127921738188e-02
2.602500000000003369e-09,-2.640645599656460884e-05,-3.269395725767327529e-05,4.980356156614434426e-01,3.018691216343230913e-02,2.999327813902818649e-02,1.829540488831703574e-02,8.940847509999482238e-07,2.369391208663873088e-06,8.832286537798916815e-01,2.859276499313342240e-02,2.841030134135340973e-02,2.948639569916716024e-02
2.606250000000003485e-09,-2.640029140030324503e-05,-3.267883784269560066e-05,4.990078024569617465e-01,3.021837089452419911e-02,3.002454117762528782e-02,1.830358444495551462e-02,8.940958460703537212e-07,2.369409091426336853e-06,8.843528893691199322e-01,2.859382475617638919e-02,2.841136308436760169e-02,2.948774778460876850e-02
2.610000000000003602e-09,-2.639413558649149550e-05,-3.266374052495902972e-05,4.999803011751386417e-01,3.024980087696306844e-02,3.005577565205835161e-02,1.831174102164616346e-02,8.941068924949421620e-07,2.369426894875783010e-06,8.854771249206869754e-01,2.859488253858770423e-02,2.841242284421010081e-02,2.948909754441161879e-02
2.613750000000003718e-09,-2.638798854210978623e-05,-3.264866526720739429e-05,5.009531109262523874e-01,3.028120215361965531e-02,3.008698160490515597e-02,1.831987469698711721e-02,8.941178905408812903e-07,2.369444619458113422e-06,8.866013604347535715e-01,2.859593834816191033e-02,2.841348062868467167e-02,2.949044498739625264e-02
2.617500000000003834e-09,-2.638185025412153478e-05,-3.263361203219395870e-05,5.019262308236737136e-01,3.031257476730472161e-02,3.011815907868402656e-02,1.832798554927985921e-02,8.941288404724487737e-07,2.369462265617159800e-06,8.877255959114784822e-01,2.859699219264971032e-02,2.841453644555118341e-02,2.949179012233466013e-02
2.621250000000003950e-09,-2.637572070948250152e-05,-3.261858078270315814e-05,5.028996599838616577e-01,3.034391876076889330e-02,3.014930811585376028e-02,1.833607365653044594e-02,8.941397425533632382e-07,2.369479833792386553e-06,8.888498313510209137e-01,2.859804407975831408e-02,2.841559030252590809e-02,2.949313295795063378e-02
2.625000000000004067e-09,-2.636959989514151470e-05,-3.260357148152156229e-05,5.038733975263443021e-01,3.037523417670260836e-02,3.018042875881342402e-02,1.834413909645051313e-02,8.941505970481395207e-07,2.369497324421130345e-06,8.899740667535389615e-01,2.859909401715059890e-02,2.841664220728107315e-02,2.949447350291763831e-02
2.628750000000004183e-09,-2.636348779803221020e-05,-3.258858409146788066e-05,5.048474425737105031e-01,3.040652105773601621e-02,3.021152104990235121e-02,1.835218194645836173e-02,8.941614042172029830e-07,2.369514737937177077e-06,8.910983021191889453e-01,2.860014201244424209e-02,2.841769216744431670e-02,2.949581176585639244e-02
2.632500000000004299e-09,-2.635738440509165947e-05,-3.257361857537221367e-05,5.058217942515975674e-01,3.043777944643890482e-02,3.024258503140001692e-02,1.836020228368002646e-02,8.941721643224799293e-07,2.369532074770389193e-06,8.922225374481271842e-01,2.860118807321544027e-02,2.841874019060142489e-02,2.949714775534296313e-02
2.636250000000004416e-09,-2.635128970324139596e-05,-3.255867489608877167e-05,5.067964516886801496e-01,3.046900938532060010e-02,3.027362074552603088e-02,1.836820018495041382e-02,8.941828776206586120e-07,2.369549335349853256e-06,8.933467727405077774e-01,2.860223220700039773e-02,2.841978628429747342e-02,2.949848147991181516e-02
2.640000000000004532e-09,-2.634520367939596682e-05,-3.254375301649068433e-05,5.077714140166561529e-01,3.050021091682986185e-02,3.030462823443991205e-02,1.837617572681433942e-02,8.941935443660657559e-07,2.369566520101420163e-06,8.944710079964857119e-01,2.860327442129305398e-02,2.842083045603567212e-02,2.949981294805056886e-02
2.643750000000004648e-09,-2.633912632046704605e-05,-3.252885289946903167e-05,5.087466803702378471e-01,3.053138408335492188e-02,3.033560754024117873e-02,1.838412898552756539e-02,8.942041648124724319e-07,2.369583629447938924e-06,8.955952432162147536e-01,2.860431472354526064e-02,2.842187271327771894e-02,2.950114216820020480e-02
2.647500000000004765e-09,-2.633305761335515393e-05,-3.251397450794345565e-05,5.097222498871369911e-01,3.056252892722318218e-02,3.036655870496910228e-02,1.839206003705795567e-02,8.942147392110001919e-07,2.369600663809551434e-06,8.967194783998467811e-01,2.860535312116776335e-02,2.842291306344365762e-02,2.950246914875614967e-02
2.651250000000004881e-09,-2.632699754495854068e-05,-3.249911780484727948e-05,5.106981217080566182e-01,3.059364549070137801e-02,3.039748177060275225e-02,1.839996895708645441e-02,8.942252678120251989e-07,2.369617623603004680e-06,8.978437135475333397e-01,2.860638962153056603e-02,2.842395151391219343e-02,2.950379389806876557e-02
2.655000000000004997e-09,-2.632094610216708107e-05,-3.248428275314355388e-05,5.116742949766779347e-01,3.062473381599536276e-02,3.042837677906088875e-02,1.840785582100821702e-02,8.942357508637823165e-07,2.369634509241874356e-06,8.989679486594255309e-01,2.860742423196287881e-02,2.842498807202117894e-02,2.950511642444315907e-02
2.658750000000005113e-09,-2.631490327186375840e-05,-3.246946931581201948e-05,5.126507688396484408e-01,3.065579394525005247e-02,3.045924377220183069e-02,1.841572070393360933e-02,8.942461886114401492e-07,2.369651321138062421e-06,9.000921837356731237e-01,2.860845695975335751e-02,2.842602274506785681e-02,2.950643673613951440e-02
2.662500000000005230e-09,-2.630886904092924526e-05,-3.245467745585658108e-05,5.136275424465701622e-01,3.068682592054940497e-02,3.049008279182350428e-02,1.842356368068935601e-02,8.942565812997505610e-07,2.369668059698530935e-06,9.012164187764248879e-01,2.860948781215041925e-02,2.842705554030922066e-02,2.950775484137343335e-02
2.666250000000005346e-09,-2.630284339623753287e-05,-3.243990713631225329e-05,5.146046149499894362e-01,3.071782978391631933e-02,3.052089387966320372e-02,1.843138482581949122e-02,8.942669291726759815e-07,2.369684725329249239e-06,9.023406537818292605e-01,2.861051679636253398e-02,2.842808646496224750e-02,2.950907074831623372e-02
2.670000000000005462e-09,-2.629682632465796390e-05,-3.242515832022817925e-05,5.155819855053850320e-01,3.074880557731252823e-02,3.055167707739775418e-02,1.843918421358648613e-02,8.942772324716004718e-07,2.369701318434357080e-06,9.034648887520333460e-01,2.861154391955850890e-02,2.842911552620421001e-02,2.951038446509520255e-02
2.673750000000005579e-09,-2.629081781305246104e-05,-3.241043097068542505e-05,5.165596532711571598e-01,3.077975334263861537e-02,3.058243242664319614e-02,1.844696191797229670e-02,8.942874914359633055e-07,2.369717839413139013e-06,9.045891236871836938e-01,2.861256918886775219e-02,2.843014273117291588e-02,2.951169599979398817e-02
2.677500000000005695e-09,-2.628481784828358393e-05,-3.239572505078673408e-05,5.175376174086135928e-01,3.081067312173389749e-02,3.061315996895490332e-02,1.845471801267933518e-02,8.942977063041703759e-07,2.369734288663588714e-06,9.057133585874262982e-01,2.861359261138053667e-02,2.843116808696703052e-02,2.951300536045285000e-02
2.681250000000005811e-09,-2.627882641720814594e-05,-3.238104052366122971e-05,5.185158770819632279e-01,3.084156495637640008e-02,3.064385974582744740e-02,1.846245257113165658e-02,8.943078773135670911e-07,2.369750666580301566e-06,9.068375934529058213e-01,2.861461419414831897e-02,2.843219160064634418e-02,2.951431255506895002e-02
2.685000000000005928e-09,-2.627284350668040579e-05,-3.236637735246591962e-05,5.194944314582993217e-01,3.087242888828273593e-02,3.067453179869453206e-02,1.847016566647583652e-02,8.943180047001131133e-07,2.369766973555304743e-06,9.079618282837667032e-01,2.861563394418396161e-02,2.843321327923199748e-02,2.951561759159670312e-02
2.688750000000006044e-09,-2.626686910354739872e-05,-3.235173550037976660e-05,5.204732797075943829e-01,3.090326495910810864e-02,3.070517616892897914e-02,1.847785737158212302e-02,8.943280886982332809e-07,2.369783209977857321e-06,9.090860630801518294e-01,2.861665186846165665e-02,2.843423312970714406e-02,2.951692047794778062e-02
2.692500000000006160e-09,-2.626090319465489278e-05,-3.233711493061615009e-05,5.214524210026841855e-01,3.093407321044623973e-02,3.073579289784261065e-02,1.848552775904543574e-02,8.943381295386627569e-07,2.369799376222601970e-06,9.102102978422038637e-01,2.861766797391664466e-02,2.843525115902055533e-02,2.951822122199328213e-02
2.696250000000006276e-09,-2.625494576685173925e-05,-3.232251560641106867e-05,5.224318545192564445e-01,3.096485368382930620e-02,3.076638202668630431e-02,1.849317690118642762e-02,8.943481274489179791e-07,2.369815472653044575e-06,9.113345325700649147e-01,2.861868226744653312e-02,2.843626737408512517e-02,2.951951983156402698e-02
2.700000000000006393e-09,-2.624899680697055345e-05,-3.230793749102674509e-05,5.234115794358443763e-01,3.099560642072787808e-02,3.079694359664977149e-02,1.850080487005245980e-02,8.943580826587041184e-07,2.369831499642337030e-06,9.124587672638750924e-01,2.861969475591235809e-02,2.843728178177249571e-02,2.952081631444759477e-02
2.703750000000006509e-09,-2.624305630185801147e-05,-3.229338054775809756e-05,5.243915949338128213e-01,3.102633146255089763e-02,3.082747764886169597e-02,1.850841173741866671e-02,8.943679953948057760e-07,2.369847457570770023e-06,9.135830019237745070e-01,2.862070544613815395e-02,2.843829438891471578e-02,2.952211067838880418e-02
2.707500000000006625e-09,-2.623712423834586807e-05,-3.227884473992892472e-05,5.253719001973454761e-01,3.105702885064560298e-02,3.085798422438952582e-02,1.851599757478899003e-02,8.943778658855931990e-07,2.369863346814080594e-06,9.147072365499033797e-01,2.862171434491095692e-02,2.843930520230681519e-02,2.952340293109139216e-02
2.711250000000006742e-09,-2.623120060327383332e-05,-3.226433003088930357e-05,5.263524944134373440e-01,3.108769862629748998e-02,3.088846336423950109e-02,1.852356245339717780e-02,8.943876943561908041e-07,2.369879167747700850e-06,9.158314711424000443e-01,2.862272145898108605e-02,2.844031422870702680e-02,2.952469308021833660e-02
2.715000000000006858e-09,-2.622528538346880340e-05,-3.224983638401979073e-05,5.273333767718827447e-01,3.111834083073031915e-02,3.091891510935662959e-02,1.853110644420783923e-02,8.943974810291209227e-07,2.369894920744044072e-06,9.169557057014012802e-01,2.862372679506238610e-02,2.844132147483710224e-02,2.952598113339214778e-02
2.718750000000006974e-09,-2.621937856576972946e-05,-3.223536376273104977e-05,5.283145464652634349e-01,3.114895550510595607e-02,3.094933950062453074e-02,1.853862961791739525e-02,8.944072261260453010e-07,2.369910606172728333e-06,9.180799402270451992e-01,2.862473035983247732e-02,2.844232694738249578e-02,2.952726709819509382e-02
2.722500000000007090e-09,-2.621348013700468672e-05,-3.222091213046469823e-05,5.292960026889382830e-01,3.117954269052442343e-02,3.097973657886558124e-02,1.854613204495514020e-02,8.944169298669993817e-07,2.369926224401633596e-06,9.192041747194676926e-01,2.862573215993315795e-02,2.844333065299272864e-02,2.952855098216935342e-02
2.726250000000007207e-09,-2.620759008400622955e-05,-3.220648145069185072e-05,5.302777446410342765e-01,3.121010242802384899e-02,3.101010638484066190e-02,1.855361379548428613e-02,8.944265924730282708e-07,2.369941775793733807e-06,9.203284091788037635e-01,2.862673220197128193e-02,2.844433259828177407e-02,2.952983279281667234e-02
2.730000000000007323e-09,-2.620170839360512336e-05,-3.219207168691683911e-05,5.312597715224327555e-01,3.124063475858041006e-02,3.104044895924925815e-02,1.856107493940286138e-02,8.944362141605048406e-07,2.369957260712406101e-06,9.214526436051895253e-01,2.862773049251801649e-02,2.844533278982803309e-02,2.953111253759953259e-02
2.733750000000007439e-09,-2.619583505262792551e-05,-3.217768280267143234e-05,5.322420825367613073e-01,3.127113972310824330e-02,3.107076434272938031e-02,1.856851554634483814e-02,8.944457951466862659e-07,2.369972679517144812e-06,9.225768779987580936e-01,2.862872703810852640e-02,2.844633123417438653e-02,2.953239022394210656e-02
2.737500000000007556e-09,-2.618997004790573344e-05,-3.216331476152220226e-05,5.332246768903825540e-01,3.130161736245955229e-02,3.110105257585754276e-02,1.857593568568106923e-02,8.944553356462581293e-07,2.369988032565553698e-06,9.237011123596428064e-01,2.862972184524301827e-02,2.844732793782870500e-02,2.953366585922970536e-02
2.741250000000007672e-09,-2.618411336627389334e-05,-3.214896752707056425e-05,5.342075537923827167e-01,3.133206771742441665e-02,3.113131369914870494e-02,1.858333542652026299e-02,8.944648358721983951e-07,2.370003320214589384e-06,9.248253466879765572e-01,2.863071492038693142e-02,2.844832290726405713e-02,2.953493945080902169e-02
2.745000000000007788e-09,-2.617826499455798000e-05,-3.213464106294380547e-05,5.351907124545608463e-01,3.136249082873085459e-02,3.116154775305626443e-02,1.859071483771004146e-02,8.944742960372343058e-07,2.370018542815631631e-06,9.259495809838904634e-01,2.863170626997118412e-02,2.844931614891895930e-02,2.953621100598840046e-02
2.748750000000007905e-09,-2.617242491959111697e-05,-3.212033533280664517e-05,5.361741520914209413e-01,3.139288673704474647e-02,3.119175477797196672e-02,1.859807398783792920e-02,8.944837163539304736e-07,2.370033700719260597e-06,9.270738152475159755e-01,2.863269590039242696e-02,2.845030766919762200e-02,2.953748053203810245e-02
2.752500000000008021e-09,-2.616659312820793215e-05,-3.210605030035851737e-05,5.371578719201586249e-01,3.142325548296986265e-02,3.122193481422596076e-02,1.860541294523225531e-02,8.944930970305790764e-07,2.370048794274938361e-06,9.281980494789845437e-01,2.863368381801326482e-02,2.845129747447015106e-02,2.953874803619057493e-02
2.756250000000008137e-09,-2.616076960723849300e-05,-3.209178592932757394e-05,5.381418711606515970e-01,3.145359710704775241e-02,3.125208790208670179e-02,1.861273177796327408e-02,8.945024382748285473e-07,2.370063823829003142e-06,9.293222836784247320e-01,2.863467002916247894e-02,2.845228557107281134e-02,2.954001352564068414e-02
2.760000000000008253e-09,-2.615495434352372933e-05,-3.207754218347950721e-05,5.391261490354501973e-01,3.148391164975777173e-02,3.128221408176100338e-02,1.862003055384402542e-02,8.945117402958180971e-07,2.370078789724005229e-06,9.304465178459659924e-01,2.863565454013526981e-02,2.845327196530825220e-02,2.954127700754595812e-02
2.763750000000008370e-09,-2.614914732389509095e-05,-3.206331902661444650e-05,5.401107047697659702e-01,3.151419915151704859e-02,3.131231339339387437e-02,1.862730934043139996e-02,8.945210032981061826e-07,2.370093692303114937e-06,9.315707519817363336e-01,2.863663735719349651e-02,2.845425666344572613e-02,2.954253848902687468e-02
2.767500000000008486e-09,-2.614334853519758700e-05,-3.204911642256290589e-05,5.410955375914616727e-01,3.154445965268046909e-02,3.134238587706864726e-02,1.863456820502710359e-02,8.945302274867459279e-07,2.370108531906707375e-06,9.326949860858629870e-01,2.863761848656588838e-02,2.845523967172132462e-02,2.954379797716705919e-02
2.771250000000008602e-09,-2.613755796426800020e-05,-3.203493433519846939e-05,5.420806467310413934e-01,3.157469319354064274e-02,3.137243157280682204e-02,1.864180721467858029e-02,8.945394130651607655e-07,2.370123308870061900e-06,9.338192201584740726e-01,2.863859793444825663e-02,2.845622099633820373e-02,2.954505547901357249e-02
2.775000000000008719e-09,-2.613177559795236291e-05,-3.202077272842448238e-05,5.430660314216398943e-01,3.160489981432789558e-02,3.140245052056820502e-02,1.864902643618005298e-02,8.945485602332606354e-07,2.370138023528779741e-06,9.349434541996950454e-01,2.863957570700374766e-02,2.845720064346678180e-02,2.954631100157714685e-02
2.778750000000008835e-09,-2.612600142309738508e-05,-3.200663156617867297e-05,5.440516908990123968e-01,3.163507955521016601e-02,3.143244276025070061e-02,1.865622593607342561e-02,8.945576691929578634e-07,2.370152676216913753e-06,9.360676882096512497e-01,2.864055181036302689e-02,2.845817861924498926e-02,2.954756455183239761e-02
2.782500000000008951e-09,-2.612023542654846886e-05,-3.199251081243807162e-05,5.450376244015264771e-01,3.166523245629312977e-02,3.146240833169044321e-02,1.866340578064932046e-02,8.945667401449721530e-07,2.370167267263654820e-06,9.371919221884681406e-01,2.864152625062453550e-02,2.845915492977848377e-02,2.954881613671810764e-02
2.786250000000009068e-09,-2.611447759516332887e-05,-3.197841043121625994e-05,5.460238311701470781e-01,3.169535855762016519e-02,3.149234727466165840e-02,1.867056603594802883e-02,8.945757732862183356e-07,2.370181796998573298e-06,9.383161561362693970e-01,2.864249903385470905e-02,2.846012958114085833e-02,2.955006576313741820e-02
2.790000000000009184e-09,-2.610872791579385213e-05,-3.196433038656013167e-05,5.470103104484324019e-01,3.172545789917212422e-02,3.152225962887681560e-02,1.867770676776037489e-02,8.945847688135197631e-07,2.370196265748884790e-06,9.394403900531784757e-01,2.864347016608814050e-02,2.846110257937386340e-02,2.955131343795811688e-02
2.793750000000009300e-09,-2.610298637529823439e-05,-3.195027064255889153e-05,5.479970614825202535e-01,3.175553052086763778e-02,3.155214543398639215e-02,1.868482804162882246e-02,8.945937269221141417e-07,2.370210673835431825e-06,9.405646239393183894e-01,2.864443965332755249e-02,2.846207393048701129e-02,2.955255916801272781e-02
2.797500000000009416e-09,-2.609725296054131888e-05,-3.193623116333422964e-05,5.489840835211199366e-01,3.178557646256282426e-02,3.158200472957905375e-02,1.869192992284830421e-02,8.946026478075373332e-07,2.370225021580110638e-06,9.416888577948110406e-01,2.864540750154428300e-02,2.846304364045832563e-02,2.955380296009883431e-02
2.801250000000009533e-09,-2.609152765838927023e-05,-3.192221191304562059e-05,5.499713758154981535e-01,3.181559576405150469e-02,3.161183755518150867e-02,1.869901247646727979e-02,8.946115316645222122e-07,2.370239309303502872e-06,9.428130916197789979e-01,2.864637371667877810e-02,2.846401171523527118e-02,2.955504482097947444e-02
2.805000000000009649e-09,-2.608581045571326071e-05,-3.190821285589415875e-05,5.509589376194764521e-01,3.184558846506499452e-02,3.164164395025863274e-02,1.870607576728856858e-02,8.946203786846371382e-07,2.370253537323666011e-06,9.439373254143423875e-01,2.864733830464053638e-02,2.846497816073435827e-02,2.955628475738323116e-02
2.808750000000009765e-09,-2.608010133938264656e-05,-3.189423395611538903e-05,5.519467681894139055e-01,3.187555460527225631e-02,3.167142395421328194e-02,1.871311985987039045e-02,8.946291890572922307e-07,2.370267705956360384e-06,9.450615591786206693e-01,2.864830127130831017e-02,2.846594298284130936e-02,2.955752277600444400e-02
2.812500000000009882e-09,-2.607440029628632676e-05,-3.188027517798573077e-05,5.529348667842035603e-01,3.190549422427978177e-02,3.170117760638645199e-02,1.872014481852729562e-02,8.946379629726768795e-07,2.370281815515360877e-06,9.461857929127350797e-01,2.864926262253027905e-02,2.846690618741126028e-02,2.955875888350344149e-02
2.816250000000009998e-09,-2.606870731329974942e-05,-3.186633648581952327e-05,5.539232326652575589e-01,3.193540736163164723e-02,3.173090494605719514e-02,1.872715070733103546e-02,8.946467006197675233e-07,2.370295866313473369e-06,9.473100266168041905e-01,2.865022236412431353e-02,2.846786778026893366e-02,2.955999308650679447e-02
2.820000000000010114e-09,-2.606302237731495769e-05,-3.185241784396871409e-05,5.549118650965015886e-01,3.196529405680949981e-02,3.176060601244257153e-02,1.873413759011157559e-02,8.946554021848944699e-07,2.370309858659387159e-06,9.484342602909454634e-01,2.865118050187828724e-02,2.846882776720916636e-02,2.956122539160726745e-02
2.823750000000010231e-09,-2.605734547522690854e-05,-3.183851921682605746e-05,5.559007633443608931e-01,3.199515434923251578e-02,3.179028084469778803e-02,1.874110553045799793e-02,8.946640678544388490e-07,2.370323792860053435e-06,9.495584939352774700e-01,2.865213704155011865e-02,2.846978615399682611e-02,2.956245580536428358e-02
2.827500000000010347e-09,-2.605167659393312036e-05,-3.182464056882663213e-05,5.568899266777554979e-01,3.202498827825743521e-02,3.181992948191600390e-02,1.874805459171942704e-02,8.946726978126167741e-07,2.370337669223016307e-06,9.506827275499170060e-01,2.865309198886780220e-02,2.847074294636670055e-02,2.956368433430441728e-02
2.831250000000010463e-09,-2.604601572033833504e-05,-3.181078186443901874e-05,5.578793543680867772e-01,3.205479588317855510e-02,3.184955196312848347e-02,1.875498483700596686e-02,8.946812922448268166e-07,2.370351488052120046e-06,9.518069611349795345e-01,2.865404534952980392e-02,2.847169815002399684e-02,2.956491098492128669e-02
2.835000000000010579e-09,-2.604036284135558183e-05,-3.179694306817764608e-05,5.588690456892299041e-01,3.208457720322772933e-02,3.187914832730454756e-02,1.876189632918963054e-02,8.946898513340213169e-07,2.370365249649159103e-06,9.529311946905821840e-01,2.865499712920522787e-02,2.847265177064456018e-02,2.956613576367585206e-02
2.838750000000010696e-09,-2.603471794389745632e-05,-3.178312414459610977e-05,5.598589999175221932e-01,3.211433227757435477e-02,3.190871861335150411e-02,1.876878913090525292e-02,8.946983752602083288e-07,2.370378954314681096e-06,9.540554282168399736e-01,2.865594733353401050e-02,2.847360381387501263e-02,2.956735867699657877e-02
2.842500000000010812e-09,-2.602908101488732155e-05,-3.176932505828378411e-05,5.608492163317575496e-01,3.214406114532543379e-02,3.193826286011478693e-02,1.877566330455140292e-02,8.947068642039380073e-07,2.370392602346285969e-06,9.551796617138670342e-01,2.865689596812710793e-02,2.847455428533298555e-02,2.956857973127967332e-02
2.846250000000010928e-09,-2.602345204125413100e-05,-3.175554577387777538e-05,5.618396942131720362e-01,3.217376384552540769e-02,3.196778110637785164e-02,1.878251891229133080e-02,8.947153183449405793e-07,2.370406194041712580e-06,9.563038951817781630e-01,2.865784303856671461e-02,2.847550319060730695e-02,2.956979893288929837e-02
2.850000000000011045e-09,-2.601783100993305199e-05,-3.174178625605350286e-05,5.628304328454386551e-01,3.220344041715642730e-02,3.199727339086218952e-02,1.878935601605382158e-02,8.947237378652468133e-07,2.370419729697110752e-06,9.574281286206858255e-01,2.865878855040685652e-02,2.847645053525854966e-02,2.957101628815926586e-02
2.853750000000011161e-09,-2.601221790786333114e-05,-3.172804646952602698e-05,5.638214315146562461e-01,3.223309089913814485e-02,3.202673975222738306e-02,1.879617467753418036e-02,8.947321229610261518e-07,2.370433209607878143e-06,9.585523620307034864e-01,2.865973250917503226e-02,2.847739632482056138e-02,2.957223180339856039e-02
2.857500000000011277e-09,-2.600661272199280736e-05,-3.171432637905650031e-05,5.648126895093384947e-01,3.226271533032776945e-02,3.205618022907106429e-02,1.880297495819507891e-02,8.947404738246194484e-07,2.370446634067698016e-06,9.596765954119436115e-01,2.866067492037010361e-02,2.847834056479852174e-02,2.957344548488314434e-02
2.861250000000011393e-09,-2.600101543927537756e-05,-3.170062594944213870e-05,5.658042061204087148e-01,3.229231374952015038e-02,3.208559485992897725e-02,1.880975691926748891e-02,8.947487906315725872e-07,2.370460003366984088e-06,9.608008287645171119e-01,2.866161578946101185e-02,2.847928326066785643e-02,2.957465733885088904e-02
2.865000000000011510e-09,-2.599542604667384266e-05,-3.168694514552753761e-05,5.667959806411870805e-01,3.232188619544770075e-02,3.211498368327491554e-02,1.881652062175158749e-02,8.947570735550563722e-07,2.370473317792406190e-06,9.619250620885355652e-01,2.866255512188885246e-02,2.848022441787613490e-02,2.957586737150863510e-02
2.868750000000011626e-09,-2.598984453115247401e-05,-3.167328393219769262e-05,5.677880123673810786e-01,3.235143270678045996e-02,3.214434673752079169e-02,1.882326612641760377e-02,8.947653227655311017e-07,2.370486577628458971e-06,9.630492953841094383e-01,2.866349292306721863e-02,2.848116404184321618e-02,2.957707558903222012e-02
2.872500000000011742e-09,-2.598427087969434711e-05,-3.165964227437770122e-05,5.687803005970811787e-01,3.238095332212605204e-02,3.217368406101657474e-02,1.882999349380678686e-02,8.947735384357474514e-07,2.370499783159992835e-06,9.641735286513481995e-01,2.866442919838239206e-02,2.848210213796142226e-02,2.957828199756662793e-02
2.876250000000011859e-09,-2.597870507927445337e-05,-3.164602013703750620e-05,5.697728446307446237e-01,3.241044808002977590e-02,3.220299569205042206e-02,1.883670278423224889e-02,8.947817207374193283e-07,2.370512934668405681e-06,9.652977618903615387e-01,2.866536395319319031e-02,2.848303871159575673e-02,2.957948660322656104e-02
2.880000000000011975e-09,-2.597314711688784194e-05,-3.163241748519571750e-05,5.707656437711924324e-01,3.243991701897452201e-02,3.223228166884856138e-02,1.884339405777987059e-02,8.947898698611799677e-07,2.370526032438036304e-06,9.664219951012583687e-01,2.866629719283406499e-02,2.848397376808325943e-02,2.958068941210760527e-02
2.883750000000012091e-09,-2.596759697953171005e-05,-3.161883428390311875e-05,5.717586973235972980e-01,3.246936017738089042e-02,3.226154202957538103e-02,1.885006737430917553e-02,8.947979860007932384e-07,2.370539076751952950e-06,9.675462282841463812e-01,2.866722892261349548e-02,2.848490731273373849e-02,2.958189043027888848e-02
2.887500000000012208e-09,-2.596205465421218603e-05,-3.160527049826310447e-05,5.727520045954747063e-01,3.249877759360713519e-02,3.229077681233342989e-02,1.885672279345424265e-02,8.948060693292266563e-07,2.370552067887165886e-06,9.686704614391334900e-01,2.866815914781022448e-02,2.848583935083099164e-02,2.958308966376869964e-02
2.891250000000012324e-09,-2.595652012794183569e-05,-3.159172609341800563e-05,5.737455648966748312e-01,3.252816930594917139e-02,3.231998605516343132e-02,1.886336037462455623e-02,8.948141200154429657e-07,2.370565006119011644e-06,9.697946945663268314e-01,2.866908787367543343e-02,2.848676988763249041e-02,2.958428711857197246e-02
2.895000000000012440e-09,-2.595099338774709582e-05,-3.157820103455541861e-05,5.747393775393712101e-01,3.255753535264067217e-02,3.234916979604427617e-02,1.886998017700589059e-02,8.948221382200565539e-07,2.370577891721047982e-06,9.709189276658325429e-01,2.867001510543545906e-02,2.848769892836863424e-02,2.958548280065639857e-02
2.898750000000012556e-09,-2.594547442065241102e-05,-3.156469528690779866e-05,5.757334418380575247e-01,3.258687577185302026e-02,3.237832807289311304e-02,1.887658225956117750e-02,8.948301241006460425e-07,2.370590724963027790e-06,9.720431607377574279e-01,2.867094084829174827e-02,2.848862647824305233e-02,2.958667671596234422e-02
2.902500000000012673e-09,-2.593996321370443166e-05,-3.155120881575079294e-05,5.767277571095315025e-01,3.261619060169535650e-02,3.240746092356525110e-02,1.888316668103140125e-02,8.948380778172057906e-07,2.370603506113657023e-06,9.731673937822062914e-01,2.867186510741812772e-02,2.848955254243383528e-02,2.958786887039883962e-02
2.906250000000012789e-09,-2.593445975394389249e-05,-3.153774158640708944e-05,5.777223226728901428e-01,3.264547988021451047e-02,3.243656838585427804e-02,1.888973349993643483e-02,8.948459995319798773e-07,2.370616235442054990e-06,9.742916267992832724e-01,2.867278788796102929e-02,2.849047712609361835e-02,2.958905926984397444e-02
2.910000000000012905e-09,-2.592896402843544842e-05,-3.152429356423848872e-05,5.787171378495205021e-01,3.267474364539522252e-02,3.246565049749205317e-02,1.889628277457591418e-02,8.948538894067753122e-07,2.370628913213969807e-06,9.754158597890942861e-01,2.867370919504113463e-02,2.849140023434925187e-02,2.959024792014710442e-02
2.913750000000013022e-09,-2.592347602424459465e-05,-3.151086471465834517e-05,5.797122019630918111e-01,3.270398193515992868e-02,3.249470729614872822e-02,1.890281456303011254e-02,8.948617476014915871e-07,2.370641539693624933e-06,9.765400927517425833e-01,2.867462903375356253e-02,2.849232187230199553e-02,2.959143482712903520e-02
2.917500000000013138e-09,-2.591799572844667905e-05,-3.149745500312321864e-05,5.807075143395423744e-01,3.273319478736898269e-02,3.252373881943273343e-02,1.890932892316080430e-02,8.948695742741037348e-07,2.370654115144993102e-06,9.776643256873307486e-01,2.867554740916797990e-02,2.849324204502762942e-02,2.959261999658218192e-02
2.921250000000013254e-09,-2.591252312812486930e-05,-3.148406439513252205e-05,5.817030743070767951e-01,3.276238223982055192e-02,3.255274510489085393e-02,1.891582591261208035e-02,8.948773695820074175e-07,2.370666639828462408e-06,9.787885585959619217e-01,2.867646432632879605e-02,2.849416075757663092e-02,2.959380343427077051e-02
2.925000000000013371e-09,-2.590705821037693593e-05,-3.147069285623237036e-05,5.826988811961537618e-01,3.279154433025065207e-02,3.258172619000825748e-02,1.892230558881125013e-02,8.948851336836350658e-07,2.370679114004641170e-06,9.799127914777383541e-01,2.867737979025533970e-02,2.849507801497435863e-02,2.959498514593101801e-02
2.928750000000013487e-09,-2.590160096230853705e-05,-3.145734035201450986e-05,5.836949343394771672e-01,3.282068109633329289e-02,3.261068211220845975e-02,1.892876800896965694e-02,8.948928667350711350e-07,2.370691537931183260e-06,9.810370243327617423e-01,2.867829380594197342e-02,2.849599382222121544e-02,2.959616513727129916e-02
2.932500000000013603e-09,-2.589615137103415345e-05,-3.144400684812173922e-05,5.846912330719896689e-01,3.284979257568033245e-02,3.263961290885340066e-02,1.893521323008356613e-02,8.949005688913768645e-07,2.370703911863767267e-06,9.821612571611334497e-01,2.867920637835829484e-02,2.849690818429278724e-02,2.959734341397229906e-02
2.936250000000013719e-09,-2.589070942367456107e-05,-3.143069231023117212e-05,5.856877767308626970e-01,3.287887880584165062e-02,3.266851861724343747e-02,1.894164130893493878e-02,8.949082403059024872e-07,2.370716236059067889e-06,9.832854899629537293e-01,2.868011751244928242e-02,2.849782110614000608e-02,2.959851998168721091e-02
2.940000000000013836e-09,-2.588527510736727324e-05,-3.141739670407922807e-05,5.866845646554863514e-01,3.290793982430508663e-02,3.269739927461743495e-02,1.894805230209234415e-02,8.949158811329672417e-07,2.370728510769419631e-06,9.844097227383223903e-01,2.868102721313542380e-02,2.849873259268930620e-02,2.959969484604192680e-02
2.943750000000013952e-09,-2.587984840926034713e-05,-3.140411999543958252e-05,5.876815961874646277e-01,3.293697566849652925e-02,3.272625491815274457e-02,1.895444626591175075e-02,8.949234915245593319e-07,2.370740736247912549e-06,9.855339554873399077e-01,2.868193548531290313e-02,2.849964264884280452e-02,2.960086801263518697e-02
2.947500000000014068e-09,-2.587442931650188059e-05,-3.139086215013745114e-05,5.886788706706043151e-01,3.296598637577989599e-02,3.275508558496518369e-02,1.896082325653742143e-02,8.949310716318436458e-07,2.370752912743781006e-06,9.866581882101047585e-01,2.868284233385290372e-02,2.850055127947909855e-02,2.960203948703723359e-02
2.951250000000014185e-09,-2.586901781626400009e-05,-3.137762313404317955e-05,5.896763874509076686e-01,3.299497198345718169e-02,3.278389131210919516e-02,1.896718332990265932e-02,8.949386216057241851e-07,2.370765040504914275e-06,9.877824209067154193e-01,2.868374776360247541e-02,2.850145848945285360e-02,2.960320927479146574e-02
2.955000000000014301e-09,-2.586361389572185431e-05,-3.136440291307216193e-05,5.906741458765615294e-01,3.302393252876849317e-02,3.281267213657779180e-02,1.897352654173068559e-02,8.949461415947671406e-07,2.370777119779899587e-06,9.889066535772708111e-01,2.868465177938572114e-02,2.850236428359415736e-02,2.960437738141610819e-02
2.958750000000014417e-09,-2.585821754206035653e-05,-3.135120145319282353e-05,5.916721452979344376e-01,3.305286804889209090e-02,3.284142809530257723e-02,1.897985294753549990e-02,8.949536317479080095e-07,2.370789150814454422e-06,9.900308862218683004e-01,2.868555438600314117e-02,2.850326866670927980e-02,2.960554381240297628e-02
2.962500000000014534e-09,-2.585282874248310219e-05,-3.133801872041171285e-05,5.926703850675607566e-01,3.308177858094445839e-02,3.287015922515383604e-02,1.898616260262263322e-02,8.949610922125813466e-07,2.370801133852558151e-06,9.911551188406045876e-01,2.868645558823165742e-02,2.850417164358091254e-02,2.960670857321757304e-02
2.966250000000014650e-09,-2.584744748419279904e-05,-3.132485468078958851e-05,5.936688645401403397e-01,3.311066416198023277e-02,3.289886556294053382e-02,1.899245556209001526e-02,8.949685231373804477e-07,2.370813069136241968e-06,9.922793514335757070e-01,2.868735539082480426e-02,2.850507321896832147e-02,2.960787166929925232e-02
2.970000000000014766e-09,-2.584207375441199573e-05,-3.131170930043621504e-05,5.946675830725230982e-01,3.313952482899235052e-02,3.292754714541030331e-02,1.899873188082876196e-02,8.949759246682050440e-07,2.370824956907791178e-06,9.934035840008790252e-01,2.868825379851284996e-02,2.850597339760749249e-02,2.960903310606137484e-02
2.973750000000014882e-09,-2.583670754037672567e-05,-3.129858254550018498e-05,5.956665400237064478e-01,3.316836061891197118e-02,3.295620400924962473e-02,1.900499161352405333e-02,8.949832969491760973e-07,2.370836797405875948e-06,9.945278165426103545e-01,2.868915081600296318e-02,2.850687218421128766e-02,2.961019288889147130e-02
2.977500000000014999e-09,-2.583134882932325944e-05,-3.128547438219077910e-05,5.966657347548237622e-01,3.319717156860866464e-02,3.298483619108370096e-02,1.901123481465582382e-02,8.949906401256580140e-07,2.370848590868915724e-06,9.956520490588636196e-01,2.869004644797934489e-02,2.850776958346955964e-02,2.961135102315139850e-02
2.981250000000015115e-09,-2.582599760851239093e-05,-3.127238477675054959e-05,5.976651666291356024e-01,3.322595771489029320e-02,3.301344372747658934e-02,1.901746153849974766e-02,8.949979543402877542e-07,2.370860337534289795e-06,9.967762815497344109e-01,2.869094069910336359e-02,2.850866560004931133e-02,2.961250751417751625e-02
2.985000000000015231e-09,-2.582065386520678425e-05,-3.125931369548209991e-05,5.986648350120261641e-01,3.325471909450317815e-02,3.304202665493122248e-02,1.902367183912785642e-02,8.950052397358682966e-07,2.370872037636751649e-06,9.979005140153164310e-01,2.869183357401373230e-02,2.850956023859485197e-02,2.961366236728082274e-02
2.988750000000015348e-09,-2.581531758668247312e-05,-3.124626110473235029e-05,5.996647392709892888e-01,3.328345574413202335e-02,3.307058500988940136e-02,1.902986577040947577e-02,8.950124964557853785e-07,2.370883691409990900e-06,9.990247464557033830e-01,2.869272507732661959e-02,2.851045350372794634e-02,2.961481558774712447e-02
2.992500000000015464e-09,-2.580998876023445798e-05,-3.123322697089676609e-05,6.006648787756247998e-01,3.331216770040006103e-02,3.309911882873192018e-02,1.903604338601194018e-02,8.950197246397520023e-07,2.370895299087026311e-06,1.000148978870989858e+00,2.869361521363580220e-02,2.851134540004791190e-02,2.961596718083718202e-02
2.996250000000015580e-09,-2.580466737315961632e-05,-3.122021126041531918e-05,6.016652528976291769e-01,3.334085499986904483e-02,3.312762814777851089e-02,1.904220473940149150e-02,8.950233316149983727e-07,2.370901091430922369e-06,1.000711095072369661e+00,2.869405994061229384e-02,2.851179100657812854e-02,2.961654257119418487e-02
