time_s,mean_x_m,mean_y_m,mean_z_m,rms_x_m,rms_y_m,rms_z_m,mean_px_beta_gamma,mean_py_beta_gamma,mean_pz_beta_gamma,rms_px_beta_gamma,rms_py_beta_gamma,rms_pz_beta_gamma,mean_kinetic_energy_MeV
0.0,1.8846483076408183e-20,1.2705494208814505e-21,-5.4791384984328485e-17,0.0009870300716609878,0.0009869372587020888,0.0009864953389764773,-1.133237439197648e-22,-1.9852334701272664e-23,0.0019783574385068598,2.893483184693995e-06,2.89384610756763e-06,2.8936219211658634e-06,1.0000064180447224e-06
3.75e-12,-1.0018282183650237e-18,1.9761278659442827e-18,3.4607574970023186e-06,0.000987030158945381,0.0009869372435583935,0.0009864953846202252,2.5392482911887226e-09,-5.935925441760621e-09,0.0041783884050326575,3.340766352292329e-06,3.5556123740049133e-06,3.249214779086962e-06,4.460745838129991e-06
7.5e-12,2.9937869422639332e-12,-6.777812313403953e-12,9.394758583160424e-06,0.000987032360552759,0.0009869393602867523,0.000986497547311324,5.0976997308107744e-09,-1.1943463281966027e-08,0.0063784121221415425,5.603435630702407e-06,7.0095615582019795e-06,5.222374307997274e-06,1.0394719896401605e-05
1.125e-11,8.786183074420512e-12,-2.0357343216526822e-11,1.780191721355293e-05,0.0009870366761581787,0.0009869436088095537,0.0009865018267509297,7.461827012122006e-09,-1.779913301592264e-08,0.008578436018670449,8.420854234335644e-06,1.103386811632869e-05,7.767165259244434e-06,1.88018524734977e-05
1.5e-11,1.719149424943964e-11,-4.0519822317924484e-11,2.868211151090125e-05,0.0009870431054901435,0.000986949988960998,0.000986508222557207,9.655582681058753e-09,-2.3375558502630458e-08,0.010778460152565311,1.136503787887621e-05,1.5105353607472386e-05,1.0459287098063428e-05,2.9682021622961232e-05
1.875e-11,2.805068728708757e-11,-6.694294477414161e-11,4.203518379585594e-05,0.0009870516482275615,0.000986958500516495,0.0009865167342582813,1.1690189599621902e-08,-2.8608283768321638e-08,0.012978484582411716,1.4332760560974327e-05,1.9112545935388665e-05,1.3192112284072768e-05,4.303506948157813e-05
2.25e-11,4.119322704382529e-11,-9.924047965104458e-11,5.7860940566740126e-05,0.0009870623039749035,0.0009869691431969524,0.0009865273612734207,1.3557633785663792e-08,-3.3460864537338505e-08,0.015178509342604445,1.7287165220420735e-05,2.3010845327769912e-05,1.5928533391664994e-05,5.8860802206976725e-05
2.625e-11,5.643130558199756e-11,-1.3698416501400036e-10,7.61591524923186e-05,0.0009870750722701846,0.0009869819166714493,0.0009865401029128134,1.5250987053003965e-08,-3.791564806022832e-08,0.017378534450148496,2.021154046934547e-05,2.6777829495059853e-05,1.8652446513385992e-05,7.715899003052277e-05
3e-11,7.356870532036385e-11,-1.797255185875052e-10,9.692955440953952e-05,0.0009870899525938315,0.0009869968205588027,0.0009865549583822435,1.677045170716521e-08,-4.197181153539773e-08,0.019578559907415034,2.309767069810211e-05,3.0402838350283157e-05,2.135624195785074e-05,9.792936730066784e-05
3.375e-11,9.240953274783058e-11,-2.2701533859196513e-10,0.00012017184532597615,0.000987106944375898,0.0009870138544286608,0.000986571926787083,1.812221412649782e-08,-4.5641923558714054e-08,0.02177858570512177,2.5941820238692415e-05,3.3883002204063525e-05,2.4036529706567026e-05,0.00012117163252326458
3.75e-11,1.1276494819444945e-10,-2.784187594333079e-10,0.00014588568842860753,0.0009871260470015362,0.0009870330178020528,0.0009865910071352824,1.9316608919476192e-08,-4.894788065438342e-08,0.023978611825770362,2.8742921976627656e-05,3.72209338406876e-05,2.6692284620309093e-05,0.00014688544840171775
4.125e-11,1.344578149580957e-10,-3.3352570634096563e-10,0.0001740707110990684,0.000987147259814681,0.0009870543101514453,0.0009866121983392844,2.03664624131956e-08,-5.1917252915469995e-08,0.026178638246744757,3.150156561372843e-05,4.0423028618281114e-05,2.93238694038535e-05,0.00017507044187341903
4.5e-11,1.5732548029320496e-10,-3.919572379175497e-10,0.00020472650493497303,0.0009871705821201387,0.0009870777309003965,0.0009866354992170013,2.1285748816457336e-08,-5.458032633146955e-08,0.028378664942830346,3.421935191167337e-05,4.3498119367263066e-05,3.193244738120823e-05,0.00020572620414268294
4.875e-11,1.8122105347168225e-10,-4.5336856526708894e-10,0.00023785262577664127,0.0009871960131843992,0.0009871032794229666,0.0009866609084920423,2.2088598825807818e-08,-5.696790622663909e-08,0.030578691888096584,3.689845577481966e-05,4.645641951089257e-05,3.4519604874385774e-05,0.00023885229071125196
5.25e-11,2.0601356365057338e-10,-5.174496058893555e-10,0.0002734485937385144,0.000987223552235519,0.0009871309550429914,0.000986688424793397,2.2788615062132616e-08,-5.910981672408791e-08,0.03277871905719223,3.9541328326841165e-05,4.930872217822483e-05,3.708710403541237e-05,0.00027444822140799166
5.625e-11,2.315873540603368e-10,-5.839238548293155e-10,0.00031151389324458824,0.0009872531984623806,0.0009871607570333086,0.0009867180466547893,2.3398454244437305e-08,-6.103396754628564e-08,0.03497874642615943,4.215049835545543e-05,5.206582193479213e-05,3.963672386979541e-05,0.0003125134804192163
6e-11,2.578410110163851e-10,-6.525462109305468e-10,0.00035204797306731864,0.0009872849510135745,0.0009871926846150285,0.0009867497725138327,2.3929607138767975e-08,-6.276585526116363e-08,0.03717877397288538,4.472844582328543e-05,5.473812104801717e-05,4.217016266429929e-05,0.0003530475163209027
6.375e-11,2.8468604519741807e-10,-7.231002514605683e-10,0.0003950502463695938,0.00098731880899611,0.0009872267369568646,0.0009867836007111045,2.439231621477777e-08,-6.432837256898037e-08,0.0393788016772957,4.7277526852444736e-05,5.7335381305795545e-05,4.468898303433663e-05,0.0003960497421135038
6.75e-11,3.120454842565586e-10,-7.953952934731778e-10,0.0004405200907494616,0.000987354771474072,0.0009872629131745638,0.0009868195294892366,2.4795587356623737e-08,-6.574181452951444e-08,0.041578829521369,4.9799934360987557e-05,5.986658540384019e-05,4.7194585902646314e-05,0.000441519535259766
7.125e-11,3.3985247736125384e-10,-8.692634637656335e-10,0.0004884568482874184,0.00098739283746732,0.0009873012123304363,0.0009868575569920528,2.514725466435021e-08,-6.7024008339838e-08,0.04377885748904883,5.229768243854918e-05,6.233987721059015e-05,4.9688203432888925e-05,0.0004894562377257758
7.5e-11,3.6804897656626387e-10,-9.445569202361983e-10,0.0005388598255961385,0.000987433005950276,0.0009873416334329832,0.000986897681263804,2.5454080024487706e-08,-6.819051275578583e-08,0.04597888556610336,5.4772605737899296e-05,6.476255620938858e-05,5.217090374007936e-05,0.0005398591560256045
7.875e-11,3.965845293139856e-10,-1.0211452978007068e-09,0.0005917282938725714,0.000987475275850833,0.0009873841754366299,0.0009869399002485112,2.5721865446208043e-08,-6.925484609030122e-08,0.04817891373995482,5.722636772259066e-05,6.714110719236237e-05,5.464360240471322e-05,0.0005927275612691343
8.25e-11,4.254152003351526e-10,-1.0989134121904297e-09,0.0006470614889523626,0.0009875196460493985,0.0009874288372415205,0.0009869842117894094,2.5955568502720412e-08,-7.02287197482664e-08,0.05037894199950027,5.966047357176476e-05,6.948125124382945e-05,5.710707741131448e-05,0.0006480606892130091
8.625e-11,4.545026200530584e-10,-1.1777592288420294e-09,0.0007048586113665926,0.0009875661153780505,0.0009874756176933952,0.0009870306136285179,2.61594076470061e-08,-7.11222661015523e-08,0.052578970334945685,6.207628502374806e-05,7.178800810588064e-05,5.956198530830077e-05,0.0007058577403149208
9e-11,4.838131534860522e-10,-1.2575920881873524e-09,0.00076511882640083,0.0009876146826198373,0.0009875245155835262,0.0009870791034063062,2.6336966253765177e-08,-7.194424537973279e-08,0.05477899873764358,6.44750354551375e-05,7.406576311684111e-05,6.200887722388113e-05,0.0007661178797905809
9.375e-11,5.133171900080829e-10,-1.3383311625135592e-09,0.0008278412641564882,0.0009876653465081735,0.0009875755296487028,0.0009871296786614623,2.6491286811569958e-08,-7.270223375543173e-08,0.05697902719995463,6.685784421229911e-05,7.631833423187484e-05,6.4448213934105e-05,0.000828840237673788
9.75e-11,5.429885341562512e-10,-1.4199041279420946e-09,0.0008930250196145253,0.0009877181057263498,0.0009876286585712585,0.0009871823368307457,2.6624948623366183e-08,-7.340279225887436e-08,0.059179055715120055,6.922572969234263e-05,7.85490363383994e-05,6.68803795788618e-05,0.0008940239088791062
1.0125e-10,5.728038850416065e-10,-1.5022460233766285e-09,0.0009606691527014509,0.0009877729589071308,0.0009876839009791305,0.0009872370752489223,2.6740140577140482e-08,-7.405161037123394e-08,0.061379084277150185,7.157962098170115e-05,8.076074123392442e-05,6.93056938462957e-05,0.000961667953267187
1.05e-10,6.027424011340905e-10,-1.5852982720461705e-09,0.0010307726883576906,0.0009878299046324306,0.0009877412554459416,0.0009872938911487856,2.6838722630449535e-08,-7.465362920496554e-08,0.06357911288073122,7.39203680289988e-05,8.295593245238976e-05,7.172442261421194e-05,0.0010317713957128244
1.0875e-10,6.327853272262619e-10,-1.6690078391668026e-09,0.00110333461660829,0.0009878889414330727,0.0009878007204911104,0.000987352781661228,2.6922274402028653e-08,-7.521314890158452e-08,0.06577914152114261,7.624875043226028e-05,8.513675466793297e-05,7.41367871210142e-05,0.0011043332261754491
1.125e-10,6.62915682184765e-10,-1.7533265149456539e-09,0.0011783538926359494,0.0009879500677885988,0.000987862294579979,0.0009874137438153714,2.699214350128508e-08,-7.573392463069231e-08,0.06797917019418685,7.85654849936779e-05,8.730505771557318e-05,7.65429717924753e-05,0.00117935239977217
1.1625e-10,6.931180000775792e-10,-1.8382103035965537e-09,0.0012558294368564392,0.0009880132821271348,0.0009879259761239531,0.0009874767745387506,2.7049483419908604e-08,-7.621924389934937e-08,0.07017919889612678,8.0871232186838e-05,8.946243549982523e-05,7.894313086713521e-05,0.0012568278368531615
1.2e-10,7.2337811140722e-10,-1.9236188980118917e-09,0.0013357601349963206,0.0009880785828253037,0.0009879917634806536,0.0009875418706575398,2.7095284061380008e-08,-7.667199567905845e-08,0.0723792276236311,8.316660170732543e-05,9.161026017866266e-05,8.133739396082598e-05,0.0013367584230794662
1.2375e-10,7.536829587887464e-10,-2.0095152340382113e-09,0.0014181448381730423,0.0009881459682081846,0.000988059654954085,0.000987609028896822,2.713039858682529e-08,-7.709472580305296e-08,0.07457925637373497,8.545215723076661e-05,9.374971204190558e-05,8.372587071855611e-05,0.0014191430095034264
1.275e-10,7.840204465389436e-10,-2.095865104399439e-09,0.0015029823629773478,0.0009882154365492989,0.0009881296487948001,0.0009876782458809047,2.7155568649651645e-08,-7.74896847782372e-08,0.07677928514379695,8.772842052436067e-05,9.58818055300233e-05,8.610865468001492e-05,0.0015039804126512186
1.3124999999999999e-10,8.143793133638837e-10,-2.1826368274561797e-09,0.0015902714915580428,0.0009882869860706287,0.0009882017432000817,0.0009877495181336488,2.7171438665253688e-08,-7.785886937853189e-08,0.07897931393146704,8.999587502483198e-05,9.800741183547018e-05,8.848582647979015e-05,0.0015912694146078452
1.35e-10,8.447490225271271e-10,-2.269800963882938e-09,0.0016800109717090624,0.0009883606149426705,0.0009882759363141248,0.0009878228420788537,2.7178572958931867e-08,-7.820405786302249e-08,0.0811793427346582,9.225496896310503e-05,0.00010012727848616653,9.085745647433946e-05,0.0016810087631045018
1.3875e-10,8.751196763214186e-10,-2.3573300707731813e-09,0.0017721995169588543,0.000988436321284498,0.0009883522262282246,0.0009878982140406442,2.7177474234484122e-08,-7.852683934203749e-08,0.08337937155151631,9.450611812488235e-05,0.00010224204628396226,9.322360689184109e-05,0.0017731971716079917
1.425e-10,9.054819460154622e-10,-2.4451984908797565e-09,0.0018668358066620816,0.0009885141031638566,0.0009884306109809694,0.0009879756302438958,2.716859228595756e-08,-7.882864123187635e-08,0.08557940038040379,9.674970830903026e-05,0.00010435226394124541,9.558433359361918e-05,0.0018678333194129112
1.4624999999999999e-10,9.358270121258163e-10,-2.533382171333321e-09,0.0019639184860935975,0.000988593958597276,0.000988511088558439,0.0009880550868146764,2.7152331058345006e-08,-7.91107479999727e-08,0.08777942921987324,9.89860975238983e-05,0.00010645840071941539,9.793968750018997e-05,0.001964915851735524
1.5e-10,9.661465119383327e-10,-2.621858502456632e-09,0.0020634461665447025,0.0009886758855501949,0.0009885936568944018,0.0009881365797807106,2.7129056718397543e-08,-7.937431999468368e-08,0.08997945806865476,0.00010121561797527012,0.00010856085732994947,0.00010028971573763751,0.002064443379810455
1.5375e-10,9.964324990424276e-10,-2.7106061794881116e-09,0.002165417425421691,0.0009887598819370933,0.0009886783138705177,0.0009882201050718548,2.709910502117755e-08,-7.962041125605915e-08,0.09217948692564172,0.00010343857787265288,0.00011065997533840532,0.00010263446255637139,0.0021664144809894186
1.575e-10,1.0266774080953582e-09,-2.799605085556199e-09,0.002269830806346597,0.0009888459456216532,0.000988765057316553,0.0009883056585206023,2.7062785365682867e-08,-7.984998402774762e-08,0.09437951578987117,0.00010565526308611893,0.00011275604526835958,0.0001049739700611198,0.002270827698841943
1.6124999999999999e-10,1.0568740265836265e-09,-2.8888361872262114e-09,0.0023766848192602512,0.0009889340744169133,0.0009888538850105777,0.0009883932358625874,2.7020386726544367e-08,-8.00639187688896e-08,0.09657954466051775,0.00010786593867000298,0.00011484931359039876,0.00010730827878875487,0.002377681543258795
1.65e-10,1.0870154716365112e-09,-2.978281444361639e-09,0.0024859779405275013,0.0009890242660854469,0.0009889447946791904,0.0009884828327371257,2.6972180291837237e-08,-8.026302517750054e-08,0.09877957353687972,0.0001100708502664348,0.00011693998874956748,0.00010963742815712729,0.0024869744905572375
1.6875e-10,1.1170951703403869e-09,-3.067923729234616e-09,0.0025977086130446517,0.0009891165183395446,0.0009890377839977262,0.0009885744446877494,2.691842330595502e-08,-8.044805022392735e-08,0.10097960241836822,0.00011227022541094235,0.00011902824636353656,0.0001119614568088773,0.0025987049835885555
1.725e-10,1.1471068430532334e-09,-3.1577467585972673e-09,0.0027118752463491103,0.000989210828841399,0.000989132850590485,0.0009886680671627706,2.685935828853013e-08,-8.061968548388217e-08,0.10317963130450078,0.00011446427474677344,0.00012111423370237088,0.00011428040286757896,0.0027128714318479363
1.7624999999999999e-10,1.1770444872398594e-09,-3.247735027846918e-09,0.002828476216731201,0.0009893071952033032,0.0009892299920309469,0.0009887636955158486,2.679521743647099e-08,-8.077857011238421e-08,0.1053796601948945,0.00011665319315702397,0.00012319807355971513,0.0001165943041345389,0.002829472211586436
1.8e-10,1.2069023678561725e-09,-3.3378737532847062e-09,0.002947509867348139,0.0009894056149878593,0.0009893292058420042,0.0009888613250065795,2.6726226835975518e-08,-8.092529559508819e-08,0.10757968908925908,0.00011883716082002708,0.00012527986758878977,0.00011890319822203236,0.002948505665925099
1.8375e-10,1.2366750105309873e-09,-3.428148819088778e-09,0.0030689745083401364,0.000989506085708186,0.000989430489496193,0.0009889609508010884,2.665260697821149e-08,-8.106041422512326e-08,0.1097797179873892,0.00012101634419559635,0.00012735969918509812,0.00012120712264501706,0.0030699701049711
1.875e-10,1.2663571936748552e-09,-3.51854673519981e-09,0.003192868416948608,0.0009896086048281332,0.0009895338404159167,0.0009890625679726361,2.657457051273699e-08,-8.118444303586291e-08,0.11197974688915312,0.00012319089695002618,0.00012943763597276454,0.0001235061148710549,0.0031938638059357347
1.9124999999999999e-10,1.2959439394146938e-09,-3.6090545956630824e-09,0.003319189837636567,0.000989713169762503,0.000989639255973691,0.0009891661715022357,2.6492324165648153e-08,-8.129786547302502e-08,0.11417977579449234,0.00012536096082148813,0.00013151373196094377,0.00012580021235117708,0.003320185013255113
1.95e-10,1.3254305066754338e-09,-3.699660042583838e-09,0.0034479369822109722,0.0009898197778772802,0.0009897467334923798,0.0009892717562792759,2.6406068209632945e-08,-8.140113676893663e-08,0.11637980470341613,0.00012752666642921301,0.00013358802939713544,0.00012808945253124301,0.0034489319387126477
1.9875e-10,1.354812385206319e-09,-3.790351234392346e-09,0.0035791080299472397,0.0009899284264898616,0.000989856270245436,0.0009893793171021654,2.6316000992033357e-08,-8.149468641361268e-08,0.11857983361599936,0.00012968813403216344,0.00013566056037756928,0.00013037387284640863,0.0035801027615636645
2.025e-10,1.384085294056671e-09,-3.881116818272556e-09,0.0037127011277157717,0.0009900391128692988,0.0009899678634571472,0.0009894888486789775,2.622231687631294e-08,-8.157892246042458e-08,0.12077986253238075,0.0001318454742358072,0.00013773134823954865,0.00013265351069329879,0.0037136956286622216
2.0624999999999999e-10,1.4132451745465735e-09,-3.971945905130583e-09,0.003848714390110559,0.0009901518342365348,0.0009900815103028855,0.0009896003456281147,2.6125204687331254e-08,-8.165423157753416e-08,0.12297989145275658,0.00013399878865590946,0.0001398004087665411,0.00013492840340282767,0.0038497086545895495
2.1e-10,1.4422881840117467e-09,-4.062828044226488e-09,0.00398714589957967,0.0009902665877646512,0.0009901972079093616,0.0009897138024789697,2.6024848494924125e-08,-8.172097740978842e-08,0.12517992037737125,0.00013614817054088567,0.0001418677512306163,0.0001371985881992831,0.0039881399217843155
2.1375e-10,1.4712106916454623e-09,-4.153753196543569e-09,0.004127993706557852,0.0009903833705791167,0.0009903149533548733,0.0009898292136726015,2.592142960931994e-08,-8.177950329201258e-08,0.1273799493065215,0.00013829370535240517,0.0001439333793005194,0.00013946410217015786,0.004128987480675665
2.175e-10,1.5000092752669008e-09,-4.244711712963705e-09,0.00427125582960102,0.0009905021797580358,0.0009904347436695748,0.000989946573562422,2.581512556583393e-08,-8.183013368386517e-08,0.1295799782405517,0.00014043547130643537,0.0001459972918229687,0.00014172498222161554,0.004272249349817684
2.2124999999999999e-10,1.5286807168365359e-09,-4.3356943148999515e-09,0.0044169302555227595,0.0009906230123324106,0.0009905565758357294,0.0009900658764149,2.5706111849574897e-08,-8.187318055398101e-08,0.13178000717985297,0.00014257353987688612,0.00014805948350005277,0.00014398126503466902,0.00441792351602598
2.25e-10,1.557222000016044e-09,-4.426692080117629e-09,0.004565014939532657,0.0009907458652863902,0.0009906804467879739,0.0009901871164102577,2.5594559285378192e-08,-8.190894133172086e-08,0.13398003612485623,0.00014470797627232174,0.00015011994547511431,0.00014623298701754904,0.00456600793451595
2.2875e-10,1.5856303035455655e-09,-4.517696425243941e-09,0.004715507805376614,0.0009908707355575424,0.0009908063534135895,0.0009903102876431917,2.5480635336314274e-08,-8.193769937941721e-08,0.13618006507603383,0.00014683883988129347,0.0001521786658480517,0.00014848018426503535,0.004716500529043191
2.325e-10,1.6139029989315168e-09,-4.608699089973777e-09,0.004868406745479033,0.0009909976200371173,0.000990934292552771,0.00099043538412359,2.536450378998357e-08,-8.195972469107627e-08,0.13838009403390264,0.0001489661846858692,0.0001542356301213906,0.00015072289252322297,0.004869399192046205
2.3625e-10,1.6420376443043308e-09,-4.699692121811256e-09,0.005023709621086823,0.0009911265155703242,0.0009910642609989063,0.0009905623997772646,2.524632312471905e-08,-8.197527379015093e-08,0.14058012299901368,0.00015109005964176786,0.000156290821584244,0.00015296114715035022,0.005024701784789889
2.4e-10,1.6700319794343028e-09,-4.79066786075495e-09,0.005181414262415256,0.000991257418956602,0.0009911962554988495,0.0009906913284466973,2.512624919231625e-08,-8.19845918986004e-08,0.14278015197195612,0.00015321050903900952,0.0001583442216434584,0.00015519498307936815,0.005182406137511749
2.4375e-10,1.6978839233277116e-09,-4.881618928233093e-09,0.005341518468795678,0.0009913903269498936,0.0009913302727532032,0.0009908221638917733,2.5004435478591548e-08,-8.198791397740594e-08,0.14498018095335302,0.00015532757283818384,0.0001603958101145709,0.00015742443478342885,0.005342510049569545
2.475e-10,1.7255915713901062e-09,-4.972538213999558e-09,0.0055040200088249565,0.0009915252362589263,0.0009914663094166029,0.0009909548997905433,2.488103210970997e-08,-8.198546459495008e-08,0.14718020994386008,0.00015744128697883493,0.00016244556547570765,0.00015964953624697075,0.0055050112895907695
2.5125e-10,1.7531531896694456e-09,-5.063418864874245e-09,0.005668916620516695,0.0009916621435474922,0.0009916043620980084,0.0009910895297399794,2.4756183792400502e-08,-8.197745841562153e-08,0.14938023894416907,0.00015955168367088457,0.00016449346508824527,0.00016187032094520332,0.005669907595624345
2.55e-10,1.7805672093558914e-09,-5.154254273868029e-09,0.005836206011454303,0.0009918010454347357,0.0009917444273609918,0.0009912260472567569,2.4630031753992356e-08,-8.196410075337405e-08,0.1515802679550086,0.00016165879166761768,0.00016653948538358638,0.00016408682181237477,0.005837196675293721
2.5875e-10,1.8078322241678632e-09,-5.245038069539364e-09,0.006005885858945607,0.0009919419384954397,0.0009918865017240334,0.0009913644457780252,2.450271622152922e-08,-8.194558959020705e-08,0.15378029697713755,0.00016376263651709017,0.00016858360203310716,0.00016629907121853296,0.006006876205951387
2.6249999999999997e-10,1.8349469886262095e-09,-5.3357641092586804e-09,0.00617795381017933,0.0009920848192603202,0.0009920305816608127,0.0009915047186621953,2.4374373329192215e-08,-8.192211565559342e-08,0.15598032601134632,0.00016586324079897972,0.00017062579009158166,0.00016850710095243384,0.006178943834835397
2.6625e-10,1.8619104112453334e-09,-5.426426468525603e-09,0.006352407482383118,0.0009922296842163193,0.000992176663600519,0.0009916468591897336,2.4245134099290776e-08,-8.189386019663698e-08,0.15818035505845762,0.00016796062434228584,0.00017266602412130852,0.00017071094220642304,0.006353397179227698
2.7e-10,1.888721550762837e-09,-5.517019430685971e-09,0.006529244462983336,0.0009923765298069079,0.0009923247439281482,0.000991790860563954,2.4115129137040156e-08,-8.186099584913362e-08,0.1603803841193227,0.00017005480443003438,0.00017470427829755031,0.00017291062555990536,0.0065302338266136906
2.7375e-10,1.915379616780513e-09,-5.607537477421777e-09,0.006708462309766372,0.000992525352432378,0.0009924748189848065,0.0009919367159118293,2.3984486868489312e-08,-8.182368898711739e-08,0.1625804131948241,0.00017214579598114586,0.0001767405265044291,0.00017510618096895444,0.006709451334843971
2.775e-10,1.9418839631922176e-09,-5.6979752836829454e-09,0.006890058551041628,0.0009926761484501498,0.000992626885068025,0.0009920844182848053,2.3853329776009153e-08,-8.178210008451242e-08,0.16478044228587344,0.0001742336117311401,0.00017877474241783452,0.00017729763775719228,0.006891047232297186
2.8125e-10,1.968234084719716e-09,-5.788327708455095e-09,0.007074030685806088,0.0009928289141750747,0.0009927809384320662,0.0009922339606596225,2.3721780362165508e-08,-8.173638229553117e-08,0.16698047139340783,0.00017631826239838377,0.00018080689957726317,0.0001794850246067808,0.007075019018044504
2.85e-10,1.9944296152260285e-09,-5.878589788793887e-09,0.007260376183910348,0.0009929836458797436,0.000992936975288242,0.0009923853359391367,2.3589956214050878e-08,-8.168668367329725e-08,0.16918050051839503,0.00017839975683293108,0.0001828369714445723,0.0001816683695564164,0.0072613641620161195
2.8875e-10,2.020470321712932e-09,-5.968756731591443e-09,0.007449092486226299,0.0009931403397948,0.0009930949918052281,0.0009925385369531586,2.345797264981394e-08,-8.163314372943607e-08,0.17138052966183187,0.00018047810215830086,0.00018486493145524865,0.00018384769999691433,0.007450080105169015
2.9249999999999997e-10,2.0463561031486663e-09,-6.05882390343185e-09,0.007640177004816249,0.0009932989921092486,0.0009932549841093848,0.0009926935564592843,2.3325942740490133e-08,-8.157589337623933e-08,0.1735805588247425,0.0001825533039075515,0.00018689075306711664,0.00018602304266744803,0.007641164259655979
2.9625e-10,2.0720869872369256e-09,-6.148786823440091e-09,0.007833627123103516,0.0009934595989707733,0.0009934169482850824,0.0009928503871437437,2.319397888722719e-08,-8.151506133799519e-08,0.17578058800817387,0.00018462536614078753,0.0001889144098029144,0.00018819442365335297,0.007834614008995901
3e-10,2.0976631296547427e-09,-6.238641162512934e-09,0.008029440196044504,0.0009936221564860537,0.0009935808803750279,0.000993009021622245,2.3062189631195726e-08,-8.145077371980619e-08,0.17798061721320416,0.00018669429155979914,0.0001909358752798027,0.0001903618683904526,0.008030426708246774
3.0375e-10,2.1230848072088848e-09,-6.328382738050391e-09,0.008227613550302201,0.000993786660721088,0.0009937467763805898,0.0009931694524408312,2.2930679987490527e-08,-8.13831521160738e-08,0.18018064644093712,0.00018876008161594496,0.00019295512324446666,0.00019252540166766262,0.00822859968417881
3.075e-10,2.1483524165557754e-09,-6.418007509000995e-09,0.008428144484421089,0.0009939531077015123,0.0009939146322621318,0.0009933316720767452,2.2799552347393327e-08,-8.131231358659187e-08,0.18238067569250652,0.00019082273660869697,0.0001949721275933231,0.0001946850476291337,0.008429130235449793
3.1125e-10,2.1734664678623e-09,-6.507511570663984e-09,0.00863103026900337,0.0009941214934129315,0.0009940844439393461,0.0009934956729392953,2.2668905642133112e-08,-8.123837044292398e-08,0.18458070496907641,0.00019288225577840582,0.00019698686239561376,0.0001968408297811173,0.0086320156327815
3.15e-10,2.1984275844796977e-09,-6.596891148839694e-09,0.008836268146886681,0.0009942918138012447,0.0009942562072915858,0.0009936614473707228,2.2538836166810634e-08,-8.116142988307321e-08,0.1867807342718382,0.00019493863738907365,0.00019899930191127462,0.0001989927709959678,0.008837253119137231
3.1875e-10,2.2232364962435317e-09,-6.686142593636473e-09,0.00904385533332302,0.0009944640647729733,0.0009944299181582057,0.0009938289876470858,2.2409435649742088e-08,-8.108159251302444e-08,0.18898076360200688,0.0001969918788081554,0.00020100942060870445,0.00020114089352270403,0.009044839909900574
3.2249999999999997e-10,2.247894035689992e-09,-6.7752623713090986e-09,0.009253789016158968,0.0009946382421955953,0.0009946055723389022,0.0009939982859791376,2.2280792823661362e-08,-8.099895466487879e-08,0.19118079296082677,0.00019904197657971584,0.00020301719317470672,0.00020328521899362642,0.009254773193056155
3.2625e-10,2.2724011351105505e-09,-6.864247062169145e-09,0.009466066356017254,0.0009948143418978743,0.0009947831655940506,0.0009941693345132108,2.2152994133469765e-08,-8.091360837857022e-08,0.19338082234957263,0.00020108892649286733,0.00020502259453086298,0.0002054257684323773,0.009467050129371577
3.3e-10,2.2967588235452063e-09,-6.9530933533606415e-09,0.009680684486479612,0.000994992359670203,0.0009949626936450562,0.00099434212533211,2.202612504456986e-08,-8.082564077312464e-08,0.19558085176954648,0.00020313272364689945,0.00020702559984319465,0.00020756256225958183,0.009681667852579838
3.3375e-10,2.320968227219342e-09,-7.041798034994213e-09,0.009897640514270644,0.0009951722912649374,0.0009951441521746983,0.0009945166504560046,2.190026978045031e-08,-8.073513599441806e-08,0.19778088122207693,0.00020517336251017678,0.00020902618452823808,0.00020969562030762789,0.009898623469563616
3.375e-10,2.3450305649479357e-09,-7.130357996607752e-09,0.010116931519443149,0.0009953541323967385,0.0009953275368274838,0.0009946929018433328,2.177550736795824e-08,-8.064217643645524e-08,0.1999809107085248,0.00020721083697572247,0.00021102432425819492,0.00021182496182396896,0.01011791406054096
3.4125e-10,2.3689471426393748e-09,-7.218770226619661e-09,0.010338554555564509,0.0009955378787429123,0.000995512843209994,0.0009948708713916955,2.1651915211118936e-08,-8.054684142349878e-08,0.20218094023028102,0.00020924514041312364,0.00021301999496974898,0.0002139506054812971,0.010339536679251625
3.45e-10,2.3927193532270592e-09,-7.3070318047508696e-09,0.010562506649904154,0.000995723525943759,0.0009957000668912434,0.0009950505509387674,2.1529568970447993e-08,-8.044920497809635e-08,0.2043809697887634,0.0002112762657147583,0.00021501317286862337,0.00021607256939558617,0.010563488353144454
3.4875e-10,2.4163486735241558e-09,-7.395139900516271e-09,0.010788784803622204,0.000995911069602913,0.000995889203403033,0.000995231932263205,2.1408544666328464e-08,-8.034934020009538e-08,0.2065809993854159,0.00021330420533933553,0.00021700383442880915,0.00021819087113021662,0.010789766083566032
3.5249999999999997e-10,2.4398366674385115e-09,-7.483091768466936e-09,0.011017385991959307,0.000996100505287689,0.0009960802482403082,0.0009954150070855584,2.1288919550568832e-08,-8.024731353561312e-08,0.20878102902171106,0.00021532895134930896,0.0002189919563941277,0.00022030552771069357,0.011018366845950762
3.5625e-10,2.463184982976487e-09,-7.570884741166096e-09,0.011248307164427316,0.0009962918285294344,0.0009962731968615182,0.0009955997670691938,2.117076625734114e-08,-8.014318801333097e-08,0.21098105869914918,0.0002173504954551372,0.00022097751578285224,0.00022241655563245524,0.011249287590011654
3.6e-10,2.4863953468854724e-09,-7.65851622780339e-09,0.011481545245001243,0.0009964850348238765,0.000996468044688973,0.0009957862038212015,2.105415477666947e-08,-8.003702390453359e-08,0.21318108841925926,0.00021936882905061825,0.00022296048988903905,0.00022452397087576768,0.011482525239932512
3.6375e-10,2.50946956278978e-09,-7.7459837085566e-09,0.01171709713231206,0.000996680119631483,0.0009966647871092092,0.0009959743088933267,2.0939152800557343e-08,-7.99288785371558e-08,0.215381118183601,0.00022138394324825938,0.00022494085628497665,0.00022662778892040673,0.011718076694561007
3.675e-10,2.532409507909662e-09,-7.833284733612469e-09,0.011954959699840591,0.000996877078377811,0.0009968634194733566,0.0009961640737828938,2.0825824750977228e-08,-7.981880583670178e-08,0.21758114799376588,0.00022339582890788516,0.00022691859282293378,0.0002287280247537809,0.011955938827602763
3.7125e-10,2.555217128135814e-09,-7.920416916641593e-09,0.012195129796112284,0.0009970759064538684,0.0009970639370975014,0.0009963554899337372,2.071423195137736e-08,-7.970685701198154e-08,0.2197811778513742,0.00022540447666455853,0.00022889367763170406,0.0002308246928855161,0.012196108487816111
3.75e-10,2.5778944372001297e-09,-8.007377936291735e-09,0.012437604244892982,0.0009972765992164684,0.0009972663352630562,0.000996548548737124,2.0604435574459578e-08,-7.959308339170377e-08,0.22198120775807073,0.00022740987695621062,0.00023086608911745225,0.0002329178073509186,0.012438582499207304
3.7875e-10,2.6004435148223925e-09,-8.094165532163996e-09,0.01268237984538562,0.0009974791519885883,0.0009974706092171282,0.000996743241532688,2.049649481492094e-08,-7.947753141147258e-08,0.2241812377155322,0.0002294120200474149,0.00023283580596406854,0.0002350073817296606,0.012683357661228172
3.8249999999999997e-10,2.6228665052921313e-09,-8.180777499814472e-09,0.012929453372427704,0.0009976835600597268,0.0009976767541728913,0.000996939559609366,2.0390467981946396e-08,-7.936024467398891e-08,0.22638126772546588,0.00023141089605199,0.000234802807132912,0.00023709342916233763,0.012930430748973591
3.8625e-10,2.645165614048089e-09,-8.267211689670056e-09,0.013178821576689698,0.0009978898186862692,0.0009978847653099576,0.000997137494206338,2.0286409507630394e-08,-7.924126619188451e-08,0.22858129778960715,0.00023340649495468942,0.0002367670718596868,0.00023917596235362284,0.013179798513379843
3.9e-10,2.667343105651485e-09,-8.353466004810477e-09,0.01343048118487435,0.000998097923091851,0.0009980946377747513,0.0009973370365139577,2.0184374522707616e-08,-7.91206361190488e-08,0.2307813279097218,0.00023539880662998457,0.0002387285796538328,0.0002412549935850611,0.013431457681424008
3.9375e-10,2.6894013048363355e-09,-8.439538397825812e-09,0.013684428899916615,0.000998307868467717,0.0009983063666808827,0.0009975381776747,2.0084417720488422e-08,-7.899839123203143e-08,0.23298135808760587,0.00023738782086255364,0.0002406873102993844,0.00024333053473302535,0.013685404956324245
3.975e-10,2.7113425939596727e-09,-8.525426866300103e-09,0.013940661401184494,0.0009985196499730903,0.0009985199471095267,0.0009977409087840938,1.9986592360166993e-08,-7.887456365817885e-08,0.23518138832508173,0.0002393735273676911,0.00024264324385129242,0.0002454025972753648,0.013941637017740247
4.0125e-10,2.733169412349118e-09,-8.611129447495382e-09,0.014199175344680669,0.000998733262735545,0.0009987353741098038,0.0009979452208916698,1.989095126065484e-08,-7.874918349432333e-08,0.23738141862400192,0.0002413559158064207,0.00024459636063574444,0.0002474711923016558,0.01420015052197529
4.05e-10,2.754884255739817e-09,-8.696644218791701e-09,0.014459967363244664,0.0009989487018513701,0.0009989526426991584,0.0009981511050019022,1.9797545680747085e-08,-7.862228008443691e-08,0.23958144898624936,0.00024333497579752148,0.0002465466412476616,0.00024953633052681525,0.014460942102178596
4.0875e-10,2.776489671966429e-09,-8.78196929422404e-09,0.01472303406675592,0.0009991659623859385,0.000999171747863736,0.0009983585520751508,1.970642362362134e-08,-7.849387659168067e-08,0.2417814794137343,0.00024531069693423026,0.00024849406654542166,0.0002515980222980652,0.01472400836854832
4.1249999999999997e-10,2.7979882591500536e-09,-8.867102815749395e-09,0.014988372042337406,0.0009993850393740832,0.000999392684558768,0.000998567553028602,1.961763193276099e-08,-7.836399293061847e-08,0.24398150990839773,0.00024728306879401204,0.0002504386176513163,0.0002536562776043675,0.014989345908535366
4.1625e-10,2.8193826643552603e-09,-8.952042956691665e-09,0.015255977854559965,0.0009996059278204582,0.0009996154477089477,0.0009987780987372118,1.9531216023832153e-08,-7.82326524301152e-08,0.24618154047220725,0.0002492520809515038,0.0002523802759513603,0.00025571110609629315,0.015256951287047571
4.2e-10,2.840675579784157e-09,-9.03678792029661e-09,0.015525848045647222,0.0009998286226999198,0.0009998400322088175,0.0009989901800346549,1.944721818222053e-08,-7.809987257537381e-08,0.24838157110716205,0.0002512177229941565,0.0002543190230935405,0.00025776251709333704,0.015526821046655249
4.2375e-10,2.8618697415388755e-09,-9.121335932280928e-09,0.015797979135681085,0.0010000531189578979,0.001000066432923156,0.000999203787714268,1.936568003252921e-08,-7.796566728608613e-08,0.2505816018152938,0.00025317998452776365,0.0002562548409861355,0.0002598105195944597,0.015798951707796865
4.275e-10,2.882967928521275e-09,-9.205685241723753e-09,0.016072367622807837,0.0010002794115107623,0.001000294644687355,0.0009994189125300007,1.928664437122472e-08,-7.78300542196496e-08,0.25278163259866426,0.0002551388551870699,0.00025818771179155555,0.00026185512229009257,0.01607333976898511
4.3125e-10,2.9039729657588176e-09,-9.28983412474321e-09,0.016349009983444806,0.0010005074952462055,0.0010005246623078132,0.000999635545197354,1.9210156444890127e-08,-7.769305053213702e-08,0.2549816634593656,0.00025709432464288997,0.0002601176179260726,0.00026389633356460954,0.01634998170701351
4.35e-10,2.9248877232077105e-09,-9.373780880478504e-09,0.016627902672487566,0.0010007373650236099,0.0010007564805623104,0.0009998536763943266,1.9136257754895866e-08,-7.755467053956941e-08,0.2571816943995171,0.0002590463826135202,0.0002620445420564592,0.0002659341615072468,0.01662887397716334
4.3875e-10,2.9457151123450806e-09,-9.457523828504784e-09,0.016909042123517407,0.001000969015674428,0.001000990094200402,0.0010000732967623566,1.9064988269288015e-08,-7.741492315186657e-08,0.2593817254212704,0.00026099501887309284,0.00026396846710197147,0.00026796861392851864,0.01691001301341208
4.4249999999999997e-10,2.9664580835194556e-09,-9.541061303130912e-09,0.017192424749009633,0.001001202442002561,0.0010012254979438044,0.0010002943969072732,1.899638643882059e-08,-7.727381758958425e-08,0.26158175652680676,0.00026294022325757554,0.0002658893762321648,0.00026999969836738724,0.017193395228641255
4.4625e-10,2.9871196257360412e-09,-9.624391654689072e-09,0.01747804694054208,0.0010014376387847308,0.0010014626864867809,0.0010005169674002297,1.893049064220646e-08,-7.713135943581233e-08,0.26378178771833644,0.0002648819856684901,0.00026780725286164217,0.00027202742209812776,0.01747901701484499
4.5e-10,3.0077027669548764e-09,-9.707513243835087e-09,0.017765905069003943,0.0010016746007708585,0.0010017016544965306,0.001000740998778655,1.8867340632220093e-08,-7.698755173502164e-08,0.2659818189980968,0.0002668202960835093,0.0002697220806480267,0.0002740517921402334,0.01776687474333882
4.5375e-10,3.0282105739932133e-09,-9.790424440888577e-09,0.018055995484805378,0.001001913322684443,0.001001942396613576,0.001000966481547186,1.8806972206361626e-08,-7.684239794338009e-08,0.2681818503683573,0.0002687551445613379,0.00027163384349179477,0.0002760728152652279,0.018056964764969846
4.575e-10,3.0486461455476592e-09,-9.873123626344146e-09,0.018348314518087022,0.0010021537992229354,0.001002184907452152,0.0010011934061786114,1.874941914520138e-08,-7.669589850752678e-08,0.2703818818314142,0.0002706865212443517,0.00027354252553493815,0.0002780904980040299,0.01834928341032591
4.6125e-10,3.0690126162512535e-09,-9.955609184048108e-09,0.01864285847893017,0.0010023960250581199,0.001002429181600594,0.0010014217631147987,1.8694718923528657e-08,-7.654804867941746e-08,0.2725819133895932,0.00027261441636866705,0.0002754481111613333,0.00028010484666532264,0.018643826989945933
4.65e-10,3.0893131559124076e-09,-1.0037879499058457e-08,0.01893962365756716,0.0010026399948364936,0.001002675213621731,0.0010016515427676437,1.8642905594786036e-08,-7.639884497130672e-08,0.2747819450452486,0.0002745388202676098,0.0002773505849908233,0.00028211586733730906,0.018940591794530583
4.6875e-10,3.1095509657021985e-09,-1.0119932960066111e-08,0.01923860632459204,0.0010028857031796478,0.0010029229980532735,0.0010018827355199962,1.859401331193208e-08,-7.624828450692215e-08,0.2769819768007648,0.00027645972337330045,0.0002792499318782275,0.0002841235658944434,0.019239574095152822
4.725e-10,3.129729280645281e-09,-1.0201767958315795e-08,0.019539802731171434,0.0010031331446846367,0.0010031725294082033,0.0010021153317265972,1.8548075867196284e-08,-7.609636082544751e-08,0.27918200865855447,0.0002783771162209602,0.00028114613691334337,0.0002861279480078712,0.01954077014346923
4.7625e-10,3.1498513661629337e-09,-1.0283382881513325e-08,0.019843209109255956,0.0010033823139243693,0.001003423802175166,0.0010023493217150073,1.850512469627636e-08,-7.594306343623872e-08,0.28138204062106115,0.00028029098945628604,0.00028303918541607405,0.00028812901915339185,0.0198441761719312
4.8e-10,3.1699205158584924e-09,-1.0364776112748617e-08,0.020148821671791377,0.0010036332054479825,0.0010036768108188554,0.0010025846957865327,1.846518927377988e-08,-7.578838164367979e-08,0.2835820726907538,0.00028220133383463235,0.00028492906293906147,0.00029012678461810034,0.02014978839399596
4.8375e-10,3.189940050044359e-09,-1.0445946028455598e-08,0.020456636612930356,0.0010038858137812205,0.0010039315497804109,0.001002821444217155,1.8428299102063603e-08,-7.563230056013529e-08,0.28578210487013134,0.0002841081402268919,0.0002868157552639584,0.00029212124950405354,0.02045760300433869
4.875e-10,3.2099133170527857e-09,-1.0526890992853557e-08,0.020766650108244175,0.001004140133426819,0.0010041880134778049,0.001003059557258451,1.839448675304743e-08,-7.547480219393616e-08,0.2879821371617185,0.0002860113996199449,0.0002886992483957326,0.0002941124187398416,0.020767616179064013
4.9125e-10,3.229843696682451e-09,-1.0607609357445703e-08,0.0210788583149347,0.0010043961588648799,0.0010044461963062306,0.001003299025138515,1.8363785059045323e-08,-7.531586656907655e-08,0.29018216956806725,0.0002879111031189299,0.0002905795285635809,0.000296100297086939,0.021079824075918078
4.95e-10,3.24973459731262e-09,-1.0688099456536238e-08,0.021393257372046497,0.0010046538845532508,0.0010047060926384915,0.001003539838062874,1.8336225075026084e-08,-7.515547152398366e-08,0.29238220209175564,0.00028980724195194177,0.0002924565822185873,0.0002980848891488963,0.021394222834500626
4.9875e-10,3.269589454774683e-09,-1.076835960838868e-08,0.02170984340067871,0.0010049133049279061,0.0010049676968253908,0.0010037819862154101,1.831183471385911e-08,-7.499359624606739e-08,0.29458223473538964,0.0002916998074728325,0.0002943303960331104,0.0003000661993731628,0.021710808576477184
5.025e-10,3.289411727125116e-09,-1.0848388115996236e-08,0.0220286125041976,0.001005174414403326,0.0010052310031961216,0.001004025459759261,1.8290641387155344e-08,-7.483022088290854e-08,0.2967822675016041,0.0002935887911641765,0.00029620095690152795,0.0003020442320628056,0.022029577405792033
5.0625e-10,3.3092048991506386e-09,-1.0928183267727665e-08,0.022349560768448715,0.0010054372073728757,0.0010054960060586534,0.0010042702488377417,1.8272675364576725e-08,-7.466532327209832e-08,0.2989823003930639,0.000295474184635964,0.0002980682519353633,0.0003040189913792229,0.022350525408880176
5.1e-10,3.3289724811942232e-09,-1.1007743332373832e-08,0.022672684261969035,0.001005701678209183,0.001005762699700124,0.0010045163435752407,1.82579642869384e-08,-7.449887672452714e-08,0.30118233341245704,0.00029735597963105067,0.0002999322684623424,0.0003059904813479275,0.02267364865487919
5.1375e-10,3.348718004771067e-09,-1.1087066554860023e-08,0.022997979036199587,0.0010059678212645197,0.0010060310783872243,0.001004763734078125,1.8246530823694867e-08,-7.433085128896738e-08,0.3033823665624989,0.00029923416802748494,0.00030179299402718023,0.0003079587058645174,0.022998943195841913
5.175e-10,3.3684450184323174e-09,-1.1166151155020715e-08,0.023325441125697507,0.0010062356308711805,0.00100630113636659,0.0010050124104356367,1.8238397661185175e-08,-7.416121850315694e-08,0.30558239984592817,0.0003011087418373972,0.0003036504163857702,0.0003099236686982962,0.02332640506694844
5.2125e-10,3.388157090888717e-09,-1.1244995329911552e-08,0.023655066548348428,0.0010065051013418572,0.0010065728678651839,0.001005262362720789,1.82335914225818e-08,-7.398995009973836e-08,0.30778243326551086,0.0003029796932051241,0.0003055045235054186,0.0003118853735050565,0.023656030286718824
5.249999999999999e-10,3.4078578135040585e-09,-1.1323597253278677e-08,0.023986851305578566,0.0010067762269700138,0.001006846267090685,0.0010055135809912564,1.8232136467326862e-08,-7.381701643622095e-08,0.30998246682404107,0.0003048470144109365,0.0003073553035657618,0.0003138438238307963,0.023987814857225842
5.2875e-10,3.4275507951907505e-09,-1.1401955071696264e-08,0.024320791382567042,0.0010070490020302634,0.0010071213282318787,0.001005766055290262,1.823405547282069e-08,-7.364238324454109e-08,0.3121825005243377,0.0003067106978756285,0.0003092027449583465,0.0003157990231076107,0.024321754764306164
5.325e-10,3.4472396625074395e-09,-1.1480066902235483e-08,0.02465688274845775,0.0010073234207787448,0.0010073980454590344,0.0010060197756474553,1.823937181666751e-08,-7.346601775802798e-08,0.3143825343692464,0.0003085707361616711,0.0003110468362800536,0.000317750974671597,0.024657845977773325
5.3625e-10,3.466928062296882e-09,-1.1557930834588856e-08,0.024995121356571243,0.0010075994774535004,0.0010076764129243005,0.0010062747320797936,1.82481132334907e-08,-7.328788653374352e-08,0.3165825683616401,0.00031042712196786,0.00031288756633194225,0.0003196996817658553,0.02499608445162925
5.4e-10,3.4866196656780095e-09,-1.1635544930141914e-08,0.025335503144616533,0.0010078771662748419,0.0010079564247620816,0.0010065309145924225,1.826030606929585e-08,-7.310795644732418e-08,0.3187826025044079,0.00031227984813390306,0.00031472492411883175,0.00032164514753745644,0.025336466124274773
5.4375e-10,3.5063181609480065e-09,-1.1712907221517486e-08,0.02567802403490275,0.0010081564814457364,0.00100823807508942,0.0010067883131795316,1.8275972760631645e-08,-7.292619186696448e-08,0.3209826368004651,0.0003141289076448832,0.0003165588988509032,0.0003235873750485602,0.025678986918722668
5.475e-10,3.526027255477121e-09,-1.1790015709833439e-08,0.026022679934550347,0.0010084374171521746,0.0010085213580063798,0.00100704691782523,1.829513959178663e-08,-7.274255518101735e-08,0.32318267125275446,0.0003159742936328885,0.0003183894799395322,0.00032552636728188,0.026023642742809036
5.5125e-10,3.5457506777771202e-09,-1.1866868362236109e-08,0.02636946673570241,0.0010087199675635442,0.0010088062675964312,0.0010073067185044035,1.831783224447313e-08,-7.255700625419422e-08,0.32538270586423734,0.00031781599937283903,0.00032021665699720855,0.0003274621271383513,0.02637042948940354
5.55e-10,3.565492175148656e-09,-1.194346311010502e-08,0.026718380315735535,0.0010090041268330013,0.0010090927979268228,0.001007567705183568,1.8344075512081924e-08,-7.236950360765715e-08,0.32758274063789716,0.00031965401828389664,0.00032204041983532395,0.0003293946574496916,0.026719343036620966
5.5875e-10,3.5852555150903046e-09,-1.2019797849253632e-08,0.027069416537470713,0.0010092898890978433,0.001009380943048971,0.0010078298678217303,1.8373895469297935e-08,-7.21800095499708e-08,0.32978277557674157,0.00032148834392880463,0.0003238607584620639,0.00033132396097765396,0.027070379248031944
5.625e-10,3.605044483714191e-09,-1.2095870444820103e-08,0.02742257124938343,0.001009577248479877,0.001009670696998831,0.0010080931963712214,1.8407316037324635e-08,-7.198848443382429e-08,0.33198281068379915,0.0003233189700150199,0.00032567766308198187,0.0003332500404177872,0.0274235339728731
5.6625e-10,3.624862885035752e-09,-1.2171678724650273e-08,0.027777840285814193,0.001009866199085787,0.0010099620537972807,0.001008357680778544,1.844436124262744e-08,-7.179488607966522e-08,0.33418284596212045,0.0003251458903976992,0.00032749112409519946,0.0003351728984064951,0.027778803046257537
5.7e-10,3.6447145401527504e-09,-1.224722048087018e-08,0.02813521946717783,0.0010101567350075064,0.0010102550074504923,0.0010086233109852004,1.8485053144427168e-08,-7.159917127048509e-08,0.33638288141477685,0.0003269690990739551,0.0003293011320980593,0.00033709253752054553,0.02813618228938438
5.7375e-10,3.664603284722809e-09,-1.2322493465138863e-08,0.02849470460017366,0.0010104488503225777,0.001010549551950312,0.0010088900769285244,1.8529414299613883e-08,-7.140129367616776e-08,0.3385829170448589,0.00032878859018451524,0.00033110767787797177,0.00033900896028238027,0.028495667509747972
5.775e-10,3.684532970501624e-09,-1.2397495389081194e-08,0.028856291477993973,0.0010107425390945195,0.0010108456812746279,0.0010091579685425033,1.8577466245487265e-08,-7.120120692833602e-08,0.3407829528554766,0.000330604358017294,0.0003329107524114118,0.0003409221691653443,0.028857254501347372
5.8125e-10,3.7045074635841007e-09,-1.2472223921238561e-08,0.029219975880533263,0.0010110377953731924,0.0010111433893877453,0.0010094269757585969,1.8629231026216747e-08,-7.099886030933456e-08,0.342982988849758,0.0003324163970095251,0.00033471034686870124,0.00034283216660043717,0.029220939044894652
5.849999999999999e-10,3.7245306453879705e-09,-1.2546676684786965e-08,0.029585753574596387,0.0010113346131951644,0.0010114426702407598,0.0010096970885065547,1.868473050190994e-08,-7.079420410152343e-08,0.34518302503084974,0.000334224701746845,0.0003365064526095588,0.0003447389549755803,0.029586716908023357
5.8875e-10,3.7446064108083175e-09,-1.2620851259447495e-08,0.02995362031410663,0.001011632986584073,0.0010117435177719248,0.0010099682967152216,1.8743985190123557e-08,-7.058718817735357e-08,0.34738306140191605,0.00033602926695953396,0.00033829906118223345,0.0003466425366396352,0.029954583845496797
5.925e-10,3.764738668775138e-09,-1.26947451799117e-08,0.030323571840313125,0.0010119329095509809,0.0010120459259070223,0.0010102405903133407,1.8807018183374087e-08,-7.037776271256446e-08,0.3495830979661428,0.0003378300875227086,0.0003400881643229319,0.000348542913904354,0.0303245355994158
5.9625e-10,3.784931345450044e-09,-1.276835593865882e-08,0.030695603881998185,0.0010122343760947433,0.0010123498885597343,0.0010105139592303453,1.8873854438616253e-08,-7.016587762242223e-08,0.3517831347267374,0.000339627158458817,0.0003418737539538383,0.0003504400890538743,0.030696567899426097
6e-10,3.805188383727359e-09,-1.28416809814754e-08,0.031069712155683684,0.0010125373802023585,0.0010126553996320016,0.0010107883933971563,1.894451529698524e-08,-6.995147878912027e-08,0.35398317168693066,0.0003414204749372539,0.0003436558221803306,0.0003523340643545596,0.031070676462925183
6.0375e-10,3.825513737667631e-09,-1.2914717706501538e-08,0.03144589236583749,0.0010128419158493321,0.0010129624530143993,0.0010110638827469673,1.9019019868364105e-08,-6.973451303937707e-08,0.3561832088499685,0.0003432100322730493,0.00034543436129527114,0.000354224842042406,0.031446856995267385
6.075e-10,3.845911372847454e-09,-1.2987463464429933e-08,0.031824140205078844,0.0010131479770000256,0.0010132710425864886,0.0010113404172160175,1.909738909431006e-08,-6.95149240204432e-08,0.3583832462191123,0.0003449958259293776,0.0003472093637736042,0.0003561124243244412,0.03182510518996927
6.1125e-10,3.866385269916164e-09,-1.305991555493056e-08,0.032204451354383844,0.001013455557608013,0.0010135811622171847,0.0010116179867443627,1.9179646020247267e-08,-6.929265610176704e-08,0.36058328379763777,0.0003467778515163038,0.00034898082227117084,0.0003579968133868815,0.03220541672891478
6.15e-10,3.8869394239427735e-09,-1.3132071230671537e-08,0.0325868214832896,0.0010137646516164376,0.0010138928057651182,0.00101189658127664,1.9265813796117312e-08,-6.90676542911719e-08,0.3627833215888394,0.0003485561047919453,0.00035074872962058987,0.00035987801140182447,0.03258778728256084
6.1875e-10,3.907577844021042e-09,-1.3203927693847982e-08,0.03297124625009886,0.0010140752529583627,0.001014205967078988,0.0010121761907628327,1.935591382255791e-08,-6.883985929222038e-08,0.3649833595960233,0.00035033058165990355,0.0003525130788370353,0.00036175602052214146,0.032972212510139653
6.225e-10,3.928304553290231e-09,-1.327548209288282e-08,0.03335772130208303,0.0010143873555571211,0.0010145206399979224,0.001012456805159011,1.944996821571631e-08,-6.860921107214447e-08,0.3671833978225035,0.0003521012781709338,0.00035427386311704767,0.00036363084288282293,0.03335868805986221
6.2625e-10,3.949123586929538e-09,-1.3346731523732486e-08,0.033746242275685234,0.0010147009533266651,0.0010148368183518343,0.0010127384144280837,1.9547996852764815e-08,-6.837564942306535e-08,0.36938343627161246,0.00035386819051889403,0.0003560310758322623,0.00036550248061714127,0.03374720956912243
6.3e-10,3.9700389894069375e-09,-1.3417673028451625e-08,0.03413680479672298,0.0010150160401719076,0.0010151544959617722,0.0010130210085405368,1.9650015806363026e-08,-6.813911187464689e-08,0.37158347494669847,0.0003556313150437208,0.0003577847105327893,0.00036737093585534895,0.03413777266469946
6.3375e-10,3.99105481316183e-09,-1.3488303592879e-08,0.034529404480589075,0.0010153326099890754,0.001015473666640275,0.001013304577475168,1.975604514146092e-08,-6.789953556870737e-08,0.37378351385112446,0.00035739064823590735,0.0003595347609432185,0.00036923621072009757,0.03453037296295907
6.375e-10,4.012175122529347e-09,-1.3558620148808013e-08,0.03492403693245355,0.0010156506566660491,0.0010157943241917197,0.0010135891112198101,1.9866104634516306e-08,-6.765685794337881e-08,0.3759835529882636,0.0003591461867327716,0.0003612812209622743,0.000371098307328008,0.03492500607005419
6.4125e-10,4.033403992337452e-09,-1.3628619571380385e-08,0.03532069774746362,0.001015970174082714,0.001016116462412673,0.0010138745997720481,1.998021403531019e-08,-6.741101377420295e-08,0.37818359236150445,0.0003608979273122799,0.00036302408466055953,0.0003729572277913308,0.035321667582125404
6.449999999999999e-10,4.054745507763582e-09,-1.3698298678444106e-08,0.03571938251094347,0.0010162911561112872,0.0010164400750922382,0.0010141610331399359,2.009839424758683e-08,-6.71619389641115e-08,0.3803836319742424,0.0003626458668961365,0.00036476334628334633,0.0003748129742287242,0.035720353085500346
6.4875e-10,4.076203767376551e-09,-1.3767654232519395e-08,0.03612008679859344,0.0010166135966166664,0.0010167651560123946,0.0010144484013426974,2.0220667767563644e-08,-6.690956944989904e-08,0.3825836718298848,0.00036439000255065004,0.0003664990002480987,0.0003766655487601304,0.036121058156892885
6.525e-10,4.097782881510462e-09,-1.3836682939523073e-08,0.03652280617668837,0.0010169374894567638,0.001017091698948348,0.0010147366944114322,2.034705453345963e-08,-6.66538399364723e-08,0.3847837119318524,0.00036613033148650073,0.00036823104114262246,0.00037851495351316305,0.03652377836360207
6.5625e-10,4.119486970697694e-09,-1.3905381449461857e-08,0.03692753620227545,0.001017262828482843,0.0010174196976688672,0.0010150259023897971,2.047757473559247e-08,-6.639468723875149e-08,0.3869837522835743,0.0003678668510541957,0.0003699594637233761,0.0003803611906192239,0.03692850926370911
6.6e-10,4.141320165934873e-09,-1.3973746359380881e-08,0.0373342724233709,0.0010175896075398472,0.0010177491459366235,0.0010153160153346962,2.0612250250198372e-08,-6.613204939659035e-08,0.3891837928884932,0.00036959955874567085,0.00037168426291843534,0.00038220426222278204,0.03733524640627446
6.6375e-10,4.163286611857969e-09,-1.4041774211317689e-08,0.037743010379156464,0.0010179178204667296,0.0010180800375085277,0.0010156070233169594,2.0751102441652982e-08,-6.5865860641873e-08,0.3913838337500536,0.0003713284521963685,0.0003734054338237876,0.00038404417048022266,0.03774398533153322
6.675e-10,4.185390462606666e-09,-1.4109461492107417e-08,0.03815374560017465,0.0010182474610967932,0.0010184123661360683,0.00101589891642201,2.0894150334011524e-08,-6.559605871569027e-08,0.39358387487171065,0.000373053529182381,0.0003751229717015884,0.000385880917560874,0.038154721571091066
6.7125e-10,4.207635880481808e-09,-1.417680463627753e-08,0.038566473608523784,0.0010185785232580053,0.0010187461255656417,0.001016191684750526,2.1041413160593025e-08,-6.532257968501004e-08,0.3957839162569308,0.0003747747876227979,0.00037683687197986984,0.0003877145056499091,0.038567450648119436
6.75e-10,4.230027037702572e-09,-1.4243800021881264e-08,0.038981189918051586,0.0010189110007733358,0.001019081309538886,0.0010164853184191046,2.119290960925559e-08,-6.50453549008549e-08,0.3979839579091927,0.0003764922255807353,0.0003785471302529109,0.0003895449369530512,0.03898216807755015
6.7875e-10,4.2525681139089904e-09,-1.4310443966362412e-08,0.039397890034548744,0.00101924488746108,0.001019417911793008,0.001016779807560907,2.134865959312333e-08,-6.476431472531594e-08,0.40018399983198666,0.00037820584125792216,0.0003802537422801894,0.00039137221370103904,0.03939886936626769
6.825e-10,4.275263300252909e-09,-1.4376732728581005e-08,0.0398165694559409,0.0010195801771351767,0.0010197559260611158,0.0010170751423263084,2.1508683461450287e-08,-6.447939013058428e-08,0.402384042028803,0.00037991563299335406,0.0003819567039836966,0.0003931963381388542,0.03981755001329994
6.8625e-10,4.2981167944805355e-09,-1.4442662508225893e-08,0.04023722367248047,0.0010199168636055348,0.0010200953460725434,0.0010173713128835218,2.167299736918172e-08,-6.419051346244013e-08,0.40458408450313565,0.0003816215992655379,0.0003836560114486136,0.0003950173125287683,0.04023820551000995
6.9e-10,4.3211328006175586e-09,-1.4508229450518743e-08,0.040659848166937185,0.001020254940678344,0.0010204361655531677,0.0010176683094192305,2.184161882281705e-08,-6.389762005778457e-08,0.40678412725848523,0.00038332373868965174,0.000385351660922211,0.0003968351391593682,0.04066083134028775
6.9375e-10,4.344315527777157e-09,-1.457342964599762e-08,0.041084438414788045,0.0010205944021563931,0.0010207783782257387,0.001017966122139206,2.2014562996826596e-08,-6.360064354617999e-08,0.4089841702983612,0.00038502205001702785,0.0003870436488137848,0.0003986498203432911,0.04108542298073981
6.975e-10,4.367669190920426e-09,-1.4638259130197237e-08,0.0415109898844065,0.0010209352418393833,0.0010211219778101886,0.0010182647412689224,2.219184757539744e-08,-6.329951765966369e-08,0.4111842136262763,0.0003867165321345196,0.0003887319716884746,0.00040046135841893387,0.04151197590087796
7.0125e-10,4.3911980100392e-09,-1.4702713883407123e-08,0.04193949803725034,0.0010212774535242402,0.0010214669580239516,0.0010185641570541592,2.237348638587327e-08,-6.299417532424317e-08,0.41338425724574573,0.0003884071840666225,0.000390416626267417,0.00040226975574913864,0.0419404855633067
7.049999999999999e-10,4.41490620629549e-09,-1.4766789829712359e-08,0.04236995832804917,0.0010216210310054295,0.0010218133125822757,0.0010188643597615983,2.2559492821591858e-08,-6.26845475967146e-08,0.4155843011602894,0.00039009400497334374,0.0003920976094310425,0.00040407501472440875,0.042370947423911245
7.0875e-10,4.438798004252356e-09,-1.4830482835349063e-08,0.042802366204990755,0.0010219659680752598,0.0010221610351985385,0.0010191653396794148,2.2749883228618098e-08,-6.237056579921612e-08,0.41778434537343495,0.0003917769941487412,0.00039377491821918927,0.0004058771377636903,0.042803356932044026
7.125e-10,4.4628776337263694e-09,-1.4893788710810117e-08,0.04323671710990691,0.0010223122585241889,0.0010225101195845592,0.0010194670871178507,2.294467324168296e-08,-6.205216131649175e-08,0.4199843898887107,0.00039345615101868636,0.0003954485498259466,0.0004076761273172154,0.04323770953070942
7.1625e-10,4.4871493279658536e-09,-1.4956703208885552e-08,0.04367300647845732,0.0010226598961411274,0.001022860559450901,0.001019769592409798,2.3143877688966027e-08,-6.172926306745848e-08,0.42218443470964306,0.0003951314751440094,0.00039711850159922425,0.00040947198586597936,0.04367400065674772
7.2e-10,4.511617323677568e-09,-1.501922202325097e-08,0.04411122974031413,0.0010230088747137382,0.00102321234850718,0.0010200728459113604,2.334751161720549e-08,-6.140179957540729e-08,0.42438447983976596,0.0003968029662158546,0.00039878477104192433,0.0004112647159239552,0.044112225741019806
7.2375e-10,4.536285859777335e-09,-1.5081340789842702e-08,0.04455138231934411,0.0010233591880287362,0.0010235654804623677,0.0010203768380024202,2.3555587860206414e-08,-6.1069701036526e-08,0.426584525282613,0.00039847062405448967,0.00040044735580774564,0.00041305432003907775,0.04455238020858961
7.275e-10,4.561159176117795e-09,-1.514305508745158e-08,0.04499345963379068,0.0010237108298721865,0.0010239199490250919,0.001020681559087187,2.3768120610567014e-08,-6.073289778189835e-08,0.428784571041718,0.0004001344486098743,0.0004021062537036091,0.0004148408007916304,0.04499445947890551
7.3125e-10,4.5862415162133105e-09,-1.5204360439598682e-08,0.04543745709645498,0.0010240637940297967,0.0010242757479039409,0.0010209869995947403,2.3985124865168173e-08,-6.039132186368419e-08,0.4309846171206124,0.0004017944399629432,0.0004037614626881999,0.00041662416079827334,0.0454384589659802
7.35e-10,4.611537124822537e-09,-1.5265252316664365e-08,0.04588337011487551,0.0010244180742872146,0.0010246328708077475,0.0010212931499795667,2.4206613530848146e-08,-6.00449063377437e-08,0.4331846635228313,0.0004034505983247931,0.00040541298086770164,0.00041840440271349606,0.04588437407857182
7.3875e-10,4.637050247212984e-09,-1.5325726134554598e-08,0.04633119409150721,0.0010247736644303155,0.0010249913114458939,0.0010216000007220905,2.4432599068561195e-08,-5.969358146677566e-08,0.43538471025190323,0.00040510292403336974,0.00040706080649665754,0.0004201815292288364,0.04633220022036221
7.425e-10,4.662785129230051e-09,-1.5385777252679948e-08,0.04678092442389972,0.0010251305582454925,0.001025351063528598,0.001021907542329195,2.466309375420378e-08,-5.933727617204861e-08,0.4375847573113598,0.0004067514175530355,0.00040870493798001605,0.0004219555430717149,0.04678193279013482
7.4625e-10,4.68874601577067e-09,-1.5445400973371126e-08,0.04723255650487402,0.0010254887495199367,0.0010257121207672049,0.0010222157653347328,2.489810918796147e-08,-5.8975918725352514e-08,0.43978480470473214,0.00040839607947240446,0.00041034537386842613,0.00042372644700470504,0.04723356718195217
7.5e-10,4.714937150733334e-09,-1.5504592541867975e-08,0.0476860857226985,0.0010258482320419286,0.0010260744768744745,0.0010225246603000318,2.5137656107164325e-08,-5.8609438425393174e-08,0.4419848524355469,0.00041003691050631446,0.00041198211285558607,0.00042549424382497394,0.04768709878533108
7.5375e-10,4.7413627758815896e-09,-1.5563347148791535e-08,0.04814150746126429,0.001026208999601111,0.0010264381255648595,0.0010228342178143918,2.5381745702183018e-08,-5.823776678375145e-08,0.4441849005073248,0.000411673911493359,0.0004136151537810858,0.0004272589363694818,0.048142522985416394
7.575e-10,4.7680271320381416e-09,-1.562165993167167e-08,0.04859881710025897,0.0010265710459887731,0.0010268030605547914,0.001023144428495576,2.5630388138619513e-08,-5.7860833758917824e-08,0.4463849489235827,0.0004133070833943062,0.0004152444956269381,0.0004290205275181421,0.04859983516315641
7.6125e-10,4.794934455590206e-09,-1.5679525971817275e-08,0.04905801001533983,0.0010269343649981274,0.0010271692755629606,0.0010234552829902932,2.588359128644266e-08,-5.74785679322065e-08,0.44858499768783405,0.00041493642729001156,0.00041687013751681116,0.00043077902019155237,0.049059030695475306
7.649999999999999e-10,4.822088978378975e-09,-1.5736940294911327e-08,0.04951908157830539,0.0010272989504245763,0.001027536764310588,0.0010237667719746818,2.6141363631158437e-08,-5.709089803527158e-08,0.45078504680359405,0.0004165619443810234,0.000418492078719899,0.0004325344173588539,0.049520104955446294
7.6875e-10,4.849494927001233e-09,-1.5793897871632596e-08,0.04998202715726707,0.0010276647960659922,0.0010279055205217082,0.0010240788861547658,2.6403711049689083e-08,-5.669775297030644e-08,0.4529850962743715,0.00041818363599207485,0.00042011031864393753,0.0004342867220306702,0.04998305331246118
7.725e-10,4.8771565193185284e-09,-1.585039361813804e-08,0.05044684211681842,0.0010280318957229836,0.001028275537923436,0.001024391616266928,2.6670638356693143e-08,-5.6299061827256716e-08,0.45518514610366995,0.00041980150356702616,0.00042172485683614436,0.00043603593725673856,0.05044787113239919
7.7625e-10,4.905077966071402e-09,-1.590642239516155e-08,0.050913521818204396,0.0010284002431991638,0.0010286468102462362,0.0010247049530783532,2.6942150844338528e-08,-5.589475276051085e-08,0.45738519629498026,0.00042141554866962033,0.00042333569298405555,0.0004377820661281529,0.05091455377779634
7.8e-10,4.9332634695556885e-09,-1.596197900895925e-08,0.051382061619488995,0.0010287698323014217,0.001029019331224192,0.0010250188873874757,2.721825546535606e-08,-5.548475481048888e-08,0.4595852468517939,0.0004230257729823721,0.00042494282691197535,0.00043952511177836696,0.05138309660801364
7.8375e-10,4.9617172282280455e-09,-1.6017058212301796e-08,0.05185245687572204,0.001029140656840178,0.0010293930945952706,0.0010253334100244116,2.749896051508329e-08,-5.506899752226886e-08,0.4617852977775877,0.0004246321783021454,0.0004265462585830046,0.0004412650773822209,0.05185349497940259
7.875e-10,4.990443434483339e-09,-1.607165470377514e-08,0.05232470293910509,0.0010295127106296463,0.0010297680941015925,0.0010256485118513927,2.7784273741106756e-08,-5.46474091762701e-08,0.4639853490758326,0.00042623476653932816,0.00042814598809433975,0.0004430019661563343,0.05232574424547116
7.9125e-10,5.019446275250745e-09,-1.612576312879105e-08,0.05279879515915559,0.0010298859874880923,0.0010301443234896825,0.001025964183763187,2.8074200721334027e-08,-5.42199206333819e-08,0.4661854007499907,0.00042783353971948153,0.0004297420156761234,0.0004447357813609748,0.052799839757048515
7.95e-10,5.048729927873564e-09,-1.617937808302479e-08,0.05327472888287095,0.0010302604812380857,0.0010305217765107305,0.001026280416687507,2.8368744828568005e-08,-5.378646340149715e-08,0.46838545280351673,0.0004294284999812282,0.00043133434169353736,0.00044646652630414097,0.05327577686244839
7.9875e-10,5.0782985593513456e-09,-1.6232494109447114e-08,0.05375249945489046,0.0010306361857067585,0.0010309004469208492,0.0010265972015854265,2.866790965602775e-08,-5.334696498596105e-08,0.47058550523985554,0.000431019649574444,0.00043292296664274293,0.0004481942043353733,0.05375355090763162
8.025e-10,5.108156327772004e-09,-1.6285105696738624e-08,0.05423210221765742,0.0010310130947260476,0.0010312803284813201,0.0010269145294517698,2.8971700870625276e-08,-5.290135430989928e-08,0.4727855580624468,0.00043260699085949,0.0004345078911494289,0.000449918818850215,0.05423315723636754
8.0625e-10,5.138307383926688e-09,-1.633720728254619e-08,0.054713532511578615,0.0010313912021329497,0.001031661414958847,0.0010272323913155146,2.928012413859744e-08,-5.2449561191796865e-08,0.4749856112747225,0.0004341905263054412,0.0004360891159705592,0.00045164037328947524,0.05471459119039422
8.1e-10,5.168755870682553e-09,-1.6388793252510122e-08,0.055196785675183935,0.0010317705017697612,0.0010320437001258053,0.0010275507782401719,2.9593184223083357e-08,-5.199151528536129e-08,0.47718566488010306,0.0004357702584922221,0.00043766664199388136,0.00045335887114119244,0.05519784810957672
8.1375e-10,5.199505920623141e-09,-1.6439857941654168e-08,0.055681857045284486,0.0010321509874843253,0.0010324271777604878,0.0010278696813241619,2.9910883114751505e-08,-5.152714611220355e-08,0.479385718881996,0.000437346190107236,0.00043924047023526607,0.0004550743159373402,0.05568292333206451
8.175e-10,5.230561654020156e-09,-1.649039563303787e-08,0.05616874195712936,0.001032532653130272,0.001032811841647343,0.001028189091701179,3.0233221594265304e-08,-5.105638193749573e-08,0.48158577328379953,0.0004389183239464389,0.00044081060183144734,0.00045678671125503625,0.05616981219444943
8.2125e-10,5.2619271778758975e-09,-1.6540400557132304e-08,0.05665743574456173,0.001032915492567255,0.001033197685577217,0.0010285090005405623,3.0560201274364154e-08,-5.0579150461161325e-08,0.48378582808889853,0.00044048666290863307,0.00044237703804793436,0.00045849606071806596,0.05665851003192067
8.249999999999999e-10,5.293606588163659e-09,-1.658986689309572e-08,0.05714793374017329,0.0010332994996611869,0.0010335847033475865,0.0010288293990476415,3.08918248772481e-08,-5.009538044955546e-08,0.48598588330066345,0.0004420512099965946,0.00044393978027086725,0.000460202367993083,0.057149012178419015
8.2875e-10,5.3256039702468e-09,-1.6638788768381775e-08,0.057640231275458434,0.0010336846682844722,0.0010339728887627938,0.0010291502784640872,3.122809466853692e-08,-4.960499949465956e-08,0.48818593892245404,0.0004436119683205858,0.0004454988300071088,0.0004619056367909144,0.05764131396679085
8.325e-10,5.3579233966038275e-09,-1.6687160258888626e-08,0.058134323680966,0.00103407099231624,0.0010343622356342762,0.0010294716300682512,3.1569011933305446e-08,-4.910793714824874e-08,0.49038599495761737,0.0004451689410916595,0.00044705418888989174,0.00046360587086909566,0.05813541072894094
8.3625e-10,5.390568928109319e-09,-1.6734975392333074e-08,0.05863020628645115,0.0010344584656425773,0.0010347527377808044,0.0010297934451754974,3.191458122988259e-08,-4.8604125148284426e-08,0.49258605140949224,0.0004467221316232392,0.00044860585867284846,0.0004653030740337644,0.05863129779598395
8.4e-10,5.423544619972051e-09,-1.6782228149482155e-08,0.05912787442102586,0.0010348470821567467,0.0010351443890287014,0.0010301157151385277,3.226481012944739e-08,-4.8093493882698984e-08,0.4947861082813998,0.0004482715433248274,0.00045015384122756787,0.00046699725013533516,0.05912897049839315
8.4375e-10,5.456854518378625e-09,-1.6828912460938227e-08,0.059627323413307155,0.0010352368357594117,0.0010355371832120705,0.0010304384313476974,3.261970185042763e-08,-4.757597151047304e-08,0.49698616557664516,0.00044981717970526936,0.0004516981385403259,0.0004686884030703691,0.05962842416614952
8.475e-10,5.490502658112042e-09,-1.6875022207874615e-08,0.06012854859156609,0.0010356277203588638,0.0010359311141730167,0.0010307615852313276,3.297925860266585e-08,-4.7051488383807714e-08,0.4991862232985217,0.0004513590443718229,0.00045323875271509247,0.0004703765367799141,0.06012965412889031
8.5125e-10,5.5244930622205045e-09,-1.692055122386563e-08,0.060631545283873774,0.001036019729871231,0.0010363261757618636,0.0010310851682560043,3.3343481872555937e-08,-4.651997396221485e-08,0.5013862814503071,0.00045289714102661835,0.0004547756859739492,0.00047206165525030716,0.06063265571605517
8.55e-10,5.558829741485699e-09,-1.6965493294482103e-08,0.06113630881824775,0.0010364128582207028,0.0010367223618373723,0.0010314091719268786,3.371237470713914e-08,-4.5981359145691465e-08,0.5035863400352625,0.0004544314734694563,0.0004563089406501299,0.00047374376251576656,0.06113742425703178
8.5875e-10,5.593516696625712e-09,-1.700984215893295e-08,0.06164283452279575,0.0010368070993397394,0.0010371196662669502,0.0010317335877879545,3.408594002296579e-08,-4.5435575660540225e-08,0.5057863990566341,0.00045596204559473504,0.0004578385191899886,0.0004754228626594341,0.06164395508130061
8.625e-10,5.628557915915716e-09,-1.705359151060344e-08,0.0621511177258599,0.0010372024471692793,0.0010375180829268694,0.0010320584074223732,3.446417999741295e-08,-4.4882553710815556e-08,0.5079864585176519,0.00045748886139038045,0.00045936442415133485,0.00047709895980704473,0.06215224351857704
8.6625e-10,5.6639573781119274e-09,-1.7096734995517e-08,0.06266115375615867,0.0010375988956589587,0.001037917605702471,0.0010323836224526844,3.484710025313091e-08,-4.4322222455225234e-08,0.510186518421528,0.0004590119249367817,0.0004608866582035292,0.0004787720581282104,0.06266228489895473
8.7e-10,5.699719053509551e-09,-1.713926621089526e-08,0.06317293794292768,0.0010379964387673094,0.0010383182284883698,0.0010327092245411146,3.523470552741385e-08,-4.3754509351516505e-08,0.5123865787714583,0.0004605312404043826,0.00046240522412700823,0.00048044216183441895,0.06317407455304587
8.7375e-10,5.7358469019312864e-09,-1.718117870453589e-08,0.06368646561605999,0.0010383950704619632,0.001038719945188667,0.0010330352053898202,3.5626997911829956e-08,-4.3179341945175464e-08,0.5145866395706222,0.00046204681205255104,0.0004639201248112467,0.0004821092751831194,0.06368760781212097
8.775e-10,5.772344871199073e-09,-1.7222465977016175e-08,0.06420173210624455,0.0010387947847198566,0.0010391227497171423,0.0010333615567411517,3.6023981502956666e-08,-4.2596651628339045e-08,0.516786700822184,0.00046355864422993576,0.0004654313632512363,0.0004837734024822244,0.06420288000824828
8.8125e-10,5.809216900265777e-09,-1.7263121485787136e-08,0.06471873274510469,0.0010391955755274219,0.0010395266359974585,0.0010336882703778972,3.642566050649764e-08,-4.200637126022812e-08,0.5189867625292867,0.00046506674137211716,0.00046693894254827084,0.0004854345480824896,0.06471988647443008
8.849999999999999e-10,5.8464669181049486e-09,-1.7303138644993967e-08,0.06523746286533327,0.0010395974368807895,0.0010399315979633514,0.0010340153381235215,3.6832041069155646e-08,-4.1408432274445055e-08,0.5211868246950538,0.000466571108000293,0.0004684428659079074,0.0004870927163775056,0.0652386225447386
8.8875e-10,5.884098848640338e-09,-1.734251082435668e-08,0.06575791780082908,0.00104000036278598,0.0010403376295588286,0.0010343427518424003,3.7243133846536286e-08,-4.0802767013876597e-08,0.5233868873225903,0.00046807174872091797,0.00046994313663998894,0.0004887479118040654,0.06575908355445265
8.925e-10,5.92211661174963e-09,-1.738123135183952e-08,0.06628009288683061,0.001040404347259091,0.0010407447247383565,0.0010346705034400424,3.7658948927290063e-08,-4.0189309079025976e-08,0.5255869504149843,0.00046956866822557455,0.0004714397581554732,0.0004904001388446892,0.06628126484019094
8.9625e-10,5.960524124278345e-09,-1.741929351305721e-08,0.06680398346004902,0.001040809384326494,0.0010411528774670496,0.001034998584863317,3.807949678775346e-08,-3.956798941749792e-08,0.5277870139753041,0.0004710618712895195,0.00047293273396647014,0.0004920494020295759,0.06680516174004525
9e-10,5.999325297973711e-09,-1.745669055026951e-08,0.06732958485879978,0.0010412154680250118,0.0010415620817208618,0.0010353269881006625,3.8504786662229924e-08,-3.893874283598795e-08,0.5299870780066019,0.00047255136277233944,0.0004744220676843945,0.0004936957059340082,0.06733076959371204
9.0375e-10,6.0385240397881145e-09,-1.7493415667884824e-08,0.06785689242313399,0.0010416225924021155,0.0010419723314867592,0.0010356557051822938,3.893482850374149e-08,-3.8301505377386396e-08,0.5321871425119016,0.0004740371476142151,0.0004759077630198139,0.0004953390551736217,0.06785808374262133
9.075e-10,6.078124253772854e-09,-1.7529462031755456e-08,0.06838590149496719,0.0010420307515160991,0.0010423836207629118,0.0010359847281804031,3.936963421511631e-08,-3.765621244658844e-08,0.534387207494206,0.0004755192308357307,0.00047738982378103833,0.0004969794544032802,0.06838709953006646
9.1125e-10,6.1181298411543735e-09,-1.75648227685847e-08,0.06891660741820803,0.0010424399394362608,0.0010427959435588621,0.0010363140492093456,3.980921515805298e-08,-3.700279845751554e-08,0.5365872729564956,0.00047699761753571066,0.00047886825386986965,0.0004986169083202065,0.06891781230133337
9.15e-10,6.158544699789619e-09,-1.7599490965264455e-08,0.06944900553888536,0.0010428501502430768,0.0010432092938957062,0.0010366436604258295,4.025358173393507e-08,-3.634119718431354e-08,0.5387873389017334,0.0004784723128877929,0.00048034305728113745,0.0005002514216638167,0.06945021740382785
9.1875e-10,6.199372722983372e-09,-1.763345966891418e-08,0.06998309120527445,0.00104326137802838,0.0010436236658062622,0.0010369735540290985,4.070274433431214e-08,-3.567134394696976e-08,0.5409874053328579,0.0004799433221459557,0.0004818142381051883,0.0005018829992160595,0.06998431018720032
9.225e-10,6.240617800933705e-09,-1.766672189064301e-08,0.07051885976802191,0.0010436736168955296,0.0010440390533352436,0.0010373037222610982,4.115671536860015e-08,-3.4993175643478225e-08,0.5431874722527893,0.0004814106506390914,0.0004832818005238834,0.0005035116458026319,0.07052008600347195
9.2625e-10,6.282283822376715e-09,-1.769927060345714e-08,0.07105630658026862,0.0010440868609595793,0.0010444554505394282,0.0010376341574066586,4.1615508092001234e-08,-3.4306626714499115e-08,0.5453875396644289,0.0004828743037698049,0.0004847457488121052,0.0005051373662884028,0.07105754020715753
9.3e-10,6.324374674463276e-09,-1.773109874320979e-08,0.0715954269977734,0.0010445011043474458,0.0010448728514878274,0.0010379648517936384,4.2079135961241155e-08,-3.3611634744962135e-08,0.5475876075706496,0.00048433428701497754,0.000486206087332942,0.0005067601655808401,0.07159666815538723
9.3375e-10,6.366894245296327e-09,-1.7762199211355318e-08,0.07213621637903354,0.0010449163411980777,0.0010452912502618387,0.0010382957977930869,4.254761603394522e-08,-3.2908137254282586e-08,0.5497876759743028,0.00048579060592353226,0.00048766282053994944,0.0005083800486287783,0.0721374652080274
9.375e-10,6.409846424823432e-09,-1.7792564874202997e-08,0.07267867008540539,0.0010453325656626074,0.001045710640955425,0.0010386269878193935,4.3020965475533274e-08,-3.2196072529759e-08,0.5519877448782136,0.00048724326611389703,0.0004891159529756791,0.0005099970204220845,0.07267992672780124
9.4125e-10,6.453235106303631e-09,-1.782218856530945e-08,0.07322278348122388,0.0010457497719045205,0.0010461310176752565,0.001038958414330429,4.349920155815908e-08,-3.147538106550422e-08,0.5541878142851846,0.0004886922732763731,0.0004905654892689361,0.0005116110859907584,0.07322404808040826
9.45e-10,6.497064185399209e-09,-1.7851063087729223e-08,0.07376855193391882,0.0010461679540998022,0.0010465523745408743,0.001039290069827684,4.398234405825327e-08,-3.074600469093959e-08,0.556387884197999,0.0004901376331677926,0.0004920114341318972,0.0005132222504061439,0.07376982463464206
9.4875e-10,6.5413375640241886e-09,-1.7879181214290487e-08,0.07431597081413376,0.0010465871064371044,0.0010469747056848458,0.001039621946856395,4.447041358046651e-08,-3.00078851501288e-08,0.5585879546194127,0.0004915793516145113,0.0004934537923621815,0.0005148305187795647,0.07431725176250555
9.525e-10,6.586059149066581e-09,-1.7906535688118512e-08,0.07486503549584003,0.0010470072231178876,0.0010473980052529094,0.0010399540380056748,4.496343132017176e-08,-2.9260964564895313e-08,0.5607880255521549,0.0004930174345112281,0.0004948925688417021,0.0005164358962588316,0.07486632483932748
9.5625e-10,6.631232855732051e-09,-1.7933119223553e-08,0.07541574135645208,0.001047428298356582,0.0010478222674041296,0.001040286335908627,4.546142273447321e-08,-2.8505184967528448e-08,0.5629880969989364,0.000494451887819923,0.0004963277685321798,0.0005180383880282828,0.07541703924387724
9.6e-10,6.676862610174586e-09,-1.7958924504666622e-08,0.07596808377694006,0.0010478503263807288,0.001048247486311037,0.0010406188332424539,4.5964414748527827e-08,-2.774048809482966e-08,0.5651881689624347,0.0004958827175668623,0.0004977593964751506,0.0005196379993096321,0.075969390358476
9.6375e-10,6.722952350880763e-09,-1.798394418771168e-08,0.07652205814194278,0.0010482733014311343,0.0010486736561597775,0.00104095152272857,4.647243523195154e-08,-2.6966817911745342e-08,0.5673882414453082,0.0004973099298456188,0.000499187457790245,0.0005212347353606211,0.07652337356910979
9.675e-10,6.769506028156019e-09,-1.8008170902216157e-08,0.07707765983987798,0.001048697217762005,0.0010491007711502496,0.0010412843971326963,4.698551182045125e-08,-2.6184119650830417e-08,0.5695883144501821,0.0004987335308116153,0.0005006119576753537,0.0005228286014766296,0.07707898426554038
9.7125e-10,6.816527605781876e-09,-1.8031597254032625e-08,0.07763488426305268,0.0010491220696410958,0.0010495288254962455,0.0010416174492649524,4.7503674931026516e-08,-2.539233987607586e-08,0.5717883879796613,0.0005001535266808423,0.0005020329014091565,0.0005244196029902357,0.07763621784141533
9.75e-10,6.864021062086375e-09,-1.8054215823302813e-08,0.07819372680777133,0.0010495478513498438,0.0010499578134255895,0.0010419506719799572,4.8026955327971904e-08,-2.4591422625801448e-08,0.5739884620363199,0.0005015699237299658,0.000503450294345685,0.0005260077452691833,0.07819506969437537
9.7875e-10,6.911990391582451e-09,-1.8076019164275077e-08,0.07875418287444429,0.0010499745571835037,0.001050387729180271,0.001042284058176904,4.8555386145727516e-08,-2.3781314105766325e-08,0.5761885366227084,0.000502982728293795,0.0005048641419087951,0.0005275930337195672,0.0787555352261633
9.825e-10,6.960439605838259e-09,-1.8096999808720485e-08,0.07931624786769333,0.0010504021814512845,0.001050818567016573,0.0010426176007996405,4.908900040782405e-08,-2.2961961619715147e-08,0.5783886117413538,0.000504391946768694,0.0005062744495971901,0.0005291754737817182,0.07931760984272967
9.8625e-10,7.009372733496234e-09,-1.8117150265035806e-08,0.07987991719645751,0.001050830718476485,0.0010512503212052055,0.0010429512928367478,4.9627832157719254e-08,-2.2133312349324114e-08,0.5805886873947542,0.0005057975856104619,0.0005076812229818174,0.0005307550709357329,0.07988128895433896
9.9e-10,7.0587938216768314e-09,-1.81364630199668e-08,0.08044518627409727,0.001051260162596616,0.00105168298603143,0.0010432851273216009,5.017191722643459e-08,-2.129531553040246e-08,0.582788763585388,0.0005071996513302411,0.0005090844677054815,0.0005323318306939879,0.08044656797567237
9.9375e-10,7.10870693750891e-09,-1.8154930540787633e-08,0.0810120505184972,0.0010516905081635356,0.0010521165557951895,0.0010436190973324361,5.072129301863311e-08,-2.0447921461239645e-08,0.584988840315694,0.0005085981504957804,0.0005104841894795875,0.0005339057586019687,0.08101344232592941
9.975e-10,7.159116170042753e-09,-1.8172545276120807e-08,0.08158050535216814,0.0010521217495435674,0.0010525510248112267,0.0010439531959924074,5.127599819118903e-08,-1.959108384700218e-08,0.5871889175880854,0.0005099930897304969,0.0005118803940843016,0.0005354768602387728,0.0815819074289312
1.00125e-09,7.210025629739517e-09,-1.8189299660226532e-08,0.08215054620234816,0.001052553881117629,0.0010529863874092038,0.0010442874164696308,5.1836072270179116e-08,-1.8724755920368466e-08,0.5893889954049575,0.0005113844757121792,0.0005132730873648425,0.0005370451412157943,0.08215195871322163
1.005e-09,7.261439451241456e-09,-1.8205186109831437e-08,0.082722168501102,0.001052986897281348,0.0010534226379338243,0.0010446217519772408,5.2401558367851883e-08,-1.7848890161444018e-08,0.5915890737686695,0.0005127723151691319,0.000514662275234256,0.0005386106071823539,0.08272359161216661
1.00875e-09,7.3133617964013344e-09,-1.822019702656167e-08,0.08329536768541945,0.0010534207924451802,0.0010538597707449439,0.0010449561957734258,5.2972501411611105e-08,-1.6963442770806288e-08,0.5937891526815539,0.0005141566148831457,0.0005160479636725101,0.0005401732638149979,0.0832968015640513
1.0125e-09,7.365796854524678e-09,-1.8234324800555072e-08,0.08387013919731295,0.0010538555610345292,0.0010542977802176898,0.0010452907411614635,5.354894604425423e-08,-1.606837198464158e-08,0.5959892321459164,0.0005155373816902093,0.0005174301587235619,0.0005417331168221372,0.08387158401217813
1.01625e-09,7.41874884205616e-09,-1.824756181104563e-08,0.08444647848391458,0.001054291197489864,0.001054736660742567,0.0010456253814897576,5.413093831308835e-08,-1.516363640920574e-08,0.5981893121640333,0.0005169146224766416,0.0005188088664938008,0.000543290171947737,0.08444793440496366
1.02e-09,7.472222004736357e-09,-1.8259900428503076e-08,0.08502438099757002,0.001054727696266822,0.0010551764067255748,0.0010459601101518582,5.471852555660846e-08,-1.424919665467913e-08,0.6003893927381561,0.0005182883441794193,0.0005201840931535057,0.0005448444349653031,0.08502584819603319
1.02375e-09,7.526220617091416e-09,-1.8271333014169997e-08,0.08560384219593371,0.0010551650518363315,0.0010556170125883058,0.0010462949205864863,5.53117548518965e-08,-1.3325012176675653e-08,0.6025894738705061,0.0005196585537845875,0.0005215558449329418,0.0005463959116802784,0.08560532084431441
1.0275e-09,7.580748983772208e-09,-1.82818519202668e-08,0.0861848575420611,0.0010556032586847071,0.0010560584727680603,0.0010466298062775513,5.591067707937858e-08,-1.2391042186712308e-08,0.6047895555632697,0.0005210252583254915,0.000522924128122442,0.000547944607925738,0.08618634781412983
1.03125e-09,7.635811444071772e-09,-1.8291449489036698e-08,0.08676742250450123,0.0010560423113137635,0.0010565007817179418,0.001046964760754159,5.651534618425284e-08,-1.1447246126704776e-08,0.6069896378186127,0.0005223884648852434,0.0005242889490708871,0.0005494905295636489,0.08676892457528929
1.035e-09,7.691412372096622e-09,-1.830011805526181e-08,0.08735153255738735,0.0010564822042409166,0.0010569439339069577,0.0010472997775906221,5.712581635335671e-08,-1.0493586878349418e-08,0.60918972063866,0.0005237481805898857,0.0005256503141841387,0.0005510336824822031,0.08735304660317944
1.03875e-09,7.747556177888435e-09,-1.830784995009726e-08,0.08793718318052632,0.0010569229319992814,0.0010573879238201217,0.001047634850406455,5.774214206032884e-08,-9.530030986923783e-09,0.6113898040255135,0.0005251044126106779,0.0005270082299229577,0.0005525740725989539,0.08793870937885487
1.0425e-09,7.80424730654631e-09,-1.831463750350089e-08,0.08852436985948768,0.001057364489137778,0.0010578327459585435,0.001047969972866382,5.8364379078275245e-08,-8.556546426453278e-09,0.6135898879812464,0.000526457168164315,0.0005283627028032171,0.0005541117058602889,0.08852590838912679
1.04625e-09,7.861490241102447e-09,-1.8320473045588097e-08,0.08911308808569117,0.0010578068702212198,0.001058278394839527,0.0010483051386803192,5.899258633269438e-08,-7.57310264923888e-09,0.6157899725079027,0.0005278064545128854,0.0005297137393957787,0.0005556465882381376,0.08911463912664974
1.0499999999999999e-09,7.919289504714689e-09,-1.832534890794853e-08,0.08970333335649287,0.0010582500698304166,0.00105872486499666,0.0010486403416033734,5.962682457775917e-08,-6.579669563486035e-09,0.6179900576074951,0.0005291522789612392,0.0005310613463248263,0.0005571787257314975,0.08970489709000802
1.05375e-09,7.97764966176174e-09,-1.8329257423655e-08,0.09029510117527113,0.0010586940825622647,0.0010591721509799082,0.001048975575435817,6.026715569390869e-08,-5.576218031410648e-09,0.6201901432820098,0.0005304946488571396,0.0005324055302689539,0.0005587081243667955,0.09029667778380118
1.0575e-09,8.036575318883527e-09,-1.8332190929321334e-08,0.09088838705151062,0.0010591389030298387,0.0010596202473556972,0.001049310834023075,6.091364355675797e-08,-4.562720633442157e-09,0.6223902295333981,0.0005318335715867339,0.0005337462979574384,0.0005602347901980173,0.09088997671872756
1.06125e-09,8.096071127076132e-09,-1.833414176620564e-08,0.09148318650088574,0.0010595845258624776,0.0010600691487070053,0.0010496461112556987,6.156635364283328e-08,-3.539151570517223e-09,0.6245903163635845,0.0005331690545758068,0.0005350836561693782,0.0005617587293040931,0.0914847894116681
1.065e-09,8.156141782111914e-09,-1.833510228274125e-08,0.09207949504534266,0.0010600309457058745,0.0010605188496334418,0.0010499814010693363,6.222535244156923e-08,-2.5054874265984837e-09,0.6267904037744606,0.0005345011052910832,0.0005364176117335433,0.0005632799477885119,0.09208111138576827
1.06875e-09,8.216792025465106e-09,-1.833506483573483e-08,0.0926773082131812,0.0010604781572221555,0.0010609693447513355,0.0010503166974447004,6.289070844928478e-08,-1.4617058643551999e-09,0.6289904917678882,0.000535829731237953,0.0005377481715258187,0.0005647984517792164,0.09267893817051932
1.0725e-09,8.278026647692112e-09,-1.833402179238657e-08,0.09327662153913353,0.0010609261550899734,0.0010614206286938032,0.0010506519944075302,6.356249345998435e-08,-4.0778648278284354e-10,0.6311905803457016,0.0005371549399608471,0.0005390753424707439,0.0005663142474285433,0.09327826530183796
1.07625e-09,8.339850489555522e-09,-1.8331965531755545e-08,0.09387743056444511,0.0010613749340045778,0.0010618726961108369,0.001050987286028552,6.424078089916274e-08,6.562880195006988e-10,0.6333906695096981,0.0005384767390428989,0.0005403991315406581,0.0005678273409116369,0.09387908832214512
1.08e-09,8.402268443941579e-09,-1.8328888448921608e-08,0.094479730836951,0.0010618244886779046,0.0010623255416693793,0.0010513225664234328,6.49256459770364e-08,1.7305323385238382e-09,0.6355907592616508,0.0005397951361040644,0.0005417195457514212,0.0005693377384276655,0.09448140278044459
1.08375e-09,8.46528545695137e-09,-1.8324782955735865e-08,0.09508351791115441,0.0010622748138386466,0.0010627791600533911,0.0010516578297527336,6.561716540234786e-08,2.8149605689038056e-09,0.6377908496032987,0.0005411101388001084,0.0005430365921635555,0.0005708454461973301,0.0950852042324001
1.0875e-09,8.528906528985667e-09,-1.8319641481751566e-08,0.09568878734830141,0.0010627259042323297,0.001063233545963928,0.001051993070221852,6.631541676430485e-08,3.9095852367298434e-09,0.6399909405363541,0.0005424217548231174,0.0005443502778819888,0.0005723504704645355,0.09569048824041085
1.09125e-09,8.593136714909883e-09,-1.8313456475733513e-08,0.09629553471645667,0.001063177754621391,0.0010636886941192123,0.0010523282820809707,6.702047813105975e-08,5.014418225632374e-09,0.642191032062496,0.0005437299918983641,0.0005456606100548276,0.0005738528174941601,0.09629725037368587
1.095e-09,8.657981124347991e-09,-1.8306220405899045e-08,0.09690375559057712,0.0010636303597852412,0.001064144599254699,0.0010526634596249964,6.773242935634619e-08,6.129470764761695e-09,0.644391124183378,0.000545034857782269,0.0005469675958695751,0.000575352493574705,0.09690548620831935
1.09875e-09,8.723444924264922e-09,-1.8297925760159437e-08,0.09751344555258491,0.0010640837145203396,0.0010646012561231423,0.0010529985971934937,6.84513527120455e-08,7.254752829010728e-09,0.6465912169006202,0.0005463363602657569,0.0005482712425548225,0.0005768495050147291,0.09751519132736196
1.1025e-09,8.789533339552918e-09,-1.8288565049635095e-08,0.09812460019143958,0.0010645378136402625,0.0010650586594946566,0.0010533336891706204,6.917733101119893e-08,8.390271646256666e-09,0.6487913102158132,0.0005476345071749478,0.0005495715573799077,0.0005783438581441152,0.09812636132089367
1.10625e-09,8.856251654672447e-09,-1.8278130808367132e-08,0.09873721510320838,0.0010649926519757662,0.0010655168041567838,0.001053668729985052,6.991045042009469e-08,9.536034658629663e-09,0.6509914041305187,0.0005489293063658655,0.0005508685476524837,0.0005798355593125111,0.09873899178609352
1.11e-09,8.923605215180042e-09,-1.8266615594806038e-08,0.09935128589113663,0.0010654482243748558,0.001065975684914552,0.0010540037141099138,7.065079649296742e-08,1.0692047030193137e-08,0.6531914986462619,0.0005502207657228875,0.0005521622207199293,0.0005813246148873554,0.09935307832730939
1.11375e-09,8.991599426769669e-09,-1.8254011994456106e-08,0.09996680816571689,0.001065904525702841,0.001066435296590535,0.0010543386360626988,7.139845587519017e-08,1.1858310344544851e-08,0.6553915937645413,0.0005515088931646816,0.0005534525839667772,0.0005828110312549741,0.09996861655612709
1.1175e-09,9.060239756705906e-09,-1.8240312622567314e-08,0.10058377754475595,0.0010663615508424039,0.0010668956340249122,0.0010546734904051842,7.215351647254408e-08,1.3034825081351305e-08,0.657591689486822,0.0005527936966389617,0.0005547396448118211,0.0005842948148215079,0.1005856020914394
1.12125e-09,9.129531734473196e-09,-1.8225510124425848e-08,0.10120218965344305,0.0010668192946936533,0.0010673566920755184,0.0010550082717433508,7.291606851825684e-08,1.4221590248478149e-08,0.6597917858145432,0.0005540751841187515,0.0005560234107097051,0.0005857759720134655,0.10120403055951178
1.125e-09,9.19948095394658e-09,-1.8209597178084518e-08,0.10182204012441462,0.00106727775217418,0.0010678184656178994,0.0010553429747272953,7.368620258524061e-08,1.5418602423052114e-08,0.6619918827491076,0.0005553533636042992,0.0005573038891496306,0.0005872545092757298,0.101823897594048
1.12875e-09,9.270093072549533e-09,-1.819256649512212e-08,0.10244332459782018,0.0010677369182191109,0.0010682809495453647,0.001055677594051135,7.446401083583076e-08,1.6625857261841882e-08,0.6641919802918913,0.0005566282431252704,0.0005585810876559716,0.000588730433066362,0.1024451988362555
1.1325e-09,9.34137381405595e-09,-1.8174410822052906e-08,0.10306603872138573,0.0010681967877811662,0.0010687441387690392,0.0010560121244529148,7.524958829635722e-08,1.7843348757348227e-08,0.6663920784442349,0.0005578998307379597,0.0005598550137863274,0.0005902037498623114,0.10306792993490894
1.13625e-09,9.41332896938297e-09,-1.8155122941514958e-08,0.10369017815047755,0.0010686573558307071,0.0010692080282179077,0.0010563465607145099,7.60430295865967e-08,1.9071069590746544e-08,0.6685921772074545,0.0005591681345233376,0.000561125675130461,0.0005916744661586578,0.10369208654641435
1.14e-09,9.485964395700108e-09,-1.813469567374446e-08,0.10431573854816337,0.0010691186173557886,0.0010696726128388674,0.0010566808976615243,7.684443009922781e-08,2.030901020921302e-08,0.670792276582831,0.0005604331625867788,0.0005623930793073673,0.0005931425884669894,0.10431766433487036
1.14375e-09,9.559286017649405e-09,-1.8113121878909696e-08,0.10494271558527436,0.0010695805673622,0.0010701378875967677,0.00105701513016319,7.765388728944463e-08,2.1557159440000853e-08,0.6729923765716177,0.0005616949230558428,0.0005636572339663355,0.000594608123312802,0.10494465897212871
1.1475e-09,9.633299829332358e-09,-1.8090394457731918e-08,0.10557110494046515,0.0010700432008735195,0.0010706038474744546,0.001057349253132257,7.847149940322487e-08,2.2815505080149687e-08,0.6751924771750342,0.0005629534240838899,0.0005649181467886186,0.0005960710772361867,0.10557306613785482
1.15125e-09,9.708011892959957e-09,-1.8066506352811385e-08,0.10620090230027238,0.001070506512931151,0.0010710704874728166,0.0010576832615248834,7.929736442756259e-08,2.4084031822803463e-08,0.6773925783942693,0.0005642086738471676,0.000566175825484629,0.0005975314567942588,0.10620288151958787
1.155e-09,9.783428338733472e-09,-1.8041450552469074e-08,0.10683210335917416,0.0010709704985943768,0.0010715378026108192,0.0010580171503405261,8.01315803206246e-08,2.53627222906766e-08,0.6795926802304887,0.0005654606805443402,0.0005674302777912816,0.0005989892685598051,0.10683410081279861
1.15875e-09,9.859555365439061e-09,-1.801522009007499e-08,0.10746470381964704,0.0010714351529403868,0.0010720057879255495,0.0010583509146218223,8.097424667721233e-08,2.6651558933547123e-08,0.6817927826848218,0.0005667094523965666,0.00056868151147401,0.0006004445191197379,0.10746671972094612
1.1625e-09,9.936399241104866e-09,-1.798780804581083e-08,0.10809869939222216,0.001071900471064332,0.0010724744384722487,0.0010586845494544787,8.182546302329583e-08,2.795052118836167e-08,0.6839928857583678,0.0005679549976483577,0.0005699295343253516,0.0006018972150714263,0.10810073395553435
1.16625e-09,1.0013966301301433e-08,-1.7959207549759977e-08,0.10873408579554104,0.0010723664480793574,0.0010729437493243535,0.0010590180499671393,8.268532864941365e-08,2.925958614963813e-08,0.6861929894521979,0.0005691973245648035,0.0005711743541640585,0.0006033473630256826,0.10873613923616868
1.1699999999999999e-09,1.0092262951290639e-08,-1.7929411782427134e-08,0.10937085875641075,0.0010728330791166334,0.0010734137155735204,0.0010593514113312742,8.355394592659692e-08,3.0578730342548063e-08,0.6883930937673495,0.0005704364414306332,0.000572415978832789,0.00060479496960575,0.10937293129060885
1.17375e-09,1.0171295667775236e-08,-1.7898413975797978e-08,0.11000901400985695,0.001073300359325399,0.00107388433232967,0.001059684628761045,8.443142016335913e-08,3.190792903471176e-08,0.6905931987048317,0.0005716723565489581,0.0005736544161972145,0.0006062400414461922,0.11001110585482307
1.1775e-09,1.0251071002028005e-08,-1.786620741371312e-08,0.1106485472991769,0.0010737682838729895,0.0010743555947210054,0.0010600176975131784,8.531785850317334e-08,3.3247156562170596e-08,0.6927933042656207,0.0005729050782414636,0.0005748896741460634,0.0006076825851952549,0.11065065867304134
1.18125e-09,1.0331595578241947e-08,-1.7832785433270785e-08,0.111289454375992,0.00107423684794487,0.0010748274978940478,0.0010603506128868405,8.621336645533025e-08,3.459638540742112e-08,0.6949934104506654,0.0005741346148481716,0.0005761217605927654,0.0006091226075140872,0.1112915854978081
1.185e-09,1.0412876092953662e-08,-1.779814142612194e-08,0.1119317310002982,0.001074706046744667,0.0010753000370136653,0.0010606833702234983,8.71180492484351e-08,3.595558689779837e-08,0.6971935172608856,0.0005753609747269575,0.0005773506834754125,0.0006105601150774353,0.11193388209003294
1.18875e-09,1.049491931423317e-08,-1.7762268839383383e-08,0.11257537294051669,0.001075175875494193,0.0010757732072630979,0.001061015964906788,8.803201303696645e-08,3.73247313235673e-08,0.6993936246971735,0.0005765841662520698,0.0005785764507515416,0.0006119951145676122,0.11257754421903991
1.1925e-09,1.0577732083255568e-08,-1.7725161176047708e-08,0.11322037597354283,0.0010756463294334807,0.0010762470038439824,0.0010613483923623782,8.895536495646525e-08,3.870378771686306e-08,0.7015937327603837,0.0005778041978148549,0.0005797990704003381,0.0006134276126763104,0.11322256766261647
1.19625e-09,1.0661321312887557e-08,-1.7686811996649003e-08,0.11386673588479508,0.0010761174038208016,0.001076721421976377,0.0010616806480578216,8.988821047521665e-08,4.009272358359322e-08,0.7037938414513476,0.0005790210778216001,0.00058101855042055,0.0006148576161059122,0.11386894820706311
1.2e-09,1.0745693986868777e-08,-1.7647214919859154e-08,0.11451444846826202,0.0010765890939326964,0.0010771964568987837,0.0010620127275024207,9.083065523364405e-08,4.149150562495313e-08,0.7059939507708612,0.0005802348146939129,0.0005822348988302332,0.0006162851315674899,0.11451668164723983
1.20375e-09,1.0830857159446313e-08,-1.7606363623314975e-08,0.11516350952654973,0.0010770613950639944,0.0010776721038681671,0.00106234462624708,9.178280565680386e-08,4.290009814385921e-08,0.7081940607196945,0.0005814454168676287,0.0005834481236656304,0.0006177101657811101,0.11516576378661389
1.2075e-09,1.0916817956685269e-08,-1.756425184615719e-08,0.11581391487092732,0.0010775343025278355,0.0010781483581599766,0.0010626763398841601,9.274476906208784e-08,4.431846368790817e-08,0.7103941712985885,0.0005826528927910966,0.0005846582329811598,0.0006191327254769826,0.11581619043730566
1.21125e-09,1.1003583575266615e-08,-1.752087339058855e-08,0.11646566032137204,0.0010780078116556884,0.0010786252150681614,0.00106300786404733,9.371665312233634e-08,4.574656180605356e-08,0.7125942825082573,0.0005838572509271683,0.0005858652348485579,0.0006205528173955498,0.11646795742013387
1.215e-09,1.109116128490123e-08,-1.7476222123604317e-08,0.11711874170661352,0.0010784819177973694,0.0010791026699051884,0.001063339194411415,9.469856760886196e-08,4.718435084966905e-08,0.7147943943493842,0.0005850584997527386,0.0005870691373576089,0.0006219704482828532,0.11712106056465872
1.21875e-09,1.1179558427666045e-08,-1.7430291978300516e-08,0.11777315486417714,0.0010789566163210646,0.0010795807180020577,0.001063670326692243,9.569062117209646e-08,4.863178716444494e-08,0.716994506822622,0.0005862566477552145,0.0005882699486134674,0.0006233856248937302,0.11777549570922503
1.2225e-09,1.126878241728956e-08,-1.7383076955104665e-08,0.11842889564042669,0.0010794319026133363,0.0010800593547083163,0.0010640012566464955,9.669292287609662e-08,5.0088826340504145e-08,0.7191946199285956,0.0005874517034340868,0.0005894676767358081,0.000624798353990915,0.11843125870100603
1.22625e-09,1.1358840738106407e-08,-1.73345711215907e-08,0.11908595989060612,0.0010799077720791493,0.001080538575392069,0.0010643319800715458,9.77055801678851e-08,5.1555424159653366e-08,0.7213947336679056,0.0005886436753025736,0.0005906623298603089,0.0006262086423472086,0.1190883453960454
1.23e-09,1.1449740943988597e-08,-1.728476861205631e-08,0.11974434347888001,0.0010803842201418756,0.0010810183754399938,0.0010646624928053045,9.872870065716922e-08,5.303153542841667e-08,0.723594848041119,0.0005898325718839868,0.0005918539161364352,0.0006276164967413181,0.11974675165929663
1.23375e-09,1.1541490658471305e-08,-1.7233663629294078e-08,0.12040404227837456,0.0010808612422433144,0.0010814987502573504,0.001064992790726061,9.976239188484697e-08,5.451711297656048e-08,0.7257949630487778,0.0005910184017101322,0.0005930424437281891,0.0006290219239580677,0.12040647336466348
1.2375e-09,1.163409757317951e-08,-1.7181250445836196e-08,0.12106505217121609,0.0010813388338436927,0.001081979695267985,0.001065322869752318,1.0080675945971629e-07,5.6012107861380153e-08,0.7279950786913947,0.0005922011733225253,0.0005942279208122384,0.0006304249307860681,0.12106750639504027
1.24125e-09,1.1727569446684713e-08,-1.7127523404867147e-08,0.12172736904857023,0.001081816990421682,0.0010824612059143464,0.0010656527258426295,1.0186191080312438e-07,5.7516471151597945e-08,0.7301951949694533,0.0005933808952724611,0.0005954103555759014,0.0006318255240205843,0.12172984664234948
1.245e-09,1.182191410710871e-08,-1.7072476919915383e-08,0.12239098881067913,0.0010822957074744042,0.0010829432776574828,0.0010659823549954378,1.0292795443731662e-07,5.9030152369149335e-08,0.732395311883412,0.0005945575761201116,0.000596589756220068,0.0006332237104646543,0.12239349000757947
1.24875e-09,1.1917139450352663e-08,-1.7016105476165377e-08,0.12305590736689849,0.0010827749805174375,0.0010834259059770545,0.0010663117532489013,1.0400499844125366e-07,6.055310054664925e-08,0.7345954294336955,0.0005957312244330422,0.0005977661309555266,0.0006346194969249506,0.12305843240082123
1.2525e-09,1.2013253441270874e-08,-1.6958403630344123e-08,0.12372212063573426,0.0010832548050848248,0.0010839090863713331,0.0010666409166807372,1.050931510057298e-07,6.208526429014512e-08,0.7367955476207069,0.0005969018487863907,0.0005989394880025684,0.0006360128902117742,0.1237246697413052
1.25625e-09,1.2110264111398622e-08,-1.6899366010913413e-08,0.12438962454487706,0.0010837351767290712,0.0010843928143572051,0.0010669698414080399,1.0619251949882459e-07,6.362659064422934e-08,0.7389956664448161,0.0005980694577618535,0.0006001098355934992,0.0006374038971414894,0.12439219795743633
1.26e-09,1.2208179559848107e-08,-1.683898732054571e-08,0.12505841503123824,0.0010842160910211572,0.0010848770854701762,0.0010672985235871157,1.0730321249429425e-07,6.51770240814021e-08,0.7411957859063699,0.0005992340599477591,0.0006012771819719989,0.0006387925245346613,0.12506101298682887
1.26375e-09,1.2307007952769107e-08,-1.677726233596195e-08,0.12572848804098233,0.001084697543550534,0.0010853618952643687,0.0010676269594133137,1.0842533828947145e-07,6.673651029909836e-08,0.7433959060056886,0.0006003956639403211,0.0006024415353892888,0.0006401787792174627,0.12573111077634105
1.2675e-09,1.2406757523278458e-08,-1.6714185907823108e-08,0.12639983952956102,0.0010851795299251243,0.0010858472393125243,0.0010679551451208459,1.0955900463319188e-07,6.830499406222956e-08,0.7455960267430654,0.0006015542783409481,0.0006036029041043069,0.0006415626680182724,0.12640248728210712
1.27125e-09,1.2507436569801566e-08,-1.6649752960218182e-08,0.12707246546174533,0.001085662045771327,0.0010863331132060002,0.0010682830769826166,1.107043185183956e-07,6.98824190391537e-08,0.7477961481187644,0.0006027099117547894,0.0006047612963834274,0.0006429441977666252,0.12707513846956936
1.275e-09,1.2609053455671337e-08,-1.658395849374357e-08,0.12774636181165727,0.0010861450867340125,0.0010868195125547657,0.0010686107513100404,1.1186138716081122e-07,7.14687262294747e-08,0.7499962701330246,0.0006038625727920078,0.0006059167205008208,0.0006443233752956883,0.1277490603135103
1.27875e-09,1.2711616608999853e-08,-1.6516797585417524e-08,0.1284215245628009,0.0010866286484765154,0.0010873064329874,0.0010689381644528703,1.1303031703860256e-07,7.306385628545027e-08,0.7521963927860548,0.0006050122700668624,0.0006070691847372591,0.0006457002074439752,0.12842424879808367
1.2825e-09,1.2815134520670262e-08,-1.644826538933152e-08,0.12909794970809224,0.0010871127266806394,0.0010877938701510834,0.0010692653127990172,1.1421121301381306e-07,7.466774968424963e-08,0.7543965160780436,0.0006061590121996922,0.0006082186973794832,0.0006470747010515533,0.12910069991684509
1.28625e-09,1.2919615743602408e-08,-1.6378357136011165e-08,0.129775633249889,0.001087597317046649,0.0010882818197115991,0.0010695921927743688,1.1540418025311373e-07,7.628034616830532e-08,0.7565966400091488,0.0006073028078131086,0.0006093652667221551,0.0006484468629584392,0.12977840967278084
1.2899999999999999e-09,1.3025068892497448e-08,-1.630706813354742e-08,0.13045457120001902,0.001088082415293263,0.0010887702773533159,0.0010699188008426103,1.1660932321878058e-07,7.790158480162854e-08,0.7587967645795068,0.000608443665531458,0.0006105089010633836,0.0006498167000074098,0.1304573740783373
1.29375e-09,1.3131502642558831e-08,-1.623439376673643e-08,0.13113475957980877,0.0010885680171576458,0.0010892592387791902,0.0010702451335050354,1.1782674601753447e-07,7.953140492587841e-08,0.7609968897892223,0.0006095815939800497,0.0006116496087064441,0.0006511842190411454,0.13113758915544824
1.2975e-09,1.3238925728980268e-08,-1.616032949742977e-08,0.13181619442011044,0.001089054118395403,0.0010897486997107485,0.001070571187300375,1.1905655201721043e-07,8.116974490671881e-08,0.7631970156383828,0.0006107166017867706,0.0006127873979590115,0.0006525494269052879,0.13181905093556223
1.30125e-09,1.3347346946099543e-08,-1.608487086479788e-08,0.1324988717613287,0.001089540714780568,0.001090238655888085,0.0010708969588046015,1.2029884361227954e-07,8.281654229908686e-08,0.7653971421270414,0.0006118486975806013,0.0006139222771321209,0.0006539123304457748,0.13250175545966986
1.305e-09,1.3456775145547541e-08,-1.6008013486120772e-08,0.13318278765344602,0.0010900278021055935,0.0010907291030698423,0.0010712224446307514,1.2155372211519e-07,8.447173430548048e-08,0.767597269255231,0.0006129778899908188,0.000615054254540168,0.000655272936509593,0.1331856987783296
1.30875e-09,1.356721923595665e-08,-1.5929753056166293e-08,0.13386793815604942,0.001090515376181341,0.0010912200370332059,0.0010715476414287332,1.2282128956660464e-07,8.613525765299994e-08,0.769797397022961,0.000614104187646971,0.000616183338500965,0.0006566312519433298,0.13387087695169286
1.3125e-09,1.3678688183002692e-08,-1.5850085347919435e-08,0.13455431933835327,0.0010910034328370695,0.0010917114535738865,0.0010718725458851457,1.2410164774893165e-07,8.780704820213232e-08,0.7719975254302127,0.0006152275991799781,0.0006173095373358488,0.0006579872835927996,0.13455728604952905
1.31625e-09,1.3791191008658899e-08,-1.5769006212168554e-08,0.13524192727922502,0.0010914919679204183,0.0010922033485061128,0.0010721971547230816,1.2539489713952106e-07,8.948704161763594e-08,0.7741976544769453,0.0006163481332208399,0.0006184328593671076,0.0006593410383035501,0.135244922151249
1.32e-09,1.390473678956728e-08,-1.5686511578694603e-08,0.13593075806720628,0.0010919809772973982,0.0010926957176626056,0.001072521464701948,1.2670113777850447e-07,9.117517249827603e-08,0.7763977841630962,0.0006174657983984155,0.000619553312918008,0.0006606925229211417,0.13593378134592798
1.32375e-09,1.4019334656207894e-08,-1.5602597455607063e-08,0.13662080780053798,0.0010924704568523733,0.0010931885568945731,0.001072845472617272,1.2802046912882038e-07,9.287137538265499e-08,0.7785979144885706,0.0006185806033389123,0.0006206709063129419,0.0006620417442906818,0.13662385973232916
1.3275e-09,1.4134993793180487e-08,-1.5517259929592963e-08,0.13731207258718076,0.0010929604024880436,0.001093681862071689,0.0010731691753005136,1.293529900179449e-07,9.457558489997702e-08,0.7807980454532599,0.0006196925566667222,0.0006217856478771921,0.0006633887092565067,0.1373151534189258
1.33125e-09,1.4251723435918216e-08,-1.5430495164711137e-08,0.13800454854483574,0.0010934508101254309,0.001094175629082072,0.0010734925696188656,1.3069879630308888e-07,9.62877360943002e-08,0.7829981770570269,0.000620801667005006,0.0006228975459361273,0.0006647334246618046,0.13800765852392133
1.335e-09,1.4369532869714199e-08,-1.5342299402553578e-08,0.1386982318009667,0.0010939416757038574,0.0010946698538322754,0.0010738156524750762,1.3205798442955886e-07,9.800776401459221e-08,0.7851983092997087,0.000621907942974104,0.0006240066088143166,0.0006660758973483023,0.13870137117527048
1.33875e-09,1.4488431430007385e-08,-1.525266896091941e-08,0.13939311849281957,0.0010944329951809307,0.001095164532247261,0.0010741384208072433,1.3343065021656745e-07,9.97356042819191e-08,0.7873984421811212,0.0006230113931919,0.0006251128448360077,0.0006674161341572124,0.13939628751069927
1.3425e-09,1.4608428500565037e-08,-1.5161600234359106e-08,0.14008920476744097,0.0010949247645325223,0.0010956596602703802,0.0010744608715886302,1.3481688900990746e-07,1.0147119143132972e-07,0.7895985757010568,0.00062411202627332,0.0006262162623236842,0.0006687541419267694,0.14009240367772513
1.34625e-09,1.4729533514198683e-08,-1.5069089694327802e-08,0.140786486781698,0.001095416979752746,0.0010961552338633533,0.0010747830018274698,1.3621679514133047e-07,1.0321445953082746e-07,0.7917987098592878,0.0006252098508302045,0.0006273168695972172,0.0006700899274924519,0.1407897158336756
1.35e-09,1.4851755949048395e-08,-1.4975133889718504e-08,0.14148496070229657,0.001095909636853944,0.00109665124900625,0.001075104808566764,1.3763046027224996e-07,1.0496534110993451e-07,0.793998844655561,0.0006263048754697002,0.0006284146749757785,0.0006714234976852833,0.1414882201457059
1.35375e-09,1.497510532797928e-08,-1.4879729446937048e-08,0.14218462270579735,0.0010964027318666521,0.0010971477016974626,0.0010754262888841,1.3905797637112822e-07,1.0672376932737009e-07,0.7961989800895999,0.00062739710879238,0.0006295096867766324,0.0006727548593335765,0.142187912790816
1.3575e-09,1.509959121858762e-08,-1.4782873069578962e-08,0.14288546897863452,0.0010968962608395862,0.0010976445879536867,0.0010757474398914435,1.404994348726875e-07,1.0848967717617378e-07,0.7983991161611067,0.0006284865593943171,0.0006306019133143107,0.000674084019262902,0.14288878995586912
1.36125e-09,1.5225223231890722e-08,-1.4684561537834844e-08,0.1435874957171316,0.0010973902198396143,0.0010981419038098945,0.001076068258734951,1.419549260369084e-07,1.1026299784570305e-07,0.8005992528697634,0.0006295732358655642,0.0006316913628999137,0.000675410984294668,0.1435908478376069
1.365e-09,1.5352011020629253e-08,-1.4584791708101151e-08,0.14429069912751635,0.0010978846049517295,0.00109863964531931,0.00107638874259477,1.4342453791873793e-07,1.120436642909062e-07,0.8027993902152226,0.000630657146790378,0.0006327780438402276,0.0006767357612465487,0.14429408264266486
1.36875e-09,1.5479964277461794e-08,-1.4483560512994603e-08,0.14499507542593684,0.001098379412279031,0.0010991378085533836,0.0010767088886848384,1.4490835875267667e-07,1.1383160943258806e-07,0.8049995281971222,0.0006317383007476605,0.0006338619644377369,0.0006780583569335531,0.14499849058758896
1.3725e-09,1.5609092736053057e-08,-1.4380864960885886e-08,0.14570062083847593,0.0010988746379426925,0.001099636389601764,0.0010770286942527012,1.4640647719918862e-07,1.1562676668658045e-07,0.8071996668150773,0.0006328167063104274,0.0006349431329906263,0.0006793787781677387,0.1457040678988496
1.37625e-09,1.5739406169609583e-08,-1.4276702135111913e-08,0.1464073316011643,0.001099370278081936,0.0011001353845722728,0.0010773481565792976,1.479189801963702e-07,1.1742906919701353e-07,0.8093998060686813,0.0006338923720445552,0.0006360215577921245,0.0006806970317549973,0.14641081081285617
1.38e-09,1.5870914389683095e-08,-1.4171069194464564e-08,0.1471152039599957,0.0010998663288540082,0.0011006347895908734,0.0010776672729787694,1.4944595316820686e-07,1.1923844897795648e-07,0.8115999459575076,0.0006349653065100473,0.0006370972471299634,0.0006820131244968034,0.14711871557596984
1.38375e-09,1.6003627244431328e-08,-1.4063963372995866e-08,0.1478242341709383,0.0011003627864341469,0.001101134600801645,0.0010779860407982695,1.5098748106936673e-07,1.2105483958893965e-07,0.8138000864811105,0.0006360355182593704,0.0006381702092861991,0.000683327063190592,0.1478277784445166
1.3875e-09,1.6137554618047336e-08,-1.395538197855178e-08,0.1485344184999472,0.001100859647015555,0.001101634814366749,0.001078304457417753,1.5254364728249185e-07,1.2287817461055272e-07,0.8160002276390179,0.0006371030158356926,0.0006392404525365722,0.000684638854629231,0.14853799568479864
1.39125e-09,1.627270642907327e-08,-1.3845322392443129e-08,0.1492457532229764,0.0011013569068093708,0.0011021354264664058,0.001078622520249784,1.541145343829304e-07,1.247083877247831e-07,0.8182003694307382,0.0006381678077731826,0.000640307985150621,0.0006859485056002493,0.1492493635731066
1.395e-09,1.6409092629797704e-08,-1.3733782069324895e-08,0.14995823462599064,0.0011018545620446313,0.0011026364332988546,0.00107894022673934,1.557002244085852e-07,1.2654541257394737e-07,0.8204005118557595,0.0006392299025980418,0.0006413728153912456,0.0006872560228844875,0.14996187839573213
1.39875e-09,1.6546723205470655e-08,-1.3620758536669364e-08,0.15067185900497507,0.0011023526089682478,0.0011031378310803312,0.0010792575743636054,1.573007986418661e-07,1.2838918297887008e-07,0.8226006549135527,0.000640289308825703,0.000642434951514318,0.0006885614132558434,0.15067553644897758
1.4025e-09,1.6685608173540827e-08,-1.350624939398093e-08,0.15138662266594582,0.0011028510438449688,0.001103639616045028,0.001079574560631776,1.5891633691878293e-07,1.3023963396653122e-07,0.8248007986035659,0.000641346034961719,0.0006434944017687179,0.0006898646834809527,0.15139033403916638
1.40625e-09,1.6825757581088676e-08,-1.3390252311653442e-08,0.1521025219249589,0.0011033498629573475,0.001104141784445067,0.001079891183084862,1.6054691745963902e-07,1.320966999690785e-07,0.8270009429252284,0.0006424000895029327,0.0006445511743966983,0.0006911658403206113,0.15210626748265252
1.4099999999999999e-09,1.6967181504769873e-08,-1.3272765031779125e-08,0.15281955310812143,0.0011038490626057104,0.0011046443325504634,0.0010802074392954844,1.6219261839698027e-07,1.339603156501423e-07,0.8292010878779513,0.0006434514809369979,0.0006456052776326742,0.0006924648905306995,0.15282333310582966
1.41375e-09,1.710989004973089e-08,-1.3153785366867017e-08,0.15353771255159707,0.0011043486391081206,0.001105147256649094,0.0010805233268676767,1.6385351657459e-07,1.3583041607016508e-07,0.8314012334611247,0.000644500217741696,0.0006466567197011223,0.0006937618408614293,0.15354152724514003
1.4175e-09,1.725389334832807e-08,-1.3033311199175084e-08,0.1542569966016159,0.0011048485888003475,0.0011056505530466587,0.00108083884343669,1.6552968779536082e-07,1.3770693685610524e-07,0.833601379674122,0.0006455463083843103,0.0006477055088184242,0.0006950566980587735,0.15426084624708264
1.42125e-09,1.7399201559107176e-08,-1.291134047993688e-08,0.1549774016144828,0.0011053489080358305,0.0011061542180666453,0.0010811539866687888,1.6722120630158446e-07,1.395898150854973e-07,0.8358015265162982,0.0006465897613219512,0.000648751653191016,0.0006963494688603336,0.1549812864682207
1.425e-09,1.75458248649075e-08,-1.2787871227583622e-08,0.15569892395658175,0.00110584959318564,0.0011066582480502955,0.001081468754261055,1.6892814450113615e-07,1.4147898834235235e-07,0.8380016739869894,0.0006476305850008517,0.0006497951610167365,0.0006976401599944713,0.15570284427518793
1.42875e-09,1.7693773471179888e-08,-1.2662901527818308e-08,0.15642156000438598,0.0011063506406384465,0.001107162639356568,0.001081783143941183,1.706505734297417e-07,1.4337439349789226e-07,0.8402018220855081,0.0006486687878542804,0.000650836040483305,0.0006989287781821593,0.15642551604469546
1.4325e-09,1.784305760498045e-08,-1.2536429533573365e-08,0.15714530614445912,0.001106852046800476,0.0011076673883620985,0.0010820971534672879,1.7238856313260264e-07,1.4527596812202036e-07,0.8424019708111543,0.0006497043783035897,0.0006518742997691409,0.0007002153301358738,0.1571492981635378
1.43625e-09,1.7993687513936974e-08,-1.2408453463671066e-08,0.15787015877346666,0.001107353808095479,0.0011081724914611686,0.0010824107806276973,1.7414218278261394e-07,1.4718365133125863e-07,0.8446021201632052,0.0006507373647580272,0.0006529099470424571,0.0007014998225606086,0.15787418702859954
1.44e-09,1.8145673465223596e-08,-1.2278971601020196e-08,0.15859611429817586,0.0011078559209646887,0.0011086779450656587,0.001082724023240757,1.7591149970562623e-07,1.4909738284121935e-07,0.8468022701409221,0.0006517677556145758,0.0006539429904608603,0.0007027822621541124,0.15860017904685894
1.44375e-09,1.8299025743336694e-08,-1.214798229256396e-08,0.15932316913546304,0.0011083583818667796,0.0011091837456050167,0.0010830368791546329,1.7769657925577027e-07,1.510171027751168e-07,0.8490024207435508,0.0006527955592577953,0.0006549734381719886,0.0007040626556058855,0.1593272706353934
1.4475e-09,1.845375464896178e-08,-1.2015483948270322e-08,0.16005131971231756,0.0011088611872778328,0.0011096898895262173,0.0010833493462471097,1.7949748684228646e-07,1.5294275155052654e-07,0.8512025719703171,0.000653820784059124,0.0006560012983120613,0.0007053410095973486,0.16005545822138398
1.45125e-09,1.860987049905099e-08,-1.18814750409897e-08,0.16078056246584396,0.001109364333691294,0.0011101963732937199,0.0010836614224253934,1.8131428702121242e-07,1.5487426923733327e-07,0.853402723820427,0.0006548434383767652,0.0006570265790048897,0.0007066173307988379,0.16078473824211773
1.455e-09,1.8767383625512747e-08,-1.1745954106397367e-08,0.16151089384326736,0.0011098678176179374,0.0011107031933894256,0.0010839731056259082,1.8314704276078568e-07,1.5681159611273887e-07,0.8556028762930709,0.0006558635305549082,0.0006580492883635759,0.0007078916258707677,0.1615151071449919
1.45875e-09,1.8926304374171575e-08,-1.1608919742153624e-08,0.1622423103019344,0.0011103716355858138,0.001111210346312645,0.001084284393814102,1.8499581683295054e-07,1.587546737972349e-07,0.8578030293874229,0.00065688106892304,0.0006590694344885593,0.0007091639014663531,0.1622465613875167
1.4625e-09,1.908664310364072e-08,-1.14703706059895e-08,0.16297480830931602,0.0011108757841402194,0.0011117178285800478,0.0010845952849842444,1.8686066992107311e-07,1.6070344554137953e-07,0.8600031831026419,0.0006578960617962941,0.0006600870254676666,0.0007104341642292936,0.16297909743731812
1.46625e-09,1.9248410184042915e-08,-1.1330305414561566e-08,0.16370838434300955,0.001111380259843648,0.001112225636725625,0.0010849057771592358,1.887416620524526e-07,1.6265785475905455e-07,0.8622033374378693,0.0006589085174753963,0.0006611020693761562,0.0007117024207936928,0.16371271177213906
1.47e-09,1.9411615995970848e-08,-1.1188722943346475e-08,0.16444303489074039,0.0011118850592757514,0.0011127337673006452,0.0010852158683903991,1.9063885096464e-07,1.6461784516076295e-07,0.8644034923922277,0.0006599184442473812,0.0006621145742765213,0.0007129686777841477,0.16444740087984117
1.47375e-09,1.9576270927958994e-08,-1.1045622025876946e-08,0.165178756450362,0.0011123901790332943,0.0011132422168736167,0.0010855255567572904,1.9255229226039097e-07,1.6658336067699067e-07,0.8666036479648279,0.000660925850383336,0.0006631245482185309,0.0007142329418151966,0.1651831612584055
1.4775e-09,1.9742385375225338e-08,-1.0901001553142058e-08,0.1659155455298575,0.0011128956157301115,0.001113750982030234,0.0010858348403674932,1.944820401194627e-07,1.6855434675698122e-07,0.8688038041547624,0.000661930744139432,0.000664131999239176,0.0007154952194917295,0.1659199894159334
1.48125e-09,1.9909969738222107e-08,-1.0754860472089698e-08,0.16665339864733913,0.0011134013659970664,0.0011142600593733447,0.0010861437173564346,1.9642814813685482e-07,1.70530749177076e-07,0.8710039609611075,0.0006629331337562188,0.0006651369353626826,0.000716755517408179,0.16665788187064648
1.485e-09,2.0079034422621578e-08,-1.0607197785337301e-08,0.16739231233104784,0.001113907426482002,0.0011147694455229003,0.0010864521858871727,1.9839066921826415e-07,1.7251251373829934e-07,0.8732041183829249,0.00066393302745887,0.0006661393645986421,0.000718013842147889,0.16739683515088627
1.48875e-09,2.0249589838155437e-08,-1.045801255051709e-08,0.16813228311935352,0.001114413793849699,0.0011152791371159113,0.001086760244150209,2.0036965484653463e-07,1.744995872988714e-07,0.8754042764192599,0.0006649304334576912,0.0006671392949422702,0.0007192702002857083,0.1681368457951144
1.4925e-09,2.0421646397236438e-08,-1.030730387929564e-08,0.16887330756075242,0.0011149204647818334,0.0011157891308064055,0.0010870678903632921,2.0236515510981203e-07,1.764919179401326e-07,0.8776044350691435,0.0006659253599466518,0.0006681367343743951,0.00072052459838527,0.1688779103519104
1.49625e-09,2.059521451357499e-08,-1.0155070935045801e-08,0.16961538221386727,0.0011154274359769262,0.001116299423265374,0.0010873751227712196,2.0437721844332852e-07,1.7848945586959329e-07,0.8798045943315903,0.0006669178151033727,0.0006691316908625385,0.0007217770429983335,0.16962002537997062
1.5e-09,2.077030460132048e-08,-1.000131293235077e-08,0.17035850364744393,0.0011159347041502998,0.001116810011180737,0.0010876819396456426,2.064058927984305e-07,1.804921511892346e-07,0.8820047542056024,0.0006679078070888621,0.0006701241723595747,0.0007230275406648585,0.1703631874481064
1.50375e-09,2.094692707409395e-08,-9.846029135938088e-09,0.17110266844034966,0.0011164422660340332,0.0011173208912572923,0.001087988339284871,2.0845122539803575e-07,1.8249995489643444e-07,0.8842049146901628,0.0006688953440476358,0.0006711141868020286,0.000724276097913171,0.1711073931352418
1.5075e-09,2.112509234512703e-08,-9.68921886051914e-09,0.17184787318157055,0.0011169501183769122,0.0011178320602166648,0.0010882943200136795,2.1051326266924563e-07,1.8451281811172852e-07,0.886405075784245,0.0006698804341079585,0.0006721017421117246,0.0007255227212605262,0.17185263903041104
1.51125e-09,2.1304810825428727e-08,-9.530881470024273e-09,0.17259411447020823,0.0011174582579443857,0.0011183435147972642,0.0010885998801831098,2.1259204921803999e-07,1.8653069255511976e-07,0.8886052374868035,0.0006708630853796878,0.0006730868461955534,0.0007267674172132891,0.17259892173275562
1.515e-09,2.1486092922231342e-08,-9.371016376231882e-09,0.1733413889154763,0.0011179666815185141,0.0011188552517542383,0.0010889050181702832,2.146876278736473e-07,1.885535317542844e-07,0.8908053997967844,0.0006718433059542149,0.0006740695069446268,0.0007280101922652082,0.17334623785152056
1.51875e-09,2.1668949038141107e-08,-9.20962303769733e-09,0.17408969313669692,0.0011184753858979248,0.0011193672678594176,0.0010892097323782022,2.1680004061724998e-07,1.905812896897975e-07,0.8930055627131149,0.0006728211039062456,0.0006750497322345825,0.0007292510528996286,0.1740945840060508
1.5225e-09,2.185338957000337e-08,-9.046700959069822e-09,0.17483902376329588,0.0011189843678977573,0.0011198795599012801,0.0010895140212355571,2.1892932795130907e-07,1.9261392086617225e-07,0.8952057262347122,0.0006737964872931116,0.0006760275299247499,0.0007304900055865099,0.17484395682578674
1.52625e-09,2.2039424907287092e-08,-8.882249690571896e-09,0.17558937743479872,0.0011194936243496252,0.0011203921246848905,0.0010898178831965383,2.210755284250224e-07,1.9465138031625017e-07,0.8974058903604764,0.0006747694641532169,0.0006770029078589589,0.0007317270567846295,0.17559435295025996
1.5299999999999999e-09,2.2227065430580942e-08,-8.716268826910147e-09,0.17634075080082506,0.0011200031521015597,0.0011209049590318574,0.0010901213167406408,2.232386791376201e-07,1.9669362369822833e-07,0.8996060550892935,0.0006757400425063401,0.0006779758738652118,0.0007329622129399966,0.17634576902908816
1.53375e-09,2.2416321511064747e-08,-8.548758007000358e-09,0.17709314052108444,0.0011205129480179596,0.0011214180597802872,0.0010904243203724731,2.2541881703961918e-07,1.9874060767008514e-07,0.9018062204200402,0.0006767082303537246,0.0006789464357551538,0.0007341954804861091,0.17709820172196983
1.5375e-09,2.2607203510055693e-08,-8.379716912658415e-09,0.17784654326536886,0.0011210230089795461,0.0011219314237847294,0.0010907268926215689,2.2761597746725745e-07,2.0079228930569052e-07,0.9040063863515766,0.0006776740356776916,0.00067991460132343,0.0007354268658420611,0.17785164769867867
1.54125e-09,2.2799721776959354e-08,-8.209145268042955e-09,0.17860095571354845,0.001121533331883309,0.0011224450479161263,0.0010910290320421913,2.298301933896115e-07,2.0284862661615208e-07,0.90620655288275,0.0006786374664411,0.0006808803783476769,0.0007366563754132019,0.17860610363905816
1.545e-09,2.2993886647426335e-08,-8.037042838454702e-09,0.17935637455556483,0.0011220439136424573,0.0011229589290617692,0.0010913307372131472,2.3206149621979256e-07,2.049095787496544e-07,0.9084067200123954,0.0006795985305877892,0.0006818437745884872,0.0007378840155939768,0.1793615662330145
1.54875e-09,2.3189708442782434e-08,-7.863409429551263e-09,0.1801127964914237,0.001122554751186371,0.0011234730641252436,0.0010916320067375987,2.343099169301937e-07,2.069751055184838e-07,0.9106068877393353,0.0006805572360427198,0.0006828047977894456,0.0007391097927655486,0.18011803218051065
1.5525e-09,2.3387197469539264e-08,-7.68824488602703e-09,0.18087021823118787,0.001123065841460545,0.001123987450026379,0.0010919328392428689,2.3657548567226691e-07,2.0904516808274493e-07,0.9128070560623818,0.0006815135907117148,0.0006837634556767078,0.0007403337132954989,0.18087549819155913
1.55625e-09,2.358636401866602e-08,-7.511549090944869e-09,0.18162863649497085,0.0011235771814265447,0.001124502083701198,0.0010922332333802606,2.38858231890206e-07,2.111197283378306e-07,0.9150072249803317,0.0006824676024813362,0.000684719755958307,0.0007415557835387376,0.1816339609862151
1.56e-09,2.3787218365099255e-08,-7.33332196436181e-09,0.1823880480129288,0.001124088768061951,0.001125016962101866,0.0010925331878248643,2.411581833290685e-07,2.1319874895322847e-07,0.9172073944919719,0.0006834192792180236,0.0006856737063243913,0.0007427760098371137,0.18239341729456776
1.56375e-09,2.3989770765161553e-08,-7.153563463138043e-09,0.18314844952525156,0.0011246005983603074,0.0011255320821966378,0.0010928327012753737,2.4347536527617475e-07,2.1528219302180217e-07,0.919407564596076,0.0006843686287685608,0.0006866253144481892,0.0007439943985183836,0.1831538638567334
1.5675e-09,2.419403145589618e-08,-6.972273580207618e-09,0.18390983778215572,0.0011251126693310742,0.0011260474409698097,0.0010931317724538964,2.458098025481417e-07,2.1737002442949984e-07,0.9216077352914076,0.0006853156589595839,0.0006875745879852143,0.0007452109558961775,0.1839152974228465
1.57125e-09,2.4400010654559073e-08,-6.789452343367616e-09,0.1846722095438752,0.0011256249779995672,0.001126563035421665,0.001093430400105775,2.481615192032955e-07,2.1946220909395904e-07,0.9238079065767156,0.0006862603775971378,0.0006885215345722874,0.0007464256882701329,0.18467771475305117
1.575e-09,2.4607718557603894e-08,-6.60509981269046e-09,0.18543556158065225,0.0011261375214069143,0.0011270788625684222,0.0010937285829993918,2.505305378921121e-07,2.215587142374035e-07,0.9260080784507394,0.0006872027924670137,0.0006894661618277293,0.00074763860192625,0.18544111261749296
1.57875e-09,2.4817165339919264e-08,-6.41921608136248e-09,0.18619989067272893,0.0011266502966099962,0.0011275949194421828,0.0010940263199259944,2.529168802785435e-07,2.2365950626872495e-07,0.9282082509122077,0.0006881429113344601,0.000690408477352252,0.0007488497031353053,0.18620548779630894
1.5825e-09,2.5028361153743935e-08,-6.231801275025343e-09,0.18696519361033723,0.0011271633006813971,0.00112811120309088,0.001094323609699504,2.553205662313767e-07,2.2576455209304252e-07,0.9304084239598364,0.0006890807419440732,0.0006913484887266816,0.0007500589981539462,0.18697083707961862
1.58625e-09,2.5241316127132805e-08,-6.042855551580814e-09,0.1877314671936885,0.0011276765307093486,0.001128627710578222,0.0010946204511563383,2.577416140541521e-07,2.2787381938803296e-07,0.9326085975923301,0.0006900162920195337,0.000692286203513626,0.0007512664932251039,0.18773715726751372
1.59e-09,2.5456040362951076e-08,-5.852379099767316e-09,0.18849870823296508,0.0011281899837976817,0.0011291444389836432,0.0010949168431552254,2.6018004124661283e-07,2.299872768943727e-07,0.9348087718083828,0.0006909495692636079,0.0006932216292575428,0.0007524721945771047,0.18850444517004872
1.59375e-09,2.567254393830165e-08,-5.660372138607239e-09,0.18926691354830744,0.0011287036570657668,0.0011296613854022486,0.0010952127845770194,2.6263586450296584e-07,2.3210489362740846e-07,0.9370089466066797,0.0006918805813578915,0.0006941547734837515,0.0007536761084233485,0.18927269760723064
1.5975e-09,2.589083690455754e-08,-5.4668349167780226e-09,0.19003607996980584,0.0011292175476484661,0.001130178546944763,0.0010955082743245306,2.651090997655639e-07,2.342266398594712e-07,0.9392091219858943,0.0006928093359622246,0.0006950856436982851,0.0007548782409630459,0.19004191140900806
1.60125e-09,2.6110929285477415e-08,-5.271767711188289e-09,0.19080620433748802,0.0011297316526960727,0.001130695920737474,0.001095803311322332,2.675997604475163e-07,2.363524870257194e-07,0.9414092979446911,0.0006937358407159942,0.0006960142473882648,0.0007560785983811704,0.19081208341525965
1.605e-09,2.6332831075751477e-08,-5.075170826257445e-09,0.19157728350130868,0.0011302459693742627,0.0011312135039221803,0.0010960978945165872,2.701078587958017e-07,2.3848240705373593e-07,0.9436094744817216,0.000694660103236981,0.0006969405920215774,0.000757277186846587,0.19158321047578367
1.60875e-09,2.6556552240047477e-08,-4.87704459343414e-09,0.1923493143211372,0.0011307604948640419,0.0011317312936561378,0.001096392022874869,2.7263340525582284e-07,2.406163723937356e-07,0.9458096515956292,0.0006955821311214293,0.0006978646850466681,0.000758474012512961,0.1923552894502866
1.6125e-09,2.678210271182847e-08,-4.677389370588526e-09,0.19312229366674666,0.0011312752263616822,0.001132249287112003,0.0010966856953859828,2.7517640919254944e-07,2.427543563435524e-07,0.9480098292850458,0.0006965019319437949,0.0006987865338922354,0.000759669081518373,0.19312831720837087
1.61625e-09,2.7009492392742958e-08,-4.476205540572717e-09,0.19389621841780097,0.001131790161078681,0.001132767481477783,0.0010969789110597873,2.7773687934339775e-07,2.448963338550371e-07,0.9502100075485934,0.0006974195132564366,0.0006997061459670723,0.0007608623999852079,0.19390229062952324
1.62e-09,2.7238731152122803e-08,-4.273493510337764e-09,0.19467108546384343,0.0011323052962416908,0.0011332858739567775,0.001097271668927018,2.803148231702757e-07,2.470422802124193e-07,0.9524101863848874,0.0006983348825897281,0.0007006235286613904,0.0007620539740213857,0.19467720660310234
1.62375e-09,2.7469828825940747e-08,-4.0692537106986e-09,0.19544689170428386,0.0011328206290924779,0.0011338044617675274,0.0010975639680391132,2.829102472871044e-07,2.491921705288453e-07,0.9546103657925255,0.00069924804745292,0.0007015386893450752,0.0007632438097200296,0.19545306202832646
1.6275e-09,2.7702795215950882e-08,-3.863486596283219e-09,0.19622363404838566,0.001133336156887861,0.0011343232421437543,0.001097855807468037,2.85523156174503e-07,2.513459807230146e-07,0.9568105457701082,0.000700159015332858,0.000702451635367218,0.0007644319131577687,0.19622985381426064
1.63125e-09,2.7937640088417044e-08,-3.6561926445352933e-09,0.19700130941525237,0.001133851876899655,0.0011348422123343132,0.001098147186306105,2.8815355359556614e-07,2.5350368723568916e-07,0.9590107263162156,0.0007010677936939857,0.0007033623740575323,0.0007656182903947802,0.19700757887980339
1.635e-09,2.8174373173510148e-08,-3.447372355076361e-09,0.1977799147338152,0.0011343677864146216,0.0011353613696031286,0.0010984381036658103,2.908014414222538e-07,2.556652673498816e-07,0.9612109074294215,0.0007019743899790587,0.00070427091272602,0.0007668029474757543,0.19778623415367425
1.63875e-09,2.8413004163390504e-08,-3.23702624911544e-09,0.19855944694281966,0.0011348838827344048,0.0011358807112291508,0.0010987285586796496,2.9346681951733537e-07,2.578306989517297e-07,0.9634110891082968,0.0007028788116084505,0.0007051772586618644,0.0007679858904304657,0.19856581657439976
1.6425e-09,2.8653542711289637e-08,-3.0251548687459934e-09,0.19933990299081042,0.0011354001631754852,0.001136400234506288,0.0010990185504999553,2.961496870803353e-07,2.5999996090951636e-07,0.9656112713513961,0.0007037810659795239,0.0007060814191338248,0.0007691671252723739,0.19934632309030012
1.64625e-09,2.889599843144718e-08,-2.811758775441598e-09,0.2001212798361186,0.0011359166250691176,0.001136919936743359,0.0010993080782987208,2.9885004253751964e-07,2.621730329435979e-07,0.9678114541572695,0.0007046811604666981,0.0007069834013909656,0.0007703466579991414,0.20012775065947458
1.6499999999999999e-09,2.9140380897973095e-08,-2.5968385507530527e-09,0.20090357444684673,0.0011364332657612776,0.0011374398152640367,0.0010995971412674293,3.01567882745061e-07,2.6434989439085117e-07,0.9700116375244587,0.0007055791024226115,0.0007078832126621411,0.0007715244945920583,0.20091009624978776
1.65375e-09,2.938669964412834e-08,-2.3803947951462487e-09,0.20168678380085542,0.001136950082612606,0.0011379598674067888,0.0010998857386168867,3.0430320415148646e-07,2.665305259469591e-07,0.9722118214514962,0.00070647489917674,0.0007087808601563332,0.0007727006410165028,0.20169335683885536
1.6575e-09,2.9634964162213045e-08,-2.1624281270797514e-09,0.20247090488574698,0.0011374670729983525,0.0011384800905248303,0.001100173869577053,3.0705600241851136e-07,2.6871490957559853e-07,0.9744120059369049,0.0007073685580348099,0.0007096763510623968,0.0007738751032214618,0.2024775294140289
1.66125e-09,2.988518390281055e-08,-1.94293918207137e-09,0.2032559346988523,0.0011379842343083178,0.001139000481986057,0.0011004615333968693,3.0982627151734987e-07,2.709030268733346e-07,0.9766121909791994,0.0007082600862794901,0.0007105696925477459,0.0007750478871394543,0.20326261097238163
1.665e-09,3.013736827341563e-08,-1.7219286133952644e-09,0.20404187024721443,0.0011385015639468002,0.0011395210391729992,0.0011007487293440955,3.126140040069999e-07,2.730948597979966e-07,0.978812376576889,0.0007091494911709201,0.0007114608917592982,0.0007762189986863884,0.20404859852069276
1.66875e-09,3.039152663736532e-08,-1.4993970909172772e-09,0.20482870854757385,0.0011390190593325385,0.0011400417594827612,0.001101035456705142,3.154191908750054e-07,2.752903912257365e-07,0.9810125627284724,0.0007100367799461689,0.0007123499558224775,0.0007773884437613438,0.20483548907543275
1.6725e-09,3.064766831297919e-08,-1.2753453005341956e-09,0.2056164466263527,0.0011395367178986516,0.0011405626403269602,0.0011013217147849029,3.182418220364122e-07,2.7748960440383426e-07,0.9832127494324412,0.0007109219598196445,0.000713236891842067,0.0007785562282456579,0.20562327966274757
1.67625e-09,3.0905802573189176e-08,-1.0497739438849145e-09,0.2064050815196394,0.0011400545370925906,0.0011410836791316845,0.001101607502906592,3.210818865899211e-07,2.7969248292788107e-07,0.9854129366872811,0.0007118050379831486,0.0007141217069029509,0.0007797223580031386,0.20641196731844363
1.68e-09,3.1165938644315e-08,-8.226837377143143e-10,0.20719461027317312,0.0011405725143760774,0.0011416048733374183,0.0011018928204115778,3.239393718124607e-07,2.818990115011709e-07,0.9876131244914709,0.0007126860216054437,0.0007150044080689673,0.0007808868388820865,0.2072015490879714
1.68375e-09,3.142808570519426e-08,-5.940754131380363e-10,0.20798502994232532,0.0011410906472250474,0.001142126220399003,0.0011021776666592224,3.268142638035157e-07,2.8410917493989146e-07,0.9898133128434798,0.0007135649178317841,0.0007158850023830561,0.0007820496767142512,0.2079920220264089
1.6875e-09,3.169225288647642e-08,-3.639497153053639e-10,0.2087763375920869,0.0011416089331295954,0.0011426477177855733,0.0011024620410267163,3.2970654772944066e-07,2.863229588692e-07,0.9920135017417688,0.000714441733783974,0.0007167634968664602,0.0007832108773153869,0.20878338319844608
1.69125e-09,3.1958449270077105e-08,-1.323074026809382e-10,0.20956853029704922,0.0011421273695939192,0.0011431693629804947,0.0011027459429089198,3.326162076530937e-07,2.885403492883707e-07,0.9942136911847921,0.0007153164765596521,0.0007176398985186022,0.0007843704464839081,0.2095756296783675
1.695e-09,3.22266838883563e-08,1.0085075308907286e-10,0.21036160514138777,0.0011426459541362605,0.0011436911534813204,0.0011030293717181996,3.3554322681793176e-07,2.907613329324822e-07,0.9964138811710015,0.000716189153232805,0.0007185142143180139,0.0007855283900017358,0.2103687585500365
1.69875e-09,3.2496965723894694e-08,3.3552396828319967e-10,0.21115555921884638,0.0011431646842888477,0.0011442130867997205,0.0011033123268842737,3.3848758729421064e-07,2.9298589680746726e-07,0.9986140716988341,0.0007170597708540074,0.00071938645122244,0.0007866847136336146,0.21116276690687846
1.7025e-09,3.276930370812299e-08,5.717114468802072e-10,0.2119503896327189,0.0011436835575978422,0.001144735160461436,0.0011035948078540467,3.4144926951456603e-07,2.952140281988793e-07,1.0008142627667276,0.0007179283364505331,0.0007202566161682346,0.0007878394231269001,0.21195765185186355
1.70625e-09,3.304370672089776e-08,8.094123810918787e-10,0.21274609349583218,0.0011442025716232808,0.0011452573720062195,0.0011038768140914535,3.444282526450129e-07,2.9744571460459806e-07,1.0030144543731072,0.0007187948570264663,0.0007211247160704815,0.0007889925242112541,0.2127534104974892
1.71e-09,3.332018358894562e-08,1.0486259515713858e-09,0.21354266793052923,0.0011447217239390175,0.0011457797189877736,0.0011041583450773077,3.4742451487725994e-07,2.9968094388325957e-07,1.005214646516395,0.0007196593395619108,0.0007219907578232176,0.0007901440225997211,0.213550039965763
1.71375e-09,3.359874308621967e-08,1.2893513277961475e-09,0.21434011006865178,0.0011452410121326668,0.0011463021989737041,0.0011044394003091305,3.5043803378098785e-07,3.019197043452061e-07,1.007414839195006,0.000720521791012981,0.0007228547482997233,0.0007912939239882281,0.21434753738818546
1.7175e-09,3.387939393360512e-08,1.5315876685430155e-09,0.21513841705152117,0.0011457604338055503,0.0011468248095454548,0.0011047199793010156,3.534687868922448e-07,3.0416198467319906e-07,1.0096150324073503,0.0007213822183131201,0.0007237166943516602,0.0007924422340549563,0.21514589990573174
1.72125e-09,3.4162144798452145e-08,1.7753341221965943e-09,0.21593758602992227,0.001146279986572635,0.0011473475482982548,0.0011050000815834558,3.565167501600248e-07,3.064077741786373e-07,1.0118152261518294,0.0007222406283723284,0.0007245766028097076,0.0007935889584603634,0.21594512466883395
1.725e-09,3.444700429354168e-08,2.020589827564934e-09,0.21673761416408308,0.0011467996680624784,0.0011478704128410594,0.0011052797067031997,3.5958189803067217e-07,3.086570626319785e-07,1.014015420426835,0.0007230970280766007,0.0007254344804830976,0.000794734102847441,0.21674520883736315
1.72875e-09,3.4733980976366916e-08,2.2673539139515277e-09,0.21753849862365926,0.0011473194759171778,0.0011483934007964992,0.0011055588542230978,3.62664203792881e-07,3.1090984019427587e-07,1.0162156152307624,0.0007239514242881107,0.0007262903341595257,0.0007958776728412394,0.21754614958061141
1.7325e-09,3.5023083348172964e-08,2.5156255017753403e-09,0.21834023658771368,0.0011478394077923024,0.0011489165098008177,0.0011058375237219446,3.6576363930900565e-07,3.1316609719555404e-07,1.018415810561995,0.0007248038238461758,0.0007271441706058572,0.0007970196740496242,0.21834794407727337
1.73625e-09,3.531431985321932e-08,2.7654037024285062e-09,0.21914282524469778,0.001148359461356845,0.0011494397375038155,0.0011061157147943348,3.688801755730961e-07,3.1542582437106275e-07,1.020616006418912,0.0007256542335658718,0.0007279959965671303,0.0007981601120632044,0.21915058951542749
1.74e-09,3.5607698878331344e-08,3.0166876191394567e-09,0.21994626179243443,0.0011488796342931616,0.001149963081568798,0.0011063934270505063,3.7201378234417396e-07,3.176890129512086e-07,1.022816202799884,0.0007265026602382664,0.0007288458187664363,0.0007992989924547489,0.21995408309251724
1.74375e-09,3.590322875230439e-08,3.2694763472888624e-09,0.2207505434380987,0.001149399924296917,0.001150486539672512,0.001106670660116198,3.7516442836029266e-07,3.1995565524860425e-07,1.025016399703281,0.0007273491106307417,0.0007296936439062988,0.0008004363207800428,0.22075842201533297
1.7475e-09,3.6200917744925254e-08,3.5237689752007627e-09,0.22155566739819613,0.0011499203290770243,0.0011510101095050938,0.0011069474136324922,3.783320813045206e-07,3.222257435878908e-07,1.027216597127465,0.0007281935914874245,0.0007305394786676847,0.0008015721025773005,0.2215636034999926
1.75125e-09,3.6500774067010515e-08,3.779564584124778e-09,0.22236163089854866,0.0011504408463555932,0.0011515337887700134,0.001107223687255676,3.8151670851407654e-07,3.244992701704202e-07,1.0294167950707958,0.0007290361095282645,0.0007313833297097694,0.0008027063433665926,0.2223696247719223
1.755e-09,3.680280587018079e-08,4.036862247882049e-09,0.22316843117427032,0.0011509614738678669,0.0011520575751840128,0.00110749948065709,3.847182759962173e-07,3.267762267528962e-07,1.0316169935316177,0.0007298766714491464,0.0007322252036706323,0.0008038390486487619,0.22317648306583743
1.75875e-09,3.710702124550359e-08,4.2956610329363885e-09,0.2239760654697506,0.0011514822093621727,0.0011525814664770562,0.001107774793522979,3.879367487094336e-07,3.2905660551812834e-07,1.0338171925082869,0.0007307152839228163,0.0007330651071665964,0.0008049702239072419,0.22398417562572318
1.7625e-09,3.741342822360617e-08,4.555959998855068e-09,0.22478453103863483,0.001152003050599861,0.001153105460392267,0.0011080496255543536,3.9117209068827704e-07,3.313403990994326e-07,1.0360173919991382,0.0007315519535983151,0.0007339030467921634,0.000806099874607721,0.22479269970481502
1.76625e-09,3.772203477392677e-08,4.817758198555302e-09,0.22559382514380308,0.0011525239953552495,0.0011536295546858766,0.0011083239764668386,3.9442426572400344e-07,3.336275998231334e-07,1.0382175920025123,0.0007323866871008686,0.0007347390291202213,0.0008072280061984838,0.22560205256557886
1.7699999999999999e-09,3.8032848804977376e-08,5.081054678161949e-09,0.22640394505735134,0.0011530450414155662,0.0011541537471271626,0.001108597845990538,3.976932368386539e-07,3.3591820053666143e-07,1.0404177925167395,0.0007332194910320514,0.0007355730607022188,0.0008083546241103633,0.2264122314796917
1.77375e-09,3.8345878163950955e-08,5.34584847754961e-09,0.22721488806057263,0.0011535661865808957,0.0011546780354983993,0.0011088712338698868,4.009789662188859e-07,3.382121942077153e-07,1.0426179935401487,0.0007340503719698034,0.0007364051480687272,0.0008094797337556575,0.22722323372802172
1.7775e-09,3.86611306358009e-08,5.612138630436652e-09,0.22802665144393375,0.0011540874286641188,0.0011552024175947946,0.0011091441398635106,4.0428141473824915e-07,3.4050957413174344e-07,1.044818195071061,0.0007348793364688082,0.0007372352977282759,0.0008106033405287648,0.22803505660060822
1.78125e-09,3.897861394298801e-08,5.879924164892578e-09,0.2288392325070585,0.0011546087654908596,0.0011557268912244364,0.0011094165637440838,4.076005424514461e-07,3.428103339622299e-07,1.047018397107798,0.0007357063910596426,0.0007380635161677556,0.0008117254498060264,0.22884769739664104
1.785e-09,3.92983357448905e-08,6.149204103040721e-09,0.2296526285587051,0.0011551301948994276,0.0011562514542082399,0.001109688505298193,4.1093630839407414e-07,3.4511446721174675e-07,1.0492185996486725,0.0007365315422485932,0.0007388898098533458,0.00081284606694599,0.22966115342444055
1.78875e-09,3.9620303637282676e-08,6.419977461736714e-09,0.23046683691674713,0.0011556517147407607,0.0011567761043798825,0.0011099599643261964,4.1428867059747717e-07,3.474219676180948e-07,1.0514188026919926,0.0007373547965189548,0.0007397141852292274,0.0008139651972891464,0.23047542200143759
1.7925e-09,3.9944525151882406e-08,6.692243252389771e-09,0.23128185490815265,0.0011561733228783726,0.0011573008395857603,0.0011102309406420847,4.1765758668586087e-07,3.4973282910211e-07,1.0536190062360677,0.0007381761603300542,0.0007405366487174948,0.0008150828461576429,0.23129050045415273
1.79625e-09,4.0271007756457626e-08,6.966000481047386e-09,0.23209767986896288,0.001156695017188291,0.001157825657684918,0.0011105014340733435,4.210430132239834e-07,3.520470454876454e-07,1.0558192102791981,0.0007389956401173699,0.00074135720671929,0.000816199018855233,0.23210638611817586
1.8e-09,4.059975885388698e-08,7.241248148444461e-09,0.232914309144272,0.0011572167955590045,0.0011583505565490027,0.001110771444460821,4.244449058777749e-07,3.5436461023956474e-07,1.0580194148196822,0.000739813242293092,0.0007421758656141639,0.0008173137206679296,0.23292307633814496
1.80375e-09,4.093078578204548e-08,7.517985249968581e-09,0.23373174008820652,0.0011577386558914086,0.001158875534062205,0.0011110409716585867,4.2786321950665217e-07,3.566855173179946e-07,1.0602196198558131,0.0007406289732459772,0.0007429926317602785,0.0008184269568635559,0.23374056846772612
1.8075e-09,4.1264095813301996e-08,7.796210775680341e-09,0.23454997006390366,0.0011582605960987482,0.001159400588121201,0.0011113100155338007,4.3129790783977963e-07,3.590097600606968e-07,1.0624198253858843,0.0007414428393419955,0.0007438075114942842,0.0008195387326925393,0.234558859869592
1.81125e-09,4.1599696153874875e-08,8.075923710123608e-09,0.23536899644349157,0.001158782614106561,0.0011599257166351022,0.0011115785759665806,4.347489241892743e-07,3.6133733198868633e-07,1.0646200314081813,0.0007422548469236005,0.000744620511131372,0.0008206490533865456,0.23537794791540068
1.815e-09,4.193759394430438e-08,8.357123032580483e-09,0.2361888166080659,0.0011593047078526223,0.0011604509175253909,0.0011118466528498654,4.3821622145786617e-07,3.636682268354639e-07,1.0668202379209855,0.000743065002309398,0.0007454316369651925,0.0008217579241593526,0.23619782998577515
1.81875e-09,4.2277796258873734e-08,8.639807717631186e-09,0.237009427947671,0.0011598268752868914,0.0011609761887258728,0.0011121142460892857,4.416997516585759e-07,3.660024387367477e-07,1.0690204449225795,0.0007438733117948686,0.0007462408952679742,0.0008228653502067966,0.23701850347028147
1.8225e-09,4.2620310105317754e-08,8.923976734691576e-09,0.23783082786127724,0.0011603491143714535,0.0011615015281826162,0.0011123813556030333,4.4519946583422185e-07,3.6833996140726863e-07,1.071220652411239,0.0007446797816519648,0.0007470482922903828,0.000823971336706404,0.23783996576740835
1.82625e-09,4.296514242428984e-08,9.20962904824863e-09,0.23865301375675893,0.0011608714230804667,0.0011620269338538985,0.0011126479813217292,4.48715314278572e-07,3.7068078842246984e-07,1.0734208603852367,0.0007454844181295639,0.0007478538342618324,0.0008250758888166926,0.23866221428454476
1.83e-09,4.331230008922625e-08,9.49676361757414e-09,0.23947598305087497,0.0011613937994001014,0.001162552403710152,0.001112914123188296,4.522472466274759e-07,3.730249133542145e-07,1.075621068842843,0.0007462872274527975,0.000748657527390466,0.0008261790116779295,0.23948524643795907
1.83375e-09,4.366178990605874e-08,9.78537939687549e-09,0.24029973316924533,0.0011619162413284937,0.001163077935733905,0.0011131797811578252,4.557952117382079e-07,3.7537232962945447e-07,1.077821277782327,0.0007470882158232527,0.0007494593778629717,0.000827280710411963,0.24030905965277732
1.8375e-09,4.401361861296172e-08,1.007547533545405e-08,0.24112426154632974,0.0011624387468756822,0.001163603527919731,0.0011134449551974592,4.5935915779270904e-07,3.7772303083955164e-07,1.08002148720195,0.0007478873894197012,0.0007502593918446949,0.0008283809901229769,0.24113365136296144
1.84125e-09,4.4367792880064907e-08,1.036705037733756e-08,0.24194956562540645,0.001162961314063557,0.0011641291782741874,0.0011137096452862514,4.6293903257588925e-07,3.8007701060374116e-07,1.0822216970999758,0.0007486847543985163,0.0007510575754796574,0.000829479855897216,0.24195901901128786
1.845e-09,4.472431930961552e-08,1.0660103462025524e-08,0.24277564285854983,0.001163483940925802,0.0011646548848157682,0.001113973851415052,4.6653478339699886e-07,3.8243426264988044e-07,1.0844219074746615,0.0007494803168923708,0.0007518539348911499,0.0008305773128027511,0.2427851600493254
1.84875e-09,4.508320443565176e-08,1.0954633524153782e-08,0.24360249070660836,0.0011640066255078475,0.0011651806455748423,0.0011142375735863769,4.701463567014012e-07,3.847947805344852e-07,1.0866221183242672,0.0007502740830102936,0.0007526484761811081,0.0008316733658889573,0.24361207193741324
1.8525e-09,4.5444454723903075e-08,1.1250639493241248e-08,0.24443010663918355,0.0011645293658668042,0.0011657064585936035,0.001114500811814283,4.7377369882012674e-07,3.8715855745495854e-07,1.0888223296470414,0.0007510660588385214,0.0007534412054299065,0.0008327680201870078,0.24443975214463892
1.85625e-09,4.580807657193456e-08,1.1548120293908446e-08,0.2452584881346065,0.0011650521600714153,0.001166232321926011,0.0011147635661242496,4.774167553617542e-07,3.8952558661704497e-07,1.0910225414412358,0.0007518562504400509,0.0007542321286967631,0.0008338612807091567,0.24526819814881667
1.86e-09,4.617407630848544e-08,1.1847074845613231e-08,0.24608763267991676,0.0011655750062020023,0.001166758233637739,0.0011150258365530505,4.810754708394746e-07,3.918958611111948e-07,1.0932227537050974,0.0007526446638545211,0.0007550212520199322,0.0008349531524493885,0.24609740743646474
1.86375e-09,4.6542460193378226e-08,1.2147502062691454e-08,0.24691753777083908,0.0011660979023504086,0.0011672841918061213,0.001115287623148639,4.847497893660339e-07,3.942693735782346e-07,1.0954229664368729,0.0007534313050991145,0.0007558085814166443,0.0008360436403836233,0.24692737750278365
1.8675e-09,4.691323441723008e-08,1.244940085398087e-08,0.2477482009117625,0.0011666208466199449,0.001167810194520094,0.0011155489259700201,4.884396545570608e-07,3.966461165620582e-07,1.0976231796348028,0.0007542161801681365,0.0007565941228829792,0.0008371327494695706,0.24775810585163385
1.87125e-09,4.728640510178655e-08,1.2752770122874511e-08,0.24857961961571653,0.0011671438371253365,0.0011683362398801442,0.0011158097450871328,4.921450095110666e-07,3.9902608260798783e-07,1.0998233932971304,0.0007549992950328093,0.0007573778823936948,0.0008382204846463144,0.2485895899955134
1.875e-09,4.76619782994538e-08,1.3057608767566319e-08,0.24941179140434985,0.0011676668719926677,0.001168862325998255,0.0011160700805807353,4.958657970006778e-07,4.0140926430427564e-07,1.1020236074220937,0.0007557806556415497,0.0007581598659028215,0.0008393068508351959,0.2494218274555355
1.87875e-09,4.8039959993499776e-08,1.3363915680885975e-08,0.2502447138079073,0.0011681899493593295,0.0011693884509978503,0.001116329932542285,4.996019592181028e-07,4.037956541963257e-07,1.1042238220079295,0.0007565602679201451,0.000758940079343531,0.0008403918529397797,0.2502548157614065
1.8825e-09,4.842035609786214e-08,1.3671689750584351e-08,0.2510783843652076,0.0011687130673739654,0.001169914613013744,0.001116589301073813,5.03353437693063e-07,4.0618524501569994e-07,1.1064240370528728,0.0007573381377719711,0.0007597185286279661,0.0008414754958463464,0.2510885524514028
1.88625e-09,4.880317245693312e-08,1.3980929859187822e-08,0.25191280062361954,0.0011692362241964164,0.00117044081019208,0.0011168481862878232,5.07120173528531e-07,4.0857802899390054e-07,1.1086242525551588,0.000758114271077787,0.0007604952196476549,0.0008425577844217592,0.2519230350723485
1.89e-09,4.9188414845607175e-08,1.4291634883548487e-08,0.25274796013904044,0.001169759417997668,0.0011709670406902864,0.0011171065883071622,5.109021072978341e-07,4.109739979410324e-07,1.1108244685130166,0.0007588886736954731,0.0007612701582728495,0.0008436387235141952,0.2527582611795922
1.89375e-09,4.9576088969149894e-08,1.460380369497292e-08,0.2535838604758745,0.0011702826469598008,0.0011714933026770148,0.001117364507264913,5.146991791437855e-07,4.1337314361664064e-07,1.1130246849246748,0.0007596613514606983,0.000762043350352411,0.0008447183179549483,0.2535942283369855
1.8975e-09,4.996620046311034e-08,1.491743515889183e-08,0.25442049920700754,0.0011708059092759308,0.0011720195943320905,0.0011176219433042802,5.185113287034577e-07,4.157754575237947e-07,1.115224901788365,0.0007604323101865976,0.0007628148017144902,0.0008457965725569399,0.25443093411685913
1.90125e-09,5.035875489344343e-08,1.523252813503031e-08,0.2552578739137859,0.0011713292031501597,0.0011725459138464574,0.001117878896578472,5.223384950755958e-07,4.18180931409975e-07,1.1174251191023121,0.0007612015556639051,0.0007635845181668051,0.0008468734921150818,0.2552683761000009
1.905e-09,5.075375775596851e-08,1.5549081477491695e-08,0.2560959821859922,0.0011718525267975222,0.0011730722594221275,0.0011181353672505942,5.261806169864492e-07,4.205895566233041e-07,1.1196253368647417,0.0007619690936610673,0.0007643525054958142,0.0008479490814058558,0.25610655187563275
1.90875e-09,5.115121447718542e-08,1.5867094034345905e-08,0.2569348216218241,0.0011723758784439329,0.0011735986292721228,0.0011183913554935314,5.300376330066495e-07,4.2300132389586127e-07,1.1218255550738752,0.000762734929924213,0.0007651187694672816,0.0008490233451880142,0.25694545904138716
1.9125e-09,5.155113041368436e-08,1.6186564647213552e-08,0.25777438982787065,0.0011728992563261329,0.001174125021620425,0.0011186468614898476,5.339094807590812e-07,4.2541622373842074e-07,1.1240257737279384,0.0007634990701778907,0.0007658833158262574,0.0008500962882019359,0.25778509520328496
1.91625e-09,5.19535108519142e-08,1.650749215141671e-08,0.2586146844190875,0.0011734226586916378,0.001174651434701925,0.0011189018854316636,5.377960976702802e-07,4.278342467099888e-07,1.1262259928251488,0.0007642615201247372,0.0007666461502968716,0.0008511679151694775,0.2586254579757117
1.92e-09,5.2358361008724185e-08,1.6829875375873884e-08,0.25945570301877824,0.001173946083798684,0.001175177866762365,0.0011191564275205576,5.41697421048944e-07,4.302553831345105e-07,1.128426212363726,0.0007650222854451768,0.0007674072785830705,0.0008522382307950982,0.2594665449813952
1.92375e-09,5.276568603148335e-08,1.715371314308307e-08,0.2602974432585652,0.0011744695299161815,0.0011757043160582922,0.0011194104879674524,5.45613388183418e-07,4.326796228124889e-07,1.130626432341888,0.0007657813717974122,0.0007681667063684077,0.0008533072397648384,0.26030835385138246
1.9275e-09,5.317549099812944e-08,1.747900426862793e-08,0.26113990277837157,0.0011749929953236541,0.0011762307808569998,0.001119664066992513,5.495439359819361e-07,4.351069556525527e-07,1.1328266527578525,0.0007665387848174161,0.0007689244393157778,0.0008543749467460754,0.2611508822250163
1.93125e-09,5.358778091733365e-08,1.780574756158184e-08,0.26198307922639547,0.0011755164783111938,0.001176757259436479,0.0011199171648250301,5.534890009013604e-07,4.3753737130299573e-07,1.1350268736098348,0.0007672945301195625,0.000769680483067692,0.0008554413563877117,0.2619941277499124
1.935e-09,5.4002560728320435e-08,1.8133941823868363e-08,0.2628269702590884,0.001176039977179404,0.0011772837500853676,0.0011201697817033228,5.574485191170876e-07,4.399708588614257e-07,1.1372270948960503,0.0007680486132961504,0.0007704348432463084,0.0008565064733207151,0.26283808808193576
1.93875e-09,5.4419835301265814e-08,1.846358585045438e-08,0.2636715735411298,0.00117656349023935,0.0011778102511028924,0.0011204219178746328,5.614224266234297e-07,4.424074073611419e-07,1.1394273166147115,0.0007688010399178276,0.0007711875254533024,0.0008575703021582034,0.26368276088517806
1.9425e-09,5.48396094372006e-08,1.879467842903754e-08,0.2645168867454057,0.0011770870158125106,0.0011783367607988223,0.0011206735735950185,5.65410659325433e-07,4.448470060182599e-07,1.141627538764033,0.0007695518155336838,0.0007719385352699894,0.0008586328474952011,0.26452814383193407
1.94625e-09,5.5261887868405755e-08,1.912721834062647e-08,0.26536290755298453,0.0011776105522307205,0.0011788632774934165,0.0011209247491292494,5.694131527472599e-07,4.4728964398882854e-07,1.1438277613422276,0.0007703009456711644,0.0007726878782571183,0.0008596941139088866,0.26537423460267856
1.95e-09,5.568667525828618e-08,1.9461204359000373e-08,0.2662096336530946,0.0011781340978361265,0.001179389799517371,0.0011211754447507099,5.734298422017528e-07,4.4973530974285317e-07,1.1460279843475047,0.0007710484358365496,0.0007734355599551979,0.0008607541059582551,0.2662210308860429
1.9537499999999998e-09,5.6113976201651083e-08,1.9796635250339715e-08,0.2670570627430993,0.0011786576509811256,0.001179916325211766,0.0011214256607412914,5.774606627209259e-07,4.5218399129714566e-07,1.1482282077780779,0.0007717942915146942,0.0007741815858843178,0.0008618128281846497,0.2670685303787913
1.9575e-09,5.6543795224607254e-08,2.0133509773142378e-08,0.26790519252847494,0.0011791812100283262,0.0011804428529280182,0.0011216753973912934,5.815055490941924e-07,4.5463567652060645e-07,1.1504284316321587,0.0007725385181690163,0.0007749259615443587,0.0008628702851123137,0.2679167307857989
1.96125e-09,5.697613678496712e-08,2.0471826678131325e-08,0.2687540207227867,0.0011797047733504912,0.0011809693810278237,0.001121924654999331,5.855644358483948e-07,4.5709035314929494e-07,1.152628655907956,0.0007732811212415319,0.0007756686924150281,0.0008639264812465529,0.26876562982002683
1.965e-09,5.741100527210158e-08,2.0811584708163975e-08,0.2696035450476651,0.0011802283393304877,0.0011814959078831151,0.00112217343387222,5.89637257326143e-07,4.595480086069911e-07,1.154828880603681,0.0007740221061527751,0.0007764097839561493,0.0008649814210750446,0.26961522520249903
1.96875e-09,5.7848405007343395e-08,2.11527825981873e-08,0.270453763232783,0.0011807519063612363,0.0011820224318760024,0.0011224217343248886,5.937239476850144e-07,4.6200863018846075e-07,1.1570291057175426,0.0007747614783023426,0.0007771492416072604,0.0008660351090669197,0.27046551466227925
1.9725e-09,5.828834024397618e-08,2.1495419075003212e-08,0.271304673015833,0.0011812754728456616,0.0011825489513987305,0.0011226695566802806,5.978244410655623e-07,4.644722047288379e-07,1.15922933124775,0.000775499243068606,0.0007778870707878959,0.0008670875496735721,0.27131649593644735
1.97625e-09,5.8730815167584663e-08,2.183949285690178e-08,0.27215627214250115,0.0011817990371966432,0.0011830754648536187,0.0011229169012692537,6.019386717227992e-07,4.66938718604672e-07,1.1614295571925117,0.0007762354058089004,0.0007786232768975564,0.0008681387473289744,0.2721681667700764
1.98e-09,5.9175833896820806e-08,2.218500265364007e-08,0.2730085583664461,0.0011823225978369637,0.001183601970653019,0.0011231637684304856,6.060665739617206e-07,4.694081580393348e-07,1.1636297835500402,0.0007769699718594587,0.0007793578653157901,0.0008691887064496165,0.2730205249162086
1.98375e-09,5.962340048309e-08,2.2531947166367593e-08,0.2738615294492742,0.0011828461531992582,0.0011841284672192624,0.0011234101585103776,6.102080819582968e-07,4.7188050908706356e-07,1.1658300103185424,0.0007777029465357998,0.0007800908414024815,0.0008702374314344141,0.2738735681358321
1.9875e-09,6.007351891121595e-08,2.2880325087445052e-08,0.27471518316051646,0.0011833697017259715,0.0011846549529846053,0.00112365607186296,6.143631297392238e-07,4.743557576122604e-07,1.1680302374962277,0.0007784343351328024,0.0007808222104976918,0.000871284926664816,0.27472729419785746
1.99125e-09,6.052619309921861e-08,2.323013510039351e-08,0.2755695172776052,0.0011838932418692962,0.0011851814263911895,0.001123901508849802,6.185316508689345e-07,4.768338892319725e-07,1.1702304650813087,0.0007791641429245472,0.0007815519779214015,0.000872331196504852,0.2755817008790939
1.995e-09,6.098142689845642e-08,2.358137587998842e-08,0.27642452958584957,0.0011844167720911358,0.0011857078858909802,0.001124146469839909,6.227135784994568e-07,4.793148898521079e-07,1.172430693071993,0.0007798923751642657,0.0007822801489739757,0.000873376245300543,0.27643678596422544
1.99875e-09,6.143922409355494e-08,2.3934046092285023e-08,0.277280217878412,0.0011849402908630494,0.0011862343299457237,0.0011243909552096428,6.269088454842963e-07,4.817987449062176e-07,1.1746309214664934,0.0007806190370848728,0.0007830067289359674,0.0008744200773798739,0.277292547245788
2.0025e-09,6.189958840259389e-08,2.4288144394362558e-08,0.27813657995628643,0.0011854637966662036,0.001186760757026898,0.0011246349653426175,6.311173850061129e-07,4.842854394179239e-07,1.1768311502630153,0.0007813441338985162,0.0007837317230684118,0.0008754626970532577,0.2781489825241453
2.00625e-09,6.236252347780549e-08,2.4643669433983745e-08,0.27899361362827224,0.0011859872879913212,0.0011872871656156598,0.0011248785006296176,6.353391302766775e-07,4.867749584074442e-07,1.1790313794597704,0.0007820676707971506,0.000784455136612617,0.000876504108614095,0.27900608960746576
2.01e-09,6.282803290575128e-08,2.5000619849942076e-08,0.2798513167109522,0.0011865107633386403,0.001187813554202799,0.0011251215614685051,6.395740144987238e-07,4.892672863455816e-07,1.1812316090549708,0.0007827896529522798,0.000785176974790273,0.0008775443163387545,0.27986386631169824
2.01375e-09,6.329612020759592e-08,2.535899427124442e-08,0.28070968702866844,0.001187034221217857,0.0011883399212886865,0.0011253641482641262,6.438219708792276e-07,4.917624072831256e-07,1.1834318390468286,0.000783510085515179,0.0007858972428035132,0.0008785833244857081,0.2807223104605497
2.0175e-09,6.376678883937338e-08,2.5718791317330415e-08,0.2815687224134986,0.0011875576601480817,0.0011888662653832265,0.0011256062614282312,6.480829326768326e-07,4.942603050157785e-07,1.1856320694335514,0.0007842289736169187,0.0007866159458348698,0.0008796211372952288,0.2815814198854597
2.02125e-09,6.424004219248818e-08,2.608000959760235e-08,0.28242842070523183,0.0011880810786577918,0.0011893925850058093,0.0011258479013793751,6.523568332766686e-07,4.967609630741391e-07,1.1878323002133524,0.0007849463223681696,0.0007873330890476902,0.0008806577589907542,0.2824411924255785
2.025e-09,6.471588359392733e-08,2.64426477115768e-08,0.2832887797513466,0.001188604475284783,0.001189918878685263,0.0011260890685428398,6.566436060747225e-07,4.992643648697495e-07,1.1900325313844484,0.0007856621368594638,0.0007880486775859857,0.0008816931937792336,0.2833016259277433
2.02875e-09,6.51943163066335e-08,2.6806704248782968e-08,0.2841497974069856,0.0011891278485761162,0.0011904451449597983,0.0011263297633505459,6.609431848004504e-07,5.017704934715276e-07,1.192232762945049,0.0007863764221613167,0.0007887627165742566,0.0008827274458502763,0.28416271824645345
2.0325e-09,6.56753435299939e-08,2.717217778844845e-08,0.2850114715349322,0.0011896511970880784,0.001190971382376972,0.0011265699862409609,6.652555030127557e-07,5.042793316818328e-07,1.1944329948933663,0.0007870891833240716,0.0007894752111177883,0.0008837605193755879,0.28502446724384783
2.03625e-09,6.615896840003939e-08,2.7539066899589006e-08,0.28587380000558843,0.0011901745193861307,0.0011914975894936292,0.0011268097376590203,6.695804943037832e-07,5.067908623412764e-07,1.1966332272276168,0.0007878004253783188,0.0007901861663026425,0.0008847924185088721,0.28588687078968056
2.04e-09,6.664519398963863e-08,2.7907370141081416e-08,0.28673678069694897,0.0011906978140448596,0.0011920237648758594,0.0011270490180560412,6.739180921143139e-07,5.09305067974543e-07,1.1988334599460129,0.0007885101533354677,0.0007908955871959174,0.0008858231473866788,0.2867499267612982
2.04375e-09,6.713402330858917e-08,2.82770860610985e-08,0.28760041149457966,0.001191221079647933,0.0011925499070989485,0.0011272878278896386,6.782682297204459e-07,5.118219306384321e-07,1.2010336930467749,0.0007892183721870658,0.0007916034788452487,0.0008868527101287266,0.2876136330436152
2.0475e-09,6.762545930407225e-08,2.864821319745218e-08,0.2884646902915916,0.0011917443147880541,0.001193076014747332,0.0011275261676236435,6.826308405885101e-07,5.143414322884645e-07,1.2032339265281145,0.0007899250869045261,0.0007923098462790182,0.0008878811108376241,0.2884779875290914
2.05125e-09,6.81195048607867e-08,2.902075007702764e-08,0.2893296149886202,0.0011922675180669096,0.0011936020864145454,0.0011277640377280178,6.870058582889414e-07,5.168635549507858e-07,1.2054341603882495,0.0007906303024395162,0.0007930146945065293,0.0008889083535989003,0.2893429881177078
2.055e-09,6.861616280167819e-08,2.939469521647114e-08,0.29019518349379925,0.0011927906880951282,0.0011941281207031786,0.0011280014386787736,6.913932163309858e-07,5.193882804483061e-07,1.2076343946254005,0.0007913340237243144,0.0007937180285180696,0.0008899344424812435,0.29020863271694314
2.05875e-09,6.911543588775986e-08,2.9770047121649594e-08,0.2910613937227386,0.0011933138234922315,0.0011946541162248267,0.001128238370957896,6.957928484104429e-07,5.219155900366524e-07,1.2098346292377866,0.0007920362556718978,0.0007944198532851584,0.0008909593815360508,0.2910749192417498
2.0625e-09,6.961732681882474e-08,3.0146804287228756e-08,0.29192824359850034,0.0011938369228865883,0.0011951800716000476,0.0011284748350532583,7.002046884228782e-07,5.244454647358274e-07,1.2120348642236223,0.0007927370031757339,0.0007951201737606333,0.0008919831747980194,0.29194184561453085
2.06625e-09,7.012183823385457e-08,3.0524965196974755e-08,0.2927957310515747,0.0011943599849153685,0.0011957059854583103,0.0011287108314585435,7.046286707205265e-07,5.269778851835638e-07,1.2142350995811373,0.0007934362711095005,0.0007958189948789136,0.0008930058262855632,0.29280940976511716
2.07e-09,7.062897271166763e-08,3.0904528323023115e-08,0.29366385401985745,0.001194883008224498,0.0011962318564379538,0.0011289463606731682,7.090647297651928e-07,5.295128315323088e-07,1.2164353353085515,0.0007941340643275515,0.0007965163215557652,0.0008940273399996087,0.29367760963074246
2.0737499999999998e-09,7.113873277092867e-08,3.1285492126202314e-08,0.2945326104486244,0.0011954059914686113,0.0011967576831861358,0.0011291814232022024,7.135127999330961e-07,5.3205028407772e-07,1.2186355714040888,0.0007948303876653889,0.0007972121586875301,0.0008950477199238532,0.2945464431560201
2.0775e-09,7.165112087063872e-08,3.1667855055904194e-08,0.2954019982905104,0.0011959289333110085,0.0011972834643587881,0.0011294160195562892,7.179728155684899e-07,5.34590223042971e-07,1.2208358078659731,0.0007955252459395414,0.000797906511151843,0.0008960669700253431,0.29541590829291997
2.08125e-09,7.216613941016788e-08,3.20516155502144e-08,0.29627201550548454,0.0011964518324236052,0.0011978091986205718,0.0011296501502515725,7.22444711084745e-07,5.371326284431368e-07,1.2230360446924313,0.0007962186439473835,0.0007985993838078997,0.0008970850942546154,0.2962860030007449
2.085e-09,7.268379072963272e-08,3.243677203571248e-08,0.2971426600608265,0.0011969746874868955,0.0011983348846448306,0.0011298838158096218,7.269284209621942e-07,5.396774800461075e-07,1.2252362818816915,0.000796910586467392,0.0007992907814963437,0.000898102096545458,0.29715672524610715
2.08875e-09,7.320407711054718e-08,3.282332292743885e-08,0.2980139299311021,0.0011974974971898976,0.0011988605211135442,0.0011301170167573522,7.314238799288189e-07,5.422247575489049e-07,1.2274365194319823,0.0007976010782589439,0.0007999807090396206,0.0008991179808150641,0.29802807300290435
2.0925e-09,7.372700077582515e-08,3.3211266628830435e-08,0.2988858230981416,0.0011980202602301158,0.001199386106717287,0.0011303497536269498,7.359310231069455e-07,5.44774440319289e-07,1.2296367573415337,0.0007982901240627793,0.0008006691712414798,0.0009001327509632021,0.29890004425229666
2.09625e-09,7.425256389071237e-08,3.36006015315741e-08,0.299758337551016,0.001198542975313492,0.0011999116401551742,0.0011305820269557991,7.404497859163991e-07,5.473265076649555e-07,1.2318369956085757,0.0007989777286011655,0.0008013561728873538,0.0009011464108726859,0.29977263698268286
2.0999999999999998e-09,7.478076856301901e-08,3.3991326015876886e-08,0.3006314712860128,0.0011990656411543653,0.0012004371201348272,0.0011308138372864136,7.449801038430267e-07,5.498809388118571e-07,1.2340372342313406,0.0007996638965778736,0.0008020417187440671,0.0009021589644102565,0.3006458491896773
2.10375e-09,7.531161684353739e-08,3.4383438450106e-08,0.3015052223066116,0.0011995882564754246,0.0012009625453723194,0.0011310451851663551,7.495219125011409e-07,5.52437712772644e-07,1.2362374732080652,0.0008003486326778931,0.000802725813560125,0.0009031704154263809,0.3015196788760869
2.1075e-09,7.584511072612739e-08,3.477693719090064e-08,0.30237958862346365,0.001200110820007663,0.0012014879145921386,0.0011312760711481647,7.540751476570966e-07,5.549968082099253e-07,1.2384377125369852,0.0008010319415676156,0.0008034084620656525,0.0009041807677555313,0.302394124051887
2.11125e-09,7.638125214833981e-08,3.51718205828052e-08,0.30325456825436586,0.0012006333304903384,0.0012020132265271387,0.0011315064957892968,7.586397450702901e-07,5.575582034910852e-07,1.240637952216336,0.0008017138278951027,0.0008040896689727961,0.0009051900252153493,0.30326918273419806
2.115e-09,7.692004299159365e-08,3.556808695845652e-08,0.3041301592242381,0.001201155786670928,0.001202538479918492,0.0011317364596520395,7.632156408114437e-07,5.601218769230953e-07,1.2428381922443574,0.0008023942962900572,0.0008047694389753022,0.0009061981916067816,0.3041448529472629
2.11875e-09,7.746148508174656e-08,3.596573463830175e-08,0.3050063595650994,0.0012016781873050823,0.0012030636735156537,0.001131965963303447,7.678027714668374e-07,5.626878066351546e-07,1.245038432619292,0.0008030733513639925,0.0008054477767489964,0.0009072052707147905,0.3050211327224229
2.1225e-09,7.800558018959038e-08,3.63647619307458e-08,0.3058831673160465,0.001202200531156584,0.0012035888060763112,0.001132195007315272,7.724010737141744e-07,5.652559704688972e-07,1.2472386733393834,0.0008037509977100836,0.0008061246869516371,0.0009082112663080901,0.30589802009809475
2.12625e-09,7.855233003133033e-08,3.6765167131920904e-08,0.306760580523229,0.0012027228169973075,0.0012041138763663399,0.0011324235922638968,7.770104844325483e-07,5.678263460433553e-07,1.2494389144028777,0.0008044272399032329,0.0008068001742232096,0.0009092161821394985,0.30677551311974727
2.13e-09,7.910173626869998e-08,3.716694852550962e-08,0.3076385972398257,0.0012032450436071668,0.0012046388831597615,0.0011326517187302619,7.81630940546913e-07,5.7039891073233e-07,1.2516391558080178,0.0008051020825000586,0.0008074742431856992,0.0009102200219451455,0.3076536098398777
2.13375e-09,7.965380050931389e-08,3.757010438287524e-08,0.3085172155260199,0.0012037672097740839,0.0012051638252387044,0.0011328793872998008,7.862623792120102e-07,5.729736418010482e-07,1.253839397553056,0.0008057755300392567,0.0008081468984430269,0.0009112227894449784,0.308532308317989
2.1375e-09,8.020852430733796e-08,3.7974632962946636e-08,0.3093964334489828,0.0012042893142939386,0.00120568870139335,0.0011331065985623705,7.909047380357714e-07,5.755505164605662e-07,1.2560396396362383,0.0008064475870413785,0.0008088181445811708,0.0009122244883429198,0.3094116066205661
2.14125e-09,8.076590916378445e-08,3.838053251234866e-08,0.310276249082842,0.0012048113559705274,0.0012062135104219003,0.0011333333531121886,7.955579547622894e-07,5.781295117884945e-07,1.2582398820558194,0.0008071182580090908,0.0008094879861683607,0.0009132251223274213,0.310291502821053
2.145e-09,8.132595652697381e-08,3.878780126502693e-08,0.31115666050866275,0.001205333333615524,0.0012067382511305282,0.0011335596515477603,8.00221967313853e-07,5.807106047179681e-07,1.2604401248100516,0.0008077875474272016,0.0008101564277550353,0.0009142246950702285,0.3111719949998301
2.14875e-09,8.188866779273293e-08,3.919643744271794e-08,0.3120376658144252,0.0012058552460484306,0.0012072629223333377,0.0011337854944718242,8.048967136827176e-07,5.832937720172899e-07,1.262640367897194,0.0008084554597626603,0.0008108234738742519,0.0009152232102268855,0.3120530812441903
2.1525e-09,8.245404430488253e-08,3.9606439254650895e-08,0.31291926309499885,0.0012063770920965457,0.0012077875228523164,0.001134010882491275,8.095821321001409e-07,5.858789901722344e-07,1.2648406113154982,0.0008091219994650423,0.0008114891290413792,0.0009162206714371868,0.31293475964831596
2.15625e-09,8.30220873554729e-08,4.0017804897207194e-08,0.3138014504521206,0.001206898870594912,0.0012083120515173022,0.0011342358162171082,8.142781612716717e-07,5.88466235508501e-07,1.2670408550632282,0.0008097871709663606,0.0008121533977540983,0.0009172170823253015,0.31381702831325636
2.16e-09,8.35927981856737e-08,4.0430532554241473e-08,0.3146842259943725,0.0012074205803862847,0.0012088365071659308,0.001134460296264351,8.189847403443884e-07,5.910554841397571e-07,1.2692410991386434,0.0008104509786810771,0.0008128162844926063,0.0009182124464996535,0.31469988534690463
2.16375e-09,8.416617798605434e-08,4.0844620396888475e-08,0.3155675878371573,0.0012079422203210796,0.001209360888643601,0.0011346843232520052,8.237018086982917e-07,5.936467121423072e-07,1.2714413435400131,0.0008111134270060121,0.0008134777937196522,0.0009192067675530414,0.3155833288639739
2.1675e-09,8.474222789702333e-08,4.126006658354187e-08,0.3164515341026764,0.0012084637892573419,0.0012098851948034277,0.0011349078978029762,8.284293058119521e-07,5.962398955248545e-07,1.2736415882655958,0.0008117745203206079,0.0008141379298808082,0.0009202000490625606,0.31646735698597506
2.17125e-09,8.532094900881351e-08,4.167686925995506e-08,0.31733606291990624,0.0012089852860606971,0.001210409424506206,0.0011351310205440237,8.331671713738261e-07,5.988350102952662e-07,1.275841833313664,0.0008124342629869841,0.0008147966974041242,0.0009211922945898405,0.31735196784119374
2.175e-09,8.590234236255966e-08,4.209502655944191e-08,0.3182211724245772,0.001209506709604316,0.0012109335766203604,0.0011353536921056833,8.379153453140391e-07,6.014320322943198e-07,1.278042078682486,0.0008130926593499981,0.0008154541007003796,0.0009221835076803492,0.31823715956466747
2.17875e-09,8.648640894993175e-08,4.2514536602398203e-08,0.3191068607591474,0.0012100280587688706,0.0012114576500219128,0.001135575913122223,8.426737676298825e-07,6.040309370280372e-07,1.2802423243703367,0.0008137497137369365,0.0008161101441632121,0.0009231736918640229,0.3191229302981625
2.1825e-09,8.707314971391906e-08,4.2935397496628564e-08,0.3199931260727811,0.0012105493324424924,0.0012119816435944358,0.0011357976842315733,8.474423788557872e-07,6.066317000709806e-07,1.2824425703754905,0.0008144054304578128,0.0008167648321690406,0.0009241628506555635,0.32000927819015135
2.18625e-09,8.766256554933842e-08,4.335760733727024e-08,0.32087996652132866,0.0012110705295207348,0.0012125055562290127,0.0011360190060752656,8.522211200102904e-07,6.092342970314561e-07,1.2846428166962227,0.0008150598138058029,0.0008174181690773164,0.0009251509875539314,0.3208962013957894
2.19e-09,8.825465730334814e-08,4.3781164206732975e-08,0.32176738026729984,0.0012115916489065348,0.0012130293868241988,0.0011362398792983828,8.570099322456851e-07,6.118387032376022e-07,1.2868430633308172,0.0008157128680569521,0.0008180701592302913,0.0009261381060422742,0.3217836980768925
2.1937499999999998e-09,8.884942577557506e-08,4.420606617492429e-08,0.32265536547984347,0.0012121126895101647,0.0012135531342859762,0.0011364603045494893,8.61808756762804e-07,6.144448938615978e-07,1.2890433102775556,0.0008163645974701148,0.0008187208069533063,0.0009271242095884961,0.3226717664019141
2.1975e-09,8.944687171867212e-08,4.463231129870232e-08,0.3235439203347232,0.001212633650249201,0.001214076797527717,0.0011366802824805842,8.666175352666357e-07,6.170528440070486e-07,1.2912435575347154,0.0008170150062876493,0.0008193701165546391,0.0009281093016457703,0.32356040454592283
2.20125e-09,9.004699583862434e-08,4.505989762254074e-08,0.324433043014296,0.0012131545300484807,0.0012146003754701423,0.0011368998137470385,8.714362098148279e-07,6.196625287638676e-07,1.2934438051005916,0.0008176640987348581,0.0008200180923256939,0.0009290933856519357,0.3244496106905793
2.205e-09,9.064979879551369e-08,4.5488823178012905e-08,0.3253227317074876,0.0012136753278400617,0.00121512386704128,0.0011371188990075332,8.762647227899799e-07,6.222739230076296e-07,1.2956440529734687,0.0008183118790200967,0.0008206647385410181,0.0009300764650292912,0.3253393830241138
2.20875e-09,9.125528120364299e-08,4.591908598406376e-08,0.32621298460977355,0.0012141960425631835,0.0012156472711764266,0.0011373375389240117,8.811030168221253e-07,6.248870015056413e-07,1.2978443011516392,0.0008189583513351122,0.0008213100594583687,0.0009310585431865101,0.32622971974130366
2.2125e-09,9.186344363201848e-08,4.635068404687177e-08,0.3271037999231533,0.0012147166731642312,0.0012161705868181066,0.001137555734161622,8.85951034925951e-07,6.275017389333834e-07,1.3000445496333954,0.00081960351985494,0.0008219540593186046,0.0009320396235161268,0.32712061904345086
2.21625e-09,9.247428660499907e-08,4.6783615359829426e-08,0.3279951758561278,0.0012152372185966888,0.0012166938129160333,0.0011377734853886563,8.908087204311966e-07,6.301181100051182e-07,1.3022447984170356,0.0008202473887380001,0.0008225967423460928,0.0009330197093947303,0.32801207913835917
2.22e-09,9.308781060229002e-08,4.7217877903838044e-08,0.328887110623679,0.0012157576778211098,0.0012172169484270683,0.001137990793276502,8.95676016706137e-07,6.32736089476109e-07,1.3044450475008573,0.0008208899621261432,0.000823238112748592,0.0009339988041840838,0.32890409824031164
2.22375e-09,9.370401605960529e-08,4.7653469647328906e-08,0.329779602447246,0.0012162780498050738,0.0012177399923151836,0.0011382076584995834,9.005528673648947e-07,6.353556521220637e-07,1.3066452968831652,0.0008215312441447607,0.0008238781747173476,0.0009349769112313575,0.3297966745700487
2.2275e-09,9.432290336875416e-08,4.8090388546253116e-08,0.33067264955470316,0.0012167983335231447,0.0012182629435514207,0.0011384240817353133,9.054392164216843e-07,6.37976772691575e-07,1.3088455465622582,0.0008221712389029176,0.0008245169324269054,0.0009359540338687201,0.3306898063547456
2.23125e-09,9.494447287830445e-08,4.8528632544163756e-08,0.3315662501803372,0.0012173185279568382,0.001218785801113852,0.0011386400636640328,9.103350083232487e-07,6.405994259459585e-07,1.3110457965364468,0.0008228099504934729,0.0008251543900355483,0.0009369301754131801,0.3315834918279892
2.235e-09,9.556872489417333e-08,4.8968199572359035e-08,0.332460402564825,0.001217838632094584,0.0012193085639875445,0.001138855604968964,9.152401879695874e-07,6.432235864487977e-07,1.3132460468040374,0.0008234473829930444,0.0008257905516850066,0.0009379053391669705,0.3324777292297565
2.23875e-09,9.619565967984056e-08,4.9409087549623944e-08,0.33335510495521176,0.001218358644931681,0.0012198312311645172,0.0011390707063361565,9.201547007212575e-07,6.458492286466903e-07,1.3154462973633412,0.000824083540462151,0.0008264254215005664,0.0009388795284174925,0.33337251680639235
2.2425e-09,9.682527745715148e-08,4.9851294382504695e-08,0.33425035560488836,0.0012188785654702644,0.001220353801643705,0.001139285368454435,9.250784919212367e-07,6.484763270524974e-07,1.317646548212674,0.000824718426945125,0.0008270590035915201,0.0009398527464374204,0.3342678528105869
2.24625e-09,9.745757840600764e-08,5.029481796517828e-08,0.33514615277356935,0.0012193983927192707,0.001220876274430919,0.0011394995920153464,9.300115070461003e-07,6.5110485623625e-07,1.319846799350351,0.0008253520464701266,0.0008276913020507465,0.000940824996484539,0.33516373550135337
2.25e-09,9.809256266517887e-08,5.073965617970742e-08,0.33604249472726955,0.0012199181256943939,0.0012213986485388104,0.0011397133777131154,9.349536919326195e-07,6.537347906591157e-07,1.3220470507746886,0.0008259844030493646,0.0008283223209549054,0.0009417962818020723,0.33606016314400633
2.25375e-09,9.873023033251228e-08,5.1185806895860165e-08,0.3369393797382845,0.001220437763418053,0.0012219209229868324,0.0011399267262445871,9.399049928363758e-07,6.56366104435004e-07,1.3242473024840151,0.0008266155006789299,0.0008289520643647735,0.0009427666056183589,0.3369571340101394
2.2575e-09,9.937058146534885e-08,5.1633267971109866e-08,0.33783680608516736,0.0012209573049193527,0.0012224430968011991,0.0011401396383091812,9.448653563421044e-07,6.5899877160887e-07,1.3264475544766496,0.0008272453433390131,0.0008295805363251483,0.0009437359711470696,0.337854646377603
2.26125e-09,1.0001361608117661e-07,5.2082037250542874e-08,0.3387347720527037,0.0012214767492340463,0.0012229651690148504,0.0011403521146088422,9.498347291507188e-07,6.616327665150373e-07,1.3286478067509204,0.000827873934993982,0.0008302077408644942,0.0009447043815874099,0.33875269853048207
2.265e-09,1.0065933415751914e-07,5.253211256741503e-08,0.3396332759318952,0.0012219960954045,0.001223487138667415,0.0011405641558479924,9.548130582295716e-07,6.642680635057638e-07,1.3308480593051586,0.0008285012795923874,0.0008308336819954576,0.0009456718401242117,0.3396512887590756
2.26875e-09,1.0130773563266351e-07,5.298349174280861e-08,0.3405323160199337,0.0012225153424796568,0.0012240090048051728,0.0011407757627334778,9.598002909991329e-07,6.66904636652202e-07,1.333048312137697,0.0008291273810672871,0.0008314583637148141,0.0009466383499283285,0.34055041535987285
2.2725e-09,1.0195882040594938e-07,5.3436172585728066e-08,0.3414318906201794,0.0012230344895149982,0.0012245307664810194,0.0011409869359745315,9.647963751169502e-07,6.695424599926477e-07,1.3352485652468715,0.0008297522433361036,0.000832081790003704,0.0009476039141564605,0.3414500766355326
2.27625e-09,1.02612588338111e-07,5.3890152893124546e-08,0.3423319980421408,0.001223553535572507,0.0012250524227544227,0.0011411976762827087,9.698012585731297e-07,6.721815076936705e-07,1.3374488186310192,0.0008303758703004368,0.0008327039648274762,0.0009485685359508634,0.3423502708948608
2.28e-09,1.032690392519139e-07,5.4345430450201717e-08,0.34323263660145303,0.0012240724797206377,0.0012255739726913938,0.0011414079843718604,9.748148897522378e-07,6.748217540183762e-07,1.3396490722884846,0.0008309982658463719,0.000833324892135678,0.00094953221843927,0.3432509964527891
2.28375e-09,1.0392817293230089e-07,5.480200303017179e-08,0.3441338046198532,0.001224591321034273,0.0012260954153644466,0.0011416178609580732,9.798372173953822e-07,6.774631732717701e-07,1.3418493262176092,0.0008316194338446205,0.0008339445758619692,0.0009504949647354105,0.344152251630353
2.2875e-09,1.0458998912697937e-07,5.5259868394958577e-08,0.3450355004251613,0.0012251100585946903,0.0012266167498525644,0.0011418273067596279,9.84868190426045e-07,6.801057397546659e-07,1.3440495804167416,0.0008322393781504697,0.0008345630199244457,0.0009514567779388562,0.34505403475466984
2.29125e-09,1.0525448754651798e-07,5.571902429445801e-08,0.34593772235125936,0.0012256286914895268,0.001227137975241157,0.0011420363224969533,9.89907758063766e-07,6.827494276625531e-07,1.3462498348842333,0.000832858102603853,0.0008351802282257599,0.0009524176611350368,0.3459563441589179
2.295e-09,1.0592166786505214e-07,5.6179468467102294e-08,0.3468404687380657,0.0012261472188127465,0.0012276590906220325,0.001142244908892587,9.949558698895905e-07,6.853942110654863e-07,1.3484500896184344,0.0008334756110294135,0.0008357962046530579,0.0009533776173955812,0.34685917818231427
2.29875e-09,1.0659152972041215e-07,5.6641198639745523e-08,0.34774373793151814,0.0012266656396646002,0.0012281800950933563,0.0011424530666711186,1.0000124758587747e-06,6.880400642055055e-07,1.3506503446177038,0.0008340919072365397,0.0008364109530778988,0.0009543366497783962,0.34776253517009326
2.3025e-09,1.0726407271470726e-07,5.7104212527695896e-08,0.34864752828354945,0.0012271839531515921,0.001228700987759617,0.0011426607965591559,1.0050775262891488e-06,6.906869613677e-07,1.3528505998804012,0.0008347069950194621,0.0008370244773565924,0.0009552947613272794,0.34866641347348476
2.30625e-09,1.0793929641468964e-07,5.7568507834996916e-08,0.34955183815206686,0.0012277021583864483,0.001229221767731592,0.0011428680992852764,1.0101509719039307e-06,6.933348767927463e-07,1.355050855404885,0.0008353208781573546,0.0008376367813302646,0.0009562519550720132,0.3495708114496936
2.31e-09,1.0861720035207055e-07,5.803408225426731e-08,0.35045666590092994,0.0012282202544880761,0.0012297424341263087,0.0011430749755799898,1.0152327634978476e-06,6.959837848228169e-07,1.3572511111895236,0.0008359335604142703,0.0008382478688246435,0.0009572082340285539,0.3504757274618773
2.3137499999999998e-09,1.0929778402383716e-07,5.8500933467029665e-08,0.35136200989993105,0.001228738240581535,0.001230262986067014,0.0011432814261756882,1.0203228520986917e-06,6.986336598197913e-07,1.3594513672326816,0.0008365450455391454,0.0008388577436501968,0.0009581636011992077,0.35138115987912477
2.3175e-09,1.0998104689256231e-07,5.896905914365793e-08,0.3522678685247721,0.0012292561157979968,0.0012307834226831349,0.0011434874518066079,1.02542118906791e-06,7.01284476289083e-07,1.361651623532735,0.0008371553372658488,0.0008394664096021586,0.0009591180595724843,0.3522871070764359
2.32125e-09,1.106669883867895e-07,5.94384569435502e-08,0.35317424015704435,0.0012297738792747166,0.001231303743110248,0.0011436930532087869,1.0305277262330784e-06,7.039362085145473e-07,1.363851880088053,0.0008377644393133898,0.0008400738704606447,0.0009600716121234493,0.35319356743469904
2.325e-09,1.1135560790156272e-07,5.990912451493643e-08,0.35408112318420665,0.0012302915301549958,0.0012318239464900378,0.0011438982311200222,1.0356424156065411e-06,7.065888307543223e-07,1.366052136897013,0.0008383723553859777,0.0008406801299908278,0.000961024261813678,0.3541005393406707
2.32875e-09,1.1204690479852299e-07,6.03810594951944e-08,0.35498851599956355,0.0012308090675881463,0.00123234403197027,0.0011441029862798346,1.0407652093791965e-06,7.092423174510616e-07,1.3682523939580005,0.00083897908917304,0.0008412851919428622,0.000961976011591015,0.3550080211869542
2.3325e-09,1.1274087840631286e-07,6.08542595107252e-08,0.35589641700224683,0.001231326490729462,0.001232863998704752,0.001144307319429418,1.0458960601650923e-06,7.118966429583642e-07,1.3704526512693898,0.0008395846443494855,0.0008418890600517903,0.0009629268643896692,0.3559160113719784
2.33625e-09,1.1343752802123323e-07,6.132872217720814e-08,0.356804824597192,0.0012318437987401808,0.0012333838458533023,0.0011445112313116027,1.051034920953256e-06,7.14551781707047e-07,1.372652908829573,0.0008401890245755125,0.000842491738037757,0.0009638768231305582,0.3568245082999769
2.3399999999999998e-09,1.1413685290706212e-07,6.180444509955762e-08,0.3577137371951168,0.0012323609907874515,0.001233903572581711,0.0011447147226708253,1.0561817450019985e-06,7.172077081872596e-07,1.3748531666369377,0.0008407922334966186,0.0008430932296061022,0.0009648258907209989,0.35773351038096646
2.34375e-09,1.1483885229609038e-07,6.22814258721772e-08,0.3586231532125036,0.0012328780660443043,0.0012344231780617122,0.0011449177942530783,1.0613364858259395e-06,7.198643969454299e-07,1.3770534246898762,0.0008413942747438822,0.0008436935384473529,0.0009657740700549027,0.358643016030727
2.3475e-09,1.1554352538881757e-07,6.275966207879699e-08,0.3595330710715743,0.001233395023689613,0.0012349426614709457,0.0011451204468058737,1.0664990972828881e-06,7.225218225149728e-07,1.379253682986784,0.0008419951519338652,0.0008442926682373479,0.0009667213640128703,0.3595530236707798
2.35125e-09,1.1625087135472981e-07,6.323915129282259e-08,0.3604434892002733,0.001233911862908063,0.001235462021992926,0.0011453226810782067,1.071669533640801e-06,7.251799594895343e-07,1.3814539415260632,0.0008425948686686403,0.0008448906226372528,0.0009676677754621801,0.36046353172836737
2.355e-09,1.1696088933268151e-07,6.371989107722417e-08,0.3613544060322437,0.00123442858289012,0.0012359812588170088,0.0011455244978205148,1.0768477495460698e-06,7.278387825863559e-07,1.383654200306106,0.0008431934285359194,0.0008454874052935184,0.0009686133072567535,0.3613745386364321
2.35875e-09,1.1767357843112074e-07,6.420187898477955e-08,0.3622658200068074,0.0012349451828319999,0.0012365003711383533,0.0011457258977846424,1.0820336998304437e-06,7.304982664451513e-07,1.3858544593253286,0.0008437908351092482,0.0008460830198379134,0.0009695579622376385,0.3622860428335962
2.3625e-09,1.1838893772841106e-07,6.468511255794037e-08,0.36317772956894717,0.001235461661935627,0.0012370193581578968,0.0011459268817238023,1.0872273394349416e-06,7.331583856775723e-07,1.3880547185821288,0.0008443870919478641,0.0008466774698877348,0.0009705017432327528,0.36319804276414014
2.36625e-09,1.1910696627287645e-07,6.516958932899981e-08,0.3640901331692801,0.0012359780194086136,0.0012375382190823148,0.0011461274503925419,1.0924286234130447e-06,7.358191150627929e-07,1.3902549780749247,0.00084498220259677,0.0008472707590460243,0.0009714446530570513,0.36411053687798267
2.37e-09,1.1982766308335162e-07,6.565530682037548e-08,0.36500302926404277,0.0012364942544642182,0.0012380569531239935,0.0011463276045467002,1.0976375072429624e-06,7.384804294686068e-07,1.3924552378021293,0.0008455761705869238,0.0008478628909013388,0.0009723866945122168,0.3650235236306601
2.37375e-09,1.2055102714945692e-07,6.614226254445021e-08,0.3659164163150679,0.0012370103663213211,0.0012385755595009935,0.0011465273449433756,1.1028539468517108e-06,7.41142303890923e-07,1.394655497762159,0.0008461689994351168,0.0008484538690278831,0.0009733278703869542,0.3659370014833061
2.3775e-09,1.2127705743200682e-07,6.66304540039591e-08,0.36683029278976503,0.001237526354204382,0.0012390940374370177,0.0011467266723408913,1.1080778984028564e-06,7.438047133775828e-07,1.3968557579534353,0.000846760692644088,0.0008490436969856102,0.0009742681834573007,0.3668509689026303
2.38125e-09,1.220057528633455e-07,6.711987869188368e-08,0.3677446571610977,0.0012380422173434217,0.0012396123861613828,0.0011469255874987597,1.1133093182583716e-06,7.464676329623441e-07,1.3990560183743848,0.0008473512537026589,0.0008496323783202855,0.000975207636486488,0.36776542436089876
2.385e-09,1.2273711234761327e-07,6.761053409157558e-08,0.368659507907567,0.001238557954973981,0.001240130604908981,0.0011471240911776455,1.118548163153152e-06,7.491310377361351e-07,1.4012562790234318,0.000847940686085675,0.00085021991656349,0.0009761462322248952,0.3686803663359131
2.38875e-09,1.2347113476093953e-07,6.810241767685642e-08,0.3695748435131884,0.0012390735663370925,0.0012406486929202555,0.0011473221841393289,1.1237943899950645e-06,7.517949028356235e-07,1.4034565398990042,0.0008485289932541886,0.0008508063152327047,0.0009770839734100799,0.36959579331099024
2.3925e-09,1.2420781895205338e-07,6.859552691222117e-08,0.37049066246747064,0.0012395890506792487,0.0012411666494411622,0.0011475198671466777,1.1290479560451363e-06,7.544592035635713e-07,1.4056568009995425,0.0008491161786554781,0.0008513915778313217,0.0009780208627667175,0.3705117037749427
2.39625e-09,1.2494716374223967e-07,6.908985925252218e-08,0.3714069632653996,0.0012401044072523724,0.0012416844737231406,0.0011477171409636098,1.134308818845593e-06,7.571239151221667e-07,1.407857062323479,0.0008497022457230907,0.0008519757078487027,0.0009789569030069162,0.3714280962220576
2.4e-09,1.2568916792598818e-07,6.958541214372472e-08,0.3723237444074139,0.001240619635313782,0.0012422021650230824,0.0011479140063550544,1.1395769361357813e-06,7.597890127466556e-07,1.4100573238692555,0.0008502871978767214,0.0008525587087603451,0.0009798920968301713,0.3723449691520774
2.40375e-09,1.2643383027108598e-07,7.008218302216498e-08,0.3732410043993871,0.0012411347341261655,0.0012427197226033027,0.0011481104640869335,1.1448522659171622e-06,7.624544718008667e-07,1.4122575856353143,0.0008508710385224445,0.0008531405840277839,0.0009808264469230916,0.373262321070179
2.4075e-09,1.2718114951890587e-07,7.058016931541576e-08,0.3741587417526066,0.0012416497029575468,0.0012432371457315019,0.001148306514926113,1.1501347665002735e-06,7.651202678786781e-07,1.4144578476201026,0.0008514537710527534,0.0008537213370988102,0.0009817599559599002,0.37418015048695397
2.41125e-09,1.2793112438471867e-07,7.107936844204506e-08,0.37507695498375476,0.0012421645410812567,0.0012437544336807442,0.001148502159640377,1.1554243964684301e-06,7.67786376609628e-07,1.41665810982207,0.0008520353988465806,0.0008543009714073705,0.0009826926266024558,0.3750984559183889
2.415e-09,1.2868375355818557e-07,7.157977781175921e-08,0.3759956426148879,0.001242679247775901,0.0012442715857294154,0.0011486973989984011,1.1607211147762522e-06,7.704527737423826e-07,1.4188583722396748,0.0008526159252694096,0.0008548794903735343,0.0009836244615003744,0.376017235885845
2.41875e-09,1.2943903570352759e-07,7.208139482570018e-08,0.37691480317341713,0.0012431938223253316,0.0012447886011612052,0.0011488922337697081,1.1660248808775212e-06,7.731194351373741e-07,1.421058634871366,0.0008531953536734082,0.0008554568974036914,0.0009845554632909508,0.3769364889160386
2.4225e-09,1.3019696946014594e-07,7.258421687640156e-08,0.37783443519208887,0.0012437082640186171,0.0012453054792650642,0.0011490866647246513,1.1713356543954501e-06,7.757863366370787e-07,1.423258897715611,0.0008537736873973055,0.0008560331958906211,0.0009854856345990258,0.37785621354102106
2.42625e-09,1.309575534426363e-07,7.308824134755477e-08,0.37875453720896257,0.0012442225721500102,0.0012458222193351839,0.0011492806926343706,1.176653395087784e-06,7.784534541306965e-07,1.4254591607708662,0.000854350929766571,0.0008566083892135628,0.0009864149780372843,0.3787764082981599
2.43e-09,1.317207862409963e-07,7.35934656149755e-08,0.3796751077673945,0.001244736746018921,0.0012463388206709577,0.0011494743182707669,1.181978062861782e-06,7.81120763897445e-07,1.427659424035605,0.0008549270840934192,0.0008571824807382825,0.0009873434962063504,0.3796970717301177
2.4337499999999998e-09,1.3248666642091176e-07,7.409988704598708e-08,0.3805961454160162,0.0012452507849298876,0.0012468552825769578,0.0011496675424064755,1.1873096178443848e-06,7.837882422995379e-07,1.4298596875082932,0.0008555021536767608,0.0008577554738169791,0.000988271191694565,0.3806182023848331
2.4375e-09,1.3325519252417506e-07,7.4607502999955e-08,0.3815176487087147,0.0012457646881925406,0.0012473716043629015,0.0011498603658148302,1.192648020487545e-06,7.864558656495941e-07,1.4320599511874093,0.0008560761418022483,0.0008583273717883821,0.0009891980670782945,0.38153979881550154
2.44125e-09,1.3402636306875126e-07,7.511631082816741e-08,0.382439616204614,0.0012462784551215843,0.0012478877853436211,0.001150052789269837,1.1979932315005803e-06,7.891236105240361e-07,1.4342602150714225,0.0008566490517425181,0.0008588981779778632,0.0009901241249218962,0.3824618595805552
2.445e-09,1.348001765492066e-07,7.56263078741308e-08,0.38336204646805433,0.0012467920850367583,0.0012484038248390377,0.0011502448135461425,1.2033452118975108e-06,7.917914534968085e-07,1.4364604791588176,0.0008572208867571408,0.0008594678956976832,0.0009910493677773803,0.38338438324364366
2.44875e-09,1.355766314369492e-07,7.613749147351825e-08,0.384284938068575,0.0012473055772628113,0.0012489197221741291,0.001150436439419005,1.2087039229443113e-06,7.944593710468988e-07,1.4386607434480823,0.0008577916500926939,0.0008600365282467579,0.0009919737981849367,0.3843073683736147
2.4525e-09,1.363557261807418e-07,7.664985895418818e-08,0.38520828958089137,0.001247818931129478,0.0012494354766789003,0.0011506276676642704,1.214069326215383e-06,7.971273397216629e-07,1.440861007937695,0.00085836134498283,0.000860604078910709,0.0009928974186727676,0.38523081354449507
2.45625e-09,1.3713745920657436e-07,7.716340763629433e-08,0.38613209958487954,0.001248332145971439,0.0012499510876883542,0.001150818499058336,1.2194413835609065e-06,7.997953363808679e-07,1.4430612726261542,0.0008589299746481499,0.0008611705509620672,0.0009938202317574189,0.3861547173354706
2.46e-09,1.3792182891828257e-07,7.767813483257134e-08,0.38705636666555276,0.0012488452211283031,0.0012504665545424664,0.0011510089343781278,1.2248200569465665e-06,8.024633379161007e-07,1.445261537511948,0.000859497542296418,0.0008617359476602789,0.0009947422399437817,0.3870790783308675
2.46375e-09,1.387088336976318e-07,7.819403784843036e-08,0.3879810894130483,0.0012493581559445718,0.001250981876586149,0.0011511989744010752,1.2302053085791747e-06,8.051313213494271e-07,1.447461802593576,0.0008600640511226039,0.0008623002722517839,0.0009956634457247491,0.3880038951201328
2.4675e-09,1.394984719045439e-07,7.871111398181173e-08,0.3889062664226012,0.001249870949769616,0.0012514970531692319,0.001151388619905073,1.2355971010046064e-06,8.077992637932058e-07,1.4496620678695358,0.0008606295043089125,0.0008628635279699296,0.0009965838515816124,0.38892916629781565
2.47125e-09,1.4029074187743352e-07,7.922936052367284e-08,0.38983189629453036,0.0012503836019576425,0.0012520120836464217,0.001151577871668468,1.2409953971177827e-06,8.104671423977855e-07,1.4518623333383376,0.0008611939050249445,0.000863425718035128,0.000997503459983744,0.3898548904635476
2.475e-09,1.4108564193373727e-07,7.974877475774674e-08,0.3907579776342171,0.0012508961118676732,0.0012525269673772867,0.0011517667304700198,1.2464001599638575e-06,8.131349343802718e-07,1.4540625989984803,0.0008617572564276433,0.000863986845654979,0.0009984222733888202,0.3907810662220241
2.47875e-09,1.4188317036966276e-07,8.026935396077677e-08,0.3916845090520879,0.0012514084788635097,0.0012530417037262189,0.0011519551970888805,1.2518113527977163e-06,8.158026171197391e-07,1.4562628648484799,0.0008623195616613697,0.0008645469140241786,0.0009993402942431327,0.39170769218298557
2.4825e-09,1.4268332546089423e-07,8.079109540265969e-08,0.39261148916359334,0.0012519207023137119,0.0012535562920624095,0.001152143272304569,1.257228939164558e-06,8.184701680663765e-07,1.4584631308868519,0.0008628808238579186,0.0008651059263246197,0.0010002575249814468,0.39263476696119837
2.48625e-09,1.434861054626139e-07,8.131399634640929e-08,0.3935389165891907,0.0012524327815915653,0.00125407073175982,0.0011523309568969445,1.2626528828739565e-06,8.211375647634854e-07,1.46066339711211,0.0008634410461366678,0.0008656638857254718,0.0010011739680270326,0.39356228917643576
2.49e-09,1.4429150860980458e-07,8.183805404855699e-08,0.3944667899543255,0.001252944716075057,0.0012545850221971557,0.0011525182516461767,1.2680831479491186e-06,8.238047849719255e-07,1.462863663522778,0.0008640002316046943,0.0008662207953833347,0.0010020896257919056,0.39449025745345945
2.49375e-09,1.4509953311745848e-07,8.236326575891303e-08,0.3953951078894112,0.0012534565051468488,0.0012550991627578389,0.0011527051573327278,1.2735196985416558e-06,8.264718064833619e-07,1.4650639301173811,0.0008645583833565628,0.0008667766584421964,0.0010030045006766942,0.3954186704220006
2.4975e-09,1.4591017718092827e-07,8.2889628720818e-08,0.3963238690298118,0.0012539681481942492,0.001255613152829976,0.0011528916747373193,1.2789624991145552e-06,8.291386070674859e-07,1.4672641968944442,0.0008651155044744864,0.0008673314780333467,0.00100391859507065,0.3963475267167411
2.50125e-09,1.467234389760311e-07,8.341714017133935e-08,0.3972530720158228,0.0012544796446091824,0.0012561269918063356,0.0011530778046409144,1.2844115142951863e-06,8.318051646049034e-07,1.4694644638525016,0.000865671598028379,0.0008678852572754338,0.0010048319113518636,0.39727682497729533
2.505e-09,1.4753931665923766e-07,8.394579734109102e-08,0.398182715492653,0.00125499099378817,0.0012566406790843214,0.00115326354782469,1.289866708932959e-06,8.344714570617258e-07,1.471664730990089,0.0008662266670758676,0.0008684379992747696,0.0010057444518871436,0.3982065638481912
2.50875e-09,1.483578083681116e-07,8.447559745440193e-08,0.39911279811040523,0.0012555021951322952,0.001257154214065939,0.0011534489050700112,1.2953280480860634e-06,8.371374625886521e-07,1.4738649983057417,0.0008667807146624285,0.0008689897071252083,0.0010066562190318724,0.39913674197885185
2.5125e-09,1.4917891222131228e-07,8.500653772970483e-08,0.40004331852405833,0.001256013248047183,0.0012576675961577775,0.0011536338771584108,1.3007954970259518e-06,8.398031594988047e-07,1.476065265798003,0.0008673337438213226,0.0008695403839083561,0.0010075672151303185,0.4000673580235772
2.51625e-09,1.50002626318981e-07,8.553861537945325e-08,0.40097427539344904,0.001256524151942973,0.0012581808247709761,0.0011538184648715647,1.3062690213702667e-06,8.424685262254924e-07,1.4782655334654182,0.0008678857575737826,0.0008700900326934186,0.0010084774425155269,0.4009984106415251
2.52e-09,1.5082894874297016e-07,8.607182761020962e-08,0.401905667383253,0.0012570349062342855,0.0012586938993212002,0.0011540026689912633,1.3117485868805682e-06,8.451335412383739e-07,1.480465801306535,0.0008684367589290121,0.0008706386565372464,0.0010093869035096164,0.40192989849669414
2.52375e-09,1.516578775570427e-07,8.66061716227655e-08,0.40283749316296646,0.001257545510340208,0.0012592068192286126,0.001154186490299401,1.3172341595617611e-06,8.477981830288623e-07,1.4826660693199079,0.0008689867508842214,0.000871186258484557,0.001010295600423724,0.40286182025790457
2.5275e-09,1.5248941080720285e-07,8.714164461220689e-08,0.4037697514068901,0.0012580559636842577,0.0012597195839178508,0.0011543699295779378,1.3227257056872156e-06,8.5046243023464e-07,1.4848663375040934,0.0008695357364246792,0.0008717328415678169,0.0010112035355580595,0.4037941745987797
2.53125e-09,1.5332354652165662e-07,8.767824376801746e-08,0.40470244079410783,0.0012585662656943652,0.0012602321928179994,0.001154552987608886,1.3282231916296618e-06,8.531262615988627e-07,1.487066605857649,0.0008700837185238042,0.0008722784088073709,0.0010121107112018698,0.40472696019772886
2.535e-09,1.5416028271128222e-07,8.821596627422772e-08,0.40563556000846956,0.0012590764158028392,0.0012607446453625614,0.001154735665174288,1.3337265838932225e-06,8.557896560104648e-07,1.489266874379135,0.0008706307001431689,0.0008728229632114548,0.0010130171296335697,0.4056601757379281
2.53875e-09,1.5499961736973622e-07,8.87548093094497e-08,0.406569107738575,0.0012595864134463482,0.0012612569409894343,0.0011549179630561924,1.3392358492145724e-06,8.584525925292621e-07,1.4914671430671251,0.0008711766842325151,0.0008733665077762574,0.001013922793120979,0.40659381990730303
2.5425e-09,1.5584154847349587e-07,8.929477004716239e-08,0.4075030826777537,0.001260096258065893,0.0012617690791408857,0.001155099882036631,1.3447509546505001e-06,8.611150501996324e-07,1.4936674119201807,0.0008717216737299164,0.0008739090454859966,0.0010148277039210862,0.4075278913985103
2.54625e-09,1.5668607398239358e-07,8.983584565550088e-08,0.40843748352404785,0.00126060594910678,0.0012622810592635232,0.0011552814228976028,1.3502718674652076e-06,8.63777008050731e-07,1.4958676809368807,0.0008722656715618143,0.0008744505793130493,0.0010157318642797606,0.40846238890892034
2.55e-09,1.575331918397817e-07,9.037803329750789e-08,0.4093723089801936,0.0012611154860185981,0.0012627928808082748,0.001155462586421041,1.3557985551373919e-06,8.664384453959099e-07,1.4980679501157979,0.0008728086806428745,0.0008749911122179382,0.0010166352764324487,0.4093973111405985
2.5537499999999998e-09,1.583828999725187e-07,9.092133013115408e-08,0.41030755775360517,0.0012616248682551926,0.0012633045432303574,0.0011556433733888075,1.3613309853482238e-06,8.690993417026112e-07,1.5002682194555148,0.0008733507038761309,0.0008755306471493212,0.0010175379426043158,0.4103326568002883
2.5575e-09,1.592351962915086e-07,9.146573330986158e-08,0.4112432285563547,0.001262134095274638,0.0012638160459892578,0.0011558237845826587,1.3668691259072709e-06,8.71759676757558e-07,1.5024684889546154,0.0008738917441530436,0.0008760691870440452,0.0010184398650094379,0.4112684245993931
2.56125e-09,1.6009007869148124e-07,9.201123998219308e-08,0.41217932010515634,0.0012626431665392183,0.0012643273885487008,0.001156003820784233,1.3724129447034339e-06,8.744194303827827e-07,1.5046687586116851,0.0008744318043536302,0.0008766067348272842,0.0010193410458515966,0.4122046132539583
2.565e-09,1.6094754505141343e-07,9.255784729230498e-08,0.41311583112134836,0.0012631520815153995,0.001264838570376629,0.0011561834827750288,1.3779624098654808e-06,8.770785824415359e-07,1.5068690284253143,0.0008749708873465204,0.0008771432934126558,0.001020241487324057,0.41314122148465404
2.56875e-09,1.6180759323483226e-07,9.310555237974332e-08,0.41405276033087335,0.0012636608396738023,0.0012653495909451765,0.0011563627713363836,1.3835174897297968e-06,8.797371128969162e-07,1.509069298394102,0.000875508995988886,0.0008776788657021557,0.00102114119160968,0.41407824801675724
2.5725e-09,1.6267022108966714e-07,9.36543523796487e-08,0.4149901064642658,0.0012641694404891836,0.0012658604497306442,0.0011565416872494543,1.3890781528729237e-06,8.823950018070938e-07,1.51126956851664,0.0008760461331265121,0.0008782134545861851,0.0010220401608807645,0.41501569158013485
2.57625e-09,1.6353542644873346e-07,9.420424442284014e-08,0.41592786825662764,0.0012646778834404084,0.0012663711462134746,0.0011567202312951985,1.3946443680844383e-06,8.850522293223943e-07,1.5134698387915326,0.0008765823015938737,0.0008787470629437335,0.0010229383972992431,0.4159535509092254
2.5799999999999998e-09,1.6440320713004682e-07,9.475522563590916e-08,0.4168660444476173,0.0012651861680104248,0.0012668816798782304,0.0011568984042543548,1.400216104292246e-06,8.877087756927787e-07,1.5156701092173823,0.0008771175042142089,0.0008792796936422711,0.001023835903016834,0.416891824743022
2.58375e-09,1.6527356093646093e-07,9.530729314119176e-08,0.41780463378142735,0.001265694293686243,0.001267392050213563,0.0011570762069074204,1.4057933306462365e-06,8.903646212471658e-07,1.5178703797928015,0.0008776517437996011,0.0008798113495378019,0.0010247326801749077,0.4178305118250552
2.5875e-09,1.6614648565674652e-07,9.5860444057153e-08,0.41874363500677225,0.00126620225995891,0.0012679022567121969,0.0011572536400346434,1.4113760164753172e-06,8.930197463826387e-07,1.5200706505163966,0.0008781850231509803,0.0008803420334749106,0.0010256287309047063,0.4187696109033756
2.59125e-09,1.6702197906488595e-07,9.641467549795248e-08,0.4196830468768654,0.001266710066323486,0.0012684122988708994,0.0011574307044159894,1.4169641312492964e-06,8.956741315548697e-07,1.5222709213867867,0.0008787173450581542,0.0008808717482868375,0.0010265240573273772,0.41970912073053646
2.595e-09,1.6790003892072084e-07,9.696998457395931e-08,0.4206228681494067,0.0012672177122790215,0.0012689221761904594,0.001157607400831136,1.4225576446625403e-06,8.983277573367982e-07,1.5244711924025878,0.0008792487122998584,0.0008814004967954986,0.0010274186615539967,0.42064904006357656
2.59875e-09,1.6878066297008643e-07,9.752636839175894e-08,0.4215630975865634,0.0012677251973285321,0.0012694318881756644,0.0011577837300594447,1.4281565266052936e-06,9.009806045484075e-07,1.5266714635624248,0.0008797791276438056,0.0008819282818116618,0.0010283125456854792,0.42158936766400334
2.6025e-09,1.6966384894495227e-07,9.808382405421322e-08,0.4225037339549512,0.0012682325209789742,0.001269941434335273,0.0011579596928799484,1.4337607471170114e-06,9.036326541000318e-07,1.5288717348649221,0.0008803085938467301,0.0008824551061349373,0.0010292057118127566,0.42253010229777554
2.60625e-09,1.705495945636583e-07,9.86423486606248e-08,0.4234447760256229,0.0012687396827412278,0.001270450814181994,0.0011581352900713355,1.4393702764773195e-06,9.062838870692384e-07,1.531072006308707,0.0008808371136543289,0.0008829809725538956,0.0010300981620165435,0.42347124273528614
2.61e-09,1.7143789753114863e-07,9.920193930678536e-08,0.4243862225740442,0.0012692466821300674,0.001270960027232465,0.0011583105224119241,1.4449850852590235e-06,9.089342845923879e-07,1.5332722778924128,0.000881364689801469,0.0008835058838460223,0.0010309898983677417,0.4244127877513457
2.61375e-09,1.723287555389923e-07,9.976259308520773e-08,0.425328072380084,0.0012697535186641377,0.0012714690730072247,0.00115848539067966,1.4506051440871933e-06,9.115838280455764e-07,1.5354725496146786,0.0008818913250122232,0.0008840298427776861,0.0010318809229273827,0.42535473612516594
2.6175e-09,1.7322216626581845e-07,1.0032430708508604e-07,0.42627032422799016,0.0012702601918659381,0.0012719779510306929,0.0011586598956520794,1.4562304236186128e-06,9.142324988543988e-07,1.5376728214741422,0.0008824170219998321,0.0008845528521041884,0.0010327712377466425,0.4262970866403416
2.62125e-09,1.7411812737700416e-07,1.0088707839244655e-07,0.4272129769063792,0.0012707667012617954,0.0012724866608311448,0.0011588340381063118,1.461860894656273e-06,9.168802785363767e-07,1.5398730934694453,0.000882941783466895,0.0008850749145699728,0.0010336608448668354,0.4272398380848346
2.625e-09,1.7501663652514964e-07,1.0145090409031954e-07,0.42815602920821627,0.0012712730463818385,0.0012729952019406928,0.0011590078188190493,1.4674965282871883e-06,9.195271486376558e-07,1.542073365599238,0.0008834656121051942,0.0008855960329086966,0.0010345497463194815,0.4281829892509575
2.62875e-09,1.7591769135029957e-07,1.0201578125843187e-07,0.4290994799307991,0.0012717792267599815,0.0012735035738952558,0.0011591812385665372,1.473137295723016e-06,9.221730908433689e-07,1.5442736378621695,0.0008839885105958606,0.0008861162098431063,0.0010354379441263899,0.4291265389353559
2.6325e-09,1.7682128947997353e-07,1.0258170697380414e-07,0.43004332787574007,0.0012722852419338971,0.0012740117762345445,0.0011593542981245578,1.4787831684952249e-06,9.248180869347781e-07,1.5464739102568943,0.0008845104816094162,0.0008866354480852596,0.001036325440299789,0.43007048593899255
2.63625e-09,1.7772742852954465e-07,1.0314867831047282e-07,0.4309875718489532,0.001272791091444998,0.001274519808502036,0.0011595269982684114,1.4844341182252663e-06,9.274621188424848e-07,1.5486741827820674,0.0008850315278058034,0.0008871537503363213,0.0010372122368421512,0.4310148290671305
2.64e-09,1.7863610610209307e-07,1.0371669233973596e-07,0.43193221066063486,0.0012732967748384108,0.0012750276702449476,0.0011596993397729022,1.4900901166871477e-06,9.301051686292488e-07,1.550874455436351,0.0008855516518344879,0.0008876711192867238,0.00103809833574636,0.43195956712931716
2.64375e-09,1.7954731978885402e-07,1.0428574613033102e-07,0.43287724312524734,0.0012738022916629573,0.0012755353610142217,0.0011598713234123237,1.4957511357440626e-06,9.327472184543438e-07,1.5530747282184096,0.0008860708563344868,0.0008881875576162609,0.001038983738995711,0.4329046989393672
2.6475e-09,1.804610671692405e-07,1.0485583674826037e-07,0.43382266806150327,0.0012743076414711285,0.001276042880364497,0.0011600429499604434,1.5014171472798571e-06,9.353882505821868e-07,1.5552750011269105,0.0008865891439344499,0.0008887030679940722,0.0010398684485641567,0.4338502233153466
2.65125e-09,1.8137734581071382e-07,1.054269612571276e-07,0.4347684842923479,0.0012748128238190702,0.0012765502278540895,0.001160214220190483,1.5070881235002504e-06,9.38028247354082e-07,1.557475274160525,0.0008871065172525689,0.0008892176530787316,0.0010407524664160007,0.43479613907955617
2.655e-09,1.8229615326951917e-07,1.0599911671812564e-07,0.4357146906449474,0.0012753178382665523,0.0012770574030449725,0.0011603851348751123,1.5127640368725084e-06,9.406671912411781e-07,1.5596755473179293,0.0008876229788967007,0.0008897313155182736,0.0010416357945059866,0.4357424450585152
2.65875e-09,1.832174870904354e-07,1.0657230019008167e-07,0.4366612859506662,0.0012758226843769553,0.0012775644055027485,0.0011605556947864258,1.5184448599734816e-06,9.433050648429084e-07,1.561875820597801,0.0008881385314643289,0.000890244057950225,0.0010425184347794575,0.43668914008294557
2.6625e-09,1.8414134480711473e-07,1.0714650872958668e-07,0.4376082690450545,0.0012763273617172415,0.0012780712347966337,0.0011607259006959343,1.5241305655001136e-06,9.459418509174638e-07,1.5640760939988192,0.0008886531775426598,0.0008907558830015911,0.0010434003891725185,0.43763622298775484
2.66625e-09,1.8506772394224776e-07,1.0772173939116323e-07,0.4385556387678336,0.0012768318698579413,0.0012785778904994358,0.0011608957533745469,1.5298211263139048e-06,9.485775323213672e-07,1.5662763675196756,0.000889166919708782,0.0008912667932891262,0.0010442816596119542,0.4385836926120217
2.67e-09,1.859966220075039e-07,1.0829798922737381e-07,0.4395033939628741,0.0012773362083731239,0.0012790843721875278,0.0011610652535925573,1.5355165153886872e-06,9.512120920554486e-07,1.5684766411590536,0.0008896797605296586,0.0008917767914192939,0.001045162248015234,0.43953154779897796
2.6737499999999998e-09,1.8692803650391336e-07,1.0887525528864135e-07,0.4404515334781874,0.0012778403768403854,0.0012795906794408293,0.0011612344021196316,1.5412167057649422e-06,9.538455132241172e-07,1.570676914915649,0.0008901917025621409,0.0008922858799883111,0.0010460421562907204,0.4404797873959939
2.6775e-09,1.8786196492167732e-07,1.0945353462371501e-07,0.441400056165903,0.0012783443748408182,0.0012800968118427882,0.0011614031997247967,1.5469216705280598e-06,9.564777790302603e-07,1.5728771887881574,0.0008907027483529658,0.0008927940615821359,0.0010469213863374424,0.4414284102545625
2.68125e-09,1.8879840474064913e-07,1.1003282427951268e-07,0.4423489608822589,0.001278848201958997,0.0012806027689803577,0.0011615716471764198,1.5526313830212948e-06,9.591088727310126e-07,1.5750774627752744,0.0008912129004388672,0.0008933013387764741,0.0010477999400453875,0.4423774152302825
2.685e-09,1.89737353430122e-07,1.1061312130119634e-07,0.44329824648758004,0.0012793518577829577,0.0012811085504439706,0.001161739745242203,1.5583458168616385e-06,9.61738777713482e-07,1.577277736875708,0.0008917221613464512,0.0008938077141368984,0.0010486778192952905,0.4433268011828432
2.68875e-09,1.906788084494697e-07,1.1119442273231269e-07,0.4442479118462646,0.0012798553419041704,0.0012816141558275272,0.0011619074946891596,1.5640649458278656e-06,9.643674774520112e-07,1.579478011088162,0.000892230533592414,0.000894313190218814,0.0010495550259589496,0.4442765669760087
2.6925e-09,1.9162276724788853e-07,1.1177672561482447e-07,0.44519795582677235,0.0012803586539175298,0.0012821195847283681,0.0011620748962836145,1.5697887438365665e-06,9.669949554681736e-07,1.5816782854113463,0.0008927380196835549,0.0008948177695675792,0.0010504315618991213,0.44522671147760245
2.69625e-09,1.925692272649116e-07,1.1236002698910369e-07,0.4461483773016011,0.0012808617934213231,0.001282624836747253,0.0011622419507911794,1.5755171850120168e-06,9.696211953982596e-07,1.5838785598439764,0.0008932446221167365,0.0008953214547185819,0.0010513074289698401,0.44617723355949124
2.7e-09,1.9351818593030934e-07,1.1294432389414594e-07,0.44709917514727826,0.001281364760017216,0.0012831299114883453,0.0011624086589767503,1.5812502435611653e-06,9.722461810751554e-07,1.586078834384767,0.0008937503433790533,0.0008958242481971364,0.0010521826290160671,0.44712813209756963
2.70375e-09,1.9446964066416847e-07,1.1352961336776859e-07,0.44805034824434026,0.0012818675533102341,0.0012836348085591902,0.0011625750216044846,1.5869878937327742e-06,9.748698964468648e-07,1.588279109032439,0.0008942551859479214,0.0008963261525186109,0.00105305716387383,0.44807940597174445
2.7075e-09,1.9542358887733796e-07,1.1411589244638546e-07,0.44900189547732305,0.001282370172908739,0.0012841395275706878,0.0011627410394377962,1.592730110009132e-06,9.77492325604778e-07,1.590479383785718,0.0008947591522909626,0.0008968271701884883,0.0010539310353701941,0.4490310540659194
2.71125e-09,1.963800279710947e-07,1.1470315816538632e-07,0.4499538157347378,0.0012828726184244102,0.0012846440681370825,0.0011629067132393428,1.5984768669904665e-06,9.801134527461965e-07,1.5926796586433307,0.0008952622448660634,0.0008973273037024233,0.0010548042453233854,0.44998307526797987
2.715e-09,1.9733895533760654e-07,1.1529140755913348e-07,0.45090610790906466,0.0012833748894722225,0.0012851484298759374,0.0011630720437710144,1.6042281394835026e-06,9.827332622159922e-07,1.5948799336040074,0.0008957644661214027,0.0008978265555461754,0.00105567679554306,0.45093546846977667
2.71875e-09,1.9830036836009799e-07,1.1588063766097452e-07,0.45185877089673177,0.0012838769856704333,0.0012856526124081146,0.0011632370317939131,1.6099839023486465e-06,9.853517384443276e-07,1.5970802086664793,0.0008962658184955973,0.0008983249281957543,0.001056548687830227,0.4518882325671121
2.7225e-09,1.9926426441285075e-07,1.164708455034447e-07,0.45281180359810147,0.0012843789066405522,0.0012861566153577599,0.0011634016780683529,1.6157441304257762e-06,9.879688658755468e-07,1.599280483829491,0.0008967663044178191,0.0008988224241175308,0.0010574199239771452,0.4528413664597233
2.72625e-09,2.0023064086107017e-07,1.1706202811817466e-07,0.45376520491745653,0.0012848806520073344,0.0012866604383522716,0.0011635659833538414,1.6215087987606735e-06,9.905846290569205e-07,1.6014807590917814,0.0008972659263076572,0.0008993190457681922,0.001058290505767206,0.4537948690512681
2.73e-09,2.0119949506144255e-07,1.176541825358489e-07,0.4547189737629817,0.00128538222139875,0.0012871640810222988,0.0011637299484090714,1.627277882612874e-06,9.931990126527993e-07,1.60368103445209,0.0008977646865751975,0.0008998147955947947,0.0010591604349751498,0.45474873924930925
2.73375e-09,2.0217082436196258e-07,1.1824730578680801e-07,0.4556731090467529,0.0012858836144459692,0.0012876675430017021,0.0011638935739919072,1.6330513573640956e-06,9.958120014141581e-07,1.6058813099091738,0.0008982625876210789,0.0009003096760348123,0.0010600297133671643,0.45570297596529985
2.7375e-09,2.0314462610232444e-07,1.188413949003406e-07,0.4566276096847179,0.0012863848307833466,0.0012881708239275529,0.0011640568608593763,1.6388291985374165e-06,9.984235801822908e-07,1.6080815854617752,0.0008987596318365368,0.0009008036895161411,0.001060898342700909,0.45665757811456764
2.74125e-09,2.0412089761382464e-07,1.1943644690541505e-07,0.45758247459668516,0.0012868858700483946,0.0012886739234400954,0.0011642198097676607,1.6446113818563257e-06,1.0010337339056812e-06,1.6102818611086558,0.0008992558216034841,0.0009012968384571647,0.0010617663247255295,0.45761254461630063
2.745e-09,2.0509963621972427e-07,1.200324588304111e-07,0.4585377027063056,0.0012873867318817702,0.0012891768411827458,0.0011643824214720737,1.6503978830830975e-06,1.0036424476924185e-06,1.612482136848574,0.0008997511592944591,0.0009017891252668149,0.0010626336611817408,0.4585678743935321
2.74875e-09,2.0608083923511758e-07,1.2062942770331208e-07,0.45949329294106034,0.0012878874159272568,0.0012896795768020592,0.0011645446967270693,1.6561886780858437e-06,1.0062497067267368e-06,1.6146824126802883,0.0009002456472726622,0.0009022805523445891,0.0010635003538018383,0.4595235663731253
2.7525e-09,2.070645039670916e-07,1.2122735055176838e-07,0.4604492442322447,0.0012883879218317396,0.0012901821299477164,0.001164706636286216,1.661983742854999e-06,1.008855496210357e-06,1.6168826886025685,0.0009007392878920906,0.0009027711220806318,0.0010643664043097252,0.460479619485759
2.75625e-09,2.0805062771498105e-07,1.218262244030281e-07,0.4614055555149528,0.0012888882492451906,0.001290684500272508,0.0011648682409021922,1.6677830534435524e-06,1.0114598014089608e-06,1.6190829646141787,0.0009012320834975002,0.000903260836855743,0.0010652318144209866,0.46143603266591254
2.76e-09,2.09039207770295e-07,1.224260462840988e-07,0.46236222572806374,0.001289388397820653,0.0012911866874323078,0.0011650295113267764,1.6735865860991954e-06,1.0140626077555815e-06,1.6212832407138955,0.0009017240364245405,0.0009037496990414056,0.001066096585842827,0.46239280485185175
2.76375e-09,2.1003024141696617e-07,1.230268132218575e-07,0.463319253814227,0.0012898883672142155,0.0012916886910860595,0.0011651904483108361,1.6793943171868622e-06,1.016663900800441e-06,1.6234835169004938,0.0009022151489997798,0.0009042377109998908,0.0010669607202741464,0.46334993498561317
2.7675e-09,2.1102372593142745e-07,1.2362852224305345e-07,0.4642766387198488,0.0012903881570850027,0.0012921905108957586,0.0011653510526043183,1.6852062231560802e-06,1.0192636662201755e-06,1.6256837931727508,0.0009027054235406966,0.0009047248750842987,0.0010678242194055011,0.46430742201299013
2.77125e-09,2.1201965858268073e-07,1.2423117037448915e-07,0.46523437939507334,0.0012908877670951466,0.0012926921465264316,0.0011655113249562405,1.6910222805591831e-06,1.0218618898756602e-06,1.627884069529452,0.000903194862355667,0.0009052111936385351,0.0010686870849193747,0.46526526488351844
2.775e-09,2.130180366324216e-07,1.24834754643018e-07,0.46619247479377407,0.0012913871969097799,0.0012931935976461192,0.0011656712661146829,1.6968424660968227e-06,1.0244585576662406e-06,1.6300843459693843,0.0009036834677441174,0.0009056966689973041,0.0010695493184901667,0.4662234625504612
2.77875e-09,2.1401885733514372e-07,1.2543927207555264e-07,0.4671509238735361,0.0012918864461970078,0.001293694863925856,0.0011658308768267755,1.7026667566013681e-06,1.0270536555366843e-06,1.6322846224913325,0.0009041712419964903,0.000906181303486241,0.0010704109217841784,0.46718201397079495
2.7825e-09,2.1502211793842942e-07,1.2604471969939537e-07,0.4681097255956401,0.001292385514627896,0.0012941959450396528,0.0011659901578386922,1.708495129014119e-06,1.029647169594264e-06,1.634484899094098,0.0009046581873943788,0.0009066650994218793,0.0010712718964596614,0.46814091810519487
2.78625e-09,2.160278156827055e-07,1.266510945419061e-07,0.4690688789250529,0.0012928844018764512,0.0012946968406644837,0.0011661491098956366,1.7143275604061469e-06,1.032239086142131e-06,1.6366851757764669,0.0009051443062105184,0.0009071480591117665,0.0010721322441666708,0.469100173918021
2.79e-09,2.1703594780161002e-07,1.2725839363099442e-07,0.4700283828304084,0.0012933831076196054,0.0012951975504802594,0.00116630773374184,1.7201640279572691e-06,1.0348293914848525e-06,1.638885452537248,0.0009056296007087717,0.000907630184854528,0.0010729919665473603,0.47005978037730334
2.7937499999999998e-09,2.180465115222476e-07,1.2786661399487915e-07,0.47098823628399644,0.0012938816315371934,0.0012956980741698168,0.0011664660301205479,1.72600450892994e-06,1.037418071979987e-06,1.6410857293752388,0.0009061140731441886,0.0009081114789398835,0.0010738510652360264,0.4710197364547279
2.7975e-09,2.190595040647328e-07,1.2847575266222544e-07,0.47194843826174643,0.00129437997331194,0.0012961984114188954,0.0011666239997740154,1.7318489806670303e-06,1.0400051141596893e-06,1.6432860062892518,0.0009065977257630546,0.0009085919436486316,0.0010747095418588914,0.47198004112562286
2.80125e-09,2.2007492264293305e-07,1.2908580666223718e-07,0.4729089877432162,0.001294878132629438,0.001296698561916127,0.0011667816434434916,1.7376974206642096e-06,1.0425905046389502e-06,1.6454862832780948,0.0009070805608029165,0.0009090715812527187,0.0010755673980343242,0.47294069336894373
2.805e-09,2.2109276446401915e-07,1.296967730248162e-07,0.47386988371157224,0.0012953761091781377,0.0012971985253530077,0.0011669389618692214,1.743549806517495e-06,1.045174230109087e-06,1.6476865603405821,0.0009075625804926632,0.0009095503940152765,0.0010764246353728564,0.4739016921672599
2.80875e-09,2.2211302672901012e-07,1.3030864878040563e-07,0.4748311251535843,0.0012958739026493237,0.0012976983014238946,0.001167095955790428,1.7494061159705068e-06,1.0477562774302509e-06,1.6498868374755293,0.0009080437870524874,0.0009100283841906426,0.001077281255476976,0.4748630365067401
2.8125e-09,2.2313570663253092e-07,1.3092143096028285e-07,0.4757927110596029,0.0012963715127370982,0.001298197889825972,0.0011672526259453074,1.755266326838747e-06,1.0503366334920899e-06,1.6520871146817584,0.0009085241826939682,0.0009105055540244064,0.001078137259941499,0.4758247253771392
2.81625e-09,2.2416080136323686e-07,1.3153511659626317e-07,0.4767546404235518,0.0012968689391383667,0.0012986972902592484,0.001167408973071029,1.7611304170264057e-06,1.052915285260208e-06,1.6542873919580947,0.0009090037696201598,0.0009109819057534827,0.0010789926503534377,0.47678675777178336
2.8199999999999998e-09,2.2518830810364605e-07,1.3214970272138668e-07,0.47771691224290774,0.0012973661815528215,0.001299196502426529,0.0011675649979037098,1.766998364560239e-06,1.0554922198336792e-06,1.6564876693033599,0.0009094825500255278,0.0009114574416060878,0.0010798474282921213,0.4777491326875566
2.82375e-09,2.26218224030218e-07,1.3276518636932706e-07,0.4786795255186944,0.0012978632396829194,0.0012996955260334087,0.0011677207011784262,1.772870147573791e-06,1.058067424389025e-06,1.6586879467163929,0.0009099605260960681,0.0009119321638018422,0.0010807015953292647,0.47871184912488723
2.8275e-09,2.272505463138004e-07,1.3338156457467702e-07,0.479642479255463,0.0012983601132338703,0.0013001943607882443,0.0011678760836291927,1.7787457442652341e-06,1.060640886131179e-06,1.660888224196023,0.0009104377000094047,0.0009124060745517941,0.0010815551530289269,0.4796749060877339
2.83125e-09,2.282852721192588e-07,1.3399883437314312e-07,0.4806057724612785,0.001298856801913621,0.0013006930064021459,0.0011680311459889587,1.7846251329293401e-06,1.0632125923971994e-06,1.6630885017410881,0.0009109140739346944,0.0009128791760584552,0.0010824081029476035,0.4806383025835716
2.835e-09,2.293223986057806e-07,1.3461699280134501e-07,0.4815694041477098,0.0012993533054328308,0.0013011914625889577,0.0011681858889896043,1.7905082919606696e-06,1.065782530650983e-06,1.665288779350431,0.0009113896500326375,0.0009133514705158188,0.0010832604466342092,0.4816020376233786
2.83875e-09,2.303619229270442e-07,1.352360368972593e-07,0.4825333733298135,0.0012998496235048674,0.001301689729065237,0.0011683403133619316,1.7963951999226803e-06,1.0683506884040784e-06,1.6674890570228917,0.0009118644304555865,0.0009138229601094541,0.0010841121856301648,0.48256611022162244
2.8425e-09,2.3140384223124972e-07,1.3585596369975877e-07,0.4834976790261217,0.0013003457558457788,0.0013021878055502452,0.001168494419835656,1.8022858354279148e-06,1.0709170532606275e-06,1.669689334757324,0.0009123384173477303,0.0009142936470165066,0.001084963321469575,0.48353051939624675
2.84625e-09,2.3244815366107255e-07,1.3647677024909682e-07,0.48446232025862346,0.0013008417021742845,0.0013026856917659271,0.0011686482091393953,1.8081801770834237e-06,1.0734816129421397e-06,1.6718896125525742,0.0009128116128450029,0.00091476353340568,0.001085813855679046,0.48449526416865696
2.85e-09,2.334948543538202e-07,1.3709845358668057e-07,0.48542729605276047,0.0013013374622117542,0.0013031833874368945,0.0011688016820006748,1.814078203624815e-06,1.0760443552349623e-06,1.6740898904075008,0.0009132840190750448,0.0009152326214373266,0.0010866637897775095,0.48546034356370776
2.85375e-09,2.3454394144173624e-07,1.3772101075542226e-07,0.4863926054374062,0.0013018330356822,0.0013036808922904089,0.001168954839145908,1.8199798939259745e-06,1.078605268000762e-06,1.676290168320959,0.0009137556381572809,0.0009157009132635052,0.001087513125276467,0.48642575660968934
2.8575e-09,2.355954120516074e-07,1.3834443879947762e-07,0.4873582474448554,0.0013023284223122478,0.0013041782060563701,0.0011691076813003947,1.8258852269106146e-06,1.0811643391977655e-06,1.6784904462918113,0.0009142264722029269,0.00091616841102805,0.0010883618636800432,0.48739150233831396
2.86125e-09,2.366492633052826e-07,1.3896873476438386e-07,0.4883242211108099,0.0013028236218311322,0.0013046753284672937,0.0011692602091883217,1.8317941815739255e-06,1.0837215569377237e-06,1.6806907243189206,0.0009146965233150449,0.0009166351168666181,0.0010892100064850603,0.4883575797847024
2.865e-09,2.3770549231942532e-07,1.3959389569735703e-07,0.48929052547436774,0.0013033186339706762,0.0013051722592583009,0.001169412423532742,1.8377067370641178e-06,1.0862769094044706e-06,1.68289100240116,0.0009151657935886449,0.0009171010329066378,0.0010900575551810324,0.48932398798737164
2.86875e-09,2.38764096206183e-07,1.402199186470294e-07,0.49025715957800714,0.001303813458465274,0.0013056689981670974,0.0011695643250555763,1.8436228725843172e-06,1.0888303848532791e-06,1.6850912805373939,0.0009156342851107282,0.000917566161267379,0.0010909045112502062,0.4902907259882207
2.8725e-09,2.3982507207228104e-07,1.4084680066373664e-07,0.49122412246757247,0.00130430809505188,0.0013061655449339632,0.0011697159144776125,1.8495425674845829e-06,1.091381971630454e-06,1.6872915587264992,0.000916101999960306,0.0009180305040599959,0.001091750876167513,0.49125779283251786
2.87625e-09,2.408884170202419e-07,1.4147453879949408e-07,0.49219141319226534,0.0013048025434699896,0.0013066618993017316,0.0011698671925184933,1.855465801239803e-06,1.0939316581937318e-06,1.689491836967359,0.000916568940208406,0.0009184940633875099,0.0010925966514007594,0.4922251875688875
2.88e-09,2.419541281475959e-07,1.421031301077714e-07,0.49315903080462753,0.0013052968034616228,0.0013071580610157757,0.0011700181598967064,1.861392553373367e-06,1.0964794330365874e-06,1.6916921152588482,0.0009170351079180528,0.0009189568413448358,0.0010934418384105104,0.49319290924929743
2.88375e-09,2.430222025474972e-07,1.4273257164415502e-07,0.4941269743605331,0.001305790874771314,0.0013076540298239954,0.0011701688173295875,1.8673228034375496e-06,1.0990252847487257e-06,1.6938923935998513,0.0009175005051443498,0.0009194188400189068,0.0010942864386502317,0.49416095692904527
2.8875e-09,2.4409263730836424e-07,1.4336286046576789e-07,0.4950952429191683,0.00130628475714609,0.0013081498054767957,0.0011703191655333073,1.8732565311426462e-06,1.101569202018122e-06,1.6960926719892635,0.0009179651339345866,0.0009198800614886902,0.00109513045356641,0.49512932966674605
2.89125e-09,2.4516542951438813e-07,1.4399399363160826e-07,0.49606383554302325,0.0013067784503354603,0.0013086453877270776,0.0011704692052228703,1.87919371625962e-06,1.1041111736644625e-06,1.6982929504259705,0.0009184289963281982,0.0009203405078251731,0.001095973884598512,0.4960980265243192
2.895e-09,2.462405762453182e-07,1.4462596820268866e-07,0.49703275129788,0.0013072719540913992,0.0013091407763302211,0.0011706189371121069,1.8851343386340374e-06,1.1066511885815621e-06,1.7004932289088697,0.0009188920943567974,0.0009208001810914314,0.0010968167331789351,0.49706704656697553
2.89875e-09,2.47318074576532e-07,1.4525878124198079e-07,0.49800198925279654,0.0013077652681683315,0.0013096359710440657,0.001170768361913668,1.8910783782266323e-06,1.1091892357254159e-06,1.7026935074368552,0.0009193544300442213,0.0009212590833427103,0.0010976590007331175,0.4980363888632042
2.9025e-09,2.483979215795211e-07,1.4589242981438334e-07,0.4989715484800948,0.0013082583923231157,0.0013101309716289015,0.0011709174803390308,1.89702581509994e-06,1.1117253041766565e-06,1.7048937860088282,0.000919816005406575,0.0009217172166264238,0.001098500688679607,0.4990060524847608
2.90625e-09,2.494801143213039e-07,1.4652691098689735e-07,0.49994142805535097,0.0013087513263150333,0.001310625777847453,0.0011710662930984675,1.902976629369336e-06,1.1142593830389947e-06,1.7070940646237025,0.000920276822452304,0.0009221745829821864,0.0010993417984299497,0.4999760365066539
2.91e-09,2.505646498650311e-07,1.471622218286118e-07,0.5009116270573788,0.0013092440699057721,0.001311120389464857,0.0011712148009010654,1.9089308012161872e-06,1.1167914615358596e-06,1.7092943432803758,0.0009207368831821904,0.0009226311844418306,0.0011001823313887635,0.5009463400071326
2.9137499999999998e-09,2.5165152526981925e-07,1.4779835941071798e-07,0.5018821445682193,0.001309736622859406,0.0013116148062486599,0.0011713630044547089,1.9148883109045327e-06,1.1193215290073405e-06,1.7114946219777627,0.0009211961895893563,0.000923087023029448,0.0011010222889539165,0.5019169620676741
2.9175e-09,2.527407375908908e-07,1.484353208067569e-07,0.5028529796731285,0.0013102289849423923,0.001312109027968792,0.0011715109044660842,1.9208491387439673e-06,1.1218495748326432e-06,1.713694900714779,0.0009216547436593481,0.0009235421007613998,0.0011018616725163865,0.5028879017729713
2.92125e-09,2.538322838795229e-07,1.4907310309228035e-07,0.5038241314605625,0.0013107211559235431,0.0013126030543975588,0.0011716585016406647,1.926813265134656e-06,1.1243755884729291e-06,1.7158951794903399,0.0009221125473701373,0.0009239964196464092,0.0011027004834603994,0.5038591582109193
2.925e-09,2.549261611833293e-07,1.497117033453076e-07,0.5047955990221665,0.001311213135574024,0.0013130968853096235,0.001171805796682708,1.9327806706368454e-06,1.1268995594308106e-06,1.71809545830337,0.0009225696026921248,0.0009244499816855927,0.0011035387231634098,0.5048307304726046
2.92875e-09,2.56022366546199e-07,1.5035111864604156e-07,0.5057673814527648,0.0013117049236673296,0.0013135905204819977,0.001171952790295258,1.938751335803685e-06,1.1294214772790677e-06,1.7202957371527923,0.0009230259115882264,0.0009249027888724651,0.0011043763929960227,0.505802617652291
2.9325e-09,2.5712089700826443e-07,1.5099134607700765e-07,0.5067394778503447,0.0013121965199792741,0.001314083959694018,0.0011720994831801322,1.944725241257948e-06,1.1319413316855125e-06,1.7224960160375318,0.0009234814760138789,0.0009253548431929803,0.001105213494322189,0.5067748188474086
2.93625e-09,2.582217496062462e-07,1.5163238272320382e-07,0.5077118873160447,0.0013126879242879783,0.0013145772027273407,0.0011722458760379296,1.9507023676962073e-06,1.1344591124040248e-06,1.7246962949565243,0.0009239362979171043,0.0009258061466255787,0.0011060500284994026,0.5077473331585408
2.94e-09,2.5932492137314944e-07,1.5227422567193027e-07,0.5086846089541447,0.001313179136373851,0.0013150702493659205,0.0011723919695680021,1.956682695892725e-06,1.1369748092833726e-06,1.7268965739087028,0.0009243903792385533,0.0009262567011412149,0.001106885996878542,0.508720159689412
2.94375e-09,2.604304093386685e-07,1.5291687201306385e-07,0.5096576418720515,0.0013136701560195786,0.0013155630993960028,0.0011725377644684813,1.9626662067116304e-06,1.139488412261793e-06,1.7290968528929989,0.0009248437219115475,0.0009267065087033727,0.0011077214008036434,0.5096932975468755
2.9475e-09,2.615382105290471e-07,1.5356031883904537e-07,0.5106309851802892,0.00131416098301011,0.0013160557526061027,0.0011726832614362482,1.968652881136239e-06,1.141999911367911e-06,1.7312971319083619,0.0009252963278620819,0.0009271555712680835,0.001108556241612171,0.5106667458409019
2.95125e-09,2.626483219672211e-07,1.542045632448051e-07,0.5116046379924818,0.0013146516171326408,0.0013165482087869964,0.001172828461166947,1.9746427002355573e-06,1.144509296725184e-06,1.7334974109537347,0.0009257481990088743,0.0009276038907840106,0.0011093905206351258,0.5116405036845658
2.955e-09,2.63760740672966e-07,1.5484960232785673e-07,0.5125785994253473,0.0013151420581766033,0.0013170404677317065,0.0011729733643549743,1.98063564513099e-06,1.1470165585054812e-06,1.7356976900280632,0.0009261993372633664,0.0009280514691924163,0.0011102242391970065,0.5126145701940348
2.95875e-09,2.64875463662877e-07,1.5549543318852527e-07,0.5135528685986824,0.0013156323059336527,0.0013175325292354837,0.001173117971693465,1.9866316969971902e-06,1.1495216869161498e-06,1.737897969130293,0.0009266497445297553,0.0009284983084272312,0.0011110573986158683,0.5135889444885571
2.9625e-09,2.6599248795034115e-07,1.5614205292956842e-07,0.5145274446353503,0.001316122360197645,0.0013180243930957995,0.0011732622838743093,1.992630837115751e-06,1.1520246722771728e-06,1.740098248259384,0.0009270994227050614,0.0009289444104151343,0.0011118900002033312,0.5145636256904491
2.96625e-09,2.671118105458486e-07,1.5678945865667543e-07,0.5155023266612719,0.0013166122207646394,0.0013185160591123281,0.001173406301588129,1.998633046825209e-06,1.1545255050068536e-06,1.7422985274142904,0.0009275483736791151,0.000929389777075571,0.001112722045264655,0.5155386129250845
2.97e-09,2.6823342845670826e-07,1.5743764747820034e-07,0.5164775138054086,0.0013171018874328655,0.0013190075270869334,0.0011735500255242908,2.0046383075100777e-06,1.1570241756006804e-06,1.744498806593975,0.0009279965993346079,0.0009298344103207698,0.0011135535350986212,0.516513905320881
2.97375e-09,2.693573386874866e-07,1.5808661650532288e-07,0.5174530051997555,0.001317591360002727,0.001319498796823656,0.001173693456370896,2.0106466006706243e-06,1.159520674616038e-06,1.7466990857973994,0.0009284441015471261,0.0009302783120557933,0.0011143844709976213,0.5174895020092902
2.9775e-09,2.7048353823981535e-07,1.5873636285196124e-07,0.518428799979327,0.0013180806382767783,0.0013199898681287014,0.0011738365948147664,2.016657907889343e-06,1.1620149926925954e-06,1.7488993650235285,0.0009288908821851647,0.0009307214841785724,0.0011152148542476722,0.5184654021247842
2.98125e-09,2.7161202411247186e-07,1.5938688363512613e-07,0.5194048972821456,0.0013185697220597147,0.0013204807408104238,0.0011739794415414559,2.0226722107769417e-06,1.164507120523191e-06,1.7510996442713385,0.0009293369431101537,0.0009311639285798931,0.001116044686128545,0.5194416048048444
2.985e-09,2.72742793301591e-07,1.600381759746167e-07,0.5203812962492282,0.0013190586111583582,0.0013209714146793143,0.0011741219972352436,2.0286894909950066e-06,1.1669970489034986e-06,1.7532999235397968,0.0009297822861765642,0.0009316056471434268,0.0011168739679137361,0.5204181091899507
2.98875e-09,2.7387584280046463e-07,1.6069023699307133e-07,0.5213579960245824,0.0013195473053816459,0.0013214618895479886,0.0011742642625791231,2.0347097302606415e-06,1.1694847686872141e-06,1.7555002028278808,0.0009302269132319114,0.0009320466417457797,0.0011177027008704783,0.5213949144235682
2.9925e-09,2.750111695998663e-07,1.613430638163065e-07,0.5223349957551822,0.001320035804540614,0.00132195216523117,0.0011744062382548152,2.040732910369625e-06,1.1719702708317562e-06,1.7577004821345739,0.0009306708261167669,0.0009324869142565245,0.0011185308862597901,0.5223720196521373
2.99625e-09,2.761487706879238e-07,1.6199665357305498e-07,0.5233122945909677,0.0013205241084483876,0.0013224422415456813,0.0011745479249427454,2.0467590131347442e-06,1.1744535463542815e-06,1.7599007614588518,0.0009311140266648009,0.0009329264665382261,0.0011193585253366886,0.5233494240250606
3e-09,2.7728864305013235e-07,1.626510033951616e-07,0.5242898916848268,0.001321012216920169,0.0013229321183104293,0.0011746893233220512,2.052788020404971e-06,1.1769345863010059e-06,1.7621010407997089,0.0009315565167028106,0.0009333653004464927,0.001120185619349982,0.5243271266946925
